0 0
0.01 -0.00160477
0.02 -0.00315252
0.03 -0.00459287
0.04 -0.00587874
0.05 -0.00696781
0.06 -0.00782375
0.07 -0.0084174
0.08 -0.0087241
0.09 -0.00870827
0.1 -0.0083947
0.11 -0.00779193
0.12 -0.00691768
0.13 -0.00579837
0.14 -0.00446845
0.15 -0.00296941
0.16 -0.00134703
0.17 0.000344125
0.18 0.00203996
0.19 0.00368437
0.2 0.00522212
0.21 0.00660058
0.22 0.00777136
0.23 0.00869189
0.24 0.00931563
0.25 0.00960436
0.26 0.00956234
0.27 0.00918516
0.28 0.0084792
0.29 0.00746156
0.3 0.00615981
0.31 0.00461135
0.32 0.00285562
0.33 0.000953887
0.34 -0.00102221
0.35 -0.00300755
0.36 -0.00493514
0.37 -0.00673817
0.38 -0.0083521
0.39 -0.00971678
0.4 -0.0107575
0.41 -0.0114301
0.42 -0.0117145
0.43 -0.0115898
0.44 -0.0110473
0.45 -0.0100919
0.46 -0.00874172
0.47 -0.00702808
0.48 -0.00497613
0.49 -0.00266268
0.5 -0.000164729
0.51 0.00244231
0.52 0.0050775
0.53 0.00765676
0.54 0.0100954
0.55 0.0123108
0.56 0.0141938
0.57 0.0156877
0.58 0.0167397
0.59 0.0173033
0.6 0.0173462
0.61 0.0168509
0.62 0.0158157
0.63 0.0142551
0.64 0.0121564
0.65 0.00961616
0.66 0.00669941
0.67 0.00348002
0.68 4.1033e-05
0.69 -0.00352794
0.7 -0.00713353
0.71 -0.0106807
0.72 -0.0140556
0.73 -0.017181
0.74 -0.0199817
0.75 -0.0223946
0.76 -0.0243701
0.77 -0.0258744
0.78 -0.0268905
0.79 -0.02741
0.8 -0.0274238
0.81 -0.0270105
0.82 -0.0262228
0.83 -0.025126
0.84 -0.0237955
0.85 -0.0223135
0.86 -0.0207656
0.87 -0.0192405
0.88 -0.0178326
0.89 -0.0166104
0.9 -0.0156326
0.91 -0.0149418
0.92 -0.0145627
0.93 -0.0144992
0.94 -0.0147335
0.95 -0.0152331
0.96 -0.0159271
0.97 -0.016711
0.98 -0.0174764
0.99 -0.0180987
1 -0.018441
1.01 -0.0183587
1.02 -0.0177037
1.03 -0.0162837
1.04 -0.0139486
1.05 -0.010613
1.06 -0.00617654
1.07 -0.000564351
1.08 0.00626887
1.09 0.0143349
1.1 0.0236094
1.11 0.034098
1.12 0.0456458
1.13 0.0580628
1.14 0.0711628
1.15 0.0847267
1.16 0.0985063
1.17 0.11223
1.18 0.125609
1.19 0.13827
1.2 0.149915
1.21 0.160266
1.22 0.169047
1.23 0.176004
1.24 0.180915
1.25 0.183596
1.26 0.183908
1.27 0.181537
1.28 0.176643
1.29 0.169287
1.3 0.159556
1.31 0.147592
1.32 0.133589
1.33 0.117788
1.34 0.100473
1.35 0.0818752
1.36 0.0624938
1.37 0.0426941
1.38 0.022848
1.39 0.00332319
1.4 -0.0155262
1.41 -0.0333691
1.42 -0.0498865
1.43 -0.0646764
1.44 -0.0776591
1.45 -0.0886879
1.46 -0.0976732
1.47 -0.104584
1.48 -0.109447
1.49 -0.112348
1.5 -0.113386
1.51 -0.112688
1.52 -0.110632
1.53 -0.107489
1.54 -0.103553
1.55 -0.0991332
1.56 -0.0945406
1.57 -0.0900812
1.58 -0.0860707
1.59 -0.0828227
1.6 -0.0805285
1.61 -0.0793673
1.62 -0.0794705
1.63 -0.0809179
1.64 -0.0837359
1.65 -0.0878967
1.66 -0.0933749
1.67 -0.100023
1.68 -0.107591
1.69 -0.115861
1.7 -0.124587
1.71 -0.133504
1.72 -0.142337
1.73 -0.150814
1.74 -0.15862
1.75 -0.1655
1.76 -0.171275
1.77 -0.175783
1.78 -0.178905
1.79 -0.180572
1.8 -0.180769
1.81 -0.179535
1.82 -0.176877
1.83 -0.17302
1.84 -0.168201
1.85 -0.162659
1.86 -0.156661
1.87 -0.150492
1.88 -0.14445
1.89 -0.13883
1.9 -0.133995
1.91 -0.130177
1.92 -0.127578
1.93 -0.126364
1.94 -0.126646
1.95 -0.128477
1.96 -0.131841
1.97 -0.136654
1.98 -0.142866
1.99 -0.150108
2 -0.158075
2.01 -0.16641
2.02 -0.174714
2.03 -0.182548
2.04 -0.18945
2.05 -0.194931
2.06 -0.198306
2.07 -0.199265
2.08 -0.197391
2.09 -0.192316
2.1 -0.183727
2.11 -0.171387
2.12 -0.155134
2.13 -0.134823
2.14 -0.110233
2.15 -0.0818321
2.16 -0.0498543
2.17 -0.0146255
2.18 0.0234422
2.19 0.0638578
2.2 0.106061
2.21 0.14945
2.22 0.193298
2.23 0.236835
2.24 0.279358
2.25 0.32017
2.26 0.358594
2.27 0.393995
2.28 0.425784
2.29 0.453246
2.3 0.475812
2.31 0.493392
2.32 0.505742
2.33 0.512715
2.34 0.514265
2.35 0.510444
2.36 0.501401
2.37 0.487122
2.38 0.468022
2.39 0.444746
2.4 0.417769
2.41 0.38761
2.42 0.354827
2.43 0.319998
2.44 0.283708
2.45 0.246521
2.46 0.20909
2.47 0.171971
2.48 0.135646
2.49 0.10055
2.5 0.0670607
2.51 0.0354941
2.52 0.00610163
2.53 -0.0207362
2.54 -0.0450272
2.55 -0.0667828
2.56 -0.0860176
2.57 -0.102799
2.58 -0.117238
2.59 -0.129488
2.6 -0.139729
2.61 -0.148023
2.62 -0.154754
2.63 -0.160167
2.64 -0.164486
2.65 -0.167923
2.66 -0.170679
2.67 -0.172934
2.68 -0.174845
2.69 -0.176532
2.7 -0.178126
2.71 -0.179698
2.72 -0.181294
2.73 -0.182933
2.74 -0.184614
2.75 -0.186317
2.76 -0.188004
2.77 -0.189615
2.78 -0.191095
2.79 -0.19238
2.8 -0.193406
2.81 -0.194112
2.82 -0.19444
2.83 -0.194338
2.84 -0.193749
2.85 -0.192608
2.86 -0.190922
2.87 -0.188675
2.88 -0.185851
2.89 -0.182444
2.9 -0.178449
2.91 -0.173864
2.92 -0.168664
2.93 -0.162829
2.94 -0.156391
2.95 -0.14934
2.96 -0.14166
2.97 -0.133335
2.98 -0.124342
2.99 -0.114658
3 -0.104219
3.01 -0.0929957
3.02 -0.0810049
3.03 -0.0682317
3.04 -0.0546699
3.05 -0.0403246
3.06 -0.0252147
3.07 -0.0093749
3.08 0.00717846
3.09 0.0243474
3.1 0.042007
3.11 0.0600393
3.12 0.0783062
3.13 0.0966513
3.14 0.114902
3.15 0.132871
3.16 0.150314
3.17 0.167023
3.18 0.18281
3.19 0.197473
3.2 0.210822
3.21 0.22268
3.22 0.232886
3.23 0.241307
3.24 0.247664
3.25 0.252004
3.26 0.254322
3.27 0.254612
3.28 0.252906
3.29 0.249269
3.3 0.243798
3.31 0.236622
3.32 0.227766
3.33 0.21757
3.34 0.206242
3.35 0.193998
3.36 0.181057
3.37 0.167639
3.38 0.153961
3.39 0.140227
3.4 0.126657
3.41 0.113415
3.42 0.100637
3.43 0.0884316
3.44 0.0768764
3.45 0.0660176
3.46 0.0558699
3.47 0.04643
3.48 0.0376863
3.49 0.0295063
3.5 0.0217934
3.51 0.014435
3.52 0.00730736
3.53 0.000280978
3.54 -0.00677371
3.55 -0.0139894
3.56 -0.0215018
3.57 -0.0293916
3.58 -0.0377303
3.59 -0.0465642
3.6 -0.0559119
3.61 -0.0657627
3.62 -0.0760751
3.63 -0.0867896
3.64 -0.0977925
3.65 -0.108927
3.66 -0.120035
3.67 -0.13094
3.68 -0.141449
3.69 -0.151359
3.7 -0.160464
3.71 -0.168491
3.72 -0.175225
3.73 -0.180531
3.74 -0.184244
3.75 -0.186222
3.76 -0.186349
3.77 -0.18454
3.78 -0.180742
3.79 -0.1748
3.8 -0.166802
3.81 -0.156872
3.82 -0.145097
3.83 -0.131596
3.84 -0.116511
3.85 -0.10001
3.86 -0.0822791
3.87 -0.0634553
3.88 -0.043831
3.89 -0.0236458
3.9 -0.00311608
3.91 0.0175464
3.92 0.0381388
3.93 0.0584707
3.94 0.0783669
3.95 0.0976041
3.96 0.116083
3.97 0.1337
3.98 0.150366
3.99 0.166012
4 0.180591
4.01 0.194075
4.02 0.206452
4.03 0.21762
4.04 0.22771
4.05 0.236752
4.06 0.244783
4.07 0.251846
4.08 0.257984
4.09 0.263242
4.1 0.26765
4.11 0.271191
4.12 0.273971
4.13 0.276015
4.14 0.277344
4.15 0.277971
4.16 0.277903
4.17 0.277144
4.18 0.275673
4.19 0.273446
4.2 0.27051
4.21 0.266854
4.22 0.26247
4.23 0.257351
4.24 0.251494
4.25 0.2449
4.26 0.237547
4.27 0.229431
4.28 0.220617
4.29 0.21113
4.3 0.201003
4.31 0.190273
4.32 0.178985
4.33 0.167187
4.34 0.154913
4.35 0.142228
4.36 0.129217
4.37 0.115943
4.38 0.102469
4.39 0.0888616
4.4 0.0751856
4.41 0.061506
4.42 0.0478948
4.43 0.0344218
4.44 0.0211461
4.45 0.00812847
4.46 -0.00457149
4.47 -0.0168952
4.48 -0.0287849
4.49 -0.0401839
4.5 -0.0509917
4.51 -0.0611715
4.52 -0.0706845
4.53 -0.0794771
4.54 -0.0874972
4.55 -0.0946943
4.56 -0.10102
4.57 -0.106429
4.58 -0.110795
4.59 -0.114144
4.6 -0.116459
4.61 -0.117717
4.62 -0.1179
4.63 -0.116999
4.64 -0.115012
4.65 -0.111947
4.66 -0.107722
4.67 -0.102465
4.68 -0.096221
4.69 -0.0890374
4.7 -0.0809718
4.71 -0.07209
4.72 -0.0624651
4.73 -0.0521726
4.74 -0.0412579
4.75 -0.0298723
4.76 -0.0181093
4.77 -0.00606418
4.78 0.00616745
4.79 0.0184904
4.8 0.0308109
4.81 0.0430339
4.82 0.0550498
4.83 0.0667832
4.84 0.0781533
4.85 0.0890831
4.86 0.099499
4.87 0.10933
4.88 0.11851
4.89 0.126946
4.9 0.134539
4.91 0.141276
4.92 0.147096
4.93 0.151937
4.94 0.155738
4.95 0.158439
4.96 0.159978
4.97 0.160241
4.98 0.159147
4.99 0.156713
5 0.152892
5.01 0.147643
5.02 0.140933
5.03 0.132741
5.04 0.123057
5.05 0.111804
5.06 0.0990218
5.07 0.0848222
5.08 0.0692675
5.09 0.0524403
5.1 0.0344443
5.11 0.0154039
5.12 -0.00453622
5.13 -0.0252493
5.14 -0.0465051
5.15 -0.0680795
5.16 -0.0897607
5.17 -0.111329
5.18 -0.132559
5.19 -0.153226
5.2 -0.173108
5.21 -0.191898
5.22 -0.209433
5.23 -0.225558
5.24 -0.240117
5.25 -0.252977
5.26 -0.264039
5.27 -0.273229
5.28 -0.28051
5.29 -0.285703
5.3 -0.289002
5.31 -0.290496
5.32 -0.290283
5.33 -0.288493
5.34 -0.285278
5.35 -0.280814
5.36 -0.275287
5.37 -0.268841
5.38 -0.261785
5.39 -0.25433
5.4 -0.24668
5.41 -0.239028
5.42 -0.231553
5.43 -0.224415
5.44 -0.217759
5.45 -0.21175
5.46 -0.20642
5.47 -0.201817
5.48 -0.197962
5.49 -0.194844
5.5 -0.192428
5.51 -0.190655
5.52 -0.189456
5.53 -0.188743
5.54 -0.188362
5.55 -0.188193
5.56 -0.18811
5.57 -0.187995
5.58 -0.187731
5.59 -0.187213
5.6 -0.186335
5.61 -0.185006
5.62 -0.183199
5.63 -0.180886
5.64 -0.178063
5.65 -0.174744
5.66 -0.170968
5.67 -0.166788
5.68 -0.162266
5.69 -0.1575
5.7 -0.152605
5.71 -0.147682
5.72 -0.142834
5.73 -0.138163
5.74 -0.13376
5.75 -0.129708
5.76 -0.126104
5.77 -0.122992
5.78 -0.120383
5.79 -0.118283
5.8 -0.116677
5.81 -0.115527
5.82 -0.114778
5.83 -0.114356
5.84 -0.114181
5.85 -0.114126
5.86 -0.114072
5.87 -0.113901
5.88 -0.113497
5.89 -0.112745
5.9 -0.111538
5.91 -0.109783
5.92 -0.107338
5.93 -0.104182
5.94 -0.100284
5.95 -0.0956258
5.96 -0.0902079
5.97 -0.0840519
5.98 -0.0771985
5.99 -0.0697047
6 -0.0615945
6.01 -0.0530123
6.02 -0.0440507
6.03 -0.0348027
6.04 -0.025359
6.05 -0.0158044
6.06 -0.00621384
6.07 0.00335082
6.08 0.012836
6.09 0.0222242
6.1 0.0315157
6.11 0.0407322
6.12 0.049917
6.13 0.0591334
6.14 0.0684631
6.15 0.0780098
6.16 0.0879155
6.17 0.0982794
6.18 0.109221
6.19 0.120855
6.2 0.133289
6.21 0.146616
6.22 0.160907
6.23 0.176246
6.24 0.192691
6.25 0.210151
6.26 0.228574
6.27 0.247869
6.28 0.26791
6.29 0.288536
6.3 0.309549
6.31 0.330719
6.32 0.351754
6.33 0.372365
6.34 0.392256
6.35 0.411123
6.36 0.428657
6.37 0.444557
6.38 0.458533
6.39 0.470174
6.4 0.47923
6.41 0.485593
6.42 0.489094
6.43 0.489603
6.44 0.487037
6.45 0.481359
6.46 0.472576
6.47 0.460548
6.48 0.4455
6.49 0.427691
6.5 0.407316
6.51 0.384604
6.52 0.359814
6.53 0.333229
6.54 0.305149
6.55 0.275816
6.56 0.24565
6.57 0.214988
6.58 0.184135
6.59 0.153385
6.6 0.12301
6.61 0.0932639
6.62 0.0643732
6.63 0.0366521
6.64 0.010197
6.65 -0.0148649
6.66 -0.0384244
6.67 -0.0603986
6.68 -0.0807293
6.69 -0.0993804
6.7 -0.116331
6.71 -0.131419
6.72 -0.144828
6.73 -0.156583
6.74 -0.166715
6.75 -0.17526
6.76 -0.182253
6.77 -0.187731
6.78 -0.191709
6.79 -0.194118
6.8 -0.195115
6.81 -0.194729
6.82 -0.192988
6.83 -0.189919
6.84 -0.185551
6.85 -0.17992
6.86 -0.173035
6.87 -0.164894
6.88 -0.155648
6.89 -0.145371
6.9 -0.134148
6.91 -0.12208
6.92 -0.109279
6.93 -0.0958745
6.94 -0.0819945
6.95 -0.0678049
6.96 -0.0534973
6.97 -0.0392421
6.98 -0.0252134
6.99 -0.0115849
7 0.00147247
7.01 0.0137952
7.02 0.0251781
7.03 0.035465
7.04 0.0445855
7.05 0.0524439
7.06 0.0589679
7.07 0.06411
7.08 0.0678487
7.09 0.0701892
7.1 0.0710811
7.11 0.0706229
7.12 0.0689531
7.13 0.0661769
7.14 0.0624175
7.15 0.0578115
7.16 0.052506
7.17 0.0466545
7.18 0.0403953
7.19 0.0339168
7.2 0.0273754
7.21 0.0209069
7.22 0.0146345
7.23 0.00866549
7.24 0.0030898
7.25 -0.00202142
7.26 -0.00656924
7.27 -0.0105581
7.28 -0.0139867
7.29 -0.0168632
7.3 -0.0192105
7.31 -0.0210643
7.32 -0.0224703
7.33 -0.0234815
7.34 -0.0241273
7.35 -0.0245025
7.36 -0.0246632
7.37 -0.0246595
7.38 -0.0245339
7.39 -0.0243201
7.4 -0.0240414
7.41 -0.0237099
7.42 -0.0233215
7.43 -0.0228693
7.44 -0.0223324
7.45 -0.0216826
7.46 -0.0208861
7.47 -0.0199061
7.48 -0.0187055
7.49 -0.0172435
7.5 -0.0154707
7.51 -0.0133883
7.52 -0.0109875
7.53 -0.00827175
7.54 -0.00525882
7.55 -0.00198144
7.56 0.00151227
7.57 0.00516137
7.58 0.00887985
7.59 0.0125649
7.6 0.0161138
7.61 0.0194166
7.62 0.0223595
7.63 0.0248285
7.64 0.0267131
7.65 0.027875
7.66 0.0282024
7.67 0.0276622
7.68 0.0262003
7.69 0.0237847
7.7 0.0204073
7.71 0.0160856
7.72 0.0108638
7.73 0.00477122
7.74 -0.00206936
7.75 -0.00949447
7.76 -0.0173558
7.77 -0.0254866
7.78 -0.0337055
7.79 -0.0418207
7.8 -0.0496345
7.81 -0.0569003
7.82 -0.0634199
7.83 -0.0690282
7.84 -0.073558
7.85 -0.0768621
7.86 -0.0788166
7.87 -0.0793247
7.88 -0.0783191
7.89 -0.0756398
7.9 -0.0713819
7.91 -0.0656166
7.92 -0.0584157
7.93 -0.0498819
7.94 -0.0401465
7.95 -0.029367
7.96 -0.0177232
7.97 -0.00537158
7.98 0.00739886
7.99 0.0203594
8 0.0332836
8.01 0.0459469
8.02 0.0581303
8.03 0.0696253
8.04 0.0802345
8.05 0.0896643
8.06 0.0978546
8.07 0.104679
8.08 0.110036
8.09 0.113851
8.1 0.116074
8.11 0.116685
8.12 0.115663
8.13 0.112929
8.14 0.108678
8.15 0.102987
8.16 0.0959501
8.17 0.0876777
8.18 0.0782931
8.19 0.0679304
8.2 0.0567136
8.21 0.0447764
8.22 0.032332
8.23 0.0195343
8.24 0.00653728
8.25 -0.00650697
8.26 -0.0194491
8.27 -0.0321435
8.28 -0.0444287
8.29 -0.0561403
8.3 -0.0671759
8.31 -0.0774141
8.32 -0.0867411
8.33 -0.0950507
8.34 -0.102245
8.35 -0.108236
8.36 -0.112876
8.37 -0.116092
8.38 -0.117896
8.39 -0.11825
8.4 -0.117131
8.41 -0.114531
8.42 -0.110462
8.43 -0.104951
8.44 -0.0979635
8.45 -0.0896127
8.46 -0.0800454
8.47 -0.069376
8.48 -0.0577387
8.49 -0.0452871
8.5 -0.0321929
8.51 -0.0186438
8.52 -0.00483938
8.53 0.00897016
8.54 0.0225558
8.55 0.0356909
8.56 0.0481489
8.57 0.0597072
8.58 0.0701516
8.59 0.0792801
8.6 0.0867622
8.61 0.0925286
8.62 0.096466
8.63 0.0984668
8.64 0.0984534
8.65 0.0963801
8.66 0.0922343
8.67 0.0860368
8.68 0.0776539
8.69 0.0673769
8.7 0.0553362
8.71 0.0416843
8.72 0.0265986
8.73 0.0102771
8.74 -0.00706517
8.75 -0.0252058
8.76 -0.0439301
8.77 -0.0629308
8.78 -0.0819731
8.79 -0.10083
8.8 -0.119285
8.81 -0.13714
8.82 -0.154214
8.83 -0.170325
8.84 -0.185265
8.85 -0.199009
8.86 -0.211482
8.87 -0.222636
8.88 -0.232451
8.89 -0.24093
8.9 -0.248099
8.91 -0.253967
8.92 -0.258569
8.93 -0.262073
8.94 -0.264574
8.95 -0.266176
8.96 -0.266985
8.97 -0.267107
8.98 -0.266649
8.99 -0.265693
9 -0.264338
9.01 -0.26269
9.02 -0.260819
9.03 -0.258779
9.04 -0.256612
9.05 -0.254349
9.06 -0.252003
9.07 -0.249572
9.08 -0.247046
9.09 -0.244407
9.1 -0.241624
9.11 -0.23866
9.12 -0.235472
9.13 -0.232015
9.14 -0.22824
9.15 -0.224072
9.16 -0.219471
9.17 -0.214407
9.18 -0.208838
9.19 -0.20273
9.2 -0.196052
9.21 -0.188778
9.22 -0.180888
9.23 -0.172316
9.24 -0.163091
9.25 -0.153221
9.26 -0.14271
9.27 -0.131561
9.28 -0.119786
9.29 -0.107397
9.3 -0.0944113
9.31 -0.0807994
9.32 -0.0666369
9.33 -0.051958
9.34 -0.0367963
9.35 -0.0211901
9.36 -0.00518269
9.37 0.0111773
9.38 0.027836
9.39 0.044748
9.4 0.0618163
9.41 0.0789652
9.42 0.0961129
9.43 0.113171
9.44 0.130046
9.45 0.14664
9.46 0.162843
9.47 0.178505
9.48 0.193556
9.49 0.207893
9.5 0.221416
9.51 0.234032
9.52 0.245656
9.53 0.256212
9.54 0.265603
9.55 0.273722
9.56 0.280621
9.57 0.286289
9.58 0.290729
9.59 0.293965
9.6 0.296039
9.61 0.297008
9.62 0.296914
9.63 0.29584
9.64 0.293957
9.65 0.291384
9.66 0.288245
9.67 0.284673
9.68 0.280799
9.69 0.276752
9.7 0.272663
9.71 0.26866
9.72 0.264846
9.73 0.261306
9.74 0.258109
9.75 0.255302
9.76 0.252912
9.77 0.250945
9.78 0.249409
9.79 0.248246
9.8 0.247379
9.81 0.246727
9.82 0.246192
9.83 0.245665
9.84 0.245026
9.85 0.244149
9.86 0.242869
9.87 0.241063
9.88 0.238621
9.89 0.235434
9.9 0.231406
9.91 0.226456
9.92 0.220525
9.93 0.213571
9.94 0.20549
9.95 0.196368
9.96 0.186256
9.97 0.175216
9.98 0.163328
9.99 0.150697
10 0.137443
10.01 0.123703
10.02 0.109607
10.03 0.0953593
10.04 0.0811243
10.05 0.0670651
10.06 0.0533419
10.07 0.0401077
10.08 0.0275058
10.09 0.0156747
10.1 0.00481067
10.11 -0.00506619
10.12 -0.0138839
10.13 -0.021591
10.14 -0.0281571
10.15 -0.0335725
10.16 -0.0378474
10.17 -0.040988
10.18 -0.042986
10.19 -0.0439942
10.2 -0.0440896
10.21 -0.0433586
10.22 -0.0418945
10.23 -0.0397948
10.24 -0.0371584
10.25 -0.0340717
10.26 -0.0306285
10.27 -0.0269447
10.28 -0.0230995
10.29 -0.019163
10.3 -0.0151952
10.31 -0.0112453
10.32 -0.00735121
10.33 -0.00354473
10.34 0.000155796
10.35 0.00375079
10.36 0.00724442
10.37 0.0106482
10.38 0.0139797
10.39 0.0172609
10.4 0.0205172
10.41 0.0237771
10.42 0.0270712
10.43 0.0304252
10.44 0.0338623
10.45 0.0374026
10.46 0.041062
10.47 0.0448519
10.48 0.0487787
10.49 0.0528526
10.5 0.057063
10.51 0.0613948
10.52 0.0658326
10.53 0.0703563
10.54 0.0749414
10.55 0.07956
10.56 0.0841803
10.57 0.0887619
10.58 0.0932652
10.59 0.0976505
10.6 0.101875
10.61 0.105895
10.62 0.109663
10.63 0.113132
10.64 0.11625
10.65 0.118925
10.66 0.121131
10.67 0.122818
10.68 0.123928
10.69 0.124404
10.7 0.124188
10.71 0.123223
10.72 0.121446
10.73 0.118717
10.74 0.115062
10.75 0.110432
10.76 0.104782
10.77 0.098073
10.78 0.0902743
10.79 0.0813627
10.8 0.0713067
10.81 0.0600264
10.82 0.0476299
10.83 0.0341416
10.84 0.0195994
10.85 0.00405447
10.86 -0.0124286
10.87 -0.0297718
10.88 -0.047903
10.89 -0.0667363
10.9 -0.0861007
10.91 -0.105871
10.92 -0.125917
10.93 -0.146099
10.94 -0.166279
10.95 -0.186313
10.96 -0.206044
10.97 -0.225308
10.98 -0.243993
10.99 -0.261976
11 -0.279142
11.01 -0.29539
11.02 -0.31063
11.03 -0.324783
11.04 -0.337725
11.05 -0.349405
11.06 -0.359848
11.07 -0.369037
11.08 -0.376967
11.09 -0.383646
11.1 -0.389091
11.11 -0.393331
11.12 -0.396328
11.13 -0.398162
11.14 -0.398923
11.15 -0.398662
11.16 -0.397428
11.17 -0.395275
11.18 -0.39225
11.19 -0.388402
11.2 -0.383718
11.21 -0.378283
11.22 -0.372152
11.23 -0.365357
11.24 -0.357927
11.25 -0.349886
11.26 -0.341258
11.27 -0.332064
11.28 -0.322278
11.29 -0.311961
11.3 -0.301143
11.31 -0.289846
11.32 -0.278094
11.33 -0.265916
11.34 -0.253341
11.35 -0.240405
11.36 -0.227116
11.37 -0.213549
11.38 -0.19975
11.39 -0.185763
11.4 -0.171635
11.41 -0.157411
11.42 -0.143137
11.43 -0.128858
11.44 -0.11462
11.45 -0.100459
11.46 -0.086407
11.47 -0.0724881
11.48 -0.0587223
11.49 -0.0451229
11.5 -0.031697
11.51 -0.0184496
11.52 -0.00538523
11.53 0.00752002
11.54 0.0202796
11.55 0.0329091
11.56 0.0454255
11.57 0.0578451
11.58 0.0701823
11.59 0.0824464
11.6 0.094642
11.61 0.106773
11.62 0.118831
11.63 0.130799
11.64 0.142655
11.65 0.154363
11.66 0.165883
11.67 0.17715
11.68 0.188095
11.69 0.198667
11.7 0.208796
11.71 0.218408
11.72 0.227429
11.73 0.235786
11.74 0.243408
11.75 0.250177
11.76 0.25604
11.77 0.260983
11.78 0.264965
11.79 0.267961
11.8 0.269954
11.81 0.270943
11.82 0.270938
11.83 0.269898
11.84 0.267902
11.85 0.265031
11.86 0.261343
11.87 0.256905
11.88 0.251791
11.89 0.246076
11.9 0.239839
11.91 0.233125
11.92 0.226044
11.93 0.218671
11.94 0.211064
11.95 0.203272
11.96 0.195335
11.97 0.187279
11.98 0.17912
11.99 0.170849
12 0.162465
12.01 0.153944
12.02 0.145254
12.03 0.136354
12.04 0.1272
12.05 0.11774
12.06 0.107921
12.07 0.0976509
12.08 0.0869185
12.09 0.075685
12.1 0.0639199
12.11 0.0516034
12.12 0.0387282
12.13 0.0253006
12.14 0.0113333
12.15 -0.0031657
12.16 -0.0180969
12.17 -0.0333909
12.18 -0.0489648
12.19 -0.0647233
12.2 -0.0805607
12.21 -0.0963626
12.22 -0.112
12.23 -0.127322
12.24 -0.142213
12.25 -0.156551
12.26 -0.170215
12.27 -0.183091
12.28 -0.195075
12.29 -0.206071
12.3 -0.215951
12.31 -0.224612
12.32 -0.232066
12.33 -0.238275
12.34 -0.243212
12.35 -0.246864
12.36 -0.24923
12.37 -0.25032
12.38 -0.250092
12.39 -0.248583
12.4 -0.245891
12.41 -0.24206
12.42 -0.237134
12.43 -0.231161
12.44 -0.224189
12.45 -0.216266
12.46 -0.207382
12.47 -0.197612
12.48 -0.187032
12.49 -0.175682
12.5 -0.1636
12.51 -0.150824
12.52 -0.137392
12.53 -0.123342
12.54 -0.108676
12.55 -0.0934703
12.56 -0.0777904
12.57 -0.0616912
12.58 -0.0452345
12.59 -0.0284895
12.6 -0.0115329
12.61 0.00555062
12.62 0.0226629
12.63 0.0396913
12.64 0.0565281
12.65 0.0730616
12.66 0.0891765
12.67 0.104756
12.68 0.119685
12.69 0.133849
12.7 0.147043
12.71 0.159246
12.72 0.170369
12.73 0.180336
12.74 0.189084
12.75 0.196565
12.76 0.20275
12.77 0.20761
12.78 0.211049
12.79 0.213211
12.8 0.214141
12.81 0.213899
12.82 0.21256
12.83 0.210211
12.84 0.206951
12.85 0.202871
12.86 0.198061
12.87 0.192699
12.88 0.186901
12.89 0.180781
12.9 0.17445
12.91 0.168008
12.92 0.161547
12.93 0.155154
12.94 0.148908
12.95 0.142855
12.96 0.137034
12.97 0.131468
12.98 0.126169
12.99 0.121134
13 0.11635
13.01 0.111802
13.02 0.107454
13.03 0.103256
13.04 0.099163
13.05 0.0951301
13.06 0.0911118
13.07 0.0870646
13.08 0.0829485
13.09 0.0787205
13.1 0.0743505
13.11 0.0698233
13.12 0.0651264
13.13 0.0602557
13.14 0.0552144
13.15 0.0500134
13.16 0.0446704
13.17 0.0392026
13.18 0.0336471
13.19 0.0280402
13.2 0.0224171
13.21 0.0168139
13.22 0.0112667
13.23 0.00581069
13.24 0.000478864
13.25 -0.00468304
13.26 -0.00965496
13.27 -0.0144162
13.28 -0.018946
13.29 -0.0232267
13.3 -0.0272423
13.31 -0.0309787
13.32 -0.0344222
13.33 -0.0375283
13.34 -0.0403068
13.35 -0.0427416
13.36 -0.0448108
13.37 -0.0464886
13.38 -0.0477447
13.39 -0.0485436
13.4 -0.0488423
13.41 -0.0485415
13.42 -0.0476398
13.43 -0.0460847
13.44 -0.0438219
13.45 -0.0407972
13.46 -0.0369581
13.47 -0.0322557
13.48 -0.0266309
13.49 -0.0199823
13.5 -0.0123643
13.51 -0.00376704
13.52 0.00580527
13.53 0.0163324
13.54 0.0277773
13.55 0.0400848
13.56 0.0532016
13.57 0.067053
13.58 0.0814689
13.59 0.0963192
13.6 0.111459
13.61 0.126729
13.62 0.141962
13.63 0.156982
13.64 0.171583
13.65 0.185547
13.66 0.198721
13.67 0.210932
13.68 0.222014
13.69 0.231816
13.7 0.240203
13.71 0.247056
13.72 0.252186
13.73 0.255517
13.74 0.257081
13.75 0.256854
13.76 0.254835
13.77 0.251049
13.78 0.245539
13.79 0.238373
13.8 0.229539
13.81 0.219198
13.82 0.207525
13.83 0.194648
13.84 0.180705
13.85 0.165836
13.86 0.150184
13.87 0.133892
13.88 0.11707
13.89 0.0998921
13.9 0.0824938
13.91 0.0649905
13.92 0.0474871
13.93 0.030078
13.94 0.0128465
13.95 -0.00413486
13.96 -0.0207712
13.97 -0.0370301
13.98 -0.0528728
13.99 -0.0682639
14 -0.0831731
14.01 -0.0975744
14.02 -0.111444
14.03 -0.124761
14.04 -0.137444
14.05 -0.149524
14.06 -0.16098
14.07 -0.171784
14.08 -0.18191
14.09 -0.191328
14.1 -0.200006
14.11 -0.207905
14.12 -0.214928
14.13 -0.221114
14.14 -0.226438
14.15 -0.230878
14.16 -0.23442
14.17 -0.237053
14.18 -0.238777
14.19 -0.23958
14.2 -0.239436
14.21 -0.238445
14.22 -0.23665
14.23 -0.234103
14.24 -0.230866
14.25 -0.227011
14.26 -0.222617
14.27 -0.217757
14.28 -0.212525
14.29 -0.207044
14.3 -0.201411
14.31 -0.19572
14.32 -0.190064
14.33 -0.18453
14.34 -0.179199
14.35 -0.174159
14.36 -0.169482
14.37 -0.165203
14.38 -0.161357
14.39 -0.15797
14.4 -0.155057
14.41 -0.152616
14.42 -0.150639
14.43 -0.149129
14.44 -0.148043
14.45 -0.147323
14.46 -0.146922
14.47 -0.14679
14.48 -0.146873
14.49 -0.147115
14.5 -0.147463
14.51 -0.147862
14.52 -0.148255
14.53 -0.148595
14.54 -0.148841
14.55 -0.148959
14.56 -0.148918
14.57 -0.148695
14.58 -0.148271
14.59 -0.147614
14.6 -0.146728
14.61 -0.14561
14.62 -0.14426
14.63 -0.142674
14.64 -0.140852
14.65 -0.138794
14.66 -0.136496
14.67 -0.133933
14.68 -0.13112
14.69 -0.12805
14.7 -0.124714
14.71 -0.121101
14.72 -0.1172
14.73 -0.112998
14.74 -0.108483
14.75 -0.103616
14.76 -0.0984226
14.77 -0.0929029
14.78 -0.0870629
14.79 -0.0809158
14.8 -0.0744828
14.81 -0.067794
14.82 -0.0608861
14.83 -0.0538038
14.84 -0.0466258
14.85 -0.0394221
14.86 -0.0322709
14.87 -0.0252573
14.88 -0.0184718
14.89 -0.0120084
14.9 -0.00597783
14.91 -0.000507517
14.92 0.0043435
14.93 0.00849169
14.94 0.0118626
14.95 0.0143932
14.96 0.0160341
14.97 0.0167518
14.98 0.0164911
14.99 0.0152402
15 0.0130825
15.01 0.0100651
15.02 0.00625484
15.03 0.00173793
15.04 -0.00338169
15.05 -0.00898377
15.06 -0.0149444
15.07 -0.0210947
15.08 -0.0272626
15.09 -0.0332872
15.1 -0.0390061
15.11 -0.0442593
15.12 -0.048892
15.13 -0.0527583
15.14 -0.0556575
15.15 -0.0574851
15.16 -0.058177
15.17 -0.0576562
15.18 -0.0558672
15.19 -0.0527771
15.2 -0.0483758
15.21 -0.0426764
15.22 -0.0356214
15.23 -0.0273446
15.24 -0.0179576
15.25 -0.00755931
15.26 0.00373617
15.27 0.0158024
15.28 0.0285034
15.29 0.0416961
15.3 0.0552515
15.31 0.0689815
15.32 0.0827375
15.33 0.0963797
15.34 0.109776
15.35 0.122803
15.36 0.135348
15.37 0.147312
15.38 0.15853
15.39 0.168993
15.4 0.178642
15.41 0.187432
15.42 0.195329
15.43 0.20231
15.44 0.208362
15.45 0.213469
15.46 0.217563
15.47 0.220735
15.48 0.222999
15.49 0.224369
15.5 0.224861
15.51 0.224492
15.52 0.223277
15.53 0.221211
15.54 0.218265
15.55 0.214516
15.56 0.209974
15.57 0.204649
15.58 0.198553
15.59 0.191699
15.6 0.184099
15.61 0.175749
15.62 0.166653
15.63 0.156889
15.64 0.146493
15.65 0.135513
15.66 0.124
15.67 0.112019
15.68 0.0996414
15.69 0.0869395
15.7 0.0740164
15.71 0.0609901
15.72 0.04797
15.73 0.0350717
15.74 0.0224162
15.75 0.0101278
15.76 -0.00166757
15.77 -0.0127991
15.78 -0.0231387
15.79 -0.0325938
15.8 -0.0410519
15.81 -0.048409
15.82 -0.0545704
15.83 -0.0594535
15.84 -0.0629881
15.85 -0.0650148
15.86 -0.065549
15.87 -0.0646115
15.88 -0.0621968
15.89 -0.058316
15.9 -0.0529962
15.91 -0.0462799
15.92 -0.0382251
15.93 -0.0288051
15.94 -0.018199
15.95 -0.00652901
15.96 0.00609436
15.97 0.0195517
15.98 0.033716
15.99 0.048454
16 0.0636278
16.01 0.0791105
16.02 0.0947201
16.03 0.110311
16.04 0.125742
16.05 0.140872
16.06 0.155565
16.07 0.169688
16.08 0.18311
16.09 0.195626
16.1 0.207191
16.11 0.217703
16.12 0.227067
16.13 0.235197
16.14 0.242017
16.15 0.247461
16.16 0.251449
16.17 0.253837
16.18 0.254715
16.19 0.254068
16.2 0.251889
16.21 0.248186
16.22 0.242979
16.23 0.236299
16.24 0.228151
16.25 0.218542
16.26 0.207643
16.27 0.195535
16.28 0.182311
16.29 0.16807
16.3 0.152922
16.31 0.136984
16.32 0.120356
16.33 0.103173
16.34 0.0856078
16.35 0.0677931
16.36 0.0498637
16.37 0.0319533
16.38 0.0141928
16.39 -0.00329061
16.4 -0.0203471
16.41 -0.0368494
16.42 -0.0527117
16.43 -0.0678376
16.44 -0.0821404
16.45 -0.0955441
16.46 -0.107984
16.47 -0.119406
16.48 -0.129698
16.49 -0.13886
16.5 -0.146914
16.51 -0.153855
16.52 -0.159691
16.53 -0.164438
16.54 -0.16812
16.55 -0.170773
16.56 -0.172366
16.57 -0.173005
16.58 -0.17277
16.59 -0.171719
16.6 -0.169915
16.61 -0.167422
16.62 -0.164307
16.63 -0.160635
16.64 -0.156435
16.65 -0.151815
16.66 -0.146842
16.67 -0.141575
16.68 -0.136071
16.69 -0.130381
16.7 -0.124554
16.71 -0.118633
16.72 -0.112656
16.73 -0.106665
16.74 -0.100691
16.75 -0.094756
16.76 -0.0888825
16.77 -0.0830864
16.78 -0.0773803
16.79 -0.0717747
16.8 -0.0662841
16.81 -0.0609025
16.82 -0.0556306
16.83 -0.0504675
16.84 -0.0454114
16.85 -0.04046
16.86 -0.035611
16.87 -0.0308651
16.88 -0.0262273
16.89 -0.0216913
16.9 -0.0172611
16.91 -0.0129433
16.92 -0.0087475
16.93 -0.0046865
16.94 -0.000776694
16.95 0.00295489
16.96 0.00647577
16.97 0.00976957
16.98 0.0128056
16.99 0.0155503
17 0.0179684
17.01 0.0200226
17.02 0.0216754
17.03 0.0228659
17.04 0.0235502
17.05 0.0237179
17.06 0.0233378
17.07 0.0223831
17.08 0.020832
17.09 0.0186687
17.1 0.0158843
17.11 0.0124404
17.12 0.00835757
17.13 0.00367894
17.14 -0.00156915
17.15 -0.00735148
17.16 -0.0136241
17.17 -0.0203346
17.18 -0.027423
17.19 -0.0348391
17.2 -0.0424869
17.21 -0.0502784
17.22 -0.0581305
17.23 -0.0659581
17.24 -0.0736754
17.25 -0.081197
17.26 -0.0884396
17.27 -0.0952866
17.28 -0.10168
17.29 -0.107558
17.3 -0.11286
17.31 -0.117533
17.32 -0.121531
17.33 -0.12482
17.34 -0.127371
17.35 -0.129093
17.36 -0.130046
17.37 -0.130234
17.38 -0.129665
17.39 -0.128353
17.4 -0.126318
17.41 -0.123584
17.42 -0.120177
17.43 -0.116073
17.44 -0.111368
17.45 -0.106096
17.46 -0.10029
17.47 -0.0939817
17.48 -0.0872033
17.49 -0.0799843
17.5 -0.0723461
17.51 -0.0642944
17.52 -0.055889
17.53 -0.047156
17.54 -0.0381219
17.55 -0.0288146
17.56 -0.0192641
17.57 -0.00950332
17.58 0.000434516
17.59 0.0105072
17.6 0.0206541
17.61 0.0308203
17.62 0.0409444
17.63 0.0509581
17.64 0.060787
17.65 0.0703503
17.66 0.079543
17.67 0.0882548
17.68 0.0964128
17.69 0.103921
17.7 0.110684
17.71 0.116609
17.72 0.121607
17.73 0.125594
17.74 0.128433
17.75 0.13006
17.76 0.130478
17.77 0.12965
17.78 0.127557
17.79 0.124195
17.8 0.119577
17.81 0.113734
17.82 0.106639
17.83 0.0984054
17.84 0.0891584
17.85 0.0789971
17.86 0.0680333
17.87 0.0563897
17.88 0.0441974
17.89 0.0315938
17.9 0.0187103
17.91 0.00571881
17.92 -0.00723529
17.93 -0.0200171
17.94 -0.0324988
17.95 -0.0445619
17.96 -0.0560986
17.97 -0.0670138
17.98 -0.0771563
17.99 -0.0865107
18 -0.0950359
18.01 -0.102698
18.02 -0.109475
18.03 -0.115362
18.04 -0.120361
18.05 -0.124489
18.06 -0.127687
18.07 -0.130074
18.08 -0.131689
18.09 -0.132571
18.1 -0.132762
18.11 -0.132301
18.12 -0.131228
18.13 -0.129573
18.14 -0.127328
18.15 -0.124573
18.16 -0.121328
18.17 -0.117615
18.18 -0.113447
18.19 -0.108838
18.2 -0.1038
18.21 -0.0983344
18.22 -0.0924364
18.23 -0.0861555
18.24 -0.0795152
18.25 -0.0725456
18.26 -0.0652851
18.27 -0.0577812
18.28 -0.0500918
18.29 -0.0422838
18.3 -0.0344467
18.31 -0.0266788
18.32 -0.0190813
18.33 -0.0117628
18.34 -0.00483841
18.35 0.00157315
18.36 0.00735141
18.37 0.0123347
18.38 0.0163901
18.39 0.0194525
18.4 0.0214279
18.41 0.0222365
18.42 0.0218155
18.43 0.0201215
18.44 0.017133
18.45 0.0127753
18.46 0.00710784
18.47 0.000241545
18.48 -0.0077399
18.49 -0.0167282
18.5 -0.0265917
18.51 -0.0371776
18.52 -0.048314
18.53 -0.0598248
18.54 -0.07147
18.55 -0.0830297
18.56 -0.0942907
18.57 -0.10504
18.58 -0.115071
18.59 -0.124186
18.6 -0.132198
18.61 -0.138821
18.62 -0.143982
18.63 -0.147584
18.64 -0.149534
18.65 -0.149767
18.66 -0.148245
18.67 -0.144959
18.68 -0.139927
18.69 -0.133038
18.7 -0.124528
18.71 -0.114502
18.72 -0.103076
18.73 -0.0903854
18.74 -0.0765736
18.75 -0.0617954
18.76 -0.046206
18.77 -0.0299275
18.78 -0.0131921
18.79 0.00384712
18.8 0.0210452
18.81 0.0382681
18.82 0.055394
18.83 0.0723149
18.84 0.0889302
18.85 0.105131
18.86 0.120882
18.87 0.136137
18.88 0.150862
18.89 0.165033
18.9 0.178637
18.91 0.191665
18.92 0.204097
18.93 0.21591
18.94 0.227143
18.95 0.237793
18.96 0.247854
18.97 0.257312
18.98 0.266148
18.99 0.274336
19 0.281811
19.01 0.288512
19.02 0.294431
19.03 0.299512
19.04 0.303694
19.05 0.306917
19.06 0.309117
19.07 0.310234
19.08 0.310146
19.09 0.308805
19.1 0.306225
19.11 0.302377
19.12 0.297245
19.13 0.290825
19.14 0.283132
19.15 0.274193
19.16 0.263978
19.17 0.252596
19.18 0.240169
19.19 0.226791
19.2 0.212569
19.21 0.197622
19.22 0.182077
19.23 0.166068
19.24 0.149719
19.25 0.133204
19.26 0.116668
19.27 0.100247
19.28 0.0840702
19.29 0.0682593
19.3 0.0529263
19.31 0.0381721
19.32 0.0241533
19.33 0.0108974
19.34 -0.00154291
19.35 -0.0131207
19.36 -0.0238015
19.37 -0.0335625
19.38 -0.0423917
19.39 -0.0502851
19.4 -0.0571578
19.41 -0.0631163
19.42 -0.0681783
19.43 -0.0723649
19.44 -0.0756984
19.45 -0.0782023
19.46 -0.0798991
19.47 -0.0808001
19.48 -0.0808701
19.49 -0.0801951
19.5 -0.0787907
19.51 -0.0766712
19.52 -0.0738498
19.53 -0.0703403
19.54 -0.0661572
19.55 -0.0613015
19.56 -0.0557644
19.57 -0.0496218
19.58 -0.0429063
19.59 -0.0356576
19.6 -0.0279231
19.61 -0.0197589
19.62 -0.0112297
19.63 -0.00240114
19.64 0.00663893
19.65 0.0157812
19.66 0.0249278
19.67 0.0339757
19.68 0.0428187
19.69 0.0513488
19.7 0.0594584
19.71 0.0670117
19.72 0.0738942
19.73 0.0800433
19.74 0.0853779
19.75 0.0898288
19.76 0.0933402
19.77 0.0958712
19.78 0.0973965
19.79 0.0978465
19.8 0.0972544
19.81 0.0956904
19.82 0.0932002
19.83 0.0898444
19.84 0.085697
19.85 0.0808442
19.86 0.0753816
19.87 0.0693836
19.88 0.0629937
19.89 0.0563364
19.9 0.0495214
19.91 0.0426549
19.92 0.0358371
19.93 0.0291602
19.94 0.0227063
19.95 0.0165758
19.96 0.0108094
19.97 0.00544225
19.98 0.000500157
19.99 -0.00400555
20 -0.00807739
20.01 -0.011731
20.02 -0.014994
20.03 -0.017875
20.04 -0.020459
20.05 -0.0228029
20.06 -0.0249668
20.07 -0.0270129
20.08 -0.0290041
20.09 -0.0310019
20.1 -0.0330657
20.11 -0.0352646
20.12 -0.0376376
20.13 -0.040224
20.14 -0.0430549
20.15 -0.0461537
20.16 -0.0495359
20.17 -0.0532092
20.18 -0.0571797
20.19 -0.0614585
20.2 -0.0660097
20.21 -0.0708177
20.22 -0.0758645
20.23 -0.0811306
20.24 -0.0865969
20.25 -0.0922451
20.26 -0.098064
20.27 -0.104045
20.28 -0.110169
20.29 -0.116429
20.3 -0.122826
20.31 -0.129362
20.32 -0.136042
20.33 -0.142872
20.34 -0.14987
20.35 -0.157046
20.36 -0.164397
20.37 -0.171926
20.38 -0.179631
20.39 -0.187502
20.4 -0.195525
20.41 -0.203675
20.42 -0.211922
20.43 -0.220212
20.44 -0.228486
20.45 -0.236678
20.46 -0.244709
20.47 -0.252497
20.48 -0.259948
20.49 -0.266964
20.5 -0.273397
20.51 -0.27915
20.52 -0.284135
20.53 -0.288252
20.54 -0.291404
20.55 -0.293505
20.56 -0.294476
20.57 -0.294252
20.58 -0.292682
20.59 -0.289801
20.6 -0.285623
20.61 -0.280155
20.62 -0.273419
20.63 -0.265459
20.64 -0.256335
20.65 -0.246125
20.66 -0.234841
20.67 -0.222685
20.68 -0.209787
20.69 -0.196277
20.7 -0.182294
20.71 -0.167977
20.72 -0.153468
20.73 -0.138907
20.74 -0.124448
20.75 -0.110221
20.76 -0.0963418
20.77 -0.0829141
20.78 -0.0700292
20.79 -0.0577639
20.8 -0.0461801
20.81 -0.0353347
20.82 -0.0253169
20.83 -0.0160751
20.84 -0.00760868
20.85 9.55564e-05
20.86 0.00706183
20.87 0.0133237
20.88 0.0189223
20.89 0.0238899
20.9 0.0282555
20.91 0.0321177
20.92 0.0355293
20.93 0.0385413
20.94 0.0412017
20.95 0.0435547
20.96 0.0456397
20.97 0.0474835
20.98 0.0491128
20.99 0.0505647
21 0.0518573
21.01 0.0530047
21.02 0.0540179
21.03 0.054906
21.04 0.0556771
21.05 0.0563346
21.06 0.0568897
21.07 0.0573609
21.08 0.0577645
21.09 0.0581216
21.1 0.0584576
21.11 0.0588035
21.12 0.0591951
21.13 0.0596812
21.14 0.0603113
21.15 0.0611309
21.16 0.0621916
21.17 0.0635456
21.18 0.0652448
21.19 0.0673389
21.2 0.0698739
21.21 0.0729286
21.22 0.0765174
21.23 0.0806502
21.24 0.0853405
21.25 0.0905909
21.26 0.0963926
21.27 0.102725
21.28 0.109554
21.29 0.116869
21.3 0.124574
21.31 0.132593
21.32 0.140847
21.33 0.149249
21.34 0.157708
21.35 0.166126
21.36 0.174405
21.37 0.182413
21.38 0.190068
21.39 0.19728
21.4 0.203962
21.41 0.210038
21.42 0.215439
21.43 0.220107
21.44 0.223989
21.45 0.22698
21.46 0.229132
21.47 0.230439
21.48 0.230905
21.49 0.230544
21.5 0.22938
21.51 0.227447
21.52 0.224772
21.53 0.221364
21.54 0.217332
21.55 0.21273
21.56 0.207611
21.57 0.202029
21.58 0.196035
21.59 0.189677
21.6 0.182993
21.61 0.176017
21.62 0.168806
21.63 0.161393
21.64 0.153804
21.65 0.146063
21.66 0.138191
21.67 0.130208
21.68 0.122128
21.69 0.11397
21.7 0.105759
21.71 0.0975159
21.72 0.0892658
21.73 0.0810366
21.74 0.0728605
21.75 0.064774
21.76 0.0568283
21.77 0.0490737
21.78 0.0415537
21.79 0.0343206
21.8 0.0274282
21.81 0.0209305
21.82 0.0148804
21.83 0.0093277
21.84 0.00435744
21.85 -6.36717e-06
21.86 -0.00375288
21.87 -0.00686268
21.88 -0.00932742
21.89 -0.0111508
21.9 -0.0123494
21.91 -0.0129531
21.92 -0.0129658
21.93 -0.012484
21.94 -0.011591
21.95 -0.0103693
21.96 -0.00891088
21.97 -0.00731507
21.98 -0.00568649
21.99 -0.00413267
22 -0.00278788
22.01 -0.00175137
22.02 -0.00111961
22.03 -0.000982342
22.04 -0.0014182
22.05 -0.00249243
22.06 -0.00425494
22.07 -0.00674041
22.08 -0.010034
22.09 -0.0140547
22.1 -0.0187741
22.11 -0.0241449
22.12 -0.0301015
22.13 -0.036562
22.14 -0.0434291
22.15 -0.0505958
22.16 -0.0579408
22.17 -0.0653117
22.18 -0.0725769
22.19 -0.079605
22.2 -0.0862677
22.21 -0.0924432
22.22 -0.0980191
22.23 -0.102875
22.24 -0.106879
22.25 -0.110022
22.26 -0.112258
22.27 -0.113564
22.28 -0.113936
22.29 -0.113391
22.3 -0.111964
22.31 -0.109685
22.32 -0.10662
22.33 -0.102912
22.34 -0.0986678
22.35 -0.0940014
22.36 -0.0890351
22.37 -0.0838948
22.38 -0.0787071
22.39 -0.0736061
22.4 -0.068726
22.41 -0.0641703
22.42 -0.0600358
22.43 -0.0564061
22.44 -0.0533498
22.45 -0.0509194
22.46 -0.0491504
22.47 -0.0481033
22.48 -0.0477614
22.49 -0.0480789
22.5 -0.0490217
22.51 -0.0505422
22.52 -0.0525811
22.53 -0.0550696
22.54 -0.0579316
22.55 -0.061101
22.56 -0.064471
22.57 -0.0679503
22.58 -0.0714579
22.59 -0.0749175
22.6 -0.0782589
22.61 -0.0814199
22.62 -0.0843473
22.63 -0.0869709
22.64 -0.0892753
22.65 -0.0912445
22.66 -0.0928676
22.67 -0.0941429
22.68 -0.0950768
22.69 -0.0956827
22.7 -0.095979
22.71 -0.0959624
22.72 -0.0956869
22.73 -0.095178
22.74 -0.0944589
22.75 -0.0935493
22.76 -0.0924645
22.77 -0.0912142
22.78 -0.0898001
22.79 -0.0882029
22.8 -0.0864244
22.81 -0.0844437
22.82 -0.0822333
22.83 -0.0797592
22.84 -0.0769821
22.85 -0.0738588
22.86 -0.0703341
22.87 -0.0663292
22.88 -0.0618303
22.89 -0.0567943
22.9 -0.0511826
22.91 -0.0449628
22.92 -0.0381105
22.93 -0.0306103
22.94 -0.022436
22.95 -0.013573
22.96 -0.00408727
22.97 0.00598738
22.98 0.016605
22.99 0.0277076
23 0.0392258
23.01 0.0510798
23.02 0.0631871
23.03 0.0754389
23.04 0.0877175
23.05 0.0999148
23.06 0.11192
23.07 0.123624
23.08 0.134918
23.09 0.145697
23.1 0.155822
23.11 0.165198
23.12 0.173773
23.13 0.181478
23.14 0.188254
23.15 0.194057
23.16 0.198852
23.17 0.202622
23.18 0.20529
23.19 0.206902
23.2 0.207516
23.21 0.207165
23.22 0.205894
23.23 0.203757
23.24 0.200818
23.25 0.197146
23.26 0.192769
23.27 0.187814
23.28 0.182377
23.29 0.176539
23.3 0.170383
23.31 0.163987
23.32 0.157427
23.33 0.150775
23.34 0.144099
23.35 0.137465
23.36 0.130923
23.37 0.124518
23.38 0.118282
23.39 0.112243
23.4 0.106419
23.41 0.100821
23.42 0.0954723
23.43 0.0903447
23.44 0.0854243
23.45 0.0806917
23.46 0.0761219
23.47 0.0716854
23.48 0.0673487
23.49 0.0630757
23.5 0.0588255
23.51 0.0545534
23.52 0.0502193
23.53 0.0457843
23.54 0.0412107
23.55 0.0364633
23.56 0.0315097
23.57 0.0263144
23.58 0.0208381
23.59 0.0150796
23.6 0.00902519
23.61 0.00266626
23.62 -0.00400057
23.63 -0.0109733
23.64 -0.0182449
23.65 -0.0258136
23.66 -0.0336662
23.67 -0.0417628
23.68 -0.0500774
23.69 -0.058581
23.7 -0.0672419
23.71 -0.0760263
23.72 -0.0848991
23.73 -0.093825
23.74 -0.102763
23.75 -0.111675
23.76 -0.120526
23.77 -0.129284
23.78 -0.137916
23.79 -0.146394
23.8 -0.154691
23.81 -0.162766
23.82 -0.170599
23.83 -0.178179
23.84 -0.185487
23.85 -0.192505
23.86 -0.199219
23.87 -0.205612
23.88 -0.211669
23.89 -0.217347
23.9 -0.222646
23.91 -0.227557
23.92 -0.23206
23.93 -0.236136
23.94 -0.239762
23.95 -0.242912
23.96 -0.245561
23.97 -0.247633
23.98 -0.249133
23.99 -0.250041
24 -0.250327
24.01 -0.249962
24.02 -0.24892
24.03 -0.247178
24.04 -0.244716
24.05 -0.241444
24.06 -0.237424
24.07 -0.232655
24.08 -0.227145
24.09 -0.220905
24.1 -0.213958
24.11 -0.206336
24.12 -0.19807
24.13 -0.189166
24.14 -0.17974
24.15 -0.169855
24.16 -0.159583
24.17 -0.149
24.18 -0.138186
24.19 -0.127222
24.2 -0.116192
24.21 -0.105189
24.22 -0.0942957
24.23 -0.0835873
24.24 -0.073132
24.25 -0.0629912
24.26 -0.0532174
24.27 -0.0438538
24.28 -0.0349483
24.29 -0.0265404
24.3 -0.0186075
24.31 -0.0111465
24.32 -0.00414422
24.33 0.00242229
24.34 0.00858437
24.35 0.0143805
24.36 0.0198427
24.37 0.0250224
24.38 0.0299874
24.39 0.0347873
24.4 0.0394692
24.41 0.0440759
24.42 0.0486442
24.43 0.0532033
24.44 0.0577748
24.45 0.0623687
24.46 0.0669812
24.47 0.0715983
24.48 0.0761946
24.49 0.0807345
24.5 0.0851726
24.51 0.0894547
24.52 0.0935003
24.53 0.0972426
24.54 0.100619
24.55 0.103559
24.56 0.105993
24.57 0.107859
24.58 0.109096
24.59 0.109655
24.6 0.109438
24.61 0.10846
24.62 0.106725
24.63 0.104238
24.64 0.101021
24.65 0.0971077
24.66 0.0925499
24.67 0.0874127
24.68 0.0817367
24.69 0.0756643
24.7 0.0693019
24.71 0.062759
24.72 0.0561494
24.73 0.0495893
24.74 0.0431943
24.75 0.0370781
24.76 0.0313941
24.77 0.0262096
24.78 0.0216103
24.79 0.0176693
24.8 0.0144461
24.81 0.0119849
24.82 0.0103147
24.83 0.0094611
24.84 0.00947647
24.85 0.0102712
24.86 0.0118114
24.87 0.0140516
24.88 0.016936
24.89 0.020401
24.9 0.024377
24.91 0.0288005
24.92 0.0336047
24.93 0.0386848
24.94 0.0439706
24.95 0.0493971
24.96 0.054906
24.97 0.0604464
24.98 0.065976
24.99 0.071459
25 0.0768674
25.01 0.0821908
25.02 0.0874232
25.03 0.0925654
25.04 0.0976233
25.05 0.102606
25.06 0.107526
25.07 0.112391
25.08 0.117213
25.09 0.121998
25.1 0.126746
25.11 0.131449
25.12 0.13609
25.13 0.140646
25.14 0.145081
25.15 0.149339
25.16 0.153365
25.17 0.157104
25.18 0.160488
25.19 0.163444
25.2 0.165898
25.21 0.167776
25.22 0.169003
25.23 0.169453
25.24 0.169095
25.25 0.167898
25.26 0.165826
25.27 0.162857
25.28 0.158984
25.29 0.154219
25.3 0.14859
25.31 0.142079
25.32 0.13482
25.33 0.126912
25.34 0.118456
25.35 0.109569
25.36 0.100379
25.37 0.091021
25.38 0.0816372
25.39 0.0723977
25.4 0.0634457
25.41 0.0549177
25.42 0.0469417
25.43 0.0396338
25.44 0.0330947
25.45 0.0274078
25.46 0.0226459
25.47 0.0189315
25.48 0.0161935
25.49 0.014422
25.5 0.0135845
25.51 0.0136258
25.52 0.0144702
25.53 0.0160228
25.54 0.0181825
25.55 0.0208358
25.56 0.0237994
25.57 0.0269298
25.58 0.0300814
25.59 0.0331098
25.6 0.0358759
25.61 0.0382489
25.62 0.0400887
25.63 0.0412592
25.64 0.0417134
25.65 0.0413883
25.66 0.0402418
25.67 0.0382533
25.68 0.035424
25.69 0.0317765
25.7 0.0273217
25.71 0.0221251
25.72 0.0163127
25.73 0.00998157
25.74 0.00324006
25.75 -0.00379512
25.76 -0.011002
25.77 -0.0182566
25.78 -0.0254243
25.79 -0.0323726
25.8 -0.0389955
25.81 -0.0451925
25.82 -0.0508756
25.83 -0.0559697
25.84 -0.0604149
25.85 -0.0641665
25.86 -0.0671446
25.87 -0.069364
25.88 -0.070853
25.89 -0.0716305
25.9 -0.0717276
25.91 -0.071186
25.92 -0.070056
25.93 -0.0683942
25.94 -0.0662289
25.95 -0.0636592
25.96 -0.0607577
25.97 -0.0575856
25.98 -0.0542005
25.99 -0.0506544
26 -0.0469934
26.01 -0.0432561
26.02 -0.0394717
26.03 -0.0356681
26.04 -0.0318599
26.05 -0.0280541
26.06 -0.0242519
26.07 -0.0204497
26.08 -0.0166399
26.09 -0.0128126
26.1 -0.00895343
26.11 -0.00505454
26.12 -0.00110856
26.13 0.00288825
26.14 0.00693485
26.15 0.0110246
26.16 0.0151443
26.17 0.0192739
26.18 0.0233817
26.19 0.0274317
26.2 0.0313824
26.21 0.0351866
26.22 0.0387928
26.23 0.0421456
26.24 0.0451879
26.25 0.0478497
26.26 0.0500481
26.27 0.0517567
26.28 0.0529261
26.29 0.0535122
26.3 0.053478
26.31 0.0527946
26.32 0.0514417
26.33 0.0493816
26.34 0.0466001
26.35 0.0431508
26.36 0.0390554
26.37 0.0343446
26.38 0.0290582
26.39 0.0232432
26.4 0.0169535
26.41 0.0102303
26.42 0.00314641
26.43 -0.00421201
26.44 -0.0117784
26.45 -0.0194872
26.46 -0.0272749
26.47 -0.0350816
26.48 -0.0428518
26.49 -0.0505274
26.5 -0.0580631
26.51 -0.0654274
26.52 -0.0725931
26.53 -0.0795399
26.54 -0.0862551
26.55 -0.0927324
26.56 -0.0989722
26.57 -0.104963
26.58 -0.11073
26.59 -0.116293
26.6 -0.121671
26.61 -0.126881
26.62 -0.131945
26.63 -0.13688
26.64 -0.141705
26.65 -0.146427
26.66 -0.151068
26.67 -0.155635
26.68 -0.160134
26.69 -0.164564
26.7 -0.168921
26.71 -0.173196
26.72 -0.177378
26.73 -0.181439
26.74 -0.185368
26.75 -0.189145
26.76 -0.192749
26.77 -0.196155
26.78 -0.199341
26.79 -0.202286
26.8 -0.204965
26.81 -0.207337
26.82 -0.20941
26.83 -0.211174
26.84 -0.212621
26.85 -0.213746
26.86 -0.214549
26.87 -0.215034
26.88 -0.215202
26.89 -0.215047
26.9 -0.214608
26.91 -0.213901
26.92 -0.212944
26.93 -0.211756
26.94 -0.210356
26.95 -0.208762
26.96 -0.206988
26.97 -0.205045
26.98 -0.202959
26.99 -0.200741
27 -0.198396
27.01 -0.195927
27.02 -0.193335
27.03 -0.190614
27.04 -0.187749
27.05 -0.184721
27.06 -0.18152
27.07 -0.178126
27.08 -0.174512
27.09 -0.170652
27.1 -0.166516
27.11 -0.162073
27.12 -0.157268
27.13 -0.152071
27.14 -0.146466
27.15 -0.140421
27.16 -0.133909
27.17 -0.126904
27.18 -0.119386
27.19 -0.111335
27.2 -0.1027
27.21 -0.0934931
27.22 -0.0837298
27.23 -0.0734141
27.24 -0.0625558
27.25 -0.0511708
27.26 -0.0392811
27.27 -0.0269146
27.28 -0.0140723
27.29 -0.000826238
27.3 0.012769
27.31 0.0266623
27.32 0.0407983
27.33 0.0551177
27.34 0.0695578
27.35 0.0840531
27.36 0.0985285
27.37 0.11291
27.38 0.127127
27.39 0.141111
27.4 0.154792
27.41 0.168103
27.42 0.180979
27.43 0.193356
27.44 0.205115
27.45 0.216253
27.46 0.22672
27.47 0.23647
27.48 0.245463
27.49 0.253666
27.5 0.261048
27.51 0.267573
27.52 0.273164
27.53 0.277881
27.54 0.281719
27.55 0.28468
27.56 0.28677
27.57 0.287998
27.58 0.28838
27.59 0.287913
27.6 0.286587
27.61 0.28449
27.62 0.281651
27.63 0.278105
27.64 0.273885
27.65 0.269028
27.66 0.263573
27.67 0.257536
27.68 0.250953
27.69 0.243898
27.7 0.23641
27.71 0.22853
27.72 0.220299
27.73 0.211757
27.74 0.202943
27.75 0.193886
27.76 0.184631
27.77 0.175227
27.78 0.165711
27.79 0.156121
27.8 0.146491
27.81 0.136857
27.82 0.127253
27.83 0.11772
27.84 0.10829
27.85 0.0989935
27.86 0.0898589
27.87 0.0809148
27.88 0.0721878
27.89 0.0637029
27.9 0.0554831
27.91 0.047573
27.92 0.0399786
27.93 0.032709
27.94 0.0257783
27.95 0.0191982
27.96 0.012978
27.97 0.00712476
27.98 0.00164318
27.99 -0.0034312
28 -0.00812619
28.01 -0.0124487
28.02 -0.0164022
28.03 -0.019992
28.04 -0.0232246
28.05 -0.0261073
28.06 -0.0286487
28.07 -0.0308254
28.08 -0.0326807
28.09 -0.0342246
28.1 -0.0354671
28.11 -0.0364179
28.12 -0.0370866
28.13 -0.0374825
28.14 -0.0376121
28.15 -0.037465
28.16 -0.0370736
28.17 -0.0364468
28.18 -0.0355932
28.19 -0.0345218
28.2 -0.0332421
28.21 -0.0317639
28.22 -0.0300937
28.23 -0.0282343
28.24 -0.0262128
28.25 -0.0240426
28.26 -0.0217383
28.27 -0.0193156
28.28 -0.016791
28.29 -0.0141824
28.3 -0.0115066
28.31 -0.00878404
28.32 -0.00603884
28.33 -0.00329124
28.34 -0.000561466
28.35 0.0021305
28.36 0.00476521
28.37 0.00732405
28.38 0.00978437
28.39 0.0121272
28.4 0.0143436
28.41 0.0164213
28.42 0.0183501
28.43 0.0201219
28.44 0.0217308
28.45 0.023173
28.46 0.0244373
28.47 0.0255271
28.48 0.0264527
28.49 0.0272189
28.5 0.0278321
28.51 0.0282998
28.52 0.0286309
28.53 0.028835
28.54 0.0289148
28.55 0.0288867
28.56 0.028765
28.57 0.02856
28.58 0.0282819
28.59 0.0279405
28.6 0.0275448
28.61 0.0271031
28.62 0.0266206
28.63 0.0261073
28.64 0.0255699
28.65 0.0250137
28.66 0.0244434
28.67 0.0238629
28.68 0.0232757
28.69 0.0226848
28.7 0.0220927
28.71 0.0215014
28.72 0.0209124
28.73 0.0203263
28.74 0.0197433
28.75 0.0191628
28.76 0.0185837
28.77 0.0180037
28.78 0.0174187
28.79 0.0168243
28.8 0.0162147
28.81 0.0155828
28.82 0.01492
28.83 0.0142165
28.84 0.0134613
28.85 0.0126407
28.86 0.0117345
28.87 0.0107342
28.88 0.00962497
28.89 0.00839226
28.9 0.00702176
28.91 0.00550005
28.92 0.00381508
28.93 0.00195144
28.94 -0.000107128
28.95 -0.00235198
28.96 -0.00478364
28.97 -0.0073987
28.98 -0.0101895
28.99 -0.013144
29 -0.0162453
29.01 -0.0194761
29.02 -0.0228086
29.03 -0.0262044
29.04 -0.0296285
29.05 -0.0330432
29.06 -0.036408
29.07 -0.0396811
29.08 -0.0428197
29.09 -0.0457699
29.1 -0.048486
29.11 -0.050939
29.12 -0.0530946
29.13 -0.0549232
29.14 -0.0564007
29.15 -0.0575094
29.16 -0.0582388
29.17 -0.0585612
29.18 -0.0584938
29.19 -0.0580652
29.2 -0.0572978
29.21 -0.0562211
29.22 -0.0548716
29.23 -0.053292
29.24 -0.0515294
29.25 -0.0496296
29.26 -0.0476594
29.27 -0.0456769
29.28 -0.0437369
29.29 -0.0418917
29.3 -0.0401905
29.31 -0.0386775
29.32 -0.0373909
29.33 -0.0363866
29.34 -0.0356691
29.35 -0.0352472
29.36 -0.0351243
29.37 -0.0352942
29.38 -0.0357421
29.39 -0.0364446
29.4 -0.0373707
29.41 -0.0384968
29.42 -0.0397565
29.43 -0.0411014
29.44 -0.0424809
29.45 -0.043844
29.46 -0.0451407
29.47 -0.0463238
29.48 -0.0473483
29.49 -0.0481589
29.5 -0.0487426
29.51 -0.0490802
29.52 -0.0491622
29.53 -0.0489886
29.54 -0.04857
29.55 -0.0479269
29.56 -0.047086
29.57 -0.0460835
29.58 -0.0449833
29.59 -0.043841
29.6 -0.0427169
29.61 -0.0416749
29.62 -0.0407799
29.63 -0.0400967
29.64 -0.0396995
29.65 -0.0396636
29.66 -0.0400208
29.67 -0.040814
29.68 -0.0420769
29.69 -0.0438327
29.7 -0.046094
29.71 -0.0488617
29.72 -0.0521471
29.73 -0.055927
29.74 -0.0601386
29.75 -0.0647362
29.76 -0.0696651
29.77 -0.0748632
29.78 -0.0802624
29.79 -0.0857906
29.8 -0.0913716
29.81 -0.0969196
29.82 -0.102359
29.83 -0.107621
29.84 -0.112638
29.85 -0.117353
29.86 -0.121713
29.87 -0.125675
29.88 -0.129173
29.89 -0.132195
29.9 -0.134742
29.91 -0.136807
29.92 -0.138395
29.93 -0.139513
29.94 -0.140179
29.95 -0.140413
29.96 -0.140208
29.97 -0.139621
29.98 -0.138685
29.99 -0.137427
30 -0.135872
30.01 -0.134041
30.02 -0.131949
30.03 -0.129609
30.04 -0.127006
30.05 -0.124159
30.06 -0.121066
30.07 -0.117715
30.08 -0.114092
30.09 -0.110179
30.1 -0.105956
30.11 -0.101398
30.12 -0.0964518
30.13 -0.0911297
30.14 -0.0854166
30.15 -0.0793019
30.16 -0.0727808
30.17 -0.0658555
30.18 -0.0585358
30.19 -0.0508341
30.2 -0.0427582
30.21 -0.0343769
30.22 -0.0257365
30.23 -0.0168907
30.24 -0.00790013
30.25 0.00116878
30.26 0.0102454
30.27 0.0192518
30.28 0.0280983
30.29 0.0367167
30.3 0.045036
30.31 0.0529896
30.32 0.0605172
30.33 0.0675657
30.34 0.0740908
30.35 0.080034
30.36 0.0853586
30.37 0.090088
30.38 0.0942229
30.39 0.0977744
30.4 0.100764
30.41 0.103223
30.42 0.105189
30.43 0.106687
30.44 0.107778
30.45 0.108538
30.46 0.109023
30.47 0.109288
30.48 0.109387
30.49 0.109371
30.5 0.109283
30.51 0.109162
30.52 0.109041
30.53 0.108943
30.54 0.108879
30.55 0.108852
30.56 0.108857
30.57 0.108879
30.58 0.1089
30.59 0.108888
30.6 0.108809
30.61 0.10863
30.62 0.108314
30.63 0.107826
30.64 0.107132
30.65 0.106202
30.66 0.10501
30.67 0.103511
30.68 0.101715
30.69 0.0996236
30.7 0.0972423
30.71 0.0945865
30.72 0.0916798
30.73 0.0885535
30.74 0.0852463
30.75 0.0817944
30.76 0.0782661
30.77 0.0747154
30.78 0.0711978
30.79 0.0677686
30.8 0.0644817
30.81 0.0613872
30.82 0.0585338
30.83 0.0559856
30.84 0.0537502
30.85 0.0518483
30.86 0.0502916
30.87 0.049082
30.88 0.0482117
30.89 0.0476635
30.9 0.0474178
30.91 0.0474498
30.92 0.0476946
30.93 0.0481047
30.94 0.048629
30.95 0.0492144
30.96 0.0498077
30.97 0.0503569
30.98 0.0508081
30.99 0.0511085
31 0.0512282
31.01 0.0511387
31.02 0.0508198
31.03 0.0502608
31.04 0.0494603
31.05 0.0484267
31.06 0.0471687
31.07 0.0457167
31.08 0.0441184
31.09 0.042417
31.1 0.040661
31.11 0.0389026
31.12 0.0371962
31.13 0.0355969
31.14 0.0341712
31.15 0.0329728
31.16 0.03204
31.17 0.0314113
31.18 0.031118
31.19 0.0311828
31.2 0.031619
31.21 0.0324303
31.22 0.0336352
31.23 0.0351989
31.24 0.037082
31.25 0.0392477
31.26 0.0416513
31.27 0.0442413
31.28 0.0469611
31.29 0.0497499
31.3 0.0525396
31.31 0.0552597
31.32 0.0578474
31.33 0.0602425
31.34 0.062389
31.35 0.0642361
31.36 0.0657393
31.37 0.0668613
31.38 0.0675316
31.39 0.0677653
31.4 0.0675543
31.41 0.0668967
31.42 0.0657981
31.43 0.064272
31.44 0.0623385
31.45 0.0600216
31.46 0.0573245
31.47 0.0543186
31.48 0.0510416
31.49 0.0475323
31.5 0.0438299
31.51 0.0399721
31.52 0.035995
31.53 0.0319306
31.54 0.0278076
31.55 0.0236572
31.56 0.0194992
31.57 0.0153488
31.58 0.0112163
31.59 0.00710785
31.6 0.0030254
31.61 -0.00103219
31.62 -0.00506968
31.63 -0.00909625
31.64 -0.0131207
31.65 -0.0171522
31.66 -0.0212
31.67 -0.0252718
31.68 -0.0293737
31.69 -0.033511
31.7 -0.0376843
31.71 -0.0418878
31.72 -0.0461137
31.73 -0.0503504
31.74 -0.054582
31.75 -0.0587888
31.76 -0.0629474
31.77 -0.0670256
31.78 -0.0709902
31.79 -0.074813
31.8 -0.0784607
31.81 -0.0818997
31.82 -0.0850966
31.83 -0.0880188
31.84 -0.0906358
31.85 -0.092896
31.86 -0.0947824
31.87 -0.096287
31.88 -0.0973946
31.89 -0.0980948
31.9 -0.0983825
31.91 -0.0982579
31.92 -0.0977265
31.93 -0.0967699
31.94 -0.0954281
31.95 -0.0937323
31.96 -0.0917088
31.97 -0.0893876
31.98 -0.0868019
31.99 -0.0839873
32 -0.0809811
32.01 -0.0778115
32.02 -0.0745326
32.03 -0.0711842
32.04 -0.0678027
32.05 -0.0644225
32.06 -0.0610756
32.07 -0.0577902
32.08 -0.0545915
32.09 -0.0515124
32.1 -0.0485589
32.11 -0.0457416
32.12 -0.0430662
32.13 -0.0405338
32.14 -0.0381406
32.15 -0.0358789
32.16 -0.0337376
32.17 -0.0317068
32.18 -0.0297562
32.19 -0.0278632
32.2 -0.0260034
32.21 -0.0241506
32.22 -0.022278
32.23 -0.0203585
32.24 -0.0183631
32.25 -0.0162583
32.26 -0.0140267
32.27 -0.0116474
32.28 -0.00910259
32.29 -0.00637755
32.3 -0.00346146
32.31 -0.00034751
32.32 0.002974
32.33 0.00650618
32.34 0.0102285
32.35 0.0141292
32.36 0.0181921
32.37 0.0223971
32.38 0.0267205
32.39 0.031135
32.4 0.0356118
32.41 0.0401138
32.42 0.044603
32.43 0.0490434
32.44 0.053398
32.45 0.0576302
32.46 0.0617032
32.47 0.0655818
32.48 0.0692161
32.49 0.0725745
32.5 0.0756374
32.51 0.0783784
32.52 0.0807739
32.53 0.0828035
32.54 0.08445
32.55 0.0856996
32.56 0.0865118
32.57 0.0868961
32.58 0.0868607
32.59 0.0864048
32.6 0.0855297
32.61 0.0842395
32.62 0.0825398
32.63 0.0804382
32.64 0.0779118
32.65 0.074998
32.66 0.0717151
32.67 0.0680751
32.68 0.0640911
32.69 0.0597761
32.7 0.0551442
32.71 0.0502095
32.72 0.044961
32.73 0.0394415
32.74 0.033669
32.75 0.0276609
32.76 0.0214357
32.77 0.0150131
32.78 0.00841421
32.79 0.00166082
32.8 -0.00523145
32.81 -0.012222
32.82 -0.0192828
32.83 -0.0263839
32.84 -0.0334942
32.85 -0.040581
32.86 -0.0476107
32.87 -0.0545464
32.88 -0.0613412
32.89 -0.0679684
32.9 -0.0743942
32.91 -0.0805854
32.92 -0.0865111
32.93 -0.0921421
32.94 -0.0974521
32.95 -0.102407
32.96 -0.10697
32.97 -0.111153
32.98 -0.114943
32.99 -0.118337
33 -0.121332
33.01 -0.123932
33.02 -0.126145
33.03 -0.127969
33.04 -0.129415
33.05 -0.130528
33.06 -0.131329
33.07 -0.131845
33.08 -0.132104
33.09 -0.132134
33.1 -0.131964
33.11 -0.131615
33.12 -0.131118
33.13 -0.130508
33.14 -0.129806
33.15 -0.129034
33.16 -0.128206
33.17 -0.127336
33.18 -0.126433
33.19 -0.125498
33.2 -0.124533
33.21 -0.123534
33.22 -0.122491
33.23 -0.121392
33.24 -0.120222
33.25 -0.118963
33.26 -0.117593
33.27 -0.116077
33.28 -0.114398
33.29 -0.112534
33.3 -0.11046
33.31 -0.108155
33.32 -0.105596
33.33 -0.102762
33.34 -0.0996373
33.35 -0.0961768
33.36 -0.0923924
33.37 -0.0882793
33.38 -0.0838329
33.39 -0.0790521
33.4 -0.0739393
33.41 -0.0685003
33.42 -0.0627445
33.43 -0.0566556
33.44 -0.0502818
33.45 -0.0436427
33.46 -0.0367603
33.47 -0.0296591
33.48 -0.0223659
33.49 -0.0149094
33.5 -0.00731864
33.51 0.000378487
33.52 0.0081373
33.53 0.0159234
33.54 0.0237018
33.55 0.0314368
33.56 0.0390925
33.57 0.0466328
33.58 0.0540171
33.59 0.0611962
33.6 0.0681474
33.61 0.074837
33.62 0.0812325
33.63 0.087303
33.64 0.0930195
33.65 0.098355
33.66 0.10327
33.67 0.107727
33.68 0.111736
33.69 0.115283
33.7 0.118356
33.71 0.120949
33.72 0.123059
33.73 0.124686
33.74 0.125812
33.75 0.126446
33.76 0.126626
33.77 0.126369
33.78 0.125693
33.79 0.124623
33.8 0.123181
33.81 0.121393
33.82 0.11927
33.83 0.116849
33.84 0.11417
33.85 0.11126
33.86 0.108145
33.87 0.104848
33.88 0.101392
33.89 0.0977968
33.9 0.0940705
33.91 0.0902346
33.92 0.0863036
33.93 0.0822863
33.94 0.0781892
33.95 0.0740169
33.96 0.069773
33.97 0.06546
33.98 0.0610752
33.99 0.0566264
34 0.0521193
34.01 0.0475605
34.02 0.0429592
34.03 0.0383275
34.04 0.0336814
34.05 0.0290405
34.06 0.0244342
34.07 0.019891
34.08 0.0154435
34.09 0.0111284
34.1 0.00698534
34.11 0.00305638
34.12 -0.000614635
34.13 -0.00398068
34.14 -0.00696267
34.15 -0.00954745
34.16 -0.0116955
34.17 -0.0133713
34.18 -0.0145445
34.19 -0.0151908
34.2 -0.0152931
34.21 -0.0148316
34.22 -0.0137716
34.23 -0.012169
34.24 -0.0100437
34.25 -0.0074244
34.26 -0.00434863
34.27 -0.000862119
34.28 0.00298203
34.29 0.00713138
34.3 0.0115221
34.31 0.0160645
34.32 0.0206877
34.33 0.0253202
34.34 0.0298918
34.35 0.0343354
34.36 0.0385881
34.37 0.0425801
34.38 0.0462515
34.39 0.0495779
34.4 0.0525292
34.41 0.0550851
34.42 0.0572356
34.43 0.0589808
34.44 0.0603304
34.45 0.0612846
34.46 0.0618791
34.47 0.0621679
34.48 0.0621937
34.49 0.0620033
34.5 0.0616466
34.51 0.0611748
34.52 0.0606384
34.53 0.0600884
34.54 0.0595753
34.55 0.0591386
34.56 0.0588111
34.57 0.0586187
34.58 0.0585792
34.59 0.0587025
34.6 0.0589901
34.61 0.0594468
34.62 0.0600466
34.63 0.0607632
34.64 0.061568
34.65 0.0624277
34.66 0.0633055
34.67 0.0641629
34.68 0.0649608
34.69 0.0656486
34.7 0.0661955
34.71 0.0665712
34.72 0.0667493
34.73 0.0667093
34.74 0.0664375
34.75 0.0659267
34.76 0.0651768
34.77 0.0641737
34.78 0.0629566
34.79 0.0615466
34.8 0.0599699
34.81 0.0582565
34.82 0.0564389
34.83 0.0545506
34.84 0.0526252
34.85 0.0506973
34.86 0.0487974
34.87 0.0469486
34.88 0.0451685
34.89 0.0434677
34.9 0.0418495
34.91 0.0403096
34.92 0.0388368
34.93 0.03741
34.94 0.0359952
34.95 0.0345568
34.96 0.0330538
34.97 0.0314409
34.98 0.0296704
34.99 0.027693
35 0.0254488
35.01 0.0228776
35.02 0.0199547
35.03 0.0166444
35.04 0.0129183
35.05 0.0087562
35.06 0.00414752
35.07 -0.000908249
35.08 -0.00642131
35.09 -0.0123677
35.1 -0.0186907
35.11 -0.0253463
35.12 -0.0322815
35.13 -0.0394352
35.14 -0.04674
35.15 -0.0541231
35.16 -0.061504
35.17 -0.0687952
35.18 -0.0759201
35.19 -0.0828045
35.2 -0.0893782
35.21 -0.095577
35.22 -0.101344
35.23 -0.10663
35.24 -0.111356
35.25 -0.115513
35.26 -0.1191
35.27 -0.122109
35.28 -0.124544
35.29 -0.126417
35.3 -0.127748
35.31 -0.128565
35.32 -0.128863
35.33 -0.128718
35.34 -0.128178
35.35 -0.127286
35.36 -0.126083
35.37 -0.124608
35.38 -0.122899
35.39 -0.120987
35.4 -0.118885
35.41 -0.116631
35.42 -0.11424
35.43 -0.111719
35.44 -0.109069
35.45 -0.106287
35.46 -0.103363
35.47 -0.100283
35.48 -0.0970161
35.49 -0.093559
35.5 -0.0898946
35.51 -0.0860073
35.52 -0.0818841
35.53 -0.0775158
35.54 -0.0728987
35.55 -0.06803
35.56 -0.0629054
35.57 -0.0575628
35.58 -0.0520273
35.59 -0.0463317
35.6 -0.0405153
35.61 -0.0346242
35.62 -0.0287097
35.63 -0.0228309
35.64 -0.0170577
35.65 -0.0114485
35.66 -0.00606413
35.67 -0.000963945
35.68 0.00379599
35.69 0.00816427
35.7 0.0120955
35.71 0.0155295
35.72 0.0184263
35.73 0.0207952
35.74 0.0226275
35.75 0.0239241
35.76 0.0246958
35.77 0.024963
35.78 0.0247547
35.79 0.0240862
35.8 0.0230121
35.81 0.0216028
35.82 0.0199126
35.83 0.0179982
35.84 0.0159166
35.85 0.0137242
35.86 0.0114749
35.87 0.00922126
35.88 0.00701295
35.89 0.00488699
35.9 0.00287314
35.91 0.000993285
35.92 -0.000738878
35.93 -0.0023179
35.94 -0.00374644
35.95 -0.00502514
35.96 -0.0061822
35.97 -0.0072456
35.98 -0.00824506
35.99 -0.00921395
36 -0.010188
36.01 -0.0112042
36.02 -0.0122989
36.03 -0.0135207
36.04 -0.014895
36.05 -0.0164479
36.06 -0.0182017
36.07 -0.0201728
36.08 -0.0223714
36.09 -0.024801
36.1 -0.0274587
36.11 -0.030354
36.12 -0.0334462
36.13 -0.0367115
36.14 -0.0401205
36.15 -0.0436398
36.16 -0.0472322
36.17 -0.0508579
36.18 -0.0544747
36.19 -0.0580323
36.2 -0.0614905
36.21 -0.0648095
36.22 -0.0679514
36.23 -0.0708818
36.24 -0.0735694
36.25 -0.0759871
36.26 -0.0781043
36.27 -0.0798854
36.28 -0.08134
36.29 -0.0824596
36.3 -0.0832398
36.31 -0.0836797
36.32 -0.0837818
36.33 -0.0835511
36.34 -0.082983
36.35 -0.0820794
36.36 -0.080871
36.37 -0.0793684
36.38 -0.0775822
36.39 -0.0755224
36.4 -0.0731987
36.41 -0.0706196
36.42 -0.067781
36.43 -0.0646897
36.44 -0.061364
36.45 -0.0578086
36.46 -0.0540279
36.47 -0.0500259
36.48 -0.0458066
36.49 -0.0413746
36.5 -0.0367229
36.51 -0.0318633
36.52 -0.0268123
36.53 -0.0215799
36.54 -0.0161779
36.55 -0.0106202
36.56 -0.00492282
36.57 0.00089616
36.58 0.00682246
36.59 0.0128268
36.6 0.0188826
36.61 0.0249648
36.62 0.0310474
36.63 0.0371039
36.64 0.0431077
36.65 0.0490326
36.66 0.0548419
36.67 0.0605158
36.68 0.0660334
36.69 0.0713734
36.7 0.0765165
36.71 0.0814456
36.72 0.0861456
36.73 0.0906037
36.74 0.0947836
36.75 0.0987
36.76 0.102347
36.77 0.105721
36.78 0.108818
36.79 0.111635
36.8 0.114172
36.81 0.116425
36.82 0.11837
36.83 0.120034
36.84 0.121416
36.85 0.122514
36.86 0.12333
36.87 0.123861
36.88 0.124106
36.89 0.124057
36.9 0.123694
36.91 0.123038
36.92 0.122088
36.93 0.120842
36.94 0.119298
36.95 0.117457
36.96 0.115318
36.97 0.112875
36.98 0.110121
36.99 0.107081
37 0.103763
37.01 0.100174
37.02 0.0963268
37.03 0.0922326
37.04 0.0879058
37.05 0.0833538
37.06 0.0785939
37.07 0.0736578
37.08 0.068566
37.09 0.0633401
37.1 0.0580027
37.11 0.0525768
37.12 0.0470863
37.13 0.0415541
37.14 0.036008
37.15 0.0304738
37.16 0.0249754
37.17 0.0195366
37.18 0.0141807
37.19 0.00893062
37.2 0.00380875
37.21 -0.00115132
37.22 -0.00593097
37.23 -0.0105148
37.24 -0.0148829
37.25 -0.0190164
37.26 -0.0228969
37.27 -0.0265073
37.28 -0.0298314
37.29 -0.0328292
37.3 -0.0355035
37.31 -0.0378494
37.32 -0.0398569
37.33 -0.0415184
37.34 -0.0428282
37.35 -0.0437829
37.36 -0.0443816
37.37 -0.0445938
37.38 -0.0444537
37.39 -0.0439722
37.4 -0.0431593
37.41 -0.0420275
37.42 -0.0405917
37.43 -0.0388685
37.44 -0.0368762
37.45 -0.0346127
37.46 -0.0321255
37.47 -0.0294362
37.48 -0.0265664
37.49 -0.0235371
37.5 -0.0203685
37.51 -0.0170794
37.52 -0.0136854
37.53 -0.0101962
37.54 -0.00663237
37.55 -0.00300284
37.56 0.000686124
37.57 0.00443098
37.58 0.00823082
37.59 0.0120871
37.6 0.0160049
37.61 0.0199934
37.62 0.0240542
37.63 0.0281938
37.64 0.0324184
37.65 0.0367329
37.66 0.0411406
37.67 0.0456419
37.68 0.0502376
37.69 0.0549219
37.7 0.059677
37.71 0.0644862
37.72 0.0693275
37.73 0.0741736
37.74 0.0789921
37.75 0.0837456
37.76 0.0883843
37.77 0.092855
37.78 0.097113
37.79 0.101106
37.8 0.104779
37.81 0.108077
37.82 0.110948
37.83 0.113338
37.84 0.115162
37.85 0.116383
37.86 0.116983
37.87 0.116929
37.88 0.116197
37.89 0.114768
37.9 0.112634
37.91 0.109794
37.92 0.106205
37.93 0.101921
37.94 0.0969857
37.95 0.0914355
37.96 0.0853119
37.97 0.078663
37.98 0.0715424
37.99 0.0640078
38 0.0560956
38.01 0.0479
38.02 0.0394906
38.03 0.0309308
38.04 0.0222826
38.05 0.0136055
38.06 0.00495581
38.07 -0.00361444
38.08 -0.0120411
38.09 -0.0202907
38.1 -0.0283278
38.11 -0.0361215
38.12 -0.0436461
38.13 -0.0508807
38.14 -0.057809
38.15 -0.0644156
38.16 -0.070663
38.17 -0.0765749
38.18 -0.0821473
38.19 -0.0873772
38.2 -0.0922621
38.21 -0.0967994
38.22 -0.100986
38.23 -0.104811
38.24 -0.108247
38.25 -0.111315
38.26 -0.114007
38.27 -0.116314
38.28 -0.118225
38.29 -0.11973
38.3 -0.120817
38.31 -0.121462
38.32 -0.121638
38.33 -0.121367
38.34 -0.120644
38.35 -0.119466
38.36 -0.117835
38.37 -0.115756
38.38 -0.113239
38.39 -0.110279
38.4 -0.106893
38.41 -0.103129
38.42 -0.0990165
38.43 -0.0945878
38.44 -0.0898794
38.45 -0.0849307
38.46 -0.0797838
38.47 -0.0744761
38.48 -0.0690599
38.49 -0.0635866
38.5 -0.0580998
38.51 -0.0526419
38.52 -0.0472525
38.53 -0.0419687
38.54 -0.0368238
38.55 -0.0318608
38.56 -0.0271015
38.57 -0.0225601
38.58 -0.0182524
38.59 -0.0141897
38.6 -0.0103798
38.61 -0.0068265
38.62 -0.00353084
38.63 -0.000511399
38.64 0.00225115
38.65 0.00476733
38.66 0.00704287
38.67 0.00908345
38.68 0.0108942
38.69 0.0124793
38.7 0.0138416
38.71 0.0149616
38.72 0.0158569
38.73 0.0165267
38.74 0.0169664
38.75 0.0171703
38.76 0.0171313
38.77 0.0168419
38.78 0.0162938
38.79 0.0154537
38.8 0.0143415
38.81 0.0129533
38.82 0.0112874
38.83 0.00934514
38.84 0.0071313
38.85 0.00465416
38.86 0.00192252
38.87 -0.00106197
38.88 -0.0042566
38.89 -0.00763641
38.9 -0.0111731
38.91 -0.0148352
38.92 -0.0185893
38.93 -0.0223999
38.94 -0.0262302
38.95 -0.0300387
38.96 -0.0337888
38.97 -0.0374468
38.98 -0.0409814
38.99 -0.0443646
39 -0.0475722
39.01 -0.0505844
39.02 -0.0533776
39.03 -0.0559359
39.04 -0.0582688
39.05 -0.0603776
39.06 -0.0622682
39.07 -0.0639509
39.08 -0.0654397
39.09 -0.0667516
39.1 -0.067899
39.11 -0.0689059
39.12 -0.0698014
39.13 -0.0706064
39.14 -0.0713403
39.15 -0.0720205
39.16 -0.0726614
39.17 -0.0732738
39.18 -0.0738635
39.19 -0.0744329
39.2 -0.07498
39.21 -0.0754969
39.22 -0.0759718
39.23 -0.0763888
39.24 -0.0767286
39.25 -0.0769691
39.26 -0.0770749
39.27 -0.0770236
39.28 -0.076793
39.29 -0.0763581
39.3 -0.0756959
39.31 -0.0747858
39.32 -0.0736106
39.33 -0.0721572
39.34 -0.0703919
39.35 -0.0683322
39.36 -0.0659856
39.37 -0.0633606
39.38 -0.0604708
39.39 -0.0573349
39.4 -0.0539762
39.41 -0.0504219
39.42 -0.0466892
39.43 -0.0428299
39.44 -0.038879
39.45 -0.0348715
39.46 -0.0308416
39.47 -0.0268222
39.48 -0.0228439
39.49 -0.0189351
39.5 -0.0151291
39.51 -0.0114377
39.52 -0.00787449
39.53 -0.00444817
39.54 -0.00116266
39.55 0.00198288
39.56 0.0049937
39.57 0.00787664
39.58 0.0106393
39.59 0.0133074
39.6 0.0158982
39.61 0.01843
39.62 0.0209207
39.63 0.0233875
39.64 0.0258458
39.65 0.0283089
39.66 0.0307879
39.67 0.0332874
39.68 0.0358083
39.69 0.038347
39.7 0.0408957
39.71 0.0434421
39.72 0.04597
39.73 0.0484565
39.74 0.0508746
39.75 0.0532007
39.76 0.0554075
39.77 0.0574669
39.78 0.0593515
39.79 0.0610346
39.8 0.0624918
39.81 0.0636865
39.82 0.0646019
39.83 0.0652366
39.84 0.0655828
39.85 0.0656381
39.86 0.0654055
39.87 0.0648936
39.88 0.0641161
39.89 0.0630771
39.9 0.0618128
39.91 0.0603604
39.92 0.0587526
39.93 0.0570249
39.94 0.0552147
39.95 0.0533607
39.96 0.051502
39.97 0.0496828
39.98 0.0479421
39.99 0.0463137
40 0.0448296
40.01 0.0435185
40.02 0.0424051
40.03 0.0415103
40.04 0.0408506
40.05 0.0404619
40.06 0.0403311
40.07 0.040459
40.08 0.0408441
40.09 0.0414817
40.1 0.0423638
40.11 0.0434795
40.12 0.0448164
40.13 0.046377
40.14 0.0481233
40.15 0.0500374
40.16 0.052101
40.17 0.0542953
40.18 0.0566019
40.19 0.0590021
40.2 0.0614786
40.21 0.0640158
40.22 0.06659
40.23 0.0691844
40.24 0.0717822
40.25 0.0743668
40.26 0.0769217
40.27 0.0794304
40.28 0.0818737
40.29 0.0842291
40.3 0.0864838
40.31 0.0886204
40.32 0.090621
40.33 0.0924678
40.34 0.0941431
40.35 0.0956293
40.36 0.0969012
40.37 0.0979359
40.38 0.0987325
40.39 0.0992786
40.4 0.0995643
40.41 0.0995821
40.42 0.0993274
40.43 0.0987988
40.44 0.0979848
40.45 0.0968925
40.46 0.0955457
40.47 0.0939583
40.48 0.0921474
40.49 0.0901338
40.5 0.0879409
40.51 0.0855947
40.52 0.0831175
40.53 0.0805456
40.54 0.0779143
40.55 0.075254
40.56 0.0725946
40.57 0.0699645
40.58 0.0673901
40.59 0.0648952
40.6 0.0625092
40.61 0.0602453
40.62 0.0581125
40.63 0.0561182
40.64 0.0542651
40.65 0.0525514
40.66 0.0509708
40.67 0.0495128
40.68 0.0481709
40.69 0.0469172
40.7 0.0457287
40.71 0.0445819
40.72 0.0434521
40.73 0.0423135
40.74 0.0411406
40.75 0.0399085
40.76 0.0385834
40.77 0.0371506
40.78 0.0355921
40.79 0.0338933
40.8 0.0320429
40.81 0.0300335
40.82 0.0278616
40.83 0.0255263
40.84 0.0230199
40.85 0.0203659
40.86 0.0175763
40.87 0.014666
40.88 0.0116519
40.89 0.00855239
40.9 0.00538718
40.91 0.00217565
40.92 -0.00106192
40.93 -0.0043037
40.94 -0.00753293
40.95 -0.010735
40.96 -0.0138978
40.97 -0.0170122
40.98 -0.0200723
40.99 -0.0230734
41 -0.0260148
41.01 -0.0289051
41.02 -0.0317519
41.03 -0.0345656
41.04 -0.0373586
41.05 -0.0401455
41.06 -0.0429418
41.07 -0.0457658
41.08 -0.0486363
41.09 -0.0515672
41.1 -0.0545727
41.11 -0.0576648
41.12 -0.0608531
41.13 -0.0641442
41.14 -0.0675414
41.15 -0.07105
41.16 -0.0746627
41.17 -0.0783654
41.18 -0.0821443
41.19 -0.0859815
41.2 -0.0898554
41.21 -0.0937406
41.22 -0.0976088
41.23 -0.101423
41.24 -0.105147
41.25 -0.108747
41.26 -0.112187
41.27 -0.115429
41.28 -0.118437
41.29 -0.121175
41.3 -0.123609
41.31 -0.125678
41.32 -0.127368
41.33 -0.128663
41.34 -0.129539
41.35 -0.129979
41.36 -0.129968
41.37 -0.129497
41.38 -0.128561
41.39 -0.127117
41.4 -0.125207
41.41 -0.122847
41.42 -0.120049
41.43 -0.11683
41.44 -0.113212
41.45 -0.109217
41.46 -0.104874
41.47 -0.100184
41.48 -0.0952132
41.49 -0.0899957
41.5 -0.0845666
41.51 -0.0789618
41.52 -0.0732176
41.53 -0.0673703
41.54 -0.0614553
41.55 -0.0555098
41.56 -0.0495727
41.57 -0.0436769
41.58 -0.0378534
41.59 -0.0321315
41.6 -0.0265386
41.61 -0.0211
41.62 -0.0158444
41.63 -0.010804
41.64 -0.00598369
41.65 -0.00139931
41.66 0.00293544
41.67 0.00700902
41.68 0.0108119
41.69 0.0143365
41.7 0.0175655
41.71 0.0204883
41.72 0.02312
41.73 0.0254597
41.74 0.0275074
41.75 0.0292644
41.76 0.0307325
41.77 0.0319143
41.78 0.0327985
41.79 0.0333895
41.8 0.0337051
41.81 0.0337494
41.82 0.0335261
41.83 0.0330395
41.84 0.0322935
41.85 0.0312922
41.86 0.030024
41.87 0.0285001
41.88 0.0267343
41.89 0.0247314
41.9 0.0224965
41.91 0.020035
41.92 0.0173534
41.93 0.0144587
41.94 0.0113441
41.95 0.0080302
41.96 0.004533
41.97 0.00086465
41.98 -0.00296116
41.99 -0.00692911
42 -0.0110222
42.01 -0.0152216
42.02 -0.0195125
42.03 -0.0238637
42.04 -0.0282497
42.05 -0.0326448
42.06 -0.0370215
42.07 -0.0413513
42.08 -0.0456046
42.09 -0.0497511
42.1 -0.0537431
42.11 -0.0575603
42.12 -0.0611721
42.13 -0.0645484
42.14 -0.0676598
42.15 -0.0704784
42.16 -0.0729779
42.17 -0.0751306
42.18 -0.0768831
42.19 -0.0782491
42.2 -0.0792136
42.21 -0.0797652
42.22 -0.0798963
42.23 -0.0796031
42.24 -0.0788859
42.25 -0.0777401
42.26 -0.0761524
42.27 -0.0741696
42.28 -0.0718095
42.29 -0.0690936
42.3 -0.066047
42.31 -0.062698
42.32 -0.0590779
42.33 -0.0552135
42.34 -0.0511383
42.35 -0.0469054
42.36 -0.0425527
42.37 -0.0381187
42.38 -0.0336413
42.39 -0.0291576
42.4 -0.024703
42.41 -0.0203154
42.42 -0.0160304
42.43 -0.0118715
42.44 -0.00786251
42.45 -0.0040233
42.46 -0.000369918
42.47 0.00308573
42.48 0.00633589
42.49 0.00936491
42.5 0.0121768
42.51 0.0147857
42.52 0.0172002
42.53 0.0194317
42.54 0.0214942
42.55 0.0234038
42.56 0.025178
42.57 0.0268286
42.58 0.028381
42.59 0.029857
42.6 0.0312742
42.61 0.0326483
42.62 0.0339934
42.63 0.0353209
42.64 0.0366397
42.65 0.037956
42.66 0.0392725
42.67 0.0405885
42.68 0.0419002
42.69 0.0432008
42.7 0.0444813
42.71 0.0457306
42.72 0.0469357
42.73 0.0480757
42.74 0.0491396
42.75 0.0501133
42.76 0.050983
42.77 0.0517359
42.78 0.0523613
42.79 0.0528508
42.8 0.0531978
42.81 0.0533862
42.82 0.0534311
42.83 0.0533373
42.84 0.0531127
42.85 0.0527685
42.86 0.052319
42.87 0.0517808
42.88 0.0511721
42.89 0.0505123
42.9 0.0498286
42.91 0.0491427
42.92 0.0484755
42.93 0.0478467
42.94 0.0472742
42.95 0.046773
42.96 0.0463578
42.97 0.0460417
42.98 0.0458219
42.99 0.0456975
43 0.0456635
43.01 0.0457106
43.02 0.0458256
43.03 0.0459918
43.04 0.0461896
43.05 0.0463937
43.06 0.0465781
43.07 0.0467179
43.08 0.0467883
43.09 0.0467657
43.1 0.0466285
43.11 0.0463577
43.12 0.04593
43.13 0.045334
43.14 0.0445726
43.15 0.0436464
43.16 0.0425618
43.17 0.0413308
43.18 0.0399709
43.19 0.038505
43.2 0.0369573
43.21 0.035366
43.22 0.0337691
43.23 0.0322038
43.24 0.0307084
43.25 0.0293208
43.26 0.0280774
43.27 0.0270123
43.28 0.0261737
43.29 0.0255783
43.3 0.0252393
43.31 0.0251683
43.32 0.0253701
43.33 0.0258418
43.34 0.0265727
43.35 0.0275449
43.36 0.028749
43.37 0.0301327
43.38 0.0316536
43.39 0.0332676
43.4 0.0349267
43.41 0.0365806
43.42 0.0381776
43.43 0.0396667
43.44 0.0409778
43.45 0.0420768
43.46 0.042923
43.47 0.0434812
43.48 0.043723
43.49 0.0436275
43.5 0.0431819
43.51 0.0423781
43.52 0.0411935
43.53 0.0396748
43.54 0.0378445
43.55 0.035732
43.56 0.0333734
43.57 0.0308096
43.58 0.028086
43.59 0.0252491
43.6 0.0223508
43.61 0.0194486
43.62 0.0165901
43.63 0.0138201
43.64 0.0111794
43.65 0.00870371
43.66 0.00642304
43.67 0.00436906
43.68 0.00256735
43.69 0.00101117
43.7 -0.00029816
43.71 -0.00136571
43.72 -0.00220238
43.73 -0.0028241
43.74 -0.00325091
43.75 -0.00349923
43.76 -0.00359637
43.77 -0.00357738
43.78 -0.00346734
43.79 -0.00328947
43.8 -0.00306415
43.81 -0.002808
43.82 -0.00253321
43.83 -0.00224641
43.84 -0.00194908
43.85 -0.00163682
43.86 -0.00129954
43.87 -0.000922429
43.88 -0.000486501
43.89 3.05436e-05
43.9 0.00065336
43.91 0.00141899
43.92 0.00235104
43.93 0.00346957
43.94 0.00479602
43.95 0.00634786
43.96 0.00813751
43.97 0.0101714
43.98 0.0124491
43.99 0.0149811
44 0.0177341
44.01 0.0206784
44.02 0.0237811
44.03 0.0270022
44.04 0.0302954
44.05 0.0336087
44.06 0.0368856
44.07 0.0400519
44.08 0.0430492
44.09 0.0458168
44.1 0.0482953
44.11 0.0504284
44.12 0.0521647
44.13 0.0534583
44.14 0.0542684
44.15 0.0545156
44.16 0.054228
44.17 0.0533959
44.18 0.0520196
44.19 0.0501092
44.2 0.0476839
44.21 0.0447719
44.22 0.0414024
44.23 0.0375966
44.24 0.0334422
44.25 0.0289935
44.26 0.0243075
44.27 0.0194428
44.28 0.0144575
44.29 0.00940838
44.3 0.00435086
44.31 -0.000657715
44.32 -0.00557334
44.33 -0.010358
44.34 -0.0149798
44.35 -0.0194139
44.36 -0.0236417
44.37 -0.0276515
44.38 -0.0314284
44.39 -0.0349686
44.4 -0.0382915
44.41 -0.0414071
44.42 -0.0443278
44.43 -0.0470681
44.44 -0.0496434
44.45 -0.0520689
44.46 -0.0543524
44.47 -0.0565082
44.48 -0.0585519
44.49 -0.0604896
44.5 -0.0623239
44.51 -0.0640538
44.52 -0.0656749
44.53 -0.0671794
44.54 -0.0685478
44.55 -0.0697687
44.56 -0.0708321
44.57 -0.0717225
44.58 -0.0724246
44.59 -0.0729239
44.6 -0.0732082
44.61 -0.0732676
44.62 -0.0730777
44.63 -0.0726482
44.64 -0.071988
44.65 -0.0711047
44.66 -0.0700107
44.67 -0.068723
44.68 -0.0672633
44.69 -0.0656569
44.7 -0.0639249
44.71 -0.062111
44.72 -0.0602498
44.73 -0.0583753
44.74 -0.0565208
44.75 -0.0547184
44.76 -0.0529976
44.77 -0.0513847
44.78 -0.0499169
44.79 -0.0485994
44.8 -0.0474428
44.81 -0.0464527
44.82 -0.0456285
44.83 -0.0449642
44.84 -0.0444483
44.85 -0.0440656
44.86 -0.0438014
44.87 -0.043619
44.88 -0.0434908
44.89 -0.0433877
44.9 -0.04328
44.91 -0.0431387
44.92 -0.0429364
44.93 -0.0426454
44.94 -0.042236
44.95 -0.0416988
44.96 -0.0410223
44.97 -0.0402
44.98 -0.039231
44.99 -0.0381199
45 -0.0368768
45.01 -0.0355131
45.02 -0.0340486
45.03 -0.0325153
45.04 -0.0309408
45.05 -0.0293548
45.06 -0.0277886
45.07 -0.0262736
45.08 -0.0248409
45.09 -0.0235268
45.1 -0.0223635
45.11 -0.0213683
45.12 -0.0205617
45.13 -0.0199601
45.14 -0.0195753
45.15 -0.0194149
45.16 -0.019482
45.17 -0.0197883
45.18 -0.0203234
45.19 -0.021068
45.2 -0.0220088
45.21 -0.0231305
45.22 -0.0244152
45.23 -0.0258439
45.24 -0.0273966
45.25 -0.0290589
45.26 -0.0308041
45.27 -0.0326095
45.28 -0.0344565
45.29 -0.0363275
45.3 -0.038206
45.31 -0.0400765
45.32 -0.0419247
45.33 -0.043733
45.34 -0.0454895
45.35 -0.0471821
45.36 -0.048798
45.37 -0.0503241
45.38 -0.0517464
45.39 -0.0530502
45.4 -0.0542197
45.41 -0.0552218
45.42 -0.0560503
45.43 -0.056687
45.44 -0.0571123
45.45 -0.0573065
45.46 -0.0572505
45.47 -0.0569257
45.48 -0.056314
45.49 -0.0553728
45.5 -0.0541193
45.51 -0.0525472
45.52 -0.0506548
45.53 -0.0484456
45.54 -0.0459286
45.55 -0.0431189
45.56 -0.0400335
45.57 -0.0366871
45.58 -0.0331365
45.59 -0.0294214
45.6 -0.0255863
45.61 -0.0216791
45.62 -0.0177506
45.63 -0.0138533
45.64 -0.0100439
45.65 -0.00638587
45.66 -0.00292116
45.67 0.000305913
45.68 0.0032564
45.69 0.00589792
45.7 0.0082057
45.71 0.0101634
45.72 0.0117491
45.73 0.0129598
45.74 0.0138312
45.75 0.0143866
45.76 0.0146581
45.77 0.0146858
45.78 0.0145168
45.79 0.0142035
45.8 0.0138018
45.81 0.0133797
45.82 0.0130013
45.83 0.0127259
45.84 0.0126093
45.85 0.0127031
45.86 0.0130523
45.87 0.0136949
45.88 0.014682
45.89 0.016025
45.9 0.017719
45.91 0.0197606
45.92 0.0221362
45.93 0.0248228
45.94 0.027788
45.95 0.0309917
45.96 0.034398
45.97 0.0379387
45.98 0.0415534
45.99 0.0451852
46 0.0487776
46.01 0.0522769
46.02 0.055633
46.03 0.0588018
46.04 0.0617235
46.05 0.0643851
46.06 0.0667717
46.07 0.0688753
46.08 0.0706975
46.09 0.0722495
46.1 0.0735516
46.11 0.0746321
46.12 0.0755119
46.13 0.0762551
46.14 0.0769078
46.15 0.077518
46.16 0.078134
46.17 0.0788023
46.18 0.0795665
46.19 0.0804669
46.2 0.0815514
46.21 0.0828297
46.22 0.0843154
46.23 0.086013
46.24 0.0879171
46.25 0.0900127
46.26 0.0922759
46.27 0.0946763
46.28 0.0971738
46.29 0.0997108
46.3 0.102236
46.31 0.104694
46.32 0.107031
46.33 0.109193
46.34 0.111127
46.35 0.112777
46.36 0.114086
46.37 0.115041
46.38 0.115619
46.39 0.115806
46.4 0.115597
46.41 0.114997
46.42 0.114019
46.43 0.112671
46.44 0.110987
46.45 0.109024
46.46 0.106824
46.47 0.104434
46.48 0.101901
46.49 0.0992704
46.5 0.0965874
46.51 0.0938932
46.52 0.0912258
46.53 0.0886111
46.54 0.0860662
46.55 0.0835992
46.56 0.0812086
46.57 0.0788834
46.58 0.0766034
46.59 0.0743383
46.6 0.0720455
46.61 0.0696804
46.62 0.0671944
46.63 0.0645361
46.64 0.0616534
46.65 0.0584957
46.66 0.0550154
46.67 0.0511369
46.68 0.0468467
46.69 0.0421271
46.7 0.0369647
46.71 0.0313573
46.72 0.0253148
46.73 0.0188597
46.74 0.0120268
46.75 0.0048374
46.76 -0.00261395
46.77 -0.0102546
46.78 -0.0180055
46.79 -0.0257813
46.8 -0.0334922
46.81 -0.0410457
46.82 -0.0483471
46.83 -0.0552665
46.84 -0.0617439
46.85 -0.0677013
46.86 -0.0730688
46.87 -0.0777868
46.88 -0.0818071
46.89 -0.0850938
46.9 -0.0876105
46.91 -0.0892976
46.92 -0.0902254
46.93 -0.0904133
46.94 -0.0898923
46.95 -0.0887042
46.96 -0.0868997
46.97 -0.0845374
46.98 -0.081669
46.99 -0.0783539
47 -0.0746974
47.01 -0.0707703
47.02 -0.0666414
47.03 -0.0623764
47.04 -0.0580358
47.05 -0.0536747
47.06 -0.0493439
47.07 -0.0450894
47.08 -0.04094
47.09 -0.0369185
47.1 -0.0330403
47.11 -0.0293135
47.12 -0.02574
47.13 -0.022316
47.14 -0.0190403
47.15 -0.0158986
47.16 -0.0128702
47.17 -0.00994057
47.18 -0.00709543
47.19 -0.00432209
47.2 -0.00161025
47.21 0.00104726
47.22 0.0036505
47.23 0.00619959
47.24 0.0086903
47.25 0.0111124
47.26 0.0134516
47.27 0.0156902
47.28 0.0178074
47.29 0.0197805
47.3 0.0215698
47.31 0.0231568
47.32 0.024521
47.33 0.0256394
47.34 0.026491
47.35 0.0270575
47.36 0.0273244
47.37 0.0272809
47.38 0.0268918
47.39 0.0261802
47.4 0.0251532
47.41 0.0238181
47.42 0.0221863
47.43 0.0202724
47.44 0.0180941
47.45 0.0156709
47.46 0.0130038
47.47 0.0101393
47.48 0.00709955
47.49 0.0039059
47.5 0.000578564
47.51 -0.00286398
47.52 -0.00640532
47.53 -0.0100322
47.54 -0.0137375
47.55 -0.0175052
47.56 -0.0213286
47.57 -0.025203
47.58 -0.0291251
47.59 -0.0330924
47.6 -0.037103
47.61 -0.0411557
47.62 -0.0452491
47.63 -0.0493756
47.64 -0.0535284
47.65 -0.0576987
47.66 -0.0618748
47.67 -0.0660423
47.68 -0.0701835
47.69 -0.0742755
47.7 -0.0782898
47.71 -0.0822037
47.72 -0.0859891
47.73 -0.0896168
47.74 -0.0930571
47.75 -0.0962802
47.76 -0.0992571
47.77 -0.101946
47.78 -0.104318
47.79 -0.106365
47.8 -0.108071
47.81 -0.109423
47.82 -0.11041
47.83 -0.11103
47.84 -0.111282
47.85 -0.111151
47.86 -0.110656
47.87 -0.109826
47.88 -0.10868
47.89 -0.107239
47.9 -0.105526
47.91 -0.103566
47.92 -0.101385
47.93 -0.0989966
47.94 -0.0964361
47.95 -0.093732
47.96 -0.0909053
47.97 -0.0879739
47.98 -0.0849532
47.99 -0.0818554
48 -0.0786897
48.01 -0.0754573
48.02 -0.0721657
48.03 -0.0688166
48.04 -0.0654088
48.05 -0.0619402
48.06 -0.058408
48.07 -0.0548097
48.08 -0.0511438
48.09 -0.0474038
48.1 -0.0435985
48.11 -0.0397336
48.12 -0.0358178
48.13 -0.0318628
48.14 -0.027884
48.15 -0.0239
48.16 -0.019933
48.17 -0.0160141
48.18 -0.0121689
48.19 -0.00842632
48.2 -0.004816
48.21 -0.00136754
48.22 0.00189041
48.23 0.00493103
48.24 0.00772536
48.25 0.010234
48.26 0.0124619
48.27 0.014399
48.28 0.0160404
48.29 0.017387
48.3 0.0184454
48.31 0.0192283
48.32 0.0197466
48.33 0.0200173
48.34 0.0200873
48.35 0.0199891
48.36 0.0197577
48.37 0.0194303
48.38 0.0190448
48.39 0.0186387
48.4 0.018251
48.41 0.017921
48.42 0.0176779
48.43 0.0175482
48.44 0.0175539
48.45 0.0177118
48.46 0.0180336
48.47 0.0185254
48.48 0.0191972
48.49 0.0200421
48.5 0.0210422
48.51 0.0221834
48.52 0.0234488
48.53 0.0248185
48.54 0.0262714
48.55 0.0277855
48.56 0.0293401
48.57 0.0309108
48.58 0.0324776
48.59 0.0340244
48.6 0.035538
48.61 0.0370086
48.62 0.0384299
48.63 0.0397992
48.64 0.0411134
48.65 0.0423802
48.66 0.0436078
48.67 0.0448055
48.68 0.0459838
48.69 0.0471537
48.7 0.0483263
48.71 0.0495115
48.72 0.0507203
48.73 0.0519571
48.74 0.053224
48.75 0.0545198
48.76 0.0558396
48.77 0.0571745
48.78 0.0585118
48.79 0.0598351
48.8 0.061119
48.81 0.0623423
48.82 0.0634799
48.83 0.0645055
48.84 0.0653928
48.85 0.066116
48.86 0.0666507
48.87 0.0669724
48.88 0.0670437
48.89 0.0668704
48.9 0.0664443
48.91 0.0657626
48.92 0.0648284
48.93 0.0636504
48.94 0.0622434
48.95 0.0606231
48.96 0.0588087
48.97 0.056847
48.98 0.0547723
48.99 0.0526217
49 0.0504337
49.01 0.0482473
49.02 0.0461013
49.03 0.0440364
49.04 0.042094
49.05 0.0402979
49.06 0.0386729
49.07 0.0372382
49.08 0.036007
49.09 0.0349867
49.1 0.0341778
49.11 0.0335843
49.12 0.0331934
49.13 0.032976
49.14 0.032909
49.15 0.0329657
49.16 0.0331163
49.17 0.0333288
49.18 0.0335706
49.19 0.0338066
49.2 0.0340015
49.21 0.0341266
49.22 0.0341561
49.23 0.0340679
49.24 0.0338443
49.25 0.0334726
49.26 0.0329447
49.27 0.0322467
49.28 0.0313885
49.29 0.0303826
49.3 0.0292411
49.31 0.0279795
49.32 0.026616
49.33 0.0251711
49.34 0.0236663
49.35 0.0221222
49.36 0.020565
49.37 0.0190153
49.38 0.017491
49.39 0.0160076
49.4 0.0145776
49.41 0.0132101
49.42 0.0119108
49.43 0.0106886
49.44 0.00953528
49.45 0.00844547
49.46 0.00741161
49.47 0.00642395
49.48 0.00547116
49.49 0.00454088
49.5 0.00362034
49.51 0.00269551
49.52 0.0017542
49.53 0.000786366
49.54 -0.0002162
49.55 -0.00125954
49.56 -0.00234735
49.57 -0.00348083
49.58 -0.00465954
49.59 -0.0058819
49.6 -0.0071382
49.61 -0.00842074
49.62 -0.0097206
49.63 -0.0110281
49.64 -0.0123334
49.65 -0.0136267
49.66 -0.0148983
49.67 -0.0161385
49.68 -0.017343
49.69 -0.018508
49.7 -0.0196316
49.71 -0.0207142
49.72 -0.0217579
49.73 -0.0227672
49.74 -0.0237471
49.75 -0.0247053
49.76 -0.0256517
49.77 -0.0265947
49.78 -0.0275423
49.79 -0.0285015
49.8 -0.029478
49.81 -0.0304757
49.82 -0.0314972
49.83 -0.0325405
49.84 -0.0335999
49.85 -0.0346676
49.86 -0.035733
49.87 -0.0367826
49.88 -0.0378008
49.89 -0.0387699
49.9 -0.0396649
49.91 -0.040466
49.92 -0.0411559
49.93 -0.0417161
49.94 -0.0421295
49.95 -0.0423816
49.96 -0.042461
49.97 -0.0423597
49.98 -0.0420597
49.99 -0.0415726
50 -0.0409089
50.01 -0.0400793
50.02 -0.0390989
50.03 -0.0379863
50.04 -0.0367634
50.05 -0.0354547
50.06 -0.0340829
50.07 -0.0326819
50.08 -0.0312782
50.09 -0.0298958
50.1 -0.0285561
50.11 -0.0272765
50.12 -0.0260701
50.13 -0.0249447
50.14 -0.0239098
50.15 -0.0229513
50.16 -0.0220568
50.17 -0.0212081
50.18 -0.0203811
50.19 -0.0195466
50.2 -0.0186713
50.21 -0.0177174
50.22 -0.0166336
50.23 -0.0153888
50.24 -0.0139458
50.25 -0.0122704
50.26 -0.0103327
50.27 -0.00810868
50.28 -0.00558131
50.29 -0.00273393
50.3 0.000448112
50.31 0.00392865
50.32 0.00768541
50.33 0.0116862
50.34 0.0158891
50.35 0.0202437
50.36 0.0246915
50.37 0.0291657
50.38 0.0335857
50.39 0.0378766
50.4 0.0419635
50.41 0.0457731
50.42 0.0492349
50.43 0.0522836
50.44 0.0548611
50.45 0.0568905
50.46 0.0583267
50.47 0.0591727
50.48 0.0594162
50.49 0.0590581
50.5 0.0581122
50.51 0.0566052
50.52 0.0545758
50.53 0.0520489
50.54 0.0491026
50.55 0.0458251
50.56 0.0422914
50.57 0.0385801
50.58 0.034771
50.59 0.0309433
50.6 0.0271728
50.61 0.0235445
50.62 0.020122
50.63 0.0169538
50.64 0.0140816
50.65 0.0115358
50.66 0.00933433
50.67 0.00748297
50.68 0.00597518
50.69 0.00481784
50.7 0.00395525
50.71 0.00334153
50.72 0.00292864
50.73 0.00266288
50.74 0.00248692
50.75 0.00234189
50.76 0.00216945
50.77 0.00190094
50.78 0.00148963
50.79 0.000893293
50.8 7.76751e-05
50.81 -0.000981893
50.82 -0.00229965
50.83 -0.00387892
50.84 -0.00571367
50.85 -0.00780267
50.86 -0.0100912
50.87 -0.0125392
50.88 -0.0150993
50.89 -0.0177181
50.9 -0.0203383
50.91 -0.0229004
50.92 -0.0253411
50.93 -0.0275855
50.94 -0.0295916
50.95 -0.031313
50.96 -0.0327108
50.97 -0.0337557
50.98 -0.0344279
50.99 -0.0347187
51 -0.0346189
51.01 -0.0341307
51.02 -0.0333071
51.03 -0.0321841
51.04 -0.0308066
51.05 -0.0292262
51.06 -0.0275002
51.07 -0.0256897
51.08 -0.0238592
51.09 -0.0220801
51.1 -0.0204129
51.11 -0.0189129
51.12 -0.0176295
51.13 -0.0166047
51.14 -0.0158717
51.15 -0.0154544
51.16 -0.0153849
51.17 -0.0156629
51.18 -0.0162638
51.19 -0.0171688
51.2 -0.0183505
51.21 -0.0197736
51.22 -0.0213966
51.23 -0.0231728
51.24 -0.025056
51.25 -0.0269852
51.26 -0.0289061
51.27 -0.0307702
51.28 -0.0325326
51.29 -0.0341537
51.3 -0.0356
51.31 -0.0368456
51.32 -0.0378542
51.33 -0.0386289
51.34 -0.0391753
51.35 -0.0395024
51.36 -0.0396266
51.37 -0.0395714
51.38 -0.0393661
51.39 -0.0390445
51.4 -0.0386405
51.41 -0.0382036
51.42 -0.0377742
51.43 -0.0373911
51.44 -0.0370902
51.45 -0.0369039
51.46 -0.0368596
51.47 -0.0369794
51.48 -0.0372975
51.49 -0.037804
51.5 -0.0384992
51.51 -0.039376
51.52 -0.0404213
51.53 -0.0416156
51.54 -0.0429343
51.55 -0.044349
51.56 -0.045828
51.57 -0.0473278
51.58 -0.0488119
51.59 -0.0502441
51.6 -0.051589
51.61 -0.0528132
51.62 -0.0538864
51.63 -0.0547766
51.64 -0.0554488
51.65 -0.0559
51.66 -0.0561177
51.67 -0.0560945
51.68 -0.0558274
51.69 -0.0553177
51.7 -0.0545705
51.71 -0.0535861
51.72 -0.0523715
51.73 -0.0509548
51.74 -0.0493505
51.75 -0.0475738
51.76 -0.04564
51.77 -0.0435635
51.78 -0.0413579
51.79 -0.0390302
51.8 -0.0365922
51.81 -0.0340586
51.82 -0.0314364
51.83 -0.0287315
51.84 -0.0259485
51.85 -0.0230912
51.86 -0.0201631
51.87 -0.0171637
51.88 -0.0140989
51.89 -0.0109762
51.9 -0.00780167
51.91 -0.0045831
51.92 -0.0013298
51.93 0.00194708
51.94 0.00523466
51.95 0.00851694
51.96 0.0117762
51.97 0.0149956
51.98 0.0181574
51.99 0.0212442
52 0.0242391
52.01 0.0271264
52.02 0.0298921
52.03 0.0325125
52.04 0.0349878
52.05 0.0373153
52.06 0.039494
52.07 0.0415262
52.08 0.0434182
52.09 0.0451797
52.1 0.0468236
52.11 0.0483575
52.12 0.0498105
52.13 0.0512025
52.14 0.0525537
52.15 0.0538838
52.16 0.0552111
52.17 0.056552
52.18 0.0579201
52.19 0.0593289
52.2 0.0607798
52.21 0.0622721
52.22 0.0638
52.23 0.065352
52.24 0.066912
52.25 0.0684585
52.26 0.0699645
52.27 0.0713926
52.28 0.0727136
52.29 0.0738933
52.3 0.074897
52.31 0.0756907
52.32 0.0762429
52.33 0.0765248
52.34 0.0765025
52.35 0.0761441
52.36 0.0754597
52.37 0.0744461
52.38 0.0731079
52.39 0.0714577
52.4 0.069516
52.41 0.0673107
52.42 0.0648692
52.43 0.0622366
52.44 0.0594738
52.45 0.0566325
52.46 0.0537667
52.47 0.0509314
52.48 0.0481806
52.49 0.0455663
52.5 0.0431493
52.51 0.0409753
52.52 0.03907
52.53 0.0374599
52.54 0.0361627
52.55 0.035187
52.56 0.0345317
52.57 0.0341865
52.58 0.0341491
52.59 0.034377
52.6 0.0348227
52.61 0.0354424
52.62 0.0361874
52.63 0.0370056
52.64 0.0378433
52.65 0.0386468
52.66 0.0393533
52.67 0.0399146
52.68 0.0402902
52.69 0.040444
52.7 0.0403477
52.71 0.039981
52.72 0.0393326
52.73 0.0384004
52.74 0.0371674
52.75 0.0356747
52.76 0.0339506
52.77 0.0320276
52.78 0.0299437
52.79 0.0277415
52.8 0.0254662
52.81 0.0231645
52.82 0.0208892
52.83 0.0186858
52.84 0.0165944
52.85 0.01465
52.86 0.0128814
52.87 0.0113108
52.88 0.00995241
52.89 0.00881606
52.9 0.00791528
52.91 0.00722012
52.92 0.0067129
52.93 0.00636985
52.94 0.00616226
52.95 0.00605765
52.96 0.00602118
52.97 0.00601698
52.98 0.0060058
52.99 0.00595331
53 0.00583096
53.01 0.00561522
53.02 0.00528857
53.03 0.0048403
53.04 0.00426702
53.05 0.00356883
53.06 0.00275725
53.07 0.00186063
53.08 0.000906224
53.09 -7.32233e-05
53.1 -0.00104055
53.11 -0.00195551
53.12 -0.00277622
53.13 -0.00345177
53.14 -0.00393623
53.15 -0.0042004
53.16 -0.00421268
53.17 -0.00394765
53.18 -0.00338711
53.19 -0.00252101
53.2 -0.001348
53.21 0.000141579
53.22 0.00192071
53.23 0.00394987
53.24 0.0061932
53.25 0.00860769
53.26 0.0111443
53.27 0.0137495
53.28 0.0163663
53.29 0.0189287
53.3 0.0213742
53.31 0.0236489
53.32 0.0257009
53.33 0.0274839
53.34 0.0289581
53.35 0.0300915
53.36 0.0308607
53.37 0.0312184
53.38 0.0311876
53.39 0.0307808
53.4 0.0300139
53.41 0.0289108
53.42 0.0275028
53.43 0.0258275
53.44 0.0239271
53.45 0.0218346
53.46 0.0196185
53.47 0.0173268
53.48 0.0150054
53.49 0.0126966
53.5 0.0104383
53.51 0.00826268
53.52 0.00619628
53.53 0.00426894
53.54 0.00247848
53.55 0.000825174
53.56 -0.000698514
53.57 -0.00210747
53.58 -0.00342321
53.59 -0.00467302
53.6 -0.00588889
53.61 -0.00711052
53.62 -0.00837783
53.63 -0.00972864
53.64 -0.0111996
53.65 -0.0128248
53.66 -0.0146347
53.67 -0.0166547
53.68 -0.0189122
53.69 -0.0214301
53.7 -0.0241965
53.71 -0.0272082
53.72 -0.0304547
53.73 -0.0339185
53.74 -0.0375756
53.75 -0.0413961
53.76 -0.0453491
53.77 -0.0493917
53.78 -0.0534748
53.79 -0.0575556
53.8 -0.061591
53.81 -0.0655392
53.82 -0.0693609
53.83 -0.0730201
53.84 -0.0764726
53.85 -0.0796912
53.86 -0.0826653
53.87 -0.085381
53.88 -0.087831
53.89 -0.0900133
53.9 -0.0919321
53.91 -0.0935964
53.92 -0.0950047
53.93 -0.0961855
53.94 -0.0971676
53.95 -0.0979737
53.96 -0.0986275
53.97 -0.0991524
53.98 -0.0995709
53.99 -0.0999039
54 -0.100166
54.01 -0.100377
54.02 -0.10055
54.03 -0.100693
54.04 -0.100809
54.05 -0.100898
54.06 -0.100957
54.07 -0.10098
54.08 -0.100953
54.09 -0.100868
54.1 -0.100711
54.11 -0.10047
54.12 -0.100133
54.13 -0.0996855
54.14 -0.0991178
54.15 -0.0984197
54.16 -0.0975704
54.17 -0.0965784
54.18 -0.0954421
54.19 -0.0941625
54.2 -0.092743
54.21 -0.091189
54.22 -0.0895081
54.23 -0.0877077
54.24 -0.0857911
54.25 -0.0837788
54.26 -0.0816808
54.27 -0.0795065
54.28 -0.077264
54.29 -0.0749594
54.3 -0.072597
54.31 -0.0701771
54.32 -0.0676957
54.33 -0.0651533
54.34 -0.0625435
54.35 -0.0598577
54.36 -0.0570859
54.37 -0.0542162
54.38 -0.0512364
54.39 -0.0481286
54.4 -0.0448761
54.41 -0.0414762
54.42 -0.0379203
54.43 -0.0342027
54.44 -0.0303206
54.45 -0.0262752
54.46 -0.0220714
54.47 -0.0177119
54.48 -0.0132128
54.49 -0.008601
54.5 -0.00389966
54.51 0.000864078
54.52 0.00565984
54.53 0.0104546
54.54 0.0152132
54.55 0.0198925
54.56 0.024453
54.57 0.0288619
54.58 0.0330846
54.59 0.0370891
54.6 0.0408467
54.61 0.0443322
54.62 0.0475248
54.63 0.050385
54.64 0.0529164
54.65 0.0551233
54.66 0.057007
54.67 0.0585742
54.68 0.0598363
54.69 0.0608094
54.7 0.0615135
54.71 0.0619533
54.72 0.0621754
54.73 0.0622118
54.74 0.0620923
54.75 0.0618466
54.76 0.0615042
54.77 0.0610932
54.78 0.0606402
54.79 0.0601698
54.8 0.0597066
54.81 0.0592681
54.82 0.0588687
54.83 0.0585194
54.84 0.0582277
54.85 0.0579979
54.86 0.0578317
54.87 0.0577323
54.88 0.0576892
54.89 0.0576959
54.9 0.0577443
54.91 0.0578254
54.92 0.0579291
54.93 0.0580455
54.94 0.0581641
54.95 0.0582738
54.96 0.0583656
54.97 0.0584315
54.98 0.0584644
54.99 0.0584585
55 0.0584088
55.01 0.0583117
55.02 0.0581626
55.03 0.0579578
55.04 0.0576998
55.05 0.0573886
55.06 0.0570243
55.07 0.0566078
55.08 0.05614
55.09 0.0556224
55.1 0.0550542
55.11 0.054437
55.12 0.0537756
55.13 0.0530722
55.14 0.0523297
55.15 0.0515511
55.16 0.0507403
55.17 0.0499017
55.18 0.0490395
55.19 0.048161
55.2 0.0472741
55.21 0.0463868
55.22 0.0455076
55.23 0.0446459
55.24 0.0438115
55.25 0.0430144
55.26 0.0422688
55.27 0.0415841
55.28 0.0409679
55.29 0.0404283
55.3 0.0399724
55.31 0.0396056
55.32 0.0393313
55.33 0.0391508
55.34 0.0390704
55.35 0.03908
55.36 0.0391712
55.37 0.0393347
55.38 0.0395588
55.39 0.0398299
55.4 0.0401321
55.41 0.0404485
55.42 0.0407586
55.43 0.0410422
55.44 0.0412806
55.45 0.0414558
55.46 0.0415509
55.47 0.0415509
55.48 0.041443
55.49 0.0412166
55.5 0.0408524
55.51 0.0403592
55.52 0.0397376
55.53 0.0389916
55.54 0.0381287
55.55 0.0371596
55.56 0.0360975
55.57 0.0349577
55.58 0.0337556
55.59 0.032517
55.6 0.0312614
55.61 0.0300084
55.62 0.0287765
55.63 0.0275828
55.64 0.0264421
55.65 0.0253686
55.66 0.0243757
55.67 0.0234632
55.68 0.0226324
55.69 0.0218808
55.7 0.0212025
55.71 0.0205882
55.72 0.0200259
55.73 0.0195017
55.74 0.0189978
55.75 0.0184942
55.76 0.0179732
55.77 0.0174177
55.78 0.0168116
55.79 0.016141
55.8 0.0153945
55.81 0.0145593
55.82 0.0136307
55.83 0.012613
55.84 0.01151
55.85 0.0103297
55.86 0.00908329
55.87 0.0077854
55.88 0.00645314
55.89 0.005106
55.9 0.00376721
55.91 0.00245778
55.92 0.00119739
55.93 3.99656e-06
55.94 -0.00110705
55.95 -0.00212377
55.96 -0.00303826
55.97 -0.0038395
55.98 -0.00453537
55.99 -0.00513698
56 -0.00565781
56.01 -0.00611631
56.02 -0.00653536
56.03 -0.00694167
56.04 -0.0073649
56.05 -0.00784377
56.06 -0.00841035
56.07 -0.0090956
56.08 -0.00992919
56.09 -0.0109375
56.1 -0.0121425
56.11 -0.0135603
56.12 -0.0152007
56.13 -0.0170876
56.14 -0.0191917
56.15 -0.0214963
56.16 -0.023977
56.17 -0.0266014
56.18 -0.0293295
56.19 -0.0321149
56.2 -0.0349052
56.21 -0.0376336
56.22 -0.0402414
56.23 -0.042669
56.24 -0.044858
56.25 -0.0467534
56.26 -0.0483048
56.27 -0.0494685
56.28 -0.0501992
56.29 -0.0504426
56.3 -0.05022
56.31 -0.04953
56.32 -0.0483829
56.33 -0.046801
56.34 -0.0448179
56.35 -0.0424781
56.36 -0.039828
56.37 -0.0369303
56.38 -0.0338756
56.39 -0.0307388
56.4 -0.0275966
56.41 -0.0245259
56.42 -0.021601
56.43 -0.0188917
56.44 -0.0164762
56.45 -0.0144185
56.46 -0.0127436
56.47 -0.0114804
56.48 -0.0106449
56.49 -0.0102392
56.5 -0.0102517
56.51 -0.010657
56.52 -0.0114342
56.53 -0.0125204
56.54 -0.0138374
56.55 -0.015314
56.56 -0.0168735
56.57 -0.0184353
56.58 -0.0199177
56.59 -0.0212406
56.6 -0.0223064
56.61 -0.0230471
56.62 -0.0234118
56.63 -0.023353
56.64 -0.022836
56.65 -0.0218403
56.66 -0.02036
56.67 -0.0184048
56.68 -0.0159662
56.69 -0.0131176
56.7 -0.00992468
56.71 -0.00645603
56.72 -0.00279042
56.73 0.00098536
56.74 0.00477881
56.75 0.0084943
56.76 0.0120107
56.77 0.015241
56.78 0.0180991
56.79 0.0205056
56.8 0.0223906
56.81 0.0236964
56.82 0.0243787
56.83 0.0244051
56.84 0.0236985
56.85 0.0223276
56.86 0.0203125
56.87 0.0176876
56.88 0.0145004
56.89 0.0108104
56.9 0.00668724
56.91 0.00220404
56.92 -0.00256542
56.93 -0.00750499
56.94 -0.0125276
56.95 -0.0175484
56.96 -0.0224867
56.97 -0.0272686
56.98 -0.031828
56.99 -0.0360998
57 -0.0400199
57.01 -0.0435788
57.02 -0.0467583
57.03 -0.0495521
57.04 -0.0519657
57.05 -0.0540153
57.06 -0.055727
57.07 -0.0571248
57.08 -0.0582502
57.09 -0.0591683
57.1 -0.0599289
57.11 -0.0605818
57.12 -0.0611761
57.13 -0.0617575
57.14 -0.0623671
57.15 -0.0630449
57.16 -0.0638213
57.17 -0.0647105
57.18 -0.0657213
57.19 -0.0668537
57.2 -0.0680987
57.21 -0.069439
57.22 -0.0708497
57.23 -0.0722991
57.24 -0.0737439
57.25 -0.0751407
57.26 -0.0764451
57.27 -0.0776121
57.28 -0.0785973
57.29 -0.0793587
57.3 -0.0798577
57.31 -0.0800361
57.32 -0.0798786
57.33 -0.0793736
57.34 -0.0785088
57.35 -0.0772796
57.36 -0.0756891
57.37 -0.0737475
57.38 -0.0714719
57.39 -0.068861
57.4 -0.0659697
57.41 -0.0628361
57.42 -0.0594966
57.43 -0.0559897
57.44 -0.0523541
57.45 -0.0486279
57.46 -0.0448477
57.47 -0.0410482
57.48 -0.0372636
57.49 -0.033519
57.5 -0.029835
57.51 -0.026227
57.52 -0.0227056
57.53 -0.0192769
57.54 -0.0159431
57.55 -0.0127089
57.56 -0.00955929
57.57 -0.00648558
57.58 -0.00347768
57.59 -0.000524771
57.6 0.00238379
57.61 0.00525775
57.62 0.00810479
57.63 0.01093
57.64 0.0137379
57.65 0.0165278
57.66 0.0192961
57.67 0.0220358
57.68 0.0247371
57.69 0.0273875
57.7 0.0299696
57.71 0.0324626
57.72 0.0348537
57.73 0.0371261
57.74 0.0392635
57.75 0.0412513
57.76 0.0430771
57.77 0.0447312
57.78 0.0461994
57.79 0.0474777
57.8 0.0485784
57.81 0.0495084
57.82 0.0502783
57.83 0.0509023
57.84 0.0513982
57.85 0.051786
57.86 0.0520846
57.87 0.0523218
57.88 0.052525
57.89 0.0527173
57.9 0.05292
57.91 0.0531522
57.92 0.0534297
57.93 0.0537643
57.94 0.0541683
57.95 0.0546414
57.96 0.0551779
57.97 0.0557695
57.98 0.0564026
57.99 0.0570594
58 0.0577183
58.01 0.0583543
58.02 0.0589337
58.03 0.0594278
58.04 0.0598085
58.05 0.0600477
58.06 0.0601192
58.07 0.0599995
58.08 0.0596694
58.09 0.0591139
58.1 0.0583013
58.11 0.057249
58.12 0.055963
58.13 0.0544538
58.14 0.0527381
58.15 0.0508386
58.16 0.0487833
58.17 0.0466045
58.18 0.0443348
58.19 0.0420256
58.2 0.0397181
58.21 0.0374541
58.22 0.0352743
58.23 0.0332174
58.24 0.0313192
58.25 0.0296144
58.26 0.0281467
58.27 0.0269183
58.28 0.0259417
58.29 0.0252224
58.3 0.0247589
58.31 0.024543
58.32 0.0245596
58.33 0.0247927
58.34 0.0252205
58.35 0.0257955
58.36 0.0264822
58.37 0.0272428
58.38 0.0280382
58.39 0.0288297
58.4 0.0295793
58.41 0.0302473
58.42 0.0307954
58.43 0.0312022
58.44 0.0314461
58.45 0.0315113
58.46 0.0313885
58.47 0.0310743
58.48 0.0305719
58.49 0.0298821
58.5 0.0290233
58.51 0.0280255
58.52 0.0269145
58.53 0.0257194
58.54 0.0244718
58.55 0.0232045
58.56 0.0219511
58.57 0.0207493
58.58 0.0196323
58.59 0.0186258
58.6 0.0177539
58.61 0.0170361
58.62 0.0164871
58.63 0.0161162
58.64 0.0159272
58.65 0.0159314
58.66 0.0161108
58.67 0.0164468
58.68 0.0169212
58.69 0.0175113
58.7 0.0181913
58.71 0.0189326
58.72 0.019705
58.73 0.0204746
58.74 0.0212075
58.75 0.0218738
58.76 0.0224457
58.77 0.0228979
58.78 0.0232084
58.79 0.023359
58.8 0.0233359
58.81 0.0231107
58.82 0.0226969
58.83 0.0220955
58.84 0.0213118
58.85 0.0203548
58.86 0.0192376
58.87 0.0179762
58.88 0.0165881
58.89 0.015088
58.9 0.013509
58.91 0.0118737
58.92 0.0102044
58.93 0.0085226
58.94 0.0068484
58.95 0.00519992
58.96 0.00359417
58.97 0.00204852
58.98 0.000568909
58.99 -0.000838303
59 -0.00216982
59.01 -0.00342531
59.02 -0.00460718
59.03 -0.00572033
59.04 -0.00676997
59.05 -0.00776436
59.06 -0.00871776
59.07 -0.00964097
59.08 -0.0105449
59.09 -0.0114402
59.1 -0.0123365
59.11 -0.0132424
59.12 -0.0141656
59.13 -0.0151117
59.14 -0.0160818
59.15 -0.0170758
59.16 -0.0180909
59.17 -0.0191222
59.18 -0.0201625
59.19 -0.0212024
59.2 -0.0222293
59.21 -0.0232291
59.22 -0.0241884
59.23 -0.025093
59.24 -0.0259283
59.25 -0.0266803
59.26 -0.0273359
59.27 -0.0278832
59.28 -0.0283032
59.29 -0.0285919
59.3 -0.0287483
59.31 -0.02877
59.32 -0.0286578
59.33 -0.0284156
59.34 -0.0280498
59.35 -0.0275701
59.36 -0.0269818
59.37 -0.0263078
59.38 -0.0255676
59.39 -0.0247801
59.4 -0.0239657
59.41 -0.0231453
59.42 -0.02234
59.43 -0.0215707
59.44 -0.0208642
59.45 -0.0202356
59.46 -0.0197002
59.47 -0.0192716
59.48 -0.0189602
59.49 -0.0187735
59.5 -0.0187151
59.51 -0.018786
59.52 -0.0189934
59.53 -0.0193166
59.54 -0.0197442
59.55 -0.0202612
59.56 -0.0208496
59.57 -0.0214889
59.58 -0.0221566
59.59 -0.022828
59.6 -0.0234736
59.61 -0.0240675
59.62 -0.0245846
59.63 -0.0250005
59.64 -0.0252924
59.65 -0.0254399
59.66 -0.025425
59.67 -0.0252275
59.68 -0.0248273
59.69 -0.0242308
59.7 -0.0234359
59.71 -0.0224446
59.72 -0.0212628
59.73 -0.0199008
59.74 -0.0183727
59.75 -0.0166909
59.76 -0.0148766
59.77 -0.0129627
59.78 -0.0109756
59.79 -0.00894263
59.8 -0.0068925
59.81 -0.004854
59.82 -0.00285566
59.83 -0.000930159
59.84 0.00089321
59.85 0.00259413
59.86 0.00415123
59.87 0.00554588
59.88 0.00676245
59.89 0.00778846
59.9 0.00861467
59.91 0.00922159
59.92 0.00961206
59.93 0.00979441
59.94 0.00977195
59.95 0.00955032
59.96 0.00913712
59.97 0.00854153
59.98 0.00777394
59.99 0.00683421
60 0.00574356
60.01 0.00451774
60.02 0.00316828
60.03 0.00170627
60.04 0.000142183
60.05 -0.00151422
60.06 -0.00325389
60.07 -0.0050744
60.08 -0.0069617
60.09 -0.00890759
60.1 -0.010905
60.11 -0.0129469
60.12 -0.0150257
60.13 -0.0171336
60.14 -0.0192618
60.15 -0.0214005
60.16 -0.0235365
60.17 -0.0256573
60.18 -0.027749
60.19 -0.0297964
60.2 -0.0317832
60.21 -0.0336919
60.22 -0.0355032
60.23 -0.0371879
60.24 -0.0387364
60.25 -0.0401314
60.26 -0.0413563
60.27 -0.0423965
60.28 -0.0432394
60.29 -0.0438751
60.3 -0.044292
60.31 -0.0444747
60.32 -0.0444417
60.33 -0.0441984
60.34 -0.0437544
60.35 -0.0431233
60.36 -0.0423225
60.37 -0.0413727
60.38 -0.0402944
60.39 -0.0391143
60.4 -0.037869
60.41 -0.0365876
60.42 -0.0352995
60.43 -0.034033
60.44 -0.0328148
60.45 -0.0316692
60.46 -0.0306223
60.47 -0.0296933
60.48 -0.0288882
60.49 -0.0282129
60.5 -0.0276676
60.51 -0.0272473
60.52 -0.0269415
60.53 -0.0267343
60.54 -0.0266081
60.55 -0.026533
60.56 -0.026477
60.57 -0.0264085
60.58 -0.0262949
60.59 -0.0261034
60.6 -0.0258019
60.61 -0.0253603
60.62 -0.0247383
60.63 -0.0239178
60.64 -0.0228875
60.65 -0.0216367
60.66 -0.0201614
60.67 -0.018464
60.68 -0.0165542
60.69 -0.0144482
60.7 -0.0121568
60.71 -0.00972364
60.72 -0.00718679
60.73 -0.0045851
60.74 -0.00196018
60.75 0.000644888
60.76 0.00318682
60.77 0.00562354
60.78 0.00789849
60.79 0.00998645
60.8 0.0118594
60.81 0.0134949
60.82 0.0148776
60.83 0.0160002
60.84 0.0168635
60.85 0.0174757
60.86 0.0178359
60.87 0.0179949
60.88 0.0179867
60.89 0.0178511
60.9 0.0176325
60.91 0.0173782
60.92 0.0171377
60.93 0.0169619
60.94 0.016911
60.95 0.0170221
60.96 0.0173332
60.97 0.0178756
60.98 0.0186726
60.99 0.0197387
61 0.0210789
61.01 0.0226955
61.02 0.024581
61.03 0.0266885
61.04 0.0289813
61.05 0.0314142
61.06 0.0339351
61.07 0.0364863
61.08 0.0390059
61.09 0.0414232
61.1 0.0436627
61.11 0.0456689
61.12 0.047384
61.13 0.0487563
61.14 0.0497415
61.15 0.0503045
61.16 0.0504205
61.17 0.0500509
61.18 0.0491973
61.19 0.0478948
61.2 0.0461677
61.21 0.0440514
61.22 0.0415915
61.23 0.0388423
61.24 0.0358654
61.25 0.0327224
61.26 0.0294974
61.27 0.0262683
61.28 0.0231061
61.29 0.0200788
61.3 0.0172489
61.31 0.014672
61.32 0.0123952
61.33 0.0104834
61.34 0.0089458
61.35 0.00778549
61.36 0.00700189
61.37 0.00658265
61.38 0.00650423
61.39 0.00673279
61.4 0.00722544
61.41 0.0079457
61.42 0.00881507
61.43 0.00977051
61.44 0.0107505
61.45 0.0116944
61.46 0.012545
61.47 0.0132499
61.48 0.0137636
61.49 0.0140237
61.5 0.0140255
61.51 0.0137559
61.52 0.013213
61.53 0.0124068
61.54 0.0113584
61.55 0.0101001
61.56 0.00867269
61.57 0.00712368
61.58 0.00552641
61.59 0.0039443
61.6 0.00244326
61.61 0.00108947
61.62 -5.27336e-05
61.63 -0.000923009
61.64 -0.00145825
61.65 -0.00158744
61.66 -0.00130234
61.67 -0.000579813
61.68 0.000591234
61.69 0.00220934
61.7 0.00426036
61.71 0.00671768
61.72 0.00955401
61.73 0.0127224
61.74 0.0161381
61.75 0.019733
61.76 0.0234335
61.77 0.0271624
61.78 0.0308416
61.79 0.0343939
61.8 0.0377321
61.81 0.0407774
61.82 0.0434814
61.83 0.0457936
61.84 0.047674
61.85 0.0490941
61.86 0.0500373
61.87 0.0504993
61.88 0.0504613
61.89 0.049955
61.9 0.0490331
61.91 0.0477378
61.92 0.0461188
61.93 0.0442322
61.94 0.0421379
61.95 0.0398983
61.96 0.0375744
61.97 0.0352369
61.98 0.0329439
61.99 0.0307456
62 0.0286851
62.01 0.0267972
62.02 0.0251075
62.03 0.0236317
62.04 0.0223941
62.05 0.0213744
62.06 0.0205534
62.07 0.0199076
62.08 0.0194064
62.09 0.019013
62.1 0.0186869
62.11 0.0183842
62.12 0.0180545
62.13 0.0176521
62.14 0.0171366
62.15 0.0164719
62.16 0.0156275
62.17 0.0145794
62.18 0.0133116
62.19 0.0118148
62.2 0.0100704
62.21 0.00811145
62.22 0.00595741
62.23 0.00363516
62.24 0.00117816
62.25 -0.00137473
62.26 -0.00398054
62.27 -0.00659287
62.28 -0.00915709
62.29 -0.0116273
62.3 -0.0139598
62.31 -0.016115
62.32 -0.0180582
62.33 -0.0197611
62.34 -0.0212025
62.35 -0.0223605
62.36 -0.0232185
62.37 -0.0238017
62.38 -0.0241231
62.39 -0.0242034
62.4 -0.0240702
62.41 -0.0237568
62.42 -0.023301
62.43 -0.0227418
62.44 -0.0221269
62.45 -0.0215053
62.46 -0.0209187
62.47 -0.020406
62.48 -0.0200018
62.49 -0.0197351
62.5 -0.0196288
62.51 -0.0197081
62.52 -0.0199799
62.53 -0.0204333
62.54 -0.0210581
62.55 -0.0218365
62.56 -0.0227437
62.57 -0.0237484
62.58 -0.0248144
62.59 -0.0258997
62.6 -0.0269551
62.61 -0.0279356
62.62 -0.0287973
62.63 -0.0294983
62.64 -0.0300001
62.65 -0.0302691
62.66 -0.0302771
62.67 -0.0299801
62.68 -0.0293793
62.69 -0.0284782
62.7 -0.0272815
62.71 -0.0258024
62.72 -0.0240622
62.73 -0.0220897
62.74 -0.0199204
62.75 -0.0175858
62.76 -0.015149
62.77 -0.0126619
62.78 -0.0101761
62.79 -0.00774372
62.8 -0.00541567
62.81 -0.00324043
62.82 -0.00126277
62.83 0.000449988
62.84 0.00188632
62.85 0.00302083
62.86 0.00383561
62.87 0.00432058
62.88 0.00447363
62.89 0.00430049
62.9 0.00381092
62.91 0.00300545
62.92 0.00193973
62.93 0.000646782
62.94 -0.000836316
62.95 -0.0024696
62.96 -0.0042114
62.97 -0.00601961
62.98 -0.00785245
62.99 -0.00966547
63 -0.0114218
63.01 -0.0130903
63.02 -0.0146448
63.03 -0.0160649
63.04 -0.0173365
63.05 -0.0184518
63.06 -0.019404
63.07 -0.0201953
63.08 -0.0208487
63.09 -0.0213823
63.1 -0.0218191
63.11 -0.022186
63.12 -0.022513
63.13 -0.0228321
63.14 -0.0231791
63.15 -0.0235918
63.16 -0.0240999
63.17 -0.0247322
63.18 -0.0255144
63.19 -0.0264678
63.2 -0.0276086
63.21 -0.0289477
63.22 -0.0305019
63.23 -0.032265
63.24 -0.0342192
63.25 -0.0363485
63.26 -0.0386314
63.27 -0.0410406
63.28 -0.0435435
63.29 -0.0461037
63.3 -0.0486787
63.31 -0.05122
63.32 -0.0536823
63.33 -0.0560205
63.34 -0.0581901
63.35 -0.0601481
63.36 -0.0618543
63.37 -0.063272
63.38 -0.0643397
63.39 -0.0650495
63.4 -0.0653871
63.41 -0.0653387
63.42 -0.0648974
63.43 -0.0640626
63.44 -0.0628409
63.45 -0.061245
63.46 -0.0592628
63.47 -0.0569542
63.48 -0.0543526
63.49 -0.0514939
63.5 -0.0484172
63.51 -0.0451643
63.52 -0.0417788
63.53 -0.0383045
63.54 -0.034786
63.55 -0.031273
63.56 -0.0278054
63.57 -0.0244196
63.58 -0.0211481
63.59 -0.0180188
63.6 -0.0150544
63.61 -0.0122756
63.62 -0.00970691
63.63 -0.00733707
63.64 -0.00516435
63.65 -0.00318154
63.66 -0.00137635
63.67 0.000268111
63.68 0.00177267
63.69 0.00315867
63.7 0.00445224
63.71 0.00568939
63.72 0.00689846
63.73 0.00810717
63.74 0.0093417
63.75 0.0106259
63.76 0.0119804
63.77 0.0134263
63.78 0.0149788
63.79 0.016639
63.8 0.018408
63.81 0.0202819
63.82 0.0222514
63.83 0.0243024
63.84 0.0264162
63.85 0.0285707
63.86 0.0307356
63.87 0.03288
63.88 0.0349732
63.89 0.0369839
63.9 0.0388811
63.91 0.0406354
63.92 0.0422195
63.93 0.0435951
63.94 0.0447463
63.95 0.0456657
63.96 0.0463446
63.97 0.0467795
63.98 0.046973
63.99 0.0469335
64 0.0466749
64.01 0.0462032
64.02 0.0455566
64.03 0.0447689
64.04 0.0438723
64.05 0.0429014
64.06 0.0418914
64.07 0.040878
64.08 0.0398957
64.09 0.038985
64.1 0.0381723
64.11 0.0374806
64.12 0.0369286
64.13 0.0365292
64.14 0.036289
64.15 0.0362081
64.16 0.03628
64.17 0.0365035
64.18 0.0368424
64.19 0.0372703
64.2 0.0377558
64.21 0.0382638
64.22 0.0387559
64.23 0.0391924
64.24 0.0395308
64.25 0.0397168
64.26 0.0397222
64.27 0.0395131
64.28 0.0390603
64.29 0.0383398
64.3 0.0373344
64.31 0.0360333
64.32 0.0344267
64.33 0.0325052
64.34 0.0303063
64.35 0.0278519
64.36 0.0251711
64.37 0.022299
64.38 0.0192765
64.39 0.0161489
64.4 0.0129648
64.41 0.0097811
64.42 0.00665257
64.43 0.00362966
64.44 0.000760586
64.45 -0.0019099
64.46 -0.00434172
64.47 -0.00650043
64.48 -0.00834253
64.49 -0.00984404
64.5 -0.01101
64.51 -0.0118372
64.52 -0.0123303
64.53 -0.0125017
64.54 -0.0123707
64.55 -0.0119634
64.56 -0.0112988
64.57 -0.010423
64.58 -0.00938606
64.59 -0.00823038
64.6 -0.00699895
64.61 -0.0057342
64.62 -0.00447683
64.63 -0.00326458
64.64 -0.00213911
64.65 -0.00112831
64.66 -0.00025153
64.67 0.000475792
64.68 0.00104485
64.69 0.00145359
64.7 0.00170659
64.71 0.0018148
64.72 0.00178617
64.73 0.00165427
64.74 0.00144867
64.75 0.00119994
64.76 0.000940831
64.77 0.000705143
64.78 0.000526646
64.79 0.000437959
64.8 0.000483678
64.81 0.0006818
64.82 0.00105367
64.83 0.0016163
64.84 0.00238115
64.85 0.00335379
64.86 0.00453364
64.87 0.00591527
64.88 0.00750052
64.89 0.00925087
64.9 0.0111416
64.91 0.0131437
64.92 0.0152245
64.93 0.0173487
64.94 0.0194792
64.95 0.0215768
64.96 0.0235953
64.97 0.0255017
64.98 0.0272623
64.99 0.0288466
65 0.0302281
65.01 0.0313845
65.02 0.0322989
65.03 0.0329514
65.04 0.0333256
65.05 0.0334401
65.06 0.0333012
65.07 0.0329205
65.08 0.032314
65.09 0.0315022
65.1 0.0305092
65.11 0.0293566
65.12 0.0280758
65.13 0.0267063
65.14 0.025279
65.15 0.0238247
65.16 0.0223728
65.17 0.0209506
65.18 0.019583
65.19 0.0182967
65.2 0.017111
65.21 0.0160349
65.22 0.015077
65.23 0.0142412
65.24 0.013527
65.25 0.0129296
65.26 0.0124398
65.27 0.01205
65.28 0.0117383
65.29 0.0114814
65.3 0.0112573
65.31 0.0110421
65.32 0.0108109
65.33 0.0105387
65.34 0.0102007
65.35 0.0097644
65.36 0.00921079
65.37 0.00852287
65.38 0.00768446
65.39 0.00668281
65.4 0.00550893
65.41 0.0041579
65.42 0.00262903
65.43 0.000911007
65.44 -0.000972791
65.45 -0.00300714
65.46 -0.00517471
65.47 -0.00745451
65.48 -0.00982229
65.49 -0.012251
65.5 -0.0147113
65.51 -0.0171692
65.52 -0.0195898
65.53 -0.0219411
65.54 -0.0241914
65.55 -0.0263104
65.56 -0.0282697
65.57 -0.0300432
65.58 -0.0316052
65.59 -0.0329176
65.6 -0.033985
65.61 -0.0347976
65.62 -0.0353502
65.63 -0.0356424
65.64 -0.0356782
65.65 -0.0354662
65.66 -0.035014
65.67 -0.0343293
65.68 -0.0334509
65.69 -0.0324024
65.7 -0.0312092
65.71 -0.0298985
65.72 -0.0284978
65.73 -0.0270348
65.74 -0.0255358
65.75 -0.0240287
65.76 -0.0225382
65.77 -0.0210839
65.78 -0.0196822
65.79 -0.0183458
65.8 -0.0170837
65.81 -0.0159009
65.82 -0.0148024
65.83 -0.0137848
65.84 -0.0128373
65.85 -0.0119501
65.86 -0.0111113
65.87 -0.0103072
65.88 -0.00952328
65.89 -0.00874471
65.9 -0.00795585
65.91 -0.00714254
65.92 -0.00629486
65.93 -0.00540527
65.94 -0.0044696
65.95 -0.00348741
65.96 -0.00246232
65.97 -0.0014021
65.98 -0.000318163
65.99 0.000770192
66 0.00184204
66.01 0.00287413
66.02 0.00384094
66.03 0.00471547
66.04 0.00547012
66.05 0.00607762
66.06 0.00649533
66.07 0.00670949
66.08 0.00670356
66.09 0.00646238
66.1 0.0059758
66.11 0.0052393
66.12 0.00425438
66.13 0.00302877
66.14 0.00155658
66.15 -0.000118502
66.16 -0.00196829
66.17 -0.00396081
66.18 -0.00606004
66.19 -0.00822697
66.2 -0.0104207
66.21 -0.0125992
66.22 -0.0147127
66.23 -0.0167252
66.24 -0.0186021
66.25 -0.0203138
66.26 -0.0218368
66.27 -0.023154
66.28 -0.0242562
66.29 -0.025138
66.3 -0.0257949
66.31 -0.0262617
66.32 -0.026563
66.33 -0.0267304
66.34 -0.0268016
66.35 -0.0268192
66.36 -0.026829
66.37 -0.0268817
66.38 -0.0270347
66.39 -0.0273305
66.4 -0.0278115
66.41 -0.0285145
66.42 -0.0294696
66.43 -0.0306989
66.44 -0.0322148
66.45 -0.034032
66.46 -0.0361439
66.47 -0.0385119
66.48 -0.0411035
66.49 -0.0438764
66.5 -0.0467791
66.51 -0.0497521
66.52 -0.0527301
66.53 -0.0556352
66.54 -0.058386
66.55 -0.0609134
66.56 -0.0631475
66.57 -0.0650232
66.58 -0.066482
66.59 -0.0674741
66.6 -0.0679603
66.61 -0.0678761
66.62 -0.0672248
66.63 -0.0660272
66.64 -0.0642994
66.65 -0.0620715
66.66 -0.0593863
66.67 -0.0562983
66.68 -0.0528728
66.69 -0.0491688
66.7 -0.0452905
66.71 -0.0413285
66.72 -0.037368
66.73 -0.0334932
66.74 -0.0297834
66.75 -0.0263117
66.76 -0.0231421
66.77 -0.0203635
66.78 -0.0179893
66.79 -0.0160386
66.8 -0.0145194
66.81 -0.0134246
66.82 -0.0127321
66.83 -0.0124057
66.84 -0.0123966
66.85 -0.0126618
66.86 -0.0130987
66.87 -0.0136284
66.88 -0.0141685
66.89 -0.0146352
66.9 -0.0149463
66.91 -0.0150241
66.92 -0.0147928
66.93 -0.0141581
66.94 -0.0131011
66.95 -0.0115886
66.96 -0.00960244
66.97 -0.00713999
66.98 -0.00421437
66.99 -0.000854235
67 0.00290543
67.01 0.00701648
67.02 0.0113787
67.03 0.0159122
67.04 0.0205305
67.05 0.0251436
67.06 0.0296604
67.07 0.0339921
67.08 0.0380415
67.09 0.0417145
67.1 0.0449655
67.11 0.0477432
67.12 0.0500108
67.13 0.0517467
67.14 0.0529451
67.15 0.053616
67.16 0.0537626
67.17 0.0534311
67.18 0.0527038
67.19 0.0516474
67.2 0.050337
67.21 0.0488536
67.22 0.0472806
67.23 0.0457016
67.24 0.0442068
67.25 0.0428776
67.26 0.041775
67.27 0.0409519
67.28 0.0404484
67.29 0.0402904
67.3 0.0404886
67.31 0.0410383
67.32 0.0419412
67.33 0.0431418
67.34 0.0445803
67.35 0.0461952
67.36 0.0479161
67.37 0.0496668
67.38 0.0513678
67.39 0.0529388
67.4 0.0542785
67.41 0.0553233
67.42 0.0560153
67.43 0.0563045
67.44 0.0561537
67.45 0.0555409
67.46 0.0544597
67.47 0.0529198
67.48 0.0509097
67.49 0.0485173
67.5 0.0458041
67.51 0.0428419
67.52 0.0397123
67.53 0.0365047
67.54 0.0333126
67.55 0.030233
67.56 0.0273864
67.57 0.0248477
67.58 0.0226956
67.59 0.020997
67.6 0.0198056
67.61 0.0191595
67.62 0.0190801
67.63 0.0195816
67.64 0.0206804
67.65 0.0222935
67.66 0.0243679
67.67 0.0268359
67.68 0.029617
67.69 0.0326201
67.7 0.0357471
67.71 0.0388923
67.72 0.0419362
67.73 0.0447777
67.74 0.0473227
67.75 0.0494858
67.76 0.051194
67.77 0.0523882
67.78 0.0530253
67.79 0.0530538
67.8 0.0524594
67.81 0.0512909
67.82 0.0495813
67.83 0.0473796
67.84 0.04475
67.85 0.0417693
67.86 0.0385241
67.87 0.0351049
67.88 0.031625
67.89 0.0281906
67.9 0.0248977
67.91 0.0218363
67.92 0.0190873
67.93 0.0167206
67.94 0.0147922
67.95 0.0133774
67.96 0.012485
67.97 0.0121022
67.98 0.0122158
67.99 0.0127965
68 0.0137998
68.01 0.015168
68.02 0.0168322
68.03 0.0187249
68.04 0.0207402
68.05 0.0227858
68.06 0.0247742
68.07 0.0266214
68.08 0.0282488
68.09 0.0295864
68.1 0.0305742
68.11 0.031125
68.12 0.0312358
68.13 0.0308939
68.14 0.0300968
68.15 0.0288562
68.16 0.0271971
68.17 0.0251562
68.18 0.0227802
68.19 0.020104
68.2 0.0172228
68.21 0.0142028
68.22 0.0111106
68.23 0.00801139
68.24 0.00496603
68.25 0.00202949
68.26 -0.000748445
68.27 -0.00331298
68.28 -0.00565396
68.29 -0.00775822
68.3 -0.00962393
68.31 -0.0112603
68.32 -0.0126867
68.33 -0.0139318
68.34 -0.0150293
68.35 -0.0160219
68.36 -0.0169668
68.37 -0.0179124
68.38 -0.0189059
68.39 -0.0199918
68.4 -0.0212097
68.41 -0.0225929
68.42 -0.0241741
68.43 -0.0259754
68.44 -0.0279878
68.45 -0.0302043
68.46 -0.0326077
68.47 -0.0351711
68.48 -0.0378587
68.49 -0.0406274
68.5 -0.0434266
68.51 -0.0461953
68.52 -0.0488763
68.53 -0.0514142
68.54 -0.053756
68.55 -0.0558532
68.56 -0.0576633
68.57 -0.059152
68.58 -0.0602714
68.59 -0.0610137
68.6 -0.0613909
68.61 -0.0614122
68.62 -0.0610972
68.63 -0.0604754
68.64 -0.0595854
68.65 -0.058473
68.66 -0.0571816
68.67 -0.0557812
68.68 -0.0543338
68.69 -0.0528963
68.7 -0.0515226
68.71 -0.0502618
68.72 -0.0491564
68.73 -0.0482409
68.74 -0.0475598
68.75 -0.0471125
68.76 -0.0468967
68.77 -0.0469027
68.78 -0.0471104
68.79 -0.0474899
68.8 -0.0480028
68.81 -0.0486036
68.82 -0.04924
68.83 -0.0498492
68.84 -0.0503758
68.85 -0.0507656
68.86 -0.0509683
68.87 -0.0509385
68.88 -0.0506385
68.89 -0.0500362
68.9 -0.0490842
68.91 -0.047805
68.92 -0.0462037
68.93 -0.0442969
68.94 -0.0421114
68.95 -0.0396841
68.96 -0.0370601
68.97 -0.0342901
68.98 -0.0314332
68.99 -0.0285612
69 -0.0257355
69.01 -0.0230157
69.02 -0.0204576
69.03 -0.0181111
69.04 -0.0160186
69.05 -0.0142232
69.06 -0.012761
69.07 -0.0116209
69.08 -0.0108004
69.09 -0.0102859
69.1 -0.0100526
69.11 -0.0100663
69.12 -0.0102839
69.13 -0.0106596
69.14 -0.011132
69.15 -0.011634
69.16 -0.0121069
69.17 -0.0124938
69.18 -0.012742
69.19 -0.0128045
69.2 -0.0126425
69.21 -0.0122107
69.22 -0.0114915
69.23 -0.0104912
69.24 -0.00921588
69.25 -0.00768305
69.26 -0.0059208
69.27 -0.00396691
69.28 -0.00186751
69.29 0.000326889
69.3 0.00254839
69.31 0.00473384
69.32 0.00682325
69.33 0.00875912
69.34 0.0104886
69.35 0.0119655
69.36 0.013152
69.37 0.0139933
69.38 0.0144912
69.39 0.0146502
69.4 0.01448
69.41 0.014002
69.42 0.0132484
69.43 0.0122614
69.44 0.0110915
69.45 0.00979021
69.46 0.00843568
69.47 0.0070932
69.48 0.00582624
69.49 0.00469527
69.5 0.00375548
69.51 0.00305477
69.52 0.0026327
69.53 0.00254845
69.54 0.00278718
69.55 0.00334948
69.56 0.00422315
69.57 0.00538357
69.58 0.00679442
69.59 0.00840888
69.6 0.0101723
69.61 0.0120206
69.62 0.0138733
69.63 0.0156602
69.64 0.0173118
69.65 0.0187619
69.66 0.0199497
69.67 0.0208224
69.68 0.0213265
69.69 0.0214094
69.7 0.0210829
69.71 0.0203449
69.72 0.0192077
69.73 0.0176969
69.74 0.0158514
69.75 0.0137214
69.76 0.0113621
69.77 0.00884825
69.78 0.00626943
69.79 0.00370457
69.8 0.00123285
69.81 -0.00106894
69.82 -0.00312894
69.83 -0.0048826
69.84 -0.00625435
69.85 -0.00719602
69.86 -0.00769884
69.87 -0.00774935
69.88 -0.00734853
69.89 -0.00651173
69.9 -0.00526818
69.91 -0.00365995
69.92 -0.00172524
69.93 0.000456608
69.94 0.0028018
69.95 0.00523403
69.96 0.00767527
69.97 0.0100483
69.98 0.0122793
69.99 0.0143003
70 0.0160278
70.01 0.0174211
70.02 0.0184527
70.03 0.0191008
70.04 0.0193573
70.05 0.0192278
70.06 0.0187315
70.07 0.0179001
70.08 0.0167562
70.09 0.0153798
70.1 0.0138376
70.11 0.0121963
70.12 0.0105254
70.13 0.00889405
70.14 0.00736897
70.15 0.00601182
70.16 0.00490335
70.17 0.00406978
70.18 0.003542
70.19 0.0033394
70.2 0.00346845
70.21 0.00392256
70.22 0.00468229
70.23 0.00571807
70.24 0.00700107
70.25 0.00845242
70.26 0.010011
70.27 0.0116107
70.28 0.0131832
70.29 0.0146599
70.3 0.0159746
70.31 0.01706
70.32 0.0178396
70.33 0.0182891
70.34 0.0183763
70.35 0.018081
70.36 0.0173959
70.37 0.0163267
70.38 0.0148924
70.39 0.0131148
70.4 0.0110327
70.41 0.00872373
70.42 0.00625081
70.43 0.00368256
70.44 0.00109121
70.45 -0.0014498
70.46 -0.00386813
70.47 -0.00608337
70.48 -0.00802173
70.49 -0.00964116
70.5 -0.0108979
70.51 -0.0117591
70.52 -0.012204
70.53 -0.0122239
70.54 -0.0118228
70.55 -0.0109955
70.56 -0.00977947
70.57 -0.00823277
70.58 -0.00640406
70.59 -0.00434868
70.6 -0.00212679
70.61 0.000198694
70.62 0.00256416
70.63 0.00490169
70.64 0.00714708
70.65 0.00924919
70.66 0.0111631
70.67 0.0128521
70.68 0.0142889
70.69 0.0154559
70.7 0.0163455
70.71 0.0169387
70.72 0.0172661
70.73 0.0173553
70.74 0.0172354
70.75 0.0169408
70.76 0.0165103
70.77 0.015985
70.78 0.0154067
70.79 0.014819
70.8 0.0142641
70.81 0.0137755
70.82 0.0133809
70.83 0.013102
70.84 0.0129533
70.85 0.012942
70.86 0.0130684
70.87 0.0133363
70.88 0.0137169
70.89 0.0141895
70.9 0.0147292
70.91 0.0153078
70.92 0.0158955
70.93 0.0164621
70.94 0.0169772
70.95 0.0174062
70.96 0.0177319
70.97 0.0179376
70.98 0.0180122
70.99 0.0179513
71 0.017757
71.01 0.0174381
71.02 0.0170077
71.03 0.016486
71.04 0.0159084
71.05 0.0153064
71.06 0.0147138
71.07 0.0141658
71.08 0.0136974
71.09 0.013342
71.1 0.0131368
71.11 0.0131146
71.12 0.0132854
71.13 0.0136618
71.14 0.0142493
71.15 0.0150456
71.16 0.0160406
71.17 0.0172166
71.18 0.0185551
71.19 0.0200197
71.2 0.0215645
71.21 0.0231478
71.22 0.0247248
71.23 0.0262497
71.24 0.0276772
71.25 0.0289635
71.26 0.0300547
71.27 0.0309159
71.28 0.031526
71.29 0.031864
71.3 0.0319164
71.31 0.0316778
71.32 0.0311513
71.33 0.030348
71.34 0.0292693
71.35 0.0279573
71.36 0.026452
71.37 0.0247912
71.38 0.0230162
71.39 0.0211699
71.4 0.0192958
71.41 0.0174366
71.42 0.0156403
71.43 0.0139423
71.44 0.012372
71.45 0.0109539
71.46 0.00970581
71.47 0.00863854
71.48 0.00775584
71.49 0.00705449
71.5 0.00653994
71.51 0.00617757
71.52 0.00594478
71.53 0.00581552
71.54 0.005761
71.55 0.00575092
71.56 0.00575469
71.57 0.00574224
71.58 0.00567981
71.59 0.00554586
71.6 0.00532119
71.61 0.00499146
71.62 0.00454763
71.63 0.00398619
71.64 0.00330905
71.65 0.00252128
71.66 0.00163088
71.67 0.00066312
71.68 -0.000362374
71.69 -0.00142408
71.7 -0.00249964
71.71 -0.00356694
71.72 -0.00460522
71.73 -0.00559394
71.74 -0.00651438
71.75 -0.00735997
71.76 -0.00812543
71.77 -0.00881054
71.78 -0.00942022
71.79 -0.00996436
71.8 -0.0104574
71.81 -0.0109176
71.82 -0.0113696
71.83 -0.0118396
71.84 -0.0123529
71.85 -0.0129343
71.86 -0.0136072
71.87 -0.0143924
71.88 -0.0153066
71.89 -0.0163702
71.9 -0.0175878
71.91 -0.0189512
71.92 -0.0204521
71.93 -0.0220751
71.94 -0.0237982
71.95 -0.0255933
71.96 -0.0274264
71.97 -0.0292565
71.98 -0.0310364
71.99 -0.0327223
72 -0.03427
72.01 -0.0356366
72.02 -0.0367821
72.03 -0.0376709
72.04 -0.0382732
72.05 -0.03854
72.06 -0.0384753
72.07 -0.038082
72.08 -0.037366
72.09 -0.036343
72.1 -0.0350381
72.11 -0.033485
72.12 -0.0317259
72.13 -0.0298003
72.14 -0.0277819
72.15 -0.0257315
72.16 -0.0237105
72.17 -0.0217803
72.18 -0.0200005
72.19 -0.0184273
72.2 -0.0171123
72.21 -0.0161313
72.22 -0.0154916
72.23 -0.0152165
72.24 -0.0153191
72.25 -0.0158016
72.26 -0.0166551
72.27 -0.0178603
72.28 -0.0193919
72.29 -0.0212258
72.3 -0.0232864
72.31 -0.0255192
72.32 -0.0278651
72.33 -0.0302626
72.34 -0.0326493
72.35 -0.034964
72.36 -0.0371434
72.37 -0.0391197
72.38 -0.0408575
72.39 -0.0423193
72.4 -0.0434761
72.41 -0.0443087
72.42 -0.0448075
72.43 -0.0449729
72.44 -0.044803
72.45 -0.0443138
72.46 -0.043554
72.47 -0.0425595
72.48 -0.0413712
72.49 -0.0400341
72.5 -0.0385952
72.51 -0.037102
72.52 -0.035603
72.53 -0.0341479
72.54 -0.0327755
72.55 -0.0315192
72.56 -0.0304061
72.57 -0.0294562
72.58 -0.0286822
72.59 -0.0280892
72.6 -0.0276858
72.61 -0.0274563
72.62 -0.0273771
72.63 -0.0274265
72.64 -0.0275788
72.65 -0.0278053
72.66 -0.0280763
72.67 -0.0283614
72.68 -0.0286284
72.69 -0.0288487
72.7 -0.0290004
72.71 -0.0290652
72.72 -0.0290301
72.73 -0.0288873
72.74 -0.0286346
72.75 -0.0282753
72.76 -0.0278106
72.77 -0.0272627
72.78 -0.0266508
72.79 -0.0259955
72.8 -0.0253188
72.81 -0.0246438
72.82 -0.0239927
72.83 -0.0233861
72.84 -0.0228495
72.85 -0.0223918
72.86 -0.0220214
72.87 -0.021742
72.88 -0.0215518
72.89 -0.0214435
72.9 -0.0214045
72.91 -0.0214173
72.92 -0.0214594
72.93 -0.0214999
72.94 -0.0215098
72.95 -0.021459
72.96 -0.0213169
72.97 -0.0210541
72.98 -0.0206434
72.99 -0.0200566
73 -0.0192613
73.01 -0.0182583
73.02 -0.0170405
73.03 -0.0156071
73.04 -0.0139635
73.05 -0.0121218
73.06 -0.0101001
73.07 -0.0079176
73.08 -0.00560211
73.09 -0.00319662
73.1 -0.000736041
73.11 0.0017437
73.12 0.00420696
73.13 0.0066197
73.14 0.00895067
73.15 0.0111666
73.16 0.0132417
73.17 0.0151675
73.18 0.0169357
73.19 0.0185449
73.2 0.0200008
73.21 0.0213156
73.22 0.022508
73.23 0.023598
73.24 0.0246199
73.25 0.0256109
73.26 0.0266053
73.27 0.0276385
73.28 0.0287444
73.29 0.0299547
73.3 0.0312976
73.31 0.0328081
73.32 0.0344983
73.33 0.0363718
73.34 0.0384294
73.35 0.0406641
73.36 0.0430612
73.37 0.0455985
73.38 0.0482469
73.39 0.050974
73.4 0.0537302
73.41 0.0564693
73.42 0.0591448
73.43 0.0617098
73.44 0.0641185
73.45 0.0663277
73.46 0.0682986
73.47 0.0699696
73.48 0.0713359
73.49 0.0723823
73.5 0.0730996
73.51 0.0734872
73.52 0.0735531
73.53 0.0733135
73.54 0.0727912
73.55 0.0719972
73.56 0.070996
73.57 0.0698289
73.58 0.0685398
73.59 0.0671734
73.6 0.0657737
73.61 0.0643825
73.62 0.0630389
73.63 0.0617843
73.64 0.0606389
73.65 0.0596202
73.66 0.0587375
73.67 0.0579921
73.68 0.0573772
73.69 0.0568779
73.7 0.0564743
73.71 0.0561373
73.72 0.0558262
73.73 0.0555036
73.74 0.0551307
73.75 0.0546684
73.76 0.0540793
73.77 0.0533292
73.78 0.0523802
73.79 0.0512021
73.8 0.0497928
73.81 0.0481462
73.82 0.0462652
73.83 0.0441615
73.84 0.0418556
73.85 0.0393761
73.86 0.0367546
73.87 0.0340403
73.88 0.0312883
73.89 0.0285501
73.9 0.0258782
73.91 0.0233247
73.92 0.0209389
73.93 0.0187661
73.94 0.0168638
73.95 0.0152596
73.96 0.0139647
73.97 0.0129896
73.98 0.0123346
73.99 0.0119894
74 0.0119327
74.01 0.0121335
74.02 0.0125643
74.03 0.0131594
74.04 0.0138575
74.05 0.0145981
74.06 0.0153188
74.07 0.0159565
74.08 0.0164504
74.09 0.0167431
74.1 0.0167575
74.11 0.0164658
74.12 0.0158396
74.13 0.0148575
74.14 0.0135098
74.15 0.0117988
74.16 0.00973865
74.17 0.00735535
74.18 0.00466204
74.19 0.00173913
74.2 -0.00135575
74.21 -0.00455917
74.22 -0.00780339
74.23 -0.0110185
74.24 -0.0141346
74.25 -0.0170817
74.26 -0.0197717
74.27 -0.0221658
74.28 -0.0242177
74.29 -0.0258914
74.3 -0.0271617
74.31 -0.0280159
74.32 -0.0284534
74.33 -0.0284777
74.34 -0.0280956
74.35 -0.0273765
74.36 -0.0263681
74.37 -0.0251264
74.38 -0.0237136
74.39 -0.0221965
74.4 -0.0206444
74.41 -0.0191303
74.42 -0.0177331
74.43 -0.0165119
74.44 -0.0155225
74.45 -0.0148129
74.46 -0.0144213
74.47 -0.0143757
74.48 -0.014693
74.49 -0.0153952
74.5 -0.0164769
74.51 -0.017898
74.52 -0.0196285
74.53 -0.0216294
74.54 -0.0238542
74.55 -0.0262503
74.56 -0.0287609
74.57 -0.0313265
74.58 -0.0338788
74.59 -0.0363583
74.6 -0.0387107
74.61 -0.040887
74.62 -0.0428447
74.63 -0.0445488
74.64 -0.0459727
74.65 -0.0470772
74.66 -0.0478659
74.67 -0.0483508
74.68 -0.0485431
74.69 -0.0484616
74.7 -0.0481321
74.71 -0.0475859
74.72 -0.0468585
74.73 -0.0459802
74.74 -0.045004
74.75 -0.0439724
74.76 -0.0429233
74.77 -0.041892
74.78 -0.0409095
74.79 -0.040002
74.8 -0.0391903
74.81 -0.0385003
74.82 -0.037931
74.83 -0.0374826
74.84 -0.0371508
74.85 -0.036926
74.86 -0.0367945
74.87 -0.0367389
74.88 -0.0367398
74.89 -0.0367769
74.9 -0.0368237
74.91 -0.0368595
74.92 -0.0368656
74.93 -0.0368259
74.94 -0.0367272
74.95 -0.0365605
74.96 -0.0363192
74.97 -0.0359974
74.98 -0.0356053
74.99 -0.0351502
75 -0.0346424
75.01 -0.0340948
75.02 -0.0335216
75.03 -0.0329379
75.04 -0.0323592
75.05 -0.0318016
75.06 -0.0312759
75.07 -0.0307904
75.08 -0.03035
75.09 -0.0299553
75.1 -0.0296028
75.11 -0.0292845
75.12 -0.028988
75.13 -0.0286942
75.14 -0.0283808
75.15 -0.0280239
75.16 -0.0275976
75.17 -0.0270752
75.18 -0.0264297
75.19 -0.0256353
75.2 -0.0246583
75.21 -0.0234765
75.22 -0.0220836
75.23 -0.0204697
75.24 -0.0186306
75.25 -0.0165687
75.26 -0.0142927
75.27 -0.0118178
75.28 -0.00915615
75.29 -0.00634413
75.3 -0.00342205
75.31 -0.000427835
75.32 0.00259753
75.33 0.00561121
75.34 0.00856972
75.35 0.0114303
75.36 0.0141386
75.37 0.0166607
75.38 0.0189684
75.39 0.0210353
75.4 0.0228418
75.41 0.024375
75.42 0.0256296
75.43 0.0266077
75.44 0.0272968
75.45 0.027736
75.46 0.0279532
75.47 0.0279778
75.48 0.0278437
75.49 0.0275876
75.5 0.0272479
75.51 0.0268634
75.52 0.0264747
75.53 0.0261203
75.54 0.0258307
75.55 0.0256315
75.56 0.0255424
75.57 0.0255764
75.58 0.0257394
75.59 0.0260312
75.6 0.0264508
75.61 0.0269692
75.62 0.0275625
75.63 0.0282016
75.64 0.0288524
75.65 0.0294779
75.66 0.0300385
75.67 0.0304908
75.68 0.0307828
75.69 0.0308865
75.7 0.0307686
75.71 0.0304006
75.72 0.0297598
75.73 0.0288302
75.74 0.0276028
75.75 0.026066
75.76 0.0242189
75.77 0.0220969
75.78 0.0197231
75.79 0.0171268
75.8 0.0143432
75.81 0.0114121
75.82 0.00837668
75.83 0.00528232
75.84 0.00218199
75.85 -0.000875148
75.86 -0.00384455
75.87 -0.0066846
75.88 -0.00935765
75.89 -0.0118309
75.9 -0.014077
75.91 -0.0160593
75.92 -0.0177661
75.93 -0.0192015
75.94 -0.020365
75.95 -0.0212625
75.96 -0.0219049
75.97 -0.0223085
75.98 -0.0224931
75.99 -0.0224699
76 -0.0222754
76.01 -0.021942
76.02 -0.0214965
76.03 -0.0209647
76.04 -0.0203709
76.05 -0.0197367
76.06 -0.019081
76.07 -0.0184197
76.08 -0.0177654
76.09 -0.0171253
76.1 -0.0165027
76.11 -0.0158973
76.12 -0.015306
76.13 -0.0147227
76.14 -0.0141393
76.15 -0.0135444
76.16 -0.0129274
76.17 -0.0122776
76.18 -0.0115852
76.19 -0.0108412
76.2 -0.0100383
76.21 -0.00917131
76.22 -0.00823693
76.23 -0.00722871
76.24 -0.0061558
76.25 -0.00502321
76.26 -0.00383817
76.27 -0.00260974
76.28 -0.00134846
76.29 -6.58556e-05
76.3 0.00122597
76.31 0.00251355
76.32 0.00378504
76.33 0.00503038
76.34 0.00624109
76.35 0.00741064
76.36 0.00853469
76.37 0.00961121
76.38 0.0106393
76.39 0.0116204
76.4 0.0125631
76.41 0.0134745
76.42 0.0143632
76.43 0.0152383
76.44 0.0161096
76.45 0.0169867
76.46 0.017879
76.47 0.0187954
76.48 0.0197399
76.49 0.0207152
76.5 0.0217213
76.51 0.0227554
76.52 0.0238114
76.53 0.0248803
76.54 0.0259491
76.55 0.0270009
76.56 0.0280181
76.57 0.0289813
76.58 0.0298701
76.59 0.0306636
76.6 0.031341
76.61 0.0318824
76.62 0.0322585
76.63 0.0324562
76.64 0.0324689
76.65 0.0322879
76.66 0.0319084
76.67 0.03133
76.68 0.0305563
76.69 0.0295957
76.7 0.0284485
76.71 0.0271425
76.72 0.0257029
76.73 0.0241533
76.74 0.0225197
76.75 0.0208293
76.76 0.0191104
76.77 0.0173912
76.78 0.0157035
76.79 0.0140731
76.8 0.0125223
76.81 0.0110705
76.82 0.00973392
76.83 0.00852437
76.84 0.00744968
76.85 0.00651329
76.86 0.00572771
76.87 0.00507314
76.88 0.00453987
76.89 0.00411507
76.9 0.00378325
76.91 0.00352686
76.92 0.00332707
76.93 0.00316459
76.94 0.00301948
76.95 0.00287059
76.96 0.00270149
76.97 0.00249805
76.98 0.00224895
76.99 0.00194602
77 0.00158456
77.01 0.00116214
77.02 0.000678829
77.03 0.000146139
77.04 -0.000425908
77.05 -0.00102448
77.06 -0.00163442
77.07 -0.00223876
77.08 -0.00281934
77.09 -0.00335525
77.1 -0.00382371
77.11 -0.00421012
77.12 -0.00449835
77.13 -0.00467436
77.14 -0.00472659
77.15 -0.00464638
77.16 -0.00442823
77.17 -0.00406347
77.18 -0.00355312
77.19 -0.00291028
77.2 -0.00214371
77.21 -0.00126511
77.22 -0.000288824
77.23 0.000768617
77.24 0.0018889
77.25 0.00305373
77.26 0.00423937
77.27 0.00542354
77.28 0.00658603
77.29 0.00770747
77.3 0.00876976
77.31 0.00975636
77.32 0.0106527
77.33 0.0114381
77.34 0.0121057
77.35 0.0126516
77.36 0.0130707
77.37 0.0133604
77.38 0.0135204
77.39 0.0135523
77.4 0.0134597
77.41 0.0132386
77.42 0.0129041
77.43 0.0124667
77.44 0.0119354
77.45 0.0113201
77.46 0.0106314
77.47 0.00988008
77.48 0.00907725
77.49 0.0082315
77.5 0.00735873
77.51 0.00647049
77.52 0.00557794
77.53 0.00469205
77.54 0.00382356
77.55 0.00298285
77.56 0.00218016
77.57 0.00143012
77.58 0.000737576
77.59 0.000110332
77.6 -0.000444806
77.61 -0.000922195
77.62 -0.00131754
77.63 -0.0016281
77.64 -0.00185134
77.65 -0.00198283
77.66 -0.00203315
77.67 -0.00200785
77.68 -0.00191466
77.69 -0.00176345
77.7 -0.00156617
77.71 -0.0013367
77.72 -0.00109063
77.73 -0.000847047
77.74 -0.000625057
77.75 -0.000443129
77.76 -0.000319619
77.77 -0.000272211
77.78 -0.000317336
77.79 -0.000469591
77.8 -0.000746504
77.81 -0.00116042
77.82 -0.00170895
77.83 -0.00239301
77.84 -0.0032093
77.85 -0.00415012
77.86 -0.0052034
77.87 -0.00635272
77.88 -0.00758031
77.89 -0.00885794
77.9 -0.0101542
77.91 -0.0114391
77.92 -0.0126809
77.93 -0.0138476
77.94 -0.0149077
77.95 -0.0158308
77.96 -0.016577
77.97 -0.0171244
77.98 -0.0174605
77.99 -0.017572
78 -0.0174515
78.01 -0.0170986
78.02 -0.0165192
78.03 -0.0157267
78.04 -0.0147283
78.05 -0.0135646
78.06 -0.0122745
78.07 -0.0108968
78.08 -0.00947494
78.09 -0.00805488
78.1 -0.00668449
78.11 -0.00541187
78.12 -0.00430102
78.13 -0.00338887
78.14 -0.00271297
78.15 -0.00230709
78.16 -0.00219829
78.17 -0.00240591
78.18 -0.00294084
78.19 -0.00380498
78.2 -0.00502175
78.21 -0.00653893
78.22 -0.0083286
78.23 -0.0103546
78.24 -0.0125735
78.25 -0.0149354
78.26 -0.0173857
78.27 -0.0198657
78.28 -0.0223068
78.29 -0.0246472
78.3 -0.0268291
78.31 -0.0287987
78.32 -0.0305073
78.33 -0.031913
78.34 -0.0329819
78.35 -0.0336801
78.36 -0.0339719
78.37 -0.0338834
78.38 -0.0334226
78.39 -0.0326079
78.4 -0.0314672
78.41 -0.030037
78.42 -0.0283616
78.43 -0.0264867
78.44 -0.0244709
78.45 -0.0223853
78.46 -0.0202895
78.47 -0.0182423
78.48 -0.0162996
78.49 -0.0145131
78.5 -0.0129283
78.51 -0.0115966
78.52 -0.0105524
78.53 -0.00980101
78.54 -0.00935108
78.55 -0.00920127
78.56 -0.00934049
78.57 -0.00974839
78.58 -0.0103961
78.59 -0.0112568
78.6 -0.0122781
78.61 -0.0134036
78.62 -0.0145825
78.63 -0.015763
78.64 -0.016894
78.65 -0.0179267
78.66 -0.0188165
78.67 -0.0195082
78.68 -0.0199742
78.69 -0.0201967
78.7 -0.0201609
78.71 -0.0198609
78.72 -0.0192995
78.73 -0.0184883
78.74 -0.0174469
78.75 -0.0161883
78.76 -0.0147635
78.77 -0.0132156
78.78 -0.0115875
78.79 -0.00992393
78.8 -0.00826999
78.81 -0.00666952
78.82 -0.00516373
78.83 -0.00380542
78.84 -0.00261647
78.85 -0.00162005
78.86 -0.000832975
78.87 -0.000264432
78.88 8.41577e-05
78.89 0.000219054
78.9 0.000152749
78.91 -0.000107711
78.92 -0.000516111
78.93 -0.00104051
78.94 -0.00164571
78.95 -0.00229455
78.96 -0.00294931
78.97 -0.00357306
78.98 -0.00412918
78.99 -0.00457684
79 -0.0048963
79.01 -0.00506746
79.02 -0.00507651
79.03 -0.00491631
79.04 -0.00458653
79.05 -0.00409364
79.06 -0.00344661
79.07 -0.00266174
79.08 -0.00177454
79.09 -0.000813841
79.1 0.000188843
79.11 0.0012005
79.12 0.00218793
79.13 0.00311897
79.14 0.003959
79.15 0.00467682
79.16 0.00525717
79.17 0.00568497
79.18 0.00595126
79.19 0.00605358
79.2 0.00599612
79.21 0.00578959
79.22 0.00544506
79.23 0.00498967
79.24 0.00445806
79.25 0.00388229
79.26 0.00329696
79.27 0.00273795
79.28 0.00224117
79.29 0.0018413
79.3 0.00158099
79.31 0.00148765
79.32 0.00157916
79.33 0.00187235
79.34 0.00237772
79.35 0.00309895
79.36 0.00403277
79.37 0.00516899
79.38 0.00650333
79.39 0.00799933
79.4 0.00962299
79.41 0.0113403
79.42 0.0131141
79.43 0.0149051
79.44 0.0166731
79.45 0.0183783
79.46 0.0199703
79.47 0.021419
79.48 0.0226953
79.49 0.0237738
79.5 0.0246351
79.51 0.0252658
79.52 0.0256594
79.53 0.0258158
79.54 0.0257199
79.55 0.0254102
79.56 0.0249068
79.57 0.0242349
79.58 0.0234238
79.59 0.0225056
79.6 0.0215149
79.61 0.0204871
79.62 0.019461
79.63 0.0184732
79.64 0.0175549
79.65 0.0167344
79.66 0.0160356
79.67 0.0154782
79.68 0.0150767
79.69 0.0148448
79.7 0.0147952
79.71 0.0149129
79.72 0.0151905
79.73 0.0156166
79.74 0.0161758
79.75 0.0168492
79.76 0.0176158
79.77 0.0184543
79.78 0.019339
79.79 0.0202415
79.8 0.0211384
79.81 0.0220076
79.82 0.0228286
79.83 0.0235834
79.84 0.0242563
79.85 0.0248296
79.86 0.0252918
79.87 0.0256415
79.88 0.025875
79.89 0.0259908
79.9 0.0259899
79.91 0.0258746
79.92 0.0256491
79.93 0.0253122
79.94 0.0248727
79.95 0.0243407
79.96 0.0237224
79.97 0.0230236
79.98 0.0222498
79.99 0.021406
80 0.0204969
80.01 0.0195227
80.02 0.0184907
80.03 0.0174066
80.04 0.0162751
80.05 0.0151012
80.06 0.0138908
80.07 0.0126509
80.08 0.0113899
80.09 0.0101174
80.1 0.00884686
80.11 0.00759172
80.12 0.00636653
80.13 0.00518711
80.14 0.00407019
80.15 0.00303304
80.16 0.00209302
80.17 0.00127955
80.18 0.000599355
80.19 6.56511e-05
80.2 -0.000310085
80.21 -0.000519282
80.22 -0.000556784
80.23 -0.000421286
80.24 -0.000114597
80.25 0.000369057
80.26 0.00100071
80.27 0.00176301
80.28 0.00263441
80.29 0.00358959
80.3 0.00459997
80.31 0.00563434
80.32 0.00665883
80.33 0.00763283
80.34 0.0085237
80.35 0.00929884
80.36 0.00992787
80.37 0.0103836
80.38 0.0106429
80.39 0.0106874
80.4 0.0104972
80.41 0.0100562
80.42 0.00938186
80.43 0.00848219
80.44 0.00737159
80.45 0.00607077
80.46 0.0046062
80.47 0.00300948
80.48 0.00131424
80.49 -0.000435608
80.5 -0.00219268
80.51 -0.00391411
80.52 -0.00555734
80.53 -0.00708138
80.54 -0.0084479
80.55 -0.00962238
80.56 -0.0105616
80.57 -0.0112406
80.58 -0.0116538
80.59 -0.0117918
80.6 -0.0116523
80.61 -0.0112401
80.62 -0.0105671
80.63 -0.00965148
80.64 -0.00850524
80.65 -0.00716905
80.66 -0.0056853
80.67 -0.00409192
80.68 -0.00242883
80.69 -0.00073676
80.7 0.000943843
80.71 0.00257393
80.72 0.00410743
80.73 0.00551306
80.74 0.00676506
80.75 0.00784059
80.76 0.00872222
80.77 0.00939824
80.78 0.0098627
80.79 0.0101153
80.8 0.0101434
80.81 0.00997504
80.82 0.00962791
80.83 0.00912077
80.84 0.00847504
80.85 0.00771393
80.86 0.00686157
80.87 0.00594214
80.88 0.00497701
80.89 0.00399394
80.9 0.00301208
80.91 0.00204778
80.92 0.00111418
80.93 0.000221036
80.94 -0.000625398
80.95 -0.00142169
80.96 -0.00216496
80.97 -0.00286368
80.98 -0.0035243
80.99 -0.00415515
81 -0.00476585
81.01 -0.00536672
81.02 -0.00596819
81.03 -0.00658069
81.04 -0.007215
81.05 -0.00787718
81.06 -0.00857221
81.07 -0.00930285
81.08 -0.0100695
81.09 -0.0108702
81.1 -0.0117005
81.11 -0.0125546
81.12 -0.0134233
81.13 -0.0142953
81.14 -0.0151596
81.15 -0.0160049
81.16 -0.0168202
81.17 -0.017595
81.18 -0.0183201
81.19 -0.0189848
81.2 -0.0195825
81.21 -0.0201138
81.22 -0.0205784
81.23 -0.0209786
81.24 -0.0213195
81.25 -0.0216085
81.26 -0.0218551
81.27 -0.0220699
81.28 -0.022268
81.29 -0.0224646
81.3 -0.022674
81.31 -0.02291
81.32 -0.0231859
81.33 -0.0235135
81.34 -0.0239026
81.35 -0.0243665
81.36 -0.0249075
81.37 -0.0255253
81.38 -0.0262187
81.39 -0.0269834
81.4 -0.0278126
81.41 -0.0286967
81.42 -0.0296239
81.43 -0.0305818
81.44 -0.0315516
81.45 -0.0325167
81.46 -0.0334607
81.47 -0.0343676
81.48 -0.035222
81.49 -0.0360099
81.5 -0.0367191
81.51 -0.0373299
81.52 -0.037842
81.53 -0.0382508
81.54 -0.0385537
81.55 -0.0387506
81.56 -0.0388432
81.57 -0.0388356
81.58 -0.0387326
81.59 -0.0385339
81.6 -0.0382559
81.61 -0.0379065
81.62 -0.0374932
81.63 -0.0370228
81.64 -0.0365013
81.65 -0.0359333
81.66 -0.0353211
81.67 -0.0346634
81.68 -0.0339632
81.69 -0.0332182
81.7 -0.032425
81.71 -0.031579
81.72 -0.0306748
81.73 -0.0297069
81.74 -0.0286676
81.75 -0.0275489
81.76 -0.0263525
81.77 -0.0250771
81.78 -0.0237233
81.79 -0.0222945
81.8 -0.0207966
81.81 -0.0192383
81.82 -0.0176298
81.83 -0.0159873
81.84 -0.0143306
81.85 -0.0126792
81.86 -0.0110536
81.87 -0.00947555
81.88 -0.00796656
81.89 -0.00654774
81.9 -0.00524581
81.91 -0.00407935
81.92 -0.00305702
81.93 -0.00218906
81.94 -0.00148152
81.95 -0.000935861
81.96 -0.000548703
81.97 -0.000311744
81.98 -0.000219757
81.99 -0.000247774
82 -0.000368285
82.01 -0.000555071
82.02 -0.000779324
82.03 -0.00101055
82.04 -0.00121754
82.05 -0.00136946
82.06 -0.00142801
82.07 -0.00136868
82.08 -0.001171
82.09 -0.000817122
82.1 -0.000294548
82.11 0.000403323
82.12 0.00127682
82.13 0.00231984
82.14 0.00353244
82.15 0.00488072
82.16 0.00633763
82.17 0.00787314
82.18 0.0094536
82.19 0.0110428
82.2 0.0126032
82.21 0.0140971
82.22 0.0154748
82.23 0.016711
82.24 0.0177773
82.25 0.0186508
82.26 0.0193148
82.27 0.0197598
82.28 0.0199838
82.29 0.01999
82.3 0.0197796
82.31 0.0193947
82.32 0.0188652
82.33 0.018227
82.34 0.0175211
82.35 0.0167917
82.36 0.0160852
82.37 0.0154517
82.38 0.0149479
82.39 0.0146102
82.4 0.014476
82.41 0.0145768
82.42 0.0149367
82.43 0.0155715
82.44 0.0164881
82.45 0.0176935
82.46 0.0191797
82.47 0.020905
82.48 0.0228366
82.49 0.0249337
82.5 0.0271493
82.51 0.0294308
82.52 0.0317222
82.53 0.03396
82.54 0.0360783
82.55 0.0380247
82.56 0.0397481
82.57 0.0412033
82.58 0.0423525
82.59 0.0431665
82.6 0.043626
82.61 0.0436999
82.62 0.0433995
82.63 0.0427547
82.64 0.0417913
82.65 0.0405444
82.66 0.0390576
82.67 0.0373815
82.68 0.0355723
82.69 0.0336889
82.7 0.0318028
82.71 0.0299767
82.72 0.0282681
82.73 0.0267301
82.74 0.0254093
82.75 0.0243441
82.76 0.0235641
82.77 0.0231149
82.78 0.0229831
82.79 0.0231585
82.8 0.0236252
82.81 0.024357
82.82 0.0253189
82.83 0.0264677
82.84 0.0277541
82.85 0.0291266
82.86 0.0305155
82.87 0.0318634
82.88 0.0331147
82.89 0.0342178
82.9 0.0351265
82.91 0.0358018
82.92 0.0362107
82.93 0.0363063
82.94 0.0361052
82.95 0.0356094
82.96 0.0348311
82.97 0.0337921
82.98 0.0325233
82.99 0.0310633
83 0.029455
83.01 0.0277477
83.02 0.0260051
83.03 0.0242798
83.04 0.0226225
83.05 0.0210806
83.06 0.0196958
83.07 0.0185031
83.08 0.0175367
83.09 0.016824
83.1 0.0163545
83.11 0.0161231
83.12 0.0161147
83.13 0.0163049
83.14 0.0166606
83.15 0.0171416
83.16 0.0177028
83.17 0.0182878
83.18 0.0188398
83.19 0.0193067
83.2 0.0196389
83.21 0.0197909
83.22 0.0197232
83.23 0.0194041
83.24 0.0187945
83.25 0.0178837
83.26 0.0166842
83.27 0.0152068
83.28 0.0134723
83.29 0.0115115
83.3 0.00936394
83.31 0.00707631
83.32 0.0046993
83.33 0.00229936
83.34 -6.2314e-05
83.35 -0.00232808
83.36 -0.00444321
83.37 -0.00635789
83.38 -0.0080291
83.39 -0.00942218
83.4 -0.0104871
83.41 -0.0112275
83.42 -0.0116502
83.43 -0.0117671
83.44 -0.0116013
83.45 -0.0111863
83.46 -0.0105652
83.47 -0.00978936
83.48 -0.00891282
83.49 -0.0080114
83.5 -0.00714989
83.51 -0.00639138
83.52 -0.0057959
83.53 -0.00541826
83.54 -0.005306
83.55 -0.00549834
83.56 -0.00605736
83.57 -0.0069656
83.58 -0.008224
83.59 -0.00982085
83.6 -0.0117321
83.61 -0.0139221
83.62 -0.0163447
83.63 -0.0189461
83.64 -0.0216647
83.65 -0.0244175
83.66 -0.0271338
83.67 -0.0297431
83.68 -0.0321776
83.69 -0.0343741
83.7 -0.0362769
83.71 -0.0378292
83.72 -0.038973
83.73 -0.0397133
83.74 -0.0400414
83.75 -0.039962
83.76 -0.0394923
83.77 -0.038662
83.78 -0.0375117
83.79 -0.0360841
83.8 -0.03444
83.81 -0.032661
83.82 -0.0308147
83.83 -0.028969
83.84 -0.0271896
83.85 -0.0255375
83.86 -0.0240671
83.87 -0.0228372
83.88 -0.0218865
83.89 -0.0212232
83.9 -0.020855
83.91 -0.0207765
83.92 -0.0209694
83.93 -0.0214036
83.94 -0.0220378
83.95 -0.022827
83.96 -0.0237017
83.97 -0.0245921
83.98 -0.0254319
83.99 -0.0261552
84 -0.0266994
84.01 -0.027007
84.02 -0.0270287
84.03 -0.0266989
84.04 -0.0260037
84.05 -0.0249409
84.06 -0.0235131
84.07 -0.0217373
84.08 -0.0196445
84.09 -0.017279
84.1 -0.0146968
84.11 -0.0119582
84.12 -0.00915686
84.13 -0.00637623
84.14 -0.0037
84.15 -0.00121125
84.16 0.00101034
84.17 0.00289129
84.18 0.00436692
84.19 0.00533506
84.2 0.00579747
84.21 0.00573431
84.22 0.00514006
84.23 0.00402565
84.24 0.00241835
84.25 0.000361077
84.26 -0.0020914
84.27 -0.0048878
84.28 -0.00790983
84.29 -0.0110675
84.3 -0.0142667
84.31 -0.0174119
84.32 -0.0204096
84.33 -0.0231713
84.34 -0.0256085
84.35 -0.0276213
84.36 -0.0291829
84.37 -0.0302555
84.38 -0.0308177
84.39 -0.0308656
84.4 -0.0304128
84.41 -0.0294899
84.42 -0.028132
84.43 -0.0263959
84.44 -0.0243864
84.45 -0.0221887
84.46 -0.019894
84.47 -0.0175965
84.48 -0.0153901
84.49 -0.013365
84.5 -0.0116199
84.51 -0.0102411
84.52 -0.00927066
84.53 -0.00875117
84.54 -0.0087085
84.55 -0.00915068
84.56 -0.0100675
84.57 -0.0114306
84.58 -0.0132132
84.59 -0.0153391
84.6 -0.0177119
84.61 -0.020242
84.62 -0.0228319
84.63 -0.0253794
84.64 -0.0277809
84.65 -0.029935
84.66 -0.031716
84.67 -0.03304
84.68 -0.0338465
84.69 -0.0340783
84.7 -0.033695
84.71 -0.0326745
84.72 -0.0310141
84.73 -0.0287304
84.74 -0.0258167
84.75 -0.0223696
84.76 -0.0184757
84.77 -0.0142227
84.78 -0.00970921
84.79 -0.00504191
84.8 -0.000331909
84.81 0.00430847
84.82 0.00874311
84.83 0.0128744
84.84 0.0166117
84.85 0.0198752
84.86 0.0225998
84.87 0.0247377
84.88 0.0262588
84.89 0.0271506
84.9 0.0273642
84.91 0.0269928
84.92 0.0260843
84.93 0.0247023
84.94 0.0229231
84.95 0.0208333
84.96 0.0185271
84.97 0.0161027
84.98 0.0136687
84.99 0.0113299
85 0.00917572
85.01 0.00728661
85.02 0.00573131
85.03 0.00456485
85.04 0.00382695
85.05 0.00355301
85.06 0.00377041
85.07 0.0044305
85.08 0.0055028
85.09 0.00694218
85.1 0.00869067
85.11 0.0106797
85.12 0.0128323
85.13 0.0150662
85.14 0.0172856
85.15 0.0194026
85.16 0.0213376
85.17 0.0230181
85.18 0.0243804
85.19 0.0253724
85.2 0.0259548
85.21 0.0260798
85.22 0.0257375
85.23 0.0249584
85.24 0.0237653
85.25 0.0221945
85.26 0.0202944
85.27 0.0181239
85.28 0.0157499
85.29 0.0132423
85.3 0.0106902
85.31 0.00817537
85.32 0.00577223
85.33 0.00355051
85.34 0.00157286
85.35 -0.000106986
85.36 -0.00144581
85.37 -0.00238305
85.38 -0.00291707
85.39 -0.003055
85.4 -0.00280629
85.41 -0.00219221
85.42 -0.00124481
85.43 -5.52361e-06
85.44 0.00147657
85.45 0.00315769
85.46 0.00495997
85.47 0.00682067
85.48 0.00868104
85.49 0.0104856
85.5 0.0121837
85.51 0.0137317
85.52 0.0150937
85.53 0.0162201
85.54 0.017114
85.55 0.017771
85.56 0.0181955
85.57 0.0184009
85.58 0.0184085
85.59 0.0182466
85.6 0.0179479
85.61 0.0175458
85.62 0.0170918
85.63 0.0166256
85.64 0.0161845
85.65 0.0158026
85.66 0.0155091
85.67 0.015327
85.68 0.0152753
85.69 0.0153706
85.7 0.0156011
85.71 0.0159578
85.72 0.0164241
85.73 0.0169772
85.74 0.0175888
85.75 0.0182263
85.76 0.0188528
85.77 0.0194255
85.78 0.0199096
85.79 0.0202718
85.8 0.0204827
85.81 0.0205181
85.82 0.02036
85.83 0.0199979
85.84 0.0194202
85.85 0.0186315
85.86 0.0176592
85.87 0.0165262
85.88 0.0152625
85.89 0.0139038
85.9 0.0124903
85.91 0.0110653
85.92 0.00967837
85.93 0.00837925
85.94 0.00720829
85.95 0.0062036
85.96 0.00539792
85.97 0.00481731
85.98 0.00448009
85.99 0.00439611
86 0.00458304
86.01 0.00502125
86.02 0.00568313
86.03 0.00654121
86.04 0.00756083
86.05 0.00870124
86.06 0.00991707
86.07 0.0111599
86.08 0.0123742
86.09 0.0135071
86.1 0.0145131
86.11 0.0153503
86.12 0.015983
86.13 0.0163821
86.14 0.0165272
86.15 0.0164064
86.16 0.0159934
86.17 0.0153197
86.18 0.0144061
86.19 0.0132791
86.2 0.0119726
86.21 0.0105265
86.22 0.008985
86.23 0.0073954
86.24 0.00581086
86.25 0.00428229
86.26 0.00285371
86.27 0.00156447
86.28 0.000447811
86.29 -0.000470376
86.3 -0.00117251
86.31 -0.00164662
86.32 -0.00187845
86.33 -0.00189961
86.34 -0.00173082
86.35 -0.0014006
86.36 -0.000944115
86.37 -0.00040176
86.38 0.000182424
86.39 0.000761107
86.4 0.00128072
86.41 0.00169888
86.42 0.00197656
86.43 0.00208056
86.44 0.00198498
86.45 0.00167237
86.46 0.00113462
86.47 0.000365311
86.48 -0.000625941
86.49 -0.00180125
86.5 -0.00312766
86.51 -0.00456431
86.52 -0.00606381
86.53 -0.00757384
86.54 -0.00903905
86.55 -0.010395
86.56 -0.011579
86.57 -0.0125457
86.58 -0.0132495
86.59 -0.0136528
86.6 -0.0137267
86.61 -0.0134528
86.62 -0.0128239
86.63 -0.0118237
86.64 -0.0104812
86.65 -0.00884074
86.66 -0.0069441
86.67 -0.00484236
86.68 -0.00259451
86.69 -0.000265506
86.7 0.00207577
86.71 0.00434914
86.72 0.0064804
86.73 0.00840598
86.74 0.0100666
86.75 0.0114111
86.76 0.0123982
86.77 0.0129984
86.78 0.0131943
86.79 0.0129479
86.8 0.0123014
86.81 0.0112871
86.82 0.00994378
86.83 0.00832144
86.84 0.00647953
86.85 0.00448509
86.86 0.0024105
86.87 0.000338004
86.88 -0.00165034
86.89 -0.00348248
86.9 -0.00509197
86.91 -0.00642029
86.92 -0.00741899
86.93 -0.00805136
86.94 -0.00829025
86.95 -0.00809372
86.96 -0.00750685
86.97 -0.00655289
86.98 -0.00526883
86.99 -0.00370419
87 -0.00191947
87.01 1.59017e-05
87.02 0.00202558
87.03 0.00401962
87.04 0.00591176
87.05 0.00762291
87.06 0.00907902
87.07 0.0102136
87.08 0.0109702
87.09 0.0113041
87.1 0.0111687
87.11 0.0105314
87.12 0.00942655
87.13 0.00787278
87.14 0.00590388
87.15 0.00356756
87.16 0.000923948
87.17 -0.00195633
87.18 -0.00499764
87.19 -0.00810491
87.2 -0.0111829
87.21 -0.0141458
87.22 -0.0169119
87.23 -0.0194065
87.24 -0.0215642
87.25 -0.0233316
87.26 -0.0246432
87.27 -0.0254791
87.28 -0.0258544
87.29 -0.0257814
87.3 -0.0252888
87.31 -0.0244205
87.32 -0.0232341
87.33 -0.0217996
87.34 -0.0201909
87.35 -0.0185114
87.36 -0.0168571
87.37 -0.0153189
87.38 -0.0139844
87.39 -0.0129352
87.4 -0.0122436
87.41 -0.0119703
87.42 -0.0122019
87.43 -0.0129416
87.44 -0.0141891
87.45 -0.0159359
87.46 -0.0181555
87.47 -0.0208045
87.48 -0.0238233
87.49 -0.0271382
87.5 -0.0306745
87.51 -0.0343097
87.52 -0.0379402
87.53 -0.0414619
87.54 -0.0447725
87.55 -0.047774
87.56 -0.0503764
87.57 -0.0524989
87.58 -0.0540197
87.59 -0.0549416
87.6 -0.0552372
87.61 -0.0548982
87.62 -0.0539356
87.63 -0.0523792
87.64 -0.0502773
87.65 -0.0476886
87.66 -0.0446745
87.67 -0.0413697
87.68 -0.0378765
87.69 -0.0343025
87.7 -0.0307566
87.71 -0.0273457
87.72 -0.0241712
87.73 -0.0213369
87.74 -0.0189501
87.75 -0.0170473
87.76 -0.0156728
87.77 -0.0148518
87.78 -0.0145899
87.79 -0.0148728
87.8 -0.0156661
87.81 -0.0169323
87.82 -0.0185992
87.83 -0.0205512
87.84 -0.0226894
87.85 -0.0249068
87.86 -0.0270918
87.87 -0.029132
87.88 -0.0309176
87.89 -0.0323221
87.9 -0.0332413
87.91 -0.033617
87.92 -0.0333886
87.93 -0.032514
87.94 -0.030971
87.95 -0.028758
87.96 -0.0258943
87.97 -0.0223852
87.98 -0.0183152
87.99 -0.0137882
88 -0.00889968
88.01 -0.00375674
88.02 0.00152505
88.03 0.00682519
88.04 0.012022
88.05 0.0169708
88.06 0.0215587
88.07 0.0256914
88.08 0.0292822
88.09 0.0322607
88.1 0.0345745
88.11 0.0361914
88.12 0.0370994
88.13 0.0372498
88.14 0.0367295
88.15 0.0356023
88.16 0.0339393
88.17 0.0318265
88.18 0.029362
88.19 0.0266528
88.2 0.0238115
88.21 0.0209618
88.22 0.0182268
88.23 0.0157119
88.24 0.0135129
88.25 0.0117131
88.26 0.0103806
88.27 0.00956656
88.28 0.00930912
88.29 0.00966673
88.3 0.0105769
88.31 0.0120088
88.32 0.0139136
88.33 0.0162263
88.34 0.0188675
88.35 0.0217468
88.36 0.0247654
88.37 0.0278088
88.38 0.0307615
88.39 0.0335201
88.4 0.0359874
88.41 0.0380752
88.42 0.0397071
88.43 0.0408213
88.44 0.041352
88.45 0.04125
88.46 0.0405491
88.47 0.0392634
88.48 0.0374255
88.49 0.0350851
88.5 0.0323075
88.51 0.029172
88.52 0.0257612
88.53 0.0221861
88.54 0.0185655
88.55 0.0150051
88.56 0.0116086
88.57 0.00847473
88.58 0.00569376
88.59 0.00334532
88.6 0.0015276
88.61 0.000289457
88.62 -0.000360747
88.63 -0.000409956
88.64 0.000137148
88.65 0.00125849
88.66 0.00291545
88.67 0.00505423
88.68 0.00763075
88.69 0.0105405
88.7 0.0136818
88.71 0.0169605
88.72 0.0202806
88.73 0.0235462
88.74 0.0266653
88.75 0.0295516
88.76 0.0320971
88.77 0.0342492
88.78 0.0359636
88.79 0.0372037
88.8 0.0379481
88.81 0.0381905
88.82 0.0379398
88.83 0.0372195
88.84 0.0360304
88.85 0.0344645
88.86 0.0325861
88.87 0.0304636
88.88 0.0281704
88.89 0.0257825
88.9 0.0233761
88.91 0.0210257
88.92 0.0188186
88.93 0.016809
88.94 0.0150485
88.95 0.0135782
88.96 0.0124279
88.97 0.0116152
88.98 0.011145
88.99 0.0110152
89 0.0112251
89.01 0.0117138
89.02 0.0124392
89.03 0.0133518
89.04 0.0143959
89.05 0.0155119
89.06 0.016638
89.07 0.0177095
89.08 0.018655
89.09 0.0194248
89.1 0.0199708
89.11 0.0202524
89.12 0.0202379
89.13 0.0199051
89.14 0.019242
89.15 0.0182343
89.16 0.016886
89.17 0.0152384
89.18 0.013321
89.19 0.0111711
89.2 0.00883229
89.21 0.0063532
89.22 0.00378562
89.23 0.00118413
89.24 -0.00139071
89.25 -0.00388653
89.26 -0.00625602
89.27 -0.00845683
89.28 -0.0104528
89.29 -0.0122149
89.3 -0.0137217
89.31 -0.0149428
89.32 -0.0158811
89.33 -0.0165521
89.34 -0.0169689
89.35 -0.0171516
89.36 -0.0171263
89.37 -0.0169243
89.38 -0.0165805
89.39 -0.0161278
89.4 -0.0156143
89.41 -0.0150812
89.42 -0.0145651
89.43 -0.0141002
89.44 -0.0137164
89.45 -0.0134389
89.46 -0.0132877
89.47 -0.0132897
89.48 -0.0134419
89.49 -0.0137424
89.5 -0.014185
89.51 -0.0147582
89.52 -0.0154453
89.53 -0.0162251
89.54 -0.0170733
89.55 -0.017964
89.56 -0.0188621
89.57 -0.0197385
89.58 -0.0205649
89.59 -0.0213145
89.6 -0.0219634
89.61 -0.0224904
89.62 -0.0228768
89.63 -0.0230965
89.64 -0.0231552
89.65 -0.0230504
89.66 -0.022784
89.67 -0.0223625
89.68 -0.0217963
89.69 -0.021099
89.7 -0.0202856
89.71 -0.0193718
89.72 -0.0183872
89.73 -0.0173532
89.74 -0.0162909
89.75 -0.0152206
89.76 -0.0141611
89.77 -0.0131293
89.78 -0.0121414
89.79 -0.0112117
89.8 -0.0103449
89.81 -0.00954558
89.82 -0.0088152
89.83 -0.00815226
89.84 -0.00755258
89.85 -0.00700969
89.86 -0.00651696
89.87 -0.00606354
89.88 -0.00563602
89.89 -0.00522341
89.9 -0.004815
89.91 -0.00440088
89.92 -0.00397235
89.93 -0.00352227
89.94 -0.00304362
89.95 -0.0025335
89.96 -0.0019926
89.97 -0.0014226
89.98 -0.000827252
89.99 -0.000212164
90 0.000415436
90.01 0.00104704
90.02 0.00167212
90.03 0.00227979
90.04 0.0028603
90.05 0.00340417
90.06 0.00390272
90.07 0.0043485
90.08 0.00473556
90.09 0.00505966
90.1 0.0053131
90.11 0.00549991
90.12 0.00562348
90.13 0.00568784
90.14 0.0056987
90.15 0.00566325
90.16 0.00558984
90.17 0.00548767
90.18 0.00536553
90.19 0.0052356
90.2 0.00510727
90.21 0.00498897
90.22 0.00488801
90.23 0.00481027
90.24 0.00475997
90.25 0.00473966
90.26 0.00475245
90.27 0.00479348
90.28 0.00485898
90.29 0.00494344
90.3 0.00503991
90.31 0.0051402
90.32 0.00523525
90.33 0.00531505
90.34 0.00536709
90.35 0.00538337
90.36 0.0053552
90.37 0.00527492
90.38 0.00513623
90.39 0.0049344
90.4 0.00466649
90.41 0.00432955
90.42 0.00392182
90.43 0.00345143
90.44 0.00292331
90.45 0.00234396
90.46 0.00172114
90.47 0.00106358
90.48 0.000380631
90.49 -0.000318336
90.5 -0.00102284
90.51 -0.00172329
90.52 -0.00241194
90.53 -0.00308237
90.54 -0.00372971
90.55 -0.00435086
90.56 -0.00494465
90.57 -0.00551061
90.58 -0.00605216
90.59 -0.00657557
90.6 -0.00708737
90.61 -0.0075954
90.62 -0.00810846
90.63 -0.00863589
90.64 -0.0091872
90.65 -0.00977425
90.66 -0.0104054
90.67 -0.0110863
90.68 -0.0118221
90.69 -0.0126156
90.7 -0.0134677
90.71 -0.0143764
90.72 -0.015337
90.73 -0.0163449
90.74 -0.0173861
90.75 -0.0184465
90.76 -0.0195105
90.77 -0.0205611
90.78 -0.0215796
90.79 -0.0225465
90.8 -0.0234419
90.81 -0.0242367
90.82 -0.0249171
90.83 -0.0254674
90.84 -0.0258729
90.85 -0.0261213
90.86 -0.0262034
90.87 -0.0261134
90.88 -0.025849
90.89 -0.0253951
90.9 -0.0247753
90.91 -0.0239999
90.92 -0.0230823
90.93 -0.0220393
90.94 -0.0208902
90.95 -0.0196567
90.96 -0.0183618
90.97 -0.0170295
90.98 -0.0156897
90.99 -0.0143664
91 -0.0130827
91.01 -0.0118596
91.02 -0.010716
91.03 -0.00966757
91.04 -0.00872961
91.05 -0.007918
91.06 -0.00722811
91.07 -0.00665993
91.08 -0.0062095
91.09 -0.00586916
91.1 -0.00562772
91.11 -0.00547093
91.12 -0.0053836
91.13 -0.0053458
91.14 -0.00533261
91.15 -0.00532289
91.16 -0.00529555
91.17 -0.00523033
91.18 -0.00510835
91.19 -0.00491277
91.2 -0.00462467
91.21 -0.00423094
91.22 -0.00372954
91.23 -0.0031172
91.24 -0.00239452
91.25 -0.00156588
91.26 -0.000639394
91.27 0.000373327
91.28 0.00146062
91.29 0.00260125
91.3 0.00377202
91.31 0.00495118
91.32 0.00611611
91.33 0.00724394
91.34 0.00831218
91.35 0.0092994
91.36 0.0101774
91.37 0.0109309
91.38 0.011549
91.39 0.0120207
91.4 0.0123384
91.41 0.0124983
91.42 0.0125004
91.43 0.0123484
91.44 0.0120385
91.45 0.0115924
91.46 0.0110276
91.47 0.0103614
91.48 0.00961342
91.49 0.00880478
91.5 0.00795786
91.51 0.00709559
91.52 0.00624375
91.53 0.00542586
91.54 0.00466276
91.55 0.00397362
91.56 0.00337547
91.57 0.00288281
91.58 0.00250733
91.59 0.00225835
91.6 0.00215355
91.61 0.0021821
91.62 0.0023422
91.63 0.00262893
91.64 0.00303448
91.65 0.00354834
91.66 0.00415762
91.67 0.00484843
91.68 0.00560645
91.69 0.006407
91.7 0.00723122
91.71 0.00805998
91.72 0.00887426
91.73 0.00965555
91.74 0.0103863
91.75 0.0110478
91.76 0.0116202
91.77 0.0120962
91.78 0.0124658
91.79 0.0127213
91.8 0.0128573
91.81 0.0128713
91.82 0.0127634
91.83 0.0125317
91.84 0.0121803
91.85 0.0117249
91.86 0.0111763
91.87 0.0105475
91.88 0.00985346
91.89 0.00911069
91.9 0.00833722
91.91 0.00755258
91.92 0.00677938
91.93 0.00603825
91.94 0.00534931
91.95 0.00473217
91.96 0.00420557
91.97 0.00378702
91.98 0.00349238
91.99 0.00334526
92 0.00335437
92.01 0.00352292
92.02 0.00385627
92.03 0.00435667
92.04 0.00502311
92.05 0.00585126
92.06 0.00683342
92.07 0.00796846
92.08 0.00923279
92.09 0.0106051
92.1 0.012065
92.11 0.01359
92.12 0.0151555
92.13 0.0167358
92.14 0.0183045
92.15 0.0198289
92.16 0.0212832
92.17 0.0226429
92.18 0.0238847
92.19 0.0249874
92.2 0.0259328
92.21 0.0267059
92.22 0.0272956
92.23 0.0276748
92.24 0.0278602
92.25 0.0278541
92.26 0.0276633
92.27 0.0272986
92.28 0.0267747
92.29 0.02611
92.3 0.0253248
92.31 0.0244384
92.32 0.0234875
92.33 0.0224993
92.34 0.0215015
92.35 0.0205209
92.36 0.0195835
92.37 0.018713
92.38 0.017933
92.39 0.0172688
92.4 0.0167262
92.41 0.016314
92.42 0.0160362
92.43 0.0158921
92.44 0.0158766
92.45 0.0159798
92.46 0.0161908
92.47 0.0164917
92.48 0.016854
92.49 0.0172537
92.5 0.0176652
92.51 0.018062
92.52 0.0184178
92.53 0.0187073
92.54 0.0189015
92.55 0.0189764
92.56 0.0189201
92.57 0.01872
92.58 0.0183678
92.59 0.0178603
92.6 0.0171988
92.61 0.01639
92.62 0.0154379
92.63 0.0143632
92.64 0.013192
92.65 0.0119479
92.66 0.0106567
92.67 0.00934564
92.68 0.00804246
92.69 0.00677443
92.7 0.00557337
92.71 0.0044624
92.72 0.00345873
92.73 0.00257727
92.74 0.0018281
92.75 0.00121599
92.76 0.000740122
92.77 0.000394003
92.78 0.000173844
92.79 5.21151e-05
92.8 3.42994e-06
92.81 6.23872e-07
92.82 1.34763e-05
92.83 9.69837e-06
92.84 -4.39825e-05
92.85 -0.000180675
92.86 -0.000445807
92.87 -0.000860464
92.88 -0.00144834
92.89 -0.00222894
92.9 -0.00321597
92.91 -0.0044166
92.92 -0.00583099
92.93 -0.00745305
92.94 -0.00928327
92.95 -0.0112785
92.96 -0.0134086
92.97 -0.0156373
92.98 -0.0179235
92.99 -0.020222
93 -0.0224849
93.01 -0.0246605
93.02 -0.0266851
93.03 -0.0285197
93.04 -0.0301204
93.05 -0.0314485
93.06 -0.0324711
93.07 -0.0331627
93.08 -0.0335056
93.09 -0.0334806
93.1 -0.0330744
93.11 -0.0323249
93.12 -0.0312539
93.13 -0.0298915
93.14 -0.0282765
93.15 -0.0264544
93.16 -0.0244768
93.17 -0.0223984
93.18 -0.0202857
93.19 -0.0182048
93.2 -0.0162157
93.21 -0.0143758
93.22 -0.0127386
93.23 -0.0113518
93.24 -0.0102561
93.25 -0.00950266
93.26 -0.00911477
93.27 -0.00908768
93.28 -0.00942199
93.29 -0.010108
93.3 -0.0111257
93.31 -0.0124459
93.32 -0.0140306
93.33 -0.0158447
93.34 -0.017823
93.35 -0.0199002
93.36 -0.0220161
93.37 -0.0241095
93.38 -0.0261203
93.39 -0.0279905
93.4 -0.0296669
93.41 -0.0310795
93.42 -0.0321977
93.43 -0.0329969
93.44 -0.0334562
93.45 -0.0335645
93.46 -0.0333205
93.47 -0.0327331
93.48 -0.0318206
93.49 -0.0305871
93.5 -0.0290954
93.51 -0.0273931
93.52 -0.0255291
93.53 -0.0235563
93.54 -0.0215294
93.55 -0.0195039
93.56 -0.0175339
93.57 -0.0156866
93.58 -0.0140013
93.59 -0.0125181
93.6 -0.01127
93.61 -0.0102825
93.62 -0.00957243
93.63 -0.00914784
93.64 -0.00901123
93.65 -0.00917269
93.66 -0.00958718
93.67 -0.0102278
93.68 -0.0110614
93.69 -0.0120494
93.7 -0.0131494
93.71 -0.0143165
93.72 -0.0155035
93.73 -0.0166579
93.74 -0.0177347
93.75 -0.0186931
93.76 -0.0194969
93.77 -0.0201149
93.78 -0.0205222
93.79 -0.0207004
93.8 -0.0206297
93.81 -0.0202989
93.82 -0.0197288
93.83 -0.0189309
93.84 -0.0179228
93.85 -0.0167277
93.86 -0.0153733
93.87 -0.0138909
93.88 -0.0123117
93.89 -0.0106759
93.9 -0.00902375
93.91 -0.00739027
93.92 -0.00580827
93.93 -0.00430786
93.94 -0.00291552
93.95 -0.00165358
93.96 -0.000549303
93.97 0.000386378
93.98 0.0011534
93.99 0.00175046
94 0.00218104
94.01 0.00245307
94.02 0.00257843
94.03 0.00257237
94.04 0.00244626
94.05 0.00222737
94.06 0.00194053
94.07 0.00160771
94.08 0.0012506
94.09 0.00089003
94.1 0.000545428
94.11 0.000234384
94.12 -2.25313e-05
94.13 -0.000214696
94.14 -0.000333301
94.15 -0.000371237
94.16 -0.000323908
94.17 -0.000189063
94.18 3.34397e-05
94.19 0.000341923
94.2 0.00074069
94.21 0.0012175
94.22 0.00176659
94.23 0.00238234
94.24 0.00305898
94.25 0.00379089
94.26 0.00457274
94.27 0.00539989
94.28 0.0062711
94.29 0.00717831
94.3 0.00811803
94.31 0.00908698
94.32 0.010082
94.33 0.0110996
94.34 0.0121362
94.35 0.0131875
94.36 0.0142487
94.37 0.0153123
94.38 0.0163711
94.39 0.0174168
94.4 0.0184401
94.41 0.0194309
94.42 0.020378
94.43 0.0212679
94.44 0.0220846
94.45 0.0228206
94.46 0.023465
94.47 0.024008
94.48 0.0244411
94.49 0.0247578
94.5 0.0249539
94.51 0.0250224
94.52 0.024963
94.53 0.0247877
94.54 0.0245043
94.55 0.0241237
94.56 0.0236595
94.57 0.0231277
94.58 0.0225466
94.59 0.0219355
94.6 0.0213182
94.61 0.0207172
94.62 0.0201531
94.63 0.0196455
94.64 0.0192118
94.65 0.018867
94.66 0.0186229
94.67 0.0184951
94.68 0.0184842
94.69 0.0185847
94.7 0.0187908
94.71 0.019092
94.72 0.0194736
94.73 0.0199171
94.74 0.0204007
94.75 0.0208989
94.76 0.0213813
94.77 0.0218201
94.78 0.0221878
94.79 0.0224583
94.8 0.0226072
94.81 0.0226136
94.82 0.0224601
94.83 0.0221183
94.84 0.0215945
94.85 0.0208907
94.86 0.0200131
94.87 0.0189739
94.88 0.0177911
94.89 0.0164885
94.9 0.0150948
94.91 0.0136406
94.92 0.0121715
94.93 0.0107262
94.94 0.00934438
94.95 0.00806486
94.96 0.00692487
94.97 0.00595857
94.98 0.00519869
94.99 0.00468934
95 0.0044286
95.01 0.00442585
95.02 0.00468278
95.03 0.00519307
95.04 0.00594238
95.05 0.00690858
95.06 0.00806579
95.07 0.00938097
95.08 0.010797
95.09 0.0122667
95.1 0.0137399
95.11 0.015165
95.12 0.0164905
95.13 0.0176665
95.14 0.0186374
95.15 0.0193496
95.16 0.0197815
95.17 0.0199058
95.18 0.0197034
95.19 0.0191643
95.2 0.0182877
95.21 0.0170822
95.22 0.0155523
95.23 0.0137283
95.24 0.0116639
95.25 0.00940305
95.26 0.00699573
95.27 0.00449623
95.28 0.00196176
95.29 -0.000549218
95.3 -0.0029702
95.31 -0.00523999
95.32 -0.00731095
95.33 -0.00913723
95.34 -0.0106797
95.35 -0.0119069
95.36 -0.0127961
95.37 -0.0133338
95.38 -0.0134906
95.39 -0.0132893
95.4 -0.0127572
95.41 -0.0119198
95.42 -0.0108103
95.43 -0.00946847
95.44 -0.00793968
95.45 -0.00627326
95.46 -0.00451854
95.47 -0.0027396
95.48 -0.000990066
95.49 0.00068009
95.5 0.00222454
95.51 0.00360177
95.52 0.00477614
95.53 0.00571869
95.54 0.00638211
95.55 0.00677541
95.56 0.00689567
95.57 0.00674614
95.58 0.00633719
95.59 0.00568574
95.6 0.00481441
95.61 0.00374957
95.62 0.00251167
95.63 0.00115257
95.64 -0.000292557
95.65 -0.00178864
95.66 -0.00330179
95.67 -0.00480035
95.68 -0.0062557
95.69 -0.00764141
95.7 -0.00892958
95.71 -0.0101118
95.72 -0.0111785
95.73 -0.0121251
95.74 -0.0129518
95.75 -0.0136627
95.76 -0.014266
95.77 -0.0147701
95.78 -0.0151869
95.79 -0.015538
95.8 -0.0158387
95.81 -0.0161042
95.82 -0.0163481
95.83 -0.0165824
95.84 -0.0168167
95.85 -0.017058
95.86 -0.01731
95.87 -0.0175719
95.88 -0.0178398
95.89 -0.0181069
95.9 -0.0183639
95.91 -0.0185991
95.92 -0.0187994
95.93 -0.0189474
95.94 -0.0190275
95.95 -0.0190286
95.96 -0.0189389
95.97 -0.0187488
95.98 -0.0184513
95.99 -0.0180427
96 -0.0175229
96.01 -0.0168889
96.02 -0.0161531
96.03 -0.0153314
96.04 -0.0144392
96.05 -0.0134952
96.06 -0.01252
96.07 -0.0115363
96.08 -0.0105673
96.09 -0.0096414
96.1 -0.00878123
96.11 -0.00800627
96.12 -0.00733423
96.13 -0.0067794
96.14 -0.00635207
96.15 -0.00605803
96.16 -0.00589825
96.17 -0.00587966
96.18 -0.00598136
96.19 -0.00618713
96.2 -0.00647795
96.21 -0.00683121
96.22 -0.00722144
96.23 -0.00762113
96.24 -0.00800166
96.25 -0.00832684
96.26 -0.00857189
96.27 -0.00871186
96.28 -0.00872507
96.29 -0.0085939
96.3 -0.0083056
96.31 -0.00785278
96.32 -0.00723182
96.33 -0.00643612
96.34 -0.00549235
96.35 -0.00441824
96.36 -0.00323677
96.37 -0.00197556
96.38 -0.000666051
96.39 0.000657477
96.4 0.00195744
96.41 0.0031898
96.42 0.00432093
96.43 0.00531713
96.44 0.00614793
96.45 0.00678715
96.46 0.00721375
96.47 0.00741266
96.48 0.00736661
96.49 0.00706797
96.5 0.00653923
96.51 0.00579443
96.52 0.00485417
96.53 0.00374498
96.54 0.00249859
96.55 0.00115096
96.56 -0.000259723
96.57 -0.0016868
96.58 -0.00308564
96.59 -0.00441563
96.6 -0.0056384
96.61 -0.0067191
96.62 -0.00762742
96.63 -0.0083386
96.64 -0.00882046
96.65 -0.00906535
96.66 -0.00907976
96.67 -0.0088687
96.68 -0.0084444
96.69 -0.00782594
96.7 -0.00703857
96.71 -0.00611298
96.72 -0.00507965
96.73 -0.00398612
96.74 -0.00287595
96.75 -0.00179021
96.76 -0.000769059
96.77 0.000149539
96.78 0.00093101
96.79 0.00154526
96.8 0.00194985
96.81 0.00213857
96.82 0.00210477
96.83 0.0018457
96.84 0.00136583
96.85 0.000676663
96.86 -0.000203648
96.87 -0.00125092
96.88 -0.00244569
96.89 -0.00373814
96.9 -0.00509013
96.91 -0.00646254
96.92 -0.00781582
96.93 -0.00911127
96.94 -0.0103122
96.95 -0.011384
96.96 -0.012281
96.97 -0.0129932
96.98 -0.0135036
96.99 -0.0138019
97 -0.0138844
97.01 -0.0137543
97.02 -0.0134212
97.03 -0.0128978
97.04 -0.0121983
97.05 -0.0113654
97.06 -0.0104303
97.07 -0.00942705
97.08 -0.0083912
97.09 -0.0073589
97.1 -0.00636556
97.11 -0.00544814
97.12 -0.00464489
97.13 -0.00397636
97.14 -0.00346379
97.15 -0.00312304
97.16 -0.00296414
97.17 -0.00299103
97.18 -0.00320152
97.19 -0.00359424
97.2 -0.00415517
97.21 -0.0048537
97.22 -0.00566497
97.23 -0.00656044
97.24 -0.00750883
97.25 -0.00847703
97.26 -0.00943108
97.27 -0.0103327
97.28 -0.0111456
97.29 -0.0118423
97.3 -0.0123961
97.31 -0.0127839
97.32 -0.0129874
97.33 -0.0129929
97.34 -0.0127919
97.35 -0.0123676
97.36 -0.01173
97.37 -0.0108951
97.38 -0.00987625
97.39 -0.00869139
97.4 -0.00736214
97.41 -0.00591328
97.42 -0.00437211
97.43 -0.00276505
97.44 -0.00112885
97.45 0.00050505
97.46 0.00210732
97.47 0.00365006
97.48 0.00510739
97.49 0.00645603
97.5 0.00767575
97.51 0.00873531
97.52 0.00963268
97.53 0.0103611
97.54 0.0109163
97.55 0.0112976
97.56 0.0115084
97.57 0.0115555
97.58 0.0114487
97.59 0.0111888
97.6 0.010807
97.61 0.0103215
97.62 0.0097521
97.63 0.00911964
97.64 0.0084458
97.65 0.00775249
97.66 0.00706188
97.67 0.00639926
97.68 0.00578421
97.69 0.00523556
97.7 0.00477049
97.71 0.00440433
97.72 0.0041503
97.73 0.00401931
97.74 0.00402327
97.75 0.0041754
97.76 0.00446806
97.77 0.00490095
97.78 0.00547099
97.79 0.00617234
97.8 0.00699644
97.81 0.00793213
97.82 0.00896879
97.83 0.0100904
97.84 0.0112724
97.85 0.0124946
97.86 0.0137353
97.87 0.0149722
97.88 0.0161819
97.89 0.0173412
97.9 0.018422
97.91 0.0193991
97.92 0.0202557
97.93 0.0209732
97.94 0.0215353
97.95 0.0219284
97.96 0.0221425
97.97 0.0221708
97.98 0.0219994
97.99 0.0216344
98 0.0210903
98.01 0.0203781
98.02 0.019513
98.03 0.0185142
98.04 0.0174046
98.05 0.0162103
98.06 0.0149581
98.07 0.0136852
98.08 0.0124253
98.09 0.0112113
98.1 0.0100756
98.11 0.00904937
98.12 0.00816182
98.13 0.00743935
98.14 0.00692243
98.15 0.00661797
98.16 0.00653555
98.17 0.0066826
98.18 0.007061
98.19 0.00766696
98.2 0.00849099
98.21 0.00951813
98.22 0.0107435
98.23 0.0121225
98.24 0.0136244
98.25 0.0152163
98.26 0.0168627
98.27 0.0185268
98.28 0.0201715
98.29 0.0217592
98.3 0.0232433
98.31 0.0245974
98.32 0.0257927
98.33 0.0268045
98.34 0.027613
98.35 0.0282033
98.36 0.0285664
98.37 0.0286941
98.38 0.028575
98.39 0.0282367
98.4 0.0276929
98.41 0.0269617
98.42 0.0260646
98.43 0.0250266
98.44 0.0238745
98.45 0.0226346
98.46 0.0213367
98.47 0.0200142
98.48 0.0186931
98.49 0.017397
98.5 0.0161466
98.51 0.0149589
98.52 0.0138469
98.53 0.0128234
98.54 0.0118941
98.55 0.0110533
98.56 0.0102962
98.57 0.00961435
98.58 0.00899643
98.59 0.00842854
98.6 0.00789504
98.61 0.0073793
98.62 0.00686211
98.63 0.00632666
98.64 0.00575832
98.65 0.00514452
98.66 0.00447532
98.67 0.00374382
98.68 0.00294647
98.69 0.00207903
98.7 0.00114811
98.71 0.00016355
98.72 -0.00086403
98.73 -0.00192151
98.74 -0.00299381
98.75 -0.00406452
98.76 -0.00511664
98.77 -0.00612922
98.78 -0.00708686
98.79 -0.00797661
98.8 -0.00878712
98.81 -0.00951011
98.82 -0.0101407
98.83 -0.0106779
98.84 -0.0111245
98.85 -0.0114808
98.86 -0.0117657
98.87 -0.0119948
98.88 -0.0121858
98.89 -0.0123586
98.9 -0.0125345
98.91 -0.0127351
98.92 -0.0129822
98.93 -0.0133046
98.94 -0.0137146
98.95 -0.0142266
98.96 -0.014851
98.97 -0.0155936
98.98 -0.0164552
98.99 -0.0174312
99 -0.0185129
99.01 -0.0196893
99.02 -0.0209298
99.03 -0.0222083
99.04 -0.0234952
99.05 -0.0247578
99.06 -0.0259617
99.07 -0.0270716
99.08 -0.0280487
99.09 -0.028848
99.1 -0.0294502
99.11 -0.0298302
99.12 -0.0299678
99.13 -0.0298491
99.14 -0.0294669
99.15 -0.0288211
99.16 -0.0279102
99.17 -0.0267457
99.18 -0.0253674
99.19 -0.0238059
99.2 -0.0220971
99.21 -0.0202821
99.22 -0.0184053
99.23 -0.0165135
99.24 -0.0146587
99.25 -0.0128943
99.26 -0.0112627
99.27 -0.00980453
99.28 -0.008555
99.29 -0.00754317
99.3 -0.00679071
99.31 -0.00631119
99.32 -0.00612643
99.33 -0.00622463
99.34 -0.0065798
99.35 -0.00716867
99.36 -0.00796024
99.37 -0.00891675
99.38 -0.00999481
99.39 -0.0111468
99.4 -0.01232
99.41 -0.0134561
99.42 -0.0145039
99.43 -0.0154153
99.44 -0.0161467
99.45 -0.0166597
99.46 -0.0169232
99.47 -0.0169139
99.48 -0.0165926
99.49 -0.0159754
99.5 -0.0150741
99.51 -0.0139054
99.52 -0.012495
99.53 -0.010877
99.54 -0.00909289
99.55 -0.00719012
99.56 -0.00521971
99.57 -0.003248
99.58 -0.00133153
99.59 0.000474413
99.6 0.00211727
99.61 0.00354889
99.62 0.00472707
99.63 0.00561432
99.64 0.00615542
99.65 0.00636293
99.66 0.00623188
99.67 0.00576737
99.68 0.00498436
99.69 0.00390725
99.7 0.00256904
99.71 0.00100696
99.72 -0.000736769
99.73 -0.00259217
99.74 -0.00450394
99.75 -0.00641583
99.76 -0.00827242
99.77 -0.0100208
99.78 -0.0116124
99.79 -0.0129966
99.8 -0.0141251
99.81 -0.0149864
99.82 -0.0155639
99.83 -0.0158502
99.84 -0.0158476
99.85 -0.0155676
99.86 -0.0150307
99.87 -0.0142569
99.88 -0.0132846
99.89 -0.0121689
99.9 -0.0109559
99.91 -0.00969391
99.92 -0.00843191
99.93 -0.00721767
99.94 -0.00609628
99.95 -0.00511818
99.96 -0.00432106
99.97 -0.0037254
99.98 -0.00335021
99.99 -0.00320618
100 -0.00329534
100.01 -0.00361115
100.02 -0.00413881
100.03 -0.0048666
100.04 -0.00575435
100.05 -0.00675956
100.06 -0.00784191
100.07 -0.00895841
100.08 -0.010065
100.09 -0.0111179
100.1 -0.0120754
100.11 -0.0128855
100.12 -0.0135196
100.13 -0.0139543
100.14 -0.01417
100.15 -0.0141547
100.16 -0.0139041
100.17 -0.0134219
100.18 -0.0127193
100.19 -0.0117987
100.2 -0.0107048
100.21 -0.0094711
100.22 -0.00813314
100.23 -0.00672919
100.24 -0.00529881
100.25 -0.00388148
100.26 -0.00251534
100.27 -0.00124704
100.28 -0.000100654
100.29 0.000899394
100.3 0.00173492
100.31 0.00239452
100.32 0.00287392
100.33 0.00317601
100.34 0.00330857
100.35 0.00327958
100.36 0.00312709
100.37 0.00287945
100.38 0.00256862
100.39 0.00222887
100.4 0.00189555
100.41 0.00160371
100.42 0.00138958
100.43 0.00129199
100.44 0.00133018
100.45 0.0015241
100.46 0.00188765
100.47 0.00242812
100.48 0.00314591
100.49 0.00403449
100.5 0.00508584
100.51 0.00628065
100.52 0.00758276
100.53 0.00896144
100.54 0.0103826
100.55 0.0118102
100.56 0.0132073
100.57 0.0145374
100.58 0.0157592
100.59 0.0168374
100.6 0.0177514
100.61 0.0184806
100.62 0.0190106
100.63 0.0193335
100.64 0.0194486
100.65 0.019362
100.66 0.019076
100.67 0.0186175
100.68 0.0180196
100.69 0.0173126
100.7 0.0165301
100.71 0.0157077
100.72 0.0148817
100.73 0.0140878
100.74 0.0133671
100.75 0.0127502
100.76 0.0122602
100.77 0.0119171
100.78 0.0117345
100.79 0.0117194
100.8 0.0118721
100.81 0.0121856
100.82 0.0126578
100.83 0.0132558
100.84 0.0139515
100.85 0.0147147
100.86 0.0155123
100.87 0.0163095
100.88 0.0170709
100.89 0.0177621
100.9 0.0183382
100.91 0.0187784
100.92 0.0190605
100.93 0.0191675
100.94 0.019089
100.95 0.0188215
100.96 0.0183686
100.97 0.0177397
100.98 0.0169416
100.99 0.0160153
101 0.0149911
101.01 0.0139031
101.02 0.0127884
101.03 0.0116856
101.04 0.0106331
101.05 0.00967093
101.06 0.00884432
101.07 0.00817499
101.08 0.00768665
101.09 0.00739656
101.1 0.00731483
101.11 0.00744398
101.12 0.00777873
101.13 0.00831165
101.14 0.00902538
101.15 0.00987835
101.16 0.0108367
101.17 0.0118622
101.18 0.0129137
101.19 0.0139489
101.2 0.0149251
101.21 0.0157955
101.22 0.0165164
101.23 0.0170621
101.24 0.0174073
101.25 0.0175341
101.26 0.0174322
101.27 0.0171003
101.28 0.0165456
101.29 0.0157737
101.3 0.0148152
101.31 0.0137127
101.32 0.0125054
101.33 0.0112375
101.34 0.00995648
101.35 0.00871127
101.36 0.00755083
101.37 0.00653418
101.38 0.00570428
101.39 0.00509294
101.4 0.00472926
101.41 0.00463389
101.42 0.0048181
101.43 0.00528311
101.44 0.0060198
101.45 0.00702654
101.46 0.00825448
101.47 0.00965774
101.48 0.011188
101.49 0.0127907
101.5 0.0144067
101.51 0.0159743
101.52 0.017431
101.53 0.0186946
101.54 0.0197175
101.55 0.020451
101.56 0.0208529
101.57 0.0208902
101.58 0.0205406
101.59 0.0197937
101.6 0.0186499
101.61 0.0170899
101.62 0.0151818
101.63 0.0129667
101.64 0.0104956
101.65 0.00782853
101.66 0.0050327
101.67 0.00218026
101.68 -0.000652261
101.69 -0.00337438
101.7 -0.00591602
101.71 -0.00820933
101.72 -0.0101936
101.73 -0.0118172
101.74 -0.0130395
101.75 -0.0138319
101.76 -0.0141677
101.77 -0.0140258
101.78 -0.0134562
101.79 -0.0124892
101.8 -0.0111682
101.81 -0.00954793
101.82 -0.00769342
101.83 -0.00567768
101.84 -0.00357976
101.85 -0.0014926
101.86 0.000496608
101.87 0.00230767
101.88 0.0038655
101.89 0.00510254
101.9 0.00596096
101.91 0.00639453
101.92 0.00634605
101.93 0.00579632
101.94 0.00476887
101.95 0.00327904
101.96 0.00135703
101.97 -0.000953047
101.98 -0.00359438
101.99 -0.0064992
102 -0.00959714
102.01 -0.0127895
102.02 -0.0159819
102.03 -0.0190862
102.04 -0.0220165
102.05 -0.0246918
102.06 -0.027039
102.07 -0.0289942
102.08 -0.0304699
102.09 -0.031447
102.1 -0.0319178
102.11 -0.0318781
102.12 -0.0313398
102.13 -0.0303296
102.14 -0.028889
102.15 -0.027073
102.16 -0.0249276
102.17 -0.0225594
102.18 -0.020057
102.19 -0.0175082
102.2 -0.0150015
102.21 -0.0126238
102.22 -0.0104574
102.23 -0.00857727
102.24 -0.00708891
102.25 -0.00601488
102.26 -0.0053911
102.27 -0.00523969
102.28 -0.00556724
102.29 -0.00636462
102.3 -0.00760733
102.31 -0.00925938
102.32 -0.0112908
102.33 -0.0135979
102.34 -0.0161051
102.35 -0.0187297
102.36 -0.0213855
102.37 -0.0239846
102.38 -0.0264407
102.39 -0.0286654
102.4 -0.0305576
102.41 -0.0320728
102.42 -0.0331589
102.43 -0.0337769
102.44 -0.0339023
102.45 -0.0335256
102.46 -0.0326524
102.47 -0.0312892
102.48 -0.0294612
102.49 -0.0272519
102.5 -0.0247235
102.51 -0.0219469
102.52 -0.0189999
102.53 -0.0159645
102.54 -0.0129244
102.55 -0.00996923
102.56 -0.00718966
102.57 -0.00465161
102.58 -0.00241726
102.59 -0.000538049
102.6 0.000946735
102.61 0.0020111
102.62 0.00264299
102.63 0.00282102
102.64 0.00257059
102.65 0.00194315
102.66 0.000982762
102.67 -0.000256378
102.68 -0.00171186
102.69 -0.00331518
102.7 -0.00499407
102.71 -0.0066699
102.72 -0.0082621
102.73 -0.00970319
102.74 -0.0109318
102.75 -0.0118949
102.76 -0.0125495
102.77 -0.0128637
102.78 -0.0128179
102.79 -0.0123766
102.8 -0.0115706
102.81 -0.0104294
102.82 -0.00898655
102.83 -0.00728584
102.84 -0.00538002
102.85 -0.00332888
102.86 -0.00119717
102.87 0.000942367
102.88 0.00301459
102.89 0.00495401
102.9 0.00669975
102.91 0.0081975
102.92 0.00940126
102.93 0.0102749
102.94 0.0107918
102.95 0.0109037
102.96 0.0106475
102.97 0.0100371
102.98 0.00909801
102.99 0.00786626
103 0.00638747
103.01 0.00471513
103.02 0.00290785
103.03 0.00103179
103.04 -0.000836529
103.05 -0.00263193
103.06 -0.00429212
103.07 -0.00575972
103.08 -0.00698405
103.09 -0.0079228
103.1 -0.00853407
103.11 -0.0087788
103.12 -0.0086733
103.13 -0.00822167
103.14 -0.00743946
103.15 -0.00635311
103.16 -0.00499905
103.17 -0.00342241
103.18 -0.0016713
103.19 0.000191059
103.2 0.00209269
103.21 0.00397075
103.22 0.00576349
103.23 0.00741228
103.24 0.0088635
103.25 0.0100702
103.26 0.0109777
103.27 0.0115544
103.28 0.0117985
103.29 0.011705
103.3 0.0112797
103.31 0.0105395
103.32 0.00951152
103.33 0.00823228
103.34 0.00673677
103.35 0.00508867
103.36 0.00335297
103.37 0.0015897
103.38 -0.00014036
103.39 -0.00177759
103.4 -0.00326537
103.41 -0.0045519
103.42 -0.00557032
103.43 -0.00629227
103.44 -0.00669796
103.45 -0.00677091
103.46 -0.00650494
103.47 -0.00590425
103.48 -0.00498319
103.49 -0.00376573
103.5 -0.00226521
103.51 -0.00054616
103.52 0.0013398
103.53 0.00334046
103.54 0.00540102
103.55 0.00746577
103.56 0.00947985
103.57 0.011391
103.58 0.0131317
103.59 0.0146716
103.6 0.015977
103.61 0.0170221
103.62 0.0177894
103.63 0.0182706
103.64 0.0184663
103.65 0.0183838
103.66 0.0180224
103.67 0.0174343
103.68 0.0166529
103.69 0.0157166
103.7 0.0146675
103.71 0.0135498
103.72 0.0124084
103.73 0.0112888
103.74 0.0102411
103.75 0.00930028
103.76 0.0084986
103.77 0.0078623
103.78 0.00741095
103.79 0.00715694
103.8 0.00710529
103.81 0.00726
103.82 0.00761613
103.83 0.00814259
103.84 0.00881617
103.85 0.00960901
103.86 0.0104896
103.87 0.0114242
103.88 0.0123778
103.89 0.013313
103.9 0.0141916
103.91 0.0149847
103.92 0.0156657
103.93 0.0162129
103.94 0.0166099
103.95 0.0168462
103.96 0.0169173
103.97 0.0168159
103.98 0.0165535
103.99 0.0161518
104 0.0156299
104.01 0.0150112
104.02 0.0143217
104.03 0.0135897
104.04 0.0128446
104.05 0.0121184
104.06 0.0114412
104.07 0.0108371
104.08 0.0103275
104.09 0.0099293
104.1 0.0096546
104.11 0.00951019
104.12 0.00949728
104.13 0.0096209
104.14 0.00986146
104.15 0.0102001
104.16 0.0106162
104.17 0.0110853
104.18 0.0115801
104.19 0.0120713
104.2 0.0125291
104.21 0.0129148
104.22 0.0132031
104.23 0.0133687
104.24 0.0133894
104.25 0.0132473
104.26 0.0129291
104.27 0.012427
104.28 0.011738
104.29 0.0108497
104.3 0.00979071
104.31 0.00857714
104.32 0.00722976
104.33 0.00577357
104.34 0.00423702
104.35 0.00265107
104.36 0.00104858
104.37 -0.00053252
104.38 -0.0020589
104.39 -0.00349992
104.4 -0.00482761
104.41 -0.00601747
104.42 -0.00704924
104.43 -0.0079074
104.44 -0.00857639
104.45 -0.0090428
104.46 -0.00932225
104.47 -0.00942205
104.48 -0.00935454
104.49 -0.00913654
104.5 -0.00878877
104.51 -0.00833508
104.52 -0.00779968
104.53 -0.00721267
104.54 -0.00660678
104.55 -0.00600936
104.56 -0.00544621
104.57 -0.00494072
104.58 -0.00451318
104.59 -0.00418017
104.6 -0.00395997
104.61 -0.00386063
104.62 -0.0038787
104.63 -0.00401145
104.64 -0.00425163
104.65 -0.00458785
104.66 -0.00500502
104.67 -0.00548498
104.68 -0.0060083
104.69 -0.00654878
104.7 -0.00708173
104.71 -0.00758418
104.72 -0.00803416
104.73 -0.00841146
104.74 -0.00869829
104.75 -0.00887995
104.76 -0.00893592
104.77 -0.00886461
104.78 -0.008667
104.79 -0.00834532
104.8 -0.00790593
104.81 -0.00735913
104.82 -0.00671882
104.83 -0.00600203
104.84 -0.00522527
104.85 -0.00441655
104.86 -0.00359955
104.87 -0.00279746
104.88 -0.00203307
104.89 -0.00132799
104.9 -0.00070208
104.91 -0.000172755
104.92 0.000233311
104.93 0.00051547
104.94 0.000667346
104.95 0.000686201
104.96 0.000573177
104.97 0.000333202
104.98 -2.52215e-05
104.99 -0.000491234
105 -0.00105583
105.01 -0.001692
105.02 -0.00238061
105.03 -0.00310147
105.04 -0.00383399
105.05 -0.00455775
105.06 -0.00525316
105.07 -0.00590051
105.08 -0.00647814
105.09 -0.00697646
105.1 -0.00738465
105.11 -0.00769485
105.12 -0.00790221
105.13 -0.008005
105.14 -0.00800448
105.15 -0.00790166
105.16 -0.00770138
105.17 -0.0074198
105.18 -0.00706833
105.19 -0.00665971
105.2 -0.00620764
105.21 -0.00572625
105.22 -0.00522969
105.23 -0.00473219
105.24 -0.00424825
105.25 -0.00378908
105.26 -0.00336429
105.27 -0.00298167
105.28 -0.00264702
105.29 -0.00236406
105.3 -0.00213441
105.31 -0.0019606
105.32 -0.00183898
105.33 -0.00176284
105.34 -0.00172631
105.35 -0.00172239
105.36 -0.00174323
105.37 -0.00178044
105.38 -0.00182543
105.39 -0.00186908
105.4 -0.0019025
105.41 -0.00191852
105.42 -0.00191091
105.43 -0.00187457
105.44 -0.00180568
105.45 -0.00170178
105.46 -0.00156183
105.47 -0.00138341
105.48 -0.00117082
105.49 -0.000928043
105.5 -0.000659419
105.51 -0.000370249
105.52 -6.65854e-05
105.53 0.000244947
105.54 0.000557354
105.55 0.000862195
105.56 0.00115224
105.57 0.00142064
105.58 0.00166091
105.59 0.00186706
105.6 0.00203376
105.61 0.00215638
105.62 0.00223085
105.63 0.00224923
105.64 0.00221426
105.65 0.00212483
105.66 0.00198065
105.67 0.00178222
105.68 0.00153082
105.69 0.00122842
105.7 0.00087695
105.71 0.000477026
105.72 3.67028e-05
105.73 -0.000439507
105.74 -0.000946612
105.75 -0.00147918
105.76 -0.00203137
105.77 -0.00259701
105.78 -0.00316956
105.79 -0.00374142
105.8 -0.00430513
105.81 -0.00485355
105.82 -0.00537949
105.83 -0.00587582
105.84 -0.00633556
105.85 -0.00675202
105.86 -0.00711668
105.87 -0.00742197
105.88 -0.00766613
105.89 -0.00784518
105.9 -0.00795617
105.91 -0.00799728
105.92 -0.00796799
105.93 -0.00786911
105.94 -0.00769959
105.95 -0.00746411
105.96 -0.00717152
105.97 -0.00682883
105.98 -0.00644439
105.99 -0.00602774
106 -0.00558946
106.01 -0.00514096
106.02 -0.00469511
106.03 -0.00426565
106.04 -0.00386462
106.05 -0.00350377
106.06 -0.00319411
106.07 -0.00294554
106.08 -0.0027666
106.09 -0.00266416
106.1 -0.00264962
106.11 -0.00272165
106.12 -0.00287822
106.13 -0.00311703
106.14 -0.00343343
106.15 -0.00382052
106.16 -0.00426925
106.17 -0.00476867
106.18 -0.00530827
106.19 -0.00586977
106.2 -0.00643766
106.21 -0.00699649
106.22 -0.00753089
106.23 -0.00802593
106.24 -0.00846765
106.25 -0.00884343
106.26 -0.00913388
106.27 -0.00933749
106.28 -0.00944864
106.29 -0.00946422
106.3 -0.00938391
106.31 -0.00921011
106.32 -0.00894796
106.33 -0.00860438
106.34 -0.00818498
106.35 -0.00770933
106.36 -0.0071913
106.37 -0.00664575
106.38 -0.00608805
106.39 -0.00553354
106.4 -0.00499702
106.41 -0.00449324
106.42 -0.00403798
106.43 -0.00363816
106.44 -0.00330087
106.45 -0.0030304
106.46 -0.00282813
106.47 -0.00269237
106.48 -0.00261842
106.49 -0.00260017
106.5 -0.00262717
106.51 -0.00268278
106.52 -0.0027521
106.53 -0.00281899
106.54 -0.00286663
106.55 -0.00287815
106.56 -0.00283725
106.57 -0.00272508
106.58 -0.00252628
106.59 -0.00223453
106.6 -0.00184275
106.61 -0.00134731
106.62 -0.000748272
106.63 -4.9618e-05
106.64 0.000740744
106.65 0.00161477
106.66 0.00255334
106.67 0.00353365
106.68 0.00453361
106.69 0.00552904
106.7 0.00649441
106.71 0.00740358
106.72 0.00823059
106.73 0.00894134
106.74 0.00951467
106.75 0.00993439
106.76 0.0101844
106.77 0.0102529
106.78 0.0101327
106.79 0.00982161
106.8 0.00932303
106.81 0.00863205
106.82 0.00777629
106.83 0.00677948
106.84 0.00566654
106.85 0.00446638
106.86 0.00321119
106.87 0.00193561
106.88 0.000675813
106.89 -0.000523076
106.9 -0.00162634
106.91 -0.00260016
106.92 -0.0034131
106.93 -0.00403739
106.94 -0.00444975
106.95 -0.00463213
106.96 -0.00457107
106.97 -0.00423784
106.98 -0.00365802
106.99 -0.00284016
107 -0.00179918
107.01 -0.000555927
107.02 0.000863247
107.03 0.00242723
107.04 0.00410209
107.05 0.00585002
107.06 0.00762185
107.07 0.00937655
107.08 0.0110736
107.09 0.0126741
107.1 0.0141418
107.11 0.0154441
107.12 0.0165467
107.13 0.0174153
107.14 0.0180489
107.15 0.0184385
107.16 0.0185817
107.17 0.0184828
107.18 0.0181525
107.19 0.0176075
107.2 0.0168634
107.21 0.0159482
107.22 0.0149055
107.23 0.0137703
107.24 0.0125793
107.25 0.0113702
107.26 0.0101803
107.27 0.00904565
107.28 0.00800639
107.29 0.0070962
107.3 0.00633585
107.31 0.00574577
107.32 0.00534098
107.33 0.0051308
107.34 0.00511868
107.35 0.0053022
107.36 0.00568446
107.37 0.00624438
107.38 0.00695574
107.39 0.00779509
107.4 0.00873575
107.41 0.0097486
107.42 0.010803
107.43 0.0118676
107.44 0.0129076
107.45 0.0138913
107.46 0.0147922
107.47 0.0155862
107.48 0.0162527
107.49 0.0167753
107.5 0.0171421
107.51 0.0173455
107.52 0.0173686
107.53 0.017227
107.54 0.0169303
107.55 0.0164903
107.56 0.0159222
107.57 0.0152439
107.58 0.014476
107.59 0.0136405
107.6 0.0127583
107.61 0.0118586
107.62 0.0109639
107.63 0.0100951
107.64 0.00927089
107.65 0.00850781
107.66 0.0078193
107.67 0.00721665
107.68 0.00671431
107.69 0.00630698
107.7 0.00599375
107.71 0.00577042
107.72 0.00562987
107.73 0.00556237
107.74 0.00555598
107.75 0.00559786
107.76 0.00567327
107.77 0.00576327
107.78 0.00585256
107.79 0.00592649
107.8 0.00597151
107.81 0.0059756
107.82 0.00592866
107.83 0.00582053
107.84 0.00564333
107.85 0.00539871
107.86 0.00508686
107.87 0.00471045
107.88 0.00427443
107.89 0.00378581
107.9 0.00325332
107.91 0.00268611
107.92 0.00209676
107.93 0.00149888
107.94 0.000904355
107.95 0.000324738
107.96 -0.000229154
107.97 -0.000747589
107.98 -0.00122222
107.99 -0.00164304
108 -0.00200567
108.01 -0.0023098
108.02 -0.00255497
108.03 -0.00274266
108.04 -0.00287619
108.05 -0.00296059
108.06 -0.00300236
108.07 -0.0030074
108.08 -0.00298693
108.09 -0.00295139
108.1 -0.00291047
108.11 -0.00287377
108.12 -0.00285052
108.13 -0.00284931
108.14 -0.00287786
108.15 -0.00294629
108.16 -0.00305798
108.17 -0.00321595
108.18 -0.0034225
108.19 -0.00367852
108.2 -0.00398355
108.21 -0.00433586
108.22 -0.00473259
108.23 -0.00517329
108.24 -0.00564921
108.25 -0.00615473
108.26 -0.00668415
108.27 -0.00723161
108.28 -0.0077913
108.29 -0.0083576
108.3 -0.00892522
108.31 -0.00948861
108.32 -0.0100436
108.33 -0.0105868
108.34 -0.0111153
108.35 -0.0116269
108.36 -0.0121199
108.37 -0.0125932
108.38 -0.0130458
108.39 -0.0134758
108.4 -0.0138848
108.41 -0.0142729
108.42 -0.0146401
108.43 -0.0149861
108.44 -0.0153109
108.45 -0.0156139
108.46 -0.0158938
108.47 -0.0161487
108.48 -0.016379
108.49 -0.0165836
108.5 -0.0167612
108.51 -0.0169105
108.52 -0.0170307
108.53 -0.0171207
108.54 -0.0171791
108.55 -0.0172052
108.56 -0.0172018
108.57 -0.0171702
108.58 -0.0171125
108.59 -0.0170316
108.6 -0.0169309
108.61 -0.0168147
108.62 -0.0166873
108.63 -0.0165548
108.64 -0.016423
108.65 -0.0162976
108.66 -0.0161839
108.67 -0.0160872
108.68 -0.0160119
108.69 -0.0159619
108.7 -0.0159419
108.71 -0.0159528
108.72 -0.0159937
108.73 -0.0160632
108.74 -0.0161584
108.75 -0.0162749
108.76 -0.0164069
108.77 -0.016547
108.78 -0.016686
108.79 -0.0168131
108.8 -0.0169177
108.81 -0.0169889
108.82 -0.0170154
108.83 -0.0169862
108.84 -0.0168907
108.85 -0.0167195
108.86 -0.0164559
108.87 -0.0160992
108.88 -0.015646
108.89 -0.015094
108.9 -0.0144429
108.91 -0.0136953
108.92 -0.0128558
108.93 -0.0119318
108.94 -0.0109265
108.95 -0.00986052
108.96 -0.00874811
108.97 -0.00760497
108.98 -0.00644802
108.99 -0.00529497
109 -0.00416385
109.01 -0.00307328
109.02 -0.00204687
109.03 -0.00109673
109.04 -0.000237262
109.05 0.000519123
109.06 0.00116233
109.07 0.00168485
109.08 0.00208197
109.09 0.00234897
109.1 0.00248072
109.11 0.00249202
109.12 0.00239053
109.13 0.00218652
109.14 0.00189252
109.15 0.00152302
109.16 0.00109402
109.17 0.000621803
109.18 0.000125584
109.19 -0.000374241
109.2 -0.000860396
109.21 -0.00131658
109.22 -0.00172788
109.23 -0.0020812
109.24 -0.00236555
109.25 -0.00256835
109.26 -0.0026826
109.27 -0.0027099
109.28 -0.00265031
109.29 -0.00250653
109.3 -0.00228373
109.31 -0.00198932
109.32 -0.00163267
109.33 -0.00122246
109.34 -0.000773414
109.35 -0.000300661
109.36 0.000182566
109.37 0.000663288
109.38 0.00112922
109.39 0.00156915
109.4 0.00197335
109.41 0.00233031
109.42 0.00263555
109.43 0.00288725
109.44 0.00308458
109.45 0.00322908
109.46 0.0033245
109.47 0.00337677
109.48 0.00339371
109.49 0.00338355
109.5 0.00336001
109.51 0.00333544
109.52 0.00332213
109.53 0.00333243
109.54 0.00337826
109.55 0.00347074
109.56 0.00361982
109.57 0.00384077
109.58 0.00413465
109.59 0.00450514
109.6 0.00495406
109.61 0.00548095
109.62 0.00608304
109.63 0.00675534
109.64 0.00749107
109.65 0.00828501
109.66 0.00912029
109.67 0.00998474
109.68 0.0108653
109.69 0.0117485
109.7 0.0126207
109.71 0.0134684
109.72 0.0142782
109.73 0.0150339
109.74 0.0157289
109.75 0.0163547
109.76 0.0169049
109.77 0.0173749
109.78 0.0177621
109.79 0.0180662
109.8 0.0182862
109.81 0.0184231
109.82 0.0184879
109.83 0.0184876
109.84 0.01843
109.85 0.018324
109.86 0.0181787
109.87 0.0180034
109.88 0.0178069
109.89 0.0175986
109.9 0.0173874
109.91 0.0171796
109.92 0.0169806
109.93 0.0167942
109.94 0.0166225
109.95 0.0164662
109.96 0.0163252
109.97 0.0161964
109.98 0.0160752
109.99 0.0159565
110 0.0158344
110.01 0.0157021
110.02 0.0155528
110.03 0.0153794
110.04 0.0151728
110.05 0.014927
110.06 0.0146378
110.07 0.014301
110.08 0.0139136
110.09 0.0134741
110.1 0.0129822
110.11 0.0124394
110.12 0.0118452
110.13 0.0112071
110.14 0.0105322
110.15 0.00982751
110.16 0.00910107
110.17 0.0083615
110.18 0.00761791
110.19 0.00687954
110.2 0.00615764
110.21 0.00546062
110.22 0.00479627
110.23 0.00417166
110.24 0.00359277
110.25 0.00306437
110.26 0.00258984
110.27 0.00217121
110.28 0.00181468
110.29 0.00151341
110.3 0.00126497
110.31 0.00106577
110.32 0.000911214
110.33 0.000795901
110.34 0.000713829
110.35 0.000658859
110.36 0.000625322
110.37 0.000604535
110.38 0.00059046
110.39 0.0005776
110.4 0.000561162
110.41 0.000537183
110.42 0.000502629
110.43 0.000455115
110.44 0.000392853
110.45 0.000316987
110.46 0.000228548
110.47 0.000129337
110.48 2.17924e-05
110.49 -9.11755e-05
110.5 -0.000206357
110.51 -0.000320268
110.52 -0.000429163
110.53 -0.000530266
110.54 -0.000621176
110.55 -0.000700109
110.56 -0.000766017
110.57 -0.000818669
110.58 -0.000858696
110.59 -0.000887186
110.6 -0.000906863
110.61 -0.000921595
110.62 -0.000935299
110.63 -0.000952373
110.64 -0.00097752
110.65 -0.00101556
110.66 -0.00107122
110.67 -0.00115049
110.68 -0.00125728
110.69 -0.00139363
110.7 -0.00156159
110.71 -0.00176214
110.72 -0.00199503
110.73 -0.00225876
110.74 -0.00255051
110.75 -0.00286751
110.76 -0.00320257
110.77 -0.00354828
110.78 -0.00389691
110.79 -0.00424
110.8 -0.00456855
110.81 -0.00487325
110.82 -0.00514476
110.83 -0.00536971
110.84 -0.00554159
110.85 -0.0056536
110.86 -0.00569926
110.87 -0.00567343
110.88 -0.00557242
110.89 -0.00539419
110.9 -0.00513843
110.91 -0.00479962
110.92 -0.00438843
110.93 -0.00391066
110.94 -0.00337325
110.95 -0.00278457
110.96 -0.00215425
110.97 -0.00149287
110.98 -0.000811763
110.99 -0.000123314
111 0.000558803
111.01 0.00122278
111.02 0.00185727
111.03 0.00245167
111.04 0.00299631
111.05 0.00348271
111.06 0.00390241
111.07 0.00424464
111.08 0.00451117
111.09 0.00469982
111.1 0.00480997
111.11 0.00484247
111.12 0.0047996
111.13 0.00468485
111.14 0.00450095
111.15 0.00425162
111.16 0.00394786
111.17 0.00359637
111.18 0.00320402
111.19 0.00277768
111.2 0.00232401
111.21 0.00184929
111.22 0.00135887
111.23 0.000858289
111.24 0.000352635
111.25 -0.00015462
111.26 -0.000660764
111.27 -0.00116382
111.28 -0.00166248
111.29 -0.00215601
111.3 -0.00264389
111.31 -0.0031263
111.32 -0.00360385
111.33 -0.00407694
111.34 -0.00454588
111.35 -0.00501077
111.36 -0.00547143
111.37 -0.00592726
111.38 -0.00637673
111.39 -0.00681825
111.4 -0.0072499
111.41 -0.00766913
111.42 -0.00807298
111.43 -0.0084582
111.44 -0.00882137
111.45 -0.00915897
111.46 -0.00946505
111.47 -0.00973768
111.48 -0.0099748
111.49 -0.0101742
111.5 -0.0103342
111.51 -0.010454
111.52 -0.0105336
111.53 -0.0105738
111.54 -0.0105731
111.55 -0.0105374
111.56 -0.0104709
111.57 -0.0103777
111.58 -0.0102628
111.59 -0.0101315
111.6 -0.00998953
111.61 -0.00984266
111.62 -0.0096973
111.63 -0.00955928
111.64 -0.00943355
111.65 -0.0093245
111.66 -0.00923573
111.67 -0.00916998
111.68 -0.00912904
111.69 -0.00911401
111.7 -0.00912645
111.71 -0.0091626
111.72 -0.00922008
111.73 -0.00929568
111.74 -0.00938553
111.75 -0.00948522
111.76 -0.00959003
111.77 -0.00969493
111.78 -0.00979432
111.79 -0.00988377
111.8 -0.00995928
111.81 -0.0100175
111.82 -0.010056
111.83 -0.0100731
111.84 -0.0100683
111.85 -0.0100411
111.86 -0.00999294
111.87 -0.00992779
111.88 -0.00984924
111.89 -0.00976157
111.9 -0.00966967
111.91 -0.00957878
111.92 -0.00949431
111.93 -0.00942242
111.94 -0.00936882
111.95 -0.00933719
111.96 -0.00933104
111.97 -0.00935288
111.98 -0.00940406
111.99 -0.00948465
112 -0.00959338
112.01 -0.00972883
112.02 -0.00988575
112.03 -0.0100574
112.04 -0.010237
112.05 -0.0104166
112.06 -0.0105877
112.07 -0.0107412
112.08 -0.0108676
112.09 -0.0109543
112.1 -0.0109929
112.11 -0.0109762
112.12 -0.010897
112.13 -0.0107493
112.14 -0.0105284
112.15 -0.0102315
112.16 -0.00985729
112.17 -0.00940017
112.18 -0.00886832
112.19 -0.00826779
112.2 -0.00760504
112.21 -0.00688808
112.22 -0.00612627
112.23 -0.00533009
112.24 -0.00451084
112.25 -0.00368049
112.26 -0.00285319
112.27 -0.00204092
112.28 -0.0012551
112.29 -0.000506389
112.3 0.000195574
112.31 0.000842417
112.32 0.00142673
112.33 0.00193688
112.34 0.00237552
112.35 0.00274108
112.36 0.00303359
112.37 0.00325468
112.38 0.00340739
112.39 0.00349602
112.4 0.00352497
112.41 0.00349788
112.42 0.00342639
112.43 0.00331769
112.44 0.003179
112.45 0.00301735
112.46 0.00283941
112.47 0.00265131
112.48 0.00245853
112.49 0.00226624
112.5 0.00207844
112.51 0.00189808
112.52 0.00172736
112.53 0.00156788
112.54 0.0014207
112.55 0.00128657
112.56 0.00116663
112.57 0.00106175
112.58 0.000971902
112.59 0.000898271
112.6 0.000842547
112.61 0.000807052
112.62 0.000794803
112.63 0.000809539
112.64 0.000857709
112.65 0.000944889
112.66 0.00107527
112.67 0.00125483
112.68 0.00148962
112.69 0.00178549
112.7 0.00214785
112.71 0.00258136
112.72 0.00309476
112.73 0.00368799
112.74 0.00435867
112.75 0.00510517
112.76 0.00592381
112.77 0.00680872
112.78 0.00775186
112.79 0.00874298
112.8 0.00977143
112.81 0.0108192
112.82 0.0118693
112.83 0.0129042
112.84 0.0139058
112.85 0.0148554
112.86 0.0157345
112.87 0.0165253
112.88 0.0172004
112.89 0.0177519
112.9 0.018169
112.91 0.0184423
112.92 0.0185655
112.93 0.0185356
112.94 0.0183535
112.95 0.0180233
112.96 0.0175406
112.97 0.0169328
112.98 0.0162156
112.99 0.0154079
113 0.0145312
113.01 0.0136086
113.02 0.0126649
113.03 0.011726
113.04 0.0108222
113.05 0.00997728
113.06 0.00921425
113.07 0.00855388
113.08 0.00801417
113.09 0.00760984
113.1 0.00735185
113.11 0.00725104
113.12 0.00731782
113.13 0.00753766
113.14 0.00790346
113.15 0.00840409
113.16 0.00902461
113.17 0.00974678
113.18 0.0105495
113.19 0.0114107
113.2 0.0123032
113.21 0.0131978
113.22 0.0140689
113.23 0.0148917
113.24 0.0156432
113.25 0.0163021
113.26 0.0168501
113.27 0.0172654
113.28 0.0175349
113.29 0.0176584
113.3 0.0176332
113.31 0.0174604
113.32 0.017145
113.33 0.0166953
113.34 0.016123
113.35 0.0154368
113.36 0.0146576
113.37 0.0138082
113.38 0.0129075
113.39 0.0119747
113.4 0.0110285
113.41 0.0100866
113.42 0.00916492
113.43 0.00828095
113.44 0.00744563
113.45 0.00666617
113.46 0.005948
113.47 0.00529369
113.48 0.00470308
113.49 0.00417346
113.5 0.00369989
113.51 0.00327902
113.52 0.00289827
113.53 0.00254755
113.54 0.00221729
113.55 0.00189817
113.56 0.00158162
113.57 0.00126024
113.58 0.000928214
113.59 0.000580039
113.6 0.000215498
113.61 -0.000164328
113.62 -0.000556182
113.63 -0.000954685
113.64 -0.00135255
113.65 -0.00174092
113.66 -0.00210949
113.67 -0.0024437
113.68 -0.00273462
113.69 -0.00297183
113.7 -0.00314594
113.71 -0.00324918
113.72 -0.00327583
113.73 -0.00322265
113.74 -0.00308776
113.75 -0.00286961
113.76 -0.00258143
113.77 -0.00223303
113.78 -0.0018372
113.79 -0.00140945
113.8 -0.000967614
113.81 -0.00053129
113.82 -0.000122822
113.83 0.000232025
113.84 0.000514406
113.85 0.000704591
113.86 0.000784784
113.87 0.000739824
113.88 0.00055784
113.89 0.000230806
113.9 -0.000251388
113.91 -0.000889251
113.92 -0.0016672
113.93 -0.00257349
113.94 -0.00359176
113.95 -0.00470137
113.96 -0.00587787
113.97 -0.00709365
113.98 -0.0083174
113.99 -0.00951317
114 -0.0106485
114.01 -0.011692
114.02 -0.0126136
114.03 -0.013386
114.04 -0.0139853
114.05 -0.014392
114.06 -0.0145768
114.07 -0.0145372
114.08 -0.0142788
114.09 -0.013806
114.1 -0.0131294
114.11 -0.0122653
114.12 -0.0112358
114.13 -0.0100676
114.14 -0.0087859
114.15 -0.00743506
114.16 -0.00605424
114.17 -0.00468118
114.18 -0.00335338
114.19 -0.002107
114.2 -0.000975761
114.21 1.00355e-05
114.22 0.000806951
114.23 0.00140706
114.24 0.00179863
114.25 0.00197441
114.26 0.0019336
114.27 0.00168185
114.28 0.001231
114.29 0.000598453
114.3 -0.000205664
114.31 -0.00113537
114.32 -0.00215915
114.33 -0.00324327
114.34 -0.00435287
114.35 -0.00545307
114.36 -0.00651014
114.37 -0.00749109
114.38 -0.00835722
114.39 -0.00909242
114.4 -0.00967853
114.41 -0.0101029
114.42 -0.0103588
114.43 -0.0104454
114.44 -0.0103678
114.45 -0.0101332
114.46 -0.00975335
114.47 -0.00926116
114.48 -0.0086818
114.49 -0.00804307
114.5 -0.00737437
114.51 -0.00670571
114.52 -0.00606663
114.53 -0.00548834
114.54 -0.00500138
114.55 -0.00462302
114.56 -0.00437015
114.57 -0.0042548
114.58 -0.00428377
114.59 -0.00445845
114.6 -0.00477477
114.61 -0.00522926
114.62 -0.00580547
114.63 -0.00647717
114.64 -0.00722151
114.65 -0.00801307
114.66 -0.00882479
114.67 -0.00962894
114.68 -0.0103981
114.69 -0.011101
114.7 -0.0117125
114.71 -0.0122152
114.72 -0.0125933
114.73 -0.0128352
114.74 -0.0129345
114.75 -0.0128894
114.76 -0.0127036
114.77 -0.0123766
114.78 -0.0119293
114.79 -0.011383
114.8 -0.0107587
114.81 -0.0100795
114.82 -0.00936975
114.83 -0.00865466
114.84 -0.00795879
114.85 -0.00731085
114.86 -0.00673053
114.87 -0.00623425
114.88 -0.00583537
114.89 -0.00554297
114.9 -0.00536156
114.91 -0.00529095
114.92 -0.00532632
114.93 -0.00546653
114.94 -0.00568752
114.95 -0.00597147
114.96 -0.00629839
114.97 -0.00664656
114.98 -0.00699345
114.99 -0.0073166
115 -0.00759401
115.01 -0.00779882
115.02 -0.00791955
115.03 -0.0079438
115.04 -0.00786329
115.05 -0.00767428
115.06 -0.00737778
115.07 -0.00697953
115.08 -0.00648835
115.09 -0.00591619
115.1 -0.00528943
115.11 -0.00462995
115.12 -0.0039616
115.13 -0.00330923
115.14 -0.00269773
115.15 -0.00215096
115.16 -0.00169423
115.17 -0.0013523
115.18 -0.00113294
115.19 -0.00104546
115.2 -0.00109388
115.21 -0.00127664
115.22 -0.00158645
115.23 -0.00201033
115.24 -0.00253303
115.25 -0.0031286
115.26 -0.00376331
115.27 -0.0044057
115.28 -0.00502225
115.29 -0.00557857
115.3 -0.00604059
115.31 -0.00637576
115.32 -0.0065441
115.33 -0.00651863
115.34 -0.00628721
115.35 -0.00583649
115.36 -0.0051599
115.37 -0.00425807
115.38 -0.00313907
115.39 -0.0018184
115.4 -0.000308666
115.41 0.00135038
115.42 0.00311637
115.43 0.00494825
115.44 0.0068016
115.45 0.00862991
115.46 0.010386
115.47 0.0120236
115.48 0.0134825
115.49 0.0147284
115.5 0.0157313
115.51 0.016464
115.52 0.0169072
115.53 0.0170494
115.54 0.0168883
115.55 0.0164301
115.56 0.0156666
115.57 0.0146482
115.58 0.0134112
115.59 0.0119958
115.6 0.0104477
115.61 0.00881672
115.62 0.00715556
115.63 0.00551805
115.64 0.00396996
115.65 0.00255812
115.66 0.00132845
115.67 0.000321274
115.68 -0.000429978
115.69 -0.000899754
115.7 -0.00107121
115.71 -0.000932438
115.72 -0.000464421
115.73 0.000292469
115.74 0.00131563
115.75 0.00257419
115.76 0.00403001
115.77 0.00563878
115.78 0.00735144
115.79 0.00911548
115.8 0.0108703
115.81 0.0125589
115.82 0.0141296
115.83 0.0155343
115.84 0.0167299
115.85 0.0176796
115.86 0.0183541
115.87 0.0187202
115.88 0.0187573
115.89 0.0184828
115.9 0.0179047
115.91 0.0170392
115.92 0.0159106
115.93 0.0145505
115.94 0.0129966
115.95 0.0112862
115.96 0.0094721
115.97 0.00761021
115.98 0.00574931
115.99 0.00393694
116 0.00221806
116.01 0.00063379
116.02 -0.0007797
116.03 -0.0019782
116.04 -0.00294074
116.05 -0.00366073
116.06 -0.00413094
116.07 -0.00435153
116.08 -0.00432977
116.09 -0.00407952
116.1 -0.0036206
116.11 -0.00296659
116.12 -0.0021588
116.13 -0.00123483
116.14 -0.000228957
116.15 0.000824109
116.16 0.00189026
116.17 0.00293704
116.18 0.00393458
116.19 0.0048479
116.2 0.00565841
116.21 0.0063505
116.22 0.00691222
116.23 0.00733648
116.24 0.00762096
116.25 0.00776784
116.26 0.00778335
116.27 0.00766661
116.28 0.00744321
116.29 0.00712876
116.3 0.00673966
116.31 0.00629278
116.32 0.00580475
116.33 0.00529132
116.34 0.00476683
116.35 0.00424492
116.36 0.00373602
116.37 0.0032473
116.38 0.00278348
116.39 0.0023469
116.4 0.00193777
116.41 0.00155448
116.42 0.00119437
116.43 0.000854133
116.44 0.000527577
116.45 0.000210568
116.46 -0.000100285
116.47 -0.000407189
116.48 -0.000710791
116.49 -0.00100991
116.5 -0.00130092
116.51 -0.0015772
116.52 -0.00183164
116.53 -0.00205485
116.54 -0.00223612
116.55 -0.00236385
116.56 -0.00242611
116.57 -0.00241124
116.58 -0.00230417
116.59 -0.00209357
116.6 -0.00177823
116.61 -0.00135481
116.62 -0.000823393
116.63 -0.000187856
116.64 0.000543892
116.65 0.00135982
116.66 0.00224653
116.67 0.00318025
116.68 0.00413399
116.69 0.0050811
116.7 0.005993
116.71 0.00684011
116.72 0.00759275
116.73 0.00822216
116.74 0.00868965
116.75 0.00897441
116.76 0.00906277
116.77 0.00894104
116.78 0.00860123
116.79 0.00804166
116.8 0.00726725
116.81 0.00628968
116.82 0.00511459
116.83 0.0037812
116.84 0.00232532
116.85 0.000783779
116.86 -0.000802757
116.87 -0.00239089
116.88 -0.00393576
116.89 -0.00539241
116.9 -0.00670126
116.91 -0.00782917
116.92 -0.00874178
116.93 -0.00940911
116.94 -0.00980787
116.95 -0.0099223
116.96 -0.00974487
116.97 -0.0092759
116.98 -0.00850014
116.99 -0.00746671
117 -0.00620408
117.01 -0.00474799
117.02 -0.00314041
117.03 -0.00142829
117.04 0.000337745
117.05 0.00210417
117.06 0.00380826
117.07 0.00539923
117.08 0.00682886
117.09 0.00805368
117.1 0.00903636
117.11 0.00974692
117.12 0.0101636
117.13 0.0102656
117.14 0.0100355
117.15 0.00950508
117.16 0.00869233
117.17 0.00762401
117.18 0.00633477
117.19 0.004866
117.2 0.00326458
117.21 0.00158037
117.22 -0.000127233
117.23 -0.00179996
117.24 -0.00338579
117.25 -0.00483599
117.26 -0.00610666
117.27 -0.00716009
117.28 -0.00796606
117.29 -0.00848842
117.3 -0.00871387
117.31 -0.00865529
117.32 -0.00832121
117.33 -0.00772928
117.34 -0.00690566
117.35 -0.00588411
117.36 -0.00470479
117.37 -0.0034091
117.38 -0.00205481
117.39 -0.000696853
117.4 0.000614297
117.41 0.00183016
117.42 0.00290587
117.43 0.00380163
117.44 0.004484
117.45 0.00490792
117.46 0.00506655
117.47 0.00495988
117.48 0.00459048
117.49 0.00396984
117.5 0.00311793
117.51 0.00206245
117.52 0.000837841
117.53 -0.0005232
117.54 -0.00196259
117.55 -0.00343149
117.56 -0.0048824
117.57 -0.00626898
117.58 -0.00754756
117.59 -0.00867868
117.6 -0.00962833
117.61 -0.0103467
117.62 -0.0108336
117.63 -0.0110801
117.64 -0.0110853
117.65 -0.0108565
117.66 -0.0104094
117.67 -0.0097671
117.68 -0.00895843
117.69 -0.00801224
117.7 -0.00698388
117.71 -0.0059164
117.72 -0.00485378
117.73 -0.00383939
117.74 -0.0029145
117.75 -0.00211679
117.76 -0.00148306
117.77 -0.00105358
117.78 -0.000833205
117.79 -0.000832358
117.8 -0.00105348
117.81 -0.00149097
117.82 -0.00213146
117.83 -0.00295431
117.84 -0.00393632
117.85 -0.00504454
117.86 -0.00623077
117.87 -0.0074545
117.88 -0.008674
117.89 -0.00984776
117.9 -0.010936
117.91 -0.0119018
117.92 -0.0127046
117.93 -0.0133122
117.94 -0.0137145
117.95 -0.0138994
117.96 -0.0138621
117.97 -0.0136053
117.98 -0.013139
117.99 -0.0124801
118 -0.0116435
118.01 -0.010664
118.02 -0.00958222
118.03 -0.00843406
118.04 -0.00725682
118.05 -0.00608773
118.06 -0.00496276
118.07 -0.0039153
118.08 -0.00298414
118.09 -0.0021925
118.1 -0.00155474
118.11 -0.00108258
118.12 -0.000781293
118.13 -0.000649551
118.14 -0.000679701
118.15 -0.000858162
118.16 -0.0011746
118.17 -0.00159496
118.18 -0.00208928
118.19 -0.00262825
118.2 -0.0031818
118.21 -0.00372032
118.22 -0.00421586
118.23 -0.00464324
118.24 -0.00497119
118.25 -0.00518984
118.26 -0.00528996
118.27 -0.00526737
118.28 -0.00512384
118.29 -0.0048671
118.3 -0.00451044
118.31 -0.00407204
118.32 -0.00357169
118.33 -0.00304379
118.34 -0.0025171
118.35 -0.0020212
118.36 -0.0015853
118.37 -0.00123697
118.38 -0.001001
118.39 -0.000900591
118.4 -0.000963577
118.41 -0.00118716
118.42 -0.00157397
118.43 -0.00212005
118.44 -0.00281483
118.45 -0.00364128
118.46 -0.0045764
118.47 -0.00559312
118.48 -0.0066566
118.49 -0.00772451
118.5 -0.00875833
118.51 -0.00971907
118.52 -0.0105686
118.53 -0.0112712
118.54 -0.0117942
118.55 -0.0121013
118.56 -0.012163
118.57 -0.0119791
118.58 -0.0115434
118.59 -0.0108575
118.6 -0.00993076
118.61 -0.00877999
118.62 -0.00742926
118.63 -0.00590229
118.64 -0.00424071
118.65 -0.00249399
118.66 -0.000706009
118.67 0.00107804
118.68 0.00281311
118.69 0.00445573
118.7 0.00596541
118.71 0.00729333
118.72 0.00841008
118.73 0.00929981
118.74 0.00994738
118.75 0.0103455
118.76 0.0104947
118.77 0.0104038
118.78 0.0100887
118.79 0.00955977
118.8 0.00885995
118.81 0.00802974
118.82 0.00710787
118.83 0.00613518
118.84 0.00515321
118.85 0.00420276
118.86 0.0033225
118.87 0.00255949
118.88 0.00193874
118.89 0.00148203
118.9 0.00120611
118.91 0.0011206
118.92 0.00122777
118.93 0.00152257
118.94 0.00199292
118.95 0.00263328
118.96 0.00340125
118.97 0.00426636
118.98 0.00519523
118.99 0.00615249
119 0.0071021
119.01 0.00800874
119.02 0.00883806
119.03 0.00954854
119.04 0.0101234
119.05 0.0105438
119.06 0.0107974
119.07 0.0108784
119.08 0.0107881
119.09 0.0105345
119.1 0.0101297
119.11 0.00958973
119.12 0.00895342
119.13 0.0082517
119.14 0.0075183
119.15 0.00678842
119.16 0.00609737
119.17 0.00547926
119.18 0.00497007
119.19 0.004605
119.2 0.0043981
119.21 0.0043648
119.22 0.00451383
119.23 0.00484682
119.24 0.00535815
119.25 0.00603502
119.26 0.00686325
119.27 0.00781418
119.28 0.00884759
119.29 0.00992735
119.3 0.0110146
119.31 0.0120693
119.32 0.0130514
119.33 0.0139224
119.34 0.0146365
119.35 0.0151612
119.36 0.0154789
119.37 0.015572
119.38 0.0154305
119.39 0.015052
119.4 0.0144424
119.41 0.0136153
119.42 0.0125808
119.43 0.0113788
119.44 0.0100513
119.45 0.00863906
119.46 0.00718591
119.47 0.00573779
119.48 0.00434103
119.49 0.00304084
119.5 0.00189423
119.51 0.000934301
119.52 0.000189595
119.53 -0.000315301
119.54 -0.000563515
119.55 -0.000546502
119.56 -0.000264388
119.57 0.000273971
119.58 0.00107104
119.59 0.00207764
119.6 0.00325762
119.61 0.00457097
119.62 0.00597309
119.63 0.00741621
119.64 0.00885095
119.65 0.0102275
119.66 0.0114834
119.67 0.0125814
119.68 0.0134829
119.69 0.014155
119.7 0.0145725
119.71 0.014718
119.72 0.0145825
119.73 0.0141617
119.74 0.0134474
119.75 0.0124826
119.76 0.0112944
119.77 0.00991646
119.78 0.00838806
119.79 0.00675292
119.8 0.0050577
119.81 0.0033516
119.82 0.00168986
119.83 0.000118485
119.84 -0.00132033
119.85 -0.00258919
119.86 -0.00365661
119.87 -0.00449797
119.88 -0.00509621
119.89 -0.00543226
119.9 -0.00550061
119.91 -0.00532607
119.92 -0.00492547
119.93 -0.00432252
119.94 -0.003547
119.95 -0.0026337
119.96 -0.00162118
119.97 -0.000549727
119.98 0.00053268
119.99 0.00158194
120 0.00255859
120.01 0.00342644
120.02 0.00415364
120.03 0.00471368
120.04 0.0050861
120.05 0.00524379
120.06 0.00518514
120.07 0.00491953
120.08 0.00445538
120.09 0.00380729
120.1 0.00299546
120.11 0.00204481
120.12 0.000984027
120.13 -0.000158902
120.14 -0.00134349
120.15 -0.00253469
120.16 -0.0037005
120.17 -0.00481114
120.18 -0.00583997
120.19 -0.00676436
120.2 -0.00756634
120.21 -0.00822065
120.22 -0.00873011
120.23 -0.00909617
120.24 -0.00932374
120.25 -0.0094227
120.26 -0.00940738
120.27 -0.00929585
120.28 -0.00910909
120.29 -0.00886734
120.3 -0.00860182
120.31 -0.00833653
120.32 -0.00809421
120.33 -0.00789551
120.34 -0.00775818
120.35 -0.00769637
120.36 -0.00772103
120.37 -0.0078452
120.38 -0.00806055
120.39 -0.00836203
120.4 -0.00874009
120.41 -0.00918108
120.42 -0.0096678
120.43 -0.0101802
120.44 -0.0106954
120.45 -0.0111863
120.46 -0.0116288
120.47 -0.0120003
120.48 -0.0122793
120.49 -0.0124473
120.5 -0.0124887
120.51 -0.0123921
120.52 -0.0121453
120.53 -0.011741
120.54 -0.0111927
120.55 -0.0105088
120.56 -0.00970223
120.57 -0.00878999
120.58 -0.00779286
120.59 -0.00673455
120.6 -0.00564072
120.61 -0.00454236
120.62 -0.00346902
120.63 -0.00244783
120.64 -0.00150444
120.65 -0.000662164
120.66 5.87297e-05
120.67 0.000641634
120.68 0.00106495
120.69 0.00132255
120.7 0.00141903
120.71 0.00135708
120.72 0.00114399
120.73 0.000791251
120.74 0.000314179
120.75 -0.000268691
120.76 -0.000940513
120.77 -0.00167232
120.78 -0.00243746
120.79 -0.00321191
120.8 -0.00397242
120.81 -0.00469731
120.82 -0.00536706
120.83 -0.00596499
120.84 -0.00646987
120.85 -0.00687679
120.86 -0.00718243
120.87 -0.00738563
120.88 -0.00748904
120.89 -0.0074988
120.9 -0.00742425
120.91 -0.00727741
120.92 -0.0070685
120.93 -0.00681978
120.94 -0.00654832
120.95 -0.00627071
120.96 -0.00600286
120.97 -0.0057594
120.98 -0.00555305
120.99 -0.00539445
121 -0.00529687
121.01 -0.00525937
121.02 -0.00528264
121.03 -0.00536419
121.04 -0.00549849
121.05 -0.00567723
121.06 -0.00588962
121.07 -0.00612301
121.08 -0.00636191
121.09 -0.00658947
121.1 -0.00679032
121.11 -0.0069496
121.12 -0.00705355
121.13 -0.00709006
121.14 -0.00704921
121.15 -0.00692112
121.16 -0.00669719
121.17 -0.00638321
121.18 -0.00598194
121.19 -0.00549934
121.2 -0.00494446
121.21 -0.00432911
121.22 -0.00366755
121.23 -0.00297555
121.24 -0.00227294
121.25 -0.00158005
121.26 -0.00091561
121.27 -0.000297806
121.28 0.000256333
121.29 0.0007315
121.3 0.00111463
121.31 0.00138965
121.32 0.00154898
121.33 0.00159463
121.34 0.00152697
121.35 0.00134991
121.36 0.00107076
121.37 0.000700063
121.38 0.000251269
121.39 -0.00026243
121.4 -0.000818913
121.41 -0.00139614
121.42 -0.00197354
121.43 -0.00253041
121.44 -0.00304646
121.45 -0.00350246
121.46 -0.00388079
121.47 -0.00415782
121.48 -0.00432431
121.49 -0.00437338
121.5 -0.00429898
121.51 -0.00409842
121.52 -0.00377249
121.53 -0.00332536
121.54 -0.00276447
121.55 -0.00209241
121.56 -0.00133176
121.57 -0.000499968
121.58 0.000385083
121.59 0.0013042
121.6 0.00223739
121.61 0.00316435
121.62 0.00406498
121.63 0.00491354
121.64 0.00569502
121.65 0.00639335
121.66 0.0069944
121.67 0.00748637
121.68 0.00786001
121.69 0.00810875
121.7 0.00822743
121.71 0.00820483
121.72 0.00805506
121.73 0.0077831
121.74 0.0073963
121.75 0.0069042
121.76 0.00631822
121.77 0.0056514
121.78 0.00491696
121.79 0.0041292
121.8 0.00330923
121.81 0.00247337
121.82 0.00163784
121.83 0.000818497
121.84 3.05812e-05
121.85 -0.000711554
121.86 -0.00139218
121.87 -0.00199568
121.88 -0.00251596
121.89 -0.00294443
121.9 -0.0032742
121.91 -0.00350008
121.92 -0.00361866
121.93 -0.00362829
121.94 -0.00352414
121.95 -0.00330755
121.96 -0.00298837
121.97 -0.00257201
121.98 -0.00206529
121.99 -0.00147637
122 -0.000814572
122.01 -9.02422e-05
122.02 0.000687674
122.03 0.0015049
122.04 0.00234682
122.05 0.00320073
122.06 0.00405389
122.07 0.00489375
122.08 0.00570813
122.09 0.00648546
122.1 0.00721089
122.11 0.00787554
122.12 0.00847261
122.13 0.00899517
122.14 0.00943774
122.15 0.00979643
122.16 0.010069
122.17 0.010255
122.18 0.0103486
122.19 0.0103587
122.2 0.0102917
122.21 0.0101537
122.22 0.00995228
122.23 0.00969595
122.24 0.00939422
122.25 0.00905724
122.26 0.0086943
122.27 0.00831928
122.28 0.00794298
122.29 0.00757564
122.3 0.00722691
122.31 0.00690562
122.32 0.00661961
122.33 0.0063758
122.34 0.00618439
122.35 0.00604499
122.36 0.00595999
122.37 0.00593041
122.38 0.00595597
122.39 0.00603516
122.4 0.00616537
122.41 0.00634374
122.42 0.00656823
122.43 0.00682973
122.44 0.00712268
122.45 0.00744129
122.46 0.0077797
122.47 0.00813214
122.48 0.00849301
122.49 0.008857
122.5 0.0092186
122.51 0.00957328
122.52 0.00991709
122.53 0.0102465
122.54 0.0105584
122.55 0.0108498
122.56 0.0111182
122.57 0.0113597
122.58 0.0115708
122.59 0.0117506
122.6 0.0118961
122.61 0.0120043
122.62 0.0120718
122.63 0.0120951
122.64 0.0120704
122.65 0.0119907
122.66 0.0118519
122.67 0.0116526
122.68 0.0113895
122.69 0.0110594
122.7 0.0106604
122.71 0.010191
122.72 0.00965129
122.73 0.0090381
122.74 0.00835672
122.75 0.00761451
122.76 0.00681804
122.77 0.00597559
122.78 0.00509718
122.79 0.00419436
122.8 0.00328009
122.81 0.00236984
122.82 0.00148011
122.83 0.000626201
122.84 -0.00017657
122.85 -0.000913431
122.86 -0.00157063
122.87 -0.00213593
122.88 -0.00259904
122.89 -0.00294191
122.9 -0.00316774
122.91 -0.00327679
122.92 -0.00327125
122.93 -0.00315676
122.94 -0.0029425
122.95 -0.00264096
122.96 -0.00226785
122.97 -0.00183842
122.98 -0.00138089
122.99 -0.000918345
123 -0.000474783
123.01 -7.45044e-05
123.02 0.000258668
123.03 0.000502156
123.04 0.000633975
123.05 0.000624603
123.06 0.000470908
123.07 0.000163684
123.08 -0.000301625
123.09 -0.000924604
123.1 -0.00169968
123.11 -0.00261612
123.12 -0.0036605
123.13 -0.00481524
123.14 -0.00604499
123.15 -0.00732063
123.16 -0.00861041
123.17 -0.00988086
123.18 -0.0110978
123.19 -0.0122275
123.2 -0.0132322
123.21 -0.014074
123.22 -0.0147357
123.23 -0.0151969
123.24 -0.0154422
123.25 -0.0154627
123.26 -0.015256
123.27 -0.0148264
123.28 -0.0141763
123.29 -0.0133256
123.3 -0.0123117
123.31 -0.0111661
123.32 -0.00992496
123.33 -0.00862829
123.34 -0.00731852
123.35 -0.00603938
123.36 -0.00484149
123.37 -0.00377086
123.38 -0.00286251
123.39 -0.00215035
123.4 -0.00166265
123.41 -0.00142097
123.42 -0.00143936
123.43 -0.00172373
123.44 -0.00228925
123.45 -0.00311145
123.46 -0.00416045
123.47 -0.0054065
123.48 -0.00681268
123.49 -0.00833589
123.5 -0.00992806
123.51 -0.0115375
123.52 -0.0131028
123.53 -0.0145667
123.54 -0.0158774
123.55 -0.0169859
123.56 -0.0178477
123.57 -0.0184249
123.58 -0.0186868
123.59 -0.0186116
123.6 -0.0181535
123.61 -0.0173424
123.62 -0.0161908
123.63 -0.0147192
123.64 -0.0129574
123.65 -0.0109444
123.66 -0.00872672
123.67 -0.00635713
123.68 -0.00389185
123.69 -0.00140666
123.7 0.00103522
123.71 0.00337131
123.72 0.00554174
123.73 0.00749102
123.74 0.00916966
123.75 0.0105297
123.76 0.0115121
123.77 0.0121229
123.78 0.0123518
123.79 0.0121995
123.8 0.0116776
123.81 0.0108081
123.82 0.00962296
123.83 0.00815664
123.84 0.00645456
123.85 0.00459198
123.86 0.00262888
123.87 0.000627409
123.88 -0.00134997
123.89 -0.00324233
123.9 -0.00499217
123.91 -0.00653708
123.92 -0.00782183
123.93 -0.0088231
123.94 -0.00951475
123.95 -0.00988069
123.96 -0.00991532
123.97 -0.00962353
123.98 -0.00902051
123.99 -0.00811784
124 -0.00695628
124.01 -0.00559254
124.02 -0.00407558
124.03 -0.00245863
124.04 -0.000797474
124.05 0.000851298
124.06 0.00243212
124.07 0.00388108
124.08 0.00514821
124.09 0.00619733
124.1 0.00699512
124.11 0.00751669
124.12 0.00774628
124.13 0.00767761
124.14 0.007314
124.15 0.00664812
124.16 0.00571994
124.17 0.00456764
124.18 0.00322917
124.19 0.00174781
124.2 0.000170664
124.21 -0.00145287
124.22 -0.00307272
124.23 -0.00463093
124.24 -0.00608118
124.25 -0.00738289
124.26 -0.00850043
124.27 -0.00940482
124.28 -0.0100746
124.29 -0.0104963
124.3 -0.0106648
124.31 -0.0105592
124.32 -0.0102183
124.33 -0.00966254
124.34 -0.00891888
124.35 -0.00801961
124.36 -0.00700117
124.37 -0.00590285
124.38 -0.00476542
124.39 -0.00363397
124.4 -0.00255003
124.41 -0.00154913
124.42 -0.000662443
124.43 8.41523e-05
124.44 0.000670928
124.45 0.00108487
124.46 0.00131589
124.47 0.0013565
124.48 0.00123055
124.49 0.00095433
124.5 0.000549834
124.51 4.38668e-05
124.52 -0.000533012
124.53 -0.00114766
124.54 -0.00176443
124.55 -0.00234369
124.56 -0.00285291
124.57 -0.00326224
124.58 -0.0035458
124.59 -0.00368256
124.6 -0.00365715
124.61 -0.00346041
124.62 -0.00308171
124.63 -0.00252544
124.64 -0.00181317
124.65 -0.000963091
124.66 1.24617e-06
124.67 0.00105174
124.68 0.00215672
124.69 0.00328209
124.7 0.00438944
124.71 0.00543935
124.72 0.00639908
124.73 0.00723789
124.74 0.0079289
124.75 0.00845004
124.76 0.00878484
124.77 0.00892301
124.78 0.00884681
124.79 0.00856891
124.8 0.00810663
124.81 0.00747746
124.82 0.00670455
124.83 0.00581587
124.84 0.00484333
124.85 0.00382168
124.86 0.00278939
124.87 0.00178777
124.88 0.000852569
124.89 1.69906e-05
124.9 -0.000689253
124.91 -0.00124096
124.92 -0.00161828
124.93 -0.00180744
124.94 -0.00178258
124.95 -0.00156179
124.96 -0.00115439
124.97 -0.000575023
124.98 0.000155554
124.99 0.00101118
125 0.00196111
125.01 0.00297114
125.02 0.00400256
125.03 0.0050121
125.04 0.00596199
125.05 0.00681602
125.06 0.00754077
125.07 0.00810668
125.08 0.00848906
125.09 0.00866506
125.1 0.00860717
125.11 0.0083284
125.12 0.00783166
125.13 0.00712683
125.14 0.00623056
125.15 0.00516574
125.16 0.00396089
125.17 0.00264729
125.18 0.00126398
125.19 -0.00014154
125.2 -0.00152781
125.21 -0.00285342
125.22 -0.00407819
125.23 -0.00516432
125.24 -0.00607754
125.25 -0.00677853
125.26 -0.00723633
125.27 -0.00744644
125.28 -0.00739866
125.29 -0.00708972
125.3 -0.00652327
125.31 -0.00570982
125.32 -0.00466636
125.33 -0.00340642
125.34 -0.001964
125.35 -0.000382676
125.36 0.00130039
125.37 0.00304572
125.38 0.00481256
125.39 0.00656002
125.4 0.00824806
125.41 0.00982979
125.42 0.0112691
125.43 0.0125393
125.44 0.0136143
125.45 0.0144736
125.46 0.015102
125.47 0.0154902
125.48 0.0156348
125.49 0.0155204
125.5 0.0151697
125.51 0.0146032
125.52 0.0138402
125.53 0.0129043
125.54 0.0118224
125.55 0.010624
125.56 0.00934067
125.57 0.00800321
125.58 0.00665169
125.59 0.00531891
125.6 0.00403569
125.61 0.00283087
125.62 0.00173069
125.63 0.000758322
125.64 -6.65528e-05
125.65 -0.000710309
125.66 -0.00117737
125.67 -0.00146104
125.68 -0.00155877
125.69 -0.0014721
125.7 -0.00120647
125.71 -0.000771036
125.72 -0.00017668
125.73 0.000569882
125.74 0.00143586
125.75 0.00240012
125.76 0.0034398
125.77 0.00453072
125.78 0.00564788
125.79 0.00676592
125.8 0.0078583
125.81 0.00889478
125.82 0.009854
125.83 0.0107139
125.84 0.011454
125.85 0.0120564
125.86 0.0125053
125.87 0.0127878
125.88 0.0128875
125.89 0.0127918
125.9 0.0125099
125.91 0.0120429
125.92 0.0113954
125.93 0.0105755
125.94 0.00959475
125.95 0.00846812
125.96 0.0072086
125.97 0.0058397
125.98 0.00439215
125.99 0.00289202
126 0.00136694
126.01 -0.000154417
126.02 -0.00164286
126.03 -0.00306931
126.04 -0.00439833
126.05 -0.0056014
126.06 -0.00665797
126.07 -0.00754636
126.08 -0.00824818
126.09 -0.00874888
126.1 -0.00903812
126.11 -0.00911017
126.12 -0.00894884
126.13 -0.00856874
126.14 -0.00798674
126.15 -0.00721816
126.16 -0.00628298
126.17 -0.00520543
126.18 -0.0040135
126.19 -0.00273838
126.2 -0.00141254
126.21 -7.82879e-05
126.22 0.00122743
126.23 0.0024688
126.24 0.00361126
126.25 0.0046224
126.26 0.00547285
126.27 0.00613703
126.28 0.00657259
126.29 0.0067819
126.3 0.00675743
126.31 0.00649652
126.32 0.00600272
126.33 0.0052857
126.34 0.00436113
126.35 0.00324929
126.36 0.0019656
126.37 0.000559071
126.38 -0.000935193
126.39 -0.0024797
126.4 -0.00403554
126.41 -0.00556349
126.42 -0.00702503
126.43 -0.00838096
126.44 -0.00958517
126.45 -0.0106178
126.46 -0.0114549
126.47 -0.012078
126.48 -0.0124748
126.49 -0.0126394
126.5 -0.0125728
126.51 -0.012276
126.52 -0.0117569
126.53 -0.0110526
126.54 -0.0101898
126.55 -0.00919967
126.56 -0.0081169
126.57 -0.00697884
126.58 -0.0058243
126.59 -0.00469509
126.6 -0.00363535
126.61 -0.00267907
126.62 -0.00185857
126.63 -0.00120185
126.64 -0.000731776
126.65 -0.000465368
126.66 -0.00041328
126.67 -0.000591082
126.68 -0.000993012
126.69 -0.00159739
126.7 -0.00238646
126.71 -0.00333653
126.72 -0.00441873
126.73 -0.00559975
126.74 -0.00684288
126.75 -0.00810783
126.76 -0.00934874
126.77 -0.0105249
126.78 -0.0115976
126.79 -0.0125311
126.8 -0.0132928
126.81 -0.0138553
126.82 -0.0141962
126.83 -0.0142803
126.84 -0.0141112
126.85 -0.0136937
126.86 -0.0130341
126.87 -0.0121456
126.88 -0.0110479
126.89 -0.00976652
126.9 -0.00833259
126.91 -0.00677452
126.92 -0.00514453
126.93 -0.00348562
126.94 -0.00184046
126.95 -0.000251475
126.96 0.00124024
126.97 0.00259608
126.98 0.00378084
126.99 0.00474113
127 0.00547087
127.01 0.00595224
127.02 0.00617397
127.03 0.0061316
127.04 0.00582756
127.05 0.00527105
127.06 0.00447514
127.07 0.00344819
127.08 0.00223941
127.09 0.000881683
127.1 -0.000588541
127.11 -0.00213225
127.12 -0.00370888
127.13 -0.00527739
127.14 -0.00679513
127.15 -0.00821439
127.16 -0.00950397
127.17 -0.0106322
127.18 -0.0115717
127.19 -0.0123006
127.2 -0.0128022
127.21 -0.0130659
127.22 -0.0130787
127.23 -0.0128362
127.24 -0.0123634
127.25 -0.011675
127.26 -0.010791
127.27 -0.00973588
127.28 -0.008538
127.29 -0.00722889
127.3 -0.00584041
127.31 -0.00441249
127.32 -0.00298473
127.33 -0.0015923
127.34 -0.000268905
127.35 0.000953929
127.36 0.00204763
127.37 0.0029872
127.38 0.00374016
127.39 0.00429213
127.4 0.0046401
127.41 0.00477881
127.42 0.00470805
127.43 0.00443258
127.44 0.00396192
127.45 0.00331003
127.46 0.00248473
127.47 0.0015175
127.48 0.000438152
127.49 -0.000726033
127.5 -0.00194626
127.51 -0.00319294
127.52 -0.00443633
127.53 -0.00564723
127.54 -0.00679032
127.55 -0.00784118
127.56 -0.00877772
127.57 -0.00957969
127.58 -0.0102302
127.59 -0.0107158
127.6 -0.0110273
127.61 -0.0111589
127.62 -0.0110921
127.63 -0.0108466
127.64 -0.0104303
127.65 -0.00985395
127.66 -0.00913107
127.67 -0.00827815
127.68 -0.00731393
127.69 -0.00625854
127.7 -0.00513024
127.71 -0.00396002
127.72 -0.00277074
127.73 -0.00158483
127.74 -0.000423759
127.75 0.000692428
127.76 0.00174553
127.77 0.00271783
127.78 0.00358881
127.79 0.00435529
127.8 0.0050104
127.81 0.00555032
127.82 0.00597429
127.83 0.00628455
127.84 0.00648616
127.85 0.00658402
127.86 0.00658592
127.87 0.00651124
127.88 0.00637376
127.89 0.00618824
127.9 0.00597
127.91 0.00573439
127.92 0.00549639
127.93 0.00527121
127.94 0.00507358
127.95 0.00491344
127.96 0.0047995
127.97 0.00473818
127.98 0.00473348
127.99 0.00478682
128 0.00489711
128.01 0.00506335
128.02 0.00527811
128.03 0.00553045
128.04 0.0058102
128.05 0.00610587
128.06 0.00640505
128.07 0.0066949
128.08 0.00696261
128.09 0.00719282
128.1 0.00737421
128.11 0.00749862
128.12 0.00755866
128.13 0.00754923
128.14 0.00746782
128.15 0.00731473
128.16 0.00709312
128.17 0.00680489
128.18 0.0064638
128.19 0.00608341
128.2 0.00567814
128.21 0.00526427
128.22 0.0048595
128.23 0.00448245
128.24 0.00415202
128.25 0.00389435
128.26 0.00372338
128.27 0.00365403
128.28 0.0036997
128.29 0.00387092
128.3 0.00417497
128.31 0.00461544
128.32 0.00519209
128.33 0.00591257
128.34 0.00675348
128.35 0.00770094
128.36 0.0087372
128.37 0.00984094
128.38 0.0109878
128.39 0.0121508
128.4 0.0133007
128.41 0.014401
128.42 0.015423
128.43 0.0163372
128.44 0.0171158
128.45 0.017733
128.46 0.0181664
128.47 0.0183973
128.48 0.0184058
128.49 0.0181704
128.5 0.0177053
128.51 0.0170134
128.52 0.0161035
128.53 0.0149898
128.54 0.0136919
128.55 0.0122344
128.56 0.0106427
128.57 0.00895136
128.58 0.00720484
128.59 0.00544128
128.6 0.00369976
128.61 0.00201928
128.62 0.000437807
128.63 -0.00100875
128.64 -0.00227773
128.65 -0.00333596
128.66 -0.00416923
128.67 -0.00475969
128.68 -0.00509542
128.69 -0.0051707
128.7 -0.00498622
128.71 -0.00454906
128.72 -0.00385924
128.73 -0.00294411
128.74 -0.00183923
128.75 -0.000575172
128.76 0.000813644
128.77 0.00228982
128.78 0.00381391
128.79 0.00534543
128.8 0.00683848
128.81 0.00825083
128.82 0.00954665
128.83 0.0106922
128.84 0.0116575
128.85 0.0124175
128.86 0.0129522
128.87 0.0132472
128.88 0.013273
128.89 0.0130449
128.9 0.0125723
128.91 0.0118662
128.92 0.0109432
128.93 0.00982444
128.94 0.0085358
128.95 0.00710652
128.96 0.00556157
128.97 0.00394816
128.98 0.00230204
128.99 0.000658372
129 -0.000948585
129.01 -0.00248633
129.02 -0.00392485
129.03 -0.00523621
129.04 -0.00638241
129.05 -0.00735798
129.06 -0.00814984
129.07 -0.00874969
129.08 -0.00915416
129.09 -0.00936465
129.1 -0.0093872
129.11 -0.00922904
129.12 -0.00889626
129.13 -0.00842177
129.14 -0.00782677
129.15 -0.0071346
129.16 -0.00637004
129.17 -0.00555866
129.18 -0.00472622
129.19 -0.00389888
129.2 -0.00310472
129.21 -0.00236524
129.22 -0.0017003
129.23 -0.00112718
129.24 -0.000660258
129.25 -0.000310822
129.26 -8.69355e-05
129.27 9.18573e-07
129.28 -5.06015e-05
129.29 -0.000231609
129.3 -0.000536985
129.31 -0.000959031
129.32 -0.00148778
129.33 -0.00211135
129.34 -0.00281631
129.35 -0.00359087
129.36 -0.004417
129.37 -0.00527594
129.38 -0.00615201
129.39 -0.00702998
129.4 -0.00789528
129.41 -0.00873433
129.42 -0.00953471
129.43 -0.0102814
129.44 -0.0109654
129.45 -0.0115808
129.46 -0.0121216
129.47 -0.0125831
129.48 -0.0129622
129.49 -0.0132571
129.5 -0.0134676
129.51 -0.0135878
129.52 -0.0136246
129.53 -0.0135827
129.54 -0.0134655
129.55 -0.0132772
129.56 -0.0130221
129.57 -0.0127051
129.58 -0.0123311
129.59 -0.0119009
129.6 -0.0114243
129.61 -0.010907
129.62 -0.010354
129.63 -0.00977046
129.64 -0.00916138
129.65 -0.00853177
129.66 -0.00788665
129.67 -0.00723063
129.68 -0.00657032
129.69 -0.00591102
129.7 -0.00525817
129.71 -0.00461732
129.72 -0.0039942
129.73 -0.00339465
129.74 -0.00282511
129.75 -0.00229491
129.76 -0.00180735
129.77 -0.00136834
129.78 -0.000983596
129.79 -0.000658526
129.8 -0.00039813
129.81 -0.000206873
129.82 -9.04919e-05
129.83 -5.60715e-05
129.84 -9.98876e-05
129.85 -0.000222726
129.86 -0.000424208
129.87 -0.000702709
129.88 -0.00105529
129.89 -0.00147765
129.9 -0.00196624
129.91 -0.00251447
129.92 -0.00310961
129.93 -0.00374176
129.94 -0.00439992
129.95 -0.00507208
129.96 -0.00574548
129.97 -0.00640674
129.98 -0.00704012
129.99 -0.00762976
130 -0.00816346
130.01 -0.00862808
130.02 -0.00901124
130.03 -0.00930163
130.04 -0.00948925
130.05 -0.00956569
130.06 -0.00951685
130.07 -0.00934041
130.08 -0.00903931
130.09 -0.0086141
130.1 -0.00806776
130.11 -0.00740572
130.12 -0.00663585
130.13 -0.00576833
130.14 -0.00481041
130.15 -0.00378225
130.16 -0.00270276
130.17 -0.00158989
130.18 -0.000462619
130.19 0.000659409
130.2 0.0017563
130.21 0.00280834
130.22 0.00378938
130.23 0.00468421
130.24 0.00547769
130.25 0.00615557
130.26 0.00670592
130.27 0.0071194
130.28 0.00738949
130.29 0.00751273
130.3 0.00747477
130.31 0.00729296
130.32 0.00697469
130.33 0.00652971
130.34 0.00597057
130.35 0.00531231
130.36 0.0045721
130.37 0.00376858
130.38 0.00292055
130.39 0.00205475
130.4 0.00119247
130.41 0.000354635
130.42 -0.000438728
130.43 -0.00116898
130.44 -0.00181934
130.45 -0.00237315
130.46 -0.00281093
130.47 -0.00313233
130.48 -0.00333227
130.49 -0.00340891
130.5 -0.0033637
130.51 -0.00320122
130.52 -0.00292908
130.53 -0.00255493
130.54 -0.00209009
130.55 -0.00155659
130.56 -0.00097109
130.57 -0.000351164
130.58 0.000285197
130.59 0.000920144
130.6 0.00153648
130.61 0.00211602
130.62 0.00264202
130.63 0.00310484
130.64 0.00349515
130.65 0.00380634
130.66 0.00403465
130.67 0.00417924
130.68 0.00424216
130.69 0.00422438
130.7 0.00413535
130.71 0.00398866
130.72 0.0037962
130.73 0.00357117
130.74 0.00332762
130.75 0.00307992
130.76 0.00284224
130.77 0.00263048
130.78 0.0024573
130.79 0.00233196
130.8 0.00226241
130.81 0.00225415
130.82 0.00231004
130.83 0.00243014
130.84 0.00261172
130.85 0.00285308
130.86 0.00314173
130.87 0.00346559
130.88 0.00381195
130.89 0.00416669
130.9 0.00451478
130.91 0.00484081
130.92 0.00512954
130.93 0.0053605
130.94 0.00552373
130.95 0.00560885
130.96 0.00560729
130.97 0.00551321
130.98 0.00532377
130.99 0.00503927
131 0.00466315
131.01 0.004195
131.02 0.00365445
131.03 0.0030549
131.04 0.0024121
131.05 0.00174376
131.06 0.00106895
131.07 0.000407562
131.08 -0.000219552
131.09 -0.000786837
131.1 -0.00127938
131.11 -0.00168091
131.12 -0.00197763
131.13 -0.00215862
131.14 -0.00221629
131.15 -0.00214665
131.16 -0.00194631
131.17 -0.00161374
131.18 -0.00116697
131.19 -0.000617993
131.2 1.79743e-05
131.21 0.000722893
131.22 0.00147645
131.23 0.00225667
131.24 0.00303974
131.25 0.00379895
131.26 0.00451163
131.27 0.00515649
131.28 0.00571423
131.29 0.00616818
131.3 0.00650485
131.31 0.00671432
131.32 0.00678389
131.33 0.00671188
131.34 0.00650863
131.35 0.00618173
131.36 0.00574268
131.37 0.00520651
131.38 0.00459135
131.39 0.00391784
131.4 0.00320779
131.41 0.00248866
131.42 0.00178573
131.43 0.00112235
131.44 0.000520511
131.45 8.35537e-08
131.46 -0.000421808
131.47 -0.000731372
131.48 -0.000909172
131.49 -0.000955084
131.5 -0.00087219
131.51 -0.00066463
131.52 -0.000340893
131.53 8.64272e-05
131.54 0.000601016
131.55 0.00118334
131.56 0.00181307
131.57 0.00246039
131.58 0.00309937
131.59 0.00370468
131.6 0.00425175
131.61 0.00471763
131.62 0.00508174
131.63 0.00532658
131.64 0.00542448
131.65 0.0053784
131.66 0.00518512
131.67 0.00484587
131.68 0.0043668
131.69 0.00375894
131.7 0.00303787
131.71 0.00222281
131.72 0.00133407
131.73 0.000406966
131.74 -0.00052955
131.75 -0.00144545
131.76 -0.00231052
131.77 -0.0030953
131.78 -0.00377201
131.79 -0.00431226
131.8 -0.00468273
131.81 -0.00487799
131.82 -0.00488633
131.83 -0.00470142
131.84 -0.00432249
131.85 -0.00375457
131.86 -0.00300835
131.87 -0.00209555
131.88 -0.00103554
131.89 0.000133716
131.9 0.00138156
131.91 0.00267446
131.92 0.00397691
131.93 0.00525244
131.94 0.0064646
131.95 0.00757214
131.96 0.00853605
131.97 0.00933301
131.98 0.00993795
131.99 0.0103307
132 0.0104968
132.01 0.0104276
132.02 0.0101208
132.03 0.00956833
132.04 0.00878562
132.05 0.00780147
132.06 0.0066398
132.07 0.00532955
132.08 0.00390391
132.09 0.00239943
132.1 0.000855086
132.11 -0.000685907
132.12 -0.0021783
132.13 -0.00358297
132.14 -0.00486283
132.15 -0.00598408
132.16 -0.00691709
132.17 -0.00763728
132.18 -0.00812575
132.19 -0.00834988
132.2 -0.00831852
132.21 -0.00803947
132.22 -0.00752213
132.23 -0.00678246
132.24 -0.00584261
132.25 -0.00473031
132.26 -0.00347819
132.27 -0.00211707
132.28 -0.000699156
132.29 0.000732714
132.3 0.00213611
132.31 0.00346921
132.32 0.00469193
132.33 0.00576706
132.34 0.00666064
132.35 0.00732155
132.36 0.00774672
132.37 0.00792101
132.38 0.00783611
132.39 0.0074908
132.4 0.00689097
132.41 0.00604958
132.42 0.00498345
132.43 0.00370787
132.44 0.0022745
132.45 0.000720625
132.46 -0.000912927
132.47 -0.00258284
132.48 -0.00424444
132.49 -0.00585287
132.5 -0.00736054
132.51 -0.00871451
132.52 -0.00988523
132.53 -0.01084
132.54 -0.0115515
132.55 -0.011999
132.56 -0.0121683
132.57 -0.0120526
132.58 -0.011642
132.59 -0.0109402
132.6 -0.00998232
132.61 -0.00879285
132.62 -0.00740239
132.63 -0.00584714
132.64 -0.00416792
132.65 -0.0024092
132.66 -0.000618777
132.67 0.0011485
132.68 0.00284336
132.69 0.00441945
132.7 0.00583324
132.71 0.00704518
132.72 0.00802073
132.73 0.0087313
132.74 0.00913628
132.75 0.00922725
132.76 0.00901081
132.77 0.00849031
132.78 0.0076771
132.79 0.00659027
132.8 0.00525618
132.81 0.00370788
132.82 0.0019745
132.83 0.000113486
132.84 -0.00182244
132.85 -0.00378304
132.86 -0.00571721
132.87 -0.00757435
132.88 -0.00930568
132.89 -0.0108655
132.9 -0.0121909
132.91 -0.0132587
132.92 -0.0140442
132.93 -0.0145271
132.94 -0.014695
132.95 -0.0145435
132.96 -0.0140771
132.97 -0.0133082
132.98 -0.0122328
132.99 -0.0109093
133 -0.00937517
133.01 -0.00767254
133.02 -0.00584802
133.03 -0.00395149
133.04 -0.0020348
133.05 -0.000151192
133.06 0.00163539
133.07 0.0032801
133.08 0.00473813
133.09 0.00596972
133.1 0.00694126
133.11 0.0076261
133.12 0.00800533
133.13 0.00806168
133.14 0.00777469
133.15 0.00717848
133.16 0.00628985
133.17 0.00513345
133.18 0.00374108
133.19 0.00215082
133.2 0.000405989
133.21 -0.00144775
133.22 -0.00335583
133.23 -0.00525968
133.24 -0.00710793
133.25 -0.00885096
133.26 -0.0104422
133.27 -0.0118394
133.28 -0.0130057
133.29 -0.0138979
133.3 -0.0144873
133.31 -0.0147752
133.32 -0.0147564
133.33 -0.0144336
133.34 -0.013818
133.35 -0.0129282
133.36 -0.01179
133.37 -0.0104256
133.38 -0.00888093
133.39 -0.00720817
133.4 -0.00545301
133.41 -0.00366262
133.42 -0.00188436
133.43 -0.000164522
133.44 0.00145295
133.45 0.00291529
133.46 0.00418836
133.47 0.00524813
133.48 0.00607212
133.49 0.00664475
133.5 0.00695764
133.51 0.00700967
133.52 0.00680688
133.53 0.00634429
133.54 0.00565846
133.55 0.00478051
133.56 0.00374106
133.57 0.00257429
133.58 0.00131687
133.59 6.84807e-06
133.6 -0.00131749
133.61 -0.00261329
133.62 -0.00384421
133.63 -0.00497884
133.64 -0.00598951
133.65 -0.00685322
133.66 -0.0075522
133.67 -0.00807421
133.68 -0.00841217
133.69 -0.0085483
133.7 -0.00850676
133.71 -0.00829869
133.72 -0.00793973
133.73 -0.0074493
133.74 -0.0068499
133.75 -0.00616617
133.76 -0.00542361
133.77 -0.00464908
133.78 -0.00387269
133.79 -0.0031182
133.8 -0.00240698
133.81 -0.00175729
133.82 -0.00118379
133.83 -0.000697086
133.84 -0.000306083
133.85 -1.69248e-05
133.86 0.000180792
133.87 0.000294509
133.88 0.000335291
133.89 0.000317302
133.9 0.000257184
133.91 0.000173353
133.92 8.588e-05
133.93 1.72228e-05
133.94 -1.37695e-05
133.95 1.00945e-05
133.96 0.000103738
133.97 0.000279202
133.98 0.000545134
133.99 0.000906402
134 0.00136854
134.01 0.00192713
134.02 0.00256887
134.03 0.00328146
134.04 0.0040491
134.05 0.00485301
134.06 0.00567198
134.07 0.00648309
134.08 0.00725892
134.09 0.00797329
134.1 0.0086045
134.11 0.00913116
134.12 0.00953436
134.13 0.00979828
134.14 0.00991083
134.15 0.00986409
134.16 0.00964266
134.17 0.00925672
134.18 0.008718
134.19 0.00803863
134.2 0.00723513
134.21 0.00632801
134.22 0.00534125
134.23 0.00430163
134.24 0.00323859
134.25 0.00218697
134.26 0.00117751
134.27 0.000239873
134.28 -0.000597828
134.29 -0.0013099
134.3 -0.00187382
134.31 -0.00227087
134.32 -0.00246791
134.33 -0.00247292
134.34 -0.00228332
134.35 -0.00190133
134.36 -0.00133439
134.37 -0.000595039
134.38 0.000299483
134.39 0.00132863
134.4 0.00247309
134.41 0.00369204
134.42 0.00495456
134.43 0.00622849
134.44 0.00748134
134.45 0.00868107
134.46 0.00979698
134.47 0.0107975
134.48 0.0116463
134.49 0.0123313
134.5 0.0128355
134.51 0.0131462
134.52 0.0132559
134.53 0.0131616
134.54 0.0128656
134.55 0.0123688
134.56 0.0116783
134.57 0.0108242
134.58 0.00982681
134.59 0.0087095
134.6 0.00749805
134.61 0.00621996
134.62 0.00490367
134.63 0.00357885
134.64 0.00227765
134.65 0.00102717
134.66 -0.000147699
134.67 -0.00122448
134.68 -0.0021836
134.69 -0.00300875
134.7 -0.00368716
134.71 -0.00420056
134.72 -0.00454559
134.73 -0.0047286
134.74 -0.00475265
134.75 -0.00462415
134.76 -0.0043526
134.77 -0.00395025
134.78 -0.00343162
134.79 -0.00280749
134.8 -0.00210156
134.81 -0.00133581
134.82 -0.000529366
134.83 0.000298819
134.84 0.00113037
134.85 0.00194787
134.86 0.00273523
134.87 0.00347329
134.88 0.00415108
134.89 0.00475936
134.9 0.00529007
134.91 0.00573728
134.92 0.00609718
134.93 0.006368
134.94 0.00654987
134.95 0.00663695
134.96 0.00664063
134.97 0.00656674
134.98 0.00642148
134.99 0.00621185
135 0.00594546
135.01 0.00563029
135.02 0.00527434
135.03 0.00488346
135.04 0.00446928
135.05 0.00403921
135.06 0.00360017
135.07 0.00315846
135.08 0.0027198
135.09 0.00228917
135.1 0.00187119
135.11 0.00147099
135.12 0.00109034
135.13 0.000731561
135.14 0.000396466
135.15 8.64159e-05
135.16 -0.00019761
135.17 -0.000454951
135.18 -0.000684458
135.19 -0.000884669
135.2 -0.00105759
135.21 -0.00120333
135.22 -0.00132211
135.23 -0.00141425
135.24 -0.00148013
135.25 -0.00152027
135.26 -0.00153434
135.27 -0.00152269
135.28 -0.00148788
135.29 -0.00143115
135.3 -0.00135401
135.31 -0.00125823
135.32 -0.00114591
135.33 -0.00101949
135.34 -0.000881318
135.35 -0.00073498
135.36 -0.000584518
135.37 -0.000433707
135.38 -0.000286555
135.39 -0.000147243
135.4 -2.00582e-05
135.41 9.06915e-05
135.42 0.000179191
135.43 0.000241427
135.44 0.000274487
135.45 0.000275057
135.46 0.000240328
135.47 0.000168091
135.48 5.68264e-05
135.49 -9.42213e-05
135.5 -0.000287893
135.51 -0.000521043
135.52 -0.000790572
135.53 -0.00109352
135.54 -0.00142604
135.55 -0.00178351
135.56 -0.00216052
135.57 -0.00255105
135.58 -0.00294853
135.59 -0.00334479
135.6 -0.00373256
135.61 -0.00410466
135.62 -0.00445408
135.63 -0.00477417
135.64 -0.00505884
135.65 -0.00530273
135.66 -0.00549652
135.67 -0.00564108
135.68 -0.00573456
135.69 -0.00577628
135.7 -0.0057669
135.71 -0.00570843
135.72 -0.00560425
135.73 -0.00545863
135.74 -0.00527529
135.75 -0.00506499
135.76 -0.00483567
135.77 -0.00459585
135.78 -0.00435445
135.79 -0.00412046
135.8 -0.00390273
135.81 -0.00371038
135.82 -0.00355373
135.83 -0.00343711
135.84 -0.00336563
135.85 -0.0033429
135.86 -0.00337084
135.87 -0.00344961
135.88 -0.0035775
135.89 -0.00375226
135.9 -0.00396893
135.91 -0.00421692
135.92 -0.00448719
135.93 -0.0047694
135.94 -0.00505226
135.95 -0.00532381
135.96 -0.00557179
135.97 -0.00578185
135.98 -0.00594044
135.99 -0.00603918
136 -0.00606903
136.01 -0.0060227
136.02 -0.00589499
136.03 -0.005683
136.04 -0.00538641
136.05 -0.0050031
136.06 -0.0045403
136.07 -0.00400995
136.08 -0.00342291
136.09 -0.00279232
136.1 -0.00213328
136.11 -0.00146243
136.12 -0.000797574
136.13 -0.000160127
136.14 0.00043027
136.15 0.000956706
136.16 0.00140265
136.17 0.00175334
136.18 0.00199628
136.19 0.00212176
136.2 0.00212314
136.21 0.00198696
136.22 0.00172222
136.23 0.00133663
136.24 0.000839109
136.25 0.000242117
136.26 -0.000438601
136.27 -0.0011844
136.28 -0.00197424
136.29 -0.00278494
136.3 -0.00358834
136.31 -0.00435978
136.32 -0.00507525
136.33 -0.00571192
136.34 -0.00624895
136.35 -0.0066681
136.36 -0.00695382
136.37 -0.00708082
136.38 -0.00705642
136.39 -0.00687938
136.4 -0.00655319
136.41 -0.00608604
136.42 -0.00549069
136.43 -0.0047841
136.44 -0.00398603
136.45 -0.00311885
136.46 -0.00221699
136.47 -0.00130897
136.48 -0.00042397
136.49 0.000409116
136.5 0.00116255
136.51 0.00181068
136.52 0.00232657
136.53 0.00268274
136.54 0.00287526
136.55 0.00289561
136.56 0.00274059
136.57 0.00241256
136.58 0.0019194
136.59 0.00127437
136.6 0.000491415
136.61 -0.000405517
136.62 -0.00138086
136.63 -0.00240423
136.64 -0.00344332
136.65 -0.00446491
136.66 -0.00543589
136.67 -0.00632432
136.68 -0.00709318
136.69 -0.00771308
136.7 -0.00816837
136.71 -0.00844263
136.72 -0.00852498
136.73 -0.00841047
136.74 -0.00810029
136.75 -0.00760175
136.76 -0.00691823
136.77 -0.00607625
136.78 -0.00510726
136.79 -0.00404022
136.8 -0.00290718
136.81 -0.00174225
136.82 -0.000580494
136.83 0.000543197
136.84 0.00158744
136.85 0.0025219
136.86 0.00332197
136.87 0.00396583
136.88 0.00443707
136.89 0.00472529
136.9 0.00482648
136.91 0.00474317
136.92 0.0044704
136.93 0.00403899
136.94 0.00347372
136.95 0.00280188
136.96 0.00205475
136.97 0.00126655
136.98 0.000473314
136.99 -0.000288354
137 -0.000972369
137.01 -0.00154897
137.02 -0.00198835
137.03 -0.00226506
137.04 -0.00235906
137.05 -0.00225647
137.06 -0.00195011
137.07 -0.00143783
137.08 -0.000712329
137.09 0.000192146
137.1 0.00125334
137.11 0.00244318
137.12 0.0037286
137.13 0.00507261
137.14 0.00643542
137.15 0.00777427
137.16 0.00903946
137.17 0.0101936
137.18 0.0112001
137.19 0.0120263
137.2 0.012645
137.21 0.0130351
137.22 0.0131826
137.23 0.0130724
137.24 0.0126988
137.25 0.0120896
137.26 0.0112633
137.27 0.0102454
137.28 0.00906759
137.29 0.00776684
137.3 0.00638413
137.31 0.00496367
137.32 0.00355674
137.33 0.0022099
137.34 0.000966001
137.35 -0.000135424
137.36 -0.00105945
137.37 -0.00177692
137.38 -0.00226536
137.39 -0.0024952
137.4 -0.00246338
137.41 -0.0021838
137.42 -0.00166792
137.43 -0.000934984
137.44 -1.14289e-05
137.45 0.00106997
137.46 0.00227115
137.47 0.00355217
137.48 0.00485979
137.49 0.00614566
137.5 0.00736436
137.51 0.00847264
137.52 0.0094308
137.53 0.010204
137.54 0.0107633
137.55 0.0110662
137.56 0.011113
137.57 0.0109042
137.58 0.0104439
137.59 0.00974444
137.6 0.00882575
137.61 0.007715
137.62 0.00644549
137.63 0.00504838
137.64 0.00358065
137.65 0.00208829
137.66 0.000617032
137.67 -0.000788206
137.68 -0.00208479
137.69 -0.00323368
137.7 -0.00419974
137.71 -0.00493312
137.72 -0.00543228
137.73 -0.00568513
137.74 -0.00568741
137.75 -0.00544279
137.76 -0.00496269
137.77 -0.00426578
137.78 -0.00337475
137.79 -0.0023137
137.8 -0.00113509
137.81 0.00012136
137.82 0.00141417
137.83 0.00270144
137.84 0.00394221
137.85 0.00509777
137.86 0.00612845
137.87 0.00699377
137.88 0.00767907
137.89 0.00816685
137.9 0.00844634
137.91 0.0085137
137.92 0.00837202
137.93 0.00803097
137.94 0.00749989
137.95 0.00680019
137.96 0.00596974
137.97 0.00503875
137.98 0.00403957
137.99 0.00300562
138 0.00197016
138.01 0.000965166
138.02 2.48808e-05
138.03 -0.000821575
138.04 -0.00155628
138.05 -0.00216308
138.06 -0.00263114
138.07 -0.00295511
138.08 -0.00313515
138.09 -0.00317666
138.1 -0.00308265
138.11 -0.00287357
138.12 -0.00257295
138.13 -0.00220212
138.14 -0.00178392
138.15 -0.0013417
138.16 -0.000898371
138.17 -0.000475461
138.18 -9.6526e-05
138.19 0.000223046
138.2 0.000472717
138.21 0.000645109
138.22 0.000737275
138.23 0.000750745
138.24 0.000691384
138.25 0.00056907
138.26 0.000394284
138.27 0.000188966
138.28 -2.75213e-05
138.29 -0.000235452
138.3 -0.000415037
138.31 -0.000547357
138.32 -0.000615272
138.33 -0.00060427
138.34 -0.000493493
138.35 -0.000284951
138.36 2.26815e-05
138.37 0.000426003
138.38 0.00091673
138.39 0.00148184
138.4 0.00210389
138.41 0.00276167
138.42 0.00342859
138.43 0.00407444
138.44 0.00467075
138.45 0.00518892
138.46 0.00560138
138.47 0.00588257
138.48 0.00601001
138.49 0.005961
138.5 0.00571065
138.51 0.00526612
138.52 0.00462695
138.53 0.00379906
138.54 0.00279477
138.55 0.00163259
138.56 0.000336827
138.57 -0.00106541
138.58 -0.0025378
138.59 -0.00403584
138.6 -0.00551966
138.61 -0.0069487
138.62 -0.00828289
138.63 -0.00948397
138.64 -0.0105167
138.65 -0.0113395
138.66 -0.011922
138.67 -0.0122574
138.68 -0.0123344
138.69 -0.0121494
138.7 -0.0117062
138.71 -0.0110161
138.72 -0.0100977
138.73 -0.00896631
138.74 -0.00766141
138.75 -0.00622898
138.76 -0.00471028
138.77 -0.00314899
138.78 -0.00159001
138.79 -7.80723e-05
138.8 0.00134357
138.81 0.00262254
138.82 0.00372404
138.83 0.00462211
138.84 0.0052927
138.85 0.00571855
138.86 0.00588952
138.87 0.00580286
138.88 0.00546317
138.89 0.0048638
138.9 0.00404132
138.91 0.00302587
138.92 0.00184795
138.93 0.000541904
138.94 -0.000855183
138.95 -0.00230463
138.96 -0.00376736
138.97 -0.00519925
138.98 -0.0065633
138.99 -0.00782714
139 -0.00896224
139.01 -0.00994479
139.02 -0.0107563
139.03 -0.0113837
139.04 -0.011819
139.05 -0.0120435
139.06 -0.0120811
139.07 -0.011942
139.08 -0.0116408
139.09 -0.0111957
139.1 -0.0106279
139.11 -0.00996042
139.12 -0.00921667
139.13 -0.00842037
139.14 -0.00760111
139.15 -0.00678093
139.16 -0.00597967
139.17 -0.00521446
139.18 -0.00449935
139.19 -0.00384505
139.2 -0.00326096
139.21 -0.00275416
139.22 -0.00231964
139.23 -0.00195458
139.24 -0.00165386
139.25 -0.00141052
139.26 -0.00121634
139.27 -0.00106243
139.28 -0.000940745
139.29 -0.000842228
139.3 -0.000757875
139.31 -0.00068199
139.32 -0.00061068
139.33 -0.000542048
139.34 -0.000476262
139.35 -0.000415512
139.36 -0.000364643
139.37 -0.000330198
139.38 -0.000318794
139.39 -0.00033815
139.4 -0.000396105
139.41 -0.000500085
139.42 -0.00065656
139.43 -0.000870535
139.44 -0.00114905
139.45 -0.00149083
139.46 -0.00189105
139.47 -0.00234429
139.48 -0.00284225
139.49 -0.00337385
139.5 -0.00392549
139.51 -0.00448138
139.52 -0.00502152
139.53 -0.00552587
139.54 -0.00597569
139.55 -0.0063523
139.56 -0.00663819
139.57 -0.00681772
139.58 -0.00687785
139.59 -0.00680871
139.6 -0.00659197
139.61 -0.00623652
139.62 -0.0057476
139.63 -0.00513329
139.64 -0.00440608
139.65 -0.00358267
139.66 -0.00268349
139.67 -0.00173218
139.68 -0.000755082
139.69 0.000214927
139.7 0.00114925
139.71 0.00201976
139.72 0.00279977
139.73 0.00346498
139.74 0.00399436
139.75 0.00436907
139.76 0.00456323
139.77 0.00458533
139.78 0.00443559
139.79 0.00412009
139.8 0.00365062
139.81 0.00304447
139.82 0.00232386
139.83 0.00151408
139.84 0.000645851
139.85 -0.000241303
139.86 -0.00111321
139.87 -0.00193572
139.88 -0.00267584
139.89 -0.00330291
139.9 -0.00378965
139.91 -0.00410675
139.92 -0.00422955
139.93 -0.00415887
139.94 -0.00389106
139.95 -0.00342921
139.96 -0.00278306
139.97 -0.00196883
139.98 -0.00100872
139.99 7.37541e-05
140 0.00124244
140.01 0.00245516
140.02 0.00367405
140.03 0.00486061
140.04 0.00597704
140.05 0.00698749
140.06 0.00785934
140.07 0.00855307
140.08 0.00904661
140.09 0.00933215
140.1 0.00940171
140.11 0.00925462
140.12 0.00889765
140.13 0.00834479
140.14 0.00761695
140.15 0.0067331
140.16 0.0057362
140.17 0.0046683
140.18 0.00356985
140.19 0.00248273
140.2 0.00144886
140.21 0.000508818
140.22 -0.000299564
140.23 -0.000926314
140.24 -0.00135163
140.25 -0.00155788
140.26 -0.00153153
140.27 -0.00126672
140.28 -0.000765513
140.29 -3.79083e-05
140.3 0.000898448
140.31 0.00203323
140.32 0.00331519
140.33 0.00470545
140.34 0.00616233
140.35 0.00764157
140.36 0.0090977
140.37 0.0104855
140.38 0.0117605
140.39 0.0128647
140.4 0.0137747
140.41 0.0144613
140.42 0.0149021
140.43 0.015082
140.44 0.0149939
140.45 0.0146383
140.46 0.0140196
140.47 0.0131409
140.48 0.0120486
140.49 0.0107736
140.5 0.00935218
140.51 0.00782407
140.52 0.00623182
140.53 0.00461917
140.54 0.0030318
140.55 0.00151949
140.56 0.000118703
140.57 -0.00113612
140.58 -0.00221567
140.59 -0.00309654
140.6 -0.00376179
140.61 -0.00420134
140.62 -0.00440275
140.63 -0.00436701
140.64 -0.00411965
140.65 -0.00367831
140.66 -0.00306573
140.67 -0.00230878
140.68 -0.00143752
140.69 -0.000484086
140.7 0.000519206
140.71 0.00153485
140.72 0.00252948
140.73 0.00347429
140.74 0.00434381
140.75 0.00511652
140.76 0.00577536
140.77 0.00630816
140.78 0.00669881
140.79 0.00694943
140.8 0.0070684
140.81 0.00706348
140.82 0.00694609
140.83 0.00673058
140.84 0.00643352
140.85 0.00607286
140.86 0.00566505
140.87 0.00523255
140.88 0.00479316
140.89 0.00436177
140.9 0.0039508
140.91 0.00356978
140.92 0.00322509
140.93 0.0029198
140.94 0.00265694
140.95 0.00242938
140.96 0.00223001
140.97 0.00204996
140.98 0.0018788
140.99 0.00170509
141 0.00151711
141.01 0.00130355
141.02 0.0010497
141.03 0.000750368
141.04 0.000399982
141.05 -4.18779e-06
141.06 -0.000461744
141.07 -0.000969008
141.08 -0.001519
141.09 -0.00210182
141.1 -0.00270427
141.11 -0.00330764
141.12 -0.00389421
141.13 -0.00444522
141.14 -0.00494158
141.15 -0.00536464
141.16 -0.005697
141.17 -0.00592039
141.18 -0.00601463
141.19 -0.00597967
141.2 -0.00581107
141.21 -0.00550866
141.22 -0.00507683
141.23 -0.00452448
141.24 -0.00386492
141.25 -0.00311316
141.26 -0.00229123
141.27 -0.00142956
141.28 -0.000554898
141.29 0.000304787
141.3 0.00112124
141.31 0.00186685
141.32 0.00251562
141.33 0.0030373
141.34 0.00340873
141.35 0.00362161
141.36 0.00366583
141.37 0.00353656
141.38 0.00323442
141.39 0.00276555
141.4 0.0021415
141.41 0.00137197
141.42 0.000483963
141.43 -0.000490853
141.44 -0.00152358
141.45 -0.00258335
141.46 -0.00363829
141.47 -0.00465659
141.48 -0.00560749
141.49 -0.00645355
141.5 -0.00717077
141.51 -0.00774134
141.52 -0.00814923
141.53 -0.00838359
141.54 -0.00843908
141.55 -0.00831604
141.56 -0.00802043
141.57 -0.00755149
141.58 -0.00693854
141.59 -0.00620606
141.6 -0.00537914
141.61 -0.00448547
141.62 -0.00355438
141.63 -0.00261585
141.64 -0.00169955
141.65 -0.000841234
141.66 -6.43278e-05
141.67 0.000609224
141.68 0.00116108
141.69 0.0015773
141.7 0.00184874
141.71 0.00197123
141.72 0.00194472
141.73 0.00176327
141.74 0.00145216
141.75 0.00102654
141.76 0.00050481
141.77 -9.20952e-05
141.78 -0.000741484
141.79 -0.00141975
141.8 -0.00210288
141.81 -0.00276435
141.82 -0.00338319
141.83 -0.00394091
141.84 -0.00442198
141.85 -0.00481425
141.86 -0.00510926
141.87 -0.00530233
141.88 -0.00538967
141.89 -0.00537077
141.9 -0.00525999
141.91 -0.00506725
141.92 -0.00480481
141.93 -0.00448669
141.94 -0.00412807
141.95 -0.00374458
141.96 -0.00335197
141.97 -0.00296678
141.98 -0.00260241
141.99 -0.00226991
142 -0.00197809
142.01 -0.00173328
142.02 -0.00153926
142.03 -0.00139721
142.04 -0.00130843
142.05 -0.00126844
142.06 -0.00126914
142.07 -0.00130356
142.08 -0.00136386
142.09 -0.00144188
142.1 -0.00152966
142.11 -0.00161987
142.12 -0.00170574
142.13 -0.00178236
142.14 -0.00184741
142.15 -0.00190039
142.16 -0.00194281
142.17 -0.00197815
142.18 -0.00201159
142.19 -0.00204982
142.2 -0.00210218
142.21 -0.00217721
142.22 -0.00228287
142.23 -0.00242675
142.24 -0.0026152
142.25 -0.0028528
142.26 -0.00314186
142.27 -0.00348203
142.28 -0.00387368
142.29 -0.00430545
142.3 -0.00476631
142.31 -0.0052428
142.32 -0.00571868
142.33 -0.00617543
142.34 -0.0065928
142.35 -0.00694948
142.36 -0.00721354
142.37 -0.00737082
142.38 -0.00740243
142.39 -0.00729205
142.4 -0.00702684
142.41 -0.00659816
142.42 -0.00600219
142.43 -0.00523853
142.44 -0.0043037
142.45 -0.0032269
142.46 -0.00202832
142.47 -0.000733528
142.48 0.000627109
142.49 0.00201916
142.5 0.00340505
142.51 0.00474298
142.52 0.00598321
142.53 0.00709008
142.54 0.00802607
142.55 0.00875719
142.56 0.00925416
142.57 0.00949364
142.58 0.00945915
142.59 0.00913169
142.6 0.00850375
142.61 0.00760413
142.62 0.00645187
142.63 0.0050743
142.64 0.00350652
142.65 0.00179052
142.66 -2.59641e-05
142.67 -0.00189027
142.68 -0.00373954
142.69 -0.0055152
142.7 -0.00716182
142.71 -0.00862664
142.72 -0.00986137
142.73 -0.0108237
142.74 -0.0114787
142.75 -0.0117793
142.76 -0.0117148
142.77 -0.0112956
142.78 -0.0105291
142.79 -0.00943361
142.8 -0.00803746
142.81 -0.00637877
142.82 -0.00450409
142.83 -0.00245993
142.84 -0.000319945
142.85 0.00184759
142.86 0.00397769
142.87 0.00600609
142.88 0.00787132
142.89 0.00951658
142.9 0.0108916
142.91 0.0119254
142.92 0.0126047
142.93 0.0129159
142.94 0.0128517
142.95 0.0124161
142.96 0.0116254
142.97 0.0105068
142.98 0.00909795
142.99 0.00742782
143 0.00557911
143.01 0.00361499
143.02 0.00160088
143.03 -0.000396393
143.04 -0.00231068
143.05 -0.00407869
143.06 -0.00564026
143.07 -0.00691658
143.08 -0.0078871
143.09 -0.00852108
143.1 -0.00879892
143.11 -0.00871272
143.12 -0.00826654
143.13 -0.00747619
143.14 -0.00636362
143.15 -0.0049536
143.16 -0.00332039
143.17 -0.00151949
143.18 0.000388452
143.19 0.0023396
143.2 0.00426906
143.21 0.00611299
143.22 0.00780445
143.23 0.00927385
143.24 0.0104856
143.25 0.0114022
143.26 0.0119959
143.27 0.0122502
143.28 0.0121598
143.29 0.011731
143.3 0.0109689
143.31 0.00990187
143.32 0.00858837
143.33 0.00707607
143.34 0.00541883
143.35 0.00367486
143.36 0.00190479
143.37 0.000169624
143.38 -0.00146296
143.39 -0.00293121
143.4 -0.00419125
143.41 -0.00520184
143.42 -0.00593049
143.43 -0.00635443
143.44 -0.00646123
143.45 -0.00624913
143.46 -0.00570771
143.47 -0.00486953
143.48 -0.00377601
143.49 -0.0024658
143.5 -0.000984196
143.51 0.000618468
143.52 0.00228857
143.53 0.00397102
143.54 0.00560356
143.55 0.00713104
143.56 0.00850724
143.57 0.00969073
143.58 0.0106472
143.59 0.0113504
143.6 0.0117829
143.61 0.0119367
143.62 0.0117889
143.63 0.0113741
143.64 0.0107161
143.65 0.00984325
143.66 0.00878981
143.67 0.00759516
143.68 0.00630206
143.69 0.00495517
143.7 0.003603
143.71 0.00229316
143.72 0.00106551
143.73 -4.46044e-05
143.74 -0.00100743
143.75 -0.00179972
143.76 -0.00240535
143.77 -0.00281314
143.78 -0.00300793
143.79 -0.00301513
143.8 -0.00284956
143.81 -0.00253194
143.82 -0.00208798
143.83 -0.00154719
143.84 -0.000941679
143.85 -0.000304897
143.86 0.000326037
143.87 0.000917871
143.88 0.00144231
143.89 0.00187507
143.9 0.00219675
143.91 0.00239352
143.92 0.00245753
143.93 0.00238238
143.94 0.00217028
143.95 0.00184165
143.96 0.00141333
143.97 0.000906547
143.98 0.000345914
143.99 -0.000241592
144 -0.000827801
144.01 -0.00138171
144.02 -0.00187271
144.03 -0.00227861
144.04 -0.00257905
144.05 -0.00275812
144.06 -0.00280496
144.07 -0.00271426
144.08 -0.00248648
144.09 -0.00212068
144.1 -0.00163354
144.11 -0.00104843
144.12 -0.000387687
144.13 0.00032295
144.14 0.00105535
144.15 0.00178005
144.16 0.00246743
144.17 0.00308203
144.18 0.00359766
144.19 0.0039938
144.2 0.00425223
144.21 0.00435969
144.22 0.00430844
144.23 0.00409654
144.24 0.00372796
144.25 0.00320141
144.26 0.00254446
144.27 0.00178082
144.28 0.00093572
144.29 3.74282e-05
144.3 -0.000883755
144.31 -0.0017966
144.32 -0.00267005
144.33 -0.00346504
144.34 -0.00415866
144.35 -0.00472819
144.36 -0.00515491
144.37 -0.00542503
144.38 -0.00553018
144.39 -0.00546758
144.4 -0.00523898
144.41 -0.00484046
144.42 -0.00430199
144.43 -0.00364233
144.44 -0.00288376
144.45 -0.00205116
144.46 -0.00117106
144.47 -0.000270635
144.48 0.000622678
144.49 0.00147877
144.5 0.00227606
144.51 0.00299531
144.52 0.0036211
144.53 0.0041423
144.54 0.00455228
144.55 0.00484895
144.56 0.00503142
144.57 0.00510327
144.58 0.00508303
144.59 0.00498424
144.6 0.00482236
144.61 0.00461393
144.62 0.00437569
144.63 0.00412366
144.64 0.00387291
144.65 0.003637
144.66 0.00342411
144.67 0.00323902
144.68 0.00308262
144.69 0.00295189
144.7 0.00283995
144.71 0.0027364
144.72 0.0026266
144.73 0.0024924
144.74 0.00231647
144.75 0.00208075
144.76 0.00176779
144.77 0.00136171
144.78 0.000849239
144.79 0.0002206
144.8 -0.00053784
144.81 -0.00142185
144.82 -0.00242083
144.83 -0.00352268
144.84 -0.00470955
144.85 -0.00595821
144.86 -0.00724049
144.87 -0.00852403
144.88 -0.00976755
144.89 -0.0109311
144.9 -0.0119772
144.91 -0.0128684
144.92 -0.0135695
144.93 -0.0140492
144.94 -0.0142813
144.95 -0.0142456
144.96 -0.0139038
144.97 -0.0132748
144.98 -0.0123679
144.99 -0.0111983
145 -0.00979012
145.01 -0.00817568
145.02 -0.00639497
145.03 -0.00449437
145.04 -0.00252461
145.05 -0.000552801
145.06 0.00136353
145.07 0.00316725
145.08 0.00480349
145.09 0.0062215
145.1 0.00737641
145.11 0.00822644
145.12 0.0087166
145.13 0.00885809
145.14 0.00864617
145.15 0.00808751
145.16 0.00720013
145.17 0.00601299
145.18 0.00456523
145.19 0.00290119
145.2 0.00107606
145.21 -0.000831902
145.22 -0.00275671
145.23 -0.00463128
145.24 -0.00638967
145.25 -0.00796929
145.26 -0.00931305
145.27 -0.0103592
145.28 -0.0110549
145.29 -0.0113922
145.3 -0.0113568
145.31 -0.0109468
145.32 -0.0101733
145.33 -0.00906023
145.34 -0.00764342
145.35 -0.0059599
145.36 -0.00407408
145.37 -0.00206429
145.38 -7.36516e-07
145.39 0.00204391
145.4 0.00399692
145.41 0.00578801
145.42 0.00735175
145.43 0.00860932
145.44 0.00951319
145.45 0.0100402
145.46 0.010168
145.47 0.00988821
145.48 0.00920615
145.49 0.00814123
145.5 0.00672627
145.51 0.00498845
145.52 0.00300548
145.53 0.000853023
145.54 -0.00139539
145.55 -0.00366238
145.56 -0.00586937
145.57 -0.00793924
145.58 -0.00979899
145.59 -0.0113538
145.6 -0.0125615
145.61 -0.0133835
145.62 -0.0137898
145.63 -0.0137645
145.64 -0.0133067
145.65 -0.0124304
145.66 -0.0111643
145.67 -0.00952232
145.68 -0.00759835
145.69 -0.00546144
145.7 -0.00318699
145.71 -0.000855596
145.72 0.00144966
145.73 0.00364605
145.74 0.00565196
145.75 0.00736434
145.76 0.0087396
145.77 0.00972661
145.78 0.0102875
145.79 0.0103989
145.8 0.010053
145.81 0.00925787
145.82 0.00802967
145.83 0.00638917
145.84 0.00442636
145.85 0.00220841
145.86 -0.000188247
145.87 -0.00268045
145.88 -0.00518104
145.89 -0.00760184
145.9 -0.00984862
145.91 -0.0118215
145.92 -0.0134617
145.93 -0.0147086
145.94 -0.0155149
145.95 -0.0158474
145.96 -0.0156892
145.97 -0.0150392
145.98 -0.0138941
145.99 -0.0122856
146 -0.0102914
146.01 -0.00797476
146.02 -0.00541015
146.03 -0.0026804
146.04 0.000125858
146.05 0.00291711
146.06 0.00559103
146.07 0.0080497
146.08 0.0102186
146.09 0.0120274
146.1 0.0134176
146.11 0.0143444
146.12 0.0147786
146.13 0.0147068
146.14 0.0141
146.15 0.0129998
146.16 0.0114627
146.17 0.00954224
146.18 0.00730455
146.19 0.00482572
146.2 0.0021895
146.21 -0.000515493
146.22 -0.00318979
146.23 -0.00573634
146.24 -0.00807194
146.25 -0.0101202
146.26 -0.0118146
146.27 -0.0131007
146.28 -0.0139376
146.29 -0.0142995
146.3 -0.0141322
146.31 -0.0134838
146.32 -0.0123837
146.33 -0.0108708
146.34 -0.00899647
146.35 -0.00682331
146.36 -0.00442244
146.37 -0.00187112
146.38 0.000748
146.39 0.00333981
146.4 0.00582535
146.41 0.00813084
146.42 0.01019
146.43 0.0119462
146.44 0.0133539
146.45 0.0143747
146.46 0.0149592
146.47 0.0151387
146.48 0.0149245
146.49 0.0143406
146.5 0.0134228
146.51 0.0122168
146.52 0.0107767
146.53 0.00916023
146.54 0.00743391
146.55 0.00567589
146.56 0.00395046
146.57 0.00231819
146.58 0.000833896
146.59 -0.000455182
146.6 -0.00151084
146.61 -0.00229451
146.62 -0.00278124
146.63 -0.00298484
146.64 -0.00291325
146.65 -0.00258482
146.66 -0.00202722
146.67 -0.00127613
146.68 -0.000373648
146.69 0.000636207
146.7 0.00169742
146.71 0.00275539
146.72 0.00376258
146.73 0.00467537
146.74 0.00545576
146.75 0.00607279
146.76 0.00650371
146.77 0.00672218
146.78 0.00672928
146.79 0.00654057
146.8 0.00617271
146.81 0.00565057
146.82 0.00500611
146.83 0.00427705
146.84 0.00350515
146.85 0.00273797
146.86 0.00202467
146.87 0.00140733
146.88 0.0009243
146.89 0.000608453
146.9 0.000485676
146.91 0.000573721
146.92 0.000881329
146.93 0.0014255
146.94 0.00217786
146.95 0.00311281
146.96 0.00419964
146.97 0.00540013
146.98 0.00666993
146.99 0.0079602
147 0.00921938
147.01 0.010382
147.02 0.011401
147.03 0.0122302
147.04 0.0128286
147.05 0.0131626
147.06 0.0132073
147.07 0.0129477
147.08 0.0123769
147.09 0.0114774
147.1 0.0102984
147.11 0.00887013
147.12 0.00723264
147.13 0.00543396
147.14 0.00352871
147.15 0.00157626
147.16 -0.000359629
147.17 -0.00220456
147.18 -0.00390035
147.19 -0.00539119
147.2 -0.00662766
147.21 -0.00756853
147.22 -0.00818229
147.23 -0.00844832
147.24 -0.00834646
147.25 -0.00786883
147.26 -0.00705863
147.27 -0.00594589
147.28 -0.00457121
147.29 -0.00298447
147.3 -0.00124319
147.31 0.000589412
147.32 0.00244442
147.33 0.00424419
147.34 0.00592143
147.35 0.00741361
147.36 0.00866432
147.37 0.00962511
147.38 0.0102572
147.39 0.010533
147.4 0.0104156
147.41 0.00990729
147.42 0.00903763
147.43 0.00783148
147.44 0.00632503
147.45 0.00456464
147.46 0.00260522
147.47 0.000508393
147.48 -0.00165961
147.49 -0.00381953
147.5 -0.00590102
147.51 -0.0078387
147.52 -0.00957226
147.53 -0.0110485
147.54 -0.0122229
147.55 -0.0130613
147.56 -0.0135113
147.57 -0.013584
147.58 -0.0132916
147.59 -0.0126507
147.6 -0.0116892
147.61 -0.0104455
147.62 -0.00896645
147.63 -0.00730655
147.64 -0.00552009
147.65 -0.00368589
147.66 -0.0018687
147.67 -0.000130378
147.68 0.00147105
147.69 0.00288335
147.7 0.00406177
147.71 0.00496971
147.72 0.0055513
147.73 0.00582144
147.74 0.00577891
147.75 0.00543343
147.76 0.00480514
147.77 0.00392368
147.78 0.00282703
147.79 0.00155826
147.8 0.000164467
147.81 -0.00128665
147.82 -0.00274077
147.83 -0.00414479
147.84 -0.00544871
147.85 -0.00660735
147.86 -0.00758189
147.87 -0.00833483
147.88 -0.00883048
147.89 -0.00907439
147.9 -0.00906524
147.91 -0.00881111
147.92 -0.00832901
147.93 -0.00764409
147.94 -0.00678848
147.95 -0.00579664
147.96 -0.00471404
147.97 -0.00359345
147.98 -0.00247995
147.99 -0.00141718
148 -0.000445741
148.01 0.000398271
148.02 0.00108455
148.03 0.00157968
148.04 0.0018666
148.05 0.00194894
148.06 0.00182915
148.07 0.00151755
148.08 0.00103184
148.09 0.000396175
148.1 -0.000359818
148.11 -0.00120541
148.12 -0.00209735
148.13 -0.00299474
148.14 -0.00386062
148.15 -0.00466027
148.16 -0.00536258
148.17 -0.00594123
148.18 -0.00637573
148.19 -0.00663992
148.2 -0.00673478
148.21 -0.00666686
148.22 -0.00644543
148.23 -0.00608636
148.24 -0.00561138
148.25 -0.00504708
148.26 -0.00442374
148.27 -0.00377473
148.28 -0.00313879
148.29 -0.00254896
148.3 -0.00203561
148.31 -0.00162543
148.32 -0.00134026
148.33 -0.00119614
148.34 -0.00120254
148.35 -0.00137634
148.36 -0.00169653
148.37 -0.00214886
148.38 -0.00271307
148.39 -0.00336303
148.4 -0.00406786
148.41 -0.00479304
148.42 -0.00550136
148.43 -0.00614694
148.44 -0.00669577
148.45 -0.00711451
148.46 -0.00737406
148.47 -0.00745085
148.48 -0.00732794
148.49 -0.00699588
148.5 -0.00644909
148.51 -0.00568413
148.52 -0.00473529
148.53 -0.00362769
148.54 -0.00239349
148.55 -0.00107081
148.56 0.000297534
148.57 0.00166553
148.58 0.00298244
148.59 0.00419181
148.6 0.00525287
148.61 0.00612522
148.62 0.00677423
148.63 0.00717241
148.64 0.00730056
148.65 0.00714869
148.66 0.00670453
148.67 0.00597712
148.68 0.00500424
148.69 0.00381691
148.7 0.00245427
148.71 0.000962396
148.72 -0.00060728
148.73 -0.00219965
148.74 -0.00375256
148.75 -0.00520262
148.76 -0.00649817
148.77 -0.00759041
148.78 -0.00843701
148.79 -0.00900366
148.8 -0.00926541
148.81 -0.00920765
148.82 -0.00880518
148.83 -0.00807971
148.84 -0.00706329
148.85 -0.00578769
148.86 -0.00429403
148.87 -0.00263144
148.88 -0.000855437
148.89 0.000973929
148.9 0.00278824
148.91 0.0045189
148.92 0.00610614
148.93 0.00749442
148.94 0.00863471
148.95 0.00948623
148.96 0.0100179
148.97 0.0102095
148.98 0.0100205
148.99 0.00948575
149 0.00862661
149.01 0.00747255
149.02 0.00606333
149.03 0.00444768
149.04 0.00268164
149.05 0.000826622
149.06 -0.00104806
149.07 -0.00286901
149.08 -0.00457227
149.09 -0.00609785
149.1 -0.00739188
149.11 -0.00840834
149.12 -0.00911071
149.13 -0.00946794
149.14 -0.00944038
149.15 -0.00905872
149.16 -0.00833606
149.17 -0.00729712
149.18 -0.0059773
149.19 -0.00442146
149.2 -0.00268229
149.21 -0.000816998
149.22 0.00110699
149.23 0.00301671
149.24 0.00484891
149.25 0.00654372
149.26 0.00804675
149.27 0.00931088
149.28 0.010298
149.29 0.0109676
149.3 0.0112948
149.31 0.0112967
149.32 0.0109829
149.33 0.0103746
149.34 0.00950307
149.35 0.00840903
149.36 0.00714091
149.37 0.0057501
149.38 0.0043032
149.39 0.00286587
149.4 0.00149704
149.41 0.000252318
149.42 -0.000817958
149.43 -0.00167062
149.44 -0.00227125
149.45 -0.00257723
149.46 -0.00258179
149.47 -0.00229655
149.48 -0.00173379
149.49 -0.000916804
149.5 0.000120987
149.51 0.00133724
149.52 0.00268223
149.53 0.00410167
149.54 0.00552651
149.55 0.00689494
149.56 0.00814849
149.57 0.00923237
149.58 0.0100975
149.59 0.0107025
149.6 0.0110151
149.61 0.0109852
149.62 0.0106261
149.63 0.00994677
149.64 0.00896346
149.65 0.0077038
149.66 0.00620591
149.67 0.00451713
149.68 0.00269247
149.69 0.000791676
149.7 -0.00110778
149.71 -0.00293994
149.72 -0.00464053
149.73 -0.00614902
149.74 -0.0074108
149.75 -0.00837905
149.76 -0.00901316
149.77 -0.00925553
149.78 -0.00912566
149.79 -0.00862456
149.8 -0.0077658
149.81 -0.00657507
149.82 -0.00508937
149.83 -0.00335584
149.84 -0.00142754
149.85 0.000632962
149.86 0.00274322
149.87 0.00483365
149.88 0.00683529
149.89 0.00868205
149.9 0.0103129
149.91 0.011674
149.92 0.0127088
149.93 0.0133675
149.94 0.013652
149.95 0.0135547
149.96 0.0130806
149.97 0.012247
149.98 0.0110828
149.99 0.00962778
150 0.00792278
150.01 0.00603072
150.02 0.00402817
150.03 0.00198144
150.04 -4.24085e-05
150.05 -0.00197782
150.06 -0.0037629
150.07 -0.00534138
150.08 -0.00664759
150.09 -0.0076413
150.1 -0.00830728
150.11 -0.00862998
150.12 -0.00860546
150.13 -0.00824132
150.14 -0.0075563
150.15 -0.00657948
150.16 -0.00533496
150.17 -0.00388444
150.18 -0.00228932
150.19 -0.000606623
150.2 0.00110489
150.21 0.00278674
150.22 0.00438269
150.23 0.00584056
150.24 0.00709578
150.25 0.00811753
150.26 0.00888106
150.27 0.00936709
150.28 0.00956611
150.29 0.00947842
150.3 0.00911385
150.31 0.00849115
150.32 0.00761878
150.33 0.0065539
150.34 0.00533858
150.35 0.00401639
150.36 0.00263269
150.37 0.00123301
150.38 -0.000138649
150.39 -0.00144089
150.4 -0.0026239
150.41 -0.00366564
150.42 -0.00454332
150.43 -0.00524138
150.44 -0.00575183
150.45 -0.00607418
150.46 -0.00621515
150.47 -0.00618585
150.48 -0.00599767
150.49 -0.00568982
150.5 -0.00529052
150.51 -0.00482995
150.52 -0.00433888
150.53 -0.00384731
150.54 -0.00338326
150.55 -0.00297359
150.56 -0.00264425
150.57 -0.00240546
150.58 -0.00226594
150.59 -0.00222857
150.6 -0.0022904
150.61 -0.00244292
150.62 -0.00267256
150.63 -0.00296292
150.64 -0.00329055
150.65 -0.00362802
150.66 -0.00395059
150.67 -0.00423394
150.68 -0.00445535
150.69 -0.00459484
150.7 -0.00463617
150.71 -0.00456173
150.72 -0.0043652
150.73 -0.00405296
150.74 -0.00363168
150.75 -0.00311375
150.76 -0.00251693
150.77 -0.00186363
150.78 -0.00118013
150.79 -0.000497434
150.8 0.000149883
150.81 0.000731086
150.82 0.00121673
150.83 0.00158004
150.84 0.0017982
150.85 0.00185338
150.86 0.00173371
150.87 0.00142062
150.88 0.000926251
150.89 0.000266437
150.9 -0.000540568
150.91 -0.00146982
150.92 -0.00249044
150.93 -0.00356657
150.94 -0.0046586
150.95 -0.00571851
150.96 -0.00670132
150.97 -0.00756592
150.98 -0.0082736
150.99 -0.00878999
151 -0.00908649
151.01 -0.00914149
151.02 -0.00894142
151.03 -0.00845615
151.04 -0.00771727
151.05 -0.00674138
151.06 -0.00555347
151.07 -0.00418682
151.08 -0.00268207
151.09 -0.00108594
151.1 0.000550052
151.11 0.00216455
151.12 0.00369951
151.13 0.00510112
151.14 0.00631893
151.15 0.00730762
151.16 0.00802873
151.17 0.00845212
151.18 0.00855011
151.19 0.00829367
151.2 0.00771214
151.21 0.00682046
151.22 0.00564448
151.23 0.00422027
151.24 0.00259303
151.25 0.000815781
151.26 -0.00105316
151.27 -0.00294321
151.28 -0.00478324
151.29 -0.00650836
151.3 -0.00805654
151.31 -0.00937078
151.32 -0.0104011
151.33 -0.0111062
151.34 -0.0114381
151.35 -0.0113726
151.36 -0.0109256
151.37 -0.0101059
151.38 -0.0089346
151.39 -0.00744501
151.4 -0.00568131
151.41 -0.00369737
151.42 -0.00155005
151.43 0.000681188
151.44 0.00291752
151.45 0.00508586
151.46 0.00711472
151.47 0.00893648
151.48 0.0104897
151.49 0.0117211
151.5 0.0125598
151.51 0.0129859
151.52 0.0129953
151.53 0.0125852
151.54 0.0117667
151.55 0.0105636
151.56 0.00901224
151.57 0.00716033
151.58 0.00505077
151.59 0.00277139
151.6 0.000398804
151.61 -0.00199235
151.62 -0.00432707
151.63 -0.00653245
151.64 -0.00854002
151.65 -0.0102879
151.66 -0.0116896
151.67 -0.0127271
151.68 -0.0133747
151.69 -0.0136169
151.7 -0.0134517
151.71 -0.0128899
151.72 -0.0119552
151.73 -0.0106818
151.74 -0.00909418
151.75 -0.0072813
151.76 -0.00530641
151.77 -0.00323703
151.78 -0.0011427
151.79 0.000907359
151.8 0.00284651
151.81 0.00460918
151.82 0.0061193
151.83 0.00734833
151.84 0.00826248
151.85 0.00883923
151.86 0.00906796
151.87 0.00895009
151.88 0.00849886
151.89 0.00773115
151.9 0.00667433
151.91 0.00539615
151.92 0.00394861
151.93 0.00238852
151.94 0.000775365
151.95 -0.000830774
151.96 -0.00237133
151.97 -0.00378441
151.98 -0.00501129
151.99 -0.0060195
152 -0.00677752
152.01 -0.00726368
152.02 -0.00746677
152.03 -0.00738632
152.04 -0.00703239
152.05 -0.00641365
152.06 -0.00556525
152.07 -0.00453873
152.08 -0.0033794
152.09 -0.00213691
152.1 -0.000863474
152.11 0.000388133
152.12 0.00156647
152.13 0.00261276
152.14 0.00348264
152.15 0.00414617
152.16 0.0045768
152.17 0.00475711
152.18 0.00467938
152.19 0.00434586
152.2 0.00376866
152.21 0.00295482
152.22 0.00195012
152.23 0.000799435
152.24 -0.000452263
152.25 -0.0017559
152.26 -0.00306009
152.27 -0.0043129
152.28 -0.00546376
152.29 -0.0064484
152.3 -0.00723217
152.31 -0.00778281
152.32 -0.00807387
152.33 -0.00808777
152.34 -0.00781639
152.35 -0.00726141
152.36 -0.00643424
152.37 -0.00533355
152.38 -0.00401724
152.39 -0.00252449
152.4 -0.00090007
152.41 0.000806755
152.42 0.00254387
152.43 0.00425803
152.44 0.00589534
152.45 0.00739043
152.46 0.00870616
152.47 0.00980355
152.48 0.0106508
152.49 0.0112243
152.5 0.0115093
152.51 0.0115001
152.52 0.0111943
152.53 0.0105917
152.54 0.00973871
152.55 0.00866636
152.56 0.00741223
152.57 0.00601901
152.58 0.00453308
152.59 0.00300302
152.6 0.00147987
152.61 1.92039e-05
152.62 -0.00133515
152.63 -0.00254285
152.64 -0.00356908
152.65 -0.00438556
152.66 -0.00497126
152.67 -0.00531297
152.68 -0.00539415
152.69 -0.00521682
152.7 -0.00480714
152.71 -0.00418446
152.72 -0.00337432
152.73 -0.00240743
152.74 -0.00131852
152.75 -0.000145177
152.76 0.00107378
152.77 0.00229344
152.78 0.0034743
152.79 0.00458116
152.8 0.00558242
152.81 0.00645097
152.82 0.00716482
152.83 0.00770769
152.84 0.00805628
152.85 0.00821373
152.86 0.00818884
152.87 0.00799017
152.88 0.00763121
152.89 0.00712971
152.9 0.0065069
152.91 0.00578659
152.92 0.0049906
152.93 0.00415236
152.94 0.0032991
152.95 0.0024555
152.96 0.00164425
152.97 0.000885513
152.98 0.000196358
152.99 -0.00040953
153 -0.000912718
153.01 -0.00131489
153.02 -0.00161474
153.03 -0.00181352
153.04 -0.00191535
153.05 -0.00192681
153.06 -0.00185643
153.07 -0.00171384
153.08 -0.0015053
153.09 -0.00124861
153.1 -0.000954465
153.11 -0.000632782
153.12 -0.000292375
153.13 5.9296e-05
153.14 0.000416278
153.15 0.000774139
153.16 0.00112969
153.17 0.00148171
153.18 0.00183006
153.19 0.00217536
153.2 0.00251868
153.21 0.00286114
153.22 0.00320359
153.23 0.00354622
153.24 0.00388804
153.25 0.0042268
153.26 0.00455893
153.27 0.00487938
153.28 0.00518177
153.29 0.00545844
153.3 0.0057007
153.31 0.00589699
153.32 0.00603519
153.33 0.00610853
153.34 0.00610817
153.35 0.00602647
153.36 0.00585743
153.37 0.00559714
153.38 0.00524414
153.39 0.00479517
153.4 0.00425578
153.41 0.00363843
153.42 0.00295409
153.43 0.00221648
153.44 0.00144175
153.45 0.000648044
153.46 -0.000145011
153.47 -0.000914233
153.48 -0.00163713
153.49 -0.00229482
153.5 -0.00286906
153.51 -0.00334381
153.52 -0.00370592
153.53 -0.00394567
153.54 -0.00405724
153.55 -0.00402941
153.56 -0.00387269
153.57 -0.00359879
153.58 -0.00322039
153.59 -0.00275409
153.6 -0.00221991
153.61 -0.00164062
153.62 -0.00104102
153.63 -0.000449903
153.64 0.000104594
153.65 0.000597543
153.66 0.00100589
153.67 0.00130946
153.68 0.00149179
153.69 0.0015408
153.7 0.00144943
153.71 0.00120214
153.72 0.0008182
153.73 0.000308623
153.74 -0.000310445
153.75 -0.00101804
153.76 -0.001789
153.77 -0.00259484
153.78 -0.00340432
153.79 -0.00417946
153.8 -0.00488823
153.81 -0.00549984
153.82 -0.0059861
153.83 -0.00632251
153.84 -0.00648928
153.85 -0.0064722
153.86 -0.00625897
153.87 -0.00583836
153.88 -0.00523318
153.89 -0.0044581
153.9 -0.00353451
153.91 -0.00248993
153.92 -0.00135726
153.93 -0.000173781
153.94 0.00101881
153.95 0.00217171
153.96 0.0032419
153.97 0.00418808
153.98 0.00497179
153.99 0.00555884
154 0.00592057
154.01 0.00603499
154.02 0.00587521
154.03 0.00543331
154.04 0.00472848
154.05 0.00377438
154.06 0.00259321
154.07 0.00121522
154.08 -0.000322071
154.09 -0.001975
154.1 -0.00369574
154.11 -0.00542431
154.12 -0.00710423
154.13 -0.00868207
154.14 -0.0101065
154.15 -0.0113302
154.16 -0.012311
154.17 -0.0130139
154.18 -0.013389
154.19 -0.01343
154.2 -0.0131409
154.21 -0.0125264
154.22 -0.0116015
154.23 -0.0103911
154.24 -0.00892944
154.25 -0.00725879
154.26 -0.0054201
154.27 -0.00348471
154.28 -0.00151494
154.29 0.000428317
154.3 0.00228456
154.31 0.00399557
154.32 0.00550727
154.33 0.00677142
154.34 0.00771692
154.35 0.00833562
154.36 0.00860977
154.37 0.00853024
154.38 0.00809881
154.39 0.00732818
154.4 0.00624157
154.41 0.00487084
154.42 0.00324101
154.43 0.00142968
154.44 -0.000506697
154.45 -0.00250791
154.46 -0.00451189
154.47 -0.00645663
154.48 -0.00828208
154.49 -0.00992809
154.5 -0.0113238
154.51 -0.0124431
154.52 -0.013253
154.53 -0.0137302
154.54 -0.0138615
154.55 -0.0136445
154.56 -0.013087
154.57 -0.0121987
154.58 -0.0109988
154.59 -0.00954843
154.6 -0.00789263
154.61 -0.00608173
154.62 -0.00416987
154.63 -0.00221324
154.64 -0.000268316
154.65 0.00160494
154.66 0.00334624
154.67 0.00491437
154.68 0.00627005
154.69 0.00738149
154.7 0.00822518
154.71 0.00878644
154.72 0.00905964
154.73 0.00903378
154.74 0.00872489
154.75 0.00816859
154.76 0.00739356
154.77 0.00643418
154.78 0.00532921
154.79 0.00412037
154.8 0.00285092
154.81 0.00156579
154.82 0.000311978
154.83 -0.000871975
154.84 -0.0019523
154.85 -0.00290053
154.86 -0.00369431
154.87 -0.0043179
154.88 -0.00476249
154.89 -0.0050128
154.9 -0.00508477
154.91 -0.00499562
154.92 -0.00476355
154.93 -0.00441133
154.94 -0.00396527
154.95 -0.00345408
154.96 -0.0029077
154.97 -0.00235819
154.98 -0.00183713
154.99 -0.00137029
155 -0.000979896
155.01 -0.000683861
155.02 -0.000495177
155.03 -0.000421481
155.04 -0.00046485
155.05 -0.000632316
155.06 -0.00090206
155.07 -0.0012591
155.08 -0.0016844
155.09 -0.00215557
155.1 -0.00264779
155.11 -0.00313477
155.12 -0.00358912
155.13 -0.00397751
155.14 -0.00427933
155.15 -0.0044735
155.16 -0.00454256
155.17 -0.00447331
155.18 -0.00425733
155.19 -0.00389132
155.2 -0.00337395
155.21 -0.00270605
155.22 -0.00191242
155.23 -0.00101074
155.24 -2.25203e-05
155.25 0.00102768
155.26 0.00211304
155.27 0.00320539
155.28 0.00427433
155.29 0.0052869
155.3 0.0062187
155.31 0.00704609
155.32 0.00774866
155.33 0.00830983
155.34 0.00871729
155.35 0.00896329
155.36 0.0090372
155.37 0.00894047
155.38 0.00868941
155.39 0.00829552
155.4 0.00777397
155.41 0.00714295
155.42 0.00642309
155.43 0.00563665
155.44 0.00480573
155.45 0.00395733
155.46 0.0031157
155.47 0.00230196
155.48 0.00153525
155.49 0.000832265
155.5 0.000206845
155.51 -0.000330231
155.52 -0.000764276
155.53 -0.00109482
155.54 -0.00132428
155.55 -0.00145493
155.56 -0.00149154
155.57 -0.00144095
155.58 -0.00131162
155.59 -0.00111318
155.6 -0.000851958
155.61 -0.000543319
155.62 -0.000198508
155.63 0.000172973
155.64 0.000562582
155.65 0.000962955
155.66 0.00136802
155.67 0.00177303
155.68 0.00217396
155.69 0.0025688
155.7 0.0029564
155.71 0.00333624
155.72 0.00370812
155.73 0.00407187
155.74 0.00442704
155.75 0.00477257
155.76 0.00510533
155.77 0.00542316
155.78 0.00572185
155.79 0.00599603
155.8 0.00623921
155.81 0.006444
155.82 0.00660228
155.83 0.0067044
155.84 0.00673669
155.85 0.00669588
155.86 0.00657496
155.87 0.00636837
155.88 0.00607239
155.89 0.00568561
155.9 0.00520919
155.91 0.00464493
155.92 0.00399785
155.93 0.00328504
155.94 0.0025205
155.95 0.00172098
155.96 0.000905674
155.97 9.57185e-05
155.98 -0.000686361
155.99 -0.00141419
156 -0.00206022
156.01 -0.00260564
156.02 -0.00303017
156.03 -0.00331617
156.04 -0.00344931
156.05 -0.00341927
156.06 -0.00322026
156.07 -0.00284268
156.08 -0.00229322
156.09 -0.00159117
156.1 -0.00075291
156.11 0.000200243
156.12 0.0012425
156.13 0.00234424
156.14 0.0034728
156.15 0.00459045
156.16 0.0056572
156.17 0.00663781
156.18 0.0074981
156.19 0.00820645
156.2 0.00873488
156.21 0.00906005
156.22 0.00916412
156.23 0.00901711
156.24 0.00862709
156.25 0.00800371
156.26 0.00715811
156.27 0.00610844
156.28 0.00487942
156.29 0.00350171
156.3 0.00201112
156.31 0.000444953
156.32 -0.00114388
156.33 -0.00270977
156.34 -0.004208
156.35 -0.00559523
156.36 -0.00683088
156.37 -0.00787839
156.38 -0.00870637
156.39 -0.00926311
156.4 -0.00955507
156.41 -0.00957388
156.42 -0.00931928
156.43 -0.00879918
156.44 -0.00802948
156.45 -0.00703366
156.46 -0.00584025
156.47 -0.00447769
156.48 -0.00300524
156.49 -0.00146841
156.5 8.5458e-05
156.51 0.00160861
156.52 0.00305434
156.53 0.00437843
156.54 0.00553579
156.55 0.00647709
156.56 0.00718801
156.57 0.0076484
156.58 0.00784596
156.59 0.00777656
156.6 0.00744433
156.61 0.00686144
156.62 0.0060405
156.63 0.00500634
156.64 0.00380802
156.65 0.00248433
156.66 0.0010774
156.67 -0.000368654
156.68 -0.00180911
156.69 -0.00320011
156.7 -0.00449376
156.71 -0.00564665
156.72 -0.00663193
156.73 -0.00742355
156.74 -0.00800216
156.75 -0.00835563
156.76 -0.00847938
156.77 -0.00837634
156.78 -0.00804504
156.79 -0.00750963
156.8 -0.00680394
156.81 -0.00595788
156.82 -0.00500536
156.83 -0.00398313
156.84 -0.00292949
156.85 -0.00188298
156.86 -0.000886924
156.87 2.17945e-05
156.88 0.000813877
156.89 0.00146326
156.9 0.00194938
156.91 0.00225776
156.92 0.00238043
156.93 0.00231607
156.94 0.00205582
156.95 0.00162537
156.96 0.00104678
156.97 0.000343805
156.98 -0.000455743
156.99 -0.00132099
157 -0.00221909
157.01 -0.00311638
157.02 -0.00397319
157.03 -0.00475829
157.04 -0.0054434
157.05 -0.00600373
157.06 -0.00641903
157.07 -0.00667417
157.08 -0.00675963
157.09 -0.0066707
157.1 -0.00639515
157.11 -0.00595889
157.12 -0.00537654
157.13 -0.00466746
157.14 -0.00385505
157.15 -0.0029659
157.16 -0.0020289
157.17 -0.00107456
157.18 -0.000137643
157.19 0.000751257
157.2 0.00156448
157.21 0.00227707
157.22 0.00286757
157.23 0.00331856
157.24 0.00361718
157.25 0.00375054
157.26 0.00370913
157.27 0.00350767
157.28 0.00315408
157.29 0.00266065
157.3 0.00204352
157.31 0.00132207
157.32 0.000518273
157.33 -0.000345457
157.34 -0.00124161
157.35 -0.00214192
157.36 -0.00302216
157.37 -0.00385949
157.38 -0.00463313
157.39 -0.0053249
157.4 -0.00591962
157.41 -0.0063991
157.42 -0.00675508
157.43 -0.00698895
157.44 -0.00710036
157.45 -0.00709224
157.46 -0.00697059
157.47 -0.00674404
157.48 -0.00642348
157.49 -0.00601717
157.5 -0.00554331
157.51 -0.00501954
157.52 -0.00446084
157.53 -0.00388189
157.54 -0.0032967
157.55 -0.00271828
157.56 -0.00215834
157.57 -0.00163007
157.58 -0.00114121
157.59 -0.000697664
157.6 -0.000304396
157.61 3.51372e-05
157.62 0.000318877
157.63 0.000545989
157.64 0.000716676
157.65 0.000827178
157.66 0.000883745
157.67 0.000889273
157.68 0.000846297
157.69 0.000757535
157.7 0.000625817
157.71 0.00045407
157.72 0.000245318
157.73 -2.91802e-07
157.74 -0.000275548
157.75 -0.000576519
157.76 -0.000898747
157.77 -0.00123713
157.78 -0.00158581
157.79 -0.00193807
157.8 -0.00228616
157.81 -0.00261961
157.82 -0.00292935
157.83 -0.00320517
157.84 -0.00343635
157.85 -0.00361193
157.86 -0.00372102
157.87 -0.00375312
157.88 -0.00369628
157.89 -0.00353625
157.9 -0.00327353
157.91 -0.00290406
157.92 -0.00242632
157.93 -0.00184169
157.94 -0.00115472
157.95 -0.000373233
157.96 0.000493979
157.97 0.00143208
157.98 0.00241727
157.99 0.00342825
158 0.00444139
158.01 0.00543126
158.02 0.00637126
158.03 0.00723439
158.04 0.00798777
158.05 0.00860214
158.06 0.00906054
158.07 0.00934342
158.08 0.00943517
158.09 0.00932473
158.1 0.00900622
158.11 0.00847939
158.12 0.00773843
158.13 0.00680118
158.14 0.00569506
158.15 0.00444472
158.16 0.00307991
158.17 0.00163481
158.18 0.000147138
158.19 -0.00134277
158.2 -0.00278717
158.21 -0.004141
158.22 -0.00536492
158.23 -0.00642087
158.24 -0.00727455
158.25 -0.00789658
158.26 -0.00826349
158.27 -0.0083586
158.28 -0.00814904
158.29 -0.00765348
158.3 -0.0068858
158.31 -0.00586313
158.32 -0.00461037
158.33 -0.00315965
158.34 -0.00154951
158.35 0.000176098
158.36 0.00197058
158.37 0.00377211
158.38 0.00552801
158.39 0.00718658
158.4 0.00869831
158.41 0.0100174
158.42 0.0111031
158.43 0.0119194
158.44 0.0124115
158.45 0.0125893
158.46 0.0124462
158.47 0.0119848
158.48 0.0112174
158.49 0.0101656
158.5 0.00885975
158.51 0.00733482
158.52 0.0056305
158.53 0.00381563
158.54 0.00194522
158.55 7.61604e-05
158.56 -0.00173453
158.57 -0.00343141
158.58 -0.00496235
158.59 -0.00627233
158.6 -0.00730621
158.61 -0.0080486
158.62 -0.00847748
158.63 -0.00858055
158.64 -0.00835561
158.65 -0.0078107
158.66 -0.00696384
158.67 -0.00583257
158.68 -0.00445496
158.69 -0.00289237
158.7 -0.00119609
158.71 0.000578341
158.72 0.00237283
158.73 0.00412853
158.74 0.00578764
158.75 0.00728415
158.76 0.00856292
158.77 0.009589
158.78 0.0103279
158.79 0.0107539
158.8 0.0108513
158.81 0.0106145
158.82 0.0100483
158.83 0.00914881
158.84 0.00795533
158.85 0.00651501
158.86 0.0048718
158.87 0.00307601
158.88 0.00118281
158.89 -0.000749507
158.9 -0.00266124
158.91 -0.00448235
158.92 -0.00615477
158.93 -0.00762878
158.94 -0.00885868
158.95 -0.00980611
158.96 -0.0104412
158.97 -0.0107434
158.98 -0.0107022
158.99 -0.0102871
159 -0.00953765
159.01 -0.00847976
159.02 -0.00714436
159.03 -0.00557038
159.04 -0.00380351
159.05 -0.00189476
159.06 0.000101079
159.07 0.00212422
159.08 0.00410978
159.09 0.00600241
159.1 0.00775013
159.11 0.00930585
159.12 0.0106287
159.13 0.0116851
159.14 0.0124458
159.15 0.0128702
159.16 0.0129796
159.17 0.0127783
159.18 0.0122794
159.19 0.0115047
159.2 0.0104833
159.21 0.00925085
159.22 0.00784547
159.23 0.00631137
159.24 0.00470897
159.25 0.00308687
159.26 0.00149276
159.27 -2.79508e-05
159.28 -0.00143347
159.29 -0.00268683
159.3 -0.00374922
159.31 -0.00458818
159.32 -0.00520048
159.33 -0.00557838
159.34 -0.00572185
159.35 -0.0056383
159.36 -0.00534215
159.37 -0.00485422
159.38 -0.00419442
159.39 -0.00339782
159.4 -0.00250792
159.41 -0.00156157
159.42 -0.000596288
159.43 0.00035103
159.44 0.00124526
159.45 0.00205415
159.46 0.00274097
159.47 0.00328212
159.48 0.00366557
159.49 0.00388045
159.5 0.00392205
159.51 0.00379189
159.52 0.00349742
159.53 0.00305174
159.54 0.00246505
159.55 0.00176876
159.56 0.00099335
159.57 0.000167798
159.58 -0.000677634
159.59 -0.00151245
159.6 -0.00230694
159.61 -0.00303315
159.62 -0.00365603
159.63 -0.00415863
159.64 -0.00452606
159.65 -0.00474666
159.66 -0.00481386
159.67 -0.00472636
159.68 -0.00448812
159.69 -0.00410815
159.7 -0.00358955
159.71 -0.00296418
159.72 -0.0022549
159.73 -0.00148656
159.74 -0.000685819
159.75 0.000119764
159.76 0.000902594
159.77 0.00163539
159.78 0.0022842
159.79 0.00283229
159.8 0.00326118
159.81 0.00355623
159.82 0.00370711
159.83 0.00370807
159.84 0.00355803
159.85 0.00325801
159.86 0.00280877
159.87 0.00223574
159.88 0.00155598
159.89 0.000789627
159.9 -4.06999e-05
159.91 -0.000910645
159.92 -0.00179485
159.93 -0.00266657
159.94 -0.00349643
159.95 -0.00426222
159.96 -0.00494285
159.97 -0.00551998
159.98 -0.00597857
159.99 -0.00630724
160 -0.00649861
160.01 -0.00654344
160.02 -0.0064412
160.03 -0.00620614
160.04 -0.00584813
160.05 -0.00538051
160.06 -0.00481969
160.07 -0.00418456
160.08 -0.00349598
160.09 -0.0027757
160.1 -0.00204978
160.11 -0.00134215
160.12 -0.000674521
160.13 -6.70727e-05
160.14 0.000462092
160.15 0.000897467
160.16 0.00122657
160.17 0.00143219
160.18 0.00151243
160.19 0.00147045
160.2 0.00130914
160.21 0.00103498
160.22 0.000657899
160.23 0.000190895
160.24 -0.000350303
160.25 -0.000950563
160.26 -0.00158475
160.27 -0.00223063
160.28 -0.00286681
160.29 -0.00347213
160.3 -0.00402628
160.31 -0.00451033
160.32 -0.00490729
160.33 -0.00519232
160.34 -0.00536125
160.35 -0.00540744
160.36 -0.00532664
160.37 -0.00511814
160.38 -0.00478487
160.39 -0.00433327
160.4 -0.00377304
160.41 -0.00310926
160.42 -0.00236891
160.43 -0.0015705
160.44 -0.000734266
160.45 0.000118381
160.46 0.000965443
160.47 0.00178491
160.48 0.00255443
160.49 0.00324654
160.5 0.00384786
160.51 0.00434274
160.52 0.00471829
160.53 0.00496476
160.54 0.00507577
160.55 0.00504851
160.56 0.00488047
160.57 0.00457024
160.58 0.00413703
160.59 0.00359278
160.6 0.00295227
160.61 0.00223275
160.62 0.00145339
160.63 0.000634801
160.64 -0.000201374
160.65 -0.00103063
160.66 -0.00183095
160.67 -0.00258235
160.68 -0.00326661
160.69 -0.00386769
160.7 -0.00437221
160.71 -0.00476986
160.72 -0.00504785
160.73 -0.00520235
160.74 -0.00524033
160.75 -0.00516632
160.76 -0.00498819
160.77 -0.00471693
160.78 -0.00436624
160.79 -0.00395211
160.8 -0.00349071
160.81 -0.00300437
160.82 -0.00251433
160.83 -0.00203977
160.84 -0.00159896
160.85 -0.00120862
160.86 -0.000883354
160.87 -0.000635125
160.88 -0.000479505
160.89 -0.000418172
160.9 -0.000449562
160.91 -0.000570798
160.92 -0.00077528
160.93 -0.00105285
160.94 -0.00139008
160.95 -0.00177066
160.96 -0.00217627
160.97 -0.00258254
160.98 -0.00296745
160.99 -0.00330918
161 -0.0035865
161.01 -0.00377956
161.02 -0.00387058
161.03 -0.00384455
161.04 -0.00367666
161.05 -0.0033712
161.06 -0.00292654
161.07 -0.00234517
161.08 -0.00163432
161.09 -0.000805975
161.1 0.000123335
161.11 0.00113331
161.12 0.00220139
161.13 0.00329228
161.14 0.00437569
161.15 0.00542007
161.16 0.00639353
161.17 0.00726478
161.18 0.00800409
161.19 0.00858067
161.2 0.00895709
161.21 0.0091284
161.22 0.00908139
161.23 0.00880857
161.24 0.00830852
161.25 0.00758618
161.26 0.00665281
161.27 0.00552066
161.28 0.00421022
161.29 0.00276492
161.3 0.00121941
161.31 -0.000387977
161.32 -0.0020162
161.33 -0.0036226
161.34 -0.00516402
161.35 -0.00659149
161.36 -0.00785728
161.37 -0.00893139
161.38 -0.00978159
161.39 -0.010381
161.4 -0.0107091
161.41 -0.0107518
161.42 -0.0105026
161.43 -0.00994684
161.44 -0.00909823
161.45 -0.00798805
161.46 -0.00664129
161.47 -0.00508939
161.48 -0.00336943
161.49 -0.0015232
161.5 0.000403868
161.51 0.00236269
161.52 0.00429724
161.53 0.00615787
161.54 0.00789759
161.55 0.00947244
161.56 0.0108426
161.57 0.0119733
161.58 0.0128362
161.59 0.0133855
161.6 0.0136234
161.61 0.0135517
161.62 0.0131742
161.63 0.0125021
161.64 0.0115543
161.65 0.0103568
161.66 0.00894154
161.67 0.00733361
161.68 0.00559399
161.69 0.00377023
161.7 0.00190982
161.71 6.07376e-05
161.72 -0.00172981
161.73 -0.00341657
161.74 -0.00495708
161.75 -0.00629205
161.76 -0.00740527
161.77 -0.00827136
161.78 -0.00887158
161.79 -0.00919419
161.8 -0.00923469
161.81 -0.00899576
161.82 -0.0084837
161.83 -0.00769878
161.84 -0.00668846
161.85 -0.00548203
161.86 -0.00411322
161.87 -0.00261928
161.88 -0.00103997
161.89 0.00058348
161.9 0.00220834
161.91 0.00378698
161.92 0.00528089
161.93 0.00665405
161.94 0.00787412
161.95 0.00891309
161.96 0.00974789
161.97 0.0103608
161.98 0.0107309
161.99 0.0108459
162 0.0107218
162.01 0.0103658
162.02 0.00979023
162.03 0.00901238
162.04 0.00805415
162.05 0.00694129
162.06 0.00569815
162.07 0.00436051
162.08 0.00296805
162.09 0.00155488
162.1 0.000155016
162.11 -0.00119837
162.12 -0.00247363
162.13 -0.00364134
162.14 -0.00466513
162.15 -0.00552229
162.16 -0.00619978
162.17 -0.00668332
162.18 -0.00696305
162.19 -0.00703371
162.2 -0.00689465
162.21 -0.00654981
162.22 -0.00599403
162.23 -0.005251
162.24 -0.00434365
162.25 -0.0032929
162.26 -0.00212273
162.27 -0.000859583
162.28 0.00046806
162.29 0.00183032
162.3 0.00319415
162.31 0.00452533
162.32 0.00579357
162.33 0.00696974
162.34 0.00802648
162.35 0.00893875
162.36 0.00968432
162.37 0.0102443
162.38 0.0105829
162.39 0.0107076
162.4 0.0106135
162.41 0.0102997
162.42 0.00976971
162.43 0.00903198
162.44 0.00809937
162.45 0.0069879
162.46 0.00570831
162.47 0.00430274
162.48 0.00280015
162.49 0.00123201
162.5 -0.000368392
162.51 -0.0019666
162.52 -0.00352776
162.53 -0.00501526
162.54 -0.00638579
162.55 -0.00761487
162.56 -0.0086747
162.57 -0.00954106
162.58 -0.010194
162.59 -0.0106182
162.6 -0.0108038
162.61 -0.0107386
162.62 -0.0104155
162.63 -0.00986007
162.64 -0.00908628
162.65 -0.00811363
162.66 -0.00696653
162.67 -0.00567379
162.68 -0.00426795
162.69 -0.00278286
162.7 -0.00126071
162.71 0.000255492
162.72 0.00172702
162.73 0.00311628
162.74 0.00438776
162.75 0.00550901
162.76 0.00645148
162.77 0.00717892
162.78 0.00767333
162.79 0.00793298
162.8 0.00795307
162.81 0.00773526
162.82 0.00728762
162.83 0.00662441
162.84 0.00576571
162.85 0.00472744
162.86 0.00354945
162.87 0.00227171
162.88 0.000931095
162.89 -0.000434092
162.9 -0.00178519
162.91 -0.00308428
162.92 -0.00429528
162.93 -0.0053729
162.94 -0.00629242
162.95 -0.00703309
162.96 -0.00757696
162.97 -0.00791208
162.98 -0.00803282
162.99 -0.00793995
163 -0.00764061
163.01 -0.00713208
163.02 -0.00645171
163.03 -0.00562634
163.04 -0.00468496
163.05 -0.00365965
163.06 -0.00258452
163.07 -0.00149466
163.08 -0.000425192
163.09 0.000581676
163.1 0.00149782
163.11 0.00229599
163.12 0.00295327
163.13 0.00345172
163.14 0.00377891
163.15 0.00392829
163.16 0.00389679
163.17 0.00367845
163.18 0.00330118
163.19 0.0027825
163.2 0.0021444
163.21 0.00141253
163.22 0.000615308
163.23 -0.000217079
163.24 -0.00105296
163.25 -0.00185697
163.26 -0.00260052
163.27 -0.0032576
163.28 -0.00380575
163.29 -0.0042268
163.3 -0.00450749
163.31 -0.00463987
163.32 -0.00461599
163.33 -0.00443666
163.34 -0.00412155
163.35 -0.00368592
163.36 -0.00314949
163.37 -0.00253584
163.38 -0.00187145
163.39 -0.00118488
163.4 -0.000507554
163.41 0.000127112
163.42 0.000691844
163.43 0.00116122
163.44 0.00151318
163.45 0.00172985
163.46 0.00179821
163.47 0.00171061
163.48 0.00145559
163.49 0.00104208
163.5 0.000487428
163.51 -0.000191742
163.52 -0.000973879
163.53 -0.00183315
163.54 -0.00274027
163.55 -0.00366342
163.56 -0.00456547
163.57 -0.00540991
163.58 -0.0061648
163.59 -0.00679975
163.6 -0.00728761
163.61 -0.00760532
163.62 -0.00773479
163.63 -0.00766352
163.64 -0.00736733
163.65 -0.00686197
163.66 -0.00615874
163.67 -0.00527209
163.68 -0.00422241
163.69 -0.00303544
163.7 -0.00174162
163.71 -0.000375135
163.72 0.00102672
163.73 0.00241847
163.74 0.00376093
163.75 0.00501599
163.76 0.00614762
163.77 0.00712299
163.78 0.00791339
163.79 0.00849316
163.8 0.00882398
163.81 0.00891539
163.82 0.00876386
163.83 0.00837258
163.84 0.00775129
163.85 0.00691602
163.86 0.00588857
163.87 0.00469319
163.88 0.00335704
163.89 0.0019284
163.9 0.000444645
163.91 -0.00105583
163.92 -0.00253472
163.93 -0.00395488
163.94 -0.00528131
163.95 -0.00647708
163.96 -0.00750575
163.97 -0.00835418
163.98 -0.00900557
163.99 -0.00944868
164 -0.00967808
164.01 -0.00969403
164.02 -0.0095024
164.03 -0.00910627
164.04 -0.00852189
164.05 -0.0077812
164.06 -0.00690827
164.07 -0.00592959
164.08 -0.00487324
164.09 -0.00376804
164.1 -0.0026427
164.11 -0.00152701
164.12 -0.000450204
164.13 0.000564998
164.14 0.00149832
164.15 0.00233283
164.16 0.00305526
164.17 0.00365607
164.18 0.00412958
164.19 0.00446504
164.2 0.00466922
164.21 0.00475181
164.22 0.00472093
164.23 0.00458691
164.24 0.00436182
164.25 0.00405896
164.26 0.00369228
164.27 0.00327313
164.28 0.00281969
164.29 0.00234598
164.3 0.00186389
164.31 0.00138397
164.32 0.000915262
164.33 0.000465187
164.34 3.95593e-05
164.35 -0.000354464
164.36 -0.000716411
164.37 -0.00104525
164.38 -0.00134066
164.39 -0.00160301
164.4 -0.00183313
164.41 -0.00203202
164.42 -0.00220057
164.43 -0.00233666
164.44 -0.00244337
164.45 -0.00252024
164.46 -0.00256613
164.47 -0.00257932
164.48 -0.00255746
164.49 -0.00249777
164.5 -0.00239652
164.51 -0.00224699
164.52 -0.00204978
164.53 -0.00180235
164.54 -0.00150286
164.55 -0.0011504
164.56 -0.000745226
164.57 -0.000288908
164.58 0.00021665
164.59 0.00076818
164.6 0.00135557
164.61 0.00197074
164.62 0.00260424
164.63 0.0032454
164.64 0.00388263
164.65 0.00450366
164.66 0.00509425
164.67 0.00563931
164.68 0.00612878
164.69 0.00655157
164.7 0.00689788
164.71 0.00715945
164.72 0.00732991
164.73 0.007405
164.74 0.00737781
164.75 0.00724908
164.76 0.00702711
164.77 0.00671755
164.78 0.00632821
164.79 0.00586881
164.8 0.00535075
164.81 0.00478672
164.82 0.00418923
164.83 0.00357497
164.84 0.00295931
164.85 0.00235598
164.86 0.00177787
164.87 0.00123665
164.88 0.00074249
164.89 0.000303734
164.9 -6.83225e-05
164.91 -0.000372257
164.92 -0.000608206
164.93 -0.000776756
164.94 -0.000880497
164.95 -0.000923832
164.96 -0.000912742
164.97 -0.000854486
164.98 -0.000754688
164.99 -0.000625862
165 -0.000477611
165.01 -0.000318759
165.02 -0.00015759
165.03 -1.55066e-06
165.04 0.00014299
165.05 0.000270937
165.06 0.000376382
165.07 0.000459112
165.08 0.000518788
165.09 0.000556376
165.1 0.000574064
165.11 0.000575067
165.12 0.000563394
165.13 0.00054355
165.14 0.000520532
165.15 0.00049967
165.16 0.000485206
165.17 0.000480723
165.18 0.000488929
165.19 0.000511495
165.2 0.000548942
165.21 0.00060085
165.22 0.000665743
165.23 0.000739269
165.24 0.00081729
165.25 0.000894962
165.26 0.000966986
165.27 0.0010279
165.28 0.00107238
165.29 0.00109472
165.3 0.00108952
165.31 0.00105555
165.32 0.00099143
165.33 0.000897295
165.34 0.000774956
165.35 0.000627918
165.36 0.000461361
165.37 0.000281842
165.38 9.86698e-05
165.39 -7.80291e-05
165.4 -0.000238107
165.41 -0.000371123
165.42 -0.000466776
165.43 -0.000515354
165.44 -0.000508189
165.45 -0.000434214
165.46 -0.000288561
165.47 -7.16605e-05
165.48 0.000216284
165.49 0.000572281
165.5 0.000990471
165.51 0.00146215
165.52 0.00197589
165.53 0.00251859
165.54 0.00307106
165.55 0.0036144
165.56 0.00412956
165.57 0.00459712
165.58 0.00499793
165.59 0.00531376
165.6 0.005528
165.61 0.00561599
165.62 0.00557257
165.63 0.00539295
165.64 0.00507388
165.65 0.00461625
165.66 0.0040253
165.67 0.0033106
165.68 0.00248592
165.69 0.00156235
165.7 0.0005713
165.71 -0.000461772
165.72 -0.00151012
165.73 -0.00254574
165.74 -0.00354023
165.75 -0.00446567
165.76 -0.00529508
165.77 -0.00599066
165.78 -0.00654188
165.79 -0.00693247
165.8 -0.00715073
165.81 -0.00719004
165.82 -0.00704915
165.83 -0.00673229
165.84 -0.00624689
165.85 -0.00559943
165.86 -0.00482494
165.87 -0.00394843
165.88 -0.00299825
165.89 -0.00200521
165.9 -0.00100163
165.91 -2.03434e-05
165.92 0.000904029
165.93 0.00173349
165.94 0.00244527
165.95 0.00301596
165.96 0.00342677
165.97 0.00366412
165.98 0.00372014
165.99 0.00359294
166 0.00328015
166.01 0.00279021
166.02 0.00215141
166.03 0.00138599
166.04 0.00052051
166.05 -0.000415082
166.06 -0.00138839
166.07 -0.00236565
166.08 -0.00330957
166.09 -0.00418285
166.1 -0.00495691
166.11 -0.00560483
166.12 -0.006104
166.13 -0.0064369
166.14 -0.00659172
166.15 -0.00656282
166.16 -0.0063398
166.17 -0.00593614
166.18 -0.00537354
166.19 -0.00467232
166.2 -0.00385772
166.21 -0.00295906
166.22 -0.00200876
166.23 -0.00104124
166.24 -9.58092e-05
166.25 0.000789924
166.26 0.00158386
166.27 0.00225635
166.28 0.00278186
166.29 0.00313981
166.3 0.00331534
166.31 0.00329989
166.32 0.00307513
166.33 0.00266148
166.34 0.00207471
166.35 0.00133403
166.36 0.000464183
166.37 -0.000505325
166.38 -0.00154117
166.39 -0.00260732
166.4 -0.00366173
166.41 -0.0046642
166.42 -0.0055784
166.43 -0.00637057
166.44 -0.00701066
166.45 -0.00747332
166.46 -0.00773883
166.47 -0.00779164
166.48 -0.00760731
166.49 -0.00720748
166.5 -0.00660133
166.51 -0.00580483
166.52 -0.00484021
166.53 -0.0037353
166.54 -0.00252263
166.55 -0.0012378
166.56 7.76825e-05
166.57 0.00137841
166.58 0.00262455
166.59 0.00377785
166.6 0.00480285
166.61 0.00566799
166.62 0.00634659
166.63 0.0068102
166.64 0.0070356
166.65 0.00703091
166.66 0.00679695
166.67 0.00634144
166.68 0.00567869
166.69 0.00482905
166.7 0.00381828
166.71 0.0026723
166.72 0.00142873
166.73 0.00013122
166.74 -0.00118273
166.75 -0.00247587
166.76 -0.00371233
166.77 -0.00485871
166.78 -0.00588507
166.79 -0.00675615
166.8 -0.00745134
166.81 -0.00796343
166.82 -0.00828454
166.83 -0.00841269
166.84 -0.0083517
166.85 -0.00811082
166.86 -0.0077043
166.87 -0.00714208
166.88 -0.00645478
166.89 -0.00567232
166.9 -0.00482147
166.91 -0.00392957
166.92 -0.00302354
166.93 -0.00212906
166.94 -0.00126971
166.95 -0.00047233
166.96 0.000247823
166.97 0.000879155
166.98 0.00141295
166.99 0.00184459
167 0.0021734
167.01 0.00240244
167.02 0.00253807
167.03 0.00258267
167.04 0.00255607
167.05 0.00247207
167.06 0.00234438
167.07 0.00218665
167.08 0.0020118
167.09 0.00183137
167.1 0.00165514
167.11 0.00149213
167.12 0.00134602
167.13 0.00121833
167.14 0.00110794
167.15 0.00101123
167.16 0.000922441
167.17 0.000834026
167.18 0.000736927
167.19 0.000619441
167.2 0.000473125
167.21 0.000289538
167.22 6.17197e-05
167.23 -0.000215228
167.24 -0.00054364
167.25 -0.000922889
167.26 -0.00135019
167.27 -0.00181884
167.28 -0.00231402
167.29 -0.00282123
167.3 -0.00332324
167.31 -0.00380064
167.32 -0.00423246
167.33 -0.00459696
167.34 -0.00486802
167.35 -0.00502
167.36 -0.00504024
167.37 -0.00491337
167.38 -0.00462779
167.39 -0.00417634
167.4 -0.00355688
167.41 -0.00277274
167.42 -0.00182567
167.43 -0.000733504
167.44 0.000474481
167.45 0.00177165
167.46 0.00312695
167.47 0.00450576
167.48 0.00587082
167.49 0.00718339
167.5 0.00839605
167.51 0.0094687
167.52 0.0103699
167.53 0.0110685
167.54 0.0115382
167.55 0.0117588
167.56 0.011717
167.57 0.0114069
167.58 0.0108115
167.59 0.00995673
167.6 0.00886987
167.61 0.00757888
167.62 0.00611868
167.63 0.00453018
167.64 0.00285917
167.65 0.001155
167.66 -0.000524663
167.67 -0.00212429
167.68 -0.00359393
167.69 -0.00488643
167.7 -0.00595936
167.71 -0.00677638
167.72 -0.0073085
167.73 -0.00753511
167.74 -0.00741314
167.75 -0.00697344
167.76 -0.00622729
167.77 -0.00519513
167.78 -0.00390661
167.79 -0.00239982
167.8 -0.000720245
167.81 0.00108121
167.82 0.00294739
167.83 0.00480879
167.84 0.00660557
167.85 0.00827926
167.86 0.00977451
167.87 0.0110409
167.88 0.0120345
167.89 0.0127118
167.9 0.0130249
167.91 0.0129843
167.92 0.0125868
167.93 0.0118396
167.94 0.0107611
167.95 0.00937968
167.96 0.00773331
167.97 0.00586279
167.98 0.00382326
167.99 0.0016886
168 -0.000478421
168.01 -0.00261388
168.02 -0.0046546
168.03 -0.00654012
168.04 -0.00821446
168.05 -0.00961388
168.06 -0.0106891
168.07 -0.0114244
168.08 -0.0117994
168.09 -0.0118047
168.1 -0.0114415
168.11 -0.0107225
168.12 -0.00967054
168.13 -0.00830346
168.14 -0.00667353
168.15 -0.00484399
168.16 -0.00287068
168.17 -0.000813079
168.18 0.00126751
168.19 0.0033098
168.2 0.00525441
168.21 0.0070313
168.22 0.0085912
168.23 0.0098975
168.24 0.0109169
168.25 0.0116254
168.26 0.0120087
168.27 0.0120626
168.28 0.011793
168.29 0.0111922
168.3 0.0103079
168.31 0.00918061
168.32 0.00785131
168.33 0.00636621
168.34 0.00477508
168.35 0.00312967
168.36 0.00148206
168.37 -0.000107996
168.38 -0.00159329
168.39 -0.00293215
168.4 -0.0040885
168.41 -0.00503319
168.42 -0.00574477
168.43 -0.00621002
168.44 -0.00642304
168.45 -0.00636566
168.46 -0.00607571
168.47 -0.00557387
168.48 -0.00488714
168.49 -0.00404777
168.5 -0.00309209
168.51 -0.00205915
168.52 -0.000989496
168.53 7.18012e-05
168.54 0.0010837
168.55 0.00201068
168.56 0.00282127
168.57 0.00348899
168.58 0.00399309
168.59 0.00431908
168.6 0.00445373
168.61 0.00438797
168.62 0.00414215
168.63 0.00372889
168.64 0.00316612
168.65 0.00247625
168.66 0.00168529
168.67 0.000821806
168.68 -8.45661e-05
168.69 -0.000999777
168.7 -0.00189213
168.71 -0.00273426
168.72 -0.00350166
168.73 -0.00417345
168.74 -0.00473301
168.75 -0.00516836
168.76 -0.0054655
168.77 -0.00562315
168.78 -0.00565172
168.79 -0.00555958
168.8 -0.00535897
168.81 -0.00506546
168.82 -0.00469716
168.83 -0.00427391
168.84 -0.00381566
168.85 -0.00334656
168.86 -0.00288743
168.87 -0.00245614
168.88 -0.00206818
168.89 -0.00173603
168.9 -0.00146887
168.91 -0.00127223
168.92 -0.00115331
168.93 -0.00110584
168.94 -0.00112192
168.95 -0.00119251
168.96 -0.0013061
168.97 -0.00144928
168.98 -0.00160746
168.99 -0.00176552
169 -0.00190599
169.01 -0.00201494
169.02 -0.00208069
169.03 -0.00209369
169.04 -0.00204712
169.05 -0.00193728
169.06 -0.00176374
169.07 -0.00152944
169.08 -0.00123608
169.09 -0.000899561
169.1 -0.000532477
169.11 -0.000149393
169.12 0.000233679
169.13 0.00059995
169.14 0.000932564
169.15 0.00121463
169.16 0.00142476
169.17 0.00155558
169.18 0.00159775
169.19 0.00154517
169.2 0.00139541
169.21 0.00114984
169.22 0.000813742
169.23 0.00039469
169.24 -9.66207e-05
169.25 -0.000637296
169.26 -0.00120819
169.27 -0.00178831
169.28 -0.00235549
169.29 -0.00288725
169.3 -0.00336159
169.31 -0.00375447
169.32 -0.00404222
169.33 -0.00421538
169.34 -0.00426275
169.35 -0.00417728
169.36 -0.00395643
169.37 -0.0036024
169.38 -0.00312213
169.39 -0.00252269
169.4 -0.00182185
169.41 -0.00104651
169.42 -0.000220464
169.43 0.000630151
169.44 0.00147768
169.45 0.00229385
169.46 0.00305075
169.47 0.00371523
169.48 0.00426145
169.49 0.00467275
169.5 0.00493262
169.51 0.00502916
169.52 0.00495551
169.53 0.00471012
169.54 0.00429689
169.55 0.00371501
169.56 0.00298755
169.57 0.00213957
169.58 0.00119525
169.59 0.000181918
169.6 -0.000870727
169.61 -0.00193159
169.62 -0.00296914
169.63 -0.00394551
169.64 -0.00483216
169.65 -0.0056041
169.66 -0.00623885
169.67 -0.00671819
169.68 -0.00702875
169.69 -0.00716243
169.7 -0.00711659
169.71 -0.00687832
169.72 -0.00647301
169.73 -0.00591658
169.74 -0.00522819
169.75 -0.00443085
169.76 -0.00355065
169.77 -0.00261589
169.78 -0.00165621
169.79 -0.000705038
169.8 0.00020677
169.81 0.00105208
169.82 0.00180644
169.83 0.0024488
169.84 0.00296215
169.85 0.003334
169.86 0.00355417
169.87 0.00361007
169.88 0.00351802
169.89 0.00328642
169.9 0.00292806
169.91 0.0024596
169.92 0.00190097
169.93 0.0012746
169.94 0.000604177
169.95 -8.30435e-05
169.96 -0.000759284
169.97 -0.00140071
169.98 -0.00198535
169.99 -0.00249374
170 -0.0029096
170.01 -0.00322024
170.02 -0.00341215
170.03 -0.00347844
170.04 -0.00342688
170.05 -0.00326232
170.06 -0.00299347
170.07 -0.00263244
170.08 -0.00219426
170.09 -0.00169629
170.1 -0.00115647
170.11 -0.000597624
170.12 -4.1661e-05
170.13 0.000492098
170.14 0.00098572
170.15 0.00142327
170.16 0.00179132
170.17 0.00207939
170.18 0.00227437
170.19 0.00237495
170.2 0.00238493
170.21 0.00230822
170.22 0.0021519
170.23 0.00192583
170.24 0.00164225
170.25 0.00131527
170.26 0.000959415
170.27 0.00059399
170.28 0.000235696
170.29 -0.000100127
170.3 -0.000399408
170.31 -0.000649857
170.32 -0.00084139
170.33 -0.000966471
170.34 -0.00101389
170.35 -0.00098756
170.36 -0.00089023
170.37 -0.000726557
170.38 -0.000503766
170.39 -0.000231347
170.4 7.93513e-05
170.41 0.000415579
170.42 0.00076348
170.43 0.00110674
170.44 0.00143171
170.45 0.00172563
170.46 0.0019771
170.47 0.00217649
170.48 0.00231631
170.49 0.00239076
170.5 0.00239208
170.51 0.00232706
170.52 0.00219924
170.53 0.00201466
170.54 0.00178162
170.55 0.0015104
170.56 0.00121283
170.57 0.000901921
170.58 0.000592948
170.59 0.000300542
170.6 3.79744e-05
170.61 -0.000182435
170.62 -0.000349759
170.63 -0.00045485
170.64 -0.000490657
170.65 -0.000449808
170.66 -0.000327783
170.67 -0.000130567
170.68 0.000138255
170.69 0.000472675
170.7 0.000864474
170.71 0.00130349
170.72 0.00177798
170.73 0.00227533
170.74 0.00277993
170.75 0.00327654
170.76 0.00375122
170.77 0.00419069
170.78 0.00458265
170.79 0.0049162
170.8 0.00518204
170.81 0.00536805
170.82 0.00546974
170.83 0.00548765
170.84 0.00542126
170.85 0.00527209
170.86 0.00504364
170.87 0.00474114
170.88 0.00437133
170.89 0.00393867
170.9 0.00345567
170.91 0.00293382
170.92 0.0023831
170.93 0.00181348
170.94 0.00123466
170.95 0.000655812
170.96 8.5425e-05
170.97 -0.000466957
170.98 -0.000995137
170.99 -0.00149395
171 -0.00195889
171.01 -0.00238639
171.02 -0.00277371
171.03 -0.00311883
171.04 -0.00342036
171.05 -0.00367306
171.06 -0.00388019
171.07 -0.0040416
171.08 -0.00415688
171.09 -0.00422556
171.1 -0.00424709
171.11 -0.00422074
171.12 -0.00414544
171.13 -0.00401574
171.14 -0.00383547
171.15 -0.00360397
171.16 -0.00332087
171.17 -0.0029863
171.18 -0.00260099
171.19 -0.00216645
171.2 -0.00168438
171.21 -0.00115592
171.22 -0.000589866
171.23 7.66729e-06
171.24 0.000629393
171.25 0.0012669
171.26 0.00191077
171.27 0.00255073
171.28 0.00317508
171.29 0.00376998
171.3 0.00432524
171.31 0.00482976
171.32 0.00527305
171.33 0.00564558
171.34 0.00593908
171.35 0.00614684
171.36 0.00626006
171.37 0.00627399
171.38 0.00619393
171.39 0.00602192
171.4 0.00576227
171.41 0.00542139
171.42 0.00500773
171.43 0.00453147
171.44 0.00400228
171.45 0.00343504
171.46 0.00284573
171.47 0.00224816
171.48 0.0016559
171.49 0.00108181
171.5 0.000537675
171.51 3.38172e-05
171.52 -0.000417629
171.53 -0.000811158
171.54 -0.00114492
171.55 -0.00141761
171.56 -0.00163026
171.57 -0.00178613
171.58 -0.00189053
171.59 -0.00195051
171.6 -0.00197256
171.61 -0.00196921
171.62 -0.00195141
171.63 -0.00192923
171.64 -0.00191219
171.65 -0.00190878
171.66 -0.00192607
171.67 -0.00196929
171.68 -0.00204416
171.69 -0.00214881
171.7 -0.00228046
171.71 -0.00243417
171.72 -0.00260263
171.73 -0.00277638
171.74 -0.0029441
171.75 -0.00309312
171.76 -0.00320517
171.77 -0.0032685
171.78 -0.00326976
171.79 -0.00319669
171.8 -0.00303883
171.81 -0.00278805
171.82 -0.00243915
171.83 -0.0019891
171.84 -0.00143272
171.85 -0.000785751
171.86 -5.89738e-05
171.87 0.00073291
171.88 0.00157154
171.89 0.0024353
171.9 0.00329986
171.91 0.00413753
171.92 0.00491449
171.93 0.00560511
171.94 0.00618226
171.95 0.00662059
171.96 0.0068975
171.97 0.00699405
171.98 0.00689575
171.99 0.00658598
172 0.00605534
172.01 0.00532168
172.02 0.00439584
172.03 0.00329507
172.04 0.00204283
172.05 0.000668361
172.06 -0.000794033
172.07 -0.00230603
172.08 -0.00381988
172.09 -0.00528906
172.1 -0.00666897
172.11 -0.00791592
172.12 -0.00898856
172.13 -0.00984917
172.14 -0.010465
172.15 -0.010792
172.16 -0.0108141
172.17 -0.0105336
172.18 -0.00994965
172.19 -0.00907075
172.2 -0.00791434
172.21 -0.00650668
172.22 -0.00488235
172.23 -0.00307453
172.24 -0.00114541
172.25 0.000845178
172.26 0.00283915
172.27 0.00477676
172.28 0.00659836
172.29 0.0082461
172.3 0.00966571
172.31 0.0107816
172.32 0.0115667
172.33 0.0119946
172.34 0.0120435
172.35 0.0117019
172.36 0.0109697
172.37 0.00985791
172.38 0.00838895
172.39 0.0065692
172.4 0.00447613
172.41 0.00216579
172.42 -0.000300543
172.43 -0.00285609
172.44 -0.00543036
172.45 -0.00795118
172.46 -0.0103455
172.47 -0.0125196
172.48 -0.014423
172.49 -0.015999
172.5 -0.0171994
172.51 -0.0179862
172.52 -0.0183323
172.53 -0.0182229
172.54 -0.0176477
172.55 -0.0165905
172.56 -0.0151156
172.57 -0.013261
172.58 -0.0110753
172.59 -0.00861664
172.6 -0.00595099
172.61 -0.00315034
172.62 -0.000291383
172.63 0.00253779
172.64 0.00525679
172.65 0.00779175
172.66 0.010074
172.67 0.0120421
172.68 0.0136435
172.69 0.0148358
172.7 0.0155692
172.71 0.0158166
172.72 0.0156021
172.73 0.0149364
172.74 0.0138427
172.75 0.0123561
172.76 0.0105225
172.77 0.00839686
172.78 0.00603386
172.79 0.00351354
172.8 0.000919688
172.81 -0.00167319
172.82 -0.00419155
172.83 -0.00656488
172.84 -0.00872767
172.85 -0.0106213
172.86 -0.0121717
172.87 -0.0133448
172.88 -0.0141254
172.89 -0.0144983
172.9 -0.0144605
172.91 -0.0140204
172.92 -0.0131981
172.93 -0.0120243
172.94 -0.0105192
172.95 -0.0087543
172.96 -0.00679368
172.97 -0.00469848
172.98 -0.00253253
172.99 -0.000360347
173 0.00175469
173.01 0.00375222
173.02 0.00555664
173.03 0.00712864
173.04 0.00843069
173.05 0.00943207
173.06 0.0101117
173.07 0.0104586
173.08 0.0104719
173.09 0.0101605
173.1 0.00951502
173.11 0.00859718
173.12 0.00744357
173.13 0.00609685
173.14 0.00460428
173.15 0.0030162
173.16 0.00138446
173.17 -0.000238465
173.18 -0.00179293
173.19 -0.00323462
173.2 -0.0045226
173.21 -0.00562193
173.22 -0.00650459
173.23 -0.00715012
173.24 -0.00754611
173.25 -0.00768229
173.26 -0.00755062
173.27 -0.0071842
173.28 -0.00660344
173.29 -0.00583495
173.3 -0.00491043
173.31 -0.00386561
173.32 -0.00273897
173.33 -0.00157048
173.34 -0.00040516
173.35 0.000716175
173.36 0.0017577
173.37 0.00268733
173.38 0.00347762
173.39 0.00410654
173.4 0.00455801
173.41 0.00481318
173.42 0.00486822
173.43 0.00473793
173.44 0.00443309
173.45 0.00397003
173.46 0.00336994
173.47 0.0026581
173.48 0.00186294
173.49 0.00101386
173.5 0.000147611
173.51 -0.000702178
173.52 -0.00150513
173.53 -0.00223306
173.54 -0.00286077
173.55 -0.00336685
173.56 -0.00373421
173.57 -0.0039392
173.58 -0.00398102
173.59 -0.00386341
173.6 -0.0035907
173.61 -0.00317203
173.62 -0.00262091
173.63 -0.00195474
173.64 -0.0011941
173.65 -0.0003582
173.66 0.000520811
173.67 0.00141604
173.68 0.00230201
173.69 0.00315418
173.7 0.00394975
173.71 0.00466827
173.72 0.00529221
173.73 0.00579603
173.74 0.00617886
173.75 0.00643578
173.76 0.00656526
173.77 0.0065696
173.78 0.00645477
173.79 0.00623008
173.8 0.0059072
173.81 0.0054951
173.82 0.00501962
173.83 0.00449857
173.84 0.00395021
173.85 0.00339259
173.86 0.002843
173.87 0.00231742
173.88 0.00183097
173.89 0.00139997
173.9 0.0010299
173.91 0.000726828
173.92 0.000493998
173.93 0.00033182
173.94 0.000237989
173.95 0.00020768
173.96 0.000235242
173.97 0.000312356
173.98 0.000424346
173.99 0.000559533
174 0.000705785
174.01 0.000850975
174.02 0.00098344
174.03 0.0010924
174.04 0.00116661
174.05 0.00119667
174.06 0.00117908
174.07 0.00111041
174.08 0.000989424
174.09 0.000817093
174.1 0.000596562
174.11 0.000333005
174.12 3.19721e-05
174.13 -0.000296338
174.14 -0.000640127
174.15 -0.000988401
174.16 -0.00132969
174.17 -0.0016524
174.18 -0.00194525
174.19 -0.00219753
174.2 -0.00239564
174.21 -0.00253187
174.22 -0.00260152
174.23 -0.00259981
174.24 -0.00252389
174.25 -0.00237284
174.26 -0.00214774
174.27 -0.0018516
174.28 -0.00148461
174.29 -0.00105787
174.3 -0.000581242
174.31 -6.42631e-05
174.32 0.000482613
174.33 0.00104829
174.34 0.00162132
174.35 0.00219018
174.36 0.0027412
174.37 0.0032639
174.38 0.0037486
174.39 0.00418645
174.4 0.00456974
174.41 0.00489207
174.42 0.00514843
174.43 0.00533521
174.44 0.00544307
174.45 0.00547875
174.46 0.0054433
174.47 0.00533903
174.48 0.00516943
174.49 0.00493899
174.5 0.00465306
174.51 0.00431719
174.52 0.00393553
174.53 0.00351942
174.54 0.00307612
174.55 0.00261293
174.56 0.00213705
174.57 0.00165547
174.58 0.00117488
174.59 0.000701867
174.6 0.000243561
174.61 -0.000195512
174.62 -0.000610751
174.63 -0.000998127
174.64 -0.00135419
174.65 -0.00167606
174.66 -0.00196141
174.67 -0.00220701
174.68 -0.00241037
174.69 -0.00257332
174.7 -0.00269564
174.71 -0.00277752
174.72 -0.00281957
174.73 -0.00282278
174.74 -0.00278846
174.75 -0.00271668
174.76 -0.00260959
174.77 -0.00247147
174.78 -0.00230497
174.79 -0.00211306
174.8 -0.00189894
174.81 -0.00166608
174.82 -0.00141813
174.83 -0.00115853
174.84 -0.00089206
174.85 -0.000623322
174.86 -0.000356559
174.87 -9.60328e-05
174.88 0.000154021
174.89 0.000389451
174.9 0.000606249
174.91 0.00079872
174.92 0.00096394
174.93 0.00109944
174.94 0.00120246
174.95 0.00127073
174.96 0.00130242
174.97 0.00129625
174.98 0.00125152
174.99 0.00116487
175 0.00103953
175.01 0.000877386
175.02 0.000680266
175.03 0.000450582
175.04 0.000191299
175.05 -9.41015e-05
175.06 -0.000401669
175.07 -0.00072829
175.08 -0.00106715
175.09 -0.00141311
175.1 -0.0017609
175.11 -0.00210518
175.12 -0.00244054
175.13 -0.00276167
175.14 -0.00306322
175.15 -0.0033376
175.16 -0.00358218
175.17 -0.00379284
175.18 -0.00396593
175.19 -0.00409836
175.2 -0.00418767
175.21 -0.00423206
175.22 -0.00422956
175.23 -0.00417695
175.24 -0.00407864
175.25 -0.00393603
175.26 -0.00375129
175.27 -0.00352731
175.28 -0.00326771
175.29 -0.00297676
175.3 -0.00265868
175.31 -0.00231872
175.32 -0.00196458
175.33 -0.00160246
175.34 -0.00123871
175.35 -0.000879761
175.36 -0.000531969
175.37 -0.000201504
175.38 0.000104553
175.39 0.000379711
175.4 0.000620695
175.41 0.000823525
175.42 0.000985013
175.43 0.00110284
175.44 0.0011756
175.45 0.00120286
175.46 0.0011828
175.47 0.00111763
175.48 0.0010121
175.49 0.000869745
175.5 0.000694861
175.51 0.000492411
175.52 0.000267894
175.53 2.72077e-05
175.54 -0.000223754
175.55 -0.000477725
175.56 -0.000728316
175.57 -0.000969763
175.58 -0.00119676
175.59 -0.00140461
175.6 -0.00158934
175.61 -0.00174783
175.62 -0.00187555
175.63 -0.00197291
175.64 -0.0020406
175.65 -0.00207966
175.66 -0.00209208
175.67 -0.0020807
175.68 -0.00204914
175.69 -0.00200164
175.7 -0.00194238
175.71 -0.00187774
175.72 -0.00181296
175.73 -0.00175303
175.74 -0.0017026
175.75 -0.0016658
175.76 -0.0016461
175.77 -0.00164615
175.78 -0.00166978
175.79 -0.00171533
175.8 -0.00178202
175.81 -0.00186794
175.82 -0.00197009
175.83 -0.00208442
175.84 -0.00220598
175.85 -0.00232897
175.86 -0.00244592
175.87 -0.00255
175.88 -0.00263428
175.89 -0.00269198
175.9 -0.00271668
175.91 -0.00270258
175.92 -0.00264473
175.93 -0.00253795
175.94 -0.00237684
175.95 -0.00216417
175.96 -0.00190052
175.97 -0.00158806
175.98 -0.00123052
175.99 -0.000833124
176 -0.000402562
176.01 5.37958e-05
176.02 0.000526075
176.03 0.00100265
176.04 0.00147291
176.05 0.001926
176.06 0.00235113
176.07 0.0027379
176.08 0.00307658
176.09 0.00335522
176.1 0.00356526
176.11 0.00370407
176.12 0.00376771
176.13 0.00375408
176.14 0.00366299
176.15 0.00349619
176.16 0.00325735
176.17 0.00294835
176.18 0.00257882
176.19 0.00216038
176.2 0.00170313
176.21 0.00121804
176.22 0.00071664
176.23 0.000210687
176.24 -0.000288169
176.25 -0.000766601
176.26 -0.00121395
176.27 -0.00162166
176.28 -0.001982
176.29 -0.00228879
176.3 -0.00253755
176.31 -0.00272559
176.32 -0.00285207
176.33 -0.00291301
176.34 -0.00291577
176.35 -0.00286592
176.36 -0.00276939
176.37 -0.00263314
176.38 -0.00246497
176.39 -0.00227314
176.4 -0.0020661
176.41 -0.00185225
176.42 -0.00164067
176.43 -0.00143827
176.44 -0.00125087
176.45 -0.00108306
176.46 -0.00093796
176.47 -0.000817208
176.48 -0.000721019
176.49 -0.00064954
176.5 -0.000597137
176.51 -0.000559147
176.52 -0.000529788
176.53 -0.000502402
176.54 -0.00046972
176.55 -0.000424165
176.56 -0.000357618
176.57 -0.000260341
176.58 -0.000127713
176.59 4.56577e-05
176.6 0.000263897
176.61 0.000529654
176.62 0.00084394
176.63 0.00120601
176.64 0.0016146
176.65 0.00206619
176.66 0.00255118
176.67 0.00306156
176.68 0.00358799
176.69 0.00412002
176.7 0.00464644
176.71 0.00515553
176.72 0.00563366
176.73 0.00606714
176.74 0.00644691
176.75 0.00676309
176.76 0.0070071
176.77 0.0071719
176.78 0.00725221
176.79 0.00724466
176.8 0.00714305
176.81 0.0069493
176.82 0.00667079
176.83 0.00631274
176.84 0.00588212
176.85 0.00538745
176.86 0.0048386
176.87 0.00424647
176.88 0.00362137
176.89 0.00297782
176.9 0.00232892
176.91 0.00168637
176.92 0.0010613
176.93 0.000463929
176.94 -9.66291e-05
176.95 -0.000612535
176.96 -0.00107293
176.97 -0.00147551
176.98 -0.00181839
176.99 -0.00209998
177 -0.00232008
177.01 -0.00247972
177.02 -0.00258101
177.03 -0.00262693
177.04 -0.0026168
177.05 -0.0025593
177.06 -0.00245929
177.07 -0.00232106
177.08 -0.00214865
177.09 -0.00194578
177.1 -0.00171565
177.11 -0.0014609
177.12 -0.00118158
177.13 -0.000881514
177.14 -0.000561636
177.15 -0.000222546
177.16 0.000135358
177.17 0.000511709
177.18 0.000905978
177.19 0.00131749
177.2 0.00174571
177.21 0.00218677
177.22 0.00263734
177.23 0.00309305
177.24 0.00354842
177.25 0.00399683
177.26 0.00443059
177.27 0.00484014
177.28 0.00521311
177.29 0.00554112
177.3 0.00581364
177.31 0.00602018
177.32 0.00615067
177.33 0.0061958
177.34 0.00614742
177.35 0.00599495
177.36 0.00573057
177.37 0.00535878
177.38 0.00488016
177.39 0.00429801
177.4 0.00361845
177.41 0.00285047
177.42 0.00200582
177.43 0.00109668
177.44 0.000142312
177.45 -0.000834931
177.46 -0.00181433
177.47 -0.00277419
177.48 -0.00369243
177.49 -0.00454718
177.5 -0.00531737
177.51 -0.00597593
177.52 -0.00650577
177.53 -0.00689706
177.54 -0.00713899
177.55 -0.00722449
177.56 -0.00715047
177.57 -0.00691808
177.58 -0.00653276
177.59 -0.00599474
177.6 -0.00532645
177.61 -0.00455024
177.62 -0.00368772
177.63 -0.00276309
177.64 -0.0018025
177.65 -0.000833326
177.66 0.000116626
177.67 0.00101372
177.68 0.00183277
177.69 0.00255112
177.7 0.00314833
177.71 0.00360764
177.72 0.00391652
177.73 0.00406708
177.74 0.00405643
177.75 0.00387206
177.76 0.00353765
177.77 0.00306731
177.78 0.002479
177.79 0.00179465
177.8 0.00103952
177.81 0.000241398
177.82 -0.000570059
177.83 -0.00135998
177.84 -0.0020978
177.85 -0.00275522
177.86 -0.00330636
177.87 -0.00372866
177.88 -0.00400366
177.89 -0.00411769
177.9 -0.00405898
177.91 -0.00381466
177.92 -0.00340333
177.93 -0.0028356
177.94 -0.00212768
177.95 -0.00130106
177.96 -0.00038183
177.97 0.00060001
177.98 0.0016112
177.99 0.00261206
178 0.00356491
178.01 0.00443429
178.02 0.0051864
178.03 0.00579022
178.04 0.00621854
178.05 0.0064489
178.06 0.00645451
178.07 0.0062211
178.08 0.0057589
178.09 0.00507266
178.1 0.00417411
178.11 0.00308176
178.12 0.00182048
178.13 0.000420813
178.14 -0.0010852
178.15 -0.00265152
178.16 -0.004231
178.17 -0.00577976
178.18 -0.00725397
178.19 -0.00861118
178.2 -0.00981156
178.21 -0.0108192
178.22 -0.0115861
178.23 -0.0120932
178.24 -0.0123315
178.25 -0.0122921
178.26 -0.0119741
178.27 -0.0113844
178.28 -0.0105377
178.29 -0.00945613
178.3 -0.00815534
178.31 -0.00668688
178.32 -0.00509639
178.33 -0.0034287
178.34 -0.00173089
178.35 -5.0954e-05
178.36 0.0015636
178.37 0.00306716
178.38 0.0043998
178.39 0.00553363
178.4 0.00643951
178.41 0.00709358
178.42 0.00747948
178.43 0.0075888
178.44 0.00742138
178.45 0.00698467
178.46 0.00627259
178.47 0.00533678
178.48 0.00420895
178.49 0.00292634
178.5 0.00153058
178.51 6.64627e-05
178.52 -0.00141944
178.53 -0.00287911
178.54 -0.00425659
178.55 -0.00551208
178.56 -0.00660695
178.57 -0.00750777
178.58 -0.00818726
178.59 -0.00862511
178.6 -0.00880854
178.61 -0.00872597
178.62 -0.0083692
178.63 -0.00777055
178.64 -0.00695011
178.65 -0.0059346
178.66 -0.00475648
178.67 -0.00345295
178.68 -0.00206477
178.69 -0.000635173
178.7 0.000786218
178.71 0.00215396
178.72 0.00342695
178.73 0.00456744
178.74 0.0055422
178.75 0.00632341
178.76 0.00688958
178.77 0.00721419
178.78 0.00728963
178.79 0.00712972
178.8 0.00674369
178.81 0.00614776
178.82 0.00536446
178.83 0.00442199
178.84 0.0033532
178.85 0.00219151
178.86 0.000982968
178.87 -0.000228876
178.88 -0.00140421
178.89 -0.00250484
178.9 -0.00349539
178.91 -0.00434432
178.92 -0.0050249
178.93 -0.00550087
178.94 -0.00576545
178.95 -0.00581719
178.96 -0.00565619
178.97 -0.00528923
178.98 -0.00472948
178.99 -0.00399602
179 -0.00311319
179.01 -0.00210223
179.02 -0.00100745
179.03 0.000134263
179.04 0.00128686
179.05 0.00241441
179.06 0.00348224
179.07 0.00445796
179.08 0.00531245
179.09 0.00600445
179.1 0.00652679
179.11 0.00686667
179.12 0.00701657
179.13 0.00697495
179.14 0.00674614
179.15 0.00634013
179.16 0.00577097
179.17 0.00504911
179.18 0.004214
179.19 0.00329319
179.2 0.00231617
179.21 0.00131341
179.22 0.00031539
179.23 -0.000648384
179.24 -0.00154846
179.25 -0.00235218
179.26 -0.00304437
179.27 -0.00360866
179.28 -0.00403329
179.29 -0.00431132
179.3 -0.00444074
179.31 -0.00442442
179.32 -0.00426579
179.33 -0.0039739
179.34 -0.00357453
179.35 -0.00308697
179.36 -0.00253269
179.37 -0.00193461
179.38 -0.00131623
179.39 -0.000700887
179.4 -0.000112978
179.41 0.000423903
179.42 0.000893894
179.43 0.00128261
179.44 0.00157919
179.45 0.00177655
179.46 0.00187156
179.47 0.00186506
179.48 0.00175674
179.49 0.00155745
179.5 0.00128367
179.51 0.000950069
179.52 0.000573295
179.53 0.000171316
179.54 -0.000237256
179.55 -0.000633852
179.56 -0.000997435
179.57 -0.00131092
179.58 -0.0015614
179.59 -0.00173751
179.6 -0.00183082
179.61 -0.0018361
179.62 -0.00175151
179.63 -0.00157859
179.64 -0.00131616
179.65 -0.000978404
179.66 -0.00057843
179.67 -0.000129856
179.68 0.000351965
179.69 0.000850494
179.7 0.0013486
179.71 0.00182918
179.72 0.00227119
179.73 0.00266102
179.74 0.00298596
179.75 0.00323525
179.76 0.00340077
179.77 0.00347732
179.78 0.00346271
179.79 0.00335765
179.8 0.00315853
179.81 0.00288172
179.82 0.00253722
179.83 0.00213717
179.84 0.00169541
179.85 0.00122698
179.86 0.000747574
179.87 0.000273359
179.88 -0.000177169
179.89 -0.000590488
179.9 -0.000953954
179.91 -0.00125686
179.92 -0.00149076
179.93 -0.00164972
179.94 -0.00173045
179.95 -0.00173035
179.96 -0.0016484
179.97 -0.00149574
179.98 -0.00127987
179.99 -0.00101019
180 -0.000697695
180.01 -0.000354451
180.02 6.79255e-06
180.03 0.000372783
180.04 0.000729162
180.05 0.00106409
180.06 0.00136721
180.07 0.00162975
180.08 0.00184486
180.09 0.00200778
180.1 0.002116
180.11 0.00216658
180.12 0.00216207
180.13 0.00210981
180.14 0.00201619
180.15 0.00188909
180.16 0.00173761
180.17 0.0015716
180.18 0.00140131
180.19 0.00123792
180.2 0.00109209
180.21 0.000972109
180.22 0.000885201
180.23 0.000836975
180.24 0.000831187
180.25 0.000869579
180.26 0.000951798
180.27 0.00107812
180.28 0.00124132
180.29 0.00143351
180.3 0.00164638
180.31 0.00187038
180.32 0.00209503
180.33 0.00230938
180.34 0.0025024
180.35 0.00265974
180.36 0.00277294
180.37 0.00283405
180.38 0.00283619
180.39 0.00277435
180.4 0.0026456
180.41 0.00244924
180.42 0.00218685
180.43 0.0018568
180.44 0.00147198
180.45 0.0010411
180.46 0.000574435
180.47 8.36067e-05
180.48 -0.000418732
180.49 -0.000919318
180.5 -0.00140443
180.51 -0.00185714
180.52 -0.00226677
180.53 -0.00262217
180.54 -0.00291376
180.55 -0.00313374
180.56 -0.00327641
180.57 -0.00333826
180.58 -0.00331645
180.59 -0.00320773
180.6 -0.00302267
180.61 -0.00276732
180.62 -0.00244958
180.63 -0.00207892
180.64 -0.00166603
180.65 -0.00122246
180.66 -0.000760056
180.67 -0.000292158
180.68 0.00016845
180.69 0.000610923
180.7 0.00102553
180.71 0.00140393
180.72 0.0017394
180.73 0.00202699
180.74 0.00226123
180.75 0.00244038
180.76 0.00256834
180.77 0.00264777
180.78 0.00268275
180.79 0.00267855
180.8 0.00264135
180.81 0.00257786
180.82 0.00249438
180.83 0.00239883
180.84 0.0022983
180.85 0.00219824
180.86 0.00210304
180.87 0.00201581
180.88 0.00193829
180.89 0.00187074
180.9 0.00181232
180.91 0.00175957
180.92 0.00170798
180.93 0.00165231
180.94 0.00158653
180.95 0.00150418
180.96 0.00139866
180.97 0.0012636
180.98 0.00108997
180.99 0.000874739
181 0.000615428
181.01 0.000310421
181.02 -4.00851e-05
181.03 -0.000433933
181.04 -0.000866934
181.05 -0.00133287
181.06 -0.00182496
181.07 -0.00233
181.08 -0.00283602
181.09 -0.00333012
181.1 -0.00379872
181.11 -0.00422794
181.12 -0.00460409
181.13 -0.00491391
181.14 -0.00513709
181.15 -0.00527061
181.16 -0.00530688
181.17 -0.00524085
181.18 -0.0050703
181.19 -0.004796
181.2 -0.00442185
181.21 -0.00395367
181.22 -0.00339712
181.23 -0.00277369
181.24 -0.00209945
181.25 -0.00139252
181.26 -0.000672539
181.27 3.98324e-05
181.28 0.000723554
181.29 0.00135591
181.3 0.00191155
181.31 0.00237648
181.32 0.00273514
181.33 0.00297479
181.34 0.00308597
181.35 0.00306289
181.36 0.00290368
181.37 0.00260556
181.38 0.00217322
181.39 0.00162622
181.4 0.000979476
181.41 0.000251233
181.42 -0.000537469
181.43 -0.00136335
181.44 -0.00220157
181.45 -0.00302435
181.46 -0.00380244
181.47 -0.00451187
181.48 -0.00512947
181.49 -0.00563444
181.5 -0.00600898
181.51 -0.00623891
181.52 -0.00631406
181.53 -0.00621852
181.54 -0.00595572
181.55 -0.00553664
181.56 -0.0049707
181.57 -0.00427175
181.58 -0.00345764
181.59 -0.00254979
181.6 -0.00157258
181.61 -0.000551601
181.62 0.000479693
181.63 0.0014914
181.64 0.00245504
181.65 0.00334334
181.66 0.004131
181.67 0.00479547
181.68 0.00531757
181.69 0.00566744
181.7 0.0058454
181.71 0.00584885
181.72 0.00567781
181.73 0.00533718
181.74 0.00483663
181.75 0.00419028
181.76 0.00341629
181.77 0.00252828
181.78 0.00156346
181.79 0.000549143
181.8 -0.000486496
181.81 -0.00151496
181.82 -0.00250824
181.83 -0.00343964
181.84 -0.00428345
181.85 -0.00500682
181.86 -0.00560043
181.87 -0.00605056
181.88 -0.0063478
181.89 -0.00648722
181.9 -0.00646844
181.91 -0.00629561
181.92 -0.00597434
181.93 -0.00551112
181.94 -0.00493423
181.95 -0.00426328
181.96 -0.00352007
181.97 -0.00272796
181.98 -0.00191106
181.99 -0.00109358
182 -0.000300609
182.01 0.000441559
182.02 0.0011151
182.03 0.00170307
182.04 0.0021916
182.05 0.00257031
182.06 0.00283245
182.07 0.00297505
182.08 0.00299371
182.09 0.00289265
182.1 0.00268704
182.11 0.00238833
182.12 0.00201044
182.13 0.00156921
182.14 0.00108187
182.15 0.000566452
182.16 4.16509e-05
182.17 -0.000472415
182.18 -0.000958924
182.19 -0.00140299
182.2 -0.00179178
182.21 -0.00211482
182.22 -0.0023643
182.23 -0.0025352
182.24 -0.00261982
182.25 -0.00262234
182.26 -0.00254935
182.27 -0.00240725
182.28 -0.0022045
182.29 -0.00195127
182.3 -0.00165898
182.31 -0.00133984
182.32 -0.00100627
182.33 -0.000672716
182.34 -0.000350984
182.35 -5.1474e-05
182.36 0.000216908
182.37 0.000447037
182.38 0.000633788
182.39 0.000774169
182.4 0.000863115
182.41 0.000906463
182.42 0.000908464
182.43 0.00087476
182.44 0.000812491
182.45 0.000729964
182.46 0.000636277
182.47 0.000540956
182.48 0.000455143
182.49 0.000387692
182.5 0.000346528
182.51 0.000338294
182.52 0.000368064
182.53 0.000439101
182.54 0.000552697
182.55 0.000708687
182.56 0.000906402
182.57 0.00113696
182.58 0.00139325
182.59 0.00166659
182.6 0.00194707
182.61 0.00222388
182.62 0.00248572
182.63 0.00272016
182.64 0.00291323
182.65 0.00305707
182.66 0.00314303
182.67 0.00316415
182.68 0.00311545
182.69 0.00299417
182.7 0.00279997
182.71 0.00253238
182.72 0.00219552
182.73 0.00180141
182.74 0.00135993
182.75 0.000882911
182.76 0.000383804
182.77 -0.000122708
182.78 -0.000621158
182.79 -0.00109369
182.8 -0.00152269
182.81 -0.00189479
182.82 -0.00219661
182.83 -0.00241653
182.84 -0.00254504
182.85 -0.00257511
182.86 -0.00250244
182.87 -0.00231917
182.88 -0.00203025
182.89 -0.00164501
182.9 -0.00117174
182.91 -0.000621411
182.92 -7.37219e-06
182.93 0.000654974
182.94 0.00134862
182.95 0.00205494
182.96 0.00275245
182.97 0.00342208
182.98 0.00404567
182.99 0.00460619
183 0.0050882
183.01 0.00547837
183.02 0.00576576
183.03 0.0059321
183.04 0.00598038
183.05 0.00591094
183.06 0.00572575
183.07 0.00542989
183.08 0.0050314
183.09 0.00454105
183.1 0.003972
183.11 0.00333482
183.12 0.00265407
183.13 0.00194789
183.14 0.00123474
183.15 0.000532998
183.16 -0.000139581
183.17 -0.00076631
183.18 -0.00133129
183.19 -0.0018141
183.2 -0.00221023
183.21 -0.00251195
183.22 -0.00271431
183.23 -0.00281518
183.24 -0.00281527
183.25 -0.00271802
183.26 -0.00252764
183.27 -0.0022489
183.28 -0.00189976
183.29 -0.00149257
183.3 -0.00104079
183.31 -0.000558609
183.32 -6.04438e-05
183.33 0.000439459
183.34 0.000926613
183.35 0.00138616
183.36 0.00180818
183.37 0.00218353
183.38 0.00250502
183.39 0.00276755
183.4 0.00296822
183.41 0.00310628
183.42 0.00318047
183.43 0.00319429
183.44 0.00315663
183.45 0.00307448
183.46 0.00295593
183.47 0.00280987
183.48 0.0026456
183.49 0.00247249
183.5 0.0023001
183.51 0.00213777
183.52 0.00199255
183.53 0.00187022
183.54 0.001775
183.55 0.00170943
183.56 0.00167424
183.57 0.00166832
183.58 0.00169029
183.59 0.0017338
183.6 0.00179155
183.61 0.00185588
183.62 0.00191813
183.63 0.00196903
183.64 0.00199901
183.65 0.00199858
183.66 0.00195475
183.67 0.00186105
183.68 0.00171146
183.69 0.00150073
183.7 0.00122537
183.71 0.000883841
183.72 0.000476759
183.73 6.91825e-06
183.74 -0.000525391
183.75 -0.00110703
183.76 -0.00172787
183.77 -0.00237645
183.78 -0.00303978
183.79 -0.00370365
183.8 -0.00435303
183.81 -0.0049722
183.82 -0.00553977
183.83 -0.00604389
183.84 -0.00647044
183.85 -0.00680661
183.86 -0.00704125
183.87 -0.00716526
183.88 -0.00717183
183.89 -0.00705468
183.9 -0.00680391
183.91 -0.0064319
183.92 -0.00594345
183.93 -0.00534614
183.94 -0.00465021
183.95 -0.00386833
183.96 -0.00301537
183.97 -0.00210707
183.98 -0.00116237
183.99 -0.000204539
184 0.000746396
184.01 0.00167036
184.02 0.00254768
184.03 0.00335955
184.04 0.00408847
184.05 0.00471408
184.06 0.00521883
184.07 0.00559824
184.08 0.00584436
184.09 0.00595218
184.1 0.00591967
184.11 0.00574792
184.12 0.00544104
184.13 0.00499994
184.14 0.00443654
184.15 0.00377005
184.16 0.0030156
184.17 0.00219013
184.18 0.00131198
184.19 0.000400508
184.2 -0.000524407
184.21 -0.00144107
184.22 -0.00232776
184.23 -0.0031663
184.24 -0.00393954
184.25 -0.00463205
184.26 -0.00523048
184.27 -0.00572381
184.28 -0.00610361
184.29 -0.00635494
184.3 -0.00648115
184.31 -0.00648605
184.32 -0.00637322
184.33 -0.00614897
184.34 -0.00582209
184.35 -0.00540365
184.36 -0.00490668
184.37 -0.00434168
184.38 -0.003731
184.39 -0.00309234
184.4 -0.00244289
184.41 -0.00179968
184.42 -0.00117916
184.43 -0.000596824
184.44 -6.68009e-05
184.45 0.000390987
184.46 0.000772015
184.47 0.00106884
184.48 0.0012764
184.49 0.00139224
184.5 0.00141656
184.51 0.00135215
184.52 0.00120354
184.53 0.000973388
184.54 0.000679473
184.55 0.000333857
184.56 -4.9977e-05
184.57 -0.000457502
184.58 -0.000873555
184.59 -0.00128277
184.6 -0.00166914
184.61 -0.00201458
184.62 -0.0023079
184.63 -0.00253761
184.64 -0.00269407
184.65 -0.00276985
184.66 -0.00275991
184.67 -0.00266183
184.68 -0.00247291
184.69 -0.00219401
184.7 -0.00183722
184.71 -0.00141122
184.72 -0.00092694
184.73 -0.000397257
184.74 0.00016331
184.75 0.000739014
184.76 0.00131241
184.77 0.00186419
184.78 0.00237791
184.79 0.00283767
184.8 0.00322877
184.81 0.00353815
184.82 0.00375479
184.83 0.00387002
184.84 0.0038714
184.85 0.00375747
184.86 0.00353351
184.87 0.00320321
184.88 0.00277325
184.89 0.00225316
184.9 0.00165508
184.91 0.000993495
184.92 0.000282834
184.93 -0.000454863
184.94 -0.00119904
184.95 -0.00193017
184.96 -0.00262889
184.97 -0.00327655
184.98 -0.00385574
184.99 -0.00435078
185 -0.00473926
185.01 -0.00501582
185.02 -0.00517519
185.03 -0.00521346
185.04 -0.00513008
185.05 -0.00492793
185.06 -0.00461324
185.07 -0.00419545
185.08 -0.00367988
185.09 -0.00309121
185.1 -0.0024478
185.11 -0.00176898
185.12 -0.00107507
185.13 -0.000386881
185.14 0.000274948
185.15 0.00089022
185.16 0.00143273
185.17 0.00189122
185.18 0.00225223
185.19 0.00250521
185.2 0.00264299
185.21 0.0026619
185.22 0.00256198
185.23 0.00234524
185.24 0.00201302
185.25 0.0015867
185.26 0.0010811
185.27 0.000513658
185.28 -9.59896e-05
185.29 -0.000726617
185.3 -0.00135601
185.31 -0.00196028
185.32 -0.00251265
185.33 -0.0029943
185.34 -0.00338631
185.35 -0.00367218
185.36 -0.00383837
185.37 -0.00387475
185.38 -0.00377497
185.39 -0.00353112
185.4 -0.003143
185.41 -0.00262596
185.42 -0.0019909
185.43 -0.00125242
185.44 -0.000428428
185.45 0.000460309
185.46 0.00139075
185.47 0.00233772
185.48 0.00327201
185.49 0.00416722
185.5 0.00499834
185.51 0.00574186
185.52 0.00637638
185.53 0.00688332
185.54 0.00724741
185.55 0.0074468
185.56 0.00747825
185.57 0.00734574
185.58 0.00705206
185.59 0.00660447
185.6 0.00601449
185.61 0.00529765
185.62 0.00447303
185.63 0.00355812
185.64 0.00258481
185.65 0.00158169
185.66 0.000576075
185.67 -0.000404752
185.68 -0.00133428
185.69 -0.00218751
185.7 -0.00294169
185.71 -0.00356498
185.72 -0.004049
185.73 -0.00438382
185.74 -0.00456227
185.75 -0.00458169
185.76 -0.00444395
185.77 -0.0041554
185.78 -0.00372665
185.79 -0.00316142
185.8 -0.00249226
185.81 -0.00174082
185.82 -0.000930741
185.83 -8.70543e-05
185.84 0.000764565
185.85 0.00159855
185.86 0.00238946
185.87 0.00310673
185.88 0.00373438
185.89 0.00425524
185.9 0.00465564
185.91 0.00492575
185.92 0.00505987
185.93 0.00505651
185.94 0.00491552
185.95 0.00463795
185.96 0.00424595
185.97 0.00375448
185.98 0.00318143
185.99 0.00254693
186 0.00187277
186.01 0.00118173
186.02 0.000497861
186.03 -0.000152663
186.04 -0.000749466
186.05 -0.0012735
186.06 -0.00170823
186.07 -0.00204014
186.08 -0.00225908
186.09 -0.00235857
186.1 -0.00233029
186.11 -0.00217518
186.12 -0.00190578
186.13 -0.00153146
186.14 -0.00106477
186.15 -0.000520965
186.16 8.24614e-05
186.17 0.000726359
186.18 0.00139047
186.19 0.00205126
186.2 0.00268781
186.21 0.00328103
186.22 0.00381342
186.23 0.00426963
186.24 0.00463691
186.25 0.00490541
186.26 0.00506082
186.27 0.00510424
186.28 0.00503985
186.29 0.00487188
186.3 0.00460762
186.31 0.00425718
186.32 0.00383302
186.33 0.00334961
186.34 0.00282066
186.35 0.0022675
186.36 0.00170798
186.37 0.00115879
186.38 0.000635661
186.39 0.000152881
186.4 -0.000277138
186.41 -0.00064425
186.42 -0.000933741
186.43 -0.00114705
186.44 -0.00128343
186.45 -0.0013445
186.46 -0.00133463
186.47 -0.00126072
186.48 -0.00113189
186.49 -0.000959018
186.5 -0.000753114
186.51 -0.000531794
186.52 -0.000308988
186.53 -9.84421e-05
186.54 8.67776e-05
186.55 0.000234755
186.56 0.000335153
186.57 0.00037851
186.58 0.000354134
186.59 0.000263832
186.6 0.000107232
186.61 -0.000113394
186.62 -0.000393195
186.63 -0.000724909
186.64 -0.0010991
186.65 -0.00150501
186.66 -0.00192897
186.67 -0.00235491
186.68 -0.00276841
186.69 -0.00315513
186.7 -0.00350124
186.71 -0.00379395
186.72 -0.00402188
186.73 -0.00417211
186.74 -0.00423506
186.75 -0.00421094
186.76 -0.00409804
186.77 -0.00389733
186.78 -0.00361246
186.79 -0.00324963
186.8 -0.00281744
186.81 -0.00232414
186.82 -0.00178441
186.83 -0.00121512
186.84 -0.000631264
186.85 -4.81834e-05
186.86 0.000518867
186.87 0.00105519
186.88 0.00154709
186.89 0.00197789
186.9 0.00233774
186.91 0.00262087
186.92 0.00282174
186.93 0.00293733
186.94 0.00296711
186.95 0.00291309
186.96 0.00277967
186.97 0.00256857
186.98 0.00229341
186.99 0.00196657
187 0.00159987
187.01 0.00120592
187.02 0.000797758
187.03 0.000388349
187.04 -9.76155e-06
187.05 -0.000381874
187.06 -0.000718479
187.07 -0.00101129
187.08 -0.00125353
187.09 -0.00144042
187.1 -0.00156926
187.11 -0.0016395
187.12 -0.00165265
187.13 -0.00160739
187.14 -0.00151517
187.15 -0.00138333
187.16 -0.00122043
187.17 -0.00103596
187.18 -0.000840005
187.19 -0.00064291
187.2 -0.000455142
187.21 -0.000288963
187.22 -0.000152194
187.23 -5.25091e-05
187.24 3.7693e-06
187.25 1.18517e-05
187.26 -3.13891e-05
187.27 -0.000127345
187.28 -0.00027683
187.29 -0.000480068
187.3 -0.000728919
187.31 -0.00101788
187.32 -0.00134021
187.33 -0.00168816
187.34 -0.00205322
187.35 -0.00242636
187.36 -0.00279794
187.37 -0.00315732
187.38 -0.00349583
187.39 -0.00380525
187.4 -0.0040781
187.41 -0.00430786
187.42 -0.00448909
187.43 -0.00461748
187.44 -0.00468722
187.45 -0.00469597
187.46 -0.0046464
187.47 -0.00453926
187.48 -0.00437632
187.49 -0.00416029
187.5 -0.00389469
187.51 -0.00358366
187.52 -0.00322983
187.53 -0.00283969
187.54 -0.00242035
187.55 -0.00197738
187.56 -0.00151638
187.57 -0.00104296
187.58 -0.000562637
187.59 -8.08416e-05
187.6 0.000396465
187.61 0.000863669
187.62 0.00131584
187.63 0.00174798
187.64 0.00215517
187.65 0.00253252
187.66 0.00287518
187.67 0.00317834
187.68 0.00343318
187.69 0.0036375
187.7 0.00378769
187.71 0.00387961
187.72 0.0039095
187.73 0.00387415
187.74 0.00377096
187.75 0.00359818
187.76 0.00334832
187.77 0.0030282
187.78 0.00264014
187.79 0.00218743
187.8 0.00167486
187.81 0.00110872
187.82 0.000496888
187.83 -0.000151428
187.84 -0.000826463
187.85 -0.00151255
187.86 -0.0021963
187.87 -0.00286354
187.88 -0.00349961
187.89 -0.00408971
187.9 -0.00461924
187.91 -0.00507265
187.92 -0.00542985
187.93 -0.00568608
187.94 -0.00583198
187.95 -0.00586044
187.96 -0.0057668
187.97 -0.00554917
187.98 -0.00520853
187.99 -0.00474558
188 -0.00416385
188.01 -0.00348249
188.02 -0.0027149
188.03 -0.00187695
188.04 -0.00098663
188.05 -6.36122e-05
188.06 0.000871202
188.07 0.00179487
188.08 0.00268234
188.09 0.00351338
188.1 0.00426823
188.11 0.00492891
188.12 0.00547976
188.13 0.00590792
188.14 0.00620369
188.15 0.00635336
188.16 0.00635548
188.17 0.00621903
188.18 0.00595017
188.19 0.00555868
188.2 0.00505778
188.21 0.00446367
188.22 0.00379519
188.23 0.00307116
188.24 0.00231825
188.25 0.00156134
188.26 0.000823368
188.27 0.000126417
188.28 -0.000508937
188.29 -0.00106427
188.3 -0.00152388
188.31 -0.00186622
188.32 -0.00208792
188.33 -0.00218769
188.34 -0.00216572
188.35 -0.00202629
188.36 -0.00177765
188.37 -0.00143176
188.38 -0.00100392
188.39 -0.000508399
188.4 2.72683e-05
188.41 0.000580132
188.42 0.00112734
188.43 0.00164615
188.44 0.0021147
188.45 0.00251277
188.46 0.00282242
188.47 0.00301707
188.48 0.00309546
188.49 0.00305109
188.5 0.00288174
188.51 0.00258961
188.52 0.0021813
188.53 0.00166764
188.54 0.00106257
188.55 0.000381139
188.56 -0.000346945
188.57 -0.00109771
188.58 -0.00184584
188.59 -0.00256552
188.6 -0.00323125
188.61 -0.00381868
188.62 -0.00430253
188.63 -0.00465485
188.64 -0.00486846
188.65 -0.00493228
188.66 -0.00483981
188.67 -0.0045894
188.68 -0.00418438
188.69 -0.00363305
188.7 -0.00294436
188.71 -0.00213514
188.72 -0.00123631
188.73 -0.00027333
188.74 0.000725924
188.75 0.00173205
188.76 0.00271498
188.77 0.00364493
188.78 0.00448806
188.79 0.00521406
188.8 0.0058048
188.81 0.00624148
188.82 0.00650976
188.83 0.0066003
188.84 0.00650901
188.85 0.00623728
188.86 0.00578231
188.87 0.00516168
188.88 0.00440073
188.89 0.00352194
188.9 0.00255141
188.91 0.00151805
188.92 0.000452781
188.93 -0.000612471
188.94 -0.00164109
188.95 -0.00260003
188.96 -0.0034617
188.97 -0.00420041
188.98 -0.0047942
188.99 -0.0052255
189 -0.00548165
189.01 -0.00555525
189.02 -0.00542931
189.03 -0.00512092
189.04 -0.00464368
189.05 -0.00401292
189.06 -0.0032485
189.07 -0.00237412
189.08 -0.00141663
189.09 -0.00040518
189.1 0.000628921
189.11 0.00164987
189.12 0.0026273
189.13 0.00353264
189.14 0.00433977
189.15 0.00502586
189.16 0.00557195
189.17 0.00596249
189.18 0.00617272
189.19 0.00621418
189.2 0.00608857
189.21 0.00580259
189.22 0.0053676
189.23 0.0047992
189.24 0.00411667
189.25 0.00334113
189.26 0.0024958
189.27 0.00161424
189.28 0.000723135
189.29 -0.000151322
189.3 -0.000984178
189.31 -0.0017525
189.32 -0.00243603
189.33 -0.00301428
189.34 -0.00346816
189.35 -0.00379691
189.36 -0.0039966
189.37 -0.00406758
189.38 -0.00401432
189.39 -0.00384514
189.4 -0.00357182
189.41 -0.00320611
189.42 -0.0027664
189.43 -0.00227702
189.44 -0.00175797
189.45 -0.00122937
189.46 -0.000710741
189.47 -0.000220382
189.48 0.000225262
189.49 0.000608306
189.5 0.000916827
189.51 0.00114637
189.52 0.001293
189.53 0.00135616
189.54 0.00133865
189.55 0.00124637
189.56 0.00108807
189.57 0.0008722
189.58 0.000615344
189.59 0.000334132
189.6 4.39412e-05
189.61 -0.000239819
189.62 -0.000502304
189.63 -0.000729799
189.64 -0.000910233
189.65 -0.00102859
189.66 -0.00108011
189.67 -0.00106208
189.68 -0.000973352
189.69 -0.000815702
189.7 -0.000593753
189.71 -0.00031477
189.72 1.16229e-05
189.73 0.000375844
189.74 0.000760528
189.75 0.00115098
189.76 0.00153255
189.77 0.00189085
189.78 0.00221222
189.79 0.00248427
189.8 0.00269629
189.81 0.00283225
189.82 0.0028929
189.83 0.00287546
189.84 0.00277991
189.85 0.002609
189.86 0.0023681
189.87 0.00206501
189.88 0.00170915
189.89 0.00131052
189.9 0.000886763
189.91 0.000451716
189.92 1.93353e-05
189.93 -0.000396815
189.94 -0.000784069
189.95 -0.00113113
189.96 -0.00142706
189.97 -0.00166089
189.98 -0.00183217
189.99 -0.0019391
190 -0.00198247
190.01 -0.00196566
190.02 -0.00189437
190.03 -0.00177648
190.04 -0.00162069
190.05 -0.00143876
190.06 -0.00124501
190.07 -0.00105169
190.08 -0.000870733
190.09 -0.00071327
190.1 -0.000589123
190.11 -0.000506365
190.12 -0.000473405
190.13 -0.000494103
190.14 -0.000566117
190.15 -0.000686908
190.16 -0.00085124
190.17 -0.00105133
190.18 -0.0012771
190.19 -0.00151654
190.2 -0.00175522
190.21 -0.00197673
190.22 -0.0021662
190.23 -0.00230907
190.24 -0.00239174
190.25 -0.00240215
190.26 -0.00233037
190.27 -0.00216903
190.28 -0.00190697
190.29 -0.00154768
190.3 -0.00109731
190.31 -0.000562927
190.32 4.49181e-05
190.33 0.000712351
190.34 0.00142253
190.35 0.0021561
190.36 0.00288997
190.37 0.00359898
190.38 0.00425991
190.39 0.00484989
190.4 0.00534721
190.41 0.00573203
190.42 0.00598715
190.43 0.00609861
190.44 0.00604093
190.45 0.00582253
190.46 0.00544412
190.47 0.0049104
190.48 0.00423085
190.49 0.00341952
190.5 0.00249477
190.51 0.0014783
190.52 0.000392635
190.53 -0.000725648
190.54 -0.00184678
190.55 -0.00294043
190.56 -0.00397666
190.57 -0.00492681
190.58 -0.00576441
190.59 -0.00646311
190.6 -0.00699161
190.61 -0.00734748
190.62 -0.00752184
190.63 -0.00751121
190.64 -0.00731768
190.65 -0.00694888
190.66 -0.00641777
190.67 -0.00573862
190.68 -0.00493221
190.69 -0.00403553
190.7 -0.00307834
190.71 -0.00209221
190.72 -0.00110953
190.73 -0.00016255
190.74 0.000717722
190.75 0.00149722
190.76 0.00214544
190.77 0.0026476
190.78 0.00298792
190.79 0.00315599
190.8 0.00314713
190.81 0.00296254
190.82 0.0026093
190.83 0.00209273
190.84 0.00143524
190.85 0.000667919
190.86 -0.00018154
190.87 -0.00108249
190.88 -0.00200234
190.89 -0.00290755
190.9 -0.00376474
190.91 -0.00453435
190.92 -0.00518592
190.93 -0.00569672
190.94 -0.00604543
190.95 -0.00621575
190.96 -0.00619704
190.97 -0.00598457
190.98 -0.00557981
190.99 -0.00497701
191 -0.00420238
191.01 -0.00328058
191.02 -0.00223684
191.03 -0.00110049
191.04 9.60364e-05
191.05 0.00131813
191.06 0.00253011
191.07 0.00368898
191.08 0.00476094
191.09 0.00571491
191.1 0.00652274
191.11 0.00716058
191.12 0.00760967
191.13 0.00785682
191.14 0.00789468
191.15 0.00770208
191.16 0.00730691
191.17 0.00672205
191.18 0.0059659
191.19 0.00506179
191.2 0.0040373
191.21 0.00292332
191.22 0.00175287
191.23 0.00056273
191.24 -0.000607955
191.25 -0.00172565
191.26 -0.002759
191.27 -0.00367976
191.28 -0.00446367
191.29 -0.00509114
191.3 -0.00554332
191.31 -0.00580196
191.32 -0.00587884
191.33 -0.00577836
191.34 -0.00551051
191.35 -0.00509047
191.36 -0.004538
191.37 -0.00387681
191.38 -0.00313176
191.39 -0.00233413
191.4 -0.00151912
191.41 -0.000716729
191.42 4.41606e-05
191.43 0.000736782
191.44 0.00133734
191.45 0.00182578
191.46 0.00217964
191.47 0.00238688
191.48 0.00245003
191.49 0.00237017
191.5 0.00215361
191.51 0.00181166
191.52 0.00136016
191.53 0.000818943
191.54 0.000208652
191.55 -0.000440373
191.56 -0.0010983
191.57 -0.00173755
191.58 -0.00233122
191.59 -0.00285397
191.6 -0.00328292
191.61 -0.00359845
191.62 -0.00377468
191.63 -0.00380563
191.64 -0.00369002
191.65 -0.00342798
191.66 -0.00302479
191.67 -0.00249071
191.68 -0.00184065
191.69 -0.00109366
191.7 -0.000268223
191.71 0.000602393
191.72 0.00148942
191.73 0.00236456
191.74 0.00319969
191.75 0.00396789
191.76 0.00464423
191.77 0.00520671
191.78 0.00562281
191.79 0.00589015
191.8 0.00600124
191.81 0.00595308
191.82 0.00574789
191.83 0.00539304
191.84 0.00490085
191.85 0.00428741
191.86 0.00356742
191.87 0.00277668
191.88 0.00194219
191.89 0.00109232
191.9 0.000255826
191.91 -0.000539035
191.92 -0.00126549
191.93 -0.00189688
191.94 -0.00240281
191.95 -0.00277489
191.96 -0.00300138
191.97 -0.0030755
191.98 -0.00299565
191.99 -0.00276546
192 -0.00239362
192.01 -0.00189027
192.02 -0.00127166
192.03 -0.000569033
192.04 0.000192398
192.05 0.000985469
192.06 0.00178199
192.07 0.00255367
192.08 0.00327311
192.09 0.00391026
192.1 0.00443806
192.11 0.00484269
192.12 0.00510984
192.13 0.00522997
192.14 0.00519857
192.15 0.00501637
192.16 0.0046893
192.17 0.00422183
192.18 0.00363347
192.19 0.00295098
192.2 0.00219833
192.21 0.00140195
192.22 0.000589855
192.23 -0.000209282
192.24 -0.000967105
192.25 -0.00165023
192.26 -0.00223352
192.27 -0.00269852
192.28 -0.00302832
192.29 -0.00321061
192.3 -0.00323808
192.31 -0.00310873
192.32 -0.00282596
192.33 -0.00238819
192.34 -0.00181962
192.35 -0.00114294
192.36 -0.000381491
192.37 0.000438299
192.38 0.00128774
192.39 0.00213685
192.4 0.00295532
192.41 0.00370551
192.42 0.0043622
192.43 0.0049016
192.44 0.00530302
192.45 0.00555018
192.46 0.00563186
192.47 0.00554226
192.48 0.00528098
192.49 0.00483856
192.5 0.00424467
192.51 0.00351713
192.52 0.0026784
192.53 0.00175492
192.54 0.000776272
192.55 -0.000225729
192.56 -0.00121743
192.57 -0.00215889
192.58 -0.00301957
192.59 -0.00376985
192.6 -0.00438333
192.61 -0.00483768
192.62 -0.00511543
192.63 -0.00520457
192.64 -0.005094
192.65 -0.0047747
192.66 -0.00426924
192.67 -0.0035914
192.68 -0.00276057
192.69 -0.00180122
192.7 -0.00074216
192.71 0.000384284
192.72 0.00154303
192.73 0.00269294
192.74 0.00379569
192.75 0.00481575
192.76 0.00571975
192.77 0.0064775
192.78 0.00706292
192.79 0.00745486
192.8 0.00762692
192.81 0.00756863
192.82 0.00728944
192.83 0.00679434
192.84 0.00609464
192.85 0.00520762
192.86 0.00415605
192.87 0.0029675
192.88 0.0016692
192.89 0.000302558
192.9 -0.00109163
192.91 -0.00247606
192.92 -0.00381404
192.93 -0.0050705
192.94 -0.00621311
192.95 -0.00721315
192.96 -0.00803276
192.97 -0.0086592
192.98 -0.00908535
192.99 -0.00930546
193 -0.00931992
193.01 -0.00913524
193.02 -0.0087637
193.03 -0.00822292
193.04 -0.00752499
193.05 -0.00670943
193.06 -0.00580841
193.07 -0.00485353
193.08 -0.00387713
193.09 -0.00291121
193.1 -0.00198641
193.11 -0.00113104
193.12 -0.000381393
193.13 0.000249226
193.14 0.000746085
193.15 0.00109928
193.16 0.00130437
193.17 0.0013625
193.18 0.00128021
193.19 0.00106834
193.2 0.000735808
193.21 0.000315743
193.22 -0.000167495
193.23 -0.000687379
193.24 -0.00121617
193.25 -0.00172591
193.26 -0.00218942
193.27 -0.00257936
193.28 -0.00286492
193.29 -0.00303399
193.3 -0.00307264
193.31 -0.00297181
193.32 -0.00272766
193.33 -0.00234173
193.34 -0.00182096
193.35 -0.00117416
193.36 -0.000416931
193.37 0.000420114
193.38 0.00131135
193.39 0.00222858
193.4 0.00314197
193.41 0.00402102
193.42 0.00483554
193.43 0.00555145
193.44 0.00613749
193.45 0.00657698
193.46 0.00685182
193.47 0.0069488
193.48 0.00686003
193.49 0.00658327
193.5 0.00612204
193.51 0.00547672
193.52 0.00466644
193.53 0.00372012
193.54 0.00266298
193.55 0.00152379
193.56 0.00033396
193.57 -0.000873426
193.58 -0.0020646
193.59 -0.00320058
193.6 -0.00424764
193.61 -0.00517877
193.62 -0.00596872
193.63 -0.00659656
193.64 -0.00704631
193.65 -0.00730743
193.66 -0.00737511
193.67 -0.00723567
193.68 -0.00690872
193.69 -0.00641219
193.7 -0.00576478
193.71 -0.00498957
193.72 -0.00411322
193.73 -0.00316514
193.74 -0.00217649
193.75 -0.00118135
193.76 -0.000214856
193.77 0.000693048
193.78 0.00151495
193.79 0.00222676
193.8 0.0028085
193.81 0.00324481
193.82 0.00352517
193.83 0.00362924
193.84 0.00357464
193.85 0.00336873
193.86 0.00302388
193.87 0.00255699
193.88 0.00198886
193.89 0.00134344
193.9 0.000646665
193.91 -7.248e-05
193.92 -0.000782031
193.93 -0.00145494
193.94 -0.00206598
193.95 -0.00259256
193.96 -0.00301555
193.97 -0.00331992
193.98 -0.00349172
193.99 -0.00351882
194 -0.00341197
194.01 -0.0031772
194.02 -0.0028254
194.03 -0.00237189
194.04 -0.0018359
194.05 -0.00123982
194.06 -0.000608199
194.07 2.94727e-05
194.08 0.00064442
194.09 0.0012106
194.1 0.00170363
194.11 0.00210175
194.12 0.00238656
194.13 0.00254379
194.14 0.00255678
194.15 0.00242095
194.16 0.00214562
194.17 0.00173835
194.18 0.0012119
194.19 0.000583855
194.2 -0.000123934
194.21 -0.000886014
194.22 -0.00167384
194.23 -0.00245288
194.24 -0.00319136
194.25 -0.00385892
194.26 -0.00442679
194.27 -0.00486882
194.28 -0.00516237
194.29 -0.00528924
194.3 -0.0052225
194.31 -0.00496314
194.32 -0.00451632
194.33 -0.00388848
194.34 -0.00309218
194.35 -0.00214592
194.36 -0.0010736
194.37 9.60952e-05
194.38 0.00133298
194.39 0.002593
194.4 0.00383738
194.41 0.00502787
194.42 0.00612693
194.43 0.00709896
194.44 0.00791144
194.45 0.00853592
194.46 0.00892672
194.47 0.00908584
194.48 0.00900481
194.49 0.00868138
194.5 0.00812046
194.51 0.00733409
194.52 0.00634112
194.53 0.00516555
194.54 0.00382935
194.55 0.00238565
194.56 0.000874643
194.57 -0.000661202
194.58 -0.00217835
194.59 -0.0036335
194.6 -0.00498484
194.61 -0.00618968
194.62 -0.00719864
194.63 -0.00799506
194.64 -0.00855634
194.65 -0.00886668
194.66 -0.0089175
194.67 -0.00870779
194.68 -0.00824404
194.69 -0.00753313
194.7 -0.00659116
194.71 -0.00546313
194.72 -0.00418284
194.73 -0.00278834
194.74 -0.00132072
194.75 0.000177068
194.76 0.00166151
194.77 0.00308544
194.78 0.00440183
194.79 0.00557767
194.8 0.00658099
194.81 0.00738535
194.82 0.00797053
194.83 0.00832314
194.84 0.00843691
194.85 0.00830003
194.86 0.00792535
194.87 0.00734027
194.88 0.0065676
194.89 0.00563552
194.9 0.00457667
194.91 0.0034271
194.92 0.00222512
194.93 0.00101201
194.94 -0.000168137
194.95 -0.00127774
194.96 -0.00228234
194.97 -0.00315134
194.98 -0.00385889
194.99 -0.00438463
195 -0.00471425
195.01 -0.00482346
195.02 -0.00472392
195.03 -0.00442683
195.04 -0.00394527
195.05 -0.00329798
195.06 -0.00250874
195.07 -0.00160554
195.08 -0.000619656
195.09 0.000416678
195.1 0.0014615
195.11 0.00247986
195.12 0.00343861
195.13 0.00430697
195.14 0.00505749
195.15 0.00566683
195.16 0.00611607
195.17 0.00637468
195.18 0.00645271
195.19 0.00635001
195.2 0.00607219
195.21 0.00563035
195.22 0.00504065
195.23 0.0043237
195.24 0.00350279
195.25 0.00260297
195.26 0.00166235
195.27 0.000711222
195.28 -0.000220377
195.29 -0.00110362
195.3 -0.00191178
195.31 -0.00262107
195.32 -0.00320774
195.33 -0.00364802
195.34 -0.00394101
195.35 -0.00408169
195.36 -0.00407006
195.37 -0.00391109
195.38 -0.00361442
195.39 -0.00319396
195.4 -0.00266413
195.41 -0.00204652
195.42 -0.00137111
195.43 -0.000662602
195.44 5.38487e-05
195.45 0.000753539
195.46 0.00141301
195.47 0.00201082
195.48 0.00252333
195.49 0.00293342
195.5 0.00323453
195.51 0.00342002
195.52 0.00348749
195.53 0.00343875
195.54 0.00327969
195.55 0.00301997
195.56 0.00266818
195.57 0.00224452
195.58 0.0017708
195.59 0.00126679
195.6 0.000752862
195.61 0.000249198
195.62 -0.000224891
195.63 -0.00065166
195.64 -0.0010099
195.65 -0.00128882
195.66 -0.00148131
195.67 -0.00158203
195.68 -0.0015893
195.69 -0.0015051
195.7 -0.00133492
195.71 -0.00108756
195.72 -0.000770339
195.73 -0.000403811
195.74 -5.36591e-06
195.75 0.000407481
195.76 0.000816783
195.77 0.00120484
195.78 0.00155487
195.79 0.0018516
195.8 0.00207433
195.81 0.00221843
195.82 0.00227735
195.83 0.00224765
195.84 0.00212933
195.85 0.00192583
195.86 0.00164388
195.87 0.0012928
195.88 0.000881992
195.89 0.000432816
195.9 -3.80178e-05
195.91 -0.000512913
195.92 -0.000974044
195.93 -0.00140402
195.94 -0.00178656
195.95 -0.0021055
195.96 -0.00234304
195.97 -0.00249557
195.98 -0.00255759
195.99 -0.00252706
196 -0.00240553
196.01 -0.00219817
196.02 -0.00191356
196.03 -0.00156182
196.04 -0.00115781
196.05 -0.000723215
196.06 -0.000276896
196.07 0.000161404
196.08 0.000571777
196.09 0.000934867
196.1 0.00123258
196.11 0.00144449
196.12 0.00155448
196.13 0.0015577
196.14 0.00144822
196.15 0.00122403
196.16 0.000887254
196.17 0.000444147
196.18 -9.50343e-05
196.19 -0.000719888
196.2 -0.00140935
196.21 -0.00213899
196.22 -0.00288592
196.23 -0.00362594
196.24 -0.00433428
196.25 -0.00498643
196.26 -0.00555896
196.27 -0.006022
196.28 -0.00635849
196.29 -0.00655706
196.3 -0.00660695
196.31 -0.0065018
196.32 -0.00623996
196.33 -0.0058246
196.34 -0.00526369
196.35 -0.00456058
196.36 -0.00374258
196.37 -0.00283411
196.38 -0.00185995
196.39 -0.00084721
196.4 0.000175421
196.41 0.00117859
196.42 0.00213316
196.43 0.00300158
196.44 0.0037623
196.45 0.00439367
196.46 0.00487705
196.47 0.00519814
196.48 0.00534746
196.49 0.00532062
196.5 0.00511802
196.51 0.00473098
196.52 0.00418923
196.53 0.00351003
196.54 0.00271482
196.55 0.00182857
196.56 0.000879012
196.57 -0.000104159
196.58 -0.00108977
196.59 -0.00204167
196.6 -0.00293046
196.61 -0.00372857
196.62 -0.00441128
196.63 -0.00495747
196.64 -0.00535029
196.65 -0.00557762
196.66 -0.0056278
196.67 -0.00549139
196.68 -0.00518632
196.69 -0.00472279
196.7 -0.00411584
196.71 -0.00338486
196.72 -0.00255295
196.73 -0.00164623
196.74 -0.000692392
196.75 0.000275513
196.76 0.00122499
196.77 0.00212701
196.78 0.00295426
196.79 0.00368199
196.8 0.00428875
196.81 0.00475704
196.82 0.00506566
196.83 0.00520604
196.84 0.00518402
196.85 0.00500277
196.86 0.00467038
196.87 0.00419955
196.88 0.00360711
196.89 0.00291346
196.9 0.00213863
196.91 0.0013132
196.92 0.00046675
196.93 -0.00037389
196.94 -0.00118268
196.95 -0.00193519
196.96 -0.00260938
196.97 -0.00318631
196.98 -0.00364147
196.99 -0.00396866
197 -0.00416545
197.01 -0.00423103
197.02 -0.00416921
197.03 -0.00398826
197.04 -0.00370052
197.05 -0.00332201
197.06 -0.00286743
197.07 -0.00236571
197.08 -0.00184106
197.09 -0.00131717
197.1 -0.000817412
197.11 -0.000363978
197.12 2.28966e-05
197.13 0.000325657
197.14 0.000519348
197.15 0.000602892
197.16 0.000571522
197.17 0.00042473
197.18 0.00016657
197.19 -0.000194446
197.2 -0.000645611
197.21 -0.00117091
197.22 -0.00175262
197.23 -0.00236137
197.24 -0.00297264
197.25 -0.0035611
197.26 -0.0041015
197.27 -0.0045695
197.28 -0.00494251
197.29 -0.00519768
197.3 -0.00530901
197.31 -0.00527416
197.32 -0.00508577
197.33 -0.00474131
197.34 -0.00424317
197.35 -0.00359866
197.36 -0.00281988
197.37 -0.00192017
197.38 -0.000919639
197.39 0.000149288
197.4 0.00125957
197.41 0.00238256
197.42 0.00348887
197.43 0.00454928
197.44 0.00553563
197.45 0.00641608
197.46 0.00716319
197.47 0.00776382
197.48 0.00820332
197.49 0.00847172
197.5 0.00856411
197.51 0.00848071
197.52 0.00822691
197.53 0.0078048
197.54 0.00723397
197.55 0.00654145
197.56 0.00575056
197.57 0.00488718
197.58 0.0039789
197.59 0.00305415
197.6 0.00214128
197.61 0.0012722
197.62 0.000473558
197.63 -0.000233983
197.64 -0.00083193
197.65 -0.00130591
197.66 -0.00164609
197.67 -0.00184744
197.68 -0.00190985
197.69 -0.00182802
197.7 -0.00162121
197.71 -0.00130681
197.72 -0.000903109
197.73 -0.00043131
197.74 8.52136e-05
197.75 0.000621768
197.76 0.00115321
197.77 0.00164988
197.78 0.00208917
197.79 0.00245086
197.8 0.00271756
197.81 0.00287561
197.82 0.00291561
197.83 0.0028327
197.84 0.00262638
197.85 0.00229122
197.86 0.00184968
197.87 0.0013165
197.88 0.000710131
197.89 5.21312e-05
197.9 -0.00063357
197.91 -0.00132151
197.92 -0.00198475
197.93 -0.00259121
197.94 -0.00311909
197.95 -0.00354652
197.96 -0.00385471
197.97 -0.00402871
197.98 -0.00405796
197.99 -0.00393672
198 -0.00366035
198.01 -0.00322783
198.02 -0.00266131
198.03 -0.00197656
198.04 -0.00119373
198.05 -0.000336689
198.06 0.000567685
198.07 0.00149037
198.08 0.00239935
198.09 0.00325936
198.1 0.00404204
198.11 0.00472009
198.12 0.00526912
198.13 0.00566857
198.14 0.00590235
198.15 0.0059595
198.16 0.00582524
198.17 0.00550103
198.18 0.00500362
198.19 0.00434626
198.2 0.00354751
198.21 0.00263069
198.22 0.00162314
198.23 0.000555465
198.24 -0.000538922
198.25 -0.00162092
198.26 -0.00265548
198.27 -0.00360964
198.28 -0.00445268
198.29 -0.00515715
198.3 -0.00569976
198.31 -0.00606213
198.32 -0.00621635
198.33 -0.00616537
198.34 -0.00591523
198.35 -0.00547326
198.36 -0.00485285
198.37 -0.00407314
198.38 -0.0031584
198.39 -0.00213731
198.4 -0.00103871
198.41 9.3573e-05
198.42 0.00122222
198.43 0.00231089
198.44 0.00332442
198.45 0.00422992
198.46 0.00499777
198.47 0.00560263
198.48 0.00600463
198.49 0.00620688
198.5 0.00620306
198.51 0.00599302
198.52 0.00558315
198.53 0.00498618
198.54 0.00422088
198.55 0.00331026
198.56 0.00227727
198.57 0.00116801
198.58 1.82986e-05
198.59 -0.00113476
198.6 -0.0022539
198.61 -0.00330286
198.62 -0.00424752
198.63 -0.00505341
198.64 -0.00568199
198.65 -0.00612413
198.66 -0.00636544
198.67 -0.00639788
198.68 -0.00621999
198.69 -0.00583691
198.7 -0.0052603
198.71 -0.00450281
198.72 -0.00358613
198.73 -0.00255111
198.74 -0.00143066
198.75 -0.000260311
198.76 0.00092284
198.77 0.00208127
198.78 0.00317821
198.79 0.00417281
198.8 0.00502808
198.81 0.00572275
198.82 0.0062349
198.83 0.00654824
198.84 0.00665255
198.85 0.00654401
198.86 0.00622524
198.87 0.0056945
198.88 0.00497237
198.89 0.00408936
198.9 0.00307192
198.91 0.00195028
198.92 0.000757568
198.93 -0.000471285
198.94 -0.00170057
198.95 -0.00289006
198.96 -0.0040035
198.97 -0.00501135
198.98 -0.00588641
198.99 -0.00660581
199 -0.00715165
199.01 -0.00751144
199.02 -0.00767842
199.03 -0.00763628
199.04 -0.00740321
199.05 -0.00699466
199.06 -0.00642721
199.07 -0.00572174
199.08 -0.00490273
199.09 -0.00399745
199.1 -0.00303504
199.11 -0.00204588
199.12 -0.00106491
199.13 -0.000121021
199.14 0.000759155
199.15 0.00155182
199.16 0.00223665
199.17 0.00279738
199.18 0.00322157
199.19 0.00348846
199.2 0.00361024
199.21 0.00359034
199.22 0.00343658
199.23 0.00316076
199.24 0.0027782
199.25 0.00230707
199.26 0.001767
199.27 0.00117913
199.28 0.000571465
199.29 -3.3788e-05
199.3 -0.000615472
199.31 -0.00115414
199.32 -0.00163264
199.33 -0.00203662
199.34 -0.00235228
199.35 -0.00256719
199.36 -0.00268454
199.37 -0.00270468
199.38 -0.00263138
199.39 -0.00247159
199.4 -0.00223502
199.41 -0.00193372
199.42 -0.00158017
199.43 -0.00119073
199.44 -0.000784155
199.45 -0.000376074
199.46 1.86201e-05
199.47 0.000386285
199.48 0.000715003
199.49 0.000994971
199.5 0.00121564
199.51 0.00137213
199.52 0.00146592
199.53 0.00149834
199.54 0.00147328
199.55 0.00139694
199.56 0.00127751
199.57 0.00112478
199.58 0.000949054
199.59 0.000764008
199.6 0.000582176
199.61 0.000414846
199.62 0.000272376
199.63 0.000163773
199.64 9.63228e-05
199.65 7.53014e-05
199.66 0.000107557
199.67 0.000190985
199.68 0.00032204
199.69 0.000496162
199.7 0.00070669
199.71 0.000945115
199.72 0.00120141
199.73 0.00146443
199.74 0.00172078
199.75 0.00195761
199.76 0.00216328
199.77 0.00232688
199.78 0.00243872
199.79 0.00249073
199.8 0.00247674
199.81 0.00239276
199.82 0.00223009
199.83 0.001997
199.84 0.0016974
199.85 0.00133734
199.86 0.000924967
199.87 0.000470237
199.88 -1.5411e-05
199.89 -0.00051948
199.9 -0.00102772
199.91 -0.00152522
199.92 -0.0019989
199.93 -0.00243645
199.94 -0.00282671
199.95 -0.00316007
199.96 -0.0034287
199.97 -0.0036252
199.98 -0.00374169
199.99 -0.00378309
200 -0.00375099
