0 0
0.01 -0.00118614
0.02 -0.00229886
0.03 -0.00327632
0.04 -0.00406456
0.05 -0.00462047
0.06 -0.00491426
0.07 -0.00490598
0.08 -0.0046167
0.09 -0.00407598
0.1 -0.00331921
0.11 -0.00239396
0.12 -0.00135718
0.13 -0.000273173
0.14 0.000782126
0.15 0.00174348
0.16 0.00255398
0.17 0.00316577
0.18 0.00354238
0.19 0.00365185
0.2 0.00346815
0.21 0.00302061
0.22 0.00232475
0.23 0.00140292
0.24 0.000280227
0.25 -0.00102004
0.26 -0.0024997
0.27 -0.00413677
0.28 -0.00594688
0.29 -0.00796525
0.3 -0.0102479
0.31 -0.0128712
0.32 -0.0159788
0.33 -0.019664
0.34 -0.024023
0.35 -0.0291556
0.36 -0.035139
0.37 -0.0420133
0.38 -0.0498148
0.39 -0.0584338
0.4 -0.0676257
0.41 -0.0770974
0.42 -0.0864456
0.43 -0.0951515
0.44 -0.102515
0.45 -0.107556
0.46 -0.109533
0.47 -0.107512
0.48 -0.10052
0.49 -0.0875766
0.5 -0.0677318
0.51 -0.0391221
0.52 -0.00192792
0.53 0.0443156
0.54 0.099818
0.55 0.164486
0.56 0.237884
0.57 0.319817
0.58 0.408343
0.59 0.501509
0.6 0.597193
0.61 0.692913
0.62 0.785875
0.63 0.872458
0.64 0.948933
0.65 1.01238
0.66 1.05957
0.67 1.08747
0.68 1.09334
0.69 1.07405
0.7 1.02619
0.71 0.951055
0.72 0.848522
0.73 0.719281
0.74 0.564888
0.75 0.387737
0.76 0.189331
0.77 -0.0233904
0.78 -0.245449
0.79 -0.471316
0.8 -0.695063
0.81 -0.910536
0.82 -1.10963
0.83 -1.28658
0.84 -1.43634
0.85 -1.55409
0.86 -1.63581
0.87 -1.6785
0.88 -1.67768
0.89 -1.63299
0.9 -1.54786
0.91 -1.42461
0.92 -1.2668
0.93 -1.07917
0.94 -0.866895
0.95 -0.636596
0.96 -0.39764
0.97 -0.157651
0.98 0.0757141
0.99 0.295039
1 0.493341
1.01 0.660679
1.02 0.79487
1.03 0.892302
1.04 0.95073
1.05 0.969354
1.06 0.948849
1.07 0.888199
1.08 0.793996
1.09 0.672254
1.1 0.528924
1.11 0.370665
1.12 0.204568
1.13 0.0382968
1.14 -0.120026
1.15 -0.264015
1.16 -0.388072
1.17 -0.487645
1.18 -0.559425
1.19 -0.600467
1.2 -0.608794
1.21 -0.588459
1.22 -0.542268
1.23 -0.474289
1.24 -0.389664
1.25 -0.294364
1.26 -0.195304
1.27 -0.100406
1.28 -0.0163274
1.29 0.0507489
1.3 0.0954098
1.31 0.113276
1.32 0.0982353
1.33 0.0506903
1.34 -0.0282568
1.35 -0.136758
1.36 -0.271457
1.37 -0.427617
1.38 -0.599831
1.39 -0.779896
1.4 -0.959313
1.41 -1.13019
1.42 -1.28475
1.43 -1.41571
1.44 -1.51534
1.45 -1.57579
1.46 -1.59621
1.47 -1.57463
1.48 -1.51082
1.49 -1.40632
1.5 -1.26428
1.51 -1.08668
1.52 -0.884516
1.53 -0.66559
1.54 -0.438469
1.55 -0.212146
1.56 0.0043393
1.57 0.199734
1.58 0.366518
1.59 0.498623
1.6 0.590892
1.61 0.639814
1.62 0.64368
1.63 0.599888
1.64 0.511477
1.65 0.385285
1.66 0.227169
1.67 0.0442826
1.68 -0.155236
1.69 -0.362547
1.7 -0.567288
1.71 -0.760159
1.72 -0.933041
1.73 -1.07881
1.74 -1.19165
1.75 -1.26708
1.76 -1.298
1.77 -1.28865
1.78 -1.24068
1.79 -1.15746
1.8 -1.04399
1.81 -0.906566
1.82 -0.75179
1.83 -0.589981
1.84 -0.429992
1.85 -0.280121
1.86 -0.148126
1.87 -0.0408832
1.88 0.0336413
1.89 0.0711212
1.9 0.0712083
1.91 0.0335752
1.92 -0.0403309
1.93 -0.147361
1.94 -0.28358
1.95 -0.443051
1.96 -0.616068
1.97 -0.794662
1.98 -0.970609
1.99 -1.13579
2 -1.28244
2.01 -1.40021
2.02 -1.48611
2.03 -1.53627
2.04 -1.54843
2.05 -1.52205
2.06 -1.45828
2.07 -1.35708
2.08 -1.22608
2.09 -1.07214
2.1 -0.902283
2.11 -0.72417
2.12 -0.545786
2.13 -0.376108
2.14 -0.22367
2.15 -0.0945397
2.16 0.00582368
2.17 0.0732913
2.18 0.105232
2.19 0.0993266
2.2 0.0547187
2.21 -0.022838
2.22 -0.1293
2.23 -0.259399
2.24 -0.406891
2.25 -0.564855
2.26 -0.725404
2.27 -0.880198
2.28 -1.02231
2.29 -1.14549
2.3 -1.24444
2.31 -1.31501
2.32 -1.35121
2.33 -1.35402
2.34 -1.32472
2.35 -1.2652
2.36 -1.17867
2.37 -1.06948
2.38 -0.942141
2.39 -0.803806
2.4 -0.66176
2.41 -0.522402
2.42 -0.39186
2.43 -0.275728
2.44 -0.179683
2.45 -0.109085
2.46 -0.0646231
2.47 -0.0474571
2.48 -0.057498
2.49 -0.0934455
2.5 -0.153004
2.51 -0.234425
2.52 -0.330687
2.53 -0.436898
2.54 -0.547901
2.55 -0.658521
2.56 -0.763808
2.57 -0.857925
2.58 -0.937459
2.59 -0.999916
2.6 -1.04353
2.61 -1.06759
2.62 -1.07241
2.63 -1.0583
2.64 -1.02825
2.65 -0.986475
2.66 -0.936794
2.67 -0.883381
2.68 -0.83055
2.69 -0.782858
2.7 -0.745104
2.71 -0.719998
2.72 -0.709944
2.73 -0.716429
2.74 -0.739916
2.75 -0.779888
2.76 -0.835851
2.77 -0.902886
2.78 -0.976982
2.79 -1.05333
2.8 -1.12648
2.81 -1.19058
2.82 -1.23749
2.83 -1.26168
2.84 -1.25794
2.85 -1.22132
2.86 -1.14767
2.87 -1.03386
2.88 -0.875041
2.89 -0.671294
2.9 -0.42599
2.91 -0.141631
2.92 0.17792
2.93 0.52752
2.94 0.901477
2.95 1.29207
2.96 1.68917
2.97 2.08401
2.98 2.46764
2.99 2.83109
3 3.16542
3.01 3.45767
3.02 3.70425
3.03 3.89919
3.04 4.03772
3.05 4.11648
3.06 4.13357
3.07 4.08263
3.08 3.96999
3.09 3.80016
3.1 3.57761
3.11 3.30806
3.12 2.99833
3.13 2.65443
3.14 2.28655
3.15 1.90511
3.16 1.51893
3.17 1.13664
3.18 0.766444
3.19 0.416905
3.2 0.0966636
3.21 -0.190735
3.22 -0.441229
3.23 -0.652066
3.24 -0.821838
3.25 -0.950157
3.26 -1.03441
3.27 -1.08202
3.28 -1.09684
3.29 -1.08357
3.3 -1.0476
3.31 -0.994816
3.32 -0.930887
3.33 -0.863476
3.34 -0.798637
3.35 -0.741736
3.36 -0.697491
3.37 -0.669822
3.38 -0.663233
3.39 -0.67951
3.4 -0.718277
3.41 -0.779166
3.42 -0.860837
3.43 -0.961057
3.44 -1.07728
3.45 -1.20581
3.46 -1.34122
3.47 -1.47914
3.48 -1.61513
3.49 -1.74492
3.5 -1.86441
3.51 -1.96829
3.52 -2.05505
3.53 -2.12263
3.54 -2.16971
3.55 -2.19576
3.56 -2.20096
3.57 -2.18438
3.58 -2.14938
3.59 -2.09858
3.6 -2.03449
3.61 -1.95993
3.62 -1.87778
3.63 -1.7908
3.64 -1.70224
3.65 -1.61474
3.66 -1.53045
3.67 -1.45108
3.68 -1.37799
3.69 -1.31243
3.7 -1.25531
3.71 -1.20616
3.72 -1.16485
3.73 -1.13108
3.74 -1.1044
3.75 -1.08438
3.76 -1.07111
3.77 -1.06347
3.78 -1.06112
3.79 -1.06382
3.8 -1.07139
3.81 -1.08366
3.82 -1.10081
3.83 -1.12203
3.84 -1.14656
3.85 -1.17338
3.86 -1.20101
3.87 -1.22748
3.88 -1.24975
3.89 -1.26417
3.9 -1.26705
3.91 -1.254
3.92 -1.22019
3.93 -1.16051
3.94 -1.06828
3.95 -0.936222
3.96 -0.76233
3.97 -0.542666
3.98 -0.274226
3.99 0.0448245
4 0.415439
4.01 0.841158
4.02 1.31295
4.03 1.82566
4.04 2.37234
4.05 2.94434
4.06 3.53146
4.07 4.12125
4.08 4.69929
4.09 5.25226
4.1 5.76676
4.11 6.22973
4.12 6.62892
4.13 6.94731
4.14 7.17612
4.15 7.3126
4.16 7.35267
4.17 7.29493
4.18 7.14081
4.19 6.89115
4.2 6.55109
4.21 6.1383
4.22 5.6653
4.23 5.14636
4.24 4.5971
4.25 4.03389
4.26 3.4756
4.27 2.93931
4.28 2.43976
4.29 1.99001
4.3 1.60097
4.31 1.28104
4.32 1.04365
4.33 0.884878
4.34 0.801902
4.35 0.790403
4.36 0.84333
4.37 0.951224
4.38 1.10478
4.39 1.28797
4.4 1.48467
4.41 1.68068
4.42 1.86217
4.43 2.01632
4.44 2.12973
4.45 2.19011
4.46 2.19429
4.47 2.13846
4.48 2.02151
4.49 1.84502
4.5 1.61257
4.51 1.32693
4.52 1.00303
4.53 0.651273
4.54 0.282996
4.55 -0.0900177
4.56 -0.456079
4.57 -0.8012
4.58 -1.11602
4.59 -1.39288
4.6 -1.62566
4.61 -1.81036
4.62 -1.94519
4.63 -2.02722
4.64 -2.06092
4.65 -2.05372
4.66 -2.01219
4.67 -1.94408
4.68 -1.85792
4.69 -1.76259
4.7 -1.66805
4.71 -1.5829
4.72 -1.5141
4.73 -1.4673
4.74 -1.44656
4.75 -1.45462
4.76 -1.49472
4.77 -1.5621
4.78 -1.65358
4.79 -1.76464
4.8 -1.88971
4.81 -2.02249
4.82 -2.15574
4.83 -2.28204
4.84 -2.39531
4.85 -2.49027
4.86 -2.56275
4.87 -2.60985
4.88 -2.62812
4.89 -2.61851
4.9 -2.58421
4.91 -2.5284
4.92 -2.45539
4.93 -2.37033
4.94 -2.27898
4.95 -2.18816
4.96 -2.10409
4.97 -2.03202
4.98 -1.97642
4.99 -1.94068
5 -1.92727
5.01 -1.93914
5.02 -1.97288
5.03 -2.02622
5.04 -2.09567
5.05 -2.17677
5.06 -2.26433
5.07 -2.35218
5.08 -2.43387
5.09 -2.50402
5.1 -2.55784
5.11 -2.59147
5.12 -2.60219
5.13 -2.5868
5.14 -2.5462
5.15 -2.48341
5.16 -2.40163
5.17 -2.30526
5.18 -2.19968
5.19 -2.09111
5.2 -1.98707
5.21 -1.89413
5.22 -1.81825
5.23 -1.76461
5.24 -1.73732
5.25 -1.73958
5.26 -1.77548
5.27 -1.841
5.28 -1.9337
5.29 -2.04956
5.3 -2.18324
5.31 -2.32821
5.32 -2.47676
5.33 -2.61986
5.34 -2.7497
5.35 -2.85897
5.36 -2.94123
5.37 -2.99124
5.38 -3.00242
5.39 -2.97381
5.4 -2.90756
5.41 -2.80606
5.42 -2.67352
5.43 -2.51586
5.44 -2.34004
5.45 -2.15551
5.46 -1.97273
5.47 -1.80094
5.48 -1.64895
5.49 -1.52467
5.5 -1.43522
5.51 -1.38938
5.52 -1.38537
5.53 -1.42281
5.54 -1.49882
5.55 -1.60797
5.56 -1.74245
5.57 -1.8926
5.58 -2.04358
5.59 -2.18158
5.6 -2.29226
5.61 -2.36112
5.62 -2.37405
5.63 -2.31186
5.64 -2.16371
5.65 -1.92416
5.66 -1.58721
5.67 -1.14981
5.68 -0.612178
5.69 0.0261782
5.7 0.759746
5.71 1.57035
5.72 2.44439
5.73 3.36586
5.74 4.31692
5.75 5.2782
5.76 6.22633
5.77 7.14073
5.78 8.00221
5.79 8.79293
5.8 9.49684
5.81 10.1002
5.82 10.5791
5.83 10.9352
5.84 11.166
5.85 11.2702
5.86 11.2497
5.87 11.1091
5.88 10.8477
5.89 10.4798
5.9 10.0221
5.91 9.48711
5.92 8.88833
5.93 8.23939
5.94 7.5528
5.95 6.84272
5.96 6.12363
5.97 5.40625
5.98 4.69996
5.99 4.01271
6 3.35145
6.01 2.72446
6.02 2.13222
6.03 1.57689
6.04 1.0596
6.05 0.580678
6.06 0.139848
6.07 -0.259754
6.08 -0.622681
6.09 -0.950613
6.1 -1.24467
6.11 -1.50589
6.12 -1.73522
6.13 -1.93122
6.14 -2.09577
6.15 -2.2311
6.16 -2.33817
6.17 -2.41813
6.18 -2.47244
6.19 -2.50188
6.2 -2.50844
6.21 -2.49665
6.22 -2.46966
6.23 -2.43098
6.24 -2.38441
6.25 -2.3339
6.26 -2.2839
6.27 -2.23849
6.28 -2.20103
6.29 -2.17437
6.3 -2.16065
6.31 -2.1612
6.32 -2.17794
6.33 -2.20864
6.34 -2.25121
6.35 -2.30279
6.36 -2.35964
6.37 -2.41729
6.38 -2.4699
6.39 -2.51141
6.4 -2.53652
6.41 -2.53994
6.42 -2.51682
6.43 -2.46304
6.44 -2.37375
6.45 -2.24576
6.46 -2.08125
6.47 -1.88119
6.48 -1.64799
6.49 -1.3854
6.5 -1.09815
6.51 -0.791711
6.52 -0.475779
6.53 -0.158203
6.54 0.152874
6.55 0.449305
6.56 0.72324
6.57 0.963511
6.58 1.16603
6.59 1.32625
6.6 1.44053
6.61 1.50667
6.62 1.52397
6.63 1.48967
6.64 1.4082
6.65 1.28551
6.66 1.12659
6.67 0.937245
6.68 0.723899
6.69 0.492836
6.7 0.251607
6.71 0.00789079
6.72 -0.232349
6.73 -0.463882
6.74 -0.682375
6.75 -0.884184
6.76 -1.0653
6.77 -1.22664
6.78 -1.36836
6.79 -1.49155
6.8 -1.59803
6.81 -1.69023
6.82 -1.76999
6.83 -1.84168
6.84 -1.90825
6.85 -1.97216
6.86 -2.03537
6.87 -2.09916
6.88 -2.16408
6.89 -2.22953
6.9 -2.294
6.91 -2.35518
6.92 -2.41004
6.93 -2.45492
6.94 -2.48481
6.95 -2.49416
6.96 -2.47964
6.97 -2.43703
6.98 -2.36252
6.99 -2.25293
7 -2.10512
7.01 -1.91415
7.02 -1.68376
7.03 -1.4148
7.04 -1.10921
7.05 -0.769984
7.06 -0.401048
7.07 -0.00508036
7.08 0.40932
7.09 0.835724
7.1 1.26771
7.11 1.69876
7.12 2.12244
7.13 2.53104
7.14 2.91857
7.15 3.28063
7.16 3.61289
7.17 3.91176
7.18 4.17443
7.19 4.39698
7.2 4.57711
7.21 4.71728
7.22 4.81773
7.23 4.87925
7.24 4.90305
7.25 4.89002
7.26 4.83928
7.27 4.75647
7.28 4.64356
7.29 4.50257
7.3 4.33545
7.31 4.14413
7.32 3.92822
7.33 3.69196
7.34 3.43745
7.35 3.16657
7.36 2.88129
7.37 2.58371
7.38 2.27547
7.39 1.95972
7.4 1.63952
7.41 1.31766
7.42 0.997077
7.43 0.680793
7.44 0.372361
7.45 0.0754353
7.46 -0.207767
7.47 -0.474724
7.48 -0.723263
7.49 -0.951646
7.5 -1.15822
7.51 -1.34046
7.52 -1.5007
7.53 -1.63965
7.54 -1.75863
7.55 -1.8595
7.56 -1.94461
7.57 -2.01559
7.58 -2.0771
7.59 -2.13246
7.6 -2.18481
7.61 -2.23712
7.62 -2.29208
7.63 -2.35246
7.64 -2.41991
7.65 -2.49512
7.66 -2.5783
7.67 -2.66894
7.68 -2.76585
7.69 -2.86729
7.7 -2.97043
7.71 -3.07197
7.72 -3.16862
7.73 -3.25692
7.74 -3.33343
7.75 -3.3945
7.76 -3.43537
7.77 -3.45529
7.78 -3.45255
7.79 -3.42617
7.8 -3.37592
7.81 -3.30239
7.82 -3.20479
7.83 -3.08783
7.84 -2.95473
7.85 -2.80902
7.86 -2.6546
7.87 -2.49561
7.88 -2.33658
7.89 -2.1821
7.9 -2.03582
7.91 -1.90089
7.92 -1.7798
7.93 -1.67429
7.94 -1.58608
7.95 -1.51533
7.96 -1.4597
7.97 -1.41714
7.98 -1.3848
7.99 -1.35914
8 -1.33603
8.01 -1.3102
8.02 -1.27671
8.03 -1.23088
8.04 -1.1682
8.05 -1.08458
8.06 -0.976505
8.07 -0.837897
8.08 -0.669566
8.09 -0.471054
8.1 -0.242654
8.11 0.0143086
8.12 0.297492
8.13 0.6051
8.14 0.931273
8.15 1.26996
8.16 1.61544
8.17 1.96153
8.18 2.30181
8.19 2.62879
8.2 2.93472
8.21 3.21449
8.22 3.46247
8.23 3.67365
8.24 3.84367
8.25 3.96799
8.26 4.03993
8.27 4.06247
8.28 4.03496
8.29 3.95766
8.3 3.83166
8.31 3.65886
8.32 3.43729
8.33 3.17526
8.34 2.87715
8.35 2.54738
8.36 2.19072
8.37 1.81217
8.38 1.41596
8.39 1.00876
8.4 0.596356
8.41 0.18382
8.42 -0.223977
8.43 -0.622415
8.44 -1.00624
8.45 -1.37063
8.46 -1.71313
8.47 -2.03072
8.48 -2.32087
8.49 -2.58154
8.5 -2.81048
8.51 -3.00416
8.52 -3.16535
8.53 -3.29428
8.54 -3.39168
8.55 -3.45878
8.56 -3.49726
8.57 -3.50655
8.58 -3.49225
8.59 -3.45746
8.6 -3.40532
8.61 -3.33909
8.62 -3.2621
8.63 -3.17733
8.64 -3.08869
8.65 -2.99939
8.66 -2.91205
8.67 -2.82892
8.68 -2.75183
8.69 -2.68259
8.7 -2.62224
8.71 -2.5705
8.72 -2.52714
8.73 -2.49148
8.74 -2.46248
8.75 -2.4389
8.76 -2.41927
8.77 -2.40146
8.78 -2.38389
8.79 -2.36511
8.8 -2.34395
8.81 -2.31961
8.82 -2.2913
8.83 -2.25962
8.84 -2.22539
8.85 -2.18991
8.86 -2.15498
8.87 -2.12282
8.88 -2.09667
8.89 -2.07942
8.9 -2.07368
8.91 -2.08206
8.92 -2.10687
8.93 -2.14986
8.94 -2.21314
8.95 -2.29704
8.96 -2.3991
8.97 -2.517
8.98 -2.64721
8.99 -2.78495
9 -2.9241
9.01 -3.056
9.02 -3.17228
9.03 -3.26382
9.04 -3.32104
9.05 -3.33416
9.06 -3.2935
9.07 -3.1817
9.08 -2.99648
9.09 -2.73147
9.1 -2.38146
9.11 -1.94313
9.12 -1.41529
9.13 -0.792007
9.14 -0.0819917
9.15 0.704574
9.16 1.55831
9.17 2.46751
9.18 3.41829
9.19 4.39535
9.2 5.37871
9.21 6.34829
9.22 7.28515
9.23 8.1704
9.24 8.98572
9.25 9.71144
9.26 10.3225
9.27 10.8149
9.28 11.1783
9.29 11.4054
9.3 11.4919
9.31 11.4368
9.32 11.227
9.33 10.8844
9.34 10.4193
9.35 9.84388
9.36 9.17253
9.37 8.42164
9.38 7.60534
9.39 6.74776
9.4 5.8699
9.41 4.99018
9.42 4.12601
9.43 3.29337
9.44 2.50949
9.45 1.78837
9.46 1.13537
9.47 0.5563
9.48 0.0542055
9.49 -0.370577
9.5 -0.718581
9.51 -0.990161
9.52 -1.19964
9.53 -1.35563
9.54 -1.46782
9.55 -1.5465
9.56 -1.60214
9.57 -1.64452
9.58 -1.68526
9.59 -1.73241
9.6 -1.79247
9.61 -1.87027
9.62 -1.96882
9.63 -2.09106
9.64 -2.23482
9.65 -2.39647
9.66 -2.57174
9.67 -2.7552
9.68 -2.9406
9.69 -3.12051
9.7 -3.28685
9.71 -3.4335
9.72 -3.55462
9.73 -3.64529
9.74 -3.70179
9.75 -3.72079
9.76 -3.69874
9.77 -3.64012
9.78 -3.54721
9.79 -3.42353
9.8 -3.27355
9.81 -3.10252
9.82 -2.91498
9.83 -2.71893
9.84 -2.51983
9.85 -2.32238
9.86 -2.13031
9.87 -1.94617
9.88 -1.77186
9.89 -1.60621
9.9 -1.44651
9.91 -1.28891
9.92 -1.1282
9.93 -0.958011
9.94 -0.769767
9.95 -0.554249
9.96 -0.304815
9.97 -0.0140551
9.98 0.32463
9.99 0.716635
10 1.1673
10.01 1.68268
10.02 2.2564
10.03 2.88528
10.04 3.56372
10.05 4.28378
10.06 5.0353
10.07 5.80669
10.08 6.58024
10.09 7.34033
10.1 8.07071
10.11 8.75488
10.12 9.37658
10.13 9.91232
10.14 10.3504
10.15 10.6817
10.16 10.8967
10.17 10.9883
10.18 10.9523
10.19 10.7805
10.2 10.4742
10.21 10.0474
10.22 9.50849
10.23 8.86828
10.24 8.1398
10.25 7.33636
10.26 6.4725
10.27 5.57205
10.28 4.65235
10.29 3.7305
10.3 2.82283
10.31 1.94459
10.32 1.11596
10.33 0.34475
10.34 -0.359968
10.35 -0.991149
10.36 -1.54403
10.37 -2.01608
10.38 -2.40006
10.39 -2.70248
10.4 -2.93006
10.41 -3.08823
10.42 -3.18356
10.43 -3.22353
10.44 -3.21401
10.45 -3.16435
10.46 -3.08578
10.47 -2.98622
10.48 -2.87306
10.49 -2.753
10.5 -2.63202
10.51 -2.51592
10.52 -2.40845
10.53 -2.31245
10.54 -2.2299
10.55 -2.16196
10.56 -2.10912
10.57 -2.07298
10.58 -2.05113
10.59 -2.04255
10.6 -2.04607
10.61 -2.06046
10.62 -2.08448
10.63 -2.11761
10.64 -2.15827
10.65 -2.20535
10.66 -2.25821
10.67 -2.31637
10.68 -2.37949
10.69 -2.44761
10.7 -2.5206
10.71 -2.59801
10.72 -2.67968
10.73 -2.76537
10.74 -2.85471
10.75 -2.94727
10.76 -3.0424
10.77 -3.13893
10.78 -3.23576
10.79 -3.33164
10.8 -3.42516
10.81 -3.51481
10.82 -3.59809
10.83 -3.67381
10.84 -3.7403
10.85 -3.79591
10.86 -3.83905
10.87 -3.86828
10.88 -3.88083
10.89 -3.87629
10.9 -3.85434
10.91 -3.81433
10.92 -3.75592
10.93 -3.67901
10.94 -3.58275
10.95 -3.46765
10.96 -3.33571
10.97 -3.18805
10.98 -3.02607
10.99 -2.85143
11 -2.66578
11.01 -2.47101
11.02 -2.27042
11.03 -2.06652
11.04 -1.8619
11.05 -1.65924
11.06 -1.46119
11.07 -1.27154
11.08 -1.09221
11.09 -0.925481
11.1 -0.773476
11.11 -0.638028
11.12 -0.520667
11.13 -0.424368
11.14 -0.348883
11.15 -0.2939
11.16 -0.259348
11.17 -0.24478
11.18 -0.249401
11.19 -0.273081
11.2 -0.314246
11.21 -0.37015
11.22 -0.439035
11.23 -0.519085
11.24 -0.60849
11.25 -0.705677
11.26 -0.809214
11.27 -0.917041
11.28 -1.02799
11.29 -1.14112
11.3 -1.25573
11.31 -1.37131
11.32 -1.48762
11.33 -1.6044
11.34 -1.72156
11.35 -1.839
11.36 -1.95651
11.37 -2.07375
11.38 -2.18995
11.39 -2.30411
11.4 -2.41489
11.41 -2.52057
11.42 -2.61901
11.43 -2.70769
11.44 -2.78279
11.45 -2.8406
11.46 -2.87852
11.47 -2.89308
11.48 -2.8809
11.49 -2.83874
11.5 -2.76267
11.51 -2.64779
11.52 -2.49553
11.53 -2.30499
11.54 -2.07612
11.55 -1.80978
11.56 -1.50778
11.57 -1.16938
11.58 -0.802805
11.59 -0.41296
11.6 -0.00550204
11.61 0.413241
11.62 0.83642
11.63 1.25588
11.64 1.66344
11.65 2.05184
11.66 2.41398
11.67 2.74314
11.68 3.03321
11.69 3.27583
11.7 3.46584
11.71 3.60272
11.72 3.68423
11.73 3.7092
11.74 3.67753
11.75 3.5886
11.76 3.4415
11.77 3.24448
11.78 3.00151
11.79 2.71731
11.8 2.39714
11.81 2.04678
11.82 1.67018
11.83 1.27718
11.84 0.874231
11.85 0.467689
11.86 0.0637827
11.87 -0.33151
11.88 -0.710752
11.89 -1.069
11.9 -1.40209
11.91 -1.70598
11.92 -1.97724
11.93 -2.21309
11.94 -2.40911
11.95 -2.56391
11.96 -2.67946
11.97 -2.75625
11.98 -2.79557
11.99 -2.79952
12 -2.77011
12.01 -2.70985
12.02 -2.62612
12.03 -2.52399
12.04 -2.40899
12.05 -2.28696
12.06 -2.16393
12.07 -2.04724
12.08 -1.94255
12.09 -1.85514
12.1 -1.78958
12.11 -1.74959
12.12 -1.73781
12.13 -1.7584
12.14 -1.80931
12.15 -1.88782
12.16 -1.99056
12.17 -2.11264
12.18 -2.24772
12.19 -2.38789
12.2 -2.52275
12.21 -2.6421
12.22 -2.73547
12.23 -2.79218
12.24 -2.8017
12.25 -2.75193
12.26 -2.62881
12.27 -2.43029
12.28 -2.15076
12.29 -1.78663
12.3 -1.33658
12.31 -0.801622
12.32 -0.176505
12.33 0.521701
12.34 1.28362
12.35 2.09761
12.36 2.95003
12.37 3.82554
12.38 4.70646
12.39 5.57266
12.4 6.40618
12.41 7.18952
12.42 7.90595
12.43 8.54002
12.44 9.07128
12.45 9.48693
12.46 9.78435
12.47 9.95787
12.48 10.0047
12.49 9.92492
12.5 9.71784
12.51 9.3836
12.52 8.94212
12.53 8.40448
12.54 7.7835
12.55 7.09332
12.56 6.34896
12.57 5.56324
12.58 4.75764
12.59 3.94698
12.6 3.14509
12.61 2.36454
12.62 1.6163
12.63 0.914131
12.64 0.263185
12.65 -0.333002
12.66 -0.871623
12.67 -1.35171
12.68 -1.77398
12.69 -2.13737
12.7 -2.44624
12.71 -2.7084
12.72 -2.92898
12.73 -3.1134
12.74 -3.26703
12.75 -3.39431
12.76 -3.4992
12.77 -3.58753
12.78 -3.66205
12.79 -3.72452
12.8 -3.77566
12.81 -3.81516
12.82 -3.83996
12.83 -3.84908
12.84 -3.83942
12.85 -3.80732
12.86 -3.74877
12.87 -3.65957
12.88 -3.5319
12.89 -3.3637
12.9 -3.15258
12.91 -2.8958
12.92 -2.59143
12.93 -2.23847
12.94 -1.83396
12.95 -1.37965
12.96 -0.880983
12.97 -0.341746
12.98 0.23314
12.99 0.837668
13 1.4653
13.01 2.10769
13.02 2.75414
13.03 3.39524
13.04 4.02122
13.05 4.62215
13.06 5.18798
13.07 5.70277
13.08 6.16186
13.09 6.55698
13.1 6.88079
13.11 7.12707
13.12 7.29092
13.13 7.3606
13.14 7.34007
13.15 7.23188
13.16 7.03796
13.17 6.76189
13.18 6.40887
13.19 5.98165
13.2 5.49027
13.21 4.94821
13.22 4.36586
13.23 3.75421
13.24 3.12457
13.25 2.48843
13.26 1.85851
13.27 1.24539
13.28 0.658305
13.29 0.105251
13.3 -0.407167
13.31 -0.873729
13.32 -1.28528
13.33 -1.64613
13.34 -1.95679
13.35 -2.21932
13.36 -2.43719
13.37 -2.61506
13.38 -2.75588
13.39 -2.86905
13.4 -2.96206
13.41 -3.04136
13.42 -3.11299
13.43 -3.18225
13.44 -3.25377
13.45 -3.33087
13.46 -3.41467
13.47 -3.50493
13.48 -3.59986
13.49 -3.69625
13.5 -3.7892
13.51 -3.87159
13.52 -3.93695
13.53 -3.97797
13.54 -3.98719
13.55 -3.95734
13.56 -3.88148
13.57 -3.74741
13.58 -3.55644
13.59 -3.30593
13.6 -2.99501
13.61 -2.62468
13.62 -2.19791
13.63 -1.71532
13.64 -1.18838
13.65 -0.627263
13.66 -0.0421644
13.67 0.555656
13.68 1.15423
13.69 1.73964
13.7 2.29788
13.71 2.81808
13.72 3.28952
13.73 3.70269
13.74 4.0496
13.75 4.32127
13.76 4.50904
13.77 4.61738
13.78 4.64639
13.79 4.59808
13.8 4.47619
13.81 4.28574
13.82 4.02748
13.83 3.71716
13.84 3.36341
13.85 2.97523
13.86 2.56168
13.87 2.13162
13.88 1.69347
13.89 1.25631
13.9 0.82696
13.91 0.411052
13.92 0.0131748
13.93 -0.363154
13.94 -0.713767
13.95 -1.03733
13.96 -1.33479
13.97 -1.60643
13.98 -1.85311
13.99 -2.07608
14 -2.27613
14.01 -2.45412
14.02 -2.61353
14.03 -2.75585
14.04 -2.88234
14.05 -2.99404
14.06 -3.09162
14.07 -3.1741
14.08 -3.24327
14.09 -3.29911
14.1 -3.34147
14.11 -3.37015
14.12 -3.38491
14.13 -3.38425
14.14 -3.36913
14.15 -3.34009
14.16 -3.29748
14.17 -3.24191
14.18 -3.17418
14.19 -3.09467
14.2 -3.00499
14.21 -2.90717
14.22 -2.80281
14.23 -2.69359
14.24 -2.58126
14.25 -2.46761
14.26 -2.35468
14.27 -2.24432
14.28 -2.13821
14.29 -2.03798
14.3 -1.94521
14.31 -1.86147
14.32 -1.78945
14.33 -1.72941
14.34 -1.68255
14.35 -1.64996
14.36 -1.63258
14.37 -1.63119
14.38 -1.64798
14.39 -1.68203
14.4 -1.73287
14.41 -1.80003
14.42 -1.88268
14.43 -1.97955
14.44 -2.08959
14.45 -2.21004
14.46 -2.33749
14.47 -2.46878
14.48 -2.60044
14.49 -2.72873
14.5 -2.84935
14.51 -2.95732
14.52 -3.0496
14.53 -3.12277
14.54 -3.17387
14.55 -3.20049
14.56 -3.20079
14.57 -3.17096
14.58 -3.1143
14.59 -3.03194
14.6 -2.92594
14.61 -2.79917
14.62 -2.65521
14.63 -2.49743
14.64 -2.33197
14.65 -2.16391
14.66 -1.99795
14.67 -1.83845
14.68 -1.68921
14.69 -1.55429
14.7 -1.4357
14.71 -1.33329
14.72 -1.24643
14.73 -1.17323
14.74 -1.11055
14.75 -1.05418
14.76 -0.99803
14.77 -0.93549
14.78 -0.859981
14.79 -0.764827
14.8 -0.643583
14.81 -0.490087
14.82 -0.294952
14.83 -0.0585746
14.84 0.220878
14.85 0.543503
14.86 0.907541
14.87 1.30932
14.88 1.74575
14.89 2.2059
14.9 2.67978
14.91 3.15693
14.92 3.62606
14.93 4.07538
14.94 4.49011
14.95 4.85773
14.96 5.16975
14.97 5.41724
14.98 5.59296
14.99 5.6916
15 5.70689
15.01 5.63446
15.02 5.48298
15.03 5.25654
15.04 4.96119
15.05 4.60463
15.06 4.19556
15.07 3.7409
15.08 3.25695
15.09 2.75432
15.1 2.24319
15.11 1.733
15.12 1.23206
15.13 0.749529
15.14 0.289989
15.15 -0.143482
15.16 -0.548956
15.17 -0.925906
15.18 -1.27499
15.19 -1.59613
15.2 -1.89228
15.21 -2.16712
15.22 -2.42271
15.23 -2.66041
15.24 -2.88063
15.25 -3.08171
15.26 -3.25989
15.27 -3.41238
15.28 -3.53332
15.29 -3.61544
15.3 -3.65024
15.31 -3.62778
15.32 -3.53006
15.33 -3.35394
15.34 -3.09031
15.35 -2.73131
15.36 -2.27075
15.37 -1.70468
15.38 -1.02125
15.39 -0.23133
15.4 0.656991
15.41 1.63456
15.42 2.68894
15.43 3.80458
15.44 4.96463
15.45 6.14416
15.46 7.3182
15.47 8.46288
15.48 9.55407
15.49 10.5681
15.5 11.4778
15.51 12.2548
15.52 12.8907
15.53 13.3717
15.54 13.6878
15.55 13.8331
15.56 13.8042
15.57 13.5873
15.58 13.2095
15.59 12.6823
15.6 12.0207
15.61 11.2424
15.62 10.3673
15.63 9.41173
15.64 8.40645
15.65 7.37527
15.66 6.33967
15.67 5.31971
15.68 4.33356
15.69 3.40142
15.7 2.53683
15.71 1.74636
15.72 1.03617
15.73 0.409438
15.74 -0.13353
15.75 -0.591928
15.76 -0.968124
15.77 -1.27554
15.78 -1.52234
15.79 -1.7175
15.8 -1.8704
15.81 -1.99015
15.82 -2.08428
15.83 -2.16411
15.84 -2.23645
15.85 -2.30685
15.86 -2.37952
15.87 -2.45732
15.88 -2.54251
15.89 -2.63471
15.9 -2.73284
15.91 -2.83519
15.92 -2.93947
15.93 -3.0431
15.94 -3.14297
15.95 -3.23626
15.96 -3.32099
15.97 -3.3955
15.98 -3.45869
15.99 -3.51007
16 -3.54936
16.01 -3.57705
16.02 -3.59548
16.03 -3.60646
16.04 -3.6121
16.05 -3.61464
16.06 -3.61641
16.07 -3.62001
16.08 -3.62741
16.09 -3.64026
16.1 -3.65983
16.11 -3.687
16.12 -3.72225
16.13 -3.76647
16.14 -3.8186
16.15 -3.87783
16.16 -3.94325
16.17 -4.01379
16.18 -4.08826
16.19 -4.16553
16.2 -4.24412
16.21 -4.32267
16.22 -4.40003
16.23 -4.47507
16.24 -4.5467
16.25 -4.61359
16.26 -4.67427
16.27 -4.72791
16.28 -4.77325
16.29 -4.80891
16.3 -4.83339
16.31 -4.84493
16.32 -4.84019
16.33 -4.81889
16.34 -4.77937
16.35 -4.72008
16.36 -4.63971
16.37 -4.53726
16.38 -4.40985
16.39 -4.25945
16.4 -4.08721
16.41 -3.89457
16.42 -3.68367
16.43 -3.45735
16.44 -3.21861
16.45 -2.97257
16.46 -2.72457
16.47 -2.47973
16.48 -2.24334
16.49 -2.02068
16.5 -1.81785
16.51 -1.64101
16.52 -1.49254
16.53 -1.37554
16.54 -1.29222
16.55 -1.24375
16.56 -1.23065
16.57 -1.25499
16.58 -1.31065
16.59 -1.39441
16.6 -1.50228
16.61 -1.62967
16.62 -1.77159
16.63 -1.92333
16.64 -2.07848
16.65 -2.23224
16.66 -2.3805
16.67 -2.51993
16.68 -2.64804
16.69 -2.76233
16.7 -2.86268
16.71 -2.9504
16.72 -3.02704
16.73 -3.09482
16.74 -3.15645
16.75 -3.21494
16.76 -3.27366
16.77 -3.33542
16.78 -3.40217
16.79 -3.47504
16.8 -3.55404
16.81 -3.63799
16.82 -3.72405
16.83 -3.80736
16.84 -3.88222
16.85 -3.94172
16.86 -3.97792
16.87 -3.98209
16.88 -3.93981
16.89 -3.84436
16.9 -3.68767
16.91 -3.46173
16.92 -3.15975
16.93 -2.77651
16.94 -2.30237
16.95 -1.73865
16.96 -1.09134
16.97 -0.364901
16.98 0.433668
16.99 1.29494
17 2.20879
17.01 3.16046
17.02 4.13033
17.03 5.10143
17.04 6.05611
17.05 6.97647
17.06 7.84397
17.07 8.63325
17.08 9.33513
17.09 9.93622
17.1 10.4253
17.11 10.7934
17.12 11.0345
17.13 11.1311
17.14 11.0943
17.15 10.9292
17.16 10.6408
17.17 10.2366
17.18 9.72602
17.19 9.11422
17.2 8.41826
17.21 7.65623
17.22 6.84232
17.23 5.99085
17.24 5.11599
17.25 4.23163
17.26 3.35267
17.27 2.4915
17.28 1.65887
17.29 0.864359
17.3 0.116385
17.31 -0.576971
17.32 -1.20336
17.33 -1.76394
17.34 -2.25493
17.35 -2.67337
17.36 -3.01708
17.37 -3.28458
17.38 -3.46688
17.39 -3.57062
17.4 -3.59749
17.41 -3.54849
17.42 -3.42521
17.43 -3.22988
17.44 -2.96054
17.45 -2.62352
17.46 -2.22676
17.47 -1.77589
17.48 -1.27744
17.49 -0.738884
17.5 -0.16758
17.51 0.426517
17.52 1.03099
17.53 1.63519
17.54 2.22808
17.55 2.79847
17.56 3.33455
17.57 3.82005
17.58 4.24877
17.59 4.61156
17.6 4.90044
17.61 5.1088
17.62 5.2316
17.63 5.25594
17.64 5.18856
17.65 5.0318
17.66 4.78849
17.67 4.4633
17.68 4.06262
17.69 3.59001
17.7 3.05833
17.71 2.48129
17.72 1.87031
17.73 1.23731
17.74 0.594345
17.75 -0.0459609
17.76 -0.669984
17.77 -1.26736
17.78 -1.82835
17.79 -2.34436
17.8 -2.80804
17.81 -3.21245
17.82 -3.54689
17.83 -3.81492
17.84 -4.01518
17.85 -4.14759
17.86 -4.21328
17.87 -4.2144
17.88 -4.14794
17.89 -4.02389
17.9 -3.84776
17.91 -3.62452
17.92 -3.3594
17.93 -3.05777
17.94 -2.7231
17.95 -2.36245
17.96 -1.98236
17.97 -1.58787
17.98 -1.18382
17.99 -0.774901
18 -0.365836
18.01 0.0382076
18.02 0.432982
18.03 0.814262
18.04 1.17786
18.05 1.5196
18.06 1.83484
18.07 2.11625
18.08 2.36261
18.09 2.57003
18.1 2.73481
18.11 2.85352
18.12 2.92313
18.13 2.93533
18.14 2.89284
18.15 2.79533
18.16 2.64251
18.17 2.43502
18.18 2.17442
18.19 1.85966
18.2 1.49663
18.21 1.09241
18.22 0.652759
18.23 0.184311
18.24 -0.305555
18.25 -0.809042
18.26 -1.31649
18.27 -1.81819
18.28 -2.30528
18.29 -2.76904
18.3 -3.20111
18.31 -3.59282
18.32 -3.93207
18.33 -4.21713
18.34 -4.44301
18.35 -4.60584
18.36 -4.70296
18.37 -4.73297
18.38 -4.68859
18.39 -4.57759
18.4 -4.4035
18.41 -4.16999
18.42 -3.88172
18.43 -3.5442
18.44 -3.16085
18.45 -2.74093
18.46 -2.29356
18.47 -1.82624
18.48 -1.34653
18.49 -0.861946
18.5 -0.380305
18.51 0.0900411
18.52 0.54277
18.53 0.971722
18.54 1.37123
18.55 1.73615
18.56 2.06114
18.57 2.33795
18.58 2.56746
18.59 2.74694
18.6 2.87427
18.61 2.94792
18.62 2.96696
18.63 2.92523
18.64 2.82852
18.65 2.67884
18.66 2.47826
18.67 2.22962
18.68 1.9366
18.69 1.60107
18.7 1.23077
18.71 0.833923
18.72 0.417933
18.73 -0.00901101
18.74 -0.438003
18.75 -0.858661
18.76 -1.25899
18.77 -1.62935
18.78 -1.95941
18.79 -2.23905
18.8 -2.4586
18.81 -2.60775
18.82 -2.67105
18.83 -2.64955
18.84 -2.53851
18.85 -2.335
18.86 -2.03803
18.87 -1.64869
18.88 -1.16118
18.89 -0.590611
18.9 0.0536618
18.91 0.761341
18.92 1.52028
18.93 2.3167
18.94 3.13595
18.95 3.95871
18.96 4.7673
18.97 5.54478
18.98 6.27455
18.99 6.9407
19 7.524
19.01 8.00723
19.02 8.38545
19.03 8.65004
19.04 8.79484
19.05 8.8162
19.06 8.71092
19.07 8.47088
19.08 8.11389
19.09 7.64734
19.1 7.08086
19.11 6.42595
19.12 5.69579
19.13 4.89986
19.14 4.06123
19.15 3.19659
19.16 2.322
19.17 1.45319
19.18 0.605308
19.19 -0.203591
19.2 -0.960239
19.21 -1.65504
19.22 -2.27847
19.23 -2.82275
19.24 -3.28188
19.25 -3.6472
19.26 -3.91417
19.27 -4.08916
19.28 -4.17368
19.29 -4.17074
19.3 -4.08472
19.31 -3.91989
19.32 -3.67804
19.33 -3.37475
19.34 -3.0185
19.35 -2.61828
19.36 -2.18347
19.37 -1.72366
19.38 -1.24791
19.39 -0.768347
19.4 -0.294474
19.41 0.164722
19.42 0.600731
19.43 1.00564
19.44 1.36865
19.45 1.68415
19.46 1.94857
19.47 2.15778
19.48 2.30876
19.49 2.39965
19.5 2.42681
19.51 2.38982
19.52 2.29518
19.53 2.14622
19.54 1.94736
19.55 1.70403
19.56 1.42192
19.57 1.10646
19.58 0.769037
19.59 0.41755
19.6 0.0599382
19.61 -0.296028
19.62 -0.642963
19.63 -0.971645
19.64 -1.2772
19.65 -1.55503
19.66 -1.80147
19.67 -2.01404
19.68 -2.19148
19.69 -2.331
19.7 -2.43551
19.71 -2.50891
19.72 -2.55462
19.73 -2.57677
19.74 -2.58003
19.75 -2.56899
19.76 -2.54938
19.77 -2.52706
19.78 -2.50663
19.79 -2.49215
19.8 -2.48701
19.81 -2.49409
19.82 -2.51636
19.83 -2.55318
19.84 -2.60434
19.85 -2.66883
19.86 -2.74498
19.87 -2.8306
19.88 -2.92354
19.89 -3.01999
19.9 -3.11707
19.91 -3.21215
19.92 -3.30289
19.93 -3.38742
19.94 -3.46371
19.95 -3.5313
19.96 -3.5905
19.97 -3.64186
19.98 -3.68642
19.99 -3.72556
20 -3.76084
20.01 -3.79417
20.02 -3.82738
20.03 -3.8617
20.04 -3.89793
20.05 -3.93626
20.06 -3.9762
20.07 -4.0162
20.08 -4.05383
20.09 -4.08601
20.1 -4.10902
20.11 -4.11858
20.12 -4.11
20.13 -4.07532
20.14 -4.01163
20.15 -3.91475
20.16 -3.78089
20.17 -3.60709
20.18 -3.39145
20.19 -3.12986
20.2 -2.82519
20.21 -2.4817
20.22 -2.10343
20.23 -1.69589
20.24 -1.26593
20.25 -0.821295
20.26 -0.372389
20.27 0.0700486
20.28 0.495863
20.29 0.894893
20.3 1.2573
20.31 1.57269
20.32 1.82762
20.33 2.02019
20.34 2.14525
20.35 2.19933
20.36 2.18075
20.37 2.08965
20.38 1.92048
20.39 1.68504
20.4 1.38973
20.41 1.04171
20.42 0.64933
20.43 0.221814
20.44 -0.232187
20.45 -0.699951
20.46 -1.17033
20.47 -1.6334
20.48 -2.07974
20.49 -2.50066
20.5 -2.88626
20.51 -3.22824
20.52 -3.52363
20.53 -3.76829
20.54 -3.95919
20.55 -4.09445
20.56 -4.17198
20.57 -4.18776
20.58 -4.14866
20.59 -4.05669
20.6 -3.9145
20.61 -3.72533
20.62 -3.49287
20.63 -3.21728
20.64 -2.90769
20.65 -2.56927
20.66 -2.20717
20.67 -1.82683
20.68 -1.43395
20.69 -1.0345
20.7 -0.635881
20.71 -0.244803
20.72 0.132071
20.73 0.487986
20.74 0.816188
20.75 1.10786
20.76 1.35508
20.77 1.55447
20.78 1.70093
20.79 1.79018
20.8 1.81903
20.81 1.78409
20.82 1.68024
20.83 1.51518
20.84 1.29217
20.85 1.01626
20.86 0.694278
20.87 0.334816
20.88 -0.0536688
20.89 -0.455101
20.9 -0.856037
20.91 -1.24235
20.92 -1.5994
20.93 -1.91237
20.94 -2.16058
20.95 -2.33118
20.96 -2.41408
20.97 -2.39851
20.98 -2.27573
20.99 -2.03931
21 -1.67906
21.01 -1.19263
21.02 -0.590808
21.03 0.120605
21.04 0.932854
21.05 1.83437
21.06 2.81233
21.07 3.8521
21.08 4.92772
21.09 6.01891
21.1 7.10446
21.11 8.16279
21.12 9.17241
21.13 10.1022
21.14 10.9383
21.15 11.6637
21.16 12.2631
21.17 12.7237
21.18 13.0357
21.19 13.1789
21.2 13.1572
21.21 12.9773
21.22 12.6431
21.23 12.1621
21.24 11.5445
21.25 10.7974
21.26 9.93781
21.27 8.99181
21.28 7.97893
21.29 6.91969
21.3 5.83521
21.31 4.74711
21.32 3.68013
21.33 2.65386
21.34 1.68646
21.35 0.794314
21.36 -0.00831044
21.37 -0.709555
21.38 -1.28666
21.39 -1.74516
21.4 -2.08288
21.41 -2.29985
21.42 -2.3988
21.43 -2.38511
21.44 -2.2585
21.45 -2.03572
21.46 -1.73276
21.47 -1.36325
21.48 -0.941838
21.49 -0.483808
21.5 -0.00441271
21.51 0.478705
21.52 0.94971
21.53 1.39498
21.54 1.80215
21.55 2.1604
21.56 2.45901
21.57 2.68537
21.58 2.84058
21.59 2.922
21.6 2.92891
21.61 2.86248
21.62 2.72559
21.63 2.51567
21.64 2.24655
21.65 1.92562
21.66 1.56064
21.67 1.1598
21.68 0.731486
21.69 0.283072
21.7 -0.175491
21.71 -0.63624
21.72 -1.09256
21.73 -1.53867
21.74 -1.96968
21.75 -2.38042
21.76 -2.76735
21.77 -3.12992
21.78 -3.46707
21.79 -3.7785
21.8 -4.06447
21.81 -4.32515
21.82 -4.56015
21.83 -4.77322
21.84 -4.96583
21.85 -5.13946
21.86 -5.29554
21.87 -5.43536
21.88 -5.55848
21.89 -5.6677
21.9 -5.76396
21.91 -5.84809
21.92 -5.92084
21.93 -5.98299
21.94 -6.03462
21.95 -6.07727
21.96 -6.11233
21.97 -6.14097
21.98 -6.16444
21.99 -6.18401
22 -6.20088
22.01 -6.21631
22.02 -6.2313
22.03 -6.24631
22.04 -6.26129
22.05 -6.27558
22.06 -6.28766
22.07 -6.29462
22.08 -6.29333
22.09 -6.27954
22.1 -6.24814
22.11 -6.1932
22.12 -6.10814
22.13 -5.98062
22.14 -5.80669
22.15 -5.57914
22.16 -5.29093
22.17 -4.93567
22.18 -4.50795
22.19 -3.99674
22.2 -3.40356
22.21 -2.73096
22.22 -1.98099
22.23 -1.15797
22.24 -0.268586
22.25 0.68071
22.26 1.67679
22.27 2.70206
22.28 3.74077
22.29 4.77572
22.3 5.78872
22.31 6.75938
22.32 7.66235
22.33 8.48377
22.34 9.20678
22.35 9.81628
22.36 10.2993
22.37 10.6456
22.38 10.8304
22.39 10.8665
22.4 10.7548
22.41 10.4994
22.42 10.1078
22.43 9.5908
22.44 8.95415
22.45 8.22311
22.46 7.42084
22.47 6.5684
22.48 5.68787
22.49 4.80171
22.5 3.93447
22.51 3.11105
22.52 2.34966
22.53 1.66774
22.54 1.08019
22.55 0.599002
22.56 0.236312
22.57 0.00589385
22.58 -0.102158
22.59 -0.0901567
22.6 0.0363761
22.61 0.268954
22.62 0.596446
22.63 1.01331
22.64 1.49315
22.65 2.01894
22.66 2.5732
22.67 3.1383
22.68 3.69691
22.69 4.22901
22.7 4.71876
22.71 5.15365
22.72 5.52223
22.73 5.81513
22.74 6.02523
22.75 6.14246
22.76 6.16378
22.77 6.09505
22.78 5.93856
22.79 5.69845
22.8 5.38046
22.81 4.98991
22.82 4.53211
22.83 4.02262
22.84 3.47095
22.85 2.88675
22.86 2.27961
22.87 1.6588
22.88 1.03348
22.89 0.413003
22.9 -0.195483
22.91 -0.785704
22.92 -1.35228
22.93 -1.89076
22.94 -2.3945
22.95 -2.8624
22.96 -3.29381
22.97 -3.68777
22.98 -4.04395
22.99 -4.36257
23 -4.64223
23.01 -4.88411
23.02 -5.09203
23.03 -5.2677
23.04 -5.41305
23.05 -5.53015
23.06 -5.62047
23.07 -5.68502
23.08 -5.72846
23.09 -5.75306
23.1 -5.7611
23.11 -5.75483
23.12 -5.73643
23.13 -5.7071
23.14 -5.67021
23.15 -5.62768
23.16 -5.58125
23.17 -5.53247
23.18 -5.48271
23.19 -5.43322
23.2 -5.38493
23.21 -5.33837
23.22 -5.2938
23.23 -5.25119
23.24 -5.21023
23.25 -5.17036
23.26 -5.1306
23.27 -5.08979
23.28 -5.04671
23.29 -5.00003
23.3 -4.94838
23.31 -4.89019
23.32 -4.82358
23.33 -4.74813
23.34 -4.66303
23.35 -4.56779
23.36 -4.46225
23.37 -4.34663
23.38 -4.22054
23.39 -4.08635
23.4 -3.9456
23.41 -3.80023
23.42 -3.65249
23.43 -3.5049
23.44 -3.36067
23.45 -3.22282
23.46 -3.09403
23.47 -2.97697
23.48 -2.87403
23.49 -2.78729
23.5 -2.71949
23.51 -2.67176
23.52 -2.64322
23.53 -2.63335
23.54 -2.64089
23.55 -2.66378
23.56 -2.69943
23.57 -2.7442
23.58 -2.79252
23.59 -2.83933
23.6 -2.8791
23.61 -2.90595
23.62 -2.91384
23.63 -2.89297
23.64 -2.83998
23.65 -2.74952
23.66 -2.61682
23.67 -2.43793
23.68 -2.20988
23.69 -1.9261
23.7 -1.58926
23.71 -1.20211
23.72 -0.767252
23.73 -0.288794
23.74 0.227729
23.75 0.77675
23.76 1.34852
23.77 1.93159
23.78 2.51541
23.79 3.08882
23.8 3.64025
23.81 4.15662
23.82 4.62222
23.83 5.02958
23.84 5.36892
23.85 5.6317
23.86 5.8109
23.87 5.90125
23.88 5.88825
23.89 5.78234
23.9 5.58536
23.91 5.30151
23.92 4.93726
23.93 4.50133
23.94 4.00007
23.95 3.4517
23.96 2.87247
23.97 2.27794
23.98 1.68435
23.99 1.1082
24 0.568874
24.01 0.0843151
24.02 -0.333538
24.03 -0.672249
24.04 -0.921445
24.05 -1.07316
24.06 -1.11882
24.07 -1.04992
24.08 -0.877304
24.09 -0.605512
24.1 -0.24205
24.11 0.20278
24.12 0.71619
24.13 1.28745
24.14 1.89141
24.15 2.50962
24.16 3.12304
24.17 3.71252
24.18 4.2594
24.19 4.73902
24.2 5.13752
24.21 5.44348
24.22 5.64628
24.23 5.73829
24.24 5.71507
24.25 5.56851
24.26 5.30221
24.27 4.92973
24.28 4.46083
24.29 3.90812
24.3 3.28666
24.31 2.61252
24.32 1.9051
24.33 1.18837
24.34 0.482118
24.35 -0.194323
24.36 -0.822624
24.37 -1.38588
24.38 -1.85847
24.39 -2.2371
24.4 -2.51319
24.41 -2.68126
24.42 -2.73907
24.43 -2.6876
24.44 -2.5219
24.45 -2.25723
24.46 -1.90709
24.47 -1.48415
24.48 -1.0029
24.49 -0.479109
24.5 0.0711981
24.51 0.628449
24.52 1.1749
24.53 1.69508
24.54 2.17486
24.55 2.60182
24.56 2.96324
24.57 3.24623
24.58 3.45164
24.59 3.57708
24.6 3.62266
24.61 3.59088
24.62 3.48633
24.63 3.30906
24.64 3.07641
24.65 2.79845
24.66 2.48615
24.67 2.15097
24.68 1.80453
24.69 1.45925
24.7 1.12714
24.71 0.817792
24.72 0.539647
24.73 0.299738
24.74 0.103546
24.75 -0.0419546
24.76 -0.134834
24.77 -0.177933
24.78 -0.172915
24.79 -0.122952
24.8 -0.0325794
24.81 0.0933797
24.82 0.248668
24.83 0.42264
24.84 0.60713
24.85 0.793722
24.86 0.973977
24.87 1.13959
24.88 1.27926
24.89 1.38792
24.9 1.45943
24.91 1.48862
24.92 1.47148
24.93 1.40523
24.94 1.28361
24.95 1.11014
24.96 0.887876
24.97 0.619849
24.98 0.310398
24.99 -0.034911
25 -0.410748
25.01 -0.807922
25.02 -1.21619
25.03 -1.62638
25.04 -2.02905
25.05 -2.41466
25.06 -2.77269
25.07 -3.09123
25.08 -3.36484
25.09 -3.58672
25.1 -3.75129
25.11 -3.85447
25.12 -3.89356
25.13 -3.86062
25.14 -3.76484
25.15 -3.60965
25.16 -3.40028
25.17 -3.14354
25.18 -2.84774
25.19 -2.5206
25.2 -2.17598
25.21 -1.8258
25.22 -1.48134
25.23 -1.15364
25.24 -0.853099
25.25 -0.59203
25.26 -0.379169
25.27 -0.218175
25.28 -0.112844
25.29 -0.0647788
25.3 -0.0732747
25.31 -0.136928
25.32 -0.25185
25.33 -0.405373
25.34 -0.587565
25.35 -0.786949
25.36 -0.990872
25.37 -1.18583
25.38 -1.3539
25.39 -1.48309
25.4 -1.56089
25.41 -1.57605
25.42 -1.51905
25.43 -1.38247
25.44 -1.15296
25.45 -0.834265
25.46 -0.429821
25.47 0.0562984
25.48 0.617238
25.49 1.24352
25.5 1.92581
25.51 2.64721
25.52 3.38884
25.53 4.13362
25.54 4.86387
25.55 5.56182
25.56 6.20773
25.57 6.77959
25.58 7.26728
25.59 7.65804
25.6 7.9413
25.61 8.10893
25.62 8.15483
25.63 8.06243
25.64 7.84672
25.65 7.51111
25.66 7.06151
25.67 6.50609
25.68 5.855
25.69 5.11333
25.7 4.30192
25.71 3.43712
25.72 2.53364
25.73 1.60626
25.74 0.669482
25.75 -0.261584
25.76 -1.17214
25.77 -2.05106
25.78 -2.88823
25.79 -3.6751
25.8 -4.4047
25.81 -5.0694
25.82 -5.66198
25.83 -6.18632
25.84 -6.64239
25.85 -7.03151
25.86 -7.35624
25.87 -7.61992
25.88 -7.82147
25.89 -7.97318
25.9 -8.08082
25.91 -8.15035
25.92 -8.18778
25.93 -8.19896
25.94 -8.18789
25.95 -8.16158
25.96 -8.12473
25.97 -8.08075
25.98 -8.03223
25.99 -7.98082
26 -7.92714
26.01 -7.87082
26.02 -7.81068
26.03 -7.74462
26.04 -7.66987
26.05 -7.58312
26.06 -7.47997
26.07 -7.35504
26.08 -7.2059
26.09 -7.02902
26.1 -6.82139
26.11 -6.58067
26.12 -6.30522
26.13 -5.99095
26.14 -5.64302
26.15 -5.26385
26.16 -4.8572
26.17 -4.42809
26.18 -3.9827
26.19 -3.52824
26.2 -3.07454
26.21 -2.63062
26.22 -2.20545
26.23 -1.80793
26.24 -1.4464
26.25 -1.13177
26.26 -0.870493
26.27 -0.664395
26.28 -0.515806
26.29 -0.424914
26.3 -0.389613
26.31 -0.407049
26.32 -0.471177
26.33 -0.568088
26.34 -0.686148
26.35 -0.812089
26.36 -0.931397
26.37 -1.02852
26.38 -1.08197
26.39 -1.07958
26.4 -1.00739
26.41 -0.853061
26.42 -0.606399
26.43 -0.259842
26.44 0.201489
26.45 0.770468
26.46 1.44126
26.47 2.20686
26.48 3.05677
26.49 3.97714
26.5 4.95341
26.51 5.96215
26.52 6.97885
26.53 7.98056
26.54 8.94393
26.55 9.84587
26.56 10.6603
26.57 11.3595
26.58 11.9337
26.59 12.3687
26.6 12.6542
26.61 12.7836
26.62 12.7535
26.63 12.5497
26.64 12.1975
26.65 11.7079
26.66 11.0953
26.67 10.3772
26.68 9.57362
26.69 8.70216
26.7 7.79326
26.71 6.87139
26.72 5.95907
26.73 5.07758
26.74 4.24631
26.75 3.48789
26.76 2.81703
26.77 2.24002
26.78 1.76339
26.79 1.39014
26.8 1.11981
26.81 0.952152
26.82 0.883141
26.83 0.894496
26.84 0.974042
26.85 1.10805
26.86 1.28177
26.87 1.48006
26.88 1.68692
26.89 1.88565
26.9 2.06316
26.91 2.20795
26.92 2.31042
26.93 2.36312
26.94 2.35514
26.95 2.28806
26.96 2.16332
26.97 1.98332
26.98 1.75251
26.99 1.47708
27 1.1628
27.01 0.820609
27.02 0.462131
27.03 0.0974307
27.04 -0.263487
27.05 -0.611017
27.06 -0.93508
27.07 -1.22552
27.08 -1.47807
27.09 -1.688
27.1 -1.85219
27.11 -1.96918
27.12 -2.03884
27.13 -2.05882
27.14 -2.03828
27.15 -1.98245
27.16 -1.89773
27.17 -1.79148
27.18 -1.6717
27.19 -1.54715
27.2 -1.42772
27.21 -1.3217
27.22 -1.23672
27.23 -1.17956
27.24 -1.15595
27.25 -1.17316
27.26 -1.23363
27.27 -1.33626
27.28 -1.48024
27.29 -1.66312
27.3 -1.8808
27.31 -2.12855
27.32 -2.39919
27.33 -2.68211
27.34 -2.96823
27.35 -3.24804
27.36 -3.51194
27.37 -3.75024
27.38 -3.94972
27.39 -4.10595
27.4 -4.21284
27.41 -4.26592
27.42 -4.26257
27.43 -4.20213
27.44 -4.08076
27.45 -3.90716
27.46 -3.68845
27.47 -3.43231
27.48 -3.14792
27.49 -2.84554
27.5 -2.53656
27.51 -2.23416
27.52 -1.94962
27.53 -1.69323
27.54 -1.47404
27.55 -1.29947
27.56 -1.17709
27.57 -1.1123
27.58 -1.10088
27.59 -1.1401
27.6 -1.22467
27.61 -1.34685
27.62 -1.49682
27.63 -1.66267
27.64 -1.82799
27.65 -1.97844
27.66 -2.09951
27.67 -2.17706
27.68 -2.19796
27.69 -2.14276
27.7 -2.0069
27.71 -1.78569
27.72 -1.47605
27.73 -1.07811
27.74 -0.59535
27.75 -0.0297391
27.76 0.605206
27.77 1.2921
27.78 2.01513
27.79 2.75673
27.8 3.49817
27.81 4.21861
27.82 4.89483
27.83 5.51094
27.84 6.05099
27.85 6.50134
27.86 6.85123
27.87 7.09191
27.88 7.20806
27.89 7.21245
27.9 7.10935
27.91 6.90644
27.92 6.61452
27.93 6.24706
27.94 5.81542
27.95 5.34387
27.96 4.85173
27.97 4.35718
27.98 3.8777
27.99 3.42946
28 3.03087
28.01 2.69411
28.02 2.42501
28.03 2.22866
28.04 2.10691
28.05 2.0584
28.06 2.08119
28.07 2.16893
28.08 2.30583
28.09 2.47967
28.1 2.67688
28.11 2.88314
28.12 3.08367
28.13 3.26065
28.14 3.40208
28.15 3.49656
28.16 3.53459
28.17 3.50883
28.18 3.41436
28.19 3.24146
28.2 2.99662
28.21 2.68431
28.22 2.3098
28.23 1.88023
28.24 1.40428
28.25 0.889954
28.26 0.350375
28.27 -0.201743
28.28 -0.755551
28.29 -1.3007
28.3 -1.82768
28.31 -2.3266
28.32 -2.78821
28.33 -3.20947
28.34 -3.58663
28.35 -3.91745
28.36 -4.20117
28.37 -4.43786
28.38 -4.62532
28.39 -4.77174
28.4 -4.88097
28.41 -4.95742
28.42 -5.00586
28.43 -5.03119
28.44 -5.03689
28.45 -5.02964
28.46 -5.01397
28.47 -4.99361
28.48 -4.97176
28.49 -4.95106
28.5 -4.93392
28.51 -4.92185
28.52 -4.9155
28.53 -4.91519
28.54 -4.92085
28.55 -4.93209
28.56 -4.94839
28.57 -4.96888
28.58 -4.99219
28.59 -5.01727
28.6 -5.04308
28.61 -5.06868
28.62 -5.09319
28.63 -5.11568
28.64 -5.13579
28.65 -5.15325
28.66 -5.16799
28.67 -5.18013
28.68 -5.19001
28.69 -5.19802
28.7 -5.20509
28.71 -5.21204
28.72 -5.21974
28.73 -5.22906
28.74 -5.2408
28.75 -5.25587
28.76 -5.27464
28.77 -5.29701
28.78 -5.32262
28.79 -5.35064
28.8 -5.37974
28.81 -5.40786
28.82 -5.43196
28.83 -5.44892
28.84 -5.45503
28.85 -5.44614
28.86 -5.41777
28.87 -5.36489
28.88 -5.27951
28.89 -5.15996
28.9 -5.00228
28.91 -4.80323
28.92 -4.56045
28.93 -4.27266
28.94 -3.93533
28.95 -3.55425
28.96 -3.13356
28.97 -2.67819
28.98 -2.19453
28.99 -1.69042
29 -1.17481
29.01 -0.659597
29.02 -0.156062
29.03 0.324808
29.04 0.772229
29.05 1.17605
29.06 1.5245
29.07 1.80707
29.08 2.02279
29.09 2.16875
29.1 2.24452
29.11 2.25231
29.12 2.19624
29.13 2.07988
29.14 1.92045
29.15 1.73054
29.16 1.52435
29.17 1.31722
29.18 1.12501
29.19 0.968399
29.2 0.861223
29.21 0.816222
29.22 0.84456
29.23 0.954776
29.24 1.15235
29.25 1.44597
29.26 1.83076
29.27 2.29642
29.28 2.83331
29.29 3.42861
29.3 4.06671
29.31 4.72991
29.32 5.39582
29.33 6.0423
29.34 6.64898
29.35 7.1964
29.36 7.66676
29.37 8.04307
29.38 8.30198
29.39 8.44579
29.4 8.47053
29.41 8.37629
29.42 8.1673
29.43 7.85167
29.44 7.43273
29.45 6.93605
29.46 6.38107
29.47 5.78735
29.48 5.17524
29.49 4.56508
29.5 3.97938
29.51 3.43758
29.52 2.95332
29.53 2.53825
29.54 2.20053
29.55 1.94455
29.56 1.77434
29.57 1.68792
29.58 1.67109
29.59 1.71284
29.6 1.7996
29.61 1.91592
29.62 2.04509
29.63 2.16756
29.64 2.26591
29.65 2.32515
29.66 2.33225
29.67 2.27678
29.68 2.1513
29.69 1.94378
29.7 1.66093
29.71 1.30766
29.72 0.890944
29.73 0.420623
29.74 -0.0910939
29.75 -0.631058
29.76 -1.18095
29.77 -1.72398
29.78 -2.24494
29.79 -2.72972
29.8 -3.16589
29.81 -3.54017
29.82 -3.84224
29.83 -4.07278
29.84 -4.23088
29.85 -4.31861
29.86 -4.34076
29.87 -4.30379
29.88 -4.21395
29.89 -4.08824
29.9 -3.93839
29.91 -3.77621
29.92 -3.61299
29.93 -3.45892
29.94 -3.32518
29.95 -3.21692
29.96 -3.1373
29.97 -3.08716
29.98 -3.06471
29.99 -3.06565
30 -3.08397
30.01 -3.10909
30.02 -3.12994
30.03 -3.13537
30.04 -3.11401
30.05 -3.05487
30.06 -2.94533
30.07 -2.77433
30.08 -2.53981
30.09 -2.23851
30.1 -1.86993
30.11 -1.43648
30.12 -0.942627
30.13 -0.393258
30.14 0.194296
30.15 0.806852
30.16 1.42975
30.17 2.04744
30.18 2.64408
30.19 3.1987
30.2 3.69897
30.21 4.13316
30.22 4.49132
30.23 4.76621
30.24 4.95367
30.25 5.04614
30.26 5.04992
30.27 4.97547
30.28 4.83235
30.29 4.63274
30.3 4.39099
30.31 4.12266
30.32 3.84712
30.33 3.58338
30.34 3.34815
30.35 3.157
30.36 3.02367
30.37 2.96096
30.38 2.98506
30.39 3.09311
30.4 3.2863
30.41 3.56236
30.42 3.91564
30.43 4.33726
30.44 4.82001
30.45 5.34227
30.46 5.88656
30.47 6.43489
30.48 6.96862
30.49 7.46909
30.5 7.91289
30.51 8.28288
30.52 8.56691
30.53 8.75286
30.54 8.83134
30.55 8.79589
30.56 8.6376
30.57 8.3538
30.58 7.95694
30.59 7.45373
30.6 6.85341
30.61 6.16744
30.62 5.40806
30.63 4.58687
30.64 3.72659
30.65 2.84286
30.66 1.95098
30.67 1.06553
30.68 0.199883
30.69 -0.629449
30.7 -1.41462
30.71 -2.14835
30.72 -2.82492
30.73 -3.44062
30.74 -3.99361
30.75 -4.47896
30.76 -4.90074
30.77 -5.26453
30.78 -5.57407
30.79 -5.83361
30.8 -6.04761
30.81 -6.21864
30.82 -6.35032
30.83 -6.44884
30.84 -6.51667
30.85 -6.55542
30.86 -6.56585
30.87 -6.54732
30.88 -6.49638
30.89 -6.41446
30.9 -6.29976
30.91 -6.15044
30.92 -5.96483
30.93 -5.74173
30.94 -5.4765
30.95 -5.17346
30.96 -4.83486
30.97 -4.46368
30.98 -4.06416
30.99 -3.64177
31 -3.20244
31.01 -2.75556
31.02 -2.31025
31.03 -1.87539
31.04 -1.45995
31.05 -1.07259
31.06 -0.723552
31.07 -0.421856
31.08 -0.170237
31.09 0.0274658
31.1 0.169206
31.11 0.25485
31.12 0.285278
31.13 0.260766
31.14 0.192855
31.15 0.0890919
31.16 -0.0417538
31.17 -0.190048
31.18 -0.345684
31.19 -0.497114
31.2 -0.633972
31.21 -0.747687
31.22 -0.83097
31.23 -0.878181
31.24 -0.885589
31.25 -0.848284
31.26 -0.768864
31.27 -0.652363
31.28 -0.5041
31.29 -0.331176
31.3 -0.14217
31.31 0.053002
31.32 0.24225
31.33 0.414697
31.34 0.560207
31.35 0.669509
31.36 0.734609
31.37 0.748079
31.38 0.700696
31.39 0.596111
31.4 0.434986
31.41 0.220231
31.42 -0.043112
31.43 -0.348089
31.44 -0.688685
31.45 -1.05056
31.46 -1.42258
31.47 -1.79378
31.48 -2.15338
31.49 -2.49133
31.5 -2.79557
31.51 -3.05903
31.52 -3.27776
31.53 -3.44841
31.54 -3.56966
31.55 -3.64212
31.56 -3.66611
31.57 -3.64563
31.58 -3.58958
31.59 -3.50436
31.6 -3.39682
31.61 -3.27375
31.62 -3.14145
31.63 -3.00575
31.64 -2.87144
31.65 -2.74103
31.66 -2.6154
31.67 -2.49376
31.68 -2.37368
31.69 -2.25039
31.7 -2.11824
31.71 -1.97094
31.72 -1.80182
31.73 -1.60417
31.74 -1.37177
31.75 -1.09572
31.76 -0.773411
31.77 -0.404732
31.78 0.0100282
31.79 0.468367
31.8 0.965508
31.81 1.49557
31.82 2.04819
31.83 2.60985
31.84 3.16784
31.85 3.70856
31.86 4.21802
31.87 4.68111
31.88 5.07841
31.89 5.40317
31.9 5.64566
31.91 5.79833
31.92 5.8561
31.93 5.81654
31.94 5.66947
31.95 5.42873
31.96 5.10148
31.97 4.6962
31.98 4.2232
31.99 3.69418
32 3.11931
32.01 2.51526
32.02 1.89649
32.03 1.27511
32.04 0.662131
32.05 0.0671377
32.06 -0.500297
32.07 -1.03287
32.08 -1.52877
32.09 -1.98609
32.1 -2.40447
32.11 -2.78488
32.12 -3.1286
32.13 -3.43601
32.14 -3.71353
32.15 -3.96379
32.16 -4.18884
32.17 -4.38989
32.18 -4.56707
32.19 -4.71628
32.2 -4.83735
32.21 -4.92676
32.22 -4.97984
32.23 -4.99129
32.24 -4.95546
32.25 -4.86199
32.26 -4.70758
32.27 -4.4905
32.28 -4.20838
32.29 -3.86061
32.3 -3.44864
32.31 -2.97327
32.32 -2.44084
32.33 -1.86427
32.34 -1.2544
32.35 -0.623725
32.36 0.0139171
32.37 0.64337
32.38 1.24603
32.39 1.80861
32.4 2.31788
32.41 2.76232
32.42 3.1326
32.43 3.42202
32.44 3.61722
32.45 3.72717
32.46 3.75621
32.47 3.71113
32.48 3.60161
32.49 3.43985
32.5 3.23828
32.51 3.01658
32.52 2.79263
32.53 2.58284
32.54 2.40276
32.55 2.26642
32.56 2.18921
32.57 2.18235
32.58 2.24715
32.59 2.38542
32.6 2.59549
32.61 2.87222
32.62 3.20824
32.63 3.5939
32.64 4.00919
32.65 4.43798
32.66 4.86301
32.67 5.26666
32.68 5.63156
32.69 5.93334
32.7 6.16198
32.71 6.30593
32.72 6.35594
32.73 6.30575
32.74 6.15224
32.75 5.88715
32.76 5.51941
32.77 5.05979
32.78 4.51762
32.79 3.90429
32.8 3.23272
32.81 2.51532
32.82 1.7684
32.83 1.0091
32.84 0.251048
32.85 -0.493175
32.86 -1.21242
32.87 -1.89618
32.88 -2.53287
32.89 -3.12082
32.9 -3.65666
32.91 -4.13875
32.92 -4.56701
32.93 -4.94269
32.94 -5.26272
32.95 -5.53603
32.96 -5.76667
32.97 -5.95853
32.98 -6.11547
32.99 -6.24117
33 -6.33688
33.01 -6.40724
33.02 -6.45571
33.03 -6.48442
33.04 -6.49521
33.05 -6.48975
33.06 -6.46894
33.07 -6.43454
33.08 -6.38935
33.09 -6.33545
33.1 -6.27516
33.11 -6.21105
33.12 -6.1459
33.13 -6.08302
33.14 -6.02515
33.15 -5.9747
33.16 -5.93356
33.17 -5.90292
33.18 -5.8831
33.19 -5.87431
33.2 -5.87308
33.21 -5.8758
33.22 -5.87767
33.23 -5.8727
33.24 -5.85389
33.25 -5.8108
33.26 -5.73493
33.27 -5.61855
33.28 -5.4534
33.29 -5.23191
33.3 -4.94762
33.31 -4.59165
33.32 -4.15986
33.33 -3.65646
33.34 -3.08341
33.35 -2.44517
33.36 -1.74861
33.37 -1.00202
33.38 -0.215734
33.39 0.592211
33.4 1.40715
33.41 2.21371
33.42 2.99638
33.43 3.74007
33.44 4.42305
33.45 5.03776
33.46 5.57462
33.47 6.02632
33.48 6.38841
33.49 6.6594
33.5 6.83367
33.51 6.92143
33.52 6.934
33.53 6.88191
33.54 6.77758
33.55 6.63483
33.56 6.46784
33.57 6.29362
33.58 6.12771
33.59 5.98304
33.6 5.87079
33.61 5.79995
33.62 5.77827
33.63 5.8131
33.64 5.89961
33.65 6.03474
33.66 6.21268
33.67 6.42519
33.68 6.66187
33.69 6.91059
33.7 7.15539
33.71 7.38242
33.72 7.57808
33.73 7.72947
33.74 7.8249
33.75 7.84792
33.76 7.79326
33.77 7.65828
33.78 7.44046
33.79 7.13983
33.8 6.7589
33.81 6.29866
33.82 5.7668
33.83 5.17726
33.84 4.54045
33.85 3.86761
33.86 3.17049
33.87 2.46089
33.88 1.75171
33.89 1.05454
33.9 0.378971
33.91 -0.266622
33.92 -0.875192
33.93 -1.44111
33.94 -1.95433
33.95 -2.4173
33.96 -2.82896
33.97 -3.18915
33.98 -3.49861
33.99 -3.75882
34 -3.96789
34.01 -4.13109
34.02 -4.25271
34.03 -4.33549
34.04 -4.38222
34.05 -4.39562
34.06 -4.37677
34.07 -4.32848
34.08 -4.25531
34.09 -4.15992
34.1 -4.04502
34.11 -3.9135
34.12 -3.7681
34.13 -3.61177
34.14 -3.44913
34.15 -3.28363
34.16 -3.11874
34.17 -2.95781
34.18 -2.80397
34.19 -2.66136
34.2 -2.53115
34.21 -2.41458
34.22 -2.31211
34.23 -2.2232
34.24 -2.14633
34.25 -2.07942
34.26 -2.01772
34.27 -1.95613
34.28 -1.88915
34.29 -1.81067
34.3 -1.7143
34.31 -1.59182
34.32 -1.43591
34.33 -1.24279
34.34 -1.00799
34.35 -0.728257
34.36 -0.401815
34.37 -0.0272969
34.38 0.396196
34.39 0.860256
34.4 1.35908
34.41 1.88518
34.42 2.42958
34.43 2.98206
34.44 3.52973
34.45 4.06005
34.46 4.56121
34.47 5.02175
34.48 5.43103
34.49 5.77952
34.5 6.0526
34.51 6.24739
34.52 6.36265
34.53 6.39696
34.54 6.35117
34.55 6.22826
34.56 6.02954
34.57 5.76293
34.58 5.44175
34.59 5.07598
34.6 4.6763
34.61 4.25376
34.62 3.8193
34.63 3.38469
34.64 2.96023
34.65 2.55404
34.66 2.1728
34.67 1.82149
34.68 1.50336
34.69 1.22389
34.7 0.978328
34.71 0.764157
34.72 0.577525
34.73 0.413399
34.74 0.265842
34.75 0.128574
34.76 -0.00669825
34.77 -0.147026
34.78 -0.298765
34.79 -0.46762
34.8 -0.658426
34.81 -0.876647
34.82 -1.12523
34.83 -1.40355
34.84 -1.71137
34.85 -2.04724
34.86 -2.40859
34.87 -2.79235
34.88 -3.19451
34.89 -3.60788
34.9 -4.02679
34.91 -4.44535
34.92 -4.85764
34.93 -5.25784
34.94 -5.63769
34.95 -5.99379
34.96 -6.32174
34.97 -6.61777
34.98 -6.87875
34.99 -7.1023
35 -7.28315
35.01 -7.42257
35.02 -7.52168
35.03 -7.58098
35.04 -7.60154
35.05 -7.58491
35.06 -7.53121
35.07 -7.44319
35.08 -7.32584
35.09 -7.18224
35.1 -7.01563
35.11 -6.82943
35.12 -6.62672
35.13 -6.41064
35.14 -6.18599
35.15 -5.95602
35.16 -5.72376
35.17 -5.49197
35.18 -5.2631
35.19 -5.04002
35.2 -4.82382
35.21 -4.61555
35.22 -4.41576
35.23 -4.22448
35.24 -4.04131
35.25 -3.86587
35.26 -3.69623
35.27 -3.53046
35.28 -3.36662
35.29 -3.20265
35.3 -3.03648
35.31 -2.86574
35.32 -2.68838
35.33 -2.5033
35.34 -2.30953
35.35 -2.10656
35.36 -1.89442
35.37 -1.67342
35.38 -1.44438
35.39 -1.20972
35.4 -0.971425
35.41 -0.731743
35.42 -0.493028
35.43 -0.257604
35.44 -0.028484
35.45 0.193113
35.46 0.406041
35.47 0.609795
35.48 0.804601
35.49 0.99147
35.5 1.1719
35.51 1.3493
35.52 1.52731
35.53 1.70992
35.54 1.90148
35.55 2.10647
35.56 2.33066
35.57 2.57872
35.58 2.8528
35.59 3.15532
35.6 3.48755
35.61 3.84949
35.62 4.24047
35.63 4.65844
35.64 5.09596
35.65 5.54667
35.66 6.00289
35.67 6.45579
35.68 6.89568
35.69 7.30818
35.7 7.68461
35.71 8.01468
35.72 8.28875
35.73 8.4981
35.74 8.63536
35.75 8.68728
35.76 8.65462
35.77 8.53846
35.78 8.33972
35.79 8.06148
35.8 7.70889
35.81 7.28554
35.82 6.80201
35.83 6.27286
35.84 5.70968
35.85 5.12462
35.86 4.53001
35.87 3.93841
35.88 3.36359
35.89 2.81523
35.9 2.30203
35.91 1.83106
35.92 1.40755
35.93 1.03483
35.94 0.720435
35.95 0.457092
35.96 0.242004
35.97 0.0708562
35.98 -0.0619201
35.99 -0.162852
36 -0.237538
36.01 -0.295921
36.02 -0.346031
36.03 -0.39475
36.04 -0.448234
36.05 -0.511677
36.06 -0.59018
36.07 -0.686709
36.08 -0.80144
36.09 -0.934077
36.1 -1.08305
36.11 -1.2456
36.12 -1.41815
36.13 -1.59567
36.14 -1.77199
36.15 -1.94146
36.16 -2.09828
36.17 -2.23679
36.18 -2.35156
36.19 -2.43375
36.2 -2.48222
36.21 -2.49359
36.22 -2.46526
36.23 -2.3955
36.24 -2.28337
36.25 -2.12489
36.26 -1.92366
36.27 -1.68244
36.28 -1.4034
36.29 -1.08925
36.3 -0.743173
36.31 -0.367248
36.32 0.0337933
36.33 0.453997
36.34 0.888788
36.35 1.33337
36.36 1.78276
36.37 2.23159
36.38 2.67346
36.39 3.10306
36.4 3.51489
36.41 3.90346
36.42 4.26335
36.43 4.58923
36.44 4.871
36.45 5.10835
36.46 5.29735
36.47 5.43473
36.48 5.51799
36.49 5.54554
36.5 5.51153
36.51 5.42035
36.52 5.2754
36.53 5.0796
36.54 4.83691
36.55 4.55225
36.56 4.2295
36.57 3.87634
36.58 3.50182
36.59 3.11307
36.6 2.7172
36.61 2.321
36.62 1.93111
36.63 1.55431
36.64 1.19418
36.65 0.853801
36.66 0.534966
36.67 0.238179
36.68 -0.0373007
36.69 -0.291661
36.7 -0.530813
36.71 -0.759048
36.72 -0.981295
36.73 -1.20286
36.74 -1.42914
36.75 -1.66673
36.76 -1.92012
36.77 -2.19268
36.78 -2.48703
36.79 -2.80451
36.8 -3.14509
36.81 -3.50847
36.82 -3.89087
36.83 -4.28637
36.84 -4.68905
36.85 -5.092
36.86 -5.48757
36.87 -5.86684
36.88 -6.21912
36.89 -6.53799
36.9 -6.81616
36.91 -7.04729
36.92 -7.22623
36.93 -7.34904
36.94 -7.40686
36.95 -7.40641
36.96 -7.34941
36.97 -7.23924
36.98 -7.08077
36.99 -6.8802
37 -6.64225
37.01 -6.37838
37.02 -6.09802
37.03 -5.80966
37.04 -5.52147
37.05 -5.24093
37.06 -4.97585
37.07 -4.73205
37.08 -4.51213
37.09 -4.31803
37.1 -4.15005
37.11 -4.00691
37.12 -3.88645
37.13 -3.78474
37.14 -3.6944
37.15 -3.60912
37.16 -3.5221
37.17 -3.42634
37.18 -3.3149
37.19 -3.17818
37.2 -3.01274
37.21 -2.81422
37.22 -2.57949
37.23 -2.3068
37.24 -1.99586
37.25 -1.64462
37.26 -1.2589
37.27 -0.844054
37.28 -0.405648
37.29 0.0497803
37.3 0.51494
37.31 0.981618
37.32 1.4405
37.33 1.88359
37.34 2.30329
37.35 2.69254
37.36 3.04505
37.37 3.35383
37.38 3.61169
37.39 3.81948
37.4 3.97548
37.41 4.0791
37.42 4.13088
37.43 4.13212
37.44 4.08032
37.45 3.98474
37.46 3.84942
37.47 3.67885
37.48 3.47786
37.49 3.25145
37.5 3.00326
37.51 2.74032
37.52 2.468
37.53 2.19092
37.54 1.91345
37.55 1.63962
37.56 1.37391
37.57 1.12012
37.58 0.880801
37.59 0.658623
37.6 0.455951
37.61 0.274847
37.62 0.117959
37.63 -0.0118411
37.64 -0.11552
37.65 -0.192344
37.66 -0.241929
37.67 -0.264262
37.68 -0.259587
37.69 -0.225975
37.7 -0.167896
37.71 -0.0871682
37.72 0.0139423
37.73 0.132732
37.74 0.266089
37.75 0.411224
37.76 0.563037
37.77 0.717171
37.78 0.869396
37.79 1.01544
37.8 1.1511
37.81 1.27112
37.82 1.37135
37.83 1.44937
37.84 1.5024
37.85 1.52824
37.86 1.52534
37.87 1.49175
37.88 1.42592
37.89 1.33116
37.9 1.20894
37.91 1.06136
37.92 0.891152
37.93 0.701442
37.94 0.494672
37.95 0.277048
37.96 0.052799
37.97 -0.173794
37.98 -0.398508
37.99 -0.617294
38 -0.825107
38.01 -1.01894
38.02 -1.19628
38.03 -1.35487
38.04 -1.4931
38.05 -1.60994
38.06 -1.70359
38.07 -1.77468
38.08 -1.82541
38.09 -1.85728
38.1 -1.87227
38.11 -1.87274
38.12 -1.86098
38.13 -1.83979
38.14 -1.813
38.15 -1.78341
38.16 -1.75361
38.17 -1.7259
38.18 -1.70221
38.19 -1.6846
38.2 -1.67323
38.21 -1.66807
38.22 -1.66843
38.23 -1.67289
38.24 -1.67935
38.25 -1.68463
38.26 -1.68491
38.27 -1.67617
38.28 -1.65402
38.29 -1.61379
38.3 -1.55074
38.31 -1.458
38.32 -1.33093
38.33 -1.16719
38.34 -0.963635
38.35 -0.717925
38.36 -0.42874
38.37 -0.0942973
38.38 0.285972
38.39 0.705631
38.4 1.16053
38.41 1.64515
38.42 2.15268
38.43 2.67511
38.44 3.20272
38.45 3.72379
38.46 4.22754
38.47 4.70285
38.48 5.13855
38.49 5.52371
38.5 5.84104
38.51 6.0847
38.52 6.24812
38.53 6.32482
38.54 6.30999
38.55 6.2007
38.56 5.98957
38.57 5.67971
38.58 5.27996
38.59 4.79608
38.6 4.23568
38.61 3.60802
38.62 2.92212
38.63 2.18963
38.64 1.42786
38.65 0.649959
38.66 -0.130951
38.67 -0.902113
38.68 -1.65121
38.69 -2.36253
38.7 -3.02954
38.71 -3.64457
38.72 -4.20168
38.73 -4.69682
38.74 -5.1278
38.75 -5.48808
38.76 -5.78451
38.77 -6.02197
38.78 -6.20522
38.79 -6.34004
38.8 -6.43292
38.81 -6.48891
38.82 -6.51661
38.83 -6.52442
38.84 -6.51833
38.85 -6.5034
38.86 -6.48358
38.87 -6.46148
38.88 -6.43823
38.89 -6.41332
38.9 -6.38463
38.91 -6.34871
38.92 -6.30092
38.93 -6.23541
38.94 -6.14243
38.95 -6.0172
38.96 -5.85273
38.97 -5.64233
38.98 -5.37986
38.99 -5.06006
39 -4.67238
39.01 -4.2188
39.02 -3.69989
39.03 -3.11656
39.04 -2.47144
39.05 -1.76887
39.06 -1.01176
39.07 -0.209846
39.08 0.625205
39.09 1.48336
39.1 2.35391
39.11 3.22575
39.12 4.0869
39.13 4.92406
39.14 5.7281
39.15 6.48986
39.16 7.20134
39.17 7.85591
39.18 8.4478
39.19 8.96647
39.2 9.41751
39.21 9.80098
39.22 10.1184
39.23 10.3726
39.24 10.5676
39.25 10.7031
39.26 10.7898
39.27 10.8345
39.28 10.8431
39.29 10.8213
39.3 10.7741
39.31 10.7049
39.32 10.6181
39.33 10.5171
39.34 10.4033
39.35 10.2771
39.36 10.1379
39.37 9.98354
39.38 9.81079
39.39 9.61796
39.4 9.4019
39.41 9.15938
39.42 8.88735
39.43 8.58279
39.44 8.2399
39.45 7.86123
39.46 7.44656
39.47 6.99673
39.48 6.51357
39.49 6
39.5 5.45769
39.51 4.89424
39.52 4.31586
39.53 3.72868
39.54 3.13915
39.55 2.55372
39.56 1.97987
39.57 1.42405
39.58 0.89069
39.59 0.383967
39.6 -0.0929723
39.61 -0.538077
39.62 -0.949133
39.63 -1.32531
39.64 -1.67092
39.65 -1.98859
39.66 -2.28176
39.67 -2.55448
39.68 -2.81109
39.69 -3.05562
39.7 -3.29419
39.71 -3.53086
39.72 -3.76905
39.73 -4.01138
39.74 -4.2595
39.75 -4.5146
39.76 -4.7753
39.77 -5.03947
39.78 -5.30403
39.79 -5.56494
39.8 -5.81738
39.81 -6.05449
39.82 -6.2699
39.83 -6.45845
39.84 -6.6145
39.85 -6.73288
39.86 -6.80913
39.87 -6.83772
39.88 -6.81419
39.89 -6.74139
39.9 -6.61978
39.91 -6.45112
39.92 -6.23841
39.93 -5.98543
39.94 -5.69459
39.95 -5.37624
39.96 -5.03692
39.97 -4.68332
39.98 -4.32206
39.99 -3.95944
40 -3.60209
40.01 -3.2549
40.02 -2.92134
40.03 -2.60381
40.04 -2.30352
40.05 -2.02045
40.06 -1.7544
40.07 -1.50229
40.08 -1.26002
40.09 -1.0237
40.1 -0.789088
40.11 -0.551878
40.12 -0.307556
40.13 -0.0517465
40.14 0.217504
40.15 0.501675
40.16 0.801015
40.17 1.11442
40.18 1.43946
40.19 1.77228
40.2 2.10606
40.21 2.434
40.22 2.74838
40.23 3.04077
40.24 3.30233
40.25 3.51916
40.26 3.68507
40.27 3.79296
40.28 3.836
40.29 3.80865
40.3 3.70686
40.31 3.52269
40.32 3.2578
40.33 2.91788
40.34 2.50682
40.35 2.03027
40.36 1.49553
40.37 0.909689
40.38 0.28283
40.39 -0.3703
40.4 -1.03827
40.41 -1.70953
40.42 -2.37276
40.43 -3.01677
40.44 -3.62765
40.45 -4.19914
40.46 -4.724
40.47 -5.19648
40.48 -5.61237
40.49 -5.96906
40.5 -6.25926
40.51 -6.48884
40.52 -6.66094
40.53 -6.77875
40.54 -6.84636
40.55 -6.86856
40.56 -6.84806
40.57 -6.79219
40.58 -6.70833
40.59 -6.60172
40.6 -6.47725
40.61 -6.33931
40.62 -6.19143
40.63 -6.03689
40.64 -5.87872
40.65 -5.71859
40.66 -5.55762
40.67 -5.39642
40.68 -5.23518
40.69 -5.07375
40.7 -4.91178
40.71 -4.74884
40.72 -4.58453
40.73 -4.41853
40.74 -4.25064
40.75 -4.08068
40.76 -3.909
40.77 -3.73601
40.78 -3.56219
40.79 -3.3881
40.8 -3.2143
40.81 -3.0414
40.82 -2.86978
40.83 -2.69953
40.84 -2.53054
40.85 -2.36239
40.86 -2.19435
40.87 -2.02529
40.88 -1.8536
40.89 -1.67775
40.9 -1.496
40.91 -1.30652
40.92 -1.10754
40.93 -0.897229
40.94 -0.672893
40.95 -0.434849
40.96 -0.182663
40.97 0.0835414
40.98 0.363022
40.99 0.654385
41 0.956317
41.01 1.26482
41.02 1.57629
41.03 1.88677
41.04 2.1919
41.05 2.48709
41.06 2.76614
41.07 3.02409
41.08 3.25724
41.09 3.46153
41.1 3.63347
41.11 3.77019
41.12 3.8679
41.13 3.92409
41.14 3.94157
41.15 3.92122
41.16 3.86479
41.17 3.77491
41.18 3.65457
41.19 3.50598
41.2 3.33693
41.21 3.15236
41.22 2.95735
41.23 2.75692
41.24 2.55587
41.25 2.35942
41.26 2.17139
41.27 1.99469
41.28 1.83147
41.29 1.68302
41.3 1.54975
41.31 1.43217
41.32 1.32819
41.33 1.23486
41.34 1.14928
41.35 1.06814
41.36 0.987809
41.37 0.904307
41.38 0.81337
41.39 0.712157
41.4 0.598141
41.41 0.46956
41.42 0.325565
41.43 0.166144
41.44 -0.00832054
41.45 -0.193371
41.46 -0.384983
41.47 -0.578018
41.48 -0.766327
41.49 -0.942897
41.5 -1.09711
41.51 -1.22165
41.52 -1.30852
41.53 -1.34961
41.54 -1.33726
41.55 -1.26461
41.56 -1.12047
41.57 -0.90198
41.58 -0.609741
41.59 -0.243106
41.6 0.196646
41.61 0.706233
41.62 1.28296
41.63 1.91989
41.64 2.60262
41.65 3.31995
41.66 4.05933
41.67 4.80716
41.68 5.5488
41.69 6.26583
41.7 6.94468
41.71 7.57141
41.72 8.13305
41.73 8.61792
41.74 9.01597
41.75 9.30826
41.76 9.49731
41.77 9.58142
41.78 9.55988
41.79 9.43429
41.8 9.20854
41.81 8.88202
41.82 8.467
41.83 7.97751
41.84 7.4246
41.85 6.82012
41.86 6.17636
41.87 5.50502
41.88 4.81947
41.89 4.13269
41.9 3.45479
41.91 2.79458
41.92 2.15943
41.93 1.55565
41.94 0.990802
41.95 0.463563
41.96 -0.0255558
41.97 -0.477408
41.98 -0.894018
41.99 -1.27834
42 -1.63138
42.01 -1.96031
42.02 -2.26963
42.03 -2.56325
42.04 -2.84456
42.05 -3.11635
42.06 -3.38004
42.07 -3.63688
42.08 -3.88694
42.09 -4.12901
42.1 -4.361
42.11 -4.58002
42.12 -4.78161
42.13 -4.96067
42.14 -5.11428
42.15 -5.23839
42.16 -5.32918
42.17 -5.38338
42.18 -5.39769
42.19 -5.36663
42.2 -5.29381
42.21 -5.17973
42.22 -5.02588
42.23 -4.83479
42.24 -4.60986
42.25 -4.35263
42.26 -4.07134
42.27 -3.77175
42.28 -3.4594
42.29 -3.13983
42.3 -2.81836
42.31 -2.50051
42.32 -2.19105
42.33 -1.89329
42.34 -1.60994
42.35 -1.34284
42.36 -1.09301
42.37 -0.861503
42.38 -0.64808
42.39 -0.450197
42.4 -0.266157
42.41 -0.0939729
42.42 0.0684719
42.43 0.223176
42.44 0.371787
42.45 0.51657
42.46 0.65861
42.47 0.798491
42.48 0.936261
42.49 1.07143
42.5 1.20246
42.51 1.32801
42.52 1.44624
42.53 1.55504
42.54 1.65223
42.55 1.73565
42.56 1.80194
42.57 1.84977
42.58 1.87869
42.59 1.88801
42.6 1.87764
42.61 1.84805
42.62 1.7995
42.63 1.73351
42.64 1.65363
42.65 1.56246
42.66 1.4629
42.67 1.358
42.68 1.25088
42.69 1.14505
42.7 1.04344
42.71 0.948542
42.72 0.862437
42.73 0.786771
42.74 0.722705
42.75 0.672267
42.76 0.634366
42.77 0.608449
42.78 0.593715
42.79 0.589023
42.8 0.592967
42.81 0.60436
42.82 0.620961
42.83 0.640694
42.84 0.661785
42.85 0.682516
42.86 0.701256
42.87 0.716228
42.88 0.725689
42.89 0.728609
42.9 0.723765
42.91 0.709987
42.92 0.686138
42.93 0.65087
42.94 0.601896
42.95 0.539284
42.96 0.461961
42.97 0.368904
42.98 0.259192
42.99 0.132052
43 -0.0150763
43.01 -0.180647
43.02 -0.364243
43.03 -0.5652
43.04 -0.782348
43.05 -1.01396
43.06 -1.25849
43.07 -1.51208
43.08 -1.77067
43.09 -2.03021
43.1 -2.28627
43.11 -2.53414
43.12 -2.76807
43.13 -2.98211
43.14 -3.17268
43.15 -3.33561
43.16 -3.46724
43.17 -3.56464
43.18 -3.62492
43.19 -3.64371
43.2 -3.62472
43.21 -3.56888
43.22 -3.47801
43.23 -3.35479
43.24 -3.20256
43.25 -3.0229
43.26 -2.82305
43.27 -2.60763
43.28 -2.38084
43.29 -2.14655
43.3 -1.90802
43.31 -1.66779
43.32 -1.42765
43.33 -1.18805
43.34 -0.948341
43.35 -0.706926
43.36 -0.461283
43.37 -0.207553
43.38 0.0589991
43.39 0.34202
43.4 0.645707
43.41 0.973941
43.42 1.32999
43.43 1.71688
43.44 2.13835
43.45 2.59071
43.46 3.07179
43.47 3.57774
43.48 4.10299
43.49 4.64035
43.5 5.18038
43.51 5.71144
43.52 6.2222
43.53 6.70076
43.54 7.13498
43.55 7.51291
43.56 7.81678
43.57 8.03774
43.58 8.16999
43.59 8.20672
43.6 8.14315
43.61 7.97675
43.62 7.70218
43.63 7.32033
43.64 6.84356
43.65 6.27904
43.66 5.63584
43.67 4.92454
43.68 4.15606
43.69 3.34127
43.7 2.49865
43.71 1.64109
43.72 0.780997
43.73 -0.0700916
43.74 -0.901792
43.75 -1.70109
43.76 -2.46301
43.77 -3.18251
43.78 -3.85591
43.79 -4.48108
43.8 -5.05732
43.81 -5.58129
43.82 -6.05683
43.83 -6.48815
43.84 -6.87782
43.85 -7.22848
43.86 -7.5425
43.87 -7.8201
43.88 -8.06201
43.89 -8.27092
43.9 -8.44625
43.91 -8.58662
43.92 -8.68989
43.93 -8.75241
43.94 -8.76717
43.95 -8.73484
43.96 -8.65215
43.97 -8.51623
43.98 -8.32483
43.99 -8.07657
44 -7.76477
44.01 -7.39658
44.02 -6.97506
44.03 -6.50408
44.04 -5.98883
44.05 -5.43566
44.06 -4.85012
44.07 -4.24296
44.08 -3.62415
44.09 -3.00271
44.1 -2.38756
44.11 -1.78718
44.12 -1.21097
44.13 -0.667204
44.14 -0.15965
44.15 0.307611
44.16 0.731884
44.17 1.11188
44.18 1.44674
44.19 1.73481
44.2 1.98318
44.21 2.19538
44.22 2.37554
44.23 2.52809
44.24 2.65754
44.25 2.76654
44.26 2.86124
44.27 2.94485
44.28 3.01963
44.29 3.08694
44.3 3.14718
44.31 3.19914
44.32 3.24149
44.33 3.27231
44.34 3.28891
44.35 3.28827
44.36 3.26735
44.37 3.2219
44.38 3.14869
44.39 3.04764
44.4 2.91783
44.41 2.75929
44.42 2.57304
44.43 2.36059
44.44 2.12381
44.45 1.86937
44.46 1.60219
44.47 1.32776
44.48 1.05191
44.49 0.78062
44.5 0.521582
44.51 0.279701
44.52 0.0597076
44.53 -0.134359
44.54 -0.299366
44.55 -0.43318
44.56 -0.532015
44.57 -0.597487
44.58 -0.632034
44.59 -0.63772
44.6 -0.617316
44.61 -0.574114
44.62 -0.510926
44.63 -0.431846
44.64 -0.341718
44.65 -0.243784
44.66 -0.140777
44.67 -0.0347918
44.68 0.0728336
44.69 0.181636
44.7 0.291921
44.71 0.40486
44.72 0.522257
44.73 0.646424
44.74 0.780012
44.75 0.927558
44.76 1.09077
44.77 1.27202
44.78 1.47327
44.79 1.69586
44.8 1.94038
44.81 2.20825
44.82 2.4969
44.83 2.8031
44.84 3.12351
44.85 3.45397
44.86 3.78962
44.87 4.12468
44.88 4.4523
44.89 4.76651
44.9 5.06129
44.91 5.3309
44.92 5.56998
44.93 5.77281
44.94 5.93196
44.95 6.04793
44.96 6.11859
44.97 6.14267
44.98 6.11981
44.99 6.05047
45 5.93087
45.01 5.76811
45.02 5.56499
45.03 5.3244
45.04 5.04944
45.05 4.74332
45.06 4.40714
45.07 4.04569
45.08 3.66278
45.09 3.26098
45.1 2.84252
45.11 2.40939
45.12 1.96268
45.13 1.50396
45.14 1.03542
45.15 0.558308
45.16 0.0739324
45.17 -0.416304
45.18 -0.910868
45.19 -1.40781
45.2 -1.90454
45.21 -2.39848
45.22 -2.88674
45.23 -3.36609
45.24 -3.83303
45.25 -4.28147
45.26 -4.70885
45.27 -5.11125
45.28 -5.4847
45.29 -5.82537
45.3 -6.12965
45.31 -6.39066
45.32 -6.60721
45.33 -6.77857
45.34 -6.9031
45.35 -6.97982
45.36 -7.00838
45.37 -6.98648
45.38 -6.9148
45.39 -6.79824
45.4 -6.63907
45.41 -6.44012
45.42 -6.20464
45.43 -5.93555
45.44 -5.63533
45.45 -5.31131
45.46 -4.96788
45.47 -4.60948
45.48 -4.24058
45.49 -3.86553
45.5 -3.48886
45.51 -3.11518
45.52 -2.74822
45.53 -2.39141
45.54 -2.0478
45.55 -1.72006
45.56 -1.41212
45.57 -1.12497
45.58 -0.859082
45.59 -0.615068
45.6 -0.393018
45.61 -0.192507
45.62 -0.0136751
45.63 0.144998
45.64 0.286805
45.65 0.414071
45.66 0.529416
45.67 0.635674
45.68 0.735732
45.69 0.832755
45.7 0.930133
45.71 1.0305
45.72 1.13619
45.73 1.24907
45.74 1.37056
45.75 1.5026
45.76 1.6442
45.77 1.79467
45.78 1.95269
45.79 2.11632
45.8 2.28303
45.81 2.44949
45.82 2.61172
45.83 2.76592
45.84 2.90814
45.85 3.03445
45.86 3.14102
45.87 3.2228
45.88 3.27599
45.89 3.29963
45.9 3.2918
45.91 3.25123
45.92 3.17734
45.93 3.06933
45.94 2.92587
45.95 2.75155
45.96 2.54828
45.97 2.31834
45.98 2.06427
45.99 1.78875
46 1.49259
46.01 1.18077
46.02 0.855755
46.03 0.519662
46.04 0.17432
46.05 -0.178759
46.06 -0.538835
46.07 -0.904499
46.08 -1.27478
46.09 -1.64896
46.1 -2.02628
46.11 -2.40578
46.12 -2.78617
46.13 -3.16539
46.14 -3.54103
46.15 -3.91011
46.16 -4.26894
46.17 -4.61322
46.18 -4.93726
46.19 -5.23302
46.2 -5.4963
46.21 -5.72071
46.22 -5.89979
46.23 -6.02717
46.24 -6.09682
46.25 -6.09525
46.26 -6.02478
46.27 -5.88222
46.28 -5.66539
46.29 -5.37346
46.3 -5.00705
46.31 -4.5622
46.32 -4.0472
46.33 -3.46983
46.34 -2.83678
46.35 -2.15583
46.36 -1.43568
46.37 -0.684611
46.38 0.0860867
46.39 0.864649
46.4 1.64129
46.41 2.40663
46.42 3.15195
46.43 3.86836
46.44 4.54581
46.45 5.18152
46.46 5.77106
46.47 6.31111
46.48 6.79939
46.49 7.23458
46.5 7.60979
46.51 7.93149
46.52 8.20049
46.53 8.41766
46.54 8.58394
46.55 8.70015
46.56 8.76246
46.57 8.77384
46.58 8.73557
46.59 8.64692
46.6 8.50679
46.61 8.31379
46.62 8.06308
46.63 7.75259
46.64 7.38442
46.65 6.95765
46.66 6.47192
46.67 5.92765
46.68 5.32464
46.69 4.66221
46.7 3.94949
46.71 3.19146
46.72 2.39428
46.73 1.56513
46.74 0.712147
46.75 -0.156422
46.76 -1.02835
46.77 -1.89377
46.78 -2.74284
46.79 -3.56595
46.8 -4.354
46.81 -5.09405
46.82 -5.7804
46.83 -6.40844
46.84 -6.9734
46.85 -7.47177
46.86 -7.90134
46.87 -8.25699
46.88 -8.53886
46.89 -8.75267
46.9 -8.90058
46.91 -8.98529
46.92 -9.00986
46.93 -8.97597
46.94 -8.88379
46.95 -8.74138
46.96 -8.55125
46.97 -8.31543
46.98 -8.0355
46.99 -7.71255
47 -7.34226
47.01 -6.9301
47.02 -6.47639
47.03 -5.98155
47.04 -5.44627
47.05 -4.87176
47.06 -4.25685
47.07 -3.60706
47.08 -2.92768
47.09 -2.22399
47.1 -1.50243
47.11 -0.770569
47.12 -0.0375054
47.13 0.685593
47.14 1.3884
47.15 2.06027
47.16 2.69056
47.17 3.26897
47.18 3.78376
47.19 4.22096
47.2 4.57957
47.21 4.85454
47.22 5.04279
47.23 5.14334
47.24 5.15748
47.25 5.07942
47.26 4.92581
47.27 4.70502
47.28 4.42709
47.29 4.10351
47.3 3.74682
47.31 3.36973
47.32 2.98857
47.33 2.617
47.34 2.26734
47.35 1.95075
47.36 1.67685
47.37 1.45684
47.38 1.29703
47.39 1.1971
47.4 1.1576
47.41 1.17682
47.42 1.2509
47.43 1.37526
47.44 1.54368
47.45 1.74261
47.46 1.96196
47.47 2.19113
47.48 2.41941
47.49 2.63638
47.5 2.8286
47.51 2.98922
47.52 3.11105
47.53 3.18844
47.54 3.21736
47.55 3.19551
47.56 3.1177
47.57 2.98856
47.58 2.81258
47.59 2.59399
47.6 2.33806
47.61 2.05083
47.62 1.7378
47.63 1.4069
47.64 1.06628
47.65 0.722348
47.66 0.380984
47.67 0.0473938
47.68 -0.273508
47.69 -0.576838
47.7 -0.861311
47.71 -1.12528
47.72 -1.36783
47.73 -1.58865
47.74 -1.7879
47.75 -1.96358
47.76 -2.11894
47.77 -2.25453
47.78 -2.37071
47.79 -2.46751
47.8 -2.54453
47.81 -2.59888
47.82 -2.63021
47.83 -2.63717
47.84 -2.61739
47.85 -2.56821
47.86 -2.48684
47.87 -2.36814
47.88 -2.2092
47.89 -2.01003
47.9 -1.76911
47.91 -1.48572
47.92 -1.16003
47.93 -0.792076
47.94 -0.382475
47.95 0.0612055
47.96 0.533866
47.97 1.02926
47.98 1.54009
47.99 2.05812
48 2.57297
48.01 3.07435
48.02 3.55232
48.03 3.99694
48.04 4.39853
48.05 4.7479
48.06 5.03029
48.07 5.2414
48.08 5.37713
48.09 5.43302
48.1 5.40616
48.11 5.29527
48.12 5.0957
48.13 4.81044
48.14 4.44864
48.15 4.01603
48.16 3.51975
48.17 2.96815
48.18 2.36949
48.19 1.73344
48.2 1.0748
48.21 0.404679
48.22 -0.265845
48.23 -0.925938
48.24 -1.56519
48.25 -2.1693
48.26 -2.73254
48.27 -3.24753
48.28 -3.7081
48.29 -4.10937
48.3 -4.4478
48.31 -4.71508
48.32 -4.9147
48.33 -5.04926
48.34 -5.1207
48.35 -5.13196
48.36 -5.08687
48.37 -4.98709
48.38 -4.83891
48.39 -4.65091
48.4 -4.42888
48.41 -4.1786
48.42 -3.90572
48.43 -3.61523
48.44 -3.31203
48.45 -3.00189
48.46 -2.68855
48.47 -2.37516
48.48 -2.06423
48.49 -1.75767
48.5 -1.4576
48.51 -1.16413
48.52 -0.877529
48.53 -0.597746
48.54 -0.324483
48.55 -0.057308
48.56 0.203771
48.57 0.459584
48.58 0.710534
48.59 0.95666
48.6 1.19775
48.61 1.43329
48.62 1.66204
48.63 1.88273
48.64 2.09434
48.65 2.29531
48.66 2.48392
48.67 2.65839
48.68 2.81638
48.69 2.95507
48.7 3.07448
48.71 3.17347
48.72 3.25122
48.73 3.3073
48.74 3.34161
48.75 3.35222
48.76 3.34262
48.77 3.31413
48.78 3.26842
48.79 3.20746
48.8 3.13343
48.81 3.04787
48.82 2.95417
48.83 2.85493
48.84 2.75235
48.85 2.64839
48.86 2.54475
48.87 2.44297
48.88 2.34414
48.89 2.24865
48.9 2.15663
48.91 2.06786
48.92 1.98179
48.93 1.89763
48.94 1.81424
48.95 1.73033
48.96 1.64471
48.97 1.55628
48.98 1.46406
48.99 1.36727
49 1.26483
49.01 1.15721
49.02 1.04471
49.03 0.927968
49.04 0.807996
49.05 0.686135
49.06 0.564169
49.07 0.444238
49.08 0.328397
49.09 0.218755
49.1 0.117396
49.11 0.0262871
49.12 -0.0519162
49.13 -0.115643
49.14 -0.164545
49.15 -0.197996
49.16 -0.21582
49.17 -0.218314
49.18 -0.205787
49.19 -0.179022
49.2 -0.141043
49.21 -0.0940015
49.22 -0.0403553
49.23 0.0171964
49.24 0.0757809
49.25 0.131872
49.26 0.182483
49.27 0.224778
49.28 0.256084
49.29 0.273958
49.3 0.27623
49.31 0.25923
49.32 0.222555
49.33 0.165601
49.34 0.0876668
49.35 -0.0116136
49.36 -0.13229
49.37 -0.275483
49.38 -0.440391
49.39 -0.625098
49.4 -0.82871
49.41 -1.05022
49.42 -1.28854
49.43 -1.54303
49.44 -1.81309
49.45 -2.09622
49.46 -2.39123
49.47 -2.69694
49.48 -3.01216
49.49 -3.33571
49.5 -3.66694
49.51 -4.00359
49.52 -4.34421
49.53 -4.68728
49.54 -5.03111
49.55 -5.37392
49.56 -5.71324
49.57 -6.04692
49.58 -6.37276
49.59 -6.68838
49.6 -6.99129
49.61 -7.27897
49.62 -7.54752
49.63 -7.79423
49.64 -8.01771
49.65 -8.2157
49.66 -8.38615
49.67 -8.52723
49.68 -8.63627
49.69 -8.71038
49.7 -8.75147
49.71 -8.75922
49.72 -8.73366
49.73 -8.67523
49.74 -8.58457
49.75 -8.45964
49.76 -8.30566
49.77 -8.12445
49.78 -7.91801
49.79 -7.68846
49.8 -7.43802
49.81 -7.16727
49.82 -6.87994
49.83 -6.57842
49.84 -6.26445
49.85 -5.93949
49.86 -5.6047
49.87 -5.26036
49.88 -4.90709
49.89 -4.54539
49.9 -4.17497
49.91 -3.79524
49.92 -3.40533
49.93 -3.00373
49.94 -2.58846
49.95 -2.15922
49.96 -1.71482
49.97 -1.25418
49.98 -0.776479
49.99 -0.281061
50 0.234079
50.01 0.766427
50.02 1.31496
50.03 1.87805
50.04 2.45348
50.05 3.03839
50.06 3.6295
50.07 4.22173
50.08 4.81021
50.09 5.38975
50.1 5.95482
50.11 6.49961
50.12 7.01595
50.13 7.4973
50.14 7.93926
50.15 8.33622
50.16 8.68294
50.17 8.97467
50.18 9.2049
50.19 9.36683
50.2 9.46298
50.21 9.49168
50.22 9.45212
50.23 9.34438
50.24 9.16893
50.25 8.9209
50.26 8.61078
50.27 8.24216
50.28 7.81931
50.29 7.34708
50.3 6.83085
50.31 6.27329
50.32 5.68418
50.33 5.07082
50.34 4.43978
50.35 3.79768
50.36 3.15112
50.37 2.50725
50.38 1.87337
50.39 1.25546
50.4 0.659449
50.41 0.0909699
50.42 -0.444632
50.43 -0.940714
50.44 -1.39006
50.45 -1.79172
50.46 -2.14194
50.47 -2.4374
50.48 -2.67522
50.49 -2.85258
50.5 -2.96096
50.51 -3.00613
50.52 -2.98763
50.53 -2.90565
50.54 -2.76104
50.55 -2.55535
50.56 -2.28536
50.57 -1.95904
50.58 -1.58159
50.59 -1.1576
50.6 -0.692291
50.61 -0.191473
50.62 0.340037
50.63 0.893893
50.64 1.46141
50.65 2.03516
50.66 2.60762
50.67 3.17127
50.68 3.71781
50.69 4.23805
50.7 4.72677
50.71 5.17775
50.72 5.58535
50.73 5.94455
50.74 6.25056
50.75 6.49355
50.76 6.67693
50.77 6.79886
50.78 6.85824
50.79 6.85468
50.8 6.78851
50.81 6.65471
50.82 6.45996
50.83 6.20784
50.84 5.90109
50.85 5.54287
50.86 5.13669
50.87 4.68366
50.88 4.18933
50.89 3.66042
50.9 3.10158
50.91 2.51764
50.92 1.91362
50.93 1.29433
50.94 0.665426
50.95 0.033505
50.96 -0.595909
50.97 -1.21723
50.98 -1.82486
50.99 -2.41298
51 -2.97283
51.01 -3.50134
51.02 -3.99339
51.03 -4.44411
51.04 -4.849
51.05 -5.20395
51.06 -5.4997
51.07 -5.73721
51.08 -5.9154
51.09 -6.03271
51.1 -6.08831
51.11 -6.08212
51.12 -6.0106
51.13 -5.87661
51.14 -5.68553
51.15 -5.44028
51.16 -5.14436
51.17 -4.80175
51.18 -4.41542
51.19 -3.98931
51.2 -3.53185
51.21 -3.04824
51.22 -2.54372
51.23 -2.02348
51.24 -1.49255
51.25 -0.95585
51.26 -0.419051
51.27 0.113521
51.28 0.63784
51.29 1.15019
51.3 1.64719
51.31 2.1236
51.32 2.57787
51.33 3.00796
51.34 3.41173
51.35 3.78727
51.36 4.13294
51.37 4.445
51.38 4.72273
51.39 4.96681
51.4 5.17657
51.41 5.35158
51.42 5.49168
51.43 5.59562
51.44 5.66253
51.45 5.69605
51.46 5.69732
51.47 5.66781
51.48 5.60927
51.49 5.52351
51.5 5.41066
51.51 5.2762
51.52 5.12281
51.53 4.95323
51.54 4.77016
51.55 4.57623
51.56 4.37325
51.57 4.16432
51.58 3.95135
51.59 3.73571
51.6 3.51833
51.61 3.29968
51.62 3.0796
51.63 2.85749
51.64 2.63237
51.65 2.40286
51.66 2.16724
51.67 1.92365
51.68 1.66961
51.69 1.40239
51.7 1.12105
51.71 0.824094
51.72 0.510393
51.73 0.179309
51.74 -0.169427
51.75 -0.536812
51.76 -0.919537
51.77 -1.31555
51.78 -1.72213
51.79 -2.13596
51.8 -2.55316
51.81 -2.96881
51.82 -3.37767
51.83 -3.77477
51.84 -4.15503
51.85 -4.5134
51.86 -4.845
51.87 -5.1427
51.88 -5.40251
51.89 -5.62251
51.9 -5.79985
51.91 -5.93233
51.92 -6.01848
51.93 -6.05559
51.94 -6.04201
51.95 -5.98241
51.96 -5.87839
51.97 -5.73215
51.98 -5.54648
51.99 -5.32426
52 -5.06649
52.01 -4.78116
52.02 -4.47261
52.03 -4.14536
52.04 -3.80402
52.05 -3.45328
52.06 -3.09781
52.07 -2.74316
52.08 -2.39391
52.09 -2.05445
52.1 -1.72902
52.11 -1.42163
52.12 -1.13799
52.13 -0.881624
52.14 -0.654653
52.15 -0.459977
52.16 -0.300144
52.17 -0.177315
52.18 -0.0949305
52.19 -0.05585
52.2 -0.0576426
52.21 -0.100432
52.22 -0.183799
52.23 -0.306772
52.24 -0.468265
52.25 -0.669359
52.26 -0.903208
52.27 -1.16661
52.28 -1.45593
52.29 -1.76719
52.3 -2.09611
52.31 -2.43906
52.32 -2.78976
52.33 -3.14329
52.34 -3.49502
52.35 -3.84044
52.36 -4.17522
52.37 -4.4939
52.38 -4.79255
52.39 -5.0685
52.4 -5.31868
52.41 -5.54032
52.42 -5.73099
52.43 -5.88701
52.44 -6.005
52.45 -6.08596
52.46 -6.12842
52.47 -6.13109
52.48 -6.09278
52.49 -6.01183
52.5 -5.88304
52.51 -5.71016
52.52 -5.49251
52.53 -5.22958
52.54 -4.92113
52.55 -4.56723
52.56 -4.16373
52.57 -3.71567
52.58 -3.22543
52.59 -2.69525
52.6 -2.12806
52.61 -1.52749
52.62 -0.896136
52.63 -0.240747
52.64 0.431358
52.65 1.11358
52.66 1.7988
52.67 2.4795
52.68 3.14694
52.69 3.79135
52.7 4.40598
52.71 4.98328
52.72 5.51617
52.73 5.99819
52.74 6.42281
52.75 6.77899
52.76 7.0695
52.77 7.29203
52.78 7.44541
52.79 7.52965
52.8 7.5459
52.81 7.48987
52.82 7.3711
52.83 7.19503
52.84 6.96671
52.85 6.69175
52.86 6.37613
52.87 6.02403
52.88 5.64364
52.89 5.24274
52.9 4.82735
52.91 4.40314
52.92 3.97541
52.93 3.54925
52.94 3.1298
52.95 2.72059
52.96 2.3249
52.97 1.94553
52.98 1.5849
52.99 1.24539
53 0.931053
53.01 0.641061
53.02 0.376646
53.03 0.138865
53.04 -0.0713941
53.05 -0.25341
53.06 -0.403579
53.07 -0.524153
53.08 -0.615591
53.09 -0.678194
53.1 -0.712612
53.11 -0.719889
53.12 -0.699715
53.13 -0.655112
53.14 -0.58976
53.15 -0.506596
53.16 -0.408953
53.17 -0.300492
53.18 -0.185001
53.19 -0.0670535
53.2 0.0488339
53.21 0.158773
53.22 0.259172
53.23 0.346866
53.24 0.418991
53.25 0.471875
53.26 0.506254
53.27 0.522013
53.28 0.519888
53.29 0.501446
53.3 0.469037
53.31 0.424925
53.32 0.374189
53.33 0.321083
53.34 0.269868
53.35 0.224781
53.36 0.189827
53.37 0.169853
53.38 0.167687
53.39 0.184583
53.4 0.221478
53.41 0.278252
53.42 0.353685
53.43 0.446034
53.44 0.551644
53.45 0.664724
53.46 0.779912
53.47 0.891268
53.48 0.99249
53.49 1.07679
53.5 1.13502
53.51 1.16332
53.52 1.15663
53.53 1.11077
53.54 1.02269
53.55 0.89053
53.56 0.709104
53.57 0.483714
53.58 0.217589
53.59 -0.085437
53.6 -0.420396
53.61 -0.781351
53.62 -1.1625
53.63 -1.5549
53.64 -1.9502
53.65 -2.3409
53.66 -2.71981
53.67 -3.08028
53.68 -3.41499
53.69 -3.71747
53.7 -3.98593
53.71 -4.21783
53.72 -4.41173
53.73 -4.56734
53.74 -4.68483
53.75 -4.76299
53.76 -4.80838
53.77 -4.8242
53.78 -4.81399
53.79 -4.78144
53.8 -4.7302
53.81 -4.66241
53.82 -4.58277
53.83 -4.49385
53.84 -4.39737
53.85 -4.29436
53.86 -4.18515
53.87 -4.06881
53.88 -3.94435
53.89 -3.81046
53.9 -3.66516
53.91 -3.50625
53.92 -3.33145
53.93 -3.13761
53.94 -2.92196
53.95 -2.68436
53.96 -2.42382
53.97 -2.13991
53.98 -1.83282
53.99 -1.50304
54 -1.15051
54.01 -0.779773
54.02 -0.393583
54.03 0.00488694
54.04 0.412149
54.05 0.824511
54.06 1.23793
54.07 1.64814
54.08 2.05157
54.09 2.44489
54.1 2.82509
54.11 3.18951
54.12 3.5343
54.13 3.85794
54.14 4.15975
54.15 4.43855
54.16 4.69338
54.17 4.92345
54.18 5.12685
54.19 5.30213
54.2 5.45049
54.21 5.57114
54.22 5.6632
54.23 5.72566
54.24 5.75685
54.25 5.75268
54.26 5.71519
54.27 5.6433
54.28 5.53611
54.29 5.39299
54.3 5.21371
54.31 4.99474
54.32 4.74056
54.33 4.45336
54.34 4.13559
54.35 3.79048
54.36 3.42202
54.37 3.03397
54.38 2.63331
54.39 2.22703
54.4 1.82181
54.41 1.42463
54.42 1.04266
54.43 0.684462
54.44 0.358732
54.45 0.0701751
54.46 -0.175374
54.47 -0.372838
54.48 -0.518029
54.49 -0.606725
54.5 -0.631809
54.51 -0.598464
54.52 -0.507263
54.53 -0.359938
54.54 -0.15933
54.55 0.0906817
54.56 0.389516
54.57 0.726457
54.58 1.09447
54.59 1.48658
54.6 1.89543
54.61 2.31351
54.62 2.73276
54.63 3.14462
54.64 3.54191
54.65 3.91781
54.66 4.26596
54.67 4.58055
54.68 4.85419
54.69 5.08065
54.7 5.25902
54.71 5.38621
54.72 5.4598
54.73 5.47802
54.74 5.4387
54.75 5.33659
54.76 5.17782
54.77 4.96326
54.78 4.69437
54.79 4.37313
54.8 4.00206
54.81 3.5794
54.82 3.11368
54.83 2.60947
54.84 2.0712
54.85 1.50369
54.86 0.912039
54.87 0.300623
54.88 -0.323428
54.89 -0.953577
54.9 -1.58398
54.91 -2.20879
54.92 -2.82229
54.93 -3.41779
54.94 -3.98875
54.95 -4.5316
54.96 -5.04192
54.97 -5.5158
54.98 -5.94989
54.99 -6.34057
55 -6.68184
55.01 -6.97679
55.02 -7.2248
55.03 -7.42588
55.04 -7.58063
55.05 -7.69026
55.06 -7.7519
55.07 -7.77236
55.08 -7.75475
55.09 -7.702
55.1 -7.61729
55.11 -7.5039
55.12 -7.36348
55.13 -7.20085
55.14 -7.02031
55.15 -6.82505
55.16 -6.61804
55.17 -6.40206
55.18 -6.17946
55.19 -5.95274
55.2 -5.72429
55.21 -5.49576
55.22 -5.26855
55.23 -5.0438
55.24 -4.82248
55.25 -4.60562
55.26 -4.39322
55.27 -4.18547
55.28 -3.98235
55.29 -3.78369
55.3 -3.58918
55.31 -3.39873
55.32 -3.21136
55.33 -3.02639
55.34 -2.8431
55.35 -2.66078
55.36 -2.47865
55.37 -2.29589
55.38 -2.1117
55.39 -1.9255
55.4 -1.73673
55.41 -1.54499
55.42 -1.34997
55.43 -1.15137
55.44 -0.949201
55.45 -0.743977
55.46 -0.536164
55.47 -0.326422
55.48 -0.115597
55.49 0.0952685
55.5 0.304734
55.51 0.511475
55.52 0.714064
55.53 0.911015
55.54 1.10083
55.55 1.28203
55.56 1.45194
55.57 1.61017
55.58 1.75573
55.59 1.88769
55.6 2.00538
55.61 2.10836
55.62 2.19526
55.63 2.26688
55.64 2.32426
55.65 2.36816
55.66 2.39957
55.67 2.41974
55.68 2.42969
55.69 2.4312
55.7 2.42673
55.71 2.41821
55.72 2.40759
55.73 2.39684
55.74 2.38799
55.75 2.38343
55.76 2.38466
55.77 2.39324
55.78 2.41052
55.79 2.43764
55.8 2.47548
55.81 2.52592
55.82 2.58806
55.83 2.66167
55.84 2.74628
55.85 2.84108
55.86 2.94491
55.87 3.05671
55.88 3.17399
55.89 3.29419
55.9 3.41472
55.91 3.53274
55.92 3.64514
55.93 3.74798
55.94 3.83704
55.95 3.90944
55.96 3.96161
55.97 3.99007
55.98 3.99145
55.99 3.96191
56 3.89569
56.01 3.7935
56.02 3.65348
56.03 3.47429
56.04 3.25517
56.05 2.99604
56.06 2.69317
56.07 2.35229
56.08 1.97594
56.09 1.56706
56.1 1.12928
56.11 0.666851
56.12 0.183439
56.13 -0.313921
56.14 -0.818613
56.15 -1.32446
56.16 -1.82509
56.17 -2.31406
56.18 -2.78361
56.19 -3.22613
56.2 -3.63696
56.21 -4.01052
56.22 -4.34166
56.23 -4.62581
56.24 -4.85772
56.25 -5.02956
56.26 -5.14397
56.27 -5.19923
56.28 -5.19433
56.29 -5.12896
56.3 -5.00353
56.31 -4.81261
56.32 -4.56445
56.33 -4.26198
56.34 -3.9082
56.35 -3.50658
56.36 -3.06103
56.37 -2.57294
56.38 -2.04939
56.39 -1.4968
56.4 -0.920323
56.41 -0.325257
56.42 0.282986
56.43 0.899037
56.44 1.51659
56.45 2.12975
56.46 2.73317
56.47 3.32164
56.48 3.89013
56.49 4.43315
56.5 4.94336
56.51 5.41917
56.52 5.85677
56.53 6.25277
56.54 6.6042
56.55 6.90852
56.56 7.15786
56.57 7.35583
56.58 7.50179
56.59 7.59522
56.6 7.63605
56.61 7.62466
56.62 7.55761
56.63 7.43866
56.64 7.27131
56.65 7.05742
56.66 6.79909
56.67 6.49865
56.68 6.15662
56.69 5.77558
56.7 5.361
56.71 4.9158
56.72 4.44301
56.73 3.94581
56.74 3.42703
56.75 2.88929
56.76 2.3382
56.77 1.77758
56.78 1.21147
56.79 0.644133
56.8 0.0800632
56.81 -0.474495
56.82 -1.01488
56.83 -1.53591
56.84 -2.03217
56.85 -2.49817
56.86 -2.92838
56.87 -3.31336
56.88 -3.64914
56.89 -3.93232
56.9 -4.15843
56.91 -4.32353
56.92 -4.42439
56.93 -4.45482
56.94 -4.41239
56.95 -4.30136
56.96 -4.12258
56.97 -3.87807
56.98 -3.57101
56.99 -3.20442
57 -2.78078
57.01 -2.31239
57.02 -1.80688
57.03 -1.27267
57.04 -0.718777
57.05 -0.154679
57.06 0.408811
57.07 0.960879
57.08 1.49195
57.09 1.99284
57.1 2.45492
57.11 2.87031
57.12 3.22689
57.13 3.52073
57.14 3.74924
57.15 3.90905
57.16 3.99802
57.17 4.01521
57.18 3.95702
57.19 3.82447
57.2 3.62499
57.21 3.36224
57.22 3.04065
57.23 2.66533
57.24 2.24085
57.25 1.7711
57.26 1.26691
57.27 0.734658
57.28 0.180691
57.29 -0.388804
57.3 -0.967879
57.31 -1.55075
57.32 -2.1313
57.33 -2.70483
57.34 -3.26711
57.35 -3.81439
57.36 -4.34341
57.37 -4.84933
57.38 -5.33061
57.39 -5.78618
57.4 -6.21457
57.41 -6.61464
57.42 -6.98555
57.43 -7.32506
57.44 -7.63246
57.45 -7.90959
57.46 -8.15643
57.47 -8.37308
57.48 -8.55967
57.49 -8.71565
57.5 -8.83913
57.51 -8.93313
57.52 -8.99771
57.53 -9.0329
57.54 -9.03858
57.55 -9.01453
57.56 -8.95685
57.57 -8.86835
57.58 -8.7485
57.59 -8.59652
57.6 -8.41152
57.61 -8.19256
57.62 -7.9355
57.63 -7.64107
57.64 -7.30956
57.65 -6.94023
57.66 -6.53254
57.67 -6.08623
57.68 -5.59926
57.69 -5.07201
57.7 -4.50818
57.71 -3.90954
57.72 -3.2785
57.73 -2.61811
57.74 -1.93157
57.75 -1.22253
57.76 -0.498611
57.77 0.234357
57.78 0.970003
57.79 1.70153
57.8 2.4218
57.81 3.12042
57.82 3.79139
57.83 4.4275
57.84 5.02177
57.85 5.56761
57.86 6.05905
57.87 6.48519
57.88 6.84434
57.89 7.13535
57.9 7.35601
57.91 7.50527
57.92 7.58314
57.93 7.58691
57.94 7.51888
57.95 7.38709
57.96 7.19604
57.97 6.95104
57.98 6.65808
57.99 6.3228
58 5.95084
58.01 5.55323
58.02 5.13728
58.03 4.7102
58.04 4.27896
58.05 3.85018
58.06 3.43168
58.07 3.0285
58.08 2.64536
58.09 2.28635
58.1 1.95482
58.11 1.6534
58.12 1.38696
58.13 1.15503
58.14 0.956947
58.15 0.792577
58.16 0.661256
58.17 0.561878
58.18 0.494599
58.19 0.457441
58.2 0.446349
58.21 0.458995
58.22 0.492908
58.23 0.545504
58.24 0.614483
58.25 0.697626
58.26 0.790715
58.27 0.890962
58.28 0.995559
58.29 1.10169
58.3 1.20653
58.31 1.30644
58.32 1.39883
58.33 1.48096
58.34 1.55011
58.35 1.60368
58.36 1.63919
58.37 1.65231
58.38 1.64184
58.39 1.60669
58.4 1.54538
58.41 1.45683
58.42 1.34037
58.43 1.19413
58.44 1.01836
58.45 0.815753
58.46 0.587747
58.47 0.336302
58.48 0.063887
58.49 -0.226948
58.5 -0.533229
58.51 -0.849443
58.52 -1.1714
58.53 -1.49466
58.54 -1.81467
58.55 -2.12678
58.56 -2.42434
58.57 -2.70396
58.58 -2.96143
58.59 -3.19288
58.6 -3.39482
58.61 -3.56419
58.62 -3.69516
58.63 -3.78761
58.64 -3.84145
58.65 -3.85606
58.66 -3.83143
58.67 -3.76812
58.68 -3.66516
58.69 -3.52443
58.7 -3.35056
58.71 -3.14622
58.72 -2.91447
58.73 -2.65866
58.74 -2.3819
58.75 -2.08742
58.76 -1.78093
58.77 -1.46636
58.78 -1.14759
58.79 -0.828458
58.8 -0.512669
58.81 -0.205016
58.82 0.0916705
58.83 0.374316
58.84 0.640087
58.85 0.886415
58.86 1.11102
58.87 1.30964
58.88 1.48182
58.89 1.62706
58.9 1.74443
58.91 1.83332
58.92 1.89347
58.93 1.92327
58.94 1.92317
58.95 1.89577
58.96 1.8422
58.97 1.7639
58.98 1.6626
58.99 1.53972
59 1.39663
59.01 1.23767
59.02 1.06542
59.03 0.882541
59.04 0.691753
59.05 0.495748
59.06 0.297146
59.07 0.0989655
59.08 -0.0965274
59.09 -0.287307
59.1 -0.471631
59.11 -0.648071
59.12 -0.814661
59.13 -0.971181
59.14 -1.11764
59.15 -1.25411
59.16 -1.38098
59.17 -1.49891
59.18 -1.60838
59.19 -1.71062
59.2 -1.8073
59.21 -1.89958
59.22 -1.98854
59.23 -2.07512
59.24 -2.15996
59.25 -2.24338
59.26 -2.32542
59.27 -2.40554
59.28 -2.48276
59.29 -2.55562
59.3 -2.62218
59.31 -2.67866
59.32 -2.72301
59.33 -2.75199
59.34 -2.76217
59.35 -2.74995
59.36 -2.71172
59.37 -2.64091
59.38 -2.53566
59.39 -2.39399
59.4 -2.21353
59.41 -1.99252
59.42 -1.7299
59.43 -1.42289
59.44 -1.0724
59.45 -0.682726
59.46 -0.256624
59.47 0.202229
59.48 0.689246
59.49 1.19948
59.5 1.72671
59.51 2.26191
59.52 2.79749
59.53 3.32547
59.54 3.83765
59.55 4.32574
59.56 4.77672
59.57 5.18589
59.58 5.5459
59.59 5.85004
59.6 6.09233
59.61 6.2677
59.62 6.36529
59.63 6.38635
59.64 6.33152
59.65 6.20053
59.66 5.99436
59.67 5.71522
59.68 5.36255
59.69 4.94199
59.7 4.46364
59.71 3.9345
59.72 3.36241
59.73 2.75599
59.74 2.12402
59.75 1.47677
59.76 0.82645
59.77 0.183299
59.78 -0.442477
59.79 -1.04088
59.8 -1.60221
59.81 -2.11085
59.82 -2.56327
59.83 -2.95211
59.84 -3.27098
59.85 -3.51461
59.86 -3.67892
59.87 -3.75334
59.88 -3.74167
59.89 -3.64655
59.9 -3.46963
59.91 -3.21386
59.92 -2.88355
59.93 -2.48035
59.94 -2.0124
59.95 -1.49166
59.96 -0.926937
59.97 -0.327711
59.98 0.29603
59.99 0.93407
60 1.57471
60.01 2.20654
60.02 2.81956
60.03 3.40427
60.04 3.95184
60.05 4.45417
60.06 4.89738
60.07 5.28141
60.08 5.60185
60.09 5.85548
60.1 6.04039
60.11 6.15588
60.12 6.19626
60.13 6.16811
60.14 6.07645
60.15 5.92527
60.16 5.71939
60.17 5.46425
60.18 5.16354
60.19 4.82484
60.2 4.4572
60.21 4.06721
60.22 3.66133
60.23 3.2458
60.24 2.82659
60.25 2.40993
60.26 2.00087
60.27 1.60364
60.28 1.2219
60.29 0.858706
60.3 0.516594
60.31 0.200332
60.32 -0.0913658
60.33 -0.357686
60.34 -0.598216
60.35 -0.812883
60.36 -1.0019
60.37 -1.16343
60.38 -1.29985
60.39 -1.41268
60.4 -1.50279
60.41 -1.57115
60.42 -1.61876
60.43 -1.6455
60.44 -1.65273
60.45 -1.6427
60.46 -1.6166
60.47 -1.57567
60.48 -1.52122
60.49 -1.4543
60.5 -1.37603
60.51 -1.28908
60.52 -1.19518
60.53 -1.09614
60.54 -0.993896
60.55 -0.890431
60.56 -0.788158
60.57 -0.689268
60.58 -0.595864
60.59 -0.51002
60.6 -0.433756
60.61 -0.369004
60.62 -0.318998
60.63 -0.284689
60.64 -0.267156
60.65 -0.267649
60.66 -0.287199
60.67 -0.326606
60.68 -0.387757
60.69 -0.47082
60.7 -0.574601
60.71 -0.698819
60.72 -0.842937
60.73 -1.00616
60.74 -1.18801
60.75 -1.38788
60.76 -1.6026
60.77 -1.83035
60.78 -2.06906
60.79 -2.31647
60.8 -2.57013
60.81 -2.82744
60.82 -3.08486
60.83 -3.3394
60.84 -3.58795
60.85 -3.82733
60.86 -4.05432
60.87 -4.26395
60.88 -4.45376
60.89 -4.6212
60.9 -4.76346
60.91 -4.87799
60.92 -4.96254
60.93 -5.01304
60.94 -5.02811
60.95 -5.00868
60.96 -4.95436
60.97 -4.86529
60.98 -4.74215
60.99 -4.58509
61 -4.39458
61.01 -4.17583
61.02 -3.9317
61.03 -3.66542
61.04 -3.38056
61.05 -3.08087
61.06 -2.76961
61.07 -2.45245
61.08 -2.13339
61.09 -1.81626
61.1 -1.50468
61.11 -1.20197
61.12 -0.912449
61.13 -0.638004
61.14 -0.380222
61.15 -0.140502
61.16 0.0802623
61.17 0.281665
61.18 0.462526
61.19 0.623632
61.2 0.766965
61.21 0.893693
61.22 1.00517
61.23 1.10283
61.24 1.18775
61.25 1.26095
61.26 1.32464
61.27 1.37977
61.28 1.427
61.29 1.46665
61.3 1.49866
61.31 1.52169
61.32 1.5358
61.33 1.53987
61.34 1.53252
61.35 1.51218
61.36 1.47717
61.37 1.424
61.38 1.35202
61.39 1.26017
61.4 1.14727
61.41 1.01248
61.42 0.855412
61.43 0.674739
61.44 0.471561
61.45 0.24853
61.46 0.00768646
61.47 -0.248314
61.48 -0.516228
61.49 -0.792391
61.5 -1.07204
61.51 -1.34974
61.52 -1.62042
61.53 -1.87881
61.54 -2.11959
61.55 -2.3373
61.56 -2.52318
61.57 -2.6753
61.58 -2.7894
61.59 -2.86181
61.6 -2.88949
61.61 -2.87014
61.62 -2.7975
61.63 -2.67455
61.64 -2.50297
61.65 -2.28418
61.66 -2.02044
61.67 -1.7149
61.68 -1.36927
61.69 -0.989518
61.7 -0.583138
61.71 -0.156116
61.72 0.285156
61.73 0.733998
61.74 1.18332
61.75 1.62495
61.76 2.05216
61.77 2.45845
61.78 2.83762
61.79 3.18394
61.8 3.49197
61.81 3.75201
61.82 3.96488
61.83 4.12765
61.84 4.23816
61.85 4.29507
61.86 4.29781
61.87 4.24145
61.88 4.13119
61.89 3.97022
61.9 3.76109
61.91 3.50696
61.92 3.21152
61.93 2.87672
61.94 2.50837
61.95 2.11335
61.96 1.6968
61.97 1.264
61.98 0.820294
61.99 0.371025
62 -0.0777965
62.01 -0.520686
62.02 -0.952745
62.03 -1.36933
62.04 -1.76608
62.05 -2.13879
62.06 -2.48045
62.07 -2.79077
62.08 -3.06705
62.09 -3.30706
62.1 -3.50903
62.11 -3.67168
62.12 -3.79026
62.13 -3.86752
62.14 -3.90472
62.15 -3.90264
62.16 -3.86254
62.17 -3.78609
62.18 -3.67323
62.19 -3.52735
62.2 -3.35313
62.21 -3.15371
62.22 -2.93244
62.23 -2.69284
62.24 -2.43811
62.25 -2.17193
62.26 -1.89907
62.27 -1.62303
62.28 -1.34716
62.29 -1.07457
62.3 -0.808177
62.31 -0.551732
62.32 -0.306566
62.33 -0.074405
62.34 0.143405
62.35 0.345901
62.36 0.532494
62.37 0.701361
62.38 0.853885
62.39 0.990874
62.4 1.11299
62.41 1.22108
62.42 1.3161
62.43 1.39831
62.44 1.46908
62.45 1.52999
62.46 1.58189
62.47 1.6255
62.48 1.66135
62.49 1.6895
62.5 1.70976
62.51 1.72264
62.52 1.72785
62.53 1.72495
62.54 1.71337
62.55 1.69241
62.56 1.66028
62.57 1.61744
62.58 1.56339
62.59 1.4978
62.6 1.42053
62.61 1.33172
62.62 1.2308
62.63 1.11957
62.64 0.999538
62.65 0.87234
62.66 0.739991
62.67 0.604869
62.68 0.469899
62.69 0.338587
62.7 0.214219
62.71 0.100256
62.72 0.000248457
62.73 -0.0822514
62.74 -0.142811
62.75 -0.176633
62.76 -0.182539
62.77 -0.157949
62.78 -0.100738
62.79 -0.00931417
62.8 0.11763
62.81 0.284052
62.82 0.485392
62.83 0.720313
62.84 0.986719
62.85 1.28175
62.86 1.60181
62.87 1.94414
62.88 2.30145
62.89 2.66759
62.9 3.03635
62.91 3.40116
62.92 3.75516
62.93 4.08959
62.94 4.3967
62.95 4.67062
62.96 4.90481
62.97 5.09316
62.98 5.23014
62.99 5.30849
63 5.32123
63.01 5.27017
63.02 5.15355
63.03 4.97064
63.04 4.7219
63.05 4.40833
63.06 4.02687
63.07 3.58884
63.08 3.09944
63.09 2.56488
63.1 1.99218
63.11 1.38912
63.12 0.762759
63.13 0.12475
63.14 -0.515347
63.15 -1.14835
63.16 -1.7652
63.17 -2.35709
63.18 -2.91275
63.19 -3.42404
63.2 -3.88586
63.21 -4.29226
63.22 -4.6382
63.23 -4.91966
63.24 -5.13085
63.25 -5.26689
63.26 -5.33271
63.27 -5.32875
63.28 -5.25637
63.29 -5.11785
63.3 -4.91565
63.31 -4.64814
63.32 -4.32679
63.33 -3.95662
63.34 -3.54302
63.35 -3.09166
63.36 -2.6084
63.37 -2.09717
63.38 -1.56674
63.39 -1.02355
63.4 -0.473385
63.41 0.0780821
63.42 0.625375
63.43 1.16217
63.44 1.6829
63.45 2.18333
63.46 2.65898
63.47 3.10563
63.48 3.51934
63.49 3.89482
63.5 4.22677
63.51 4.5153
63.52 4.75796
63.53 4.95271
63.54 5.09799
63.55 5.19216
63.56 5.22965
63.57 5.21629
63.58 5.15296
63.59 5.04114
63.6 4.883
63.61 4.68132
63.62 4.43587
63.63 4.15454
63.64 3.84283
63.65 3.50589
63.66 3.14928
63.67 2.77883
63.68 2.40045
63.69 2.02129
63.7 1.64767
63.71 1.28536
63.72 0.939787
63.73 0.615959
63.74 0.319593
63.75 0.0561219
63.76 -0.173689
63.77 -0.367696
63.78 -0.52456
63.79 -0.643748
63.8 -0.725116
63.81 -0.766366
63.82 -0.773564
63.83 -0.749326
63.84 -0.69683
63.85 -0.619726
63.86 -0.522043
63.87 -0.406886
63.88 -0.280631
63.89 -0.148133
63.9 -0.0139047
63.91 0.117668
63.92 0.242402
63.93 0.35533
63.94 0.452634
63.95 0.531735
63.96 0.589891
63.97 0.624763
63.98 0.634421
63.99 0.616155
64 0.567696
64.01 0.490522
64.02 0.38433
64.03 0.249146
64.04 0.0853044
64.05 -0.106897
64.06 -0.329045
64.07 -0.576867
64.08 -0.848891
64.09 -1.14341
64.1 -1.45849
64.11 -1.79198
64.12 -2.14286
64.13 -2.50686
64.14 -2.88081
64.15 -3.26168
64.16 -3.64621
64.17 -4.03101
64.18 -4.41203
64.19 -4.78515
64.2 -5.14682
64.21 -5.49328
64.22 -5.8208
64.23 -6.12572
64.24 -6.40322
64.25 -6.64844
64.26 -6.86042
64.27 -7.03638
64.28 -7.17391
64.29 -7.27097
64.3 -7.32538
64.31 -7.33174
64.32 -7.2941
64.33 -7.21239
64.34 -7.08704
64.35 -6.91898
64.36 -6.70961
64.37 -6.45696
64.38 -6.16709
64.39 -5.84349
64.4 -5.48935
64.41 -5.10814
64.42 -4.70361
64.43 -4.2786
64.44 -3.83835
64.45 -3.38797
64.46 -2.93172
64.47 -2.47384
64.48 -2.01847
64.49 -1.57011
64.5 -1.13352
64.51 -0.711682
64.52 -0.307896
64.53 0.0748614
64.54 0.433945
64.55 0.766698
64.56 1.0684
64.57 1.3405
64.58 1.58203
64.59 1.7924
64.6 1.97144
64.61 2.11935
64.62 2.2336
64.63 2.31795
64.64 2.37421
64.65 2.40396
64.66 2.409
64.67 2.39134
64.68 2.35177
64.69 2.29345
64.7 2.21968
64.71 2.13281
64.72 2.03519
64.73 1.92913
64.74 1.81669
64.75 1.7002
64.76 1.58209
64.77 1.46428
64.78 1.34852
64.79 1.23648
64.8 1.12978
64.81 1.03064
64.82 0.93977
64.83 0.858364
64.84 0.787548
64.85 0.728367
64.86 0.681789
64.87 0.650207
64.88 0.633299
64.89 0.631525
64.9 0.645446
64.91 0.675488
64.92 0.72191
64.93 0.786005
64.94 0.867082
64.95 0.963903
64.96 1.0757
64.97 1.20141
64.98 1.33962
64.99 1.489
65 1.64737
65.01 1.81145
65.02 1.97843
65.03 2.14523
65.04 2.30856
65.05 2.46477
65.06 2.60882
65.07 2.73788
65.08 2.84838
65.09 2.93688
65.1 3.00019
65.11 3.0354
65.12 3.03658
65.13 3.00434
65.14 2.93786
65.15 2.83644
65.16 2.70004
65.17 2.5293
65.18 2.32322
65.19 2.08525
65.2 1.81974
65.21 1.53022
65.22 1.22073
65.23 0.895828
65.24 0.560248
65.25 0.219927
65.26 -0.118894
65.27 -0.450632
65.28 -0.769747
65.29 -1.07085
65.3 -1.34838
65.31 -1.59448
65.32 -1.80753
65.33 -1.98392
65.34 -2.12066
65.35 -2.21545
65.36 -2.26669
65.37 -2.26876
65.38 -2.22575
65.39 -2.13913
65.4 -2.01038
65.41 -1.84164
65.42 -1.63564
65.43 -1.39331
65.44 -1.11996
65.45 -0.821199
65.46 -0.501339
65.47 -0.164819
65.48 0.183891
65.49 0.540533
65.5 0.900343
65.51 1.25885
65.52 1.61243
65.53 1.95784
65.54 2.29226
65.55 2.61306
65.56 2.91676
65.57 3.20352
65.58 3.47242
65.59 3.72299
65.6 3.95508
65.61 4.16885
65.62 4.36284
65.63 4.53932
65.64 4.69917
65.65 4.84301
65.66 4.97134
65.67 5.0845
65.68 5.18145
65.69 5.26247
65.7 5.32767
65.71 5.3762
65.72 5.40687
65.73 5.41819
65.74 5.40735
65.75 5.37142
65.76 5.30988
65.77 5.22058
65.78 5.10143
65.79 4.95051
65.8 4.76558
65.81 4.54217
65.82 4.28312
65.83 3.98833
65.84 3.65833
65.85 3.29433
65.86 2.8983
65.87 2.47015
65.88 2.01658
65.89 1.54231
65.9 1.05227
65.91 0.551956
65.92 0.0472775
65.93 -0.454868
65.94 -0.947202
65.95 -1.42341
65.96 -1.87721
65.97 -2.30262
65.98 -2.69412
65.99 -3.04468
66 -3.34839
66.01 -3.60501
66.02 -3.81226
66.03 -3.96886
66.04 -4.0745
66.05 -4.12909
66.06 -4.1305
66.07 -4.08688
66.08 -4.00204
66.09 -3.88058
66.1 -3.72776
66.11 -3.54939
66.12 -3.35032
66.13 -3.13961
66.14 -2.92414
66.15 -2.71048
66.16 -2.505
66.17 -2.31372
66.18 -2.14418
66.19 -2.00129
66.2 -1.8883
66.21 -1.80858
66.22 -1.76468
66.23 -1.7583
66.24 -1.79206
66.25 -1.86668
66.26 -1.97813
66.27 -2.12435
66.28 -2.3025
66.29 -2.509
66.3 -2.73997
66.31 -2.99157
66.32 -3.25602
66.33 -3.52763
66.34 -3.80048
66.35 -4.06855
66.36 -4.32585
66.37 -4.56408
66.38 -4.7787
66.39 -4.96481
66.4 -5.1178
66.41 -5.23364
66.42 -5.309
66.43 -5.33774
66.44 -5.31952
66.45 -5.25551
66.46 -5.14584
66.47 -4.99156
66.48 -4.7945
66.49 -4.55555
66.5 -4.27783
66.51 -3.96845
66.52 -3.63214
66.53 -3.2741
66.54 -2.89979
66.55 -2.51481
66.56 -2.12521
66.57 -1.73759
66.58 -1.35732
66.59 -0.989435
66.6 -0.638541
66.61 -0.308711
66.62 -0.00643165
66.63 0.2677
66.64 0.51201
66.65 0.725223
66.66 0.906731
66.67 1.05657
66.68 1.173
66.69 1.25859
66.7 1.31639
66.71 1.3485
66.72 1.35731
66.73 1.34539
66.74 1.31471
66.75 1.2681
66.76 1.20956
66.77 1.14175
66.78 1.06722
66.79 0.988379
66.8 0.907518
66.81 0.827036
66.82 0.749054
66.83 0.675416
66.84 0.60787
66.85 0.548091
66.86 0.497695
66.87 0.459637
66.88 0.434522
66.89 0.423714
66.9 0.428639
66.91 0.450639
66.92 0.490932
66.93 0.552188
66.94 0.634546
66.95 0.73765
66.96 0.861584
66.97 1.00601
66.98 1.1701
66.99 1.35334
67 1.5538
67.01 1.76755
67.02 1.9914
67.03 2.22163
67.04 2.45401
67.05 2.68375
67.06 2.9046
67.07 3.11168
67.08 3.2997
67.09 3.46348
67.1 3.59803
67.11 3.69871
67.12 3.75678
67.13 3.77231
67.14 3.74312
67.15 3.6675
67.16 3.54462
67.17 3.37461
67.18 3.15497
67.19 2.88999
67.2 2.58464
67.21 2.24282
67.22 1.86908
67.23 1.46856
67.24 1.04606
67.25 0.608005
67.26 0.161816
67.27 -0.286592
67.28 -0.731493
67.29 -1.16747
67.3 -1.58913
67.31 -1.98999
67.32 -2.36776
67.33 -2.71932
67.34 -3.04213
67.35 -3.33428
67.36 -3.59444
67.37 -3.8181
67.38 -4.0083
67.39 -4.16551
67.4 -4.29014
67.41 -4.38282
67.42 -4.44431
67.43 -4.47303
67.44 -4.47115
67.45 -4.44062
67.46 -4.38212
67.47 -4.2962
67.48 -4.18336
67.49 -4.04269
67.5 -3.87412
67.51 -3.67993
67.52 -3.4606
67.53 -3.21677
67.54 -2.94923
67.55 -2.65862
67.56 -2.34483
67.57 -2.01188
67.58 -1.66193
67.59 -1.2975
67.6 -0.92146
67.61 -0.537053
67.62 -0.147707
67.63 0.241829
67.64 0.627453
67.65 1.00499
67.66 1.37021
67.67 1.71892
67.68 2.04505
67.69 2.3451
67.7 2.61639
67.71 2.85576
67.72 3.06043
67.73 3.22814
67.74 3.35498
67.75 3.43889
67.76 3.48199
67.77 3.48429
67.78 3.44631
67.79 3.36914
67.8 3.25362
67.81 3.09948
67.82 2.91315
67.83 2.69784
67.84 2.45716
67.85 2.19511
67.86 1.91604
67.87 1.62378
67.88 1.32514
67.89 1.02541
67.9 0.729975
67.91 0.44431
67.92 0.173916
67.93 -0.0735687
67.94 -0.293014
67.95 -0.480182
67.96 -0.630328
67.97 -0.739119
67.98 -0.80274
67.99 -0.815301
68 -0.773199
68.01 -0.678316
68.02 -0.53006
68.03 -0.328777
68.04 -0.0757987
68.05 0.227554
68.06 0.580865
68.07 0.974682
68.08 1.40346
68.09 1.86079
68.1 2.33953
68.11 2.83189
68.12 3.32921
68.13 3.82137
68.14 4.29951
68.15 4.75489
68.16 5.17898
68.17 5.56366
68.18 5.89688
68.19 6.17317
68.2 6.38868
68.21 6.53874
68.22 6.61979
68.23 6.62944
68.24 6.56262
68.25 6.41845
68.26 6.20343
68.27 5.92021
68.28 5.57249
68.29 5.16494
68.3 4.70197
68.31 4.18712
68.32 3.63256
68.33 3.04565
68.34 2.43403
68.35 1.80545
68.36 1.16765
68.37 0.528959
68.38 -0.10238
68.39 -0.719402
68.4 -1.31559
68.41 -1.88495
68.42 -2.42201
68.43 -2.91845
68.44 -3.37133
68.45 -3.77865
68.46 -4.13767
68.47 -4.4463
68.48 -4.70306
68.49 -4.90425
68.5 -5.04894
68.51 -5.14118
68.52 -5.18195
68.53 -5.17275
68.54 -5.11554
68.55 -5.0117
68.56 -4.86125
68.57 -4.6718
68.58 -4.44682
68.59 -4.19004
68.6 -3.90536
68.61 -3.59682
68.62 -3.26674
68.63 -2.92182
68.64 -2.56626
68.65 -2.20406
68.66 -1.83907
68.67 -1.47492
68.68 -1.11566
68.69 -0.764619
68.7 -0.424365
68.71 -0.0973413
68.72 0.214342
68.73 0.508903
68.74 0.783806
68.75 1.03752
68.76 1.2705
68.77 1.48222
68.78 1.67234
68.79 1.8407
68.8 1.9868
68.81 2.10919
68.82 2.2102
68.83 2.29011
68.84 2.34922
68.85 2.38785
68.86 2.40638
68.87 2.40294
68.88 2.38017
68.89 2.33867
68.9 2.27901
68.91 2.20187
68.92 2.10806
68.93 1.99731
68.94 1.87171
68.95 1.73321
68.96 1.58343
68.97 1.42416
68.98 1.25741
68.99 1.08519
69 0.910179
69.01 0.735146
69.02 0.562582
69.03 0.394958
69.04 0.234671
69.05 0.0842656
69.06 -0.0531388
69.07 -0.176824
69.08 -0.285454
69.09 -0.378086
69.1 -0.45421
69.11 -0.513773
69.12 -0.555429
69.13 -0.582043
69.14 -0.595173
69.15 -0.596707
69.16 -0.588894
69.17 -0.574288
69.18 -0.555595
69.19 -0.536361
69.2 -0.519721
69.21 -0.508629
69.22 -0.505901
69.23 -0.514125
69.24 -0.536428
69.25 -0.575089
69.26 -0.630528
69.27 -0.703547
69.28 -0.794406
69.29 -0.902801
69.3 -1.02825
69.31 -1.17011
69.32 -1.3247
69.33 -1.48943
69.34 -1.66127
69.35 -1.83683
69.36 -2.01242
69.37 -2.18323
69.38 -2.34522
69.39 -2.49436
69.4 -2.62662
69.41 -2.73816
69.42 -2.82536
69.43 -2.88226
69.44 -2.90707
69.45 -2.89844
69.46 -2.85458
69.47 -2.77426
69.48 -2.65686
69.49 -2.50033
69.5 -2.30522
69.51 -2.07544
69.52 -1.81309
69.53 -1.52092
69.54 -1.20222
69.55 -0.860359
69.56 -0.499043
69.57 -0.125184
69.58 0.256073
69.59 0.639358
69.6 1.01916
69.61 1.3899
69.62 1.74374
69.63 2.07647
69.64 2.3831
69.65 2.65896
69.66 2.89981
69.67 3.10193
69.68 3.25832
69.69 3.36852
69.7 3.43238
69.71 3.44904
69.72 3.41837
69.73 3.34096
69.74 3.21566
69.75 3.04454
69.76 2.8333
69.77 2.58526
69.78 2.30425
69.79 1.99447
69.8 1.65994
69.81 1.30479
69.82 0.93616
69.83 0.559011
69.84 0.17827
69.85 -0.201256
69.86 -0.574938
69.87 -0.936692
69.88 -1.28324
69.89 -1.61094
69.9 -1.91643
69.91 -2.19676
69.92 -2.44933
69.93 -2.66913
69.94 -2.85577
69.95 -3.00891
69.96 -3.12754
69.97 -3.21102
69.98 -3.25903
69.99 -3.26959
70 -3.24298
70.01 -3.18227
70.02 -3.08861
70.03 -2.96352
70.04 -2.80886
70.05 -2.62621
70.06 -2.41692
70.07 -2.18659
70.08 -1.93866
70.09 -1.6769
70.1 -1.40539
70.11 -1.12851
70.12 -0.851337
70.13 -0.579224
70.14 -0.317073
70.15 -0.0697876
70.16 0.157816
70.17 0.361101
70.18 0.532804
70.19 0.670097
70.2 0.770576
70.21 0.831457
70.22 0.850614
70.23 0.826638
70.24 0.75635
70.25 0.639855
70.26 0.481111
70.27 0.282102
70.28 0.0455617
70.29 -0.225076
70.3 -0.526458
70.31 -0.854947
70.32 -1.20269
70.33 -1.56426
70.34 -1.93409
70.35 -2.30652
70.36 -2.67599
70.37 -3.0355
70.38 -3.38046
70.39 -3.70625
70.4 -4.00868
70.41 -4.28405
70.42 -4.5292
70.43 -4.73839
70.44 -4.91123
70.45 -5.04739
70.46 -5.14592
70.47 -5.20633
70.48 -5.2285
70.49 -5.21043
70.5 -5.15258
70.51 -5.05809
70.52 -4.92789
70.53 -4.76305
70.54 -4.56475
70.55 -4.33337
70.56 -4.06856
70.57 -3.7748
70.58 -3.45378
70.59 -3.10737
70.6 -2.73765
70.61 -2.34696
70.62 -1.93609
70.63 -1.51053
70.64 -1.07368
70.65 -0.629317
70.66 -0.181525
70.67 0.265282
70.68 0.705455
70.69 1.13377
70.7 1.54539
70.71 1.93527
70.72 2.29847
70.73 2.63031
70.74 2.92407
70.75 3.1753
70.76 3.38322
70.77 3.54555
70.78 3.66087
70.79 3.72869
70.8 3.74815
70.81 3.71826
70.82 3.64609
70.83 3.53539
70.84 3.39077
70.85 3.21761
70.86 3.02198
70.87 2.80937
70.88 2.58932
70.89 2.36894
70.9 2.15528
70.91 1.95512
70.92 1.77484
70.93 1.623
70.94 1.50359
70.95 1.41967
70.96 1.37416
70.97 1.36887
70.98 1.40455
70.99 1.4832
71 1.603
71.01 1.75876
71.02 1.94684
71.03 2.16284
71.04 2.40164
71.05 2.65798
71.06 2.92567
71.07 3.19699
71.08 3.46569
71.09 3.72562
71.1 3.97087
71.11 4.19592
71.12 4.39209
71.13 4.55763
71.14 4.68884
71.15 4.78269
71.16 4.83687
71.17 4.84973
71.18 4.8165
71.19 4.73956
71.2 4.62078
71.21 4.46132
71.22 4.26292
71.23 4.02779
71.24 3.75675
71.25 3.45348
71.26 3.12358
71.27 2.77091
71.28 2.39963
71.29 2.01409
71.3 1.61873
71.31 1.21862
71.32 0.819386
71.33 0.425905
71.34 0.0430263
71.35 -0.324465
71.36 -0.671904
71.37 -0.991384
71.38 -1.28135
71.39 -1.53809
71.4 -1.75833
71.41 -1.93929
71.42 -2.0788
71.43 -2.1713
71.44 -2.21865
71.45 -2.22223
71.46 -2.18291
71.47 -2.10232
71.48 -1.98281
71.49 -1.82549
71.5 -1.63479
71.51 -1.41725
71.52 -1.1777
71.53 -0.921276
71.54 -0.653327
71.55 -0.379235
71.56 -0.104991
71.57 0.163928
71.58 0.422883
71.59 0.667728
71.6 0.894898
71.61 1.10147
71.62 1.28236
71.63 1.43888
71.64 1.57055
71.65 1.67757
71.66 1.76082
71.67 1.82175
71.68 1.86061
71.69 1.88133
71.7 1.88707
71.71 1.88051
71.72 1.86429
71.73 1.84086
71.74 1.81227
71.75 1.78061
71.76 1.74746
71.77 1.71366
71.78 1.67953
71.79 1.64494
71.8 1.60922
71.81 1.57107
71.82 1.52921
71.83 1.48206
71.84 1.42794
71.85 1.36519
71.86 1.29224
71.87 1.2063
71.88 1.10774
71.89 0.996094
71.9 0.871349
71.91 0.734007
71.92 0.585073
71.93 0.425285
71.94 0.257555
71.95 0.0845832
71.96 -0.0909393
71.97 -0.266152
71.98 -0.438138
71.99 -0.603481
72 -0.759149
72.01 -0.903247
72.02 -1.03393
72.03 -1.14984
72.04 -1.25023
72.05 -1.33444
72.06 -1.40225
72.07 -1.45633
72.08 -1.49854
72.09 -1.53124
72.1 -1.55721
72.11 -1.5796
72.12 -1.60211
72.13 -1.62854
72.14 -1.66222
72.15 -1.7063
72.16 -1.76361
72.17 -1.83654
72.18 -1.92874
72.19 -2.04037
72.2 -2.17139
72.21 -2.32155
72.22 -2.48993
72.23 -2.67493
72.24 -2.87505
72.25 -3.08691
72.26 -3.30625
72.27 -3.5293
72.28 -3.75195
72.29 -3.96993
72.3 -4.17842
72.31 -4.37171
72.32 -4.54645
72.33 -4.69863
72.34 -4.82451
72.35 -4.9207
72.36 -4.98406
72.37 -5.00766
72.38 -4.99339
72.39 -4.9397
72.4 -4.84546
72.41 -4.71004
72.42 -4.53323
72.43 -4.31149
72.44 -4.04843
72.45 -3.74638
72.46 -3.407
72.47 -3.03231
72.48 -2.62475
72.49 -2.18541
72.5 -1.71825
72.51 -1.22859
72.52 -0.720422
72.53 -0.198028
72.54 0.334009
72.55 0.870836
72.56 1.40666
72.57 1.93593
72.58 2.45335
72.59 2.95363
72.6 3.4316
72.61 3.88211
72.62 4.29621
72.63 4.67298
72.64 5.00861
72.65 5.29987
72.66 5.54415
72.67 5.73954
72.68 5.88006
72.69 5.96884
72.7 6.0078
72.71 5.99831
72.72 5.94248
72.73 5.84308
72.74 5.70119
72.75 5.52173
72.76 5.31141
72.77 5.07494
72.78 4.81721
72.79 4.54316
72.8 4.2574
72.81 3.96489
72.82 3.6708
72.83 3.37899
72.84 3.09284
72.85 2.81521
72.86 2.54844
72.87 2.29578
72.88 2.05687
72.89 1.83211
72.9 1.62141
72.91 1.42421
72.92 1.23955
72.93 1.06706
72.94 0.904205
72.95 0.748933
72.96 0.599399
72.97 0.453736
72.98 0.310108
72.99 0.166672
73 0.021568
73.01 -0.126629
73.02 -0.279166
73.03 -0.437104
73.04 -0.601319
73.05 -0.772768
73.06 -0.952405
73.07 -1.13994
73.08 -1.33553
73.09 -1.53923
73.1 -1.75094
73.11 -1.97049
73.12 -2.19832
73.13 -2.433
73.14 -2.6739
73.15 -2.92021
73.16 -3.17092
73.17 -3.42487
73.18 -3.68067
73.19 -3.93635
73.2 -4.18994
73.21 -4.43928
73.22 -4.68199
73.23 -4.91546
73.24 -5.13591
73.25 -5.34003
73.26 -5.52544
73.27 -5.689
73.28 -5.8276
73.29 -5.93822
73.3 -6.01675
73.31 -6.05853
73.32 -6.06393
73.33 -6.031
73.34 -5.95823
73.35 -5.84452
73.36 -5.68903
73.37 -5.48713
73.38 -5.24417
73.39 -4.9612
73.4 -4.63973
73.41 -4.28174
73.42 -3.88958
73.43 -3.46325
73.44 -3.00847
73.45 -2.52937
73.46 -2.02947
73.47 -1.51245
73.48 -0.98207
73.49 -0.441759
73.5 0.103967
73.51 0.650832
73.52 1.19509
73.53 1.73305
73.54 2.26108
73.55 2.77498
73.56 3.26989
73.57 3.74359
73.58 4.19267
73.59 4.61381
73.6 5.00375
73.61 5.35908
73.62 5.67229
73.63 5.94456
73.64 6.17321
73.65 6.35583
73.66 6.49032
73.67 6.57496
73.68 6.60339
73.69 6.57858
73.7 6.50172
73.71 6.37336
73.72 6.19473
73.73 5.96775
73.74 5.69221
73.75 5.37262
73.76 5.01559
73.77 4.62587
73.78 4.20871
73.79 3.76982
73.8 3.31489
73.81 2.85063
73.82 2.38456
73.83 1.9229
73.84 1.47161
73.85 1.03629
73.86 0.622216
73.87 0.237102
73.88 -0.118021
73.89 -0.440401
73.9 -0.728145
73.91 -0.980243
73.92 -1.19657
73.93 -1.37458
73.94 -1.51879
73.95 -1.63251
73.96 -1.71884
73.97 -1.78145
73.98 -1.82434
73.99 -1.8511
74 -1.86706
74.01 -1.8774
74.02 -1.88636
74.03 -1.89789
74.04 -1.91556
74.05 -1.9429
74.06 -1.98328
74.07 -2.03766
74.08 -2.10718
74.09 -2.19231
74.1 -2.29293
74.11 -2.40838
74.12 -2.53856
74.13 -2.67987
74.14 -2.82992
74.15 -2.98601
74.16 -3.14514
74.17 -3.30416
74.18 -3.45909
74.19 -3.6065
74.2 -3.74322
74.21 -3.86614
74.22 -3.9723
74.23 -4.05901
74.24 -4.12218
74.25 -4.15978
74.26 -4.17133
74.27 -4.15553
74.28 -4.11147
74.29 -4.03867
74.3 -3.93592
74.31 -3.80238
74.32 -3.64128
74.33 -3.45385
74.34 -3.24172
74.35 -3.00689
74.36 -2.75158
74.37 -2.47699
74.38 -2.18842
74.39 -1.88919
74.4 -1.58283
74.41 -1.27301
74.42 -0.963506
74.43 -0.658944
74.44 -0.363225
74.45 -0.079904
74.46 0.187552
74.47 0.435937
74.48 0.662374
74.49 0.862544
74.5 1.03461
74.51 1.1785
74.52 1.29338
74.53 1.37903
74.54 1.43579
74.55 1.46356
74.56 1.463
74.57 1.43857
74.58 1.39291
74.59 1.32905
74.6 1.25038
74.61 1.16044
74.62 1.06273
74.63 0.962263
74.64 0.862817
74.65 0.768031
74.66 0.681319
74.67 0.605795
74.68 0.545847
74.69 0.50291
74.7 0.478441
74.71 0.473731
74.72 0.489596
74.73 0.526384
74.74 0.585419
74.75 0.665677
74.76 0.765116
74.77 0.882463
74.78 1.01619
74.79 1.16457
74.8 1.32615
74.81 1.4991
74.82 1.68034
74.83 1.86781
74.84 2.05944
74.85 2.25317
74.86 2.44697
74.87 2.63839
74.88 2.82551
74.89 3.00638
74.9 3.17905
74.91 3.34155
74.92 3.49191
74.93 3.62651
74.94 3.74423
74.95 3.84336
74.96 3.92195
74.97 3.97806
74.98 4.00991
74.99 4.01392
75 3.989
75.01 3.93545
75.02 3.85258
75.03 3.74015
75.04 3.5984
75.05 3.42701
75.06 3.22653
75.07 3.0014
75.08 2.75438
75.09 2.48882
75.1 2.20863
75.11 1.91819
75.12 1.62245
75.13 1.32774
75.14 1.0395
75.15 0.763252
75.16 0.504458
75.17 0.268359
75.18 0.0630987
75.19 -0.108757
75.2 -0.24418
75.21 -0.340332
75.22 -0.395222
75.23 -0.407771
75.24 -0.374909
75.25 -0.298669
75.26 -0.183278
75.27 -0.0317357
75.28 0.152116
75.29 0.363694
75.3 0.598452
75.31 0.850443
75.32 1.1118
75.33 1.37623
75.34 1.63745
75.35 1.88935
75.36 2.12586
75.37 2.33892
75.38 2.5257
75.39 2.68219
75.4 2.80517
75.41 2.89219
75.42 2.94162
75.43 2.94874
75.44 2.91683
75.45 2.84756
75.46 2.74255
75.47 2.60396
75.48 2.43448
75.49 2.23546
75.5 2.01143
75.51 1.76738
75.52 1.50701
75.53 1.23403
75.54 0.952061
75.55 0.664497
75.56 0.374979
75.57 0.0868634
75.58 -0.197159
75.59 -0.474679
75.6 -0.743575
75.61 -1.00187
75.62 -1.24663
75.63 -1.4778
75.64 -1.69433
75.65 -1.8954
75.66 -2.08035
75.67 -2.2487
75.68 -2.39836
75.69 -2.53056
75.7 -2.64562
75.71 -2.74366
75.72 -2.82498
75.73 -2.89002
75.74 -2.93831
75.75 -2.97115
75.76 -2.99036
75.77 -2.99716
75.78 -2.99299
75.79 -2.97947
75.8 -2.95818
75.81 -2.93121
75.82 -2.90127
75.83 -2.8706
75.84 -2.84151
75.85 -2.8163
75.86 -2.79733
75.87 -2.78784
75.88 -2.78909
75.89 -2.80281
75.9 -2.83049
75.91 -2.87331
75.92 -2.93208
75.93 -3.00896
75.94 -3.10252
75.95 -3.212
75.96 -3.33651
75.97 -3.47478
75.98 -3.62516
75.99 -3.78623
76 -3.95507
76.01 -4.12861
76.02 -4.30406
76.03 -4.4785
76.04 -4.64896
76.05 -4.812
76.06 -4.96387
76.07 -5.10235
76.08 -5.22477
76.09 -5.32867
76.1 -5.41184
76.11 -5.47201
76.12 -5.50501
76.13 -5.5121
76.14 -5.49234
76.15 -5.44513
76.16 -5.3702
76.17 -5.26757
76.18 -5.13485
76.19 -4.97516
76.2 -4.78998
76.21 -4.58058
76.22 -4.34846
76.23 -4.09534
76.24 -3.82188
76.25 -3.53099
76.26 -3.22585
76.27 -2.90882
76.28 -2.5824
76.29 -2.24912
76.3 -1.9115
76.31 -1.57245
76.32 -1.23483
76.33 -0.901121
76.34 -0.573722
76.35 -0.254903
76.36 0.0530613
76.37 0.346844
76.38 0.626027
76.39 0.889257
76.4 1.13547
76.41 1.36391
76.42 1.57417
76.43 1.76427
76.44 1.93621
76.45 2.09099
76.46 2.2297
76.47 2.35371
76.48 2.46471
76.49 2.56402
76.5 2.65447
76.51 2.73899
76.52 2.82012
76.53 2.90046
76.54 2.98261
76.55 3.06943
76.56 3.16387
76.57 3.26772
76.58 3.38287
76.59 3.51084
76.6 3.65281
76.61 3.8097
76.62 3.98313
76.63 4.1711
76.64 4.37268
76.65 4.58641
76.66 4.8103
76.67 5.04185
76.68 5.27823
76.69 5.51515
76.7 5.74869
76.71 5.9747
76.72 6.18881
76.73 6.38658
76.74 6.56162
76.75 6.7095
76.76 6.82707
76.77 6.91052
76.78 6.95642
76.79 6.96186
76.8 6.92251
76.81 6.83516
76.82 6.70236
76.83 6.52414
76.84 6.30131
76.85 6.03547
76.86 5.72845
76.87 5.3804
76.88 4.99958
76.89 4.59053
76.9 4.1583
76.91 3.70833
76.92 3.24632
76.93 2.7781
76.94 2.31073
76.95 1.84999
76.96 1.40132
76.97 0.969763
76.98 0.559888
76.99 0.177872
77 -0.17336
77.01 -0.492599
77.02 -0.778182
77.03 -1.0292
77.04 -1.24548
77.05 -1.42608
77.06 -1.57146
77.07 -1.68613
77.08 -1.77251
77.09 -1.83339
77.1 -1.87182
77.11 -1.89082
77.12 -1.89267
77.13 -1.88257
77.14 -1.8636
77.15 -1.83863
77.16 -1.81021
77.17 -1.78055
77.18 -1.75171
77.19 -1.72516
77.2 -1.70183
77.21 -1.68229
77.22 -1.66677
77.23 -1.65523
77.24 -1.64761
77.25 -1.64325
77.26 -1.64136
77.27 -1.64131
77.28 -1.64244
77.29 -1.64419
77.3 -1.64605
77.31 -1.64763
77.32 -1.64874
77.33 -1.64934
77.34 -1.64951
77.35 -1.64942
77.36 -1.64933
77.37 -1.64955
77.38 -1.65032
77.39 -1.65178
77.4 -1.65393
77.41 -1.65663
77.42 -1.6595
77.43 -1.66182
77.44 -1.66262
77.45 -1.66078
77.46 -1.65489
77.47 -1.6434
77.48 -1.62458
77.49 -1.59577
77.5 -1.55518
77.51 -1.50148
77.52 -1.43309
77.53 -1.34864
77.54 -1.24711
77.55 -1.12703
77.56 -0.987743
77.57 -0.831061
77.58 -0.658004
77.59 -0.470154
77.6 -0.269653
77.61 -0.0590683
77.62 0.158561
77.63 0.378543
77.64 0.59685
77.65 0.809227
77.66 1.0113
77.67 1.1987
77.68 1.36468
77.69 1.50664
77.7 1.6213
77.71 1.70561
77.72 1.75714
77.73 1.77409
77.74 1.75266
77.75 1.6939
77.76 1.60015
77.77 1.47299
77.78 1.31479
77.79 1.12865
77.8 0.917397
77.81 0.685587
77.82 0.439902
77.83 0.185622
77.84 -0.0717558
77.85 -0.326647
77.86 -0.573264
77.87 -0.804382
77.88 -1.01595
77.89 -1.20341
77.9 -1.3627
77.91 -1.49038
77.92 -1.58369
77.93 -1.63648
77.94 -1.65093
77.95 -1.62722
77.96 -1.56579
77.97 -1.46781
77.98 -1.33514
77.99 -1.16801
78 -0.971109
78.01 -0.74947
78.02 -0.507113
78.03 -0.248334
78.04 0.0223948
78.05 0.300638
78.06 0.581241
78.07 0.859319
78.08 1.13067
78.09 1.39138
78.1 1.63786
78.11 1.86654
78.12 2.07262
78.13 2.25579
78.14 2.41431
78.15 2.54697
78.16 2.65296
78.17 2.73197
78.18 2.78118
78.19 2.80377
78.2 2.80096
78.21 2.7739
78.22 2.72398
78.23 2.65278
78.24 2.56059
78.25 2.45016
78.26 2.32414
78.27 2.18434
78.28 2.03251
78.29 1.87034
78.3 1.69906
78.31 1.52016
78.32 1.33555
78.33 1.14639
78.34 0.953696
78.35 0.758337
78.36 0.561044
78.37 0.362403
78.38 0.163084
78.39 -0.0365206
78.4 -0.236097
78.41 -0.435399
78.42 -0.634239
78.43 -0.83239
78.44 -1.02979
78.45 -1.22636
78.46 -1.42202
78.47 -1.6167
78.48 -1.8103
78.49 -2.00264
78.5 -2.1936
78.51 -2.38307
78.52 -2.57085
78.53 -2.75668
78.54 -2.94024
78.55 -3.12098
78.56 -3.29828
78.57 -3.47174
78.58 -3.64069
78.59 -3.80435
78.6 -3.96184
78.61 -4.112
78.62 -4.2529
78.63 -4.3841
78.64 -4.50432
78.65 -4.61223
78.66 -4.70646
78.67 -4.78565
78.68 -4.84649
78.69 -4.88918
78.7 -4.91272
78.71 -4.91607
78.72 -4.89834
78.73 -4.85884
78.74 -4.79529
78.75 -4.70834
78.76 -4.59904
78.77 -4.46776
78.78 -4.31519
78.79 -4.14225
78.8 -3.94928
78.81 -3.7376
78.82 -3.51026
78.83 -3.26915
78.84 -3.01629
78.85 -2.75381
78.86 -2.48375
78.87 -2.20816
78.88 -1.92988
78.89 -1.65096
78.9 -1.37336
78.91 -1.09887
78.92 -0.829167
78.93 -0.56657
78.94 -0.311877
78.95 -0.0661164
78.96 0.169777
78.97 0.39502
78.98 0.608958
78.99 0.810063
79 0.998316
79.01 1.17385
79.02 1.33636
79.03 1.4856
79.04 1.62132
79.05 1.74262
79.06 1.84902
79.07 1.94137
79.08 2.01959
79.09 2.08368
79.1 2.13371
79.11 2.16962
79.12 2.19072
79.13 2.19895
79.14 2.19502
79.15 2.17984
79.16 2.15453
79.17 2.12036
79.18 2.07817
79.19 2.03052
79.2 1.97924
79.21 1.92617
79.22 1.87315
79.23 1.82197
79.24 1.77478
79.25 1.73312
79.26 1.69808
79.27 1.6706
79.28 1.65126
79.29 1.64026
79.3 1.63775
79.31 1.64303
79.32 1.6543
79.33 1.6699
79.34 1.68778
79.35 1.70556
79.36 1.72041
79.37 1.72861
79.38 1.72744
79.39 1.71384
79.4 1.68488
79.41 1.63776
79.42 1.56999
79.43 1.4767
79.44 1.35849
79.45 1.21458
79.46 1.04458
79.47 0.84871
79.48 0.627852
79.49 0.381798
79.5 0.114112
79.51 -0.171364
79.52 -0.471174
79.53 -0.781401
79.54 -1.09774
79.55 -1.41543
79.56 -1.72885
79.57 -2.03307
79.58 -2.32327
79.59 -2.59475
79.6 -2.84307
79.61 -3.06343
79.62 -3.2493
79.63 -3.40041
79.64 -3.51426
79.65 -3.58893
79.66 -3.62317
79.67 -3.61632
79.68 -3.56383
79.69 -3.47081
79.7 -3.339
79.71 -3.17036
79.72 -2.96735
79.73 -2.73289
79.74 -2.46827
79.75 -2.17889
79.76 -1.86977
79.77 -1.54501
79.78 -1.20881
79.79 -0.865379
79.8 -0.518952
79.81 -0.174215
79.82 0.164835
79.83 0.4946
79.84 0.81176
79.85 1.11331
79.86 1.39614
79.87 1.65613
79.88 1.89335
79.89 2.10641
79.9 2.29432
79.91 2.45647
79.92 2.59262
79.93 2.70002
79.94 2.78195
79.95 2.83946
79.96 2.87364
79.97 2.88582
79.98 2.87755
79.99 2.84912
80 2.8035
80.01 2.74335
80.02 2.67075
80.03 2.58777
80.04 2.49657
80.05 2.39908
80.06 2.29773
80.07 2.19502
80.08 2.09305
80.09 1.99387
80.1 1.89948
80.11 1.812
80.12 1.73417
80.13 1.667
80.14 1.61207
80.15 1.57081
80.16 1.54446
80.17 1.53404
80.18 1.54229
80.19 1.56793
80.2 1.61089
80.21 1.67091
80.22 1.74733
80.23 1.8391
80.24 1.94574
80.25 2.06442
80.26 2.19222
80.27 2.32639
80.28 2.46386
80.29 2.60129
80.3 2.73471
80.31 2.8598
80.32 2.97315
80.33 3.07117
80.34 3.15051
80.35 3.20811
80.36 3.24069
80.37 3.24396
80.38 3.219
80.39 3.16517
80.4 3.08255
80.41 2.972
80.42 2.83514
80.43 2.67197
80.44 2.48859
80.45 2.28905
80.46 2.07775
80.47 1.85949
80.48 1.63932
80.49 1.42316
80.5 1.21665
80.51 1.02453
80.52 0.851294
80.53 0.700912
80.54 0.57672
80.55 0.482968
80.56 0.421942
80.57 0.392308
80.58 0.393781
80.59 0.425179
80.6 0.484469
80.61 0.569345
80.62 0.677309
80.63 0.801746
80.64 0.93802
80.65 1.08123
80.66 1.22637
80.67 1.36848
80.68 1.50133
80.69 1.62096
80.7 1.72352
80.71 1.80571
80.72 1.86482
80.73 1.89886
80.74 1.90423
80.75 1.88168
80.76 1.83244
80.77 1.75742
80.78 1.65808
80.79 1.53634
80.8 1.39359
80.81 1.23269
80.82 1.05783
80.83 0.87195
80.84 0.678014
80.85 0.478913
80.86 0.277425
80.87 0.0764778
80.88 -0.121432
80.89 -0.314225
80.9 -0.500062
80.91 -0.677346
80.92 -0.844706
80.93 -0.999591
80.94 -1.14221
80.95 -1.27189
80.96 -1.38805
80.97 -1.49029
80.98 -1.57832
80.99 -1.65079
81 -1.70851
81.01 -1.75224
81.02 -1.78246
81.03 -1.79985
81.04 -1.80537
81.05 -1.79973
81.06 -1.7846
81.07 -1.76256
81.08 -1.73577
81.09 -1.70667
81.1 -1.67792
81.11 -1.65256
81.12 -1.63445
81.13 -1.62632
81.14 -1.63118
81.15 -1.65194
81.16 -1.69127
81.17 -1.7515
81.18 -1.83739
81.19 -1.94784
81.2 -2.08339
81.21 -2.24407
81.22 -2.42921
81.23 -2.63742
81.24 -2.86823
81.25 -3.11734
81.26 -3.38054
81.27 -3.65382
81.28 -3.93276
81.29 -4.21263
81.3 -4.48803
81.31 -4.75313
81.32 -5.00342
81.33 -5.2343
81.34 -5.44152
81.35 -5.6213
81.36 -5.76951
81.37 -5.88092
81.38 -5.95669
81.39 -5.99568
81.4 -5.99741
81.41 -5.96203
81.42 -5.89029
81.43 -5.77956
81.44 -5.63579
81.45 -5.46133
81.46 -5.25863
81.47 -5.03035
81.48 -4.77923
81.49 -4.50652
81.5 -4.21638
81.51 -3.9121
81.52 -3.59616
81.53 -3.27092
81.54 -2.93858
81.55 -2.60103
81.56 -2.26048
81.57 -1.91906
81.58 -1.57853
81.59 -1.24062
81.6 -0.907054
81.61 -0.579802
81.62 -0.261413
81.63 0.0469132
81.64 0.343357
81.65 0.626113
81.66 0.893428
81.67 1.14364
81.68 1.37291
81.69 1.58197
81.7 1.76997
81.71 1.93631
81.72 2.08079
81.73 2.20364
81.74 2.30382
81.75 2.38383
81.76 2.44613
81.77 2.49285
81.78 2.52651
81.79 2.54988
81.8 2.56574
81.81 2.57765
81.82 2.58908
81.83 2.60292
81.84 2.62176
81.85 2.64782
81.86 2.68308
81.87 2.72943
81.88 2.7863
81.89 2.85329
81.9 2.92933
81.91 3.01264
81.92 3.10082
81.93 3.19071
81.94 3.27824
81.95 3.35954
81.96 3.43055
81.97 3.48719
81.98 3.52549
81.99 3.53949
82 3.52676
82.01 3.48545
82.02 3.41364
82.03 3.31015
82.04 3.17462
82.05 3.00577
82.06 2.8051
82.07 2.57692
82.08 2.3243
82.09 2.05091
82.1 1.76097
82.11 1.45888
82.12 1.14975
82.13 0.839573
82.14 0.533257
82.15 0.23549
82.16 -0.0493715
82.17 -0.317414
82.18 -0.562521
82.19 -0.78414
82.2 -0.980375
82.21 -1.14995
82.22 -1.29225
82.23 -1.40726
82.24 -1.49328
82.25 -1.55311
82.26 -1.58917
82.27 -1.60335
82.28 -1.59771
82.29 -1.57444
82.3 -1.53494
82.31 -1.48163
82.32 -1.41737
82.33 -1.3439
82.34 -1.26272
82.35 -1.17508
82.36 -1.08184
82.37 -0.983499
82.38 -0.881044
82.39 -0.774796
82.4 -0.66497
82.41 -0.551729
82.42 -0.435235
82.43 -0.315385
82.44 -0.192923
82.45 -0.0683748
82.46 0.0575498
82.47 0.183941
82.48 0.309685
82.49 0.433158
82.5 0.552774
82.51 0.666949
82.52 0.773955
82.53 0.872042
82.54 0.959498
82.55 1.03389
82.56 1.09352
82.57 1.13801
82.58 1.16646
82.59 1.17833
82.6 1.1734
82.61 1.15134
82.62 1.11179
82.63 1.05725
82.64 0.988994
82.65 0.908599
82.66 0.817848
82.67 0.718696
82.68 0.612678
82.69 0.50282
82.7 0.391131
82.71 0.279476
82.72 0.169524
82.73 0.0626916
82.74 -0.0394477
82.75 -0.136321
82.76 -0.22773
82.77 -0.313693
82.78 -0.394569
82.79 -0.471033
82.8 -0.543901
82.81 -0.614564
82.82 -0.684597
82.83 -0.755448
82.84 -0.828567
82.85 -0.905336
82.86 -0.987172
82.87 -1.07557
82.88 -1.17075
82.89 -1.27302
82.9 -1.38237
82.91 -1.49834
82.92 -1.62012
82.93 -1.74682
82.94 -1.87604
82.95 -2.00574
82.96 -2.13358
82.97 -2.25701
82.98 -2.37332
82.99 -2.47856
83 -2.57021
83.01 -2.64592
83.02 -2.70321
83.03 -2.73989
83.04 -2.75407
83.05 -2.74271
83.06 -2.70467
83.07 -2.64095
83.08 -2.55159
83.09 -2.4371
83.1 -2.29851
83.11 -2.13666
83.12 -1.95251
83.13 -1.75047
83.14 -1.53321
83.15 -1.30365
83.16 -1.06487
83.17 -0.820039
83.18 -0.572396
83.19 -0.325713
83.2 -0.0829759
83.21 0.153023
83.22 0.379739
83.23 0.594917
83.24 0.795248
83.25 0.979852
83.26 1.14803
83.27 1.29904
83.28 1.43252
83.29 1.54844
83.3 1.6461
83.31 1.72628
83.32 1.79096
83.33 1.84135
83.34 1.87882
83.35 1.9049
83.36 1.921
83.37 1.92862
83.38 1.93038
83.39 1.92806
83.4 1.92339
83.41 1.91803
83.42 1.91356
83.43 1.91188
83.44 1.9141
83.45 1.92131
83.46 1.93439
83.47 1.95403
83.48 1.98068
83.49 2.01518
83.5 2.05698
83.51 2.10546
83.52 2.15994
83.53 2.21947
83.54 2.28284
83.55 2.34859
83.56 2.41469
83.57 2.47901
83.58 2.5394
83.59 2.59352
83.6 2.63899
83.61 2.67291
83.62 2.69173
83.63 2.69414
83.64 2.67795
83.65 2.6412
83.66 2.58217
83.67 2.49946
83.68 2.38907
83.69 2.25342
83.7 2.09254
83.71 1.90694
83.72 1.69764
83.73 1.46614
83.74 1.21281
83.75 0.941801
83.76 0.656681
83.77 0.360805
83.78 0.0578209
83.79 -0.248396
83.8 -0.5535
83.81 -0.852747
83.82 -1.14216
83.83 -1.41779
83.84 -1.67589
83.85 -1.91299
83.86 -2.12506
83.87 -2.30749
83.88 -2.46031
83.89 -2.58182
83.9 -2.67083
83.91 -2.72668
83.92 -2.74915
83.93 -2.73486
83.94 -2.68878
83.95 -2.61235
83.96 -2.50744
83.97 -2.37628
83.98 -2.22145
83.99 -2.04413
84 -1.84916
84.01 -1.64037
84.02 -1.42111
84.03 -1.19479
84.04 -0.964787
84.05 -0.734631
84.06 -0.508025
84.07 -0.287974
84.08 -0.0772868
84.09 0.121473
84.1 0.306015
84.11 0.473762
84.12 0.621894
84.13 0.750676
84.14 0.859284
84.15 0.947277
84.16 1.01459
84.17 1.0615
84.18 1.08655
84.19 1.09328
84.2 1.08316
84.21 1.05795
84.22 1.01967
84.23 0.970526
84.24 0.91234
84.25 0.848478
84.26 0.78169
84.27 0.714474
84.28 0.649241
84.29 0.588254
84.3 0.534106
84.31 0.488814
84.32 0.453438
84.33 0.429083
84.34 0.416504
84.35 0.416086
84.36 0.428246
84.37 0.453175
84.38 0.489021
84.39 0.534689
84.4 0.588809
84.41 0.649778
84.42 0.715818
84.43 0.785113
84.44 0.855088
84.45 0.923696
84.46 0.988916
84.47 1.0488
84.48 1.1015
84.49 1.14433
84.5 1.1762
84.51 1.19607
84.52 1.20285
84.53 1.19566
84.54 1.17385
84.55 1.13597
84.56 1.0819
84.57 1.01251
84.58 0.928004
84.59 0.828779
84.6 0.715407
84.61 0.588208
84.62 0.447603
84.63 0.295883
84.64 0.134358
84.65 -0.0354939
84.66 -0.21203
84.67 -0.393456
84.68 -0.577886
84.69 -0.762657
84.7 -0.94552
84.71 -1.12413
84.72 -1.2961
84.73 -1.45902
84.74 -1.60917
84.75 -1.7448
84.76 -1.86409
84.77 -1.96512
84.78 -2.04625
84.79 -2.10614
84.8 -2.14235
84.81 -2.1545
84.82 -2.14386
84.83 -2.11091
84.84 -2.05659
84.85 -1.98227
84.86 -1.88922
84.87 -1.77918
84.88 -1.65629
84.89 -1.52337
84.9 -1.38343
84.91 -1.23951
84.92 -1.09468
84.93 -0.952439
84.94 -0.815485
84.95 -0.686203
84.96 -0.566623
84.97 -0.458378
84.98 -0.36267
84.99 -0.281565
85 -0.214402
85.01 -0.160636
85.02 -0.119703
85.03 -0.0907399
85.04 -0.0726538
85.05 -0.0647461
85.06 -0.0654073
85.07 -0.0728467
85.08 -0.0859194
85.09 -0.103671
85.1 -0.125395
85.11 -0.150794
85.12 -0.179968
85.13 -0.212921
85.14 -0.250251
85.15 -0.292814
85.16 -0.341669
85.17 -0.398059
85.18 -0.464346
85.19 -0.540825
85.2 -0.628534
85.21 -0.72828
85.22 -0.840553
85.23 -0.965465
85.24 -1.10381
85.25 -1.25372
85.26 -1.41349
85.27 -1.58123
85.28 -1.75465
85.29 -1.93103
85.3 -2.10716
85.31 -2.27925
85.32 -2.44394
85.33 -2.59785
85.34 -2.73767
85.35 -2.86031
85.36 -2.96214
85.37 -3.0393
85.38 -3.09164
85.39 -3.11774
85.4 -3.11664
85.41 -3.08788
85.42 -3.0313
85.43 -2.94445
85.44 -2.83137
85.45 -2.69321
85.46 -2.53132
85.47 -2.34716
85.48 -2.14223
85.49 -1.9163
85.5 -1.67233
85.51 -1.41204
85.52 -1.13655
85.53 -0.8468
85.54 -0.543642
85.55 -0.227009
85.56 0.102131
85.57 0.442362
85.58 0.792834
85.59 1.15251
85.6 1.52008
85.61 1.89407
85.62 2.2723
85.63 2.65172
85.64 3.0293
85.65 3.40162
85.66 3.76482
85.67 4.1146
85.68 4.44406
85.69 4.7502
85.7 5.02842
85.71 5.27427
85.72 5.48359
85.73 5.65263
85.74 5.77372
85.75 5.84745
85.76 5.87341
85.77 5.85104
85.78 5.78074
85.79 5.66384
85.8 5.49987
85.81 5.29325
85.82 5.05055
85.83 4.77663
85.84 4.47688
85.85 4.15706
85.86 3.82285
85.87 3.4807
85.88 3.13749
85.89 2.79861
85.9 2.46896
85.91 2.15283
85.92 1.85392
85.93 1.57734
85.94 1.32277
85.95 1.09106
85.96 0.882265
85.97 0.695711
85.98 0.53006
85.99 0.385066
86 0.256633
86.01 0.141652
86.02 0.0373108
86.03 -0.0592088
86.04 -0.150617
86.05 -0.23939
86.06 -0.328042
86.07 -0.418413
86.08 -0.51181
86.09 -0.609112
86.1 -0.710776
86.11 -0.817021
86.12 -0.927653
86.13 -1.04164
86.14 -1.15811
86.15 -1.27603
86.16 -1.39431
86.17 -1.51181
86.18 -1.62712
86.19 -1.73938
86.2 -1.84773
86.21 -1.95142
86.22 -2.04984
86.23 -2.14247
86.24 -2.2282
86.25 -2.30708
86.26 -2.37883
86.27 -2.443
86.28 -2.49901
86.29 -2.54619
86.3 -2.58295
86.31 -2.60829
86.32 -2.62152
86.33 -2.62132
86.34 -2.60625
86.35 -2.57487
86.36 -2.52498
86.37 -2.45423
86.38 -2.36302
86.39 -2.25051
86.4 -2.11624
86.41 -1.96017
86.42 -1.78255
86.43 -1.58243
86.44 -1.36386
86.45 -1.12907
86.46 -0.880811
86.47 -0.622298
86.48 -0.357166
86.49 -0.0895338
86.5 0.175694
86.51 0.434176
86.52 0.68167
86.53 0.914111
86.54 1.12773
86.55 1.31741
86.56 1.48037
86.57 1.61571
86.58 1.72202
86.59 1.79861
86.6 1.84548
86.61 1.86226
86.62 1.84941
86.63 1.8114
86.64 1.7508
86.65 1.67059
86.66 1.57399
86.67 1.46428
86.68 1.34432
86.69 1.21877
86.7 1.09068
86.71 0.962793
86.72 0.837485
86.73 0.716677
86.74 0.602522
86.75 0.495527
86.76 0.395916
86.77 0.303595
86.78 0.218078
86.79 0.138542
86.8 0.0641523
86.81 -0.00666513
86.82 -0.0755328
86.83 -0.143827
86.84 -0.21284
86.85 -0.283719
86.86 -0.357541
86.87 -0.435189
86.88 -0.51673
86.89 -0.602165
86.9 -0.691182
86.91 -0.783175
86.92 -0.877272
86.93 -0.972283
86.94 -1.06663
86.95 -1.1588
86.96 -1.24722
86.97 -1.33025
86.98 -1.40629
86.99 -1.47277
87 -1.5288
87.01 -1.57327
87.02 -1.60511
87.03 -1.62342
87.04 -1.62748
87.05 -1.61578
87.06 -1.58834
87.07 -1.54593
87.08 -1.48878
87.09 -1.4173
87.1 -1.33212
87.11 -1.23355
87.12 -1.12226
87.13 -1.00046
87.14 -0.8695
87.15 -0.730847
87.16 -0.586126
87.17 -0.437057
87.18 -0.285504
87.19 -0.133895
87.2 0.0157009
87.21 0.161155
87.22 0.300304
87.23 0.430979
87.24 0.549747
87.25 0.65518
87.26 0.745558
87.27 0.819105
87.28 0.874248
87.29 0.909651
87.3 0.922722
87.31 0.913128
87.32 0.881626
87.33 0.828308
87.34 0.753654
87.35 0.658531
87.36 0.543474
87.37 0.409724
87.38 0.26086
87.39 0.0992425
87.4 -0.0725152
87.41 -0.251598
87.42 -0.435058
87.43 -0.619587
87.44 -0.801713
87.45 -0.978433
87.46 -1.14686
87.47 -1.3043
87.48 -1.44824
87.49 -1.57467
87.5 -1.68283
87.51 -1.77154
87.52 -1.83966
87.53 -1.88643
87.54 -1.91147
87.55 -1.91317
87.56 -1.89246
87.57 -1.85115
87.58 -1.79025
87.59 -1.71107
87.6 -1.61515
87.61 -1.50371
87.62 -1.37848
87.63 -1.24277
87.64 -1.09877
87.65 -0.948801
87.66 -0.795194
87.67 -0.64033
87.68 -0.486959
87.69 -0.337463
87.7 -0.194059
87.71 -0.0588649
87.72 0.0661368
87.73 0.179121
87.74 0.276897
87.75 0.359087
87.76 0.424845
87.77 0.47335
87.78 0.504083
87.79 0.516846
87.8 0.510522
87.81 0.486171
87.82 0.445608
87.83 0.390136
87.84 0.321401
87.85 0.24137
87.86 0.152037
87.87 0.056102
87.88 -0.0429672
87.89 -0.142231
87.9 -0.238662
87.91 -0.329208
87.92 -0.410708
87.93 -0.478776
87.94 -0.531793
87.95 -0.567375
87.96 -0.583463
87.97 -0.578386
87.98 -0.5509
87.99 -0.497798
88 -0.420863
88.01 -0.320889
88.02 -0.198768
88.03 -0.0558925
88.04 0.105872
88.05 0.285233
88.06 0.478618
88.07 0.682144
88.08 0.892464
88.09 1.10606
88.1 1.31931
88.11 1.52827
88.12 1.72858
88.13 1.91726
88.14 2.09118
88.15 2.24749
88.16 2.38374
88.17 2.49754
88.18 2.58484
88.19 2.64703
88.2 2.68356
88.21 2.69433
88.22 2.67971
88.23 2.64047
88.24 2.57553
88.25 2.4887
88.26 2.38229
88.27 2.25842
88.28 2.11939
88.29 1.96758
88.3 1.80483
88.31 1.63414
88.32 1.45826
88.33 1.27931
88.34 1.09921
88.35 0.91964
88.36 0.74219
88.37 0.568255
88.38 0.398463
88.39 0.23334
88.4 0.073151
88.41 -0.0820802
88.42 -0.232479
88.43 -0.378059
88.44 -0.519857
88.45 -0.658486
88.46 -0.794591
88.47 -0.928817
88.48 -1.06176
88.49 -1.1939
88.5 -1.32571
88.51 -1.45742
88.52 -1.58907
88.53 -1.72051
88.54 -1.85141
88.55 -1.98113
88.56 -2.10888
88.57 -2.23379
88.58 -2.35482
88.59 -2.47081
88.6 -2.5805
88.61 -2.68216
88.62 -2.77393
88.63 -2.85503
88.64 -2.92411
88.65 -2.97985
88.66 -3.02099
88.67 -3.04614
88.68 -3.05254
88.69 -3.04097
88.7 -3.01063
88.71 -2.96087
88.72 -2.89116
88.73 -2.80114
88.74 -2.68842
88.75 -2.55484
88.76 -2.40091
88.77 -2.22699
88.78 -2.03365
88.79 -1.82167
88.8 -1.59079
88.81 -1.34295
88.82 -1.08044
88.83 -0.804975
88.84 -0.518488
88.85 -0.223114
88.86 0.0789999
88.87 0.385092
88.88 0.692041
88.89 0.997115
88.9 1.29754
88.91 1.59058
88.92 1.87334
88.93 2.14185
88.94 2.39493
88.95 2.63058
88.96 2.8471
88.97 3.04315
88.98 3.2178
88.99 3.36821
89 3.49638
89.01 3.6031
89.02 3.68926
89.03 3.7561
89.04 3.80518
89.05 3.83724
89.06 3.85506
89.07 3.86143
89.08 3.85839
89.09 3.8479
89.1 3.83168
89.11 3.81106
89.12 3.78716
89.13 3.76087
89.14 3.73233
89.15 3.70121
89.16 3.66677
89.17 3.62769
89.18 3.58164
89.19 3.52716
89.2 3.46214
89.21 3.38435
89.22 3.29158
89.23 3.18176
89.24 3.05087
89.25 2.89909
89.26 2.72579
89.27 2.53061
89.28 2.31377
89.29 2.07614
89.3 1.81788
89.31 1.54214
89.32 1.25261
89.33 0.952617
89.34 0.645884
89.35 0.336423
89.36 0.0286932
89.37 -0.27229
89.38 -0.562604
89.39 -0.838414
89.4 -1.09625
89.41 -1.33309
89.42 -1.54605
89.43 -1.73086
89.44 -1.88898
89.45 -2.01999
89.46 -2.12411
89.47 -2.20211
89.48 -2.25528
89.49 -2.28306
89.5 -2.28992
89.51 -2.27847
89.52 -2.25108
89.53 -2.21011
89.54 -2.15776
89.55 -2.0955
89.56 -2.02558
89.57 -1.94973
89.58 -1.86895
89.59 -1.78387
89.6 -1.69482
89.61 -1.60163
89.62 -1.50392
89.63 -1.4016
89.64 -1.29421
89.65 -1.18131
89.66 -1.06257
89.67 -0.937694
89.68 -0.806262
89.69 -0.6693
89.7 -0.527505
89.71 -0.381874
89.72 -0.233685
89.73 -0.0844625
89.74 0.0638026
89.75 0.209124
89.76 0.349634
89.77 0.483519
89.78 0.609116
89.79 0.724993
89.8 0.82911
89.81 0.921033
89.82 1.00099
89.83 1.06915
89.84 1.1261
89.85 1.17282
89.86 1.21025
89.87 1.24005
89.88 1.26464
89.89 1.28585
89.9 1.30547
89.91 1.32512
89.92 1.3462
89.93 1.37003
89.94 1.39691
89.95 1.4268
89.96 1.45919
89.97 1.49304
89.98 1.52683
89.99 1.55814
90 1.58456
90.01 1.6035
90.02 1.61225
90.03 1.60811
90.04 1.58851
90.05 1.54964
90.06 1.49005
90.07 1.40929
90.08 1.30673
90.09 1.18239
90.1 1.037
90.11 0.871138
90.12 0.686849
90.13 0.488385
90.14 0.279081
90.15 0.062657
90.16 -0.156904
90.17 -0.375388
90.18 -0.587732
90.19 -0.790227
90.2 -0.979291
90.21 -1.15177
90.22 -1.30501
90.23 -1.43696
90.24 -1.5436
90.25 -1.62642
90.26 -1.68571
90.27 -1.7221
90.28 -1.73674
90.29 -1.73125
90.3 -1.70632
90.31 -1.6652
90.32 -1.61106
90.33 -1.54632
90.34 -1.47334
90.35 -1.39435
90.36 -1.31125
90.37 -1.22596
90.38 -1.14014
90.39 -1.05488
90.4 -0.971027
90.41 -0.889168
90.42 -0.80976
90.43 -0.733317
90.44 -0.659765
90.45 -0.589287
90.46 -0.522121
90.47 -0.45861
90.48 -0.399231
90.49 -0.345234
90.5 -0.297064
90.51 -0.255655
90.52 -0.222107
90.53 -0.197588
90.54 -0.183276
90.55 -0.18129
90.56 -0.19231
90.57 -0.216619
90.58 -0.254707
90.59 -0.306755
90.6 -0.372595
90.61 -0.452302
90.62 -0.545048
90.63 -0.648543
90.64 -0.76114
90.65 -0.880953
90.66 -1.00593
90.67 -1.13396
90.68 -1.26271
90.69 -1.38996
90.7 -1.51395
90.71 -1.63323
90.72 -1.7467
90.73 -1.8537
90.74 -1.95327
90.75 -2.0464
90.76 -2.13392
90.77 -2.21694
90.78 -2.2969
90.79 -2.37542
90.8 -2.45442
90.81 -2.53588
90.82 -2.62137
90.83 -2.71221
90.84 -2.80941
90.85 -2.91351
90.86 -3.02489
90.87 -3.143
90.88 -3.26615
90.89 -3.39255
90.9 -3.51994
90.91 -3.64561
90.92 -3.76635
90.93 -3.87777
90.94 -3.97702
90.95 -4.06077
90.96 -4.12589
90.97 -4.16956
90.98 -4.18941
90.99 -4.18059
91 -4.14446
91.01 -4.08089
91.02 -3.99018
91.03 -3.87328
91.04 -3.73176
91.05 -3.56616
91.06 -3.38044
91.07 -3.17854
91.08 -2.9637
91.09 -2.73925
91.1 -2.50849
91.11 -2.27454
91.12 -2.04063
91.13 -1.80935
91.14 -1.58265
91.15 -1.36201
91.16 -1.14844
91.17 -0.942613
91.18 -0.745214
91.19 -0.555097
91.2 -0.371616
91.21 -0.193941
91.22 -0.0211452
91.23 0.147697
91.24 0.313151
91.25 0.476234
91.26 0.637337
91.27 0.796541
91.28 0.953624
91.29 1.10806
91.3 1.25869
91.31 1.40445
91.32 1.54424
91.33 1.67674
91.34 1.80067
91.35 1.9148
91.36 2.01751
91.37 2.10773
91.38 2.18585
91.39 2.25186
91.4 2.30615
91.41 2.34947
91.42 2.38275
91.43 2.40697
91.44 2.42481
91.45 2.4381
91.46 2.44873
91.47 2.4585
91.48 2.46906
91.49 2.48213
91.5 2.49853
91.51 2.51874
91.52 2.54274
91.53 2.57005
91.54 2.5997
91.55 2.63019
91.56 2.65937
91.57 2.68505
91.58 2.70488
91.59 2.71647
91.6 2.71753
91.61 2.70519
91.62 2.67725
91.63 2.63342
91.64 2.57308
91.65 2.49624
91.66 2.40357
91.67 2.29612
91.68 2.17525
91.69 2.04509
91.7 1.90884
91.71 1.77006
91.72 1.63256
91.73 1.5002
91.74 1.37827
91.75 1.26974
91.76 1.17768
91.77 1.10469
91.78 1.05278
91.79 1.02326
91.8 1.01856
91.81 1.0373
91.82 1.07742
91.83 1.13709
91.84 1.21387
91.85 1.30481
91.86 1.40699
91.87 1.51639
91.88 1.62869
91.89 1.74035
91.9 1.84805
91.91 1.94884
91.92 2.03993
91.93 2.11828
91.94 2.1836
91.95 2.23524
91.96 2.27313
91.97 2.29774
91.98 2.31001
91.99 2.31023
92 2.30143
92.01 2.28555
92.02 2.26451
92.03 2.24018
92.04 2.21427
92.05 2.18833
92.06 2.16362
92.07 2.14085
92.08 2.12034
92.09 2.10203
92.1 2.08553
92.11 2.07012
92.12 2.05466
92.13 2.03794
92.14 2.01871
92.15 1.99576
92.16 1.96794
92.17 1.93415
92.18 1.89308
92.19 1.84492
92.2 1.78955
92.21 1.72717
92.22 1.65826
92.23 1.58352
92.24 1.50344
92.25 1.4197
92.26 1.33344
92.27 1.24576
92.28 1.15761
92.29 1.06979
92.3 0.98297
92.31 0.897364
92.32 0.812831
92.33 0.72895
92.34 0.645004
92.35 0.560014
92.36 0.472594
92.37 0.381145
92.38 0.284434
92.39 0.181115
92.4 0.0699771
92.41 -0.0499639
92.42 -0.179628
92.43 -0.320032
92.44 -0.47001
92.45 -0.628866
92.46 -0.795444
92.47 -0.968139
92.48 -1.14494
92.49 -1.32336
92.5 -1.50027
92.51 -1.67278
92.52 -1.83798
92.53 -1.993
92.54 -2.13513
92.55 -2.26043
92.56 -2.36734
92.57 -2.4549
92.58 -2.52207
92.59 -2.56837
92.6 -2.59384
92.61 -2.59803
92.62 -2.58205
92.63 -2.54892
92.64 -2.50066
92.65 -2.43955
92.66 -2.36807
92.67 -2.28865
92.68 -2.20375
92.69 -2.11644
92.7 -2.02884
92.71 -1.9428
92.72 -1.8598
92.73 -1.78094
92.74 -1.70753
92.75 -1.63932
92.76 -1.57612
92.77 -1.51747
92.78 -1.46266
92.79 -1.41076
92.8 -1.36082
92.81 -1.31152
92.82 -1.26177
92.83 -1.21067
92.84 -1.15749
92.85 -1.10173
92.86 -1.04298
92.87 -0.981277
92.88 -0.917194
92.89 -0.851367
92.9 -0.784662
92.91 -0.71814
92.92 -0.653075
92.93 -0.591132
92.94 -0.533479
92.95 -0.4814
92.96 -0.436084
92.97 -0.398576
92.98 -0.369745
92.99 -0.351382
93 -0.342867
93.01 -0.344272
93.02 -0.35548
93.03 -0.376152
93.04 -0.405751
93.05 -0.444197
93.06 -0.490083
93.07 -0.54214
93.08 -0.599319
93.09 -0.660539
93.1 -0.72471
93.11 -0.790803
93.12 -0.857624
93.13 -0.924072
93.14 -0.989204
93.15 -1.05211
93.16 -1.11194
93.17 -1.1677
93.18 -1.21813
93.19 -1.26279
93.2 -1.30084
93.21 -1.33145
93.22 -1.35375
93.23 -1.36689
93.24 -1.36875
93.25 -1.35959
93.26 -1.33869
93.27 -1.30542
93.28 -1.25923
93.29 -1.19978
93.3 -1.1257
93.31 -1.03779
93.32 -0.936863
93.33 -0.82353
93.34 -0.698671
93.35 -0.563429
93.36 -0.418786
93.37 -0.266598
93.38 -0.109293
93.39 0.0511293
93.4 0.212582
93.41 0.372951
93.42 0.530009
93.43 0.681149
93.44 0.82491
93.45 0.959704
93.46 1.0842
93.47 1.19735
93.48 1.29843
93.49 1.38552
93.5 1.46003
93.51 1.52228
93.52 1.57283
93.53 1.61247
93.54 1.64218
93.55 1.6624
93.56 1.67493
93.57 1.68127
93.58 1.68257
93.59 1.67986
93.6 1.67404
93.61 1.66573
93.62 1.65549
93.63 1.64369
93.64 1.63035
93.65 1.61529
93.66 1.59813
93.67 1.57821
93.68 1.55455
93.69 1.52662
93.7 1.4936
93.71 1.45467
93.72 1.40905
93.73 1.35605
93.74 1.29409
93.75 1.22361
93.76 1.14438
93.77 1.0563
93.78 0.959426
93.79 0.853991
93.8 0.73968
93.81 0.617528
93.82 0.488445
93.83 0.353159
93.84 0.212467
93.85 0.0672167
93.86 -0.0818636
93.87 -0.233728
93.88 -0.387219
93.89 -0.541387
93.9 -0.695267
93.91 -0.847868
93.92 -0.998081
93.93 -1.14448
93.94 -1.28619
93.95 -1.42204
93.96 -1.55082
93.97 -1.67127
93.98 -1.78206
93.99 -1.88041
94 -1.9661
94.01 -2.03783
94.02 -2.09435
94.03 -2.13445
94.04 -2.15711
94.05 -2.15975
94.06 -2.14269
94.07 -2.10619
94.08 -2.0502
94.09 -1.97496
94.1 -1.88108
94.11 -1.7685
94.12 -1.63866
94.13 -1.49431
94.14 -1.3374
94.15 -1.1701
94.16 -0.994775
94.17 -0.813879
94.18 -0.630188
94.19 -0.446783
94.2 -0.26622
94.21 -0.0909302
94.22 0.0768322
94.23 0.235042
94.24 0.380416
94.25 0.512763
94.26 0.631069
94.27 0.734636
94.28 0.823095
94.29 0.896389
94.3 0.953464
94.31 0.995771
94.32 1.02454
94.33 1.04069
94.34 1.04524
94.35 1.03926
94.36 1.02337
94.37 0.998772
94.38 0.967029
94.39 0.929028
94.4 0.885545
94.41 0.83723
94.42 0.784495
94.43 0.72754
94.44 0.667027
94.45 0.60315
94.46 0.536053
94.47 0.465853
94.48 0.392669
94.49 0.316341
94.5 0.237452
94.51 0.156328
94.52 0.0733906
94.53 -0.0108195
94.54 -0.0956437
94.55 -0.180207
94.56 -0.263496
94.57 -0.344506
94.58 -0.422148
94.59 -0.495281
94.6 -0.562738
94.61 -0.622866
94.62 -0.674337
94.63 -0.716517
94.64 -0.748426
94.65 -0.769195
94.66 -0.778082
94.67 -0.774107
94.68 -0.755995
94.69 -0.724673
94.7 -0.680089
94.71 -0.622363
94.72 -0.551789
94.73 -0.468825
94.74 -0.372763
94.75 -0.265898
94.76 -0.149195
94.77 -0.0237427
94.78 0.10925
94.79 0.248465
94.8 0.392785
94.81 0.540222
94.82 0.689058
94.83 0.837669
94.84 0.984407
94.85 1.12761
94.86 1.26523
94.87 1.39541
94.88 1.51696
94.89 1.62846
94.9 1.7286
94.91 1.81624
94.92 1.88995
94.93 1.94798
94.94 1.99106
94.95 2.01888
94.96 2.03139
94.97 2.02873
94.98 2.01131
94.99 1.97813
95 1.93183
95.01 1.87344
95.02 1.80413
95.03 1.72518
95.04 1.63793
95.05 1.54323
95.06 1.44303
95.07 1.33879
95.08 1.23167
95.09 1.12271
95.1 1.01278
95.11 0.902584
95.12 0.792675
95.13 0.683314
95.14 0.574566
95.15 0.466326
95.16 0.358339
95.17 0.250209
95.18 0.141367
95.19 0.0313088
95.2 -0.0804827
95.21 -0.194486
95.22 -0.3111
95.23 -0.430616
95.24 -0.553542
95.25 -0.679448
95.26 -0.808077
95.27 -0.938973
95.28 -1.07149
95.29 -1.20479
95.3 -1.33773
95.31 -1.46899
95.32 -1.59726
95.33 -1.72113
95.34 -1.83912
95.35 -1.94976
95.36 -2.05091
95.37 -2.14093
95.38 -2.21903
95.39 -2.28395
95.4 -2.33458
95.41 -2.36993
95.42 -2.38865
95.43 -2.38901
95.44 -2.37201
95.45 -2.33735
95.46 -2.28488
95.47 -2.21461
95.48 -2.12668
95.49 -2.0194
95.5 -1.89537
95.51 -1.75521
95.52 -1.5997
95.53 -1.42974
95.54 -1.24637
95.55 -1.04977
95.56 -0.842237
95.57 -0.62563
95.58 -0.401601
95.59 -0.171943
95.6 0.0614237
95.61 0.296417
95.62 0.530524
95.63 0.761414
95.64 0.986787
95.65 1.20432
95.66 1.41171
95.67 1.60623
95.68 1.78463
95.69 1.94606
95.7 2.08877
95.71 2.21119
95.72 2.31207
95.73 2.39036
95.74 2.44265
95.75 2.47142
95.76 2.47679
95.77 2.45921
95.78 2.4195
95.79 2.35874
95.8 2.27665
95.81 2.17641
95.82 2.06046
95.83 1.93086
95.84 1.78975
95.85 1.63936
95.86 1.48161
95.87 1.31904
95.88 1.15412
95.89 0.988805
95.9 0.824878
95.91 0.663958
95.92 0.507659
95.93 0.357661
95.94 0.214514
95.95 0.0789843
95.96 -0.0483464
95.97 -0.167066
95.98 -0.276892
95.99 -0.376656
96 -0.467433
96.01 -0.549327
96.02 -0.622512
96.03 -0.687217
96.04 -0.743708
96.05 -0.791571
96.06 -0.831695
96.07 -0.864635
96.08 -0.890747
96.09 -0.910401
96.1 -0.923985
96.11 -0.93157
96.12 -0.933694
96.13 -0.931138
96.14 -0.924389
96.15 -0.913961
96.16 -0.90039
96.17 -0.884172
96.18 -0.865858
96.19 -0.846255
96.2 -0.825952
96.21 -0.805532
96.22 -0.785562
96.23 -0.766591
96.24 -0.749363
96.25 -0.734209
96.26 -0.72155
96.27 -0.711757
96.28 -0.705156
96.29 -0.702024
96.3 -0.70296
96.31 -0.707918
96.32 -0.716935
96.33 -0.730115
96.34 -0.747533
96.35 -0.769232
96.36 -0.79551
96.37 -0.826326
96.38 -0.861397
96.39 -0.900658
96.4 -0.944013
96.41 -0.991329
96.42 -1.04255
96.43 -1.09761
96.44 -1.15589
96.45 -1.21704
96.46 -1.28066
96.47 -1.34627
96.48 -1.41335
96.49 -1.48134
96.5 -1.54943
96.51 -1.61696
96.52 -1.68323
96.53 -1.74752
96.54 -1.80914
96.55 -1.86705
96.56 -1.92077
96.57 -1.96984
96.58 -2.01378
96.59 -2.05217
96.6 -2.08471
96.61 -2.11076
96.62 -2.13021
96.63 -2.14337
96.64 -2.15026
96.65 -2.15093
96.66 -2.14548
96.67 -2.13382
96.68 -2.11575
96.69 -2.09184
96.7 -2.0621
96.71 -2.02647
96.72 -1.98482
96.73 -1.9369
96.74 -1.88163
96.75 -1.81937
96.76 -1.74967
96.77 -1.67203
96.78 -1.58597
96.79 -1.49097
96.8 -1.38564
96.81 -1.27021
96.82 -1.14465
96.83 -1.00882
96.84 -0.86272
96.85 -0.706517
96.86 -0.539953
96.87 -0.363766
96.88 -0.179249
96.89 0.0126813
96.9 0.21096
96.91 0.414399
96.92 0.621802
96.93 0.83175
96.94 1.04255
96.95 1.25284
96.96 1.4613
96.97 1.66667
96.98 1.86776
96.99 2.06283
97 2.25152
97.01 2.43306
97.02 2.60682
97.03 2.77228
97.04 2.92901
97.05 3.07577
97.06 3.21289
97.07 3.34034
97.08 3.45788
97.09 3.56523
97.1 3.66211
97.11 3.74743
97.12 3.82086
97.13 3.88257
97.14 3.93209
97.15 3.96894
97.16 3.99265
97.17 4.0023
97.18 3.9968
97.19 3.97708
97.2 3.94307
97.21 3.89482
97.22 3.83259
97.23 3.75675
97.24 3.66666
97.25 3.56473
97.26 3.45206
97.27 3.32985
97.28 3.19943
97.29 3.06221
97.3 2.91924
97.31 2.77248
97.32 2.62336
97.33 2.47304
97.34 2.32254
97.35 2.17262
97.36 2.02394
97.37 1.8768
97.38 1.73111
97.39 1.58661
97.4 1.44286
97.41 1.29923
97.42 1.15495
97.43 1.00901
97.44 0.860718
97.45 0.709368
97.46 0.554415
97.47 0.395515
97.48 0.232554
97.49 0.0653799
97.5 -0.104933
97.51 -0.277452
97.52 -0.450925
97.53 -0.623815
97.54 -0.794336
97.55 -0.959871
97.56 -1.11837
97.57 -1.26778
97.58 -1.40598
97.59 -1.53101
97.6 -1.64107
97.61 -1.73347
97.62 -1.80716
97.63 -1.86237
97.64 -1.89885
97.65 -1.91678
97.66 -1.91675
97.67 -1.8992
97.68 -1.86496
97.69 -1.81717
97.7 -1.75774
97.71 -1.68873
97.72 -1.61222
97.73 -1.53025
97.74 -1.44464
97.75 -1.35767
97.76 -1.27079
97.77 -1.18517
97.78 -1.10168
97.79 -1.02084
97.8 -0.943163
97.81 -0.868299
97.82 -0.795814
97.83 -0.725161
97.84 -0.655678
97.85 -0.586657
97.86 -0.517355
97.87 -0.447107
97.88 -0.375529
97.89 -0.30243
97.9 -0.227857
97.91 -0.152114
97.92 -0.0757789
97.93 0.000174026
97.94 0.0746157
97.95 0.146296
97.96 0.213858
97.97 0.275902
97.98 0.330982
97.99 0.3768
98 0.413087
98.01 0.438982
98.02 0.453891
98.03 0.457514
98.04 0.449858
98.05 0.430214
98.06 0.400152
98.07 0.360842
98.08 0.313407
98.09 0.259108
98.1 0.199278
98.11 0.135061
98.12 0.0679733
98.13 -0.000673533
98.14 -0.0699739
98.15 -0.139257
98.16 -0.208113
98.17 -0.276383
98.18 -0.344228
98.19 -0.412119
98.2 -0.48067
98.21 -0.550622
98.22 -0.622784
98.23 -0.697991
98.24 -0.777431
98.25 -0.86126
98.26 -0.94976
98.27 -1.04292
98.28 -1.1404
98.29 -1.24151
98.3 -1.34534
98.31 -1.45005
98.32 -1.55382
98.33 -1.65465
98.34 -1.75033
98.35 -1.83859
98.36 -1.91631
98.37 -1.98117
98.38 -2.03175
98.39 -2.06637
98.4 -2.08376
98.41 -2.08303
98.42 -2.06302
98.43 -2.02307
98.44 -1.96538
98.45 -1.89103
98.46 -1.80152
98.47 -1.69868
98.48 -1.58451
98.49 -1.46063
98.5 -1.33057
98.51 -1.19659
98.52 -1.06084
98.53 -0.925219
98.54 -0.791352
98.55 -0.660924
98.56 -0.534641
98.57 -0.412858
98.58 -0.29563
98.59 -0.18268
98.6 -0.073446
98.61 0.0327136
98.62 0.136928
98.63 0.24032
98.64 0.343818
98.65 0.448219
98.66 0.554116
98.67 0.661916
98.68 0.771673
98.69 0.882829
98.7 0.994643
98.71 1.10606
98.72 1.21574
98.73 1.32208
98.74 1.42264
98.75 1.51606
98.76 1.60061
98.77 1.6747
98.78 1.73696
98.79 1.78635
98.8 1.82075
98.81 1.84103
98.82 1.84775
98.83 1.84166
98.84 1.82392
98.85 1.79608
98.86 1.75961
98.87 1.71716
98.88 1.6715
98.89 1.62499
98.9 1.57997
98.91 1.53861
98.92 1.50315
98.93 1.47567
98.94 1.4568
98.95 1.4472
98.96 1.44709
98.97 1.45622
98.98 1.47399
98.99 1.4999
99 1.53154
99.01 1.56718
99.02 1.60497
99.03 1.64298
99.04 1.67931
99.05 1.71166
99.06 1.73859
99.07 1.7589
99.08 1.77165
99.09 1.77622
99.1 1.77232
99.11 1.75941
99.12 1.73811
99.13 1.70946
99.14 1.67426
99.15 1.6334
99.16 1.58778
99.17 1.53815
99.18 1.48517
99.19 1.42966
99.2 1.37185
99.21 1.31173
99.22 1.24898
99.23 1.18301
99.24 1.11246
99.25 1.03664
99.26 0.954328
99.27 0.864282
99.28 0.765254
99.29 0.656095
99.3 0.534613
99.31 0.400966
99.32 0.255027
99.33 0.0968159
99.34 -0.0732645
99.35 -0.25442
99.36 -0.446073
99.37 -0.646192
99.38 -0.852397
99.39 -1.06257
99.4 -1.27445
99.41 -1.48572
99.42 -1.6939
99.43 -1.89632
99.44 -2.09137
99.45 -2.27746
99.46 -2.45334
99.47 -2.61814
99.48 -2.77126
99.49 -2.91156
99.5 -3.04073
99.51 -3.15951
99.52 -3.26893
99.53 -3.37021
99.54 -3.46466
99.55 -3.55323
99.56 -3.6378
99.57 -3.71959
99.58 -3.79946
99.59 -3.878
99.6 -3.95547
99.61 -4.03161
99.62 -4.10585
99.63 -4.17731
99.64 -4.24472
99.65 -4.30658
99.66 -4.36117
99.67 -4.40615
99.68 -4.43897
99.69 -4.45854
99.7 -4.46316
99.71 -4.45136
99.72 -4.42194
99.73 -4.37379
99.74 -4.30456
99.75 -4.21624
99.76 -4.1092
99.77 -3.98415
99.78 -3.84213
99.79 -3.68447
99.8 -3.51141
99.81 -3.32607
99.82 -3.13048
99.83 -2.92642
99.84 -2.71563
99.85 -2.49971
99.86 -2.27994
99.87 -2.0578
99.88 -1.83445
99.89 -1.61066
99.9 -1.38698
99.91 -1.16383
99.92 -0.941474
99.93 -0.720128
99.94 -0.499829
99.95 -0.280696
99.96 -0.0629155
99.97 0.153219
99.98 0.367234
99.99 0.578166
100 0.785407
100.01 0.987932
100.02 1.18455
100.03 1.37392
100.04 1.55462
100.05 1.72393
100.06 1.88108
100.07 2.02485
100.08 2.15394
100.09 2.26725
100.1 2.36392
100.11 2.44205
100.12 2.50182
100.13 2.54417
100.14 2.56955
100.15 2.57871
100.16 2.57272
100.17 2.55235
100.18 2.51896
100.19 2.47532
100.2 2.42326
100.21 2.36462
100.22 2.30123
100.23 2.23481
100.24 2.16707
100.25 2.0997
100.26 2.03394
100.27 1.9708
100.28 1.9111
100.29 1.85544
100.3 1.80472
100.31 1.75878
100.32 1.71763
100.33 1.68122
100.34 1.64946
100.35 1.6222
100.36 1.59961
100.37 1.58142
100.38 1.56734
100.39 1.5573
100.4 1.55131
100.41 1.54937
100.42 1.5517
100.43 1.55847
100.44 1.56935
100.45 1.58427
100.46 1.60307
100.47 1.62548
100.48 1.65112
100.49 1.67962
100.5 1.70991
100.51 1.74111
100.52 1.77222
100.53 1.80212
100.54 1.82962
100.55 1.85299
100.56 1.87119
100.57 1.88311
100.58 1.88768
100.59 1.88397
100.6 1.87122
100.61 1.84813
100.62 1.81464
100.63 1.77118
100.64 1.71796
100.65 1.6554
100.66 1.58415
100.67 1.5047
100.68 1.41791
100.69 1.32544
100.7 1.22833
100.71 1.12766
100.72 1.0244
100.73 0.919427
100.74 0.813491
100.75 0.707298
100.76 0.601227
100.77 0.495483
100.78 0.390116
100.79 0.285042
100.8 0.180057
100.81 0.0748683
100.82 -0.0307854
100.83 -0.137119
100.84 -0.244251
100.85 -0.352164
100.86 -0.460672
100.87 -0.569251
100.88 -0.677173
100.89 -0.783494
100.9 -0.887042
100.91 -0.986435
100.92 -1.07977
100.93 -1.16488
100.94 -1.24042
100.95 -1.30462
100.96 -1.35577
100.97 -1.39231
100.98 -1.41257
100.99 -1.41378
101 -1.39693
101.01 -1.36165
101.02 -1.30793
101.03 -1.23614
101.04 -1.14702
101.05 -1.0401
101.06 -0.918468
101.07 -0.784103
101.08 -0.638922
101.09 -0.484965
101.1 -0.324325
101.11 -0.158878
101.12 0.00897826
101.13 0.177263
101.14 0.344397
101.15 0.509047
101.16 0.670146
101.17 0.826676
101.18 0.977939
101.19 1.12406
101.2 1.26503
101.21 1.401
101.22 1.53222
101.23 1.65888
101.24 1.78091
101.25 1.8989
101.26 2.01283
101.27 2.12247
101.28 2.22737
101.29 2.3268
101.3 2.41897
101.31 2.50306
101.32 2.57763
101.33 2.64098
101.34 2.6913
101.35 2.7267
101.36 2.74386
101.37 2.74134
101.38 2.71833
101.39 2.67354
101.4 2.606
101.41 2.51514
101.42 2.3997
101.43 2.25948
101.44 2.09711
101.45 1.91397
101.46 1.71185
101.47 1.49297
101.48 1.25967
101.49 1.0142
101.5 0.761062
101.51 0.503439
101.52 0.244534
101.53 -0.0125133
101.54 -0.264703
101.55 -0.508139
101.56 -0.740813
101.57 -0.960726
101.58 -1.16613
101.59 -1.35566
101.6 -1.52833
101.61 -1.68214
101.62 -1.81742
101.63 -1.93506
101.64 -2.03543
101.65 -2.11909
101.66 -2.18676
101.67 -2.23859
101.68 -2.27518
101.69 -2.29847
101.7 -2.30926
101.71 -2.30824
101.72 -2.29601
101.73 -2.27286
101.74 -2.2383
101.75 -2.19368
101.76 -2.13914
101.77 -2.07479
101.78 -2.00072
101.79 -1.91703
101.8 -1.82288
101.81 -1.71946
101.82 -1.60731
101.83 -1.48696
101.84 -1.35915
101.85 -1.22476
101.86 -1.08456
101.87 -0.940181
101.88 -0.793296
101.89 -0.645468
101.9 -0.498345
101.91 -0.353629
101.92 -0.213315
101.93 -0.0794702
101.94 0.0466513
101.95 0.163599
101.96 0.27008
101.97 0.364989
101.98 0.447188
101.99 0.514824
102 0.568819
102.01 0.609015
102.02 0.635467
102.03 0.648422
102.04 0.648302
102.05 0.634379
102.06 0.608635
102.07 0.571998
102.08 0.525284
102.09 0.469325
102.1 0.404939
102.11 0.332372
102.12 0.252736
102.13 0.167014
102.14 0.0758105
102.15 -0.0203309
102.16 -0.120915
102.17 -0.225659
102.18 -0.334148
102.19 -0.445672
102.2 -0.559789
102.21 -0.676023
102.22 -0.793855
102.23 -0.912712
102.24 -1.03189
102.25 -1.15058
102.26 -1.26799
102.27 -1.38329
102.28 -1.49559
102.29 -1.604
102.3 -1.707
102.31 -1.80408
102.32 -1.89449
102.33 -1.97747
102.34 -2.05237
102.35 -2.11863
102.36 -2.17507
102.37 -2.22171
102.38 -2.25879
102.39 -2.2863
102.4 -2.30432
102.41 -2.31304
102.42 -2.31232
102.43 -2.30232
102.44 -2.28406
102.45 -2.25788
102.46 -2.22411
102.47 -2.18301
102.48 -2.13467
102.49 -2.07862
102.5 -2.0156
102.51 -1.94553
102.52 -1.86824
102.53 -1.78349
102.54 -1.69101
102.55 -1.58957
102.56 -1.47964
102.57 -1.36106
102.58 -1.23367
102.59 -1.09742
102.6 -0.952381
102.61 -0.798171
102.62 -0.635659
102.63 -0.465889
102.64 -0.289762
102.65 -0.108377
102.66 0.0769808
102.67 0.264909
102.68 0.453588
102.69 0.641159
102.7 0.825885
102.71 1.00603
102.72 1.1799
102.73 1.34571
102.74 1.50107
102.75 1.64557
102.76 1.77818
102.77 1.89813
102.78 2.00485
102.79 2.09805
102.8 2.17618
102.81 2.24086
102.82 2.29264
102.83 2.33211
102.84 2.36001
102.85 2.37711
102.86 2.38355
102.87 2.38069
102.88 2.36971
102.89 2.35131
102.9 2.32611
102.91 2.29455
102.92 2.25666
102.93 2.2125
102.94 2.16249
102.95 2.10647
102.96 2.04422
102.97 1.97542
102.98 1.89956
102.99 1.81565
103 1.72406
103.01 1.62456
103.02 1.51701
103.03 1.40139
103.04 1.27786
103.05 1.14594
103.06 1.00699
103.07 0.861799
103.08 0.71124
103.09 0.556339
103.1 0.398243
103.11 0.238143
103.12 0.077613
103.13 -0.0819387
103.14 -0.239185
103.15 -0.392839
103.16 -0.541685
103.17 -0.684236
103.18 -0.81921
103.19 -0.946179
103.2 -1.06442
103.21 -1.17332
103.22 -1.27243
103.23 -1.36116
103.24 -1.43841
103.25 -1.50506
103.26 -1.56104
103.27 -1.60633
103.28 -1.64095
103.29 -1.66496
103.3 -1.6773
103.31 -1.67918
103.32 -1.67087
103.33 -1.6526
103.34 -1.62463
103.35 -1.58732
103.36 -1.54042
103.37 -1.48494
103.38 -1.42194
103.39 -1.35225
103.4 -1.27682
103.41 -1.19676
103.42 -1.11321
103.43 -1.0277
103.44 -0.94191
103.45 -0.857369
103.46 -0.775616
103.47 -0.698175
103.48 -0.626674
103.49 -0.56319
103.5 -0.508291
103.51 -0.462948
103.52 -0.427903
103.53 -0.403644
103.54 -0.390388
103.55 -0.389268
103.56 -0.398704
103.57 -0.417928
103.58 -0.446029
103.59 -0.481895
103.6 -0.524259
103.61 -0.572045
103.62 -0.623391
103.63 -0.676673
103.64 -0.730517
103.65 -0.78365
103.66 -0.83494
103.67 -0.883239
103.68 -0.927634
103.69 -0.967818
103.7 -1.00348
103.71 -1.03447
103.72 -1.06083
103.73 -1.08256
103.74 -1.0996
103.75 -1.11262
103.76 -1.12182
103.77 -1.12732
103.78 -1.12914
103.79 -1.12712
103.8 -1.12042
103.81 -1.10888
103.82 -1.09178
103.83 -1.0682
103.84 -1.03708
103.85 -0.99726
103.86 -0.946588
103.87 -0.884159
103.88 -0.809246
103.89 -0.720893
103.9 -0.618359
103.91 -0.501172
103.92 -0.368398
103.93 -0.22012
103.94 -0.0580338
103.95 0.116782
103.96 0.302875
103.97 0.49845
103.98 0.701517
103.99 0.909763
104 1.11994
104.01 1.32942
104.02 1.53556
104.03 1.73583
104.04 1.92784
104.05 2.10805
104.06 2.27565
104.07 2.42934
104.08 2.56815
104.09 2.69153
104.1 2.79932
104.11 2.89053
104.12 2.9666
104.13 3.02906
104.14 3.07909
104.15 3.11802
104.16 3.14723
104.17 3.16774
104.18 3.18094
104.19 3.1885
104.2 3.1913
104.21 3.18999
104.22 3.18494
104.23 3.17614
104.24 3.16308
104.25 3.14561
104.26 3.12303
104.27 3.09453
104.28 3.05919
104.29 3.01608
104.3 2.96323
104.31 2.90079
104.32 2.82828
104.33 2.74542
104.34 2.65217
104.35 2.54882
104.36 2.43519
104.37 2.31276
104.38 2.18306
104.39 2.04748
104.4 1.90758
104.41 1.765
104.42 1.62149
104.43 1.47896
104.44 1.33897
104.45 1.20291
104.46 1.0719
104.47 0.946861
104.48 0.828578
104.49 0.717912
104.5 0.614208
104.51 0.51721
104.52 0.426449
104.53 0.341285
104.54 0.260956
104.55 0.184999
104.56 0.112057
104.57 0.0413338
104.58 -0.0278427
104.59 -0.0960055
104.6 -0.163524
104.61 -0.230553
104.62 -0.2971
104.63 -0.362983
104.64 -0.427878
104.65 -0.491362
104.66 -0.552967
104.67 -0.612066
104.68 -0.668157
104.69 -0.721119
104.7 -0.770824
104.71 -0.817336
104.72 -0.860928
104.73 -0.902051
104.74 -0.941415
104.75 -0.980196
104.76 -1.0195
104.77 -1.06051
104.78 -1.10449
104.79 -1.15264
104.8 -1.2068
104.81 -1.26738
104.82 -1.33499
104.83 -1.40997
104.84 -1.49229
104.85 -1.58155
104.86 -1.6774
104.87 -1.77813
104.88 -1.88189
104.89 -1.98678
104.9 -2.09063
104.91 -2.19112
104.92 -2.28541
104.93 -2.3707
104.94 -2.4452
104.95 -2.50694
104.96 -2.55429
104.97 -2.586
104.98 -2.60082
104.99 -2.59728
105 -2.57726
105.01 -2.54155
105.02 -2.49138
105.03 -2.42837
105.04 -2.35448
105.05 -2.27116
105.06 -2.18194
105.07 -2.08925
105.08 -1.99535
105.09 -1.90234
105.1 -1.81204
105.11 -1.72639
105.12 -1.64631
105.13 -1.57218
105.14 -1.50406
105.15 -1.44161
105.16 -1.38406
105.17 -1.33045
105.18 -1.27919
105.19 -1.22844
105.2 -1.17657
105.21 -1.12195
105.22 -1.06312
105.23 -0.998619
105.24 -0.92698
105.25 -0.848258
105.26 -0.762392
105.27 -0.669759
105.28 -0.571176
105.29 -0.467874
105.3 -0.361319
105.31 -0.254024
105.32 -0.148203
105.33 -0.0461775
105.34 0.0497067
105.35 0.137177
105.36 0.213041
105.37 0.275828
105.38 0.324495
105.39 0.358036
105.4 0.375895
105.41 0.377975
105.42 0.363814
105.43 0.334321
105.44 0.291804
105.45 0.237919
105.46 0.174581
105.47 0.103893
105.48 0.0279823
105.49 -0.0508326
105.5 -0.129986
105.51 -0.207516
105.52 -0.281681
105.53 -0.351002
105.54 -0.414298
105.55 -0.46982
105.56 -0.517815
105.57 -0.558131
105.58 -0.590852
105.59 -0.616278
105.6 -0.634879
105.61 -0.646743
105.62 -0.652933
105.63 -0.654278
105.64 -0.651338
105.65 -0.644565
105.66 -0.634276
105.67 -0.620433
105.68 -0.602981
105.69 -0.581914
105.7 -0.556875
105.71 -0.527392
105.72 -0.492913
105.73 -0.452676
105.74 -0.405613
105.75 -0.351744
105.76 -0.290659
105.77 -0.222089
105.78 -0.145934
105.79 -0.0622818
105.8 0.0293731
105.81 0.127608
105.82 0.231661
105.83 0.340615
105.84 0.453409
105.85 0.568865
105.86 0.685739
105.87 0.80249
105.88 0.917793
105.89 1.03041
105.9 1.13918
105.91 1.24304
105.92 1.34066
105.93 1.4311
105.94 1.5141
105.95 1.58916
105.96 1.65589
105.97 1.71403
105.98 1.76313
105.99 1.80247
106 1.83283
106.01 1.85415
106.02 1.8664
106.03 1.86957
106.04 1.86361
106.05 1.84741
106.06 1.82201
106.07 1.78743
106.08 1.74373
106.09 1.69099
106.1 1.62941
106.11 1.55855
106.12 1.47938
106.13 1.39274
106.14 1.29935
106.15 1.20009
106.16 1.09595
106.17 0.987902
106.18 0.877384
106.19 0.765926
106.2 0.654869
106.21 0.545543
106.22 0.43923
106.23 0.337277
106.24 0.241209
106.25 0.151471
106.26 0.068722
106.27 -0.0065903
106.28 -0.0742361
106.29 -0.134203
106.3 -0.18583
106.31 -0.230457
106.32 -0.268662
106.33 -0.301123
106.34 -0.32858
106.35 -0.351793
106.36 -0.371241
106.37 -0.387857
106.38 -0.402261
106.39 -0.414816
106.4 -0.425712
106.41 -0.434955
106.42 -0.442233
106.43 -0.447101
106.44 -0.449121
106.45 -0.447624
106.46 -0.441862
106.47 -0.431055
106.48 -0.414243
106.49 -0.390232
106.5 -0.359015
106.51 -0.320201
106.52 -0.273599
106.53 -0.219236
106.54 -0.15738
106.55 -0.087781
106.56 -0.0121349
106.57 0.0685464
106.58 0.153081
106.59 0.240155
106.6 0.328364
106.61 0.416111
106.62 0.501821
106.63 0.584183
106.64 0.662004
106.65 0.734261
106.66 0.800132
106.67 0.858582
106.68 0.909237
106.69 0.952482
106.7 0.988505
106.71 1.0177
106.72 1.04062
106.73 1.05785
106.74 1.07002
106.75 1.0785
106.76 1.08415
106.77 1.08779
106.78 1.09016
106.79 1.09191
106.8 1.09356
106.81 1.0955
106.82 1.0979
106.83 1.1008
106.84 1.10411
106.85 1.10766
106.86 1.11115
106.87 1.11427
106.88 1.1167
106.89 1.11821
106.9 1.11859
106.91 1.11774
106.92 1.11559
106.93 1.11228
106.94 1.10817
106.95 1.1036
106.96 1.09903
106.97 1.09499
106.98 1.09209
106.99 1.09103
107 1.09224
107.01 1.09614
107.02 1.10304
107.03 1.11313
107.04 1.12642
107.05 1.14309
107.06 1.16236
107.07 1.18365
107.08 1.20624
107.09 1.22925
107.1 1.25168
107.11 1.2722
107.12 1.28964
107.13 1.30292
107.14 1.31095
107.15 1.31273
107.16 1.30735
107.17 1.29351
107.18 1.27053
107.19 1.23847
107.2 1.19707
107.21 1.14625
107.22 1.08602
107.23 1.01627
107.24 0.936752
107.25 0.848611
107.26 0.752188
107.27 0.647819
107.28 0.535809
107.29 0.416407
107.3 0.28897
107.31 0.154485
107.32 0.0129907
107.33 -0.135524
107.34 -0.291108
107.35 -0.453817
107.36 -0.624351
107.37 -0.802219
107.38 -0.987078
107.39 -1.17866
107.4 -1.37653
107.41 -1.58007
107.42 -1.78868
107.43 -2.00112
107.44 -2.2158
107.45 -2.43118
107.46 -2.64559
107.47 -2.85719
107.48 -3.0638
107.49 -3.26274
107.5 -3.45245
107.51 -3.63098
107.52 -3.79647
107.53 -3.94725
107.54 -4.0818
107.55 -4.19671
107.56 -4.29307
107.57 -4.37029
107.58 -4.4281
107.59 -4.46649
107.6 -4.48577
107.61 -4.48483
107.62 -4.46578
107.63 -4.43013
107.64 -4.37899
107.65 -4.31356
107.66 -4.23503
107.67 -4.14392
107.68 -4.04156
107.69 -3.92963
107.7 -3.80895
107.71 -3.68025
107.72 -3.54405
107.73 -3.40051
107.74 -3.24952
107.75 -3.09178
107.76 -2.9273
107.77 -2.75604
107.78 -2.57792
107.79 -2.39289
107.8 -2.20017
107.81 -2.00073
107.82 -1.79481
107.83 -1.58285
107.84 -1.36541
107.85 -1.14325
107.86 -0.917018
107.87 -0.688217
107.88 -0.458197
107.89 -0.228325
107.9 -4.98116e-05
107.91 0.225129
107.92 0.445302
107.93 0.658773
107.94 0.864397
107.95 1.06085
107.96 1.24691
107.97 1.42152
107.98 1.58331
107.99 1.73075
108 1.8644
108.01 1.9839
108.02 2.08905
108.03 2.1798
108.04 2.2562
108.05 2.31688
108.06 2.36386
108.07 2.39758
108.08 2.41852
108.09 2.42724
108.1 2.42432
108.11 2.4094
108.12 2.38395
108.13 2.34894
108.14 2.30504
108.15 2.25294
108.16 2.19334
108.17 2.12655
108.18 2.05346
108.19 1.97517
108.2 1.89238
108.21 1.80581
108.22 1.71616
108.23 1.62404
108.24 1.53009
108.25 1.43509
108.26 1.33958
108.27 1.24402
108.28 1.14881
108.29 1.05428
108.3 0.960792
108.31 0.868404
108.32 0.777184
108.33 0.687137
108.34 0.598216
108.35 0.510338
108.36 0.423476
108.37 0.337453
108.38 0.252169
108.39 0.16759
108.4 0.0837485
108.41 0.000748079
108.42 -0.081132
108.43 -0.161554
108.44 -0.240171
108.45 -0.316487
108.46 -0.389932
108.47 -0.459874
108.48 -0.525471
108.49 -0.58569
108.5 -0.640243
108.51 -0.68852
108.52 -0.729995
108.53 -0.76425
108.54 -0.790964
108.55 -0.809153
108.56 -0.81978
108.57 -0.823104
108.58 -0.819555
108.59 -0.809724
108.6 -0.79435
108.61 -0.773935
108.62 -0.749886
108.63 -0.723336
108.64 -0.695303
108.65 -0.666773
108.66 -0.638659
108.67 -0.611886
108.68 -0.587168
108.69 -0.564859
108.7 -0.545185
108.71 -0.528163
108.72 -0.513595
108.73 -0.501132
108.74 -0.490145
108.75 -0.479666
108.76 -0.468772
108.77 -0.456455
108.78 -0.441664
108.79 -0.423325
108.8 -0.399819
108.81 -0.370701
108.82 -0.335231
108.83 -0.292844
108.84 -0.243171
108.85 -0.186059
108.86 -0.120899
108.87 -0.0485888
108.88 0.0301196
108.89 0.11447
108.9 0.203546
108.91 0.296301
108.92 0.391687
108.93 0.488308
108.94 0.584852
108.95 0.680183
108.96 0.773254
108.97 0.863133
108.98 0.948867
108.99 1.02955
109 1.10513
109.01 1.1754
109.02 1.24034
109.03 1.30005
109.04 1.35477
109.05 1.40443
109.06 1.45007
109.07 1.49218
109.08 1.53127
109.09 1.56781
109.1 1.60218
109.11 1.63453
109.12 1.66514
109.13 1.69407
109.14 1.72113
109.15 1.74601
109.16 1.76824
109.17 1.78693
109.18 1.80128
109.19 1.81062
109.2 1.81406
109.21 1.81069
109.22 1.79962
109.23 1.77966
109.24 1.74953
109.25 1.70938
109.26 1.65878
109.27 1.59748
109.28 1.52542
109.29 1.4427
109.3 1.34863
109.31 1.24505
109.32 1.13278
109.33 1.01278
109.34 0.88619
109.35 0.754245
109.36 0.618019
109.37 0.479354
109.38 0.339733
109.39 0.200519
109.4 0.063012
109.41 -0.0715742
109.42 -0.201802
109.43 -0.326639
109.44 -0.445541
109.45 -0.557898
109.46 -0.66326
109.47 -0.761333
109.48 -0.851693
109.49 -0.933988
109.5 -1.00897
109.51 -1.07683
109.52 -1.13785
109.53 -1.1923
109.54 -1.24043
109.55 -1.2819
109.56 -1.31761
109.57 -1.34772
109.58 -1.37225
109.59 -1.39118
109.6 -1.40436
109.61 -1.41092
109.62 -1.41093
109.63 -1.4041
109.64 -1.38995
109.65 -1.36797
109.66 -1.33764
109.67 -1.29784
109.68 -1.24818
109.69 -1.18882
109.7 -1.11954
109.71 -1.04026
109.72 -0.951076
109.73 -0.8519
109.74 -0.742874
109.75 -0.625507
109.76 -0.500701
109.77 -0.369544
109.78 -0.233288
109.79 -0.093317
109.8 0.0488801
109.81 0.191294
109.82 0.33226
109.83 0.470109
109.84 0.603206
109.85 0.729987
109.86 0.848091
109.87 0.956665
109.88 1.05479
109.89 1.14155
109.9 1.21626
109.91 1.27844
109.92 1.32695
109.93 1.36198
109.94 1.38446
109.95 1.39477
109.96 1.39352
109.97 1.38141
109.98 1.35893
109.99 1.32674
110 1.28662
110.01 1.23957
110.02 1.18657
110.03 1.12857
110.04 1.06642
110.05 1.00069
110.06 0.932546
110.07 0.862599
110.08 0.79138
110.09 0.719331
110.1 0.646812
110.11 0.574116
110.12 0.501505
110.13 0.429155
110.14 0.357216
110.15 0.285825
110.16 0.215119
110.17 0.145325
110.18 0.0766355
110.19 0.00922528
110.2 -0.0566498
110.21 -0.120695
110.22 -0.18258
110.23 -0.241825
110.24 -0.297853
110.25 -0.350465
110.26 -0.39924
110.27 -0.443765
110.28 -0.48364
110.29 -0.518442
110.3 -0.547245
110.31 -0.570345
110.32 -0.587525
110.33 -0.598631
110.34 -0.603579
110.35 -0.602363
110.36 -0.594457
110.37 -0.580528
110.38 -0.560959
110.39 -0.536089
110.4 -0.506331
110.41 -0.472178
110.42 -0.433973
110.43 -0.392527
110.44 -0.348739
110.45 -0.303369
110.46 -0.25722
110.47 -0.211122
110.48 -0.165993
110.49 -0.122878
110.5 -0.0825194
110.51 -0.0457047
110.52 -0.013165
110.53 0.0144462
110.54 0.0365147
110.55 0.0519581
110.56 0.0611379
110.57 0.0639466
110.58 0.0604432
110.59 0.0508616
110.6 0.0356131
110.61 0.0148509
110.62 -0.0101427
110.63 -0.0383149
110.64 -0.0685884
110.65 -0.0997856
110.66 -0.130661
110.67 -0.15973
110.68 -0.185569
110.69 -0.207072
110.7 -0.223139
110.71 -0.232815
110.72 -0.235322
110.73 -0.229759
110.74 -0.215451
110.75 -0.193015
110.76 -0.162694
110.77 -0.124987
110.78 -0.0806303
110.79 -0.0305353
110.8 0.0244481
110.81 0.0823878
110.82 0.141874
110.83 0.201461
110.84 0.259723
110.85 0.315302
110.86 0.366453
110.87 0.412342
110.88 0.452252
110.89 0.485629
110.9 0.512181
110.91 0.53188
110.92 0.544526
110.93 0.55085
110.94 0.55193
110.95 0.548681
110.96 0.542132
110.97 0.533374
110.98 0.523501
110.99 0.513686
111 0.504887
111.01 0.497806
111.02 0.492926
111.03 0.49047
111.04 0.490409
111.05 0.492523
111.06 0.49585
111.07 0.499425
111.08 0.502059
111.09 0.502378
111.1 0.498881
111.11 0.489281
111.12 0.472278
111.13 0.4465
111.14 0.410616
111.15 0.363503
111.16 0.3043
111.17 0.231524
111.18 0.145268
111.19 0.046399
111.2 -0.0644878
111.21 -0.186451
111.22 -0.318232
111.23 -0.458559
111.24 -0.605619
111.25 -0.756801
111.26 -0.910038
111.27 -1.06325
111.28 -1.21439
111.29 -1.36146
111.3 -1.50195
111.31 -1.63486
111.32 -1.75898
111.33 -1.87341
111.34 -1.97752
111.35 -2.07102
111.36 -2.15281
111.37 -2.2241
111.38 -2.28564
111.39 -2.3381
111.4 -2.38233
111.41 -2.4192
111.42 -2.44922
111.43 -2.47353
111.44 -2.49319
111.45 -2.5088
111.46 -2.52083
111.47 -2.52952
111.48 -2.53481
111.49 -2.53639
111.5 -2.53415
111.51 -2.52757
111.52 -2.51598
111.53 -2.49864
111.54 -2.47465
111.55 -2.44238
111.56 -2.4018
111.57 -2.35222
111.58 -2.29306
111.59 -2.22393
111.6 -2.14458
111.61 -2.05392
111.62 -1.95303
111.63 -1.84252
111.64 -1.72299
111.65 -1.59523
111.66 -1.46018
111.67 -1.31855
111.68 -1.17186
111.69 -1.02166
111.7 -0.869249
111.71 -0.715919
111.72 -0.562939
111.73 -0.41164
111.74 -0.263415
111.75 -0.119145
111.76 0.0202576
111.77 0.153993
111.78 0.281381
111.79 0.401761
111.8 0.513934
111.81 0.61835
111.82 0.714793
111.83 0.803139
111.84 0.883347
111.85 0.955446
111.86 1.01872
111.87 1.07404
111.88 1.12179
111.89 1.16222
111.9 1.19567
111.91 1.22248
111.92 1.24262
111.93 1.25675
111.94 1.26562
111.95 1.26972
111.96 1.26953
111.97 1.26557
111.98 1.25819
111.99 1.24787
112 1.23528
112.01 1.22086
112.02 1.20495
112.03 1.18788
112.04 1.16988
112.05 1.1511
112.06 1.13173
112.07 1.11183
112.08 1.0914
112.09 1.07038
112.1 1.04869
112.11 1.02616
112.12 1.00273
112.13 0.978359
112.14 0.953004
112.15 0.926684
112.16 0.899479
112.17 0.871513
112.18 0.843091
112.19 0.814587
112.2 0.78642
112.21 0.759072
112.22 0.733078
112.23 0.709117
112.24 0.687932
112.25 0.66992
112.26 0.655587
112.27 0.645361
112.28 0.639572
112.29 0.638499
112.3 0.642645
112.31 0.651386
112.32 0.664445
112.33 0.681394
112.34 0.701657
112.35 0.724532
112.36 0.749305
112.37 0.774818
112.38 0.800103
112.39 0.824215
112.4 0.846246
112.41 0.865354
112.42 0.880476
112.43 0.891046
112.44 0.896829
112.45 0.897592
112.46 0.893282
112.47 0.884027
112.48 0.869944
112.49 0.851452
112.5 0.829529
112.51 0.8049
112.52 0.778352
112.53 0.750703
112.54 0.722765
112.55 0.695431
112.56 0.669369
112.57 0.645117
112.58 0.623078
112.59 0.603503
112.6 0.586488
112.61 0.572217
112.62 0.560207
112.63 0.550051
112.64 0.541279
112.65 0.533353
112.66 0.525694
112.67 0.51765
112.68 0.508602
112.69 0.498097
112.7 0.485752
112.71 0.471306
112.72 0.454624
112.73 0.435616
112.74 0.414404
112.75 0.391468
112.76 0.367229
112.77 0.342197
112.78 0.316947
112.79 0.292103
112.8 0.268435
112.81 0.246451
112.82 0.226639
112.83 0.209386
112.84 0.194962
112.85 0.183499
112.86 0.175278
112.87 0.169819
112.88 0.166729
112.89 0.165533
112.9 0.165644
112.91 0.166393
112.92 0.166981
112.93 0.166546
112.94 0.164349
112.95 0.159683
112.96 0.15191
112.97 0.140483
112.98 0.124757
112.99 0.10426
113 0.0791537
113.01 0.0494122
113.02 0.0151323
113.03 -0.0234809
113.04 -0.0661877
113.05 -0.112886
113.06 -0.162723
113.07 -0.215236
113.08 -0.269957
113.09 -0.326434
113.1 -0.384236
113.11 -0.443035
113.12 -0.502366
113.13 -0.561922
113.14 -0.621446
113.15 -0.68071
113.16 -0.739502
113.17 -0.797536
113.18 -0.854569
113.19 -0.910357
113.2 -0.964572
113.21 -1.01682
113.22 -1.06664
113.23 -1.11331
113.24 -1.15602
113.25 -1.19428
113.26 -1.22734
113.27 -1.25439
113.28 -1.27464
113.29 -1.28714
113.3 -1.29032
113.31 -1.28433
113.32 -1.2686
113.33 -1.24272
113.34 -1.2064
113.35 -1.15951
113.36 -1.10102
113.37 -1.0322
113.38 -0.953654
113.39 -0.865993
113.4 -0.769976
113.41 -0.66648
113.42 -0.556055
113.43 -0.440111
113.44 -0.319999
113.45 -0.196786
113.46 -0.0715079
113.47 0.0548565
113.48 0.181371
113.49 0.307094
113.5 0.431334
113.51 0.553496
113.52 0.673071
113.53 0.789627
113.54 0.902723
113.55 1.01165
113.56 1.11644
113.57 1.21674
113.58 1.31216
113.59 1.40223
113.6 1.48643
113.61 1.56334
113.62 1.63279
113.63 1.69403
113.64 1.74618
113.65 1.78832
113.66 1.81949
113.67 1.83777
113.68 1.84258
113.69 1.8337
113.7 1.81053
113.71 1.77266
113.72 1.71989
113.73 1.65157
113.74 1.56775
113.75 1.47019
113.76 1.35983
113.77 1.2379
113.78 1.10585
113.79 0.965234
113.8 0.817605
113.81 0.665791
113.82 0.511844
113.83 0.357816
113.84 0.205705
113.85 0.0573986
113.86 -0.084602
113.87 -0.21919
113.88 -0.345221
113.89 -0.46175
113.9 -0.568114
113.91 -0.663929
113.92 -0.748256
113.93 -0.821685
113.94 -0.885082
113.95 -0.939035
113.96 -0.984253
113.97 -1.02152
113.98 -1.05135
113.99 -1.07449
114 -1.09216
114.01 -1.10494
114.02 -1.11329
114.03 -1.1175
114.04 -1.11761
114.05 -1.11323
114.06 -1.10452
114.07 -1.09114
114.08 -1.07263
114.09 -1.04851
114.1 -1.01826
114.11 -0.980652
114.12 -0.935934
114.13 -0.883965
114.14 -0.824699
114.15 -0.758296
114.16 -0.685134
114.17 -0.605405
114.18 -0.520342
114.19 -0.431316
114.2 -0.339637
114.21 -0.246766
114.22 -0.154275
114.23 -0.0639846
114.24 0.0221331
114.25 0.102673
114.26 0.176183
114.27 0.241382
114.28 0.297202
114.29 0.342621
114.3 0.376184
114.31 0.398801
114.32 0.410628
114.33 0.412119
114.34 0.404003
114.35 0.387257
114.36 0.362391
114.37 0.331656
114.38 0.296602
114.39 0.258731
114.4 0.219528
114.41 0.180399
114.42 0.142829
114.43 0.107996
114.44 0.0766786
114.45 0.0494838
114.46 0.0267675
114.47 0.0086345
114.48 -0.00485065
114.49 -0.0140531
114.5 -0.0198979
114.51 -0.0231456
114.52 -0.0246648
114.53 -0.025387
114.54 -0.0262834
114.55 -0.0284745
114.56 -0.0327462
114.57 -0.0397997
114.58 -0.0501888
114.59 -0.0642996
114.6 -0.0823388
114.61 -0.104753
114.62 -0.130944
114.63 -0.160518
114.64 -0.192995
114.65 -0.227797
114.66 -0.264281
114.67 -0.301811
114.68 -0.339613
114.69 -0.377073
114.7 -0.413711
114.71 -0.44917
114.72 -0.483236
114.73 -0.515787
114.74 -0.546947
114.75 -0.577128
114.76 -0.60678
114.77 -0.636474
114.78 -0.666866
114.79 -0.698712
114.8 -0.733002
114.81 -0.770262
114.82 -0.811093
114.83 -0.855972
114.84 -0.905226
114.85 -0.958995
114.86 -1.01767
114.87 -1.08045
114.88 -1.14669
114.89 -1.21561
114.9 -1.28621
114.91 -1.35729
114.92 -1.42737
114.93 -1.49481
114.94 -1.55818
114.95 -1.61596
114.96 -1.66671
114.97 -1.70906
114.98 -1.74124
114.99 -1.7619
115 -1.77095
115.01 -1.76789
115.02 -1.75244
115.03 -1.72462
115.04 -1.68444
115.05 -1.6316
115.06 -1.56809
115.07 -1.49488
115.08 -1.4131
115.09 -1.32399
115.1 -1.22883
115.11 -1.12857
115.12 -1.0251
115.13 -0.919686
115.14 -0.813423
115.15 -0.707285
115.16 -0.602087
115.17 -0.498649
115.18 -0.397411
115.19 -0.298563
115.2 -0.202203
115.21 -0.108289
115.22 -0.0166583
115.23 0.0728519
115.24 0.160582
115.25 0.24702
115.26 0.332508
115.27 0.417355
115.28 0.501813
115.29 0.586049
115.3 0.67013
115.31 0.754019
115.32 0.837557
115.33 0.920483
115.34 1.00244
115.35 1.083
115.36 1.16138
115.37 1.23719
115.38 1.30988
115.39 1.37891
115.4 1.44375
115.41 1.50394
115.42 1.55862
115.43 1.60767
115.44 1.65107
115.45 1.68871
115.46 1.72058
115.47 1.74673
115.48 1.76705
115.49 1.7817
115.5 1.79137
115.51 1.79637
115.52 1.79707
115.53 1.79382
115.54 1.7869
115.55 1.77647
115.56 1.76317
115.57 1.74728
115.58 1.72907
115.59 1.70874
115.6 1.6865
115.61 1.66233
115.62 1.6366
115.63 1.60947
115.64 1.58109
115.65 1.55165
115.66 1.52134
115.67 1.49033
115.68 1.45893
115.69 1.42744
115.7 1.39612
115.71 1.36529
115.72 1.33522
115.73 1.30627
115.74 1.27875
115.75 1.25277
115.76 1.2285
115.77 1.20599
115.78 1.18526
115.79 1.16625
115.8 1.14887
115.81 1.1327
115.82 1.11736
115.83 1.10246
115.84 1.0875
115.85 1.072
115.86 1.05523
115.87 1.03676
115.88 1.0161
115.89 0.99282
115.9 0.966575
115.91 0.937091
115.92 0.903906
115.93 0.86713
115.94 0.826968
115.95 0.783608
115.96 0.73733
115.97 0.688502
115.98 0.637466
115.99 0.584756
116 0.531006
116.01 0.476702
116.02 0.422292
116.03 0.368165
116.04 0.314651
116.05 0.262036
116.06 0.21033
116.07 0.159488
116.08 0.109355
116.09 0.0596667
116.1 0.0100652
116.11 -0.0399792
116.12 -0.0909728
116.13 -0.14343
116.14 -0.197861
116.15 -0.254736
116.16 -0.314461
116.17 -0.377639
116.18 -0.444326
116.19 -0.514436
116.2 -0.587859
116.21 -0.664334
116.22 -0.743454
116.23 -0.824752
116.24 -0.907455
116.25 -0.990629
116.26 -1.07341
116.27 -1.15487
116.28 -1.2341
116.29 -1.31008
116.3 -1.38153
116.31 -1.448
116.32 -1.50881
116.33 -1.56341
116.34 -1.61133
116.35 -1.65229
116.36 -1.68527
116.37 -1.71102
116.38 -1.72966
116.39 -1.74139
116.4 -1.74647
116.41 -1.74521
116.42 -1.73747
116.43 -1.72397
116.44 -1.70527
116.45 -1.6817
116.46 -1.65354
116.47 -1.62106
116.48 -1.58424
116.49 -1.54323
116.5 -1.49844
116.51 -1.44999
116.52 -1.39798
116.53 -1.34257
116.54 -1.28384
116.55 -1.22183
116.56 -1.15717
116.57 -1.09024
116.58 -1.02152
116.59 -0.951568
116.6 -0.881029
116.61 -0.810731
116.62 -0.741527
116.63 -0.674242
116.64 -0.609712
116.65 -0.548755
116.66 -0.492141
116.67 -0.441055
116.68 -0.395892
116.69 -0.356901
116.7 -0.324358
116.71 -0.298378
116.72 -0.278905
116.73 -0.266037
116.74 -0.259353
116.75 -0.257865
116.76 -0.260869
116.77 -0.267564
116.78 -0.277088
116.79 -0.288568
116.8 -0.301066
116.81 -0.313573
116.82 -0.32533
116.83 -0.33568
116.84 -0.344093
116.85 -0.350182
116.86 -0.353399
116.87 -0.35397
116.88 -0.352005
116.89 -0.347731
116.9 -0.34148
116.91 -0.333665
116.92 -0.324697
116.93 -0.315179
116.94 -0.305608
116.95 -0.296394
116.96 -0.28787
116.97 -0.28027
116.98 -0.273773
116.99 -0.268365
117 -0.263815
117.01 -0.259845
117.02 -0.25608
117.03 -0.252063
117.04 -0.247251
117.05 -0.240954
117.06 -0.232742
117.07 -0.222163
117.08 -0.208846
117.09 -0.192538
117.1 -0.173124
117.11 -0.150308
117.12 -0.1247
117.13 -0.0967381
117.14 -0.0670072
117.15 -0.0362376
117.16 -0.00528137
117.17 0.0247604
117.18 0.0527899
117.19 0.0778203
117.2 0.0988692
117.21 0.11503
117.22 0.125511
117.23 0.129278
117.24 0.125778
117.25 0.115222
117.26 0.0976293
117.27 0.0732439
117.28 0.0425292
117.29 0.00602891
117.3 -0.0355815
117.31 -0.0807253
117.32 -0.128233
117.33 -0.17686
117.34 -0.225329
117.35 -0.27237
117.36 -0.316315
117.37 -0.356249
117.38 -0.391207
117.39 -0.420378
117.4 -0.443121
117.41 -0.458986
117.42 -0.467084
117.43 -0.467762
117.44 -0.461423
117.45 -0.448388
117.46 -0.429111
117.47 -0.404157
117.48 -0.373921
117.49 -0.33918
117.5 -0.300955
117.51 -0.259932
117.52 -0.216751
117.53 -0.17199
117.54 -0.126122
117.55 -0.0795453
117.56 -0.0326262
117.57 0.0144583
117.58 0.0616212
117.59 0.108854
117.6 0.156212
117.61 0.203837
117.62 0.251843
117.63 0.300356
117.64 0.349484
117.65 0.399291
117.66 0.449787
117.67 0.500954
117.68 0.552584
117.69 0.604409
117.7 0.656097
117.71 0.707235
117.72 0.757339
117.73 0.805742
117.74 0.851748
117.75 0.894851
117.76 0.934441
117.77 0.969931
117.78 1.00078
117.79 1.02635
117.8 1.04587
117.81 1.05955
117.82 1.06727
117.83 1.06902
117.84 1.06494
117.85 1.05531
117.86 1.04002
117.87 1.0203
117.88 0.996878
117.89 0.970597
117.9 0.942381
117.91 0.913229
117.92 0.884304
117.93 0.85682
117.94 0.831841
117.95 0.810408
117.96 0.793499
117.97 0.782004
117.98 0.777105
117.99 0.779546
118 0.78937
118.01 0.80684
118.02 0.832029
118.03 0.864818
118.04 0.905087
118.05 0.952663
118.06 1.00614
118.07 1.06462
118.08 1.12706
118.09 1.19229
118.1 1.25908
118.11 1.32598
118.12 1.39152
118.13 1.45439
118.14 1.51336
118.15 1.56727
118.16 1.61509
118.17 1.65524
118.18 1.68734
118.19 1.71113
118.2 1.72633
118.21 1.73281
118.22 1.73065
118.23 1.71962
118.24 1.70016
118.25 1.67331
118.26 1.63968
118.27 1.59989
118.28 1.5546
118.29 1.50428
118.3 1.44927
118.31 1.39041
118.32 1.328
118.33 1.26215
118.34 1.19285
118.35 1.11993
118.36 1.04252
118.37 0.960576
118.38 0.873515
118.39 0.78069
118.4 0.681432
118.41 0.575095
118.42 0.460363
118.43 0.337199
118.44 0.205591
118.45 0.0654982
118.46 -0.0828776
118.47 -0.239069
118.48 -0.40269
118.49 -0.572502
118.5 -0.746699
118.51 -0.923652
118.52 -1.10152
118.53 -1.27827
118.54 -1.45161
118.55 -1.61868
118.56 -1.77762
118.57 -1.9263
118.58 -2.06275
118.59 -2.18517
118.6 -2.29202
118.61 -2.37991
118.62 -2.44993
118.63 -2.5016
118.64 -2.5348
118.65 -2.54975
118.66 -2.547
118.67 -2.52596
118.68 -2.48897
118.69 -2.43789
118.7 -2.37422
118.71 -2.29955
118.72 -2.21549
118.73 -2.12322
118.74 -2.02445
118.75 -1.92093
118.76 -1.81379
118.77 -1.70393
118.78 -1.59207
118.79 -1.47863
118.8 -1.36384
118.81 -1.24786
118.82 -1.13058
118.83 -1.01179
118.84 -0.891201
118.85 -0.768512
118.86 -0.643138
118.87 -0.515169
118.88 -0.384552
118.89 -0.251392
118.9 -0.115966
118.91 0.0212612
118.92 0.159658
118.93 0.298175
118.94 0.435737
118.95 0.571171
118.96 0.703215
118.97 0.830562
118.98 0.951451
118.99 1.06445
119 1.16879
119.01 1.26352
119.02 1.34784
119.03 1.42118
119.04 1.48288
119.05 1.53221
119.06 1.57043
119.07 1.59804
119.08 1.61573
119.09 1.62438
119.1 1.62499
119.11 1.61801
119.12 1.60555
119.13 1.58878
119.14 1.56881
119.15 1.54664
119.16 1.52314
119.17 1.499
119.18 1.4748
119.19 1.45081
119.2 1.42707
119.21 1.40343
119.22 1.37959
119.23 1.35499
119.24 1.32896
119.25 1.30088
119.26 1.27006
119.27 1.23585
119.28 1.19765
119.29 1.15482
119.3 1.10668
119.31 1.05349
119.32 0.99527
119.33 0.932236
119.34 0.864777
119.35 0.793445
119.36 0.718681
119.37 0.641792
119.38 0.563718
119.39 0.485436
119.4 0.407924
119.41 0.332121
119.42 0.259194
119.43 0.189785
119.44 0.124368
119.45 0.0633173
119.46 0.00681754
119.47 -0.0451432
119.48 -0.092524
119.49 -0.135823
119.5 -0.175889
119.51 -0.213448
119.52 -0.249326
119.53 -0.284409
119.54 -0.319641
119.55 -0.356089
119.56 -0.394537
119.57 -0.43569
119.58 -0.480118
119.59 -0.528229
119.6 -0.580259
119.61 -0.636679
119.62 -0.696798
119.63 -0.760199
119.64 -0.826288
119.65 -0.894306
119.66 -0.963361
119.67 -1.03235
119.68 -1.10007
119.69 -1.1654
119.7 -1.22724
119.71 -1.28454
119.72 -1.33632
119.73 -1.38128
119.74 -1.41864
119.75 -1.44826
119.76 -1.46979
119.77 -1.48309
119.78 -1.48817
119.79 -1.485
119.8 -1.4736
119.81 -1.45525
119.82 -1.43063
119.83 -1.40053
119.84 -1.36581
119.85 -1.32735
119.86 -1.28587
119.87 -1.24266
119.88 -1.19858
119.89 -1.15439
119.9 -1.11077
119.91 -1.06832
119.92 -1.02769
119.93 -0.989145
119.94 -0.95285
119.95 -0.918904
119.96 -0.88731
119.97 -0.857989
119.98 -0.830917
119.99 -0.805854
120 -0.782463
120.01 -0.760528
120.02 -0.739861
120.03 -0.720313
120.04 -0.701834
120.05 -0.684473
120.06 -0.668235
120.07 -0.653301
120.08 -0.639941
120.09 -0.628504
120.1 -0.619424
120.11 -0.613562
120.12 -0.611156
120.13 -0.612739
120.14 -0.618828
120.15 -0.629904
120.16 -0.646379
120.17 -0.669145
120.18 -0.698029
120.19 -0.732924
120.2 -0.773732
120.21 -0.8202
120.22 -0.871917
120.23 -0.928574
120.24 -0.989293
120.25 -1.05294
120.26 -1.11855
120.27 -1.18507
120.28 -1.25142
120.29 -1.31638
120.3 -1.37861
120.31 -1.43722
120.32 -1.49126
120.33 -1.53992
120.34 -1.58254
120.35 -1.61854
120.36 -1.64675
120.37 -1.66782
120.38 -1.68175
120.39 -1.68868
120.4 -1.6889
120.41 -1.68279
120.42 -1.67028
120.43 -1.65236
120.44 -1.62965
120.45 -1.60262
120.46 -1.57166
120.47 -1.53707
120.48 -1.4988
120.49 -1.45692
120.5 -1.4115
120.51 -1.36227
120.52 -1.30885
120.53 -1.25073
120.54 -1.18712
120.55 -1.11702
120.56 -1.04026
120.57 -0.956255
120.58 -0.864501
120.59 -0.764626
120.6 -0.656376
120.61 -0.538832
120.62 -0.413234
120.63 -0.280091
120.64 -0.140156
120.65 0.0055844
120.66 0.155924
120.67 0.309618
120.68 0.464674
120.69 0.619328
120.7 0.771848
120.71 0.920515
120.72 1.06367
120.73 1.19923
120.74 1.32574
120.75 1.44252
120.76 1.54877
120.77 1.64397
120.78 1.72791
120.79 1.80029
120.8 1.86104
120.81 1.91181
120.82 1.95352
120.83 1.98726
120.84 2.01424
120.85 2.0357
120.86 2.05258
120.87 2.06665
120.88 2.07897
120.89 2.09039
120.9 2.10157
120.91 2.11292
120.92 2.12464
120.93 2.13655
120.94 2.14827
120.95 2.15919
120.96 2.16856
120.97 2.17551
120.98 2.17881
120.99 2.17743
121 2.17071
121.01 2.1579
121.02 2.13845
121.03 2.11204
121.04 2.07832
121.05 2.03721
121.06 1.98984
121.07 1.937
121.08 1.87971
121.09 1.81919
121.1 1.75681
121.11 1.69415
121.12 1.63287
121.13 1.57439
121.14 1.51999
121.15 1.47079
121.16 1.42765
121.17 1.39186
121.18 1.36319
121.19 1.34135
121.2 1.32591
121.21 1.31612
121.22 1.31098
121.23 1.3094
121.24 1.3097
121.25 1.3102
121.26 1.30939
121.27 1.30582
121.28 1.29818
121.29 1.2851
121.3 1.26535
121.31 1.23888
121.32 1.20552
121.33 1.16543
121.34 1.1191
121.35 1.06728
121.36 1.01072
121.37 0.951318
121.38 0.890527
121.39 0.829847
121.4 0.77077
121.41 0.714702
121.42 0.663415
121.43 0.617698
121.44 0.578128
121.45 0.545071
121.46 0.518559
121.47 0.498288
121.48 0.483949
121.49 0.474354
121.5 0.467981
121.51 0.463429
121.52 0.459194
121.53 0.453738
121.54 0.445407
121.55 0.432464
121.56 0.414028
121.57 0.389227
121.58 0.357489
121.59 0.318568
121.6 0.272505
121.61 0.219107
121.62 0.159991
121.63 0.0962282
121.64 0.0290877
121.65 -0.0400259
121.66 -0.109647
121.67 -0.178093
121.68 -0.243947
121.69 -0.3061
121.7 -0.363665
121.71 -0.416049
121.72 -0.462987
121.73 -0.504226
121.74 -0.540403
121.75 -0.57265
121.76 -0.602095
121.77 -0.630092
121.78 -0.658153
121.79 -0.688004
121.8 -0.721604
121.81 -0.760255
121.82 -0.805231
121.83 -0.857538
121.84 -0.917851
121.85 -0.98654
121.86 -1.06429
121.87 -1.14949
121.88 -1.2411
121.89 -1.33765
121.9 -1.43737
121.91 -1.53823
121.92 -1.63762
121.93 -1.73301
121.94 -1.82208
121.95 -1.90261
121.96 -1.97254
121.97 -2.03012
121.98 -2.07288
121.99 -2.09996
122 -2.11162
122.01 -2.10784
122.02 -2.08905
122.03 -2.05609
122.04 -2.00972
122.05 -1.95122
122.06 -1.88345
122.07 -1.80833
122.08 -1.72783
122.09 -1.64385
122.1 -1.55817
122.11 -1.4725
122.12 -1.3882
122.13 -1.30612
122.14 -1.22678
122.15 -1.15029
122.16 -1.07645
122.17 -1.0048
122.18 -0.934201
122.19 -0.863492
122.2 -0.791423
122.21 -0.716699
122.22 -0.638055
122.23 -0.553919
122.24 -0.463328
122.25 -0.365941
122.26 -0.261481
122.27 -0.150036
122.28 -0.0320785
122.29 0.091705
122.3 0.220042
122.31 0.350837
122.32 0.48218
122.33 0.611961
122.34 0.737953
122.35 0.857809
122.36 0.968199
122.37 1.06782
122.38 1.15488
122.39 1.22788
122.4 1.28568
122.41 1.32754
122.42 1.35149
122.43 1.35905
122.44 1.35118
122.45 1.32889
122.46 1.29353
122.47 1.24673
122.48 1.18979
122.49 1.12519
122.5 1.05544
122.51 0.982565
122.52 0.908469
122.53 0.834898
122.54 0.763524
122.55 0.695903
122.56 0.632753
122.57 0.574683
122.58 0.522005
122.59 0.474753
122.6 0.432756
122.61 0.395981
122.62 0.363211
122.63 0.333691
122.64 0.306609
122.65 0.281147
122.66 0.256522
122.67 0.231984
122.68 0.206889
122.69 0.180824
122.7 0.153533
122.71 0.124913
122.72 0.0950154
122.73 0.0639694
122.74 0.0321583
122.75 4.01202e-05
122.76 -0.0319355
122.77 -0.0633065
122.78 -0.093631
122.79 -0.122444
122.8 -0.14933
122.81 -0.174222
122.82 -0.197048
122.83 -0.217855
122.84 -0.236809
122.85 -0.254171
122.86 -0.270249
122.87 -0.285672
122.88 -0.300943
122.89 -0.316582
122.9 -0.333097
122.91 -0.350955
122.92 -0.370774
122.93 -0.392742
122.94 -0.417011
122.95 -0.443645
122.96 -0.47259
122.97 -0.503672
122.98 -0.536704
122.99 -0.571183
123 -0.606521
123.01 -0.642164
123.02 -0.677515
123.03 -0.711963
123.04 -0.744817
123.05 -0.775338
123.06 -0.803138
123.07 -0.827761
123.08 -0.848827
123.09 -0.86603
123.1 -0.879099
123.11 -0.88746
123.12 -0.891511
123.13 -0.891252
123.14 -0.886734
123.15 -0.878041
123.16 -0.865278
123.17 -0.848166
123.18 -0.827163
123.19 -0.802438
123.2 -0.774068
123.21 -0.742107
123.22 -0.706585
123.23 -0.667254
123.24 -0.624184
123.25 -0.57753
123.26 -0.527274
123.27 -0.473409
123.28 -0.415947
123.29 -0.354787
123.3 -0.289905
123.31 -0.221727
123.32 -0.150453
123.33 -0.0763419
123.34 0.000289155
123.35 0.0790846
123.36 0.159717
123.37 0.241466
123.38 0.32379
123.39 0.406114
123.4 0.487834
123.41 0.568325
123.42 0.646688
123.43 0.722367
123.44 0.794759
123.45 0.863236
123.46 0.92719
123.47 0.986032
123.48 1.03875
123.49 1.08489
123.5 1.12426
123.51 1.15643
123.52 1.18104
123.53 1.19777
123.54 1.20603
123.55 1.20535
123.56 1.1963
123.57 1.17894
123.58 1.1534
123.59 1.11992
123.6 1.07876
123.61 1.02977
123.62 0.974365
123.63 0.913241
123.64 0.847182
123.65 0.777051
123.66 0.703772
123.67 0.628185
123.68 0.551574
123.69 0.474947
123.7 0.399237
123.71 0.325319
123.72 0.25398
123.73 0.186186
123.74 0.122468
123.75 0.0630457
123.76 0.00815343
123.77 -0.0421225
123.78 -0.0878378
123.79 -0.129004
123.8 -0.165842
123.81 -0.199109
123.82 -0.22928
123.83 -0.256861
123.84 -0.28236
123.85 -0.306238
123.86 -0.328848
123.87 -0.350659
123.88 -0.371873
123.89 -0.392567
123.9 -0.412694
123.91 -0.432081
123.92 -0.450288
123.93 -0.466956
123.94 -0.481617
123.95 -0.493745
123.96 -0.502807
123.97 -0.5083
123.98 -0.509456
123.99 -0.506014
124 -0.497995
124.01 -0.485388
124.02 -0.468361
124.03 -0.447268
124.04 -0.422528
124.05 -0.3949
124.06 -0.365565
124.07 -0.33556
124.08 -0.306011
124.09 -0.278084
124.1 -0.252999
124.11 -0.23237
124.12 -0.216854
124.13 -0.20728
124.14 -0.204289
124.15 -0.208301
124.16 -0.219498
124.17 -0.238525
124.18 -0.264347
124.19 -0.296226
124.2 -0.33333
124.21 -0.374655
124.22 -0.419061
124.23 -0.465361
124.24 -0.512056
124.25 -0.557837
124.26 -0.601553
124.27 -0.642179
124.28 -0.678852
124.29 -0.71068
124.3 -0.737014
124.31 -0.758054
124.32 -0.773857
124.33 -0.784682
124.34 -0.790967
124.35 -0.793243
124.36 -0.791986
124.37 -0.788347
124.38 -0.78306
124.39 -0.776802
124.4 -0.77015
124.41 -0.763544
124.42 -0.757303
124.43 -0.751451
124.44 -0.745816
124.45 -0.740037
124.46 -0.733574
124.47 -0.725742
124.48 -0.715505
124.49 -0.701921
124.5 -0.684202
124.51 -0.661496
124.52 -0.633044
124.53 -0.598224
124.54 -0.556272
124.55 -0.506745
124.56 -0.450237
124.57 -0.387068
124.58 -0.317801
124.59 -0.243226
124.6 -0.164287
124.61 -0.0820195
124.62 0.00183968
124.63 0.0859377
124.64 0.168923
124.65 0.249498
124.66 0.326472
124.67 0.398222
124.68 0.464274
124.69 0.52414
124.7 0.5775
124.71 0.624278
124.72 0.664633
124.73 0.698519
124.74 0.726787
124.75 0.750438
124.76 0.770287
124.77 0.787181
124.78 0.801953
124.79 0.815341
124.8 0.828066
124.81 0.840691
124.82 0.853512
124.83 0.866639
124.84 0.879992
124.85 0.893306
124.86 0.906053
124.87 0.917675
124.88 0.927529
124.89 0.934945
124.9 0.939277
124.91 0.939948
124.92 0.936021
124.93 0.927577
124.94 0.914617
124.95 0.897297
124.96 0.875995
124.97 0.851301
124.98 0.823885
124.99 0.794951
125 0.765726
125.01 0.737391
125.02 0.711134
125.03 0.688097
125.04 0.669557
125.05 0.65663
125.06 0.649582
125.07 0.64875
125.08 0.654187
125.09 0.665654
125.1 0.682695
125.11 0.704775
125.12 0.730213
125.13 0.757701
125.14 0.785797
125.15 0.812983
125.16 0.837736
125.17 0.858021
125.18 0.87275
125.19 0.880881
125.2 0.881564
125.21 0.87423
125.22 0.858618
125.23 0.834171
125.24 0.801638
125.25 0.762107
125.26 0.716555
125.27 0.666154
125.28 0.612213
125.29 0.556092
125.3 0.499377
125.31 0.443527
125.32 0.389729
125.33 0.338985
125.34 0.292069
125.35 0.24958
125.36 0.212155
125.37 0.179222
125.38 0.15041
125.39 0.125118
125.4 0.102552
125.41 0.0817782
125.42 0.061741
125.43 0.0412095
125.44 0.0191823
125.45 -0.00522481
125.46 -0.0327369
125.47 -0.0638786
125.48 -0.0992523
125.49 -0.138721
125.5 -0.181825
125.51 -0.228031
125.52 -0.276587
125.53 -0.326556
125.54 -0.376817
125.55 -0.426001
125.56 -0.472904
125.57 -0.51638
125.58 -0.555381
125.59 -0.589009
125.6 -0.616443
125.61 -0.636613
125.62 -0.650004
125.63 -0.656717
125.64 -0.657104
125.65 -0.651749
125.66 -0.641437
125.67 -0.6268
125.68 -0.609419
125.69 -0.590481
125.7 -0.571119
125.71 -0.552412
125.72 -0.535333
125.73 -0.520959
125.74 -0.509908
125.75 -0.50246
125.76 -0.498789
125.77 -0.498862
125.78 -0.502445
125.79 -0.509255
125.8 -0.518706
125.81 -0.529909
125.82 -0.542151
125.83 -0.554721
125.84 -0.566954
125.85 -0.578243
125.86 -0.587972
125.87 -0.595982
125.88 -0.602174
125.89 -0.606626
125.9 -0.609577
125.91 -0.611419
125.92 -0.61267
125.93 -0.614071
125.94 -0.616294
125.95 -0.619997
125.96 -0.625792
125.97 -0.634199
125.98 -0.645868
125.99 -0.660917
126 -0.679206
126.01 -0.700524
126.02 -0.724456
126.03 -0.750394
126.04 -0.777572
126.05 -0.804913
126.06 -0.83129
126.07 -0.855604
126.08 -0.876759
126.09 -0.89371
126.1 -0.905392
126.11 -0.910423
126.12 -0.908783
126.13 -0.900124
126.14 -0.884338
126.15 -0.861559
126.16 -0.832162
126.17 -0.796175
126.18 -0.755116
126.19 -0.710061
126.2 -0.662132
126.21 -0.612514
126.22 -0.562408
126.23 -0.513123
126.24 -0.465839
126.25 -0.421427
126.26 -0.380613
126.27 -0.34392
126.28 -0.311648
126.29 -0.284083
126.3 -0.2611
126.31 -0.241947
126.32 -0.226007
126.33 -0.212511
126.34 -0.200575
126.35 -0.189231
126.36 -0.177333
126.37 -0.163882
126.38 -0.147993
126.39 -0.128888
126.4 -0.105932
126.41 -0.0786515
126.42 -0.0462316
126.43 -0.00906234
126.44 0.0326675
126.45 0.0786409
126.46 0.128382
126.47 0.181279
126.48 0.236745
126.49 0.29377
126.5 0.351418
126.51 0.408851
126.52 0.465263
126.53 0.519909
126.54 0.571975
126.55 0.620775
126.56 0.666081
126.57 0.707609
126.58 0.745198
126.59 0.778805
126.6 0.808416
126.61 0.833911
126.62 0.85593
126.63 0.874766
126.64 0.890739
126.65 0.904174
126.66 0.915389
126.67 0.924485
126.68 0.931919
126.69 0.937889
126.7 0.942515
126.71 0.945853
126.72 0.9479
126.73 0.948476
126.74 0.947504
126.75 0.94488
126.76 0.940415
126.77 0.933907
126.78 0.925147
126.79 0.913798
126.8 0.899599
126.81 0.882571
126.82 0.862595
126.83 0.83959
126.84 0.813516
126.85 0.784313
126.86 0.751802
126.87 0.716391
126.88 0.67822
126.89 0.637468
126.9 0.594346
126.91 0.549092
126.92 0.501799
126.93 0.452979
126.94 0.402964
126.95 0.352077
126.96 0.300659
126.97 0.249053
126.98 0.197653
126.99 0.146852
127 0.0969918
127.01 0.0484142
127.02 0.00145277
127.03 -0.0435726
127.04 -0.0862273
127.05 -0.126144
127.06 -0.16323
127.07 -0.197261
127.08 -0.22804
127.09 -0.255404
127.1 -0.279138
127.11 -0.298844
127.12 -0.314812
127.13 -0.327004
127.14 -0.335404
127.15 -0.340018
127.16 -0.34087
127.17 -0.337586
127.18 -0.330612
127.19 -0.320044
127.2 -0.305955
127.21 -0.288431
127.22 -0.267567
127.23 -0.243217
127.24 -0.215678
127.25 -0.185235
127.26 -0.152084
127.27 -0.11646
127.28 -0.0786402
127.29 -0.0388741
127.3 0.00241667
127.31 0.0446609
127.32 0.0873614
127.33 0.129975
127.34 0.171922
127.35 0.21255
127.36 0.251013
127.37 0.286837
127.38 0.319441
127.39 0.348292
127.4 0.372929
127.41 0.392976
127.42 0.407601
127.43 0.417183
127.44 0.421791
127.45 0.421595
127.46 0.416904
127.47 0.408163
127.48 0.395708
127.49 0.380471
127.5 0.363351
127.51 0.345159
127.52 0.326717
127.53 0.308823
127.54 0.292321
127.55 0.277974
127.56 0.266171
127.57 0.257243
127.58 0.251349
127.59 0.248465
127.6 0.248433
127.61 0.250968
127.62 0.255198
127.63 0.260391
127.64 0.265713
127.65 0.270267
127.66 0.27314
127.67 0.273056
127.68 0.269416
127.69 0.261586
127.7 0.249084
127.71 0.231629
127.72 0.209167
127.73 0.181518
127.74 0.149439
127.75 0.113847
127.76 0.0756858
127.77 0.0360816
127.78 -0.0037025
127.79 -0.042171
127.8 -0.0776846
127.81 -0.10899
127.82 -0.134837
127.83 -0.154127
127.84 -0.165961
127.85 -0.169482
127.86 -0.163663
127.87 -0.149303
127.88 -0.126697
127.89 -0.0964273
127.9 -0.0593448
127.91 -0.0165321
127.92 0.0310886
127.93 0.0814695
127.94 0.133094
127.95 0.184482
127.96 0.234223
127.97 0.281035
127.98 0.323402
127.99 0.360574
128 0.39217
128.01 0.417943
128.02 0.437931
128.03 0.452451
128.04 0.46185
128.05 0.467013
128.06 0.469252
128.07 0.469652
128.08 0.469331
128.09 0.469373
128.1 0.470823
128.11 0.474763
128.12 0.481606
128.13 0.491655
128.14 0.504934
128.15 0.521166
128.16 0.539786
128.17 0.560001
128.18 0.5804
128.19 0.599635
128.2 0.616237
128.21 0.628668
128.22 0.63539
128.23 0.634203
128.24 0.623977
128.25 0.603904
128.26 0.57317
128.27 0.531259
128.28 0.477979
128.29 0.412882
128.3 0.336447
128.31 0.250283
128.32 0.155525
128.33 0.0535254
128.34 -0.0541997
128.35 -0.166093
128.36 -0.280463
128.37 -0.395353
128.38 -0.509293
128.39 -0.620982
128.4 -0.729341
128.41 -0.833544
128.42 -0.932462
128.43 -1.02638
128.44 -1.11541
128.45 -1.19989
128.46 -1.28036
128.47 -1.35754
128.48 -1.43209
128.49 -1.50515
128.5 -1.57764
128.51 -1.6503
128.52 -1.72376
128.53 -1.79843
128.54 -1.87456
128.55 -1.95205
128.56 -2.03039
128.57 -2.1089
128.58 -2.18663
128.59 -2.26245
128.6 -2.33491
128.61 -2.402
128.62 -2.46254
128.63 -2.515
128.64 -2.55793
128.65 -2.59002
128.66 -2.61012
128.67 -2.61574
128.68 -2.60769
128.69 -2.58576
128.7 -2.54997
128.71 -2.50065
128.72 -2.43842
128.73 -2.3632
128.74 -2.27685
128.75 -2.18108
128.76 -2.07726
128.77 -1.96684
128.78 -1.85123
128.79 -1.73167
128.8 -1.60958
128.81 -1.48625
128.82 -1.36259
128.83 -1.2393
128.84 -1.11688
128.85 -0.995662
128.86 -0.875862
128.87 -0.757289
128.88 -0.639755
128.89 -0.522998
128.9 -0.406717
128.91 -0.290616
128.92 -0.174415
128.93 -0.0579552
128.94 0.0587881
128.95 0.175702
128.96 0.292523
128.97 0.408837
128.98 0.523926
128.99 0.63704
129 0.747392
129.01 0.854082
129.02 0.956179
129.03 1.05275
129.04 1.1425
129.05 1.22446
129.06 1.29838
129.07 1.36376
129.08 1.42026
129.09 1.46771
129.1 1.50593
129.11 1.53457
129.12 1.55491
129.13 1.56752
129.14 1.57309
129.15 1.57238
129.16 1.56623
129.17 1.555
129.18 1.54012
129.19 1.52233
129.2 1.50228
129.21 1.48049
129.22 1.45736
129.23 1.43308
129.24 1.40784
129.25 1.38162
129.26 1.35428
129.27 1.3256
129.28 1.29528
129.29 1.26285
129.3 1.22792
129.31 1.19032
129.32 1.14982
129.33 1.10626
129.34 1.05961
129.35 1.00985
129.36 0.957023
129.37 0.901766
129.38 0.844531
129.39 0.785869
129.4 0.726404
129.41 0.666812
129.42 0.607939
129.43 0.550471
129.44 0.495042
129.45 0.442218
129.46 0.392469
129.47 0.34615
129.48 0.30382
129.49 0.265351
129.5 0.230533
129.51 0.199149
129.52 0.170861
129.53 0.145233
129.54 0.12184
129.55 0.100026
129.56 0.0790693
129.57 0.0583904
129.58 0.0374497
129.59 0.0157726
129.6 -0.00706968
129.61 -0.0314774
129.62 -0.0574745
129.63 -0.0850743
129.64 -0.11417
129.65 -0.144543
129.66 -0.175871
129.67 -0.20776
129.68 -0.239624
129.69 -0.270946
129.7 -0.301203
129.71 -0.329889
129.72 -0.356535
129.73 -0.380483
129.74 -0.401511
129.75 -0.419484
129.76 -0.434285
129.77 -0.445897
129.78 -0.454403
129.79 -0.459816
129.8 -0.462432
129.81 -0.462763
129.82 -0.46118
129.83 -0.458078
129.84 -0.453854
129.85 -0.448877
129.86 -0.443514
129.87 -0.438111
129.88 -0.43289
129.89 -0.428006
129.9 -0.423543
129.91 -0.419515
129.92 -0.415902
129.93 -0.412529
129.94 -0.409228
129.95 -0.4058
129.96 -0.40203
129.97 -0.397699
129.98 -0.39251
129.99 -0.386298
130 -0.378938
130.01 -0.370316
130.02 -0.360357
130.03 -0.349025
130.04 -0.33624
130.05 -0.322036
130.06 -0.306551
130.07 -0.289845
130.08 -0.271975
130.09 -0.252985
130.1 -0.232861
130.11 -0.211515
130.12 -0.188989
130.13 -0.165181
130.14 -0.139953
130.15 -0.113133
130.16 -0.0845228
130.17 -0.0536424
130.18 -0.0204987
130.19 0.0151003
130.2 0.0533145
130.21 0.0942543
130.22 0.137967
130.23 0.184663
130.24 0.234038
130.25 0.28578
130.26 0.339577
130.27 0.395033
130.28 0.451682
130.29 0.509005
130.3 0.566346
130.31 0.623096
130.32 0.678695
130.33 0.732627
130.34 0.784446
130.35 0.833711
130.36 0.879993
130.37 0.923441
130.38 0.964114
130.39 1.00221
130.4 1.03806
130.41 1.07212
130.42 1.10488
130.43 1.13719
130.44 1.16976
130.45 1.20329
130.46 1.23841
130.47 1.27574
130.48 1.316
130.49 1.35937
130.5 1.40586
130.51 1.45534
130.52 1.50749
130.53 1.56174
130.54 1.61732
130.55 1.67305
130.56 1.72763
130.57 1.77973
130.58 1.82788
130.59 1.87058
130.6 1.90611
130.61 1.93232
130.62 1.94862
130.63 1.95389
130.64 1.94727
130.65 1.92814
130.66 1.89616
130.67 1.84979
130.68 1.79095
130.69 1.7203
130.7 1.63877
130.71 1.54753
130.72 1.44796
130.73 1.34111
130.74 1.22925
130.75 1.11423
130.76 0.997684
130.77 0.881143
130.78 0.766001
130.79 0.653693
130.8 0.545321
130.81 0.441386
130.82 0.342298
130.83 0.248208
130.84 0.159025
130.85 0.074564
130.86 -0.00552382
130.87 -0.0823195
130.88 -0.156577
130.89 -0.22908
130.9 -0.30059
130.91 -0.371796
130.92 -0.443357
130.93 -0.51566
130.94 -0.58888
130.95 -0.662987
130.96 -0.737735
130.97 -0.812671
130.98 -0.887033
130.99 -0.959911
131 -1.03035
131.01 -1.09731
131.02 -1.1597
131.03 -1.21649
131.04 -1.26622
131.05 -1.30793
131.06 -1.34135
131.07 -1.36601
131.08 -1.38166
131.09 -1.38829
131.1 -1.38582
131.11 -1.37429
131.12 -1.35516
131.13 -1.32927
131.14 -1.29757
131.15 -1.2611
131.16 -1.22094
131.17 -1.17796
131.18 -1.13358
131.19 -1.08868
131.2 -1.04402
131.21 -1.00019
131.22 -0.957643
131.23 -0.916767
131.24 -0.877536
131.25 -0.839796
131.26 -0.803313
131.27 -0.767759
131.28 -0.732749
131.29 -0.697859
131.3 -0.662645
131.31 -0.626789
131.32 -0.590074
131.33 -0.552401
131.34 -0.513807
131.35 -0.474461
131.36 -0.434732
131.37 -0.395178
131.38 -0.356404
131.39 -0.319095
131.4 -0.283984
131.41 -0.251826
131.42 -0.223845
131.43 -0.200296
131.44 -0.181694
131.45 -0.16841
131.46 -0.160655
131.47 -0.158463
131.48 -0.162159
131.49 -0.170991
131.5 -0.184282
131.51 -0.201369
131.52 -0.221497
131.53 -0.243848
131.54 -0.267619
131.55 -0.291873
131.56 -0.315821
131.57 -0.338863
131.58 -0.360547
131.59 -0.38059
131.6 -0.398842
131.61 -0.415345
131.62 -0.430576
131.63 -0.44502
131.64 -0.459287
131.65 -0.474085
131.66 -0.490173
131.67 -0.508637
131.68 -0.529998
131.69 -0.554843
131.7 -0.583614
131.71 -0.616572
131.72 -0.65377
131.73 -0.695381
131.74 -0.740644
131.75 -0.788765
131.76 -0.838869
131.77 -0.889913
131.78 -0.940733
131.79 -0.989906
131.8 -1.03598
131.81 -1.07783
131.82 -1.11434
131.83 -1.14454
131.84 -1.16764
131.85 -1.18281
131.86 -1.1893
131.87 -1.1878
131.88 -1.17857
131.89 -1.16209
131.9 -1.13907
131.91 -1.11036
131.92 -1.07653
131.93 -1.03929
131.94 -0.999697
131.95 -0.958761
131.96 -0.917375
131.97 -0.87629
131.98 -0.836187
131.99 -0.797366
132 -0.759873
132.01 -0.72356
132.02 -0.688077
132.03 -0.652895
132.04 -0.617274
132.05 -0.580327
132.06 -0.541275
132.07 -0.499343
132.08 -0.453835
132.09 -0.404187
132.1 -0.349845
132.11 -0.290389
132.12 -0.226341
132.13 -0.158068
132.14 -0.0861812
132.15 -0.0115144
132.16 0.0649056
132.17 0.141799
132.18 0.217677
132.19 0.291196
132.2 0.361039
132.21 0.42597
132.22 0.484893
132.23 0.536167
132.24 0.579556
132.25 0.614887
132.26 0.642086
132.27 0.661347
132.28 0.673128
132.29 0.677741
132.3 0.676303
132.31 0.670263
132.32 0.660775
132.33 0.649014
132.34 0.636122
132.35 0.623181
132.36 0.611247
132.37 0.600979
132.38 0.592821
132.39 0.586984
132.4 0.583437
132.41 0.581927
132.42 0.582079
132.43 0.582979
132.44 0.583825
132.45 0.583749
132.46 0.581871
132.47 0.577355
132.48 0.569073
132.49 0.556625
132.5 0.539739
132.51 0.518271
132.52 0.492308
132.53 0.46217
132.54 0.428209
132.55 0.391347
132.56 0.352723
132.57 0.313387
132.58 0.274444
132.59 0.237005
132.6 0.202255
132.61 0.171441
132.62 0.145082
132.63 0.123736
132.64 0.107736
132.65 0.0971821
132.66 0.0919618
132.67 0.0921823
132.68 0.0966123
132.69 0.104471
132.7 0.114865
132.71 0.126834
132.72 0.139409
132.73 0.151545
132.74 0.162352
132.75 0.171188
132.76 0.177583
132.77 0.181275
132.78 0.182222
132.79 0.180462
132.8 0.17651
132.81 0.171131
132.82 0.165095
132.83 0.159273
132.84 0.154588
132.85 0.152074
132.86 0.152858
132.87 0.157489
132.88 0.166552
132.89 0.180444
132.9 0.199355
132.91 0.223284
132.92 0.252435
132.93 0.285721
132.94 0.322445
132.95 0.361771
132.96 0.40276
132.97 0.444419
132.98 0.485619
132.99 0.525331
133 0.562732
133.01 0.597129
133.02 0.627998
133.03 0.655005
133.04 0.67775
133.05 0.696391
133.06 0.71144
133.07 0.723348
133.08 0.732681
133.09 0.740086
133.1 0.746222
133.11 0.751821
133.12 0.757562
133.13 0.76392
133.14 0.771228
133.15 0.779648
133.16 0.789168
133.17 0.799628
133.18 0.81047
133.19 0.821102
133.2 0.83081
133.21 0.838789
133.22 0.844192
133.23 0.845761
133.24 0.842877
133.25 0.834961
133.26 0.821502
133.27 0.802165
133.28 0.776824
133.29 0.74519
133.3 0.707739
133.31 0.665363
133.32 0.618819
133.33 0.569012
133.34 0.516956
133.35 0.463728
133.36 0.410567
133.37 0.358587
133.38 0.308723
133.39 0.261768
133.4 0.218343
133.41 0.178899
133.42 0.144081
133.43 0.113356
133.44 0.0864417
133.45 0.0628685
133.46 0.0420118
133.47 0.0231274
133.48 0.0054233
133.49 -0.0121362
133.5 -0.0303916
133.51 -0.050083
133.52 -0.0718355
133.53 -0.096126
133.54 -0.123463
133.55 -0.153904
133.56 -0.18717
133.57 -0.222952
133.58 -0.26078
133.59 -0.300046
133.6 -0.340039
133.61 -0.379869
133.62 -0.418697
133.63 -0.455765
133.64 -0.49039
133.65 -0.521994
133.66 -0.550104
133.67 -0.574022
133.68 -0.594078
133.69 -0.610369
133.7 -0.62315
133.71 -0.632817
133.72 -0.639882
133.73 -0.644811
133.74 -0.64849
133.75 -0.651623
133.76 -0.654843
133.77 -0.658716
133.78 -0.663722
133.79 -0.670345
133.8 -0.678811
133.81 -0.689103
133.82 -0.701152
133.83 -0.71477
133.84 -0.729664
133.85 -0.745475
133.86 -0.761725
133.87 -0.777883
133.88 -0.793498
133.89 -0.808151
133.9 -0.821479
133.91 -0.833174
133.92 -0.842826
133.93 -0.850525
133.94 -0.856257
133.95 -0.860075
133.96 -0.862086
133.97 -0.862428
133.98 -0.861105
133.99 -0.858371
134 -0.854324
134.01 -0.848961
134.02 -0.842191
134.03 -0.83383
134.04 -0.823435
134.05 -0.810591
134.06 -0.794919
134.07 -0.775888
134.08 -0.752943
134.09 -0.725534
134.1 -0.692938
134.11 -0.654454
134.12 -0.610218
134.13 -0.560108
134.14 -0.504176
134.15 -0.442667
134.16 -0.375981
134.17 -0.304399
134.18 -0.229349
134.19 -0.151843
134.2 -0.0730018
134.21 0.00598276
134.22 0.0839006
134.23 0.159234
134.24 0.230964
134.25 0.298224
134.26 0.360289
134.27 0.416654
134.28 0.467063
134.29 0.511118
134.3 0.549277
134.31 0.582414
134.32 0.611308
134.33 0.636907
134.34 0.660275
134.35 0.682544
134.36 0.705
134.37 0.728753
134.38 0.7547
134.39 0.783548
134.4 0.815768
134.41 0.851602
134.42 0.891278
134.43 0.933941
134.44 0.978863
134.45 1.02507
134.46 1.07139
134.47 1.11649
134.48 1.15854
134.49 1.19614
134.5 1.22798
134.51 1.25282
134.52 1.26961
134.53 1.27757
134.54 1.27548
134.55 1.26338
134.56 1.24196
134.57 1.21174
134.58 1.17357
134.59 1.12851
134.6 1.07769
134.61 1.02259
134.62 0.965148
134.63 0.906843
134.64 0.84907
134.65 0.793064
134.66 0.739883
134.67 0.690695
134.68 0.645539
134.69 0.604464
134.7 0.567203
134.71 0.533189
134.72 0.501594
134.73 0.471379
134.74 0.44106
134.75 0.409294
134.76 0.37476
134.77 0.336204
134.78 0.292511
134.79 0.242279
134.8 0.184922
134.81 0.120456
134.82 0.0489084
134.83 -0.0293713
134.84 -0.113723
134.85 -0.20336
134.86 -0.297034
134.87 -0.39292
134.88 -0.489471
134.89 -0.585096
134.9 -0.67822
134.91 -0.767291
134.92 -0.850295
134.93 -0.926623
134.94 -0.995447
134.95 -1.05621
134.96 -1.10866
134.97 -1.15278
134.98 -1.18811
134.99 -1.21592
135 -1.23711
135.01 -1.25258
135.02 -1.26327
135.03 -1.27017
135.04 -1.27406
135.05 -1.27596
135.06 -1.27667
135.07 -1.27669
135.08 -1.2763
135.09 -1.27559
135.1 -1.27442
135.11 -1.27238
135.12 -1.269
135.13 -1.26369
135.14 -1.25575
135.15 -1.2445
135.16 -1.22919
135.17 -1.20872
135.18 -1.1831
135.19 -1.15202
135.2 -1.1154
135.21 -1.07331
135.22 -1.02602
135.23 -0.973597
135.24 -0.917158
135.25 -0.857592
135.26 -0.795791
135.27 -0.732694
135.28 -0.669245
135.29 -0.606454
135.3 -0.545234
135.31 -0.486222
135.32 -0.429938
135.33 -0.376734
135.34 -0.326786
135.35 -0.280228
135.36 -0.236965
135.37 -0.196407
135.38 -0.158115
135.39 -0.121583
135.4 -0.0862724
135.41 -0.0516556
135.42 -0.0172136
135.43 0.0174977
135.44 0.0527476
135.45 0.0886769
135.46 0.12529
135.47 0.162453
135.48 0.199897
135.49 0.237167
135.5 0.273783
135.51 0.309229
135.52 0.342974
135.53 0.374514
135.54 0.403185
135.55 0.428666
135.56 0.450885
135.57 0.46978
135.58 0.485429
135.59 0.498056
135.6 0.507925
135.61 0.515513
135.62 0.521599
135.63 0.526802
135.64 0.531747
135.65 0.537029
135.66 0.54319
135.67 0.550815
135.68 0.560049
135.69 0.570985
135.7 0.583551
135.71 0.597512
135.72 0.612475
135.73 0.627896
135.74 0.643017
135.75 0.657116
135.76 0.669466
135.77 0.679367
135.78 0.686195
135.79 0.689143
135.8 0.687929
135.81 0.682602
135.82 0.673243
135.83 0.660141
135.84 0.643789
135.85 0.624793
135.86 0.604077
135.87 0.582815
135.88 0.562052
135.89 0.542842
135.9 0.526196
135.91 0.51309
135.92 0.50477
135.93 0.50137
135.94 0.503186
135.95 0.510271
135.96 0.522426
135.97 0.539206
135.98 0.560258
135.99 0.584236
136 0.610017
136.01 0.636457
136.02 0.662378
136.03 0.68663
136.04 0.707867
136.05 0.725135
136.06 0.737883
136.07 0.745656
136.08 0.748252
136.09 0.745726
136.1 0.738199
136.11 0.726195
136.12 0.710878
136.13 0.693192
136.14 0.674177
136.15 0.654906
136.16 0.636453
136.17 0.620049
136.18 0.60636
136.19 0.595956
136.2 0.589172
136.21 0.586088
136.22 0.58652
136.23 0.590276
136.24 0.596281
136.25 0.603553
136.26 0.611016
136.27 0.617502
136.28 0.621821
136.29 0.622479
136.3 0.618389
136.31 0.60886
136.32 0.593259
136.33 0.571202
136.34 0.542579
136.35 0.50729
136.36 0.465701
136.37 0.419052
136.38 0.368303
136.39 0.314565
136.4 0.259044
136.41 0.202985
136.42 0.147796
136.43 0.0945714
136.44 0.0442011
136.45 -0.00264316
136.46 -0.0455436
136.47 -0.0843569
136.48 -0.118845
136.49 -0.149874
136.5 -0.178221
136.51 -0.2048
136.52 -0.230662
136.53 -0.256937
136.54 -0.284969
136.55 -0.315928
136.56 -0.350639
136.57 -0.389802
136.58 -0.433864
136.59 -0.482978
136.6 -0.537188
136.61 -0.596028
136.62 -0.658263
136.63 -0.722755
136.64 -0.788147
136.65 -0.852914
136.66 -0.915375
136.67 -0.973332
136.68 -1.0255
136.69 -1.07049
136.7 -1.10711
136.71 -1.13447
136.72 -1.15199
136.73 -1.15839
136.74 -1.15483
136.75 -1.14206
136.76 -1.12101
136.77 -1.0929
136.78 -1.05919
136.79 -1.02132
136.8 -0.981357
136.81 -0.941163
136.82 -0.902333
136.83 -0.86629
136.84 -0.834225
136.85 -0.807301
136.86 -0.786283
136.87 -0.770926
136.88 -0.761011
136.89 -0.755988
136.9 -0.755013
136.91 -0.757018
136.92 -0.760689
136.93 -0.764329
136.94 -0.76651
136.95 -0.765866
136.96 -0.761166
136.97 -0.751378
136.98 -0.735042
136.99 -0.712245
137 -0.683016
137.01 -0.647636
137.02 -0.606713
137.03 -0.561153
137.04 -0.511958
137.05 -0.460827
137.06 -0.40943
137.07 -0.359332
137.08 -0.312069
137.09 -0.269074
137.1 -0.231922
137.11 -0.201944
137.12 -0.179389
137.13 -0.16462
137.14 -0.157672
137.15 -0.158257
137.16 -0.165884
137.17 -0.180066
137.18 -0.19894
137.19 -0.221199
137.2 -0.245441
137.21 -0.270239
137.22 -0.294206
137.23 -0.315705
137.24 -0.333726
137.25 -0.347446
137.26 -0.356258
137.27 -0.359822
137.28 -0.358065
137.29 -0.350814
137.3 -0.338775
137.31 -0.322853
137.32 -0.303882
137.33 -0.282791
137.34 -0.260551
137.35 -0.238157
137.36 -0.216643
137.37 -0.196752
137.38 -0.179064
137.39 -0.163972
137.4 -0.151665
137.41 -0.14217
137.42 -0.135434
137.43 -0.130727
137.44 -0.12746
137.45 -0.124943
137.46 -0.122423
137.47 -0.119133
137.48 -0.1141
137.49 -0.106757
137.5 -0.0966182
137.51 -0.0833275
137.52 -0.0667044
137.53 -0.0467521
137.54 -0.023441
137.55 0.00267252
137.56 0.0308983
137.57 0.060561
137.58 0.090904
137.59 0.121129
137.6 0.150356
137.61 0.177685
137.62 0.20255
137.63 0.224435
137.64 0.242975
137.65 0.25797
137.66 0.269336
137.67 0.276979
137.68 0.281625
137.69 0.283769
137.7 0.284013
137.71 0.28303
137.72 0.281528
137.73 0.280302
137.74 0.280043
137.75 0.28129
137.76 0.284462
137.77 0.289831
137.78 0.297506
137.79 0.307589
137.8 0.319707
137.81 0.333343
137.82 0.347946
137.83 0.362862
137.84 0.377375
137.85 0.390642
137.86 0.401782
137.87 0.410225
137.88 0.41541
137.89 0.416906
137.9 0.414438
137.91 0.407827
137.92 0.396858
137.93 0.382267
137.94 0.364544
137.95 0.344333
137.96 0.32241
137.97 0.299646
137.98 0.277097
137.99 0.255813
138 0.236728
138.01 0.220712
138.02 0.208541
138.03 0.200862
138.04 0.1986
138.05 0.201907
138.06 0.210676
138.07 0.224831
138.08 0.244127
138.09 0.268163
138.1 0.296577
138.11 0.328684
138.12 0.363444
138.13 0.400064
138.14 0.437743
138.15 0.475695
138.16 0.513154
138.17 0.549272
138.18 0.583552
138.19 0.615534
138.2 0.644869
138.21 0.671319
138.22 0.694751
138.23 0.714796
138.24 0.731832
138.25 0.746026
138.26 0.757561
138.27 0.766646
138.28 0.773502
138.29 0.778193
138.3 0.781009
138.31 0.782171
138.32 0.781772
138.33 0.779856
138.34 0.776409
138.35 0.771281
138.36 0.764306
138.37 0.755436
138.38 0.744486
138.39 0.731256
138.4 0.715539
138.41 0.69708
138.42 0.675446
138.43 0.650771
138.44 0.622948
138.45 0.591917
138.46 0.557661
138.47 0.520211
138.48 0.479312
138.49 0.435423
138.5 0.388746
138.51 0.339488
138.52 0.287881
138.53 0.234179
138.54 0.178526
138.55 0.121316
138.56 0.0629051
138.57 0.00357881
138.58 -0.0563796
138.59 -0.11669
138.6 -0.177064
138.61 -0.237184
138.62 -0.296777
138.63 -0.355572
138.64 -0.413299
138.65 -0.469684
138.66 -0.524411
138.67 -0.577013
138.68 -0.627378
138.69 -0.675224
138.7 -0.720276
138.71 -0.762263
138.72 -0.800928
138.73 -0.835606
138.74 -0.866428
138.75 -0.893246
138.76 -0.915914
138.77 -0.934325
138.78 -0.948416
138.79 -0.957818
138.8 -0.962761
138.81 -0.96351
138.82 -0.960207
138.83 -0.95304
138.84 -0.942235
138.85 -0.927897
138.86 -0.910311
138.87 -0.890027
138.88 -0.867373
138.89 -0.842682
138.9 -0.816278
138.91 -0.78845
138.92 -0.759436
138.93 -0.729622
138.94 -0.699222
138.95 -0.668409
138.96 -0.637314
138.97 -0.606018
138.98 -0.574538
138.99 -0.542874
139 -0.510962
139.01 -0.478704
139.02 -0.445968
139.03 -0.412601
139.04 -0.378352
139.05 -0.343056
139.06 -0.306575
139.07 -0.268754
139.08 -0.229463
139.09 -0.188607
139.1 -0.146047
139.11 -0.101761
139.12 -0.0559283
139.13 -0.00867779
139.14 0.0398005
139.15 0.0892551
139.16 0.139382
139.17 0.189785
139.18 0.239982
139.19 0.289517
139.2 0.337911
139.21 0.384674
139.22 0.429321
139.23 0.471042
139.24 0.509639
139.25 0.544761
139.26 0.5761
139.27 0.603421
139.28 0.626571
139.29 0.645137
139.3 0.659358
139.31 0.66954
139.32 0.675913
139.33 0.678787
139.34 0.67854
139.35 0.675489
139.36 0.670153
139.37 0.663212
139.38 0.655168
139.39 0.646507
139.4 0.637683
139.41 0.629115
139.42 0.621231
139.43 0.614251
139.44 0.608348
139.45 0.603614
139.46 0.600059
139.47 0.59762
139.48 0.596254
139.49 0.595641
139.5 0.595533
139.51 0.595666
139.52 0.595772
139.53 0.595589
139.54 0.594818
139.55 0.593268
139.56 0.590823
139.57 0.587407
139.58 0.583004
139.59 0.577658
139.6 0.571438
139.61 0.564516
139.62 0.55715
139.63 0.549565
139.64 0.541995
139.65 0.534663
139.66 0.527787
139.67 0.521595
139.68 0.516139
139.69 0.511457
139.7 0.507523
139.71 0.504239
139.72 0.501443
139.73 0.498913
139.74 0.496313
139.75 0.493323
139.76 0.489613
139.77 0.484851
139.78 0.478725
139.79 0.470801
139.8 0.460915
139.81 0.448992
139.82 0.434975
139.83 0.418888
139.84 0.400839
139.85 0.380937
139.86 0.359471
139.87 0.336892
139.88 0.31357
139.89 0.289892
139.9 0.266244
139.91 0.243007
139.92 0.220586
139.93 0.199173
139.94 0.178926
139.95 0.159909
139.96 0.142098
139.97 0.125369
139.98 0.109583
139.99 0.0943168
140 0.0792061
140.01 0.0638589
140.02 0.0478735
140.03 0.0308632
140.04 0.0123403
140.05 -0.00793139
140.06 -0.0300665
140.07 -0.0541225
140.08 -0.0800373
140.09 -0.107624
140.1 -0.136625
140.11 -0.166539
140.12 -0.196731
140.13 -0.226576
140.14 -0.255403
140.15 -0.282525
140.16 -0.307194
140.17 -0.328493
140.18 -0.346146
140.19 -0.359751
140.2 -0.369041
140.21 -0.373903
140.22 -0.374389
140.23 -0.370274
140.24 -0.36246
140.25 -0.351528
140.26 -0.338149
140.27 -0.323083
140.28 -0.307147
140.29 -0.29124
140.3 -0.276278
140.31 -0.26299
140.32 -0.252009
140.33 -0.24384
140.34 -0.238838
140.35 -0.237381
140.36 -0.2395
140.37 -0.244777
140.38 -0.25287
140.39 -0.263305
140.4 -0.275511
140.41 -0.288863
140.42 -0.302643
140.43 -0.316117
140.44 -0.328719
140.45 -0.339983
140.46 -0.34958
140.47 -0.357342
140.48 -0.363087
140.49 -0.367272
140.5 -0.370336
140.51 -0.372873
140.52 -0.375622
140.53 -0.37943
140.54 -0.385469
140.55 -0.394705
140.56 -0.407969
140.57 -0.426084
140.58 -0.449743
140.59 -0.479469
140.6 -0.515946
140.61 -0.5593
140.62 -0.608887
140.63 -0.664236
140.64 -0.724641
140.65 -0.789177
140.66 -0.856784
140.67 -0.926148
140.68 -0.995638
140.69 -1.06387
140.7 -1.12947
140.71 -1.19118
140.72 -1.24784
140.73 -1.2977
140.74 -1.34064
140.75 -1.37627
140.76 -1.40441
140.77 -1.42514
140.78 -1.4388
140.79 -1.44544
140.8 -1.4463
140.81 -1.44253
140.82 -1.43517
140.83 -1.42526
140.84 -1.41386
140.85 -1.40194
140.86 -1.39044
140.87 -1.38001
140.88 -1.37104
140.89 -1.36371
140.9 -1.35796
140.91 -1.3535
140.92 -1.34977
140.93 -1.3459
140.94 -1.34098
140.95 -1.33403
140.96 -1.32401
140.97 -1.30989
140.98 -1.29003
140.99 -1.2641
141 -1.23152
141.01 -1.19188
141.02 -1.14502
141.03 -1.09103
141.04 -1.02971
141.05 -0.962166
141.06 -0.889486
141.07 -0.812731
141.08 -0.733094
141.09 -0.651847
141.1 -0.570352
141.11 -0.490072
141.12 -0.412159
141.13 -0.337602
141.14 -0.267188
141.15 -0.201473
141.16 -0.140893
141.17 -0.085779
141.18 -0.0353439
141.19 0.0109699
141.2 0.0539355
141.21 0.0945003
141.22 0.133737
141.23 0.172904
141.24 0.213278
141.25 0.255931
141.26 0.301805
141.27 0.351663
141.28 0.40604
141.29 0.465634
141.3 0.530112
141.31 0.598925
141.32 0.671395
141.33 0.746573
141.34 0.823279
141.35 0.900053
141.36 0.975118
141.37 1.04688
141.38 1.11374
141.39 1.17417
141.4 1.2268
141.41 1.27013
141.42 1.30247
141.43 1.3241
141.44 1.33475
141.45 1.33451
141.46 1.32375
141.47 1.30321
141.48 1.27297
141.49 1.2355
141.5 1.19229
141.51 1.14497
141.52 1.0952
141.53 1.04467
141.54 0.99519
141.55 0.948332
141.56 0.905294
141.57 0.867063
141.58 0.834354
141.59 0.807594
141.6 0.78726
141.61 0.773141
141.62 0.764352
141.63 0.760158
141.64 0.759639
141.65 0.761736
141.66 0.765314
141.67 0.769067
141.68 0.771765
141.69 0.772396
141.7 0.770098
141.71 0.764197
141.72 0.754236
141.73 0.739489
141.74 0.720541
141.75 0.697733
141.76 0.671619
141.77 0.642939
141.78 0.61259
141.79 0.581609
141.8 0.551238
141.81 0.522551
141.82 0.496547
141.83 0.474117
141.84 0.456004
141.85 0.443076
141.86 0.43571
141.87 0.433651
141.88 0.436719
141.89 0.444512
141.9 0.456422
141.91 0.47174
141.92 0.489557
141.93 0.508553
141.94 0.527667
141.95 0.545862
141.96 0.562167
141.97 0.575724
141.98 0.585352
141.99 0.590941
142 0.592251
142.01 0.589264
142.02 0.582189
142.03 0.571445
142.04 0.557441
142.05 0.54125
142.06 0.523883
142.07 0.506316
142.08 0.489534
142.09 0.474484
142.1 0.462219
142.11 0.453546
142.12 0.448782
142.13 0.448189
142.14 0.451797
142.15 0.45939
142.16 0.470597
142.17 0.484785
142.18 0.500709
142.19 0.517282
142.2 0.533316
142.21 0.547564
142.22 0.558783
142.23 0.56514
142.24 0.565996
142.25 0.560488
142.26 0.547968
142.27 0.528037
142.28 0.500559
142.29 0.465046
142.3 0.422468
142.31 0.3738
142.32 0.320017
142.33 0.262278
142.34 0.201881
142.35 0.14022
142.36 0.0789318
142.37 0.0194387
142.38 -0.0370033
142.39 -0.0892917
142.4 -0.13652
142.41 -0.177823
142.42 -0.212386
142.43 -0.24066
142.44 -0.262826
142.45 -0.27931
142.46 -0.290759
142.47 -0.297998
142.48 -0.30173
142.49 -0.303508
142.5 -0.304413
142.51 -0.305491
142.52 -0.307698
142.53 -0.311857
142.54 -0.318899
142.55 -0.329125
142.56 -0.342614
142.57 -0.359298
142.58 -0.378885
142.59 -0.400882
142.6 -0.424673
142.61 -0.4493
142.62 -0.473746
142.63 -0.497058
142.64 -0.518304
142.65 -0.536615
142.66 -0.5511
142.67 -0.560836
142.68 -0.5658
142.69 -0.565826
142.7 -0.560961
142.71 -0.551464
142.72 -0.537784
142.73 -0.520215
142.74 -0.500045
142.75 -0.478156
142.76 -0.455474
142.77 -0.43292
142.78 -0.411366
142.79 -0.391815
142.8 -0.374857
142.81 -0.360875
142.82 -0.350125
142.83 -0.342667
142.84 -0.338371
142.85 -0.337078
142.86 -0.338218
142.87 -0.341007
142.88 -0.34475
142.89 -0.348714
142.9 -0.352178
142.91 -0.35441
142.92 -0.354662
142.93 -0.35263
142.94 -0.348052
142.95 -0.340836
142.96 -0.331065
142.97 -0.318989
142.98 -0.304857
142.99 -0.289506
143 -0.273588
143.01 -0.257803
143.02 -0.24285
143.03 -0.229389
143.04 -0.218228
143.05 -0.209716
143.06 -0.204036
143.07 -0.20125
143.08 -0.201225
143.09 -0.20363
143.1 -0.208023
143.11 -0.213583
143.12 -0.219355
143.13 -0.224409
143.14 -0.22778
143.15 -0.228516
143.16 -0.225585
143.17 -0.217877
143.18 -0.205145
143.19 -0.187018
143.2 -0.163345
143.21 -0.134211
143.22 -0.0999277
143.23 -0.0606011
143.24 -0.0176379
143.25 0.0279984
143.26 0.0752303
143.27 0.122916
143.28 0.169904
143.29 0.214818
143.3 0.256666
143.31 0.294681
143.32 0.32824
143.33 0.356936
143.34 0.380598
143.35 0.399001
143.36 0.412546
143.37 0.422073
143.38 0.428291
143.39 0.432022
143.4 0.434148
143.41 0.435562
143.42 0.437209
143.43 0.439824
143.44 0.443925
143.45 0.449821
143.46 0.457592
143.47 0.467069
143.48 0.477904
143.49 0.489185
143.5 0.499999
143.51 0.509281
143.52 0.515861
143.53 0.518527
143.54 0.515498
143.55 0.505894
143.56 0.488947
143.57 0.463964
143.58 0.430508
143.59 0.388435
143.6 0.337401
143.61 0.278059
143.62 0.21175
143.63 0.139587
143.64 0.0628986
143.65 -0.0168282
143.66 -0.0980019
143.67 -0.178784
143.68 -0.25754
143.69 -0.332875
143.7 -0.40359
143.71 -0.468736
143.72 -0.527632
143.73 -0.579178
143.74 -0.624194
143.75 -0.663064
143.76 -0.696454
143.77 -0.725273
143.78 -0.750616
143.79 -0.773612
143.8 -0.795841
143.81 -0.818585
143.82 -0.842956
143.83 -0.869884
143.84 -0.900063
143.85 -0.934146
143.86 -0.972162
143.87 -1.01358
143.88 -1.05775
143.89 -1.10374
143.9 -1.15036
143.91 -1.19613
143.92 -1.23916
143.93 -1.27794
143.94 -1.31091
143.95 -1.33659
143.96 -1.35371
143.97 -1.36118
143.98 -1.35701
143.99 -1.34202
144 -1.31624
144.01 -1.28002
144.02 -1.23407
144.03 -1.17938
144.04 -1.11659
144.05 -1.04786
144.06 -0.974937
144.07 -0.899392
144.08 -0.822754
144.09 -0.746423
144.1 -0.671781
144.11 -0.599894
144.12 -0.531274
144.13 -0.466223
144.14 -0.404731
144.15 -0.346488
144.16 -0.290982
144.17 -0.237367
144.18 -0.184413
144.19 -0.131026
144.2 -0.0760978
144.21 -0.0185768
144.22 0.0424879
144.23 0.108381
144.24 0.179102
144.25 0.254798
144.26 0.335309
144.27 0.420167
144.28 0.508608
144.29 0.599717
144.3 0.691858
144.31 0.783492
144.32 0.873044
144.33 0.958916
144.34 1.03955
144.35 1.11299
144.36 1.17786
144.37 1.23357
144.38 1.27945
144.39 1.31511
144.4 1.34047
144.41 1.35543
144.42 1.36014
144.43 1.3563
144.44 1.34492
144.45 1.32719
144.46 1.30431
144.47 1.27755
144.48 1.24792
144.49 1.21692
144.5 1.18544
144.51 1.15416
144.52 1.12356
144.53 1.09387
144.54 1.06519
144.55 1.03719
144.56 1.00943
144.57 0.981359
144.58 0.952357
144.59 0.921764
144.6 0.888758
144.61 0.852732
144.62 0.81341
144.63 0.77055
144.64 0.724095
144.65 0.674189
144.66 0.62108
144.67 0.56527
144.68 0.507747
144.69 0.44936
144.7 0.391031
144.71 0.333705
144.72 0.278324
144.73 0.226132
144.74 0.177573
144.75 0.133165
144.76 0.0932303
144.77 0.0578786
144.78 0.0270017
144.79 0.000634089
144.8 -0.0221315
144.81 -0.0421032
144.82 -0.0600976
144.83 -0.0769909
144.84 -0.0936677
144.85 -0.111063
144.86 -0.130007
144.87 -0.151016
144.88 -0.17446
144.89 -0.200493
144.9 -0.22905
144.91 -0.259896
144.92 -0.292504
144.93 -0.325945
144.94 -0.359332
144.95 -0.391685
144.96 -0.421979
144.97 -0.449177
144.98 -0.471801
144.99 -0.489453
145 -0.50154
145.01 -0.507685
145.02 -0.507755
145.03 -0.501868
145.04 -0.489909
145.05 -0.473015
145.06 -0.452187
145.07 -0.42845
145.08 -0.402936
145.09 -0.376826
145.1 -0.351411
145.11 -0.327936
145.12 -0.30729
145.13 -0.290214
145.14 -0.277224
145.15 -0.268579
145.16 -0.264427
145.17 -0.264606
145.18 -0.268163
145.19 -0.274294
145.2 -0.282028
145.21 -0.290272
145.22 -0.297861
145.23 -0.303317
145.24 -0.305682
145.25 -0.30404
145.26 -0.297662
145.27 -0.286051
145.28 -0.268966
145.29 -0.245938
145.3 -0.217781
145.31 -0.185264
145.32 -0.149263
145.33 -0.110838
145.34 -0.071183
145.35 -0.0316657
145.36 0.00623764
145.37 0.0413281
145.38 0.0725206
145.39 0.098909
145.4 0.11981
145.41 0.134562
145.42 0.142758
145.43 0.145103
145.44 0.142069
145.45 0.134372
145.46 0.12293
145.47 0.108807
145.48 0.093177
145.49 0.0775343
145.5 0.0630591
145.51 0.0508341
145.52 0.0417924
145.53 0.0366722
145.54 0.036447
145.55 0.0410087
145.56 0.0501729
145.57 0.063598
145.58 0.0807061
145.59 0.100714
145.6 0.122732
145.61 0.145493
145.62 0.167775
145.63 0.188464
145.64 0.206518
145.65 0.221011
145.66 0.230995
145.67 0.235648
145.68 0.235073
145.69 0.229243
145.7 0.218372
145.71 0.202897
145.72 0.183425
145.73 0.160545
145.74 0.135638
145.75 0.109715
145.76 0.0837939
145.77 0.0588573
145.78 0.0358012
145.79 0.0157223
145.8 -0.000941062
145.81 -0.0138804
145.82 -0.0229302
145.83 -0.0281285
145.84 -0.0297079
145.85 -0.0278943
145.86 -0.0234086
145.87 -0.017112
145.88 -0.00976703
145.89 -0.00215836
145.9 0.00494829
145.91 0.010772
145.92 0.0145505
145.93 0.0159438
145.94 0.0146537
145.95 0.010544
145.96 0.00364357
145.97 -0.00588005
145.98 -0.0178674
145.99 -0.0315422
146 -0.0463254
146.01 -0.0615804
146.02 -0.0766462
146.03 -0.0908711
146.04 -0.103443
146.05 -0.113893
146.06 -0.121838
146.07 -0.126984
146.08 -0.129162
146.09 -0.128337
146.1 -0.124415
146.11 -0.117717
146.12 -0.10874
146.13 -0.0979109
146.14 -0.085718
146.15 -0.0726834
146.16 -0.0593506
146.17 -0.0463221
146.18 -0.0340922
146.19 -0.0230841
146.2 -0.0136559
146.21 -0.00609319
146.22 -0.00062888
146.23 0.00236661
146.24 0.00307744
146.25 0.00150788
146.26 -0.00229394
146.27 -0.00824883
146.28 -0.0162596
146.29 -0.0264105
146.3 -0.0384376
146.31 -0.0522239
146.32 -0.0677126
146.33 -0.0848701
146.34 -0.103685
146.35 -0.124282
146.36 -0.146651
146.37 -0.170726
146.38 -0.19652
146.39 -0.224024
146.4 -0.253202
146.41 -0.284038
146.42 -0.31645
146.43 -0.350132
146.44 -0.384856
146.45 -0.420348
146.46 -0.456291
146.47 -0.492333
146.48 -0.528024
146.49 -0.56297
146.5 -0.596783
146.51 -0.629088
146.52 -0.659534
146.53 -0.6878
146.54 -0.713333
146.55 -0.736083
146.56 -0.755925
146.57 -0.77273
146.58 -0.786413
146.59 -0.796925
146.6 -0.804019
146.61 -0.807772
146.62 -0.808361
146.63 -0.805809
146.64 -0.800137
146.65 -0.791359
146.66 -0.779349
146.67 -0.763981
146.68 -0.745489
146.69 -0.72386
146.7 -0.699086
146.71 -0.671178
146.72 -0.640136
146.73 -0.605744
146.74 -0.568469
146.75 -0.528487
146.76 -0.486032
146.77 -0.441393
146.78 -0.39491
146.79 -0.346867
146.8 -0.297865
146.81 -0.248382
146.82 -0.198871
146.83 -0.149772
146.84 -0.10149
146.85 -0.0544819
146.86 -0.0090314
146.87 0.0347489
146.88 0.0767832
146.89 0.117097
146.9 0.155817
146.91 0.19312
146.92 0.229328
146.93 0.264931
146.94 0.300355
146.95 0.336036
146.96 0.372394
146.97 0.409823
146.98 0.448786
146.99 0.489334
147 0.531516
147.01 0.575242
147.02 0.620275
147.03 0.666229
147.04 0.712547
147.05 0.758446
147.06 0.803132
147.07 0.845753
147.08 0.885422
147.09 0.921254
147.1 0.95201
147.11 0.976952
147.12 0.995711
147.13 1.00784
147.14 1.01308
147.15 1.01137
147.16 1.00256
147.17 0.986859
147.18 0.96537
147.19 0.938845
147.2 0.908163
147.21 0.874298
147.22 0.838265
147.23 0.801121
147.24 0.764057
147.25 0.72796
147.26 0.693587
147.27 0.661534
147.28 0.632209
147.29 0.606131
147.3 0.583013
147.31 0.562561
147.32 0.544355
147.33 0.527832
147.34 0.512317
147.35 0.497023
147.36 0.481065
147.37 0.463701
147.38 0.444281
147.39 0.422272
147.4 0.397297
147.41 0.369025
147.42 0.337379
147.43 0.302877
147.44 0.265985
147.45 0.227347
147.46 0.187765
147.47 0.14817
147.48 0.109785
147.49 0.0736154
147.5 0.0406552
147.51 0.0118161
147.52 -0.0121133
147.53 -0.0305068
147.54 -0.0422853
147.55 -0.0477706
147.56 -0.0471386
147.57 -0.040687
147.58 -0.0289243
147.59 -0.012547
147.6 0.00779618
147.61 0.0308792
147.62 0.0554783
147.63 0.0805316
147.64 0.105014
147.65 0.127984
147.66 0.148486
147.67 0.165683
147.68 0.179338
147.69 0.189221
147.7 0.195305
147.71 0.197756
147.72 0.196875
147.73 0.192972
147.74 0.187028
147.75 0.179745
147.76 0.171847
147.77 0.164044
147.78 0.156986
147.79 0.151416
147.8 0.147672
147.81 0.145978
147.82 0.146414
147.83 0.148901
147.84 0.1532
147.85 0.159003
147.86 0.165689
147.87 0.172597
147.88 0.179089
147.89 0.184529
147.9 0.188313
147.91 0.189791
147.92 0.188407
147.93 0.184076
147.94 0.176691
147.95 0.166305
147.96 0.153127
147.97 0.13749
147.98 0.119782
147.99 0.100878
148 0.0814661
148.01 0.0622644
148.02 0.0439857
148.03 0.0273001
148.04 0.0130836
148.05 0.00165393
148.06 -0.0067129
148.07 -0.0118586
148.08 -0.0137854
148.09 -0.0126548
148.1 -0.00860764
148.11 -0.00225595
148.12 0.00569342
148.13 0.0145854
148.14 0.0237258
148.15 0.0324158
148.16 0.0399057
148.17 0.0454558
148.18 0.0486727
148.19 0.0491873
148.2 0.0467632
148.21 0.0413037
148.22 0.0328095
148.23 0.021237
148.24 0.00722501
148.25 -0.00881392
148.26 -0.0264031
148.27 -0.0450299
148.28 -0.064175
148.29 -0.0832948
148.3 -0.101903
148.31 -0.119648
148.32 -0.136271
148.33 -0.151617
148.34 -0.165639
148.35 -0.178312
148.36 -0.189863
148.37 -0.200606
148.38 -0.21085
148.39 -0.220936
148.4 -0.231216
148.41 -0.242058
148.42 -0.253814
148.43 -0.266648
148.44 -0.280684
148.45 -0.295958
148.46 -0.312405
148.47 -0.32988
148.48 -0.348166
148.49 -0.366821
148.5 -0.38546
148.51 -0.403669
148.52 -0.421027
148.53 -0.437137
148.54 -0.451439
148.55 -0.463773
148.56 -0.473979
148.57 -0.481967
148.58 -0.487752
148.59 -0.491445
148.6 -0.493132
148.61 -0.493214
148.62 -0.492138
148.63 -0.490305
148.64 -0.488121
148.65 -0.485982
148.66 -0.484269
148.67 -0.483321
148.68 -0.483275
148.69 -0.4842
148.7 -0.486053
148.71 -0.488674
148.72 -0.491795
148.73 -0.494998
148.74 -0.497766
148.75 -0.499572
148.76 -0.499863
148.77 -0.498087
148.78 -0.493722
148.79 -0.485935
148.8 -0.474613
148.81 -0.459562
148.82 -0.440674
148.83 -0.417978
148.84 -0.391641
148.85 -0.361744
148.86 -0.328906
148.87 -0.293835
148.88 -0.257169
148.89 -0.219596
148.9 -0.181823
148.91 -0.144603
148.92 -0.108714
148.93 -0.0746733
148.94 -0.0429466
148.95 -0.0138846
148.96 0.0122874
148.97 0.0354239
148.98 0.0553191
148.99 0.0724671
149 0.0871466
149.01 0.0997116
149.02 0.110566
149.03 0.120137
149.04 0.128796
149.05 0.137043
149.06 0.145198
149.07 0.153482
149.08 0.162016
149.09 0.17081
149.1 0.179758
149.11 0.18859
149.12 0.196963
149.13 0.204458
149.14 0.210599
149.15 0.214878
149.16 0.216643
149.17 0.215261
149.18 0.210489
149.19 0.201985
149.2 0.189506
149.21 0.172924
149.22 0.152165
149.23 0.12704
149.24 0.0982534
149.25 0.0661938
149.26 0.0313423
149.27 -0.00574769
149.28 -0.0444745
149.29 -0.0842562
149.3 -0.124315
149.31 -0.164064
149.32 -0.202991
149.33 -0.240661
149.34 -0.276734
149.35 -0.310821
149.36 -0.342855
149.37 -0.37292
149.38 -0.401109
149.39 -0.42759
149.4 -0.452592
149.41 -0.476333
149.42 -0.499104
149.43 -0.521244
149.44 -0.542965
149.45 -0.564414
149.46 -0.585658
149.47 -0.60667
149.48 -0.627268
149.49 -0.647228
149.5 -0.666212
149.51 -0.6838
149.52 -0.699509
149.53 -0.712817
149.54 -0.722799
149.55 -0.729159
149.56 -0.731447
149.57 -0.729248
149.58 -0.722234
149.59 -0.710188
149.6 -0.692611
149.61 -0.669762
149.62 -0.642069
149.63 -0.609875
149.64 -0.573644
149.65 -0.533945
149.66 -0.49133
149.67 -0.446578
149.68 -0.400637
149.69 -0.35425
149.7 -0.308131
149.71 -0.262933
149.72 -0.219264
149.73 -0.177794
149.74 -0.138666
149.75 -0.10205
149.76 -0.0679759
149.77 -0.0363412
149.78 -0.00691387
149.79 0.0204972
149.8 0.0465812
149.81 0.0718912
149.82 0.0970002
149.83 0.122494
149.84 0.148946
149.85 0.177041
149.86 0.207236
149.87 0.239809
149.88 0.274989
149.89 0.312879
149.9 0.353446
149.91 0.396627
149.92 0.442097
149.93 0.489209
149.94 0.53738
149.95 0.585936
149.96 0.634129
149.97 0.681121
149.98 0.725818
149.99 0.767542
150 0.805517
150.01 0.839028
150.02 0.867443
150.03 0.890235
150.04 0.906296
150.05 0.915951
150.06 0.91917
150.07 0.915999
150.08 0.906626
150.09 0.891373
150.1 0.870291
150.11 0.84424
150.12 0.8141
150.13 0.780594
150.14 0.744482
150.15 0.70654
150.16 0.667518
150.17 0.628245
150.18 0.589444
150.19 0.551693
150.2 0.515472
150.21 0.481153
150.22 0.449042
150.23 0.419467
150.24 0.392191
150.25 0.367094
150.26 0.343954
150.27 0.322469
150.28 0.302266
150.29 0.282979
150.3 0.264031
150.31 0.244981
150.32 0.225424
150.33 0.205004
150.34 0.183438
150.35 0.160409
150.36 0.135877
150.37 0.109932
150.38 0.082718
150.39 0.0544841
150.4 0.025574
150.41 -0.0035719
150.42 -0.0323745
150.43 -0.0602791
150.44 -0.0867318
150.45 -0.111192
150.46 -0.133159
150.47 -0.152125
150.48 -0.167445
150.49 -0.179208
150.5 -0.187324
150.51 -0.191836
150.52 -0.192918
150.53 -0.190875
150.54 -0.185889
150.55 -0.178837
150.56 -0.170376
150.57 -0.161187
150.58 -0.15197
150.59 -0.143418
150.6 -0.136342
150.61 -0.131332
150.62 -0.128787
150.63 -0.129035
150.64 -0.132263
150.65 -0.138507
150.66 -0.147784
150.67 -0.159805
150.68 -0.173922
150.69 -0.189573
150.7 -0.2061
150.71 -0.222784
150.72 -0.238846
150.73 -0.253337
150.74 -0.265637
150.75 -0.275133
150.76 -0.281318
150.77 -0.283812
150.78 -0.282387
150.79 -0.276528
150.8 -0.266782
150.81 -0.253468
150.82 -0.237014
150.83 -0.217963
150.84 -0.196954
150.85 -0.174646
150.86 -0.15192
150.87 -0.129537
150.88 -0.10816
150.89 -0.0883734
150.9 -0.0706518
150.91 -0.0554787
150.92 -0.0431067
150.93 -0.0333702
150.94 -0.0261225
150.95 -0.0210749
150.96 -0.0178132
150.97 -0.0158334
150.98 -0.0145071
150.99 -0.0130734
151 -0.0108852
151.01 -0.00732639
151.02 -0.00184249
151.03 0.00603183
151.04 0.0169863
151.05 0.0309518
151.06 0.0479508
151.07 0.0678872
151.08 0.0905317
151.09 0.115535
151.1 0.142559
151.11 0.170912
151.12 0.199944
151.13 0.229069
151.14 0.257725
151.15 0.285405
151.16 0.311588
151.17 0.33589
151.18 0.358241
151.19 0.378599
151.2 0.397052
151.21 0.41381
151.22 0.429172
151.23 0.443537
151.24 0.457523
151.25 0.471641
151.26 0.486403
151.27 0.502283
151.28 0.519693
151.29 0.539184
151.3 0.560763
151.31 0.584451
151.32 0.610142
151.33 0.637589
151.34 0.666406
151.35 0.696103
151.36 0.725929
151.37 0.755143
151.38 0.78299
151.39 0.808706
151.4 0.831545
151.41 0.850586
151.42 0.865075
151.43 0.874784
151.44 0.879366
151.45 0.878614
151.46 0.872464
151.47 0.860881
151.48 0.843752
151.49 0.82197
151.5 0.796008
151.51 0.766414
151.52 0.733787
151.53 0.698748
151.54 0.661776
151.55 0.623706
151.56 0.585071
151.57 0.546321
151.58 0.507823
151.59 0.469853
151.6 0.432667
151.61 0.396327
151.62 0.360803
151.63 0.326032
151.64 0.291902
151.65 0.258271
151.66 0.224996
151.67 0.191908
151.68 0.158861
151.69 0.125769
151.7 0.0925867
151.71 0.0593155
151.72 0.0260067
151.73 -0.00722459
151.74 -0.0402369
151.75 -0.0728685
151.76 -0.104947
151.77 -0.136302
151.78 -0.166782
151.79 -0.196136
151.8 -0.224392
151.81 -0.251532
151.82 -0.277591
151.83 -0.302654
151.84 -0.326858
151.85 -0.350344
151.86 -0.373391
151.87 -0.396259
151.88 -0.419185
151.89 -0.442393
151.9 -0.466074
151.91 -0.490419
151.92 -0.515536
151.93 -0.541395
151.94 -0.567937
151.95 -0.595038
151.96 -0.622507
151.97 -0.650094
151.98 -0.677455
151.99 -0.704257
152 -0.730171
152.01 -0.754878
152.02 -0.778087
152.03 -0.799551
152.04 -0.818845
152.05 -0.836068
152.06 -0.851207
152.07 -0.864319
152.08 -0.875531
152.09 -0.885035
152.1 -0.89297
152.11 -0.899729
152.12 -0.905653
152.13 -0.911025
152.14 -0.916094
152.15 -0.921059
152.16 -0.926057
152.17 -0.931133
152.18 -0.936218
152.19 -0.941155
152.2 -0.945693
152.21 -0.949505
152.22 -0.952151
152.23 -0.953008
152.24 -0.951715
152.25 -0.947799
152.26 -0.940816
152.27 -0.93038
152.28 -0.916178
152.29 -0.89752
152.3 -0.874762
152.31 -0.847977
152.32 -0.817343
152.33 -0.783158
152.34 -0.74583
152.35 -0.70568
152.36 -0.663501
152.37 -0.620007
152.38 -0.575833
152.39 -0.531595
152.4 -0.487863
152.41 -0.445216
152.42 -0.404121
152.43 -0.364769
152.44 -0.327303
152.45 -0.291742
152.46 -0.257987
152.47 -0.225865
152.48 -0.195122
152.49 -0.165234
152.5 -0.135789
152.51 -0.106376
152.52 -0.0766036
152.53 -0.0461344
152.54 -0.0145732
152.55 0.0181333
152.56 0.0520056
152.57 0.0869503
152.58 0.122758
152.59 0.15911
152.6 0.195566
152.61 0.231562
152.62 0.26656
152.63 0.300017
152.64 0.331411
152.65 0.360275
152.66 0.386038
152.67 0.408366
152.68 0.427327
152.69 0.442935
152.7 0.455338
152.71 0.464819
152.72 0.471722
152.73 0.476483
152.74 0.47991
152.75 0.482608
152.76 0.48517
152.77 0.488148
152.78 0.492011
152.79 0.497292
152.8 0.504058
152.81 0.512322
152.82 0.521929
152.83 0.532556
152.84 0.543718
152.85 0.554714
152.86 0.564691
152.87 0.572819
152.88 0.578227
152.89 0.580065
152.9 0.577536
152.91 0.569627
152.92 0.555689
152.93 0.535735
152.94 0.509657
152.95 0.477568
152.96 0.439809
152.97 0.396824
152.98 0.34922
152.99 0.298455
153 0.245647
153.01 0.192002
153.02 0.138764
153.03 0.0871652
153.04 0.0388394
153.05 -0.00539866
153.06 -0.044694
153.07 -0.0783768
153.08 -0.105995
153.09 -0.127327
153.1 -0.141855
153.11 -0.150235
153.12 -0.153178
153.13 -0.15136
153.14 -0.145591
153.15 -0.136773
153.16 -0.125795
153.17 -0.113752
153.18 -0.101657
153.19 -0.0903035
153.2 -0.0803584
153.21 -0.072334
153.22 -0.0666397
153.23 -0.0635952
153.24 -0.0629211
153.25 -0.0643946
153.26 -0.0676552
153.27 -0.0722322
153.28 -0.0775784
153.29 -0.0830566
153.3 -0.0880028
153.31 -0.0918759
153.32 -0.0942107
153.33 -0.0946435
153.34 -0.0929319
153.35 -0.0887706
153.36 -0.0823456
153.37 -0.0739316
153.38 -0.063847
153.39 -0.0525075
153.4 -0.0404006
153.41 -0.0280763
153.42 -0.0161617
153.43 -0.00517603
153.44 0.00442937
153.45 0.0122856
153.46 0.0181258
153.47 0.0217355
153.48 0.022956
153.49 0.0221139
153.5 0.0194403
153.51 0.0152573
153.52 0.00995643
153.53 0.00397254
153.54 -0.00221919
153.55 -0.00812046
153.56 -0.0133539
153.57 -0.0176163
153.58 -0.0206977
153.59 -0.0224952
153.6 -0.0229178
153.61 -0.022202
153.62 -0.0206514
153.63 -0.0186189
153.64 -0.0165266
153.65 -0.014841
153.66 -0.0141285
153.67 -0.014935
153.68 -0.0176148
153.69 -0.0225076
153.7 -0.0298578
153.71 -0.0397978
153.72 -0.0524101
153.73 -0.067703
153.74 -0.0851668
153.75 -0.104425
153.76 -0.125011
153.77 -0.146393
153.78 -0.168
153.79 -0.189138
153.8 -0.209239
153.81 -0.2278
153.82 -0.244399
153.83 -0.258704
153.84 -0.270493
153.85 -0.279425
153.86 -0.285682
153.87 -0.289493
153.88 -0.291091
153.89 -0.29078
153.9 -0.288912
153.91 -0.285809
153.92 -0.281887
153.93 -0.277532
153.94 -0.272996
153.95 -0.268449
153.96 -0.263968
153.97 -0.259525
153.98 -0.254954
153.99 -0.250009
154 -0.244368
154.01 -0.237656
154.02 -0.229469
154.03 -0.219401
154.04 -0.20676
154.05 -0.191481
154.06 -0.173354
154.07 -0.152276
154.08 -0.128271
154.09 -0.101493
154.1 -0.072044
154.11 -0.0405621
154.12 -0.00767503
154.13 0.0259827
154.14 0.0597242
154.15 0.0928427
154.16 0.124526
154.17 0.154043
154.18 0.180955
154.19 0.20486
154.2 0.225503
154.21 0.24279
154.22 0.256706
154.23 0.267371
154.24 0.275526
154.25 0.281751
154.26 0.286732
154.27 0.291225
154.28 0.296021
154.29 0.302125
154.3 0.310195
154.31 0.320852
154.32 0.334584
154.33 0.351727
154.34 0.372442
154.35 0.397014
154.36 0.42496
154.37 0.455747
154.38 0.488801
154.39 0.523427
154.4 0.558841
154.41 0.594156
154.42 0.628401
154.43 0.660796
154.44 0.690634
154.45 0.717317
154.46 0.74039
154.47 0.759422
154.48 0.774039
154.49 0.784667
154.5 0.791524
154.51 0.79495
154.52 0.795384
154.53 0.793328
154.54 0.78914
154.55 0.783615
154.56 0.777197
154.57 0.770243
154.58 0.762985
154.59 0.755522
154.6 0.747759
154.61 0.73946
154.62 0.730254
154.63 0.719649
154.64 0.707067
154.65 0.691883
154.66 0.673218
154.67 0.650392
154.68 0.623103
154.69 0.590982
154.7 0.553816
154.71 0.511578
154.72 0.464301
154.73 0.412188
154.74 0.356315
154.75 0.2975
154.76 0.236711
154.77 0.175026
154.78 0.113595
154.79 0.0538826
154.8 -0.00306337
154.81 -0.0562399
154.82 -0.104792
154.83 -0.148054
154.84 -0.185578
154.85 -0.216607
154.86 -0.241615
154.87 -0.261123
154.88 -0.275704
154.89 -0.286119
154.9 -0.293276
154.91 -0.298114
154.92 -0.301865
154.93 -0.305681
154.94 -0.31051
154.95 -0.317166
154.96 -0.326287
154.97 -0.3384
154.98 -0.353867
154.99 -0.372302
155 -0.393351
155.01 -0.416439
155.02 -0.440809
155.03 -0.46556
155.04 -0.489502
155.05 -0.511588
155.06 -0.530832
155.07 -0.546349
155.08 -0.557401
155.09 -0.563447
155.1 -0.563669
155.11 -0.558396
155.12 -0.548048
155.13 -0.533148
155.14 -0.514445
155.15 -0.492876
155.16 -0.469489
155.17 -0.445654
155.18 -0.422655
155.19 -0.401625
155.2 -0.383576
155.21 -0.369347
155.22 -0.35971
155.23 -0.355294
155.24 -0.355683
155.25 -0.360569
155.26 -0.369361
155.27 -0.381218
155.28 -0.39508
155.29 -0.409657
155.3 -0.423401
155.31 -0.434968
155.32 -0.44308
155.33 -0.446589
155.34 -0.444548
155.35 -0.435637
155.36 -0.419892
155.37 -0.397519
155.38 -0.368894
155.39 -0.334729
155.4 -0.296046
155.41 -0.254029
155.42 -0.210466
155.43 -0.167208
155.44 -0.125975
155.45 -0.0884564
155.46 -0.0562244
155.47 -0.0309273
155.48 -0.0142271
155.49 -0.00622719
155.5 -0.00727042
155.51 -0.0173134
155.52 -0.0359241
155.53 -0.0623202
155.54 -0.0959386
155.55 -0.134383
155.56 -0.175945
155.57 -0.218794
155.58 -0.261054
155.59 -0.30089
155.6 -0.336055
155.61 -0.365185
155.62 -0.387249
155.63 -0.401434
155.64 -0.407302
155.65 -0.404798
155.66 -0.393784
155.67 -0.375184
155.68 -0.350562
155.69 -0.321282
155.7 -0.288898
155.71 -0.255074
155.72 -0.221576
155.73 -0.190366
155.74 -0.162859
155.75 -0.140297
155.76 -0.123647
155.77 -0.113555
155.78 -0.110346
155.79 -0.114683
155.8 -0.12525
155.81 -0.14123
155.82 -0.161531
155.83 -0.18485
155.84 -0.209733
155.85 -0.234504
155.86 -0.257456
155.87 -0.277172
155.88 -0.292396
155.89 -0.302094
155.9 -0.305501
155.91 -0.301706
155.92 -0.290666
155.93 -0.273044
155.94 -0.249426
155.95 -0.220676
155.96 -0.187886
155.97 -0.152283
155.98 -0.11539
155.99 -0.0788606
156 -0.044092
156.01 -0.0123771
156.02 0.0151521
156.03 0.0375465
156.04 0.0534372
156.05 0.063127
156.06 0.0665916
156.07 0.0640908
156.08 0.0561504
156.09 0.0435323
156.1 0.0269474
156.11 0.00791753
156.12 -0.0122507
156.13 -0.032323
156.14 -0.0511012
156.15 -0.0674752
156.16 -0.0801933
156.17 -0.0883976
156.18 -0.0917504
156.19 -0.0899437
156.2 -0.082899
156.21 -0.0707609
156.22 -0.0537325
156.23 -0.0322317
156.24 -0.00737171
156.25 0.0200407
156.26 0.0491476
156.27 0.0790833
156.28 0.109012
156.29 0.138009
156.3 0.165478
156.31 0.190945
156.32 0.214087
156.33 0.234749
156.34 0.252934
156.35 0.268608
156.36 0.28229
156.37 0.294476
156.38 0.30568
156.39 0.316463
156.4 0.327397
156.41 0.339121
156.42 0.352198
156.43 0.366987
156.44 0.383789
156.45 0.402785
156.46 0.424032
156.47 0.447531
156.48 0.473139
156.49 0.500338
156.5 0.528703
156.51 0.557739
156.52 0.586904
156.53 0.615632
156.54 0.643191
156.55 0.669132
156.56 0.693
156.57 0.714416
156.58 0.733095
156.59 0.748852
156.6 0.761322
156.61 0.770777
156.62 0.777454
156.63 0.781607
156.64 0.78357
156.65 0.78374
156.66 0.782503
156.67 0.780418
156.68 0.778026
156.69 0.77578
156.7 0.774095
156.71 0.773332
156.72 0.773837
156.73 0.775912
156.74 0.779551
156.75 0.784761
156.76 0.791455
156.77 0.799455
156.78 0.808501
156.79 0.818271
156.8 0.828224
156.81 0.837876
156.82 0.84671
156.83 0.854183
156.84 0.859749
156.85 0.862586
156.86 0.862316
156.87 0.858553
156.88 0.850917
156.89 0.839107
156.9 0.82291
156.91 0.801908
156.92 0.776174
156.93 0.746082
156.94 0.711876
156.95 0.673902
156.96 0.632606
156.97 0.588441
156.98 0.542008
156.99 0.494207
157 0.445745
157.01 0.397334
157.02 0.349677
157.03 0.30345
157.04 0.25954
157.05 0.218263
157.06 0.180007
157.07 0.145039
157.08 0.113493
157.09 0.0853648
157.1 0.0608026
157.11 0.039218
157.12 0.0200914
157.13 0.00286955
157.14 -0.0130892
157.15 -0.0284911
157.16 -0.0441465
157.17 -0.0609171
157.18 -0.0795053
157.19 -0.100569
157.2 -0.124681
157.21 -0.1523
157.22 -0.183912
157.23 -0.219889
157.24 -0.259893
157.25 -0.303755
157.26 -0.351158
157.27 -0.401647
157.28 -0.454659
157.29 -0.509623
157.3 -0.56551
157.31 -0.621532
157.32 -0.6769
157.33 -0.730853
157.34 -0.782691
157.35 -0.831473
157.36 -0.876859
157.37 -0.91856
157.38 -0.956354
157.39 -0.990159
157.4 -1.02002
157.41 -1.04586
157.42 -1.06808
157.43 -1.08724
157.44 -1.10378
157.45 -1.11813
157.46 -1.13077
157.47 -1.14207
157.48 -1.15243
157.49 -1.1622
157.5 -1.1716
157.51 -1.18071
157.52 -1.18952
157.53 -1.19792
157.54 -1.20562
157.55 -1.21239
157.56 -1.21789
157.57 -1.22175
157.58 -1.22361
157.59 -1.22311
157.6 -1.21965
157.61 -1.21319
157.62 -1.20364
157.63 -1.19094
157.64 -1.17514
157.65 -1.15639
157.66 -1.13475
157.67 -1.11063
157.68 -1.08457
157.69 -1.05698
157.7 -1.02829
157.71 -0.998916
157.72 -0.969248
157.73 -0.939641
157.74 -0.910332
157.75 -0.881443
157.76 -0.852995
157.77 -0.8249
157.78 -0.796973
157.79 -0.76888
157.8 -0.740239
157.81 -0.710637
157.82 -0.679637
157.83 -0.646811
157.84 -0.611762
157.85 -0.573872
157.86 -0.533083
157.87 -0.489337
157.88 -0.442643
157.89 -0.393145
157.9 -0.341114
157.91 -0.286838
157.92 -0.230962
157.93 -0.174221
157.94 -0.117302
157.95 -0.0609283
157.96 -0.00582164
157.97 0.0472202
157.98 0.0973797
157.99 0.144316
158 0.187639
158.01 0.227097
158.02 0.262582
158.03 0.294104
158.04 0.321513
158.05 0.345605
158.06 0.366849
158.07 0.385798
158.08 0.403057
158.09 0.419254
158.1 0.435018
158.11 0.451009
158.12 0.467703
158.13 0.485458
158.14 0.504507
158.15 0.52494
158.16 0.546781
158.17 0.569749
158.18 0.593407
158.19 0.617271
158.2 0.640768
158.21 0.663268
158.22 0.684013
158.23 0.702161
158.24 0.717253
158.25 0.728762
158.26 0.736266
158.27 0.739464
158.28 0.738147
158.29 0.731865
158.3 0.721288
158.31 0.706725
158.32 0.688605
158.33 0.667459
158.34 0.643896
158.35 0.618459
158.36 0.592041
158.37 0.565324
158.38 0.538907
158.39 0.513314
158.4 0.488975
158.41 0.466338
158.42 0.44558
158.43 0.426667
158.44 0.40953
158.45 0.394001
158.46 0.379824
158.47 0.366702
158.48 0.354241
158.49 0.341979
158.5 0.329549
158.51 0.316618
158.52 0.30291
158.53 0.288205
158.54 0.272264
158.55 0.255187
158.56 0.237045
158.57 0.217988
158.58 0.19823
158.59 0.178037
158.6 0.157725
158.61 0.137646
158.62 0.118096
158.63 0.0993302
158.64 0.0815537
158.65 0.0649062
158.66 0.0495378
158.67 0.0353913
158.68 0.0222938
158.69 0.0100624
158.7 -0.00154357
158.71 -0.0128062
158.72 -0.0240426
158.73 -0.0356124
158.74 -0.047791
158.75 -0.0608081
158.76 -0.0748276
158.77 -0.089933
158.78 -0.106128
158.79 -0.123374
158.8 -0.141323
158.81 -0.159651
158.82 -0.177956
158.83 -0.195771
158.84 -0.212587
158.85 -0.227662
158.86 -0.240543
158.87 -0.250777
158.88 -0.25794
158.89 -0.261691
158.9 -0.261783
158.91 -0.257805
158.92 -0.24985
158.93 -0.238238
158.94 -0.223218
158.95 -0.20514
158.96 -0.184442
158.97 -0.161561
158.98 -0.137074
158.99 -0.111708
159 -0.0860213
159.01 -0.060536
159.02 -0.03572
159.03 -0.0119866
159.04 0.0101911
159.05 0.0307455
159.06 0.0495789
159.07 0.0666834
159.08 0.0821326
159.09 0.096068
159.1 0.108571
159.11 0.12001
159.12 0.130649
159.13 0.140718
159.14 0.150417
159.15 0.159903
159.16 0.169276
159.17 0.178574
159.18 0.187763
159.19 0.196744
159.2 0.20537
159.21 0.213452
159.22 0.22074
159.23 0.226954
159.24 0.231962
159.25 0.235606
159.26 0.237785
159.27 0.238461
159.28 0.237656
159.29 0.235388
159.3 0.232037
159.31 0.227899
159.32 0.223327
159.33 0.218721
159.34 0.214501
159.35 0.211213
159.36 0.209217
159.37 0.208822
159.38 0.210273
159.39 0.213714
159.4 0.219173
159.41 0.226678
159.42 0.235895
159.43 0.246347
159.44 0.257534
159.45 0.26886
159.46 0.279663
159.47 0.289149
159.48 0.296431
159.49 0.30094
159.5 0.302068
159.51 0.299313
159.52 0.292303
159.53 0.28076
159.54 0.264236
159.55 0.243412
159.56 0.218669
159.57 0.190566
159.58 0.159822
159.59 0.127291
159.6 0.0939573
159.61 0.0610467
159.62 0.029629
159.63 0.000736368
159.64 -0.0246665
159.65 -0.0457219
159.66 -0.0612944
159.67 -0.0709372
159.68 -0.0746029
159.69 -0.0722155
159.7 -0.0639138
159.71 -0.050046
159.72 -0.0309662
159.73 -0.0073798
159.74 0.019443
159.75 0.0485154
159.76 0.0787955
159.77 0.109229
159.78 0.138761
159.79 0.166153
159.8 0.190704
159.81 0.211742
159.82 0.22876
159.83 0.241431
159.84 0.249616
159.85 0.252914
159.86 0.251998
159.87 0.247355
159.88 0.239526
159.89 0.229145
159.9 0.216909
159.91 0.203512
159.92 0.189796
159.93 0.176462
159.94 0.164082
159.95 0.153124
159.96 0.143934
159.97 0.136817
159.98 0.131901
159.99 0.128932
160 0.127687
160.01 0.127835
160.02 0.128961
160.03 0.130588
160.04 0.132137
160.05 0.133054
160.06 0.132859
160.07 0.131128
160.08 0.127514
160.09 0.121768
160.1 0.113502
160.11 0.102917
160.12 0.0901691
160.13 0.0754927
160.14 0.0592191
160.15 0.0417631
160.16 0.0235914
160.17 0.00532431
160.18 -0.0124716
160.19 -0.029273
160.2 -0.0445947
160.21 -0.0580102
160.22 -0.0690555
160.23 -0.077377
160.24 -0.083028
160.25 -0.0859971
160.26 -0.0863823
160.27 -0.0843855
160.28 -0.0802776
160.29 -0.0743405
160.3 -0.0672446
160.31 -0.0594848
160.32 -0.0515729
160.33 -0.0440157
160.34 -0.0372944
160.35 -0.0320196
160.36 -0.0284704
160.37 -0.0268935
160.38 -0.027461
160.39 -0.0302447
160.4 -0.0352134
160.41 -0.0423728
160.42 -0.0513797
160.43 -0.0618038
160.44 -0.0732361
160.45 -0.0852132
160.46 -0.0972355
160.47 -0.108739
160.48 -0.119109
160.49 -0.127906
160.5 -0.134699
160.51 -0.13912
160.52 -0.14088
160.53 -0.139732
160.54 -0.135315
160.55 -0.127968
160.56 -0.117832
160.57 -0.10515
160.58 -0.0902598
160.59 -0.0735827
160.6 -0.0555334
160.61 -0.0368494
160.62 -0.0181406
160.63 -1.16546e-05
160.64 0.0169413
160.65 0.03215
160.66 0.0448825
160.67 0.0547066
160.68 0.0613766
160.69 0.0646399
160.7 0.0643484
160.71 0.0604639
160.72 0.0529018
160.73 0.0417926
160.74 0.0277024
160.75 0.0110217
160.76 -0.00778937
160.77 -0.0282188
160.78 -0.0497301
160.79 -0.0717414
160.8 -0.0936145
160.81 -0.11485
160.82 -0.135006
160.83 -0.153716
160.84 -0.170699
160.85 -0.185561
160.86 -0.198421
160.87 -0.209366
160.88 -0.218559
160.89 -0.226259
160.9 -0.232801
160.91 -0.238566
160.92 -0.244094
160.93 -0.249885
160.94 -0.256402
160.95 -0.264081
160.96 -0.273301
160.97 -0.284471
160.98 -0.297887
160.99 -0.313495
161 -0.331274
161.01 -0.351086
161.02 -0.372686
161.03 -0.395741
161.04 -0.419833
161.05 -0.444293
161.06 -0.46855
161.07 -0.492013
161.08 -0.514097
161.09 -0.534244
161.1 -0.55164
161.11 -0.566063
161.12 -0.577243
161.13 -0.58499
161.14 -0.589233
161.15 -0.590026
161.16 -0.587305
161.17 -0.581531
161.18 -0.57325
161.19 -0.562942
161.2 -0.551141
161.21 -0.538406
161.22 -0.525308
161.23 -0.512462
161.24 -0.500358
161.25 -0.48939
161.26 -0.479855
161.27 -0.471947
161.28 -0.465775
161.29 -0.461422
161.3 -0.458533
161.31 -0.456828
161.32 -0.455942
161.33 -0.455446
161.34 -0.454865
161.35 -0.45359
161.36 -0.451137
161.37 -0.447065
161.38 -0.44098
161.39 -0.432562
161.4 -0.42158
161.41 -0.407682
161.42 -0.390949
161.43 -0.371592
161.44 -0.349801
161.45 -0.325848
161.46 -0.30007
161.47 -0.272805
161.48 -0.244508
161.49 -0.215698
161.5 -0.186778
161.51 -0.158111
161.52 -0.13001
161.53 -0.102743
161.54 -0.0765864
161.55 -0.0515327
161.56 -0.0275936
161.57 -0.00471675
161.58 0.0172029
161.59 0.0383087
161.6 0.0587132
161.61 0.0786646
161.62 0.0983167
161.63 0.11778
161.64 0.137113
161.65 0.156316
161.66 0.175292
161.67 0.193875
161.68 0.211847
161.69 0.228923
161.7 0.244773
161.71 0.259036
161.72 0.271228
161.73 0.280888
161.74 0.287852
161.75 0.291871
161.76 0.292776
161.77 0.290495
161.78 0.285006
161.79 0.276246
161.8 0.264835
161.81 0.251182
161.82 0.235791
161.83 0.21925
161.84 0.202205
161.85 0.185433
161.86 0.169675
161.87 0.155583
161.88 0.143755
161.89 0.134704
161.9 0.128838
161.91 0.12673
161.92 0.128383
161.93 0.133611
161.94 0.142229
161.95 0.153912
161.96 0.168214
161.97 0.184655
161.98 0.202525
161.99 0.220991
162 0.239344
162.01 0.25689
162.02 0.272982
162.03 0.286991
162.04 0.298185
162.05 0.306449
162.06 0.311585
162.07 0.313533
162.08 0.312367
162.09 0.308293
162.1 0.301399
162.11 0.292434
162.12 0.281951
162.13 0.270527
162.14 0.258761
162.15 0.247251
162.16 0.236678
162.17 0.227588
162.18 0.220372
162.19 0.215368
162.2 0.212815
162.21 0.212849
162.22 0.215633
162.23 0.221129
162.24 0.228974
162.25 0.23892
162.26 0.250662
162.27 0.263857
162.28 0.278152
162.29 0.293187
162.3 0.308507
162.31 0.323786
162.32 0.338737
162.33 0.353115
162.34 0.366722
162.35 0.379291
162.36 0.390804
162.37 0.401206
162.38 0.410459
162.39 0.418542
162.4 0.425439
162.41 0.431034
162.42 0.435342
162.43 0.43836
162.44 0.440016
162.45 0.440217
162.46 0.438849
162.47 0.435688
162.48 0.430543
162.49 0.423399
162.5 0.414139
162.51 0.402667
162.52 0.388925
162.53 0.372848
162.54 0.35431
162.55 0.333647
162.56 0.311028
162.57 0.286676
162.58 0.260866
162.59 0.233915
162.6 0.206126
162.61 0.177987
162.62 0.149876
162.63 0.122147
162.64 0.0951232
162.65 0.0690858
162.66 0.0443723
162.67 0.0211
162.68 -0.000709645
162.69 -0.0210583
162.7 -0.0400156
162.71 -0.0577131
162.72 -0.0742894
162.73 -0.0899893
162.74 -0.105132
162.75 -0.119966
162.76 -0.134724
162.77 -0.149606
162.78 -0.164774
162.79 -0.180359
162.8 -0.196338
162.81 -0.212651
162.82 -0.229165
162.83 -0.245681
162.84 -0.261946
162.85 -0.277563
162.86 -0.292228
162.87 -0.30561
162.88 -0.317392
162.89 -0.327288
162.9 -0.335063
162.91 -0.340351
162.92 -0.343164
162.93 -0.343612
162.94 -0.341802
162.95 -0.337925
162.96 -0.332251
162.97 -0.325055
162.98 -0.316764
162.99 -0.307884
163 -0.298824
163.01 -0.289966
163.02 -0.281648
163.03 -0.27416
163.04 -0.267774
163.05 -0.262461
163.06 -0.258169
163.07 -0.254735
163.08 -0.251895
163.09 -0.249289
163.1 -0.2464
163.11 -0.242697
163.12 -0.237654
163.13 -0.230744
163.14 -0.221475
163.15 -0.209415
163.16 -0.193937
163.17 -0.17494
163.18 -0.152479
163.19 -0.12663
163.2 -0.09762
163.21 -0.0658191
163.22 -0.0316484
163.23 0.00417393
163.24 0.0407507
163.25 0.0772721
163.26 0.112899
163.27 0.146795
163.28 0.178086
163.29 0.205718
163.3 0.229363
163.31 0.248566
163.32 0.263027
163.33 0.272608
163.34 0.277347
163.35 0.276958
163.36 0.272371
163.37 0.264159
163.38 0.252975
163.39 0.239556
163.4 0.224687
163.41 0.209184
163.42 0.193959
163.43 0.179743
163.44 0.167158
163.45 0.156714
163.46 0.148788
163.47 0.143767
163.48 0.141762
163.49 0.142485
163.5 0.145699
163.51 0.15105
163.52 0.15809
163.53 0.166314
163.54 0.17513
163.55 0.183865
163.56 0.191976
163.57 0.198973
163.58 0.20444
163.59 0.208057
163.6 0.209358
163.61 0.208483
163.62 0.20549
163.63 0.200537
163.64 0.193872
163.65 0.185826
163.66 0.17674
163.67 0.167145
163.68 0.157507
163.69 0.148236
163.7 0.139699
163.71 0.132199
163.72 0.126036
163.73 0.121362
163.74 0.118095
163.75 0.116138
163.76 0.115303
163.77 0.115315
163.78 0.115835
163.79 0.116418
163.8 0.116594
163.81 0.11593
163.82 0.114017
163.83 0.110481
163.84 0.105011
163.85 0.097097
163.86 0.0868284
163.87 0.0741829
163.88 0.059221
163.89 0.0420936
163.9 0.0230352
163.91 0.00224543
163.92 -0.0197756
163.93 -0.0425603
163.94 -0.0656817
163.95 -0.0887159
163.96 -0.111259
163.97 -0.132879
163.98 -0.153205
163.99 -0.172062
164 -0.189282
164.01 -0.204771
164.02 -0.218504
164.03 -0.230479
164.04 -0.2407
164.05 -0.249486
164.06 -0.257022
164.07 -0.26351
164.08 -0.269154
164.09 -0.274151
164.1 -0.278636
164.11 -0.282811
164.12 -0.286771
164.13 -0.290568
164.14 -0.294209
164.15 -0.29766
164.16 -0.300822
164.17 -0.303592
164.18 -0.305859
164.19 -0.307496
164.2 -0.308378
164.21 -0.308396
164.22 -0.307406
164.23 -0.305337
164.24 -0.302241
164.25 -0.298148
164.26 -0.293125
164.27 -0.287274
164.28 -0.280716
164.29 -0.273597
164.3 -0.266157
164.31 -0.258573
164.32 -0.251017
164.33 -0.243643
164.34 -0.236575
164.35 -0.229958
164.36 -0.223795
164.37 -0.218076
164.38 -0.21275
164.39 -0.20772
164.4 -0.202852
164.41 -0.197961
164.42 -0.192826
164.43 -0.18724
164.44 -0.180995
164.45 -0.173893
164.46 -0.165757
164.47 -0.156368
164.48 -0.145599
164.49 -0.13348
164.5 -0.120013
164.51 -0.105251
164.52 -0.0892995
164.53 -0.0722842
164.54 -0.0543683
164.55 -0.0358786
164.56 -0.0170672
164.57 0.00180229
164.58 0.0204646
164.59 0.0386625
164.6 0.0560477
164.61 0.0724696
164.62 0.0877567
164.63 0.101771
164.64 0.114412
164.65 0.125619
164.66 0.13524
164.67 0.143369
164.68 0.150099
164.69 0.155497
164.7 0.159645
164.71 0.162633
164.72 0.164503
164.73 0.165355
164.74 0.165343
164.75 0.164547
164.76 0.163035
164.77 0.160869
164.78 0.158085
164.79 0.154702
164.8 0.150821
164.81 0.146492
164.82 0.14177
164.83 0.136722
164.84 0.131425
164.85 0.125966
164.86 0.120479
164.87 0.115086
164.88 0.109916
164.89 0.105101
164.9 0.10077
164.91 0.0971087
164.92 0.0941979
164.93 0.0920899
164.94 0.0908251
164.95 0.0904051
164.96 0.090788
164.97 0.0919189
164.98 0.0936365
164.99 0.0957027
165 0.0978836
165.01 0.0999119
165.02 0.101495
165.03 0.102298
165.04 0.101901
165.05 0.10009
165.06 0.0966043
165.07 0.0912235
165.08 0.0837823
165.09 0.0741788
165.1 0.0621278
165.11 0.0479526
165.12 0.0318078
165.13 0.0139201
165.14 -0.00541137
165.15 -0.0258235
165.16 -0.0469169
165.17 -0.0681342
165.18 -0.0889713
165.19 -0.108941
165.2 -0.127572
165.21 -0.144421
165.22 -0.158947
165.23 -0.170759
165.24 -0.179759
165.25 -0.185787
165.26 -0.18877
165.27 -0.188722
165.28 -0.185663
165.29 -0.179625
165.3 -0.171144
165.31 -0.160534
165.32 -0.148153
165.33 -0.13438
165.34 -0.119605
165.35 -0.10418
165.36 -0.0885666
165.37 -0.07308
165.38 -0.0579869
165.39 -0.0434985
165.4 -0.0297664
165.41 -0.0169597
165.42 -0.00505453
165.43 0.00601481
165.44 0.0163316
165.45 0.0260147
165.46 0.0352074
165.47 0.044056
165.48 0.0527406
165.49 0.0614213
165.5 0.0702154
165.51 0.0792079
165.52 0.0884462
165.53 0.097943
165.54 0.107666
165.55 0.117504
165.56 0.127339
165.57 0.137022
165.58 0.146389
165.59 0.155269
165.6 0.163393
165.61 0.170675
165.62 0.176992
165.63 0.182259
165.64 0.186429
165.65 0.189504
165.66 0.191448
165.67 0.192439
165.68 0.192659
165.69 0.192292
165.7 0.191548
165.71 0.190649
165.72 0.189834
165.73 0.189346
165.74 0.189352
165.75 0.189983
165.76 0.19132
165.77 0.193378
165.78 0.196124
165.79 0.199444
165.8 0.203068
165.81 0.206719
165.82 0.210068
165.83 0.212739
165.84 0.214327
165.85 0.214179
165.86 0.212025
165.87 0.207482
165.88 0.200215
165.89 0.18995
165.9 0.176495
165.91 0.159451
165.92 0.139035
165.93 0.11549
165.94 0.0890633
165.95 0.0601093
165.96 0.0290778
165.97 -0.00355181
165.98 -0.0370711
165.99 -0.0707299
166 -0.103847
166.01 -0.135742
166.02 -0.165763
166.03 -0.193214
166.04 -0.217319
166.05 -0.2379
166.06 -0.254657
166.07 -0.267408
166.08 -0.276102
166.09 -0.280815
166.1 -0.281329
166.11 -0.278475
166.12 -0.272703
166.13 -0.264541
166.14 -0.254581
166.15 -0.243448
166.16 -0.231788
166.17 -0.220329
166.18 -0.209649
166.19 -0.200245
166.2 -0.192526
166.21 -0.186795
166.22 -0.183378
166.23 -0.182327
166.24 -0.183417
166.25 -0.186435
166.26 -0.191062
166.27 -0.196887
166.28 -0.203425
166.29 -0.210067
166.3 -0.216185
166.31 -0.221212
166.32 -0.224611
166.33 -0.225894
166.34 -0.224651
166.35 -0.220193
166.36 -0.212657
166.37 -0.201981
166.38 -0.188225
166.39 -0.171566
166.4 -0.152295
166.41 -0.13064
166.42 -0.107282
166.43 -0.0828328
166.44 -0.0578706
166.45 -0.0329822
166.46 -0.00873744
166.47 0.0142317
166.48 0.0353997
166.49 0.054484
166.5 0.071228
166.51 0.0854851
166.52 0.0972227
166.53 0.106451
166.54 0.113266
166.55 0.118192
166.56 0.121609
166.57 0.123952
166.58 0.125685
166.59 0.127278
166.6 0.12927
166.61 0.132058
166.62 0.135963
166.63 0.141216
166.64 0.147949
166.65 0.156179
166.66 0.165918
166.67 0.176823
166.68 0.18851
166.69 0.200549
166.7 0.21244
166.71 0.22364
166.72 0.233464
166.73 0.24127
166.74 0.246623
166.75 0.249073
166.76 0.248259
166.77 0.243931
166.78 0.235841
166.79 0.223806
166.8 0.208333
166.81 0.189733
166.82 0.168442
166.83 0.145
166.84 0.120035
166.85 0.094227
166.86 0.0684687
166.87 0.0434826
166.88 0.019956
166.89 -0.00148765
166.9 -0.020315
166.91 -0.0357947
166.92 -0.0478251
166.93 -0.05639
166.94 -0.0615358
166.95 -0.0634571
166.96 -0.0624878
166.97 -0.0589714
166.98 -0.0535871
166.99 -0.0471341
167 -0.0403167
167.01 -0.0338516
167.02 -0.0284363
167.03 -0.0247954
167.04 -0.0236926
167.05 -0.025402
167.06 -0.0302311
167.07 -0.0383468
167.08 -0.0497696
167.09 -0.0643806
167.1 -0.0822017
167.11 -0.102431
167.12 -0.124535
167.13 -0.147904
167.14 -0.171873
167.15 -0.195756
167.16 -0.218742
167.17 -0.240171
167.18 -0.259514
167.19 -0.276312
167.2 -0.290222
167.21 -0.301026
167.22 -0.308441
167.23 -0.312567
167.24 -0.313802
167.25 -0.312474
167.26 -0.309005
167.27 -0.30389
167.28 -0.297653
167.29 -0.290903
167.3 -0.284272
167.31 -0.278258
167.32 -0.273291
167.33 -0.269711
167.34 -0.267757
167.35 -0.267746
167.36 -0.269439
167.37 -0.272673
167.38 -0.277175
167.39 -0.282572
167.4 -0.288412
167.41 -0.294128
167.42 -0.299116
167.43 -0.30284
167.44 -0.304792
167.45 -0.304523
167.46 -0.301663
167.47 -0.295749
167.48 -0.286647
167.49 -0.274531
167.5 -0.259542
167.51 -0.241944
167.52 -0.222118
167.53 -0.200506
167.54 -0.177696
167.55 -0.154463
167.56 -0.131456
167.57 -0.10932
167.58 -0.0886632
167.59 -0.0700424
167.6 -0.0542434
167.61 -0.0413336
167.62 -0.0315035
167.63 -0.0248069
167.64 -0.0211581
167.65 -0.0203341
167.66 -0.022173
167.67 -0.0259629
167.68 -0.031056
167.69 -0.0368043
167.7 -0.0425219
167.71 -0.0475134
167.72 -0.0509685
167.73 -0.0521821
167.74 -0.0507076
167.75 -0.0461146
167.76 -0.0380902
167.77 -0.0264511
167.78 -0.0110266
167.79 0.00824581
167.8 0.0307895
167.81 0.0562264
167.82 0.084076
167.83 0.113775
167.84 0.144702
167.85 0.176177
167.86 0.207405
167.87 0.237741
167.88 0.266583
167.89 0.293399
167.9 0.317736
167.91 0.338945
167.92 0.356968
167.93 0.371771
167.94 0.383358
167.95 0.391833
167.96 0.397395
167.97 0.400175
167.98 0.400605
167.99 0.399228
168 0.396468
168.01 0.392751
168.02 0.388493
168.03 0.384085
168.04 0.379924
168.05 0.376289
168.06 0.373393
168.07 0.371383
168.08 0.37034
168.09 0.37029
168.1 0.37129
168.11 0.373128
168.12 0.375672
168.13 0.378764
168.14 0.382234
168.15 0.385905
168.16 0.3896
168.17 0.393146
168.18 0.396419
168.19 0.39932
168.2 0.401778
168.21 0.403749
168.22 0.405181
168.23 0.406083
168.24 0.4065
168.25 0.406455
168.26 0.405971
168.27 0.405059
168.28 0.403704
168.29 0.401854
168.3 0.399498
168.31 0.39656
168.32 0.392943
168.33 0.388529
168.34 0.383179
168.35 0.376616
168.36 0.368812
168.37 0.359637
168.38 0.348981
168.39 0.336766
168.4 0.322949
168.41 0.307382
168.42 0.290248
168.43 0.271706
168.44 0.251928
168.45 0.231136
168.46 0.209595
168.47 0.187605
168.48 0.165558
168.49 0.143826
168.5 0.122762
168.51 0.102703
168.52 0.0839626
168.53 0.0668822
168.54 0.0517976
168.55 0.0387176
168.56 0.0277223
168.57 0.0188214
168.58 0.0119532
168.59 0.00699805
168.6 0.00391571
168.61 0.00222757
168.62 0.00162837
168.63 0.00178401
168.64 0.00234531
168.65 0.00296227
168.66 0.00324003
168.67 0.0028603
168.68 0.00157449
168.69 -0.000821153
168.7 -0.00447069
168.71 -0.00945398
168.72 -0.0158722
168.73 -0.0236376
168.74 -0.0325501
168.75 -0.0424302
168.76 -0.0530569
168.77 -0.0641778
168.78 -0.0755185
168.79 -0.0867591
168.8 -0.0976169
168.81 -0.107845
168.82 -0.117228
168.83 -0.125587
168.84 -0.132782
168.85 -0.13859
168.86 -0.143126
168.87 -0.146414
168.88 -0.148522
168.89 -0.149555
168.9 -0.149644
168.91 -0.14888
168.92 -0.147504
168.93 -0.145697
168.94 -0.14361
168.95 -0.141376
168.96 -0.139107
168.97 -0.136894
168.98 -0.134796
168.99 -0.132826
169 -0.130978
169.01 -0.129222
169.02 -0.127514
169.03 -0.125801
169.04 -0.124019
169.05 -0.122125
169.06 -0.120094
169.07 -0.117919
169.08 -0.115621
169.09 -0.113251
169.1 -0.110903
169.11 -0.108699
169.12 -0.106778
169.13 -0.105295
169.14 -0.104416
169.15 -0.104304
169.16 -0.105221
169.17 -0.107242
169.18 -0.110441
169.19 -0.114873
169.2 -0.120542
169.21 -0.127403
169.22 -0.135414
169.23 -0.144364
169.24 -0.15397
169.25 -0.163957
169.26 -0.174013
169.27 -0.183797
169.28 -0.192916
169.29 -0.20092
169.3 -0.207526
169.31 -0.212428
169.32 -0.215361
169.33 -0.216113
169.34 -0.214519
169.35 -0.210251
169.36 -0.203594
169.37 -0.194642
169.38 -0.183563
169.39 -0.170589
169.4 -0.15601
169.41 -0.140073
169.42 -0.123295
169.43 -0.106097
169.44 -0.0888742
169.45 -0.0720081
169.46 -0.0558567
169.47 -0.0408327
169.48 -0.0272255
169.49 -0.0151836
169.5 -0.00485321
169.51 0.00367914
169.52 0.010385
169.53 0.0152228
169.54 0.018209
169.55 0.0196147
169.56 0.0195917
169.57 0.0183101
169.58 0.015949
169.59 0.0126805
169.6 0.0086191
169.61 0.0040116
169.62 -0.00101343
169.63 -0.00635088
169.64 -0.0119195
169.65 -0.0176608
169.66 -0.0235467
169.67 -0.0295426
169.68 -0.035634
169.69 -0.0418121
169.7 -0.0480654
169.71 -0.0543749
169.72 -0.060709
169.73 -0.0670137
169.74 -0.073225
169.75 -0.0792665
169.76 -0.0850516
169.77 -0.0904884
169.78 -0.0954639
169.79 -0.0998611
169.8 -0.103653
169.81 -0.1068
169.82 -0.109292
169.83 -0.111157
169.84 -0.112457
169.85 -0.113275
169.86 -0.113832
169.87 -0.11433
169.88 -0.114998
169.89 -0.116092
169.9 -0.117881
169.91 -0.120759
169.92 -0.124938
169.93 -0.130627
169.94 -0.138019
169.95 -0.14726
169.96 -0.158437
169.97 -0.171712
169.98 -0.186985
169.99 -0.204029
170 -0.222653
170.01 -0.242609
170.02 -0.263603
170.03 -0.285315
170.04 -0.307353
170.05 -0.329302
170.06 -0.350812
170.07 -0.371556
170.08 -0.391247
170.09 -0.409626
170.1 -0.426343
170.11 -0.441436
170.12 -0.454857
170.13 -0.466612
170.14 -0.47676
170.15 -0.485397
170.16 -0.492525
170.17 -0.498415
170.18 -0.503232
170.19 -0.5071
170.2 -0.510107
170.21 -0.512305
170.22 -0.513632
170.23 -0.514036
170.24 -0.513435
170.25 -0.511658
170.26 -0.508494
170.27 -0.503704
170.28 -0.496945
170.29 -0.487853
170.3 -0.476365
170.31 -0.462311
170.32 -0.445586
170.33 -0.426163
170.34 -0.404078
170.35 -0.379281
170.36 -0.352352
170.37 -0.323675
170.38 -0.293722
170.39 -0.263034
170.4 -0.232202
170.41 -0.201955
170.42 -0.172937
170.43 -0.145709
170.44 -0.120778
170.45 -0.0985579
170.46 -0.0793446
170.47 -0.0635297
170.48 -0.0510306
170.49 -0.041504
170.5 -0.0346118
170.51 -0.0298744
170.52 -0.0266884
170.53 -0.0243517
170.54 -0.0219747
170.55 -0.0186912
170.56 -0.0137077
170.57 -0.00628488
170.58 0.0042254
170.59 0.0183923
170.6 0.0369981
170.61 0.0597705
170.62 0.0866477
170.63 0.117368
170.64 0.151476
170.65 0.188338
170.66 0.227268
170.67 0.267066
170.68 0.30668
170.69 0.345067
170.7 0.381199
170.71 0.414115
170.72 0.442606
170.73 0.465986
170.74 0.483987
170.75 0.496347
170.76 0.503026
170.77 0.50421
170.78 0.500114
170.79 0.491287
170.8 0.478937
170.81 0.463992
170.82 0.447455
170.83 0.430352
170.84 0.413704
170.85 0.398674
170.86 0.385956
170.87 0.376143
170.88 0.369624
170.89 0.366569
170.9 0.366921
170.91 0.370666
170.92 0.376948
170.93 0.384984
170.94 0.393912
170.95 0.402774
170.96 0.410576
170.97 0.416112
170.98 0.4184
170.99 0.416788
171 0.410695
171.01 0.399751
171.02 0.383824
171.03 0.362837
171.04 0.337095
171.05 0.307652
171.06 0.275393
171.07 0.241373
171.08 0.206773
171.09 0.172868
171.1 0.141265
171.11 0.113056
171.12 0.0893122
171.13 0.0709306
171.14 0.0585914
171.15 0.0527234
171.16 0.0541562
171.17 0.0621148
171.18 0.0759953
171.19 0.0950534
171.2 0.118322
171.21 0.144656
171.22 0.172811
171.23 0.2012
171.24 0.228413
171.25 0.25319
171.26 0.274407
171.27 0.291122
171.28 0.302376
171.29 0.307501
171.3 0.306821
171.31 0.300536
171.32 0.289114
171.33 0.273277
171.34 0.253924
171.35 0.232086
171.36 0.209346
171.37 0.186966
171.38 0.166177
171.39 0.148124
171.4 0.133807
171.41 0.124573
171.42 0.120615
171.43 0.122104
171.44 0.129013
171.45 0.141048
171.46 0.157666
171.47 0.178307
171.48 0.20175
171.49 0.226705
171.5 0.251992
171.51 0.276421
171.52 0.298854
171.53 0.318081
171.54 0.332988
171.55 0.343193
171.56 0.348298
171.57 0.348145
171.58 0.342824
171.59 0.332599
171.6 0.317701
171.61 0.299405
171.62 0.278601
171.63 0.256256
171.64 0.233363
171.65 0.210889
171.66 0.189948
171.67 0.171247
171.68 0.155324
171.69 0.142545
171.7 0.133069
171.71 0.126842
171.72 0.123797
171.73 0.123313
171.74 0.124622
171.75 0.126983
171.76 0.129597
171.77 0.131651
171.78 0.132272
171.79 0.130613
171.8 0.126251
171.81 0.11882
171.82 0.108138
171.83 0.094226
171.84 0.0772666
171.85 0.0575121
171.86 0.0359065
171.87 0.0132099
171.88 -0.00972658
171.89 -0.0320056
171.9 -0.0527307
171.91 -0.0707199
171.92 -0.0853824
171.93 -0.0961906
171.94 -0.102759
171.95 -0.104907
171.96 -0.102669
171.97 -0.0960202
171.98 -0.0856489
171.99 -0.0724391
172 -0.0572352
172.01 -0.0409876
172.02 -0.0247067
172.03 -0.00950652
172.04 0.00343749
172.05 0.0133567
172.06 0.0195406
172.07 0.0214608
172.08 0.0187972
172.09 0.0113858
172.1 -0.000999339
172.11 -0.0174368
172.12 -0.0372998
172.13 -0.0597896
172.14 -0.083974
172.15 -0.108831
172.16 -0.133144
172.17 -0.155791
172.18 -0.175817
172.19 -0.19238
172.2 -0.204801
172.21 -0.21259
172.22 -0.215095
172.23 -0.21246
172.24 -0.20515
172.25 -0.193625
172.26 -0.178531
172.27 -0.160674
172.28 -0.140943
172.29 -0.120469
172.3 -0.100404
172.31 -0.0817403
172.32 -0.0653889
172.33 -0.0521434
172.34 -0.0427121
172.35 -0.0379663
172.36 -0.0377059
172.37 -0.0419351
172.38 -0.0504609
172.39 -0.0629092
172.4 -0.0787475
172.41 -0.0975268
172.42 -0.118148
172.43 -0.139767
172.44 -0.161578
172.45 -0.182819
172.46 -0.202807
172.47 -0.220793
172.48 -0.236365
172.49 -0.24937
172.5 -0.259735
172.51 -0.267547
172.52 -0.273045
172.53 -0.276531
172.54 -0.27853
172.55 -0.279752
172.56 -0.280805
172.57 -0.282292
172.58 -0.28478
172.59 -0.288804
172.6 -0.294973
172.61 -0.303367
172.62 -0.314097
172.63 -0.327126
172.64 -0.342276
172.65 -0.359232
172.66 -0.377648
172.67 -0.396789
172.68 -0.416016
172.69 -0.434674
172.7 -0.452109
172.71 -0.467694
172.72 -0.48064
172.73 -0.490498
172.74 -0.497046
172.75 -0.500077
172.76 -0.499525
172.77 -0.495463
172.78 -0.487959
172.79 -0.477335
172.8 -0.464297
172.81 -0.449387
172.82 -0.433202
172.83 -0.41636
172.84 -0.399485
172.85 -0.383275
172.86 -0.368225
172.87 -0.35475
172.88 -0.343163
172.89 -0.333662
172.9 -0.326322
172.91 -0.321311
172.92 -0.318224
172.93 -0.316739
172.94 -0.316472
172.95 -0.316972
172.96 -0.317743
172.97 -0.318203
172.98 -0.31777
172.99 -0.315968
173 -0.31236
173.01 -0.306571
173.02 -0.298305
173.03 -0.28722
173.04 -0.273131
173.05 -0.256247
173.06 -0.236667
173.07 -0.214576
173.08 -0.190233
173.09 -0.163929
173.1 -0.135949
173.11 -0.106888
173.12 -0.0771614
173.13 -0.0471779
173.14 -0.0173303
173.15 0.0120183
173.16 0.0404239
173.17 0.0676699
173.18 0.093558
173.19 0.117934
173.2 0.140698
173.21 0.161804
173.22 0.181127
173.23 0.198784
173.24 0.214935
173.25 0.2297
173.26 0.243216
173.27 0.255633
173.28 0.267073
173.29 0.277698
173.3 0.287727
173.31 0.2973
173.32 0.306547
173.33 0.31558
173.34 0.324495
173.35 0.333378
173.36 0.342295
173.37 0.351287
173.38 0.36038
173.39 0.369585
173.4 0.378899
173.41 0.388318
173.42 0.397802
173.43 0.407317
173.44 0.416821
173.45 0.426266
173.46 0.435601
173.47 0.444754
173.48 0.453665
173.49 0.462284
173.5 0.470553
173.51 0.478417
173.52 0.485818
173.53 0.492676
173.54 0.498917
173.55 0.504529
173.56 0.509462
173.57 0.513666
173.58 0.517091
173.59 0.519665
173.6 0.52125
173.61 0.521871
173.62 0.521461
173.63 0.519947
173.64 0.517252
173.65 0.513295
173.66 0.507837
173.67 0.50092
173.68 0.492482
173.69 0.482455
173.7 0.470786
173.71 0.457439
173.72 0.442268
173.73 0.425361
173.74 0.406847
173.75 0.38682
173.76 0.365411
173.77 0.342791
173.78 0.31913
173.79 0.294691
173.8 0.269818
173.81 0.244801
173.82 0.219941
173.83 0.195535
173.84 0.171887
173.85 0.149365
173.86 0.128095
173.87 0.108231
173.88 0.0898647
173.89 0.0730192
173.9 0.0576438
173.91 0.0437389
173.92 0.0309329
173.93 0.0189242
173.94 0.00736753
173.95 -0.0041271
173.96 -0.0159793
173.97 -0.0287203
173.98 -0.0427973
173.99 -0.0585616
174 -0.0763471
174.01 -0.0964171
174.02 -0.11895
174.03 -0.144153
174.04 -0.172027
174.05 -0.202223
174.06 -0.23446
174.07 -0.268355
174.08 -0.303436
174.09 -0.339151
174.1 -0.374811
174.11 -0.40972
174.12 -0.443232
174.13 -0.474726
174.14 -0.50363
174.15 -0.529442
174.16 -0.551328
174.17 -0.569336
174.18 -0.583354
174.19 -0.593363
174.2 -0.599468
174.21 -0.601891
174.22 -0.600726
174.23 -0.596601
174.24 -0.590147
174.25 -0.5819
174.26 -0.572405
174.27 -0.562189
174.28 -0.551748
174.29 -0.541555
174.3 -0.531923
174.31 -0.523054
174.32 -0.515035
174.33 -0.507837
174.34 -0.501334
174.35 -0.495278
174.36 -0.489258
174.37 -0.48287
174.38 -0.475676
174.39 -0.467228
174.4 -0.457097
174.41 -0.444629
174.42 -0.429703
174.43 -0.412136
174.44 -0.391837
174.45 -0.368827
174.46 -0.343248
174.47 -0.315198
174.48 -0.285204
174.49 -0.253829
174.5 -0.22161
174.51 -0.18912
174.52 -0.15694
174.53 -0.125711
174.54 -0.0960464
174.55 -0.0683026
174.56 -0.0428053
174.57 -0.0197663
174.58 0.000725021
174.59 0.0186548
174.6 0.0340371
174.61 0.0474223
174.62 0.059203
174.63 0.0698395
174.64 0.0798343
174.65 0.0897028
174.66 0.100038
174.67 0.111289
174.68 0.123807
174.69 0.137846
174.7 0.153543
174.71 0.170905
174.72 0.189915
174.73 0.210194
174.74 0.231281
174.75 0.252678
174.76 0.273815
174.77 0.294077
174.78 0.312722
174.79 0.329017
174.8 0.342531
174.81 0.352809
174.82 0.359507
174.83 0.362409
174.84 0.361358
174.85 0.356168
174.86 0.347484
174.87 0.335701
174.88 0.32133
174.89 0.304976
174.9 0.287306
174.91 0.269037
174.92 0.251008
174.93 0.233884
174.94 0.218258
174.95 0.204627
174.96 0.193372
174.97 0.184976
174.98 0.179421
174.99 0.176539
175 0.176133
175.01 0.177892
175.02 0.181406
175.03 0.186236
175.04 0.191784
175.05 0.197437
175.06 0.202685
175.07 0.207074
175.08 0.210223
175.09 0.211808
175.1 0.211519
175.11 0.209485
175.12 0.205796
175.13 0.200648
175.14 0.194331
175.15 0.187208
175.16 0.179697
175.17 0.172321
175.18 0.165506
175.19 0.159637
175.2 0.155036
175.21 0.151938
175.22 0.150619
175.23 0.151009
175.24 0.152922
175.25 0.156128
175.26 0.160297
175.27 0.165018
175.28 0.169799
175.29 0.174055
175.3 0.177286
175.31 0.179028
175.32 0.17888
175.33 0.176529
175.34 0.171709
175.35 0.164164
175.36 0.154224
175.37 0.142116
175.38 0.128193
175.39 0.112924
175.4 0.0968727
175.41 0.0807297
175.42 0.0652531
175.43 0.0511158
175.44 0.0389543
175.45 0.0293373
175.46 0.0227369
175.47 0.0198073
175.48 0.0205962
175.49 0.0249887
175.5 0.0328348
175.51 0.0438294
175.52 0.0575228
175.53 0.073415
175.54 0.0907251
175.55 0.10855
175.56 0.126088
175.57 0.142541
175.58 0.157145
175.59 0.169122
175.6 0.177573
175.61 0.182306
175.62 0.18301
175.63 0.179522
175.64 0.171828
175.65 0.160058
175.66 0.144084
175.67 0.124767
175.68 0.102631
175.69 0.0782424
175.7 0.0522033
175.71 0.0251243
175.72 -0.00239115
175.73 -0.0297083
175.74 -0.0563482
175.75 -0.0819283
175.76 -0.106158
175.77 -0.128846
175.78 -0.149801
175.79 -0.169011
175.8 -0.186674
175.81 -0.202941
175.82 -0.218001
175.83 -0.23207
175.84 -0.245352
175.85 -0.258037
175.86 -0.27036
175.87 -0.282443
175.88 -0.294357
175.89 -0.306116
175.9 -0.31768
175.91 -0.328911
175.92 -0.339691
175.93 -0.349854
175.94 -0.359219
175.95 -0.367609
175.96 -0.374862
175.97 -0.380731
175.98 -0.385185
175.99 -0.388245
176 -0.389943
176.01 -0.390366
176.02 -0.389654
176.03 -0.387953
176.04 -0.385515
176.05 -0.382648
176.06 -0.379599
176.07 -0.376601
176.08 -0.37386
176.09 -0.371549
176.1 -0.369813
176.11 -0.368629
176.12 -0.367943
176.13 -0.367629
176.14 -0.367495
176.15 -0.367288
176.16 -0.366625
176.17 -0.365181
176.18 -0.362611
176.19 -0.358579
176.2 -0.352779
176.21 -0.344953
176.22 -0.334706
176.23 -0.322037
176.24 -0.307022
176.25 -0.289749
176.26 -0.270402
176.27 -0.249248
176.28 -0.226572
176.29 -0.202843
176.3 -0.178609
176.31 -0.154346
176.32 -0.130527
176.33 -0.107597
176.34 -0.0860044
176.35 -0.0662351
176.36 -0.0483966
176.37 -0.0326352
176.38 -0.0190019
176.39 -0.0074522
176.4 0.0021491
176.41 0.00984935
176.42 0.0161702
176.43 0.0214672
176.44 0.0261166
176.45 0.0305031
176.46 0.0349996
176.47 0.0400161
176.48 0.0458546
176.49 0.052718
176.5 0.0607566
176.51 0.0700477
176.52 0.0805961
176.53 0.0923998
176.54 0.105318
176.55 0.119096
176.56 0.133529
176.57 0.148399
176.58 0.163494
176.59 0.178618
176.6 0.193587
176.61 0.208299
176.62 0.222707
176.63 0.236813
176.64 0.250675
176.65 0.264393
176.66 0.278119
176.67 0.292029
176.68 0.306283
176.69 0.321024
176.7 0.336363
176.71 0.352359
176.72 0.36906
176.73 0.386329
176.74 0.403964
176.75 0.421705
176.76 0.439214
176.77 0.45609
176.78 0.471784
176.79 0.485721
176.8 0.497478
176.81 0.506579
176.82 0.512594
176.83 0.515161
176.84 0.513904
176.85 0.5084
176.86 0.499004
176.87 0.48585
176.88 0.469206
176.89 0.449471
176.9 0.427155
176.91 0.402718
176.92 0.377151
176.93 0.351197
176.94 0.325598
176.95 0.301075
176.96 0.278287
176.97 0.258054
176.98 0.240743
176.99 0.226559
177 0.215631
177.01 0.207932
177.02 0.203273
177.03 0.201446
177.04 0.201896
177.05 0.203845
177.06 0.206606
177.07 0.20945
177.08 0.211639
177.09 0.212399
177.1 0.210868
177.11 0.206652
177.12 0.199345
177.13 0.188682
177.14 0.174555
177.15 0.157016
177.16 0.135937
177.17 0.112119
177.18 0.0860927
177.19 0.0584877
177.2 0.030005
177.21 0.001388
177.22 -0.0264892
177.23 -0.0528497
177.24 -0.077067
177.25 -0.0985833
177.26 -0.116954
177.27 -0.131866
177.28 -0.142927
177.29 -0.150113
177.3 -0.153798
177.31 -0.154252
177.32 -0.151855
177.33 -0.14707
177.34 -0.140386
177.35 -0.132354
177.36 -0.123698
177.37 -0.114947
177.38 -0.106578
177.39 -0.0989965
177.4 -0.092519
177.41 -0.0875387
177.42 -0.0840064
177.43 -0.0819093
177.44 -0.0811462
177.45 -0.0815374
177.46 -0.0828413
177.47 -0.0848019
177.48 -0.0870361
177.49 -0.0892223
177.5 -0.0910823
177.51 -0.0923799
177.52 -0.0929351
177.53 -0.09258
177.54 -0.0912755
177.55 -0.0891259
177.56 -0.0862483
177.57 -0.0828169
177.58 -0.0790505
177.59 -0.0752024
177.6 -0.0715782
177.61 -0.0684284
177.62 -0.0659703
177.63 -0.0643754
177.64 -0.063757
177.65 -0.0641604
177.66 -0.0656643
177.67 -0.0680201
177.68 -0.071032
177.69 -0.0744432
177.7 -0.077948
177.71 -0.0812071
177.72 -0.0837783
177.73 -0.0853047
177.74 -0.0854883
177.75 -0.0840587
177.76 -0.0808087
177.77 -0.0756083
177.78 -0.0682972
177.79 -0.0589469
177.8 -0.0478496
177.81 -0.0352648
177.82 -0.021532
177.83 -0.00705871
177.84 0.00768743
177.85 0.0221277
177.86 0.035736
177.87 0.0480156
177.88 0.0585015
177.89 0.0667783
177.9 0.0724954
177.91 0.075014
177.92 0.0744932
177.93 0.0708668
177.94 0.0641612
177.95 0.0544923
177.96 0.0420582
177.97 0.0269325
177.98 0.00964762
177.99 -0.00933793
178 -0.0296147
178.01 -0.0507638
178.02 -0.0723711
178.03 -0.094021
178.04 -0.115294
178.05 -0.135876
178.06 -0.155499
178.07 -0.173946
178.08 -0.191051
178.09 -0.20665
178.1 -0.220577
178.11 -0.232949
178.12 -0.243779
178.13 -0.253111
178.14 -0.261007
178.15 -0.267543
178.16 -0.272662
178.17 -0.27662
178.18 -0.27951
178.19 -0.281424
178.2 -0.282456
178.21 -0.282699
178.22 -0.282195
178.23 -0.281099
178.24 -0.279534
178.25 -0.277613
178.26 -0.275454
178.27 -0.273181
178.28 -0.270931
178.29 -0.268856
178.3 -0.267079
178.31 -0.265718
178.32 -0.264875
178.33 -0.264633
178.34 -0.265068
178.35 -0.266244
178.36 -0.268077
178.37 -0.270505
178.38 -0.273425
178.39 -0.276695
178.4 -0.280137
178.41 -0.283508
178.42 -0.286555
178.43 -0.289028
178.44 -0.290674
178.45 -0.29125
178.46 -0.290534
178.47 -0.288181
178.48 -0.284124
178.49 -0.278317
178.5 -0.270726
178.51 -0.261375
178.52 -0.250347
178.53 -0.237694
178.54 -0.223644
178.55 -0.208523
178.56 -0.192597
178.57 -0.176145
178.58 -0.15945
178.59 -0.142794
178.6 -0.126471
178.61 -0.110678
178.62 -0.0955704
178.63 -0.0812518
178.64 -0.0677699
178.65 -0.0551174
178.66 -0.0433085
178.67 -0.0321226
178.68 -0.0214017
178.69 -0.010963
178.7 -0.00061227
178.71 0.00984305
178.72 0.0206201
178.73 0.0318598
178.74 0.0436475
178.75 0.0560251
178.76 0.0689767
178.77 0.0824261
178.78 0.0962477
178.79 0.11021
178.8 0.124043
178.81 0.137464
178.82 0.150168
178.83 0.16185
178.84 0.172159
178.85 0.180707
178.86 0.187403
178.87 0.192097
178.88 0.194705
178.89 0.195224
178.9 0.193722
178.91 0.190166
178.92 0.185044
178.93 0.17867
178.94 0.171409
178.95 0.163665
178.96 0.155862
178.97 0.148499
178.98 0.142006
178.99 0.136735
179 0.132993
179.01 0.13102
179.02 0.130976
179.03 0.133063
179.04 0.137241
179.05 0.143266
179.06 0.150934
179.07 0.159964
179.08 0.17002
179.09 0.180723
179.1 0.191613
179.11 0.202214
179.12 0.212109
179.13 0.22091
179.14 0.228266
179.15 0.233875
179.16 0.237255
179.17 0.238473
179.18 0.237456
179.19 0.234207
179.2 0.228792
179.21 0.221346
179.22 0.211902
179.23 0.200853
179.24 0.188519
179.25 0.175193
179.26 0.161173
179.27 0.146754
179.28 0.13223
179.29 0.117902
179.3 0.103997
179.31 0.0907099
179.32 0.078197
179.33 0.0665793
179.34 0.0559772
179.35 0.0464996
179.36 0.0380708
179.37 0.0306747
179.38 0.0242712
179.39 0.0187991
179.4 0.0141821
179.41 0.0103986
179.42 0.00723891
179.43 0.00458001
179.44 0.00228885
179.45 0.000223349
179.46 -0.00176634
179.47 -0.00385948
179.48 -0.00623086
179.49 -0.00903915
179.5 -0.0124423
179.51 -0.0165902
179.52 -0.0216194
179.53 -0.0277178
179.54 -0.0349777
179.55 -0.04339
179.56 -0.0529627
179.57 -0.0636587
179.58 -0.0753918
179.59 -0.0880488
179.6 -0.101444
179.61 -0.115251
179.62 -0.129178
179.63 -0.142897
179.64 -0.156059
179.65 -0.168297
179.66 -0.179067
179.67 -0.188154
179.68 -0.195266
179.69 -0.200162
179.7 -0.202672
179.71 -0.2027
179.72 -0.200009
179.73 -0.194884
179.74 -0.187593
179.75 -0.178424
179.76 -0.167748
179.77 -0.155997
179.78 -0.143653
179.79 -0.131318
179.8 -0.119538
179.81 -0.108811
179.82 -0.0995899
179.83 -0.0922594
179.84 -0.0872038
179.85 -0.0847538
179.86 -0.0847656
179.87 -0.0871669
179.88 -0.0917642
179.89 -0.0982492
179.9 -0.106215
179.91 -0.1152
179.92 -0.124466
179.93 -0.133401
179.94 -0.141388
179.95 -0.147832
179.96 -0.152189
179.97 -0.153704
179.98 -0.152165
179.99 -0.147415
180 -0.139361
180.01 -0.128047
180.02 -0.113645
180.03 -0.0962964
180.04 -0.0765165
180.05 -0.054972
180.06 -0.0322347
180.07 -0.00890437
180.08 0.0144204
180.09 0.0371314
180.1 0.0586038
180.11 0.0784974
180.12 0.0965231
180.13 0.112513
180.14 0.126429
180.15 0.138348
180.16 0.148325
180.17 0.156931
180.18 0.164592
180.19 0.17179
180.2 0.179031
180.21 0.186823
180.22 0.195775
180.23 0.206258
180.24 0.218537
180.25 0.232791
180.26 0.249069
180.27 0.267289
180.28 0.287326
180.29 0.308741
180.3 0.330963
180.31 0.353426
180.32 0.375511
180.33 0.396573
180.34 0.415894
180.35 0.432693
180.36 0.446622
180.37 0.457293
180.38 0.464443
180.39 0.467952
180.4 0.46783
180.41 0.463926
180.42 0.457015
180.43 0.447577
180.44 0.436191
180.45 0.423501
180.46 0.410186
180.47 0.396994
180.48 0.384628
180.49 0.373631
180.5 0.36444
180.51 0.357365
180.52 0.352566
180.53 0.35019
180.54 0.350005
180.55 0.351549
180.56 0.354355
180.57 0.357855
180.58 0.361409
180.59 0.364293
180.6 0.365676
180.61 0.365003
180.62 0.361738
180.63 0.355463
180.64 0.345895
180.65 0.332888
180.66 0.31615
180.67 0.296334
180.68 0.273857
180.69 0.249271
180.7 0.223243
180.71 0.196518
180.72 0.169973
180.73 0.144483
180.74 0.120779
180.75 0.0995103
180.76 0.0812077
180.77 0.0662533
180.78 0.0551058
180.79 0.0477207
180.8 0.0437047
180.81 0.0426833
180.82 0.0441271
180.83 0.0473777
180.84 0.051687
180.85 0.056131
180.86 0.0598063
180.87 0.0619235
180.88 0.061771
180.89 0.0587512
180.9 0.0523832
180.91 0.0419865
180.92 0.0279005
180.93 0.0102659
180.94 -0.0105955
180.95 -0.0341971
180.96 -0.059912
180.97 -0.0870589
180.98 -0.114623
180.99 -0.14174
181 -0.167599
181.01 -0.191458
181.02 -0.212679
181.03 -0.230521
181.04 -0.244674
181.05 -0.255201
181.06 -0.262185
181.07 -0.265888
181.08 -0.266738
181.09 -0.265247
181.1 -0.26214
181.11 -0.258367
181.12 -0.254718
181.13 -0.25196
181.14 -0.250793
181.15 -0.251835
181.16 -0.255853
181.17 -0.262827
181.18 -0.272804
181.19 -0.285639
181.2 -0.300995
181.21 -0.318359
181.22 -0.337117
181.23 -0.356266
181.24 -0.374887
181.25 -0.392066
181.26 -0.406901
181.27 -0.418556
181.28 -0.425986
181.29 -0.428608
181.3 -0.426275
181.31 -0.418828
181.32 -0.406327
181.33 -0.389041
181.34 -0.367305
181.35 -0.34174
181.36 -0.313549
181.37 -0.28369
181.38 -0.253192
181.39 -0.2231
181.4 -0.194456
181.41 -0.168556
181.42 -0.14601
181.43 -0.127451
181.44 -0.113325
181.45 -0.103876
181.46 -0.0991366
181.47 -0.099348
181.48 -0.103702
181.49 -0.111511
181.5 -0.122046
181.51 -0.134482
181.52 -0.147934
181.53 -0.161447
181.54 -0.174024
181.55 -0.184892
181.56 -0.193391
181.57 -0.199005
181.58 -0.201383
181.59 -0.200218
181.6 -0.195404
181.61 -0.187455
181.62 -0.176761
181.63 -0.163846
181.64 -0.149339
181.65 -0.133936
181.66 -0.118445
181.67 -0.103671
181.68 -0.0902797
181.69 -0.078858
181.7 -0.06988
181.71 -0.0636887
181.72 -0.060786
181.73 -0.0609524
181.74 -0.0639762
181.75 -0.0695692
181.76 -0.0773222
181.77 -0.0867279
181.78 -0.0972384
181.79 -0.108119
181.8 -0.118697
181.81 -0.128381
181.82 -0.136642
181.83 -0.143034
181.84 -0.147118
181.85 -0.148559
181.86 -0.147483
181.87 -0.143957
181.88 -0.138168
181.89 -0.130411
181.9 -0.121055
181.91 -0.110496
181.92 -0.0993977
181.93 -0.0882628
181.94 -0.0775764
181.95 -0.0677804
181.96 -0.0592533
181.97 -0.0524717
181.98 -0.0475151
181.99 -0.0444231
182 -0.0431644
182.01 -0.0436099
182.02 -0.0455421
182.03 -0.0487289
182.04 -0.0527384
182.05 -0.0571224
182.06 -0.0614825
182.07 -0.0654332
182.08 -0.068622
182.09 -0.0706931
182.1 -0.0713363
182.11 -0.0705056
182.12 -0.0681501
182.13 -0.0643044
182.14 -0.0590847
182.15 -0.0526719
182.16 -0.0452653
182.17 -0.0373038
182.18 -0.0291267
182.19 -0.0210817
182.2 -0.0135074
182.21 -0.00671611
182.22 -0.00110787
182.23 0.00317689
182.24 0.00602963
182.25 0.00739392
182.26 0.00728844
182.27 0.00580529
182.28 0.00303414
182.29 -0.000735546
182.3 -0.00516342
182.31 -0.00993615
182.32 -0.0147229
182.33 -0.0191898
182.34 -0.0229751
182.35 -0.0257078
182.36 -0.0271973
182.37 -0.0272475
182.38 -0.0257189
182.39 -0.0225332
182.4 -0.0176561
182.41 -0.0109865
182.42 -0.00282741
182.43 0.00665191
182.44 0.0172401
182.45 0.0286929
182.46 0.0407423
182.47 0.0531099
182.48 0.0654527
182.49 0.0774902
182.5 0.0889632
182.51 0.099636
182.52 0.109301
182.53 0.117688
182.54 0.124669
182.55 0.130212
182.56 0.134257
182.57 0.136784
182.58 0.137801
182.59 0.137289
182.6 0.135274
182.61 0.131968
182.62 0.127484
182.63 0.121952
182.64 0.115514
182.65 0.108314
182.66 0.100474
182.67 0.0922379
182.68 0.0837695
182.69 0.0752332
182.7 0.0667894
182.71 0.0585923
182.72 0.0508422
182.73 0.0436525
182.74 0.0371311
182.75 0.0313759
182.76 0.0264646
182.77 0.0224525
182.78 0.0194389
182.79 0.0174022
182.8 0.0162685
182.81 0.0159832
182.82 0.0164665
182.83 0.0176163
182.84 0.0193272
182.85 0.0214532
182.86 0.023802
182.87 0.0262175
182.88 0.0285453
182.89 0.030638
182.9 0.0323549
182.91 0.0335216
182.92 0.034096
182.93 0.0340218
182.94 0.0332738
182.95 0.0318599
182.96 0.0298216
182.97 0.0271869
182.98 0.024126
182.99 0.0207881
183 0.0173353
183.01 0.0139466
183.02 0.0108123
183.03 0.00817666
183.04 0.00625053
183.05 0.00519642
183.06 0.00518562
183.07 0.00637055
183.08 0.00888054
183.09 0.0128839
183.1 0.0185121
183.11 0.0256862
183.12 0.034408
183.13 0.0446471
183.14 0.0563421
183.15 0.0694181
183.16 0.0838544
183.17 0.0993531
183.18 0.115738
183.19 0.132814
183.2 0.150367
183.21 0.168168
183.22 0.185952
183.23 0.203441
183.24 0.220381
183.25 0.236521
183.26 0.25161
183.27 0.26541
183.28 0.277565
183.29 0.287886
183.3 0.29627
183.31 0.302575
183.32 0.306694
183.33 0.308562
183.34 0.308061
183.35 0.305157
183.36 0.300119
183.37 0.293094
183.38 0.284277
183.39 0.273909
183.4 0.262263
183.41 0.249613
183.42 0.236441
183.43 0.223113
183.44 0.209996
183.45 0.197446
183.46 0.185799
183.47 0.175506
183.48 0.166731
183.49 0.159631
183.5 0.154315
183.51 0.15082
183.52 0.149105
183.53 0.149164
183.54 0.15072
183.55 0.15342
183.56 0.156936
183.57 0.160894
183.58 0.164893
183.59 0.168482
183.6 0.171168
183.61 0.172602
183.62 0.172446
183.63 0.170414
183.64 0.16629
183.65 0.159898
183.66 0.150973
183.67 0.139805
183.68 0.126527
183.69 0.11135
183.7 0.0945484
183.71 0.0764559
183.72 0.0573908
183.73 0.0378799
183.74 0.0183406
183.75 -0.0008383
183.76 -0.0192985
183.77 -0.0367269
183.78 -0.052755
183.79 -0.0672168
183.8 -0.080076
183.81 -0.0913096
183.82 -0.100965
183.83 -0.109156
183.84 -0.116001
183.85 -0.121715
183.86 -0.126642
183.87 -0.131038
183.88 -0.135155
183.89 -0.139222
183.9 -0.143443
183.91 -0.14801
183.92 -0.152989
183.93 -0.158404
183.94 -0.16422
183.95 -0.170349
183.96 -0.176648
183.97 -0.182914
183.98 -0.188908
183.99 -0.194404
184 -0.199178
184.01 -0.203022
184.02 -0.20576
184.03 -0.20716
184.04 -0.20718
184.05 -0.205875
184.06 -0.203304
184.07 -0.199591
184.08 -0.194913
184.09 -0.189476
184.1 -0.183571
184.11 -0.177539
184.12 -0.171671
184.13 -0.16624
184.14 -0.161492
184.15 -0.157643
184.16 -0.154934
184.17 -0.15332
184.18 -0.152775
184.19 -0.153195
184.2 -0.154402
184.21 -0.156147
184.22 -0.158108
184.23 -0.159868
184.24 -0.161035
184.25 -0.16122
184.26 -0.160044
184.27 -0.157165
184.28 -0.15212
184.29 -0.14473
184.3 -0.134968
184.31 -0.122808
184.32 -0.108323
184.33 -0.0916792
184.34 -0.0730658
184.35 -0.0528467
184.36 -0.0315922
184.37 -0.00978512
184.38 0.0120607
184.39 0.0334195
184.4 0.0537486
184.41 0.0723691
184.42 0.0889714
184.43 0.103197
184.44 0.114766
184.45 0.123486
184.46 0.129256
184.47 0.131755
184.48 0.131367
184.49 0.128313
184.5 0.122842
184.51 0.115255
184.52 0.105894
184.53 0.0950432
184.54 0.083175
184.55 0.0707085
184.56 0.0579797
184.57 0.0452901
184.58 0.0328993
184.59 0.0210521
184.6 0.00994675
184.61 -0.000356107
184.62 -0.0097992
184.63 -0.0183634
184.64 -0.0260608
184.65 -0.032913
184.66 -0.0389102
184.67 -0.0441965
184.68 -0.0488292
184.69 -0.0528599
184.7 -0.0563312
184.71 -0.0592759
184.72 -0.0616656
184.73 -0.063567
184.74 -0.0650026
184.75 -0.0659932
184.76 -0.0665701
184.77 -0.0667806
184.78 -0.0666776
184.79 -0.0663823
184.8 -0.0660344
184.81 -0.0657869
184.82 -0.0658148
184.83 -0.0663103
184.84 -0.0675166
184.85 -0.0696851
184.86 -0.0729466
184.87 -0.0774558
184.88 -0.0833281
184.89 -0.0906277
184.9 -0.0993831
184.91 -0.10963
184.92 -0.121063
184.93 -0.133454
184.94 -0.146504
184.95 -0.159853
184.96 -0.173092
184.97 -0.185664
184.98 -0.197111
184.99 -0.206983
185 -0.214852
185.01 -0.220339
185.02 -0.223132
185.03 -0.222764
185.04 -0.219214
185.05 -0.212622
185.06 -0.203115
185.07 -0.190935
185.08 -0.176429
185.09 -0.159974
185.1 -0.142148
185.11 -0.123671
185.12 -0.10516
185.13 -0.0872297
185.14 -0.0704706
185.15 -0.0554606
185.16 -0.0428921
185.17 -0.0329109
185.18 -0.0257311
185.19 -0.0214389
185.2 -0.0199886
185.21 -0.0212043
185.22 -0.0250017
185.23 -0.0306784
185.24 -0.0376872
185.25 -0.0454481
185.26 -0.0533464
185.27 -0.0607612
185.28 -0.0669605
185.29 -0.0713682
185.3 -0.0735783
185.31 -0.0732336
185.32 -0.070089
185.33 -0.0640198
185.34 -0.0548871
185.35 -0.0427827
185.36 -0.0281779
185.37 -0.0114259
185.38 0.00704657
185.39 0.0267623
185.4 0.0472203
185.41 0.0678689
185.42 0.0881692
185.43 0.107697
185.44 0.126098
185.45 0.143094
185.46 0.158502
185.47 0.17204
185.48 0.183891
185.49 0.194174
185.5 0.203058
185.51 0.210761
185.52 0.217536
185.53 0.223611
185.54 0.229296
185.55 0.234832
185.56 0.240381
185.57 0.246047
185.58 0.251861
185.59 0.257782
185.6 0.263669
185.61 0.26932
185.62 0.274493
185.63 0.278908
185.64 0.282275
185.65 0.284273
185.66 0.284484
185.67 0.282852
185.68 0.279248
185.69 0.273627
185.7 0.266035
185.71 0.256613
185.72 0.245458
185.73 0.233102
185.74 0.219981
185.75 0.206562
185.76 0.193349
185.77 0.18085
185.78 0.16969
185.79 0.160318
185.8 0.153041
185.81 0.148122
185.82 0.145718
185.83 0.145866
185.84 0.148595
185.85 0.153699
185.86 0.160656
185.87 0.16903
185.88 0.178313
185.89 0.187948
185.9 0.197344
185.91 0.205802
185.92 0.212847
185.93 0.21804
185.94 0.221037
185.95 0.221608
185.96 0.219645
185.97 0.214903
185.98 0.207826
185.99 0.198737
186 0.188029
186.01 0.176173
186.02 0.163689
186.03 0.151155
186.04 0.139172
186.05 0.128213
186.06 0.118673
186.07 0.110848
186.08 0.104916
186.09 0.101019
186.1 0.0990701
186.11 0.0986749
186.12 0.099457
186.13 0.100939
186.14 0.102567
186.15 0.103715
186.16 0.103597
186.17 0.10168
186.18 0.0974308
186.19 0.0904072
186.2 0.0802803
186.21 0.0668556
186.22 0.0497238
186.23 0.02938
186.24 0.00615754
186.25 -0.0195028
186.26 -0.0470409
186.27 -0.0758024
186.28 -0.105046
186.29 -0.133899
186.3 -0.161609
186.31 -0.187491
186.32 -0.210944
186.33 -0.231475
186.34 -0.248544
186.35 -0.261873
186.36 -0.271685
186.37 -0.278129
186.38 -0.281496
186.39 -0.282204
186.4 -0.280742
186.41 -0.277665
186.42 -0.273812
186.43 -0.26981
186.44 -0.266244
186.45 -0.263623
186.46 -0.262355
186.47 -0.262922
186.48 -0.26528
186.49 -0.269364
186.5 -0.274976
186.51 -0.281788
186.52 -0.289351
186.53 -0.297096
186.54 -0.304331
186.55 -0.310432
186.56 -0.314801
186.57 -0.3169
186.58 -0.316285
186.59 -0.312458
186.6 -0.305179
186.61 -0.294681
186.62 -0.28115
186.63 -0.264929
186.64 -0.246506
186.65 -0.226477
186.66 -0.205586
186.67 -0.184757
186.68 -0.164776
186.69 -0.146401
186.7 -0.130318
186.71 -0.117108
186.72 -0.107619
186.73 -0.101769
186.74 -0.0995718
186.75 -0.100876
186.76 -0.105345
186.77 -0.112467
186.78 -0.121681
186.79 -0.131994
186.8 -0.142454
186.81 -0.152156
186.82 -0.160212
186.83 -0.165795
186.84 -0.167977
186.85 -0.166057
186.86 -0.159904
186.87 -0.149362
186.88 -0.134484
186.89 -0.115533
186.9 -0.0929056
186.91 -0.0671296
186.92 -0.0393806
186.93 -0.0105908
186.94 0.0182491
186.95 0.0461365
186.96 0.0721034
186.97 0.0948539
186.98 0.113877
186.99 0.128638
187 0.138779
187.01 0.144146
187.02 0.144804
187.03 0.140698
187.04 0.132599
187.05 0.121358
187.06 0.107787
187.07 0.0927877
187.08 0.0773001
187.09 0.0623365
187.1 0.0489267
187.11 0.0377862
187.12 0.029528
187.13 0.0245926
187.14 0.023228
187.15 0.0255595
187.16 0.0316338
187.17 0.0406898
187.18 0.0521519
187.19 0.0653065
187.2 0.0793392
187.21 0.0933756
187.22 0.106324
187.23 0.117345
187.24 0.125686
187.25 0.13071
187.26 0.131931
187.27 0.12904
187.28 0.121568
187.29 0.109839
187.3 0.0943282
187.31 0.0755244
187.32 0.0540611
187.33 0.0306848
187.34 0.00620851
187.35 -0.0183774
187.36 -0.0421672
187.37 -0.0643777
187.38 -0.0843205
187.39 -0.101433
187.4 -0.115218
187.41 -0.125166
187.42 -0.131578
187.43 -0.134604
187.44 -0.134552
187.45 -0.131868
187.46 -0.127111
187.47 -0.120832
187.48 -0.113941
187.49 -0.107128
187.5 -0.101033
187.51 -0.0962244
187.52 -0.0931647
187.53 -0.0923867
187.54 -0.0939812
187.55 -0.0978717
187.56 -0.103909
187.57 -0.111807
187.58 -0.121153
187.59 -0.131457
187.6 -0.142046
187.61 -0.152241
187.62 -0.161424
187.63 -0.169015
187.64 -0.174503
187.65 -0.1774
187.66 -0.177179
187.67 -0.173959
187.68 -0.167749
187.69 -0.158695
187.7 -0.147073
187.71 -0.133273
187.72 -0.117644
187.73 -0.10099
187.74 -0.0839109
187.75 -0.0669998
187.76 -0.0508172
187.77 -0.0358653
187.78 -0.0227328
187.79 -0.0116736
187.8 -0.00279122
187.81 0.00387546
187.82 0.00841125
187.83 0.0110171
187.84 0.0119289
187.85 0.0115932
187.86 0.0105732
187.87 0.00935463
187.88 0.00842213
187.89 0.00823228
187.9 0.00922709
187.91 0.0118715
187.92 0.0162557
187.93 0.0224802
187.94 0.0305338
187.95 0.0402962
187.96 0.0515445
187.97 0.0640589
187.98 0.0772754
187.99 0.0907464
188 0.104012
188.01 0.116618
188.02 0.128142
188.03 0.138065
188.04 0.146144
188.05 0.152254
188.06 0.156317
188.07 0.158362
188.08 0.158519
188.09 0.156937
188.1 0.153967
188.11 0.150099
188.12 0.145752
188.13 0.141358
188.14 0.13734
188.15 0.134114
188.16 0.132128
188.17 0.131539
188.18 0.132495
188.19 0.135046
188.2 0.139144
188.21 0.144643
188.22 0.151409
188.23 0.158956
188.24 0.1669
188.25 0.174826
188.26 0.182314
188.27 0.188952
188.28 0.194229
188.29 0.197862
188.3 0.199668
188.31 0.19951
188.32 0.197345
188.33 0.193228
188.34 0.187219
188.35 0.17959
188.36 0.170781
188.37 0.16117
188.38 0.151167
188.39 0.14119
188.4 0.131674
188.41 0.123098
188.42 0.115722
188.43 0.109787
188.44 0.10545
188.45 0.102779
188.46 0.101753
188.47 0.102419
188.48 0.104377
188.49 0.107342
188.5 0.110987
188.51 0.114952
188.52 0.118867
188.53 0.122298
188.54 0.124897
188.55 0.126399
188.56 0.126592
188.57 0.125334
188.58 0.122561
188.59 0.118215
188.6 0.112411
188.61 0.105434
188.62 0.0975315
188.63 0.0889963
188.64 0.0801486
188.65 0.0713303
188.66 0.0629318
188.67 0.0552377
188.68 0.048498
188.69 0.0429085
188.7 0.0386027
188.71 0.0356463
188.72 0.0341878
188.73 0.0339828
188.74 0.0348837
188.75 0.0366994
188.76 0.0392047
188.77 0.0421537
188.78 0.0452896
188.79 0.0483311
188.8 0.0510618
188.81 0.0533079
188.82 0.0549411
188.83 0.0558845
188.84 0.0560745
188.85 0.0555482
188.86 0.0544385
188.87 0.0528696
188.88 0.0509915
188.89 0.0489683
188.9 0.04697
188.91 0.0451782
188.92 0.0437067
188.93 0.0426362
188.94 0.0420016
188.95 0.0417882
188.96 0.0419304
188.97 0.0423235
188.98 0.0427588
188.99 0.0430366
189 0.042939
189.01 0.0422432
189.02 0.0407361
189.03 0.0381273
189.04 0.0343147
189.05 0.0292517
189.06 0.0229229
189.07 0.0153833
189.08 0.00675996
189.09 -0.00278526
189.1 -0.0129409
189.11 -0.0233241
189.12 -0.0335684
189.13 -0.0432885
189.14 -0.0520981
189.15 -0.059583
189.16 -0.0652738
189.17 -0.0690431
189.18 -0.0707167
189.19 -0.0702098
189.2 -0.0675348
189.21 -0.062805
189.22 -0.0560488
189.23 -0.0478363
189.24 -0.0385772
189.25 -0.0287384
189.26 -0.0188272
189.27 -0.00936831
189.28 -0.00101298
189.29 0.00575339
189.3 0.0105489
189.31 0.0130393
189.32 0.0129872
189.33 0.0102649
189.34 0.00470844
189.35 -0.00354386
189.36 -0.0140721
189.37 -0.0265201
189.38 -0.0404454
189.39 -0.055339
189.4 -0.0706423
189.41 -0.0856953
189.42 -0.0999139
189.43 -0.112784
189.44 -0.123856
189.45 -0.132767
189.46 -0.139254
189.47 -0.142854
189.48 -0.143867
189.49 -0.142418
189.5 -0.13874
189.51 -0.133163
189.52 -0.126101
189.53 -0.117979
189.54 -0.109431
189.55 -0.101002
189.56 -0.0931787
189.57 -0.0864014
189.58 -0.0810385
189.59 -0.077482
189.6 -0.0759189
189.61 -0.0762729
189.62 -0.0784585
189.63 -0.0822798
189.64 -0.08744
189.65 -0.0935709
189.66 -0.100185
189.67 -0.106702
189.68 -0.11261
189.69 -0.117413
189.7 -0.120653
189.71 -0.121936
189.72 -0.120649
189.73 -0.116856
189.74 -0.110487
189.75 -0.101588
189.76 -0.0903175
189.77 -0.0769437
189.78 -0.061711
189.79 -0.0452324
189.8 -0.0280681
189.81 -0.0107538
189.82 0.0061731
189.83 0.0221979
189.84 0.036743
189.85 0.0493558
189.86 0.0598344
189.87 0.0679901
189.88 0.0737414
189.89 0.0771155
189.9 0.0781827
189.91 0.077093
189.92 0.0743764
189.93 0.0704202
189.94 0.0656486
189.95 0.0605005
189.96 0.0554068
189.97 0.0508656
189.98 0.0471909
189.99 0.0446423
190 0.0433948
190.01 0.0435314
190.02 0.0450409
190.03 0.0479177
190.04 0.0518562
190.05 0.0565383
190.06 0.0616303
190.07 0.0667648
190.08 0.0715606
190.09 0.0755781
190.1 0.0784251
190.11 0.0798673
190.12 0.0796926
190.13 0.0777692
190.14 0.0740529
190.15 0.0685404
190.16 0.0613042
190.17 0.0527413
190.18 0.0431603
190.19 0.0329227
190.2 0.0224245
190.21 0.0120769
190.22 0.00239712
190.23 -0.00627708
190.24 -0.0136307
190.25 -0.0194161
190.26 -0.0234658
190.27 -0.025701
190.28 -0.0259802
190.29 -0.0245547
190.3 -0.0216956
190.31 -0.0176968
190.32 -0.0129126
190.33 -0.00774123
190.34 -0.00263547
190.35 0.00191224
190.36 0.00550767
190.37 0.00779324
190.38 0.00847135
190.39 0.00731883
190.4 0.00413349
190.41 -0.00123885
190.42 -0.00854401
190.43 -0.0176147
190.44 -0.0282002
190.45 -0.0399781
190.46 -0.0525692
190.47 -0.065546
190.48 -0.078379
190.49 -0.0906313
190.5 -0.101891
190.51 -0.111789
190.52 -0.120015
190.53 -0.126138
190.54 -0.130124
190.55 -0.131984
190.56 -0.131767
190.57 -0.129604
190.58 -0.125707
190.59 -0.120288
190.6 -0.113747
190.61 -0.106551
190.62 -0.0990984
190.63 -0.091789
190.64 -0.0850058
190.65 -0.0791385
190.66 -0.0745927
190.67 -0.0715134
190.68 -0.0700616
190.69 -0.0703265
190.7 -0.0723247
190.71 -0.0760067
190.72 -0.0814149
190.73 -0.0881619
190.74 -0.096015
190.75 -0.10471
190.76 -0.113965
190.77 -0.123491
190.78 -0.132978
190.79 -0.142134
190.8 -0.150731
190.81 -0.158576
190.82 -0.165518
190.83 -0.171449
190.84 -0.176236
190.85 -0.179865
190.86 -0.182425
190.87 -0.183974
190.88 -0.184592
190.89 -0.184377
190.9 -0.183419
190.91 -0.181809
190.92 -0.179714
190.93 -0.177229
190.94 -0.174436
190.95 -0.171401
190.96 -0.168172
190.97 -0.164769
190.98 -0.161233
190.99 -0.157573
191 -0.153795
191.01 -0.149904
191.02 -0.145911
191.03 -0.141827
191.04 -0.137696
191.05 -0.133564
191.06 -0.129495
191.07 -0.125563
191.08 -0.121856
191.09 -0.118496
191.1 -0.115596
191.11 -0.113232
191.12 -0.111491
191.13 -0.110444
191.14 -0.110139
191.15 -0.110624
191.16 -0.111922
191.17 -0.11391
191.18 -0.116496
191.19 -0.119551
191.2 -0.12291
191.21 -0.126379
191.22 -0.129698
191.23 -0.132618
191.24 -0.134894
191.25 -0.136281
191.26 -0.136548
191.27 -0.135486
191.28 -0.132761
191.29 -0.128329
191.3 -0.122153
191.31 -0.114209
191.32 -0.104527
191.33 -0.093195
191.34 -0.0802709
191.35 -0.0659985
191.36 -0.0507124
191.37 -0.0346984
191.38 -0.018268
191.39 -0.00174806
191.4 0.0145105
191.41 0.0301113
191.42 0.0447843
191.43 0.0582662
191.44 0.0703361
191.45 0.0808231
191.46 0.0896048
191.47 0.0964302
191.48 0.101526
191.49 0.10498
191.5 0.106936
191.51 0.107592
191.52 0.107192
191.53 0.105973
191.54 0.104336
191.55 0.102627
191.56 0.101171
191.57 0.100284
191.58 0.10026
191.59 0.101448
191.6 0.104083
191.61 0.108253
191.62 0.114053
191.63 0.121519
191.64 0.130621
191.65 0.141317
191.66 0.153496
191.67 0.166805
191.68 0.180976
191.69 0.195702
191.7 0.210649
191.71 0.225462
191.72 0.239686
191.73 0.252996
191.74 0.265068
191.75 0.275608
191.76 0.284366
191.77 0.29114
191.78 0.295578
191.79 0.297754
191.8 0.297727
191.81 0.295572
191.82 0.291424
191.83 0.285481
191.84 0.277911
191.85 0.269076
191.86 0.259396
191.87 0.249228
191.88 0.238934
191.89 0.22887
191.9 0.219406
191.91 0.210932
191.92 0.203643
191.93 0.197739
191.94 0.193354
191.95 0.19056
191.96 0.189369
191.97 0.189869
191.98 0.191729
191.99 0.194747
192 0.198672
192.01 0.203216
192.02 0.208064
192.03 0.212855
192.04 0.217226
192.05 0.220875
192.06 0.223526
192.07 0.224946
192.08 0.224955
192.09 0.223321
192.1 0.220007
192.11 0.215119
192.12 0.208746
192.13 0.201032
192.14 0.192176
192.15 0.182395
192.16 0.17197
192.17 0.161267
192.18 0.150579
192.19 0.140187
192.2 0.130346
192.21 0.121282
192.22 0.113287
192.23 0.106371
192.24 0.100581
192.25 0.0959011
192.26 0.0922594
192.27 0.0895303
192.28 0.0875935
192.29 0.0861564
192.3 0.084964
192.31 0.0837701
192.32 0.0823333
192.33 0.0804292
192.34 0.0778075
192.35 0.074306
192.36 0.0698704
192.37 0.0644645
192.38 0.0581091
192.39 0.050882
192.4 0.0428933
192.41 0.0343244
192.42 0.0254586
192.43 0.0165412
192.44 0.00782754
192.45 -0.000430519
192.46 -0.00799126
192.47 -0.0145307
192.48 -0.0199804
192.49 -0.0242388
192.5 -0.027261
192.51 -0.0290619
192.52 -0.0297152
192.53 -0.0292688
192.54 -0.0280068
192.55 -0.0261809
192.56 -0.0240441
192.57 -0.0218619
192.58 -0.0198975
192.59 -0.0184463
192.6 -0.0177482
192.61 -0.0179418
192.62 -0.0191409
192.63 -0.0214015
192.64 -0.0247194
192.65 -0.0290623
192.66 -0.0343248
192.67 -0.0402425
192.68 -0.0465969
192.69 -0.0531463
192.7 -0.0596393
192.71 -0.0658254
192.72 -0.0713979
192.73 -0.0762164
192.74 -0.0801498
192.75 -0.0831248
192.76 -0.0851321
192.77 -0.0862285
192.78 -0.0864765
192.79 -0.0861502
192.8 -0.0855135
192.81 -0.0848488
192.82 -0.0844596
192.83 -0.0846548
192.84 -0.0858101
192.85 -0.0882125
192.86 -0.092018
192.87 -0.097368
192.88 -0.104329
192.89 -0.112886
192.9 -0.122989
192.91 -0.134472
192.92 -0.146929
192.93 -0.160007
192.94 -0.173304
192.95 -0.186381
192.96 -0.198772
192.97 -0.209854
192.98 -0.2193
192.99 -0.226745
193 -0.231893
193.01 -0.234531
193.02 -0.234541
193.03 -0.23165
193.04 -0.226179
193.05 -0.218398
193.06 -0.208614
193.07 -0.197208
193.08 -0.184622
193.09 -0.171332
193.1 -0.157932
193.11 -0.144954
193.12 -0.132867
193.13 -0.122086
193.14 -0.112962
193.15 -0.105839
193.16 -0.100987
193.17 -0.0982822
193.18 -0.0976592
193.19 -0.0989557
193.2 -0.10192
193.21 -0.106234
193.22 -0.111555
193.23 -0.117306
193.24 -0.123042
193.25 -0.128324
193.26 -0.132742
193.27 -0.135935
193.28 -0.137427
193.29 -0.137107
193.3 -0.134894
193.31 -0.130764
193.32 -0.124782
193.33 -0.117094
193.34 -0.107835
193.35 -0.0973609
193.36 -0.0860778
193.37 -0.0743389
193.38 -0.0625003
193.39 -0.0509036
193.4 -0.039893
193.41 -0.0297996
193.42 -0.0207651
193.43 -0.0129148
193.44 -0.0063044
193.45 -0.000921369
193.46 0.00330188
193.47 0.0064176
193.48 0.00874265
193.49 0.010496
193.5 0.0119111
193.51 0.0132205
193.52 0.0146424
193.53 0.0164132
193.54 0.0186686
193.55 0.0214909
193.56 0.0249155
193.57 0.0289234
193.58 0.033443
193.59 0.0383719
193.6 0.043516
193.61 0.048665
193.62 0.0536157
193.63 0.0581653
193.64 0.062125
193.65 0.065296
193.66 0.067503
193.67 0.0687406
193.68 0.0689909
193.69 0.0682879
193.7 0.0667158
193.71 0.0643986
193.72 0.0614706
193.73 0.0582114
193.74 0.0548333
193.75 0.0515469
193.76 0.0485487
193.77 0.0460084
193.78 0.0441266
193.79 0.0429404
193.8 0.0424546
193.81 0.0426301
193.82 0.0433736
193.83 0.0445421
193.84 0.0459519
193.85 0.0473458
193.86 0.0484761
193.87 0.049106
193.88 0.0490139
193.89 0.0480075
193.9 0.0458894
193.91 0.0425129
193.92 0.037951
193.93 0.0322572
193.94 0.0255532
193.95 0.0180259
193.96 0.00991686
193.97 0.00153078
193.98 -0.00674214
193.99 -0.0145572
194 -0.0215746
194.01 -0.0274763
194.02 -0.0319837
194.03 -0.0346911
194.04 -0.0355711
194.05 -0.034599
194.06 -0.0318016
194.07 -0.0272891
194.08 -0.0212521
194.09 -0.0138865
194.1 -0.0055987
194.11 0.00317443
194.12 0.0120354
194.13 0.0205853
194.14 0.0284429
194.15 0.0352085
194.16 0.0405098
194.17 0.044237
194.18 0.0462764
194.19 0.0466037
194.2 0.0452852
194.21 0.0424606
194.22 0.0382776
194.23 0.0332137
194.24 0.0276325
194.25 0.0219248
194.26 0.0164885
194.27 0.0117072
194.28 0.008064
194.29 0.00579121
194.3 0.00507256
194.31 0.00602662
194.32 0.00868026
194.33 0.0129667
194.34 0.0188163
194.35 0.0259047
194.36 0.0338309
194.37 0.0422148
194.38 0.0506466
194.39 0.058707
194.4 0.0659405
194.41 0.0718855
194.42 0.0763112
194.43 0.0789957
194.44 0.0798052
194.45 0.0787018
194.46 0.0757259
194.47 0.0709009
194.48 0.0646962
194.49 0.0574525
194.5 0.0495646
194.51 0.0414609
194.52 0.0335819
194.53 0.0264646
194.54 0.0204818
194.55 0.0159374
194.56 0.0130685
194.57 0.0120182
194.58 0.0128267
194.59 0.0155451
194.6 0.0199138
194.61 0.0255497
194.62 0.0320734
194.63 0.0390415
194.64 0.045967
194.65 0.0522968
194.66 0.0574213
194.67 0.0609334
194.68 0.0624363
194.69 0.0616149
194.7 0.0582518
194.71 0.0522063
194.72 0.0432506
194.73 0.0318356
194.74 0.0182334
194.75 0.00281626
194.76 -0.0139606
194.77 -0.0315785
194.78 -0.0494475
194.79 -0.0669072
194.8 -0.0834018
194.81 -0.0984241
194.82 -0.111535
194.83 -0.122384
194.84 -0.130526
194.85 -0.135896
194.86 -0.138635
194.87 -0.13888
194.88 -0.136882
194.89 -0.132986
194.9 -0.127576
194.91 -0.121183
194.92 -0.11444
194.93 -0.107876
194.94 -0.101993
194.95 -0.0972482
194.96 -0.094052
194.97 -0.0929007
194.98 -0.0937855
194.99 -0.0967562
195 -0.101747
195.01 -0.108578
195.02 -0.116965
195.03 -0.126607
195.04 -0.136888
195.05 -0.147273
195.06 -0.157224
195.07 -0.166203
195.08 -0.173697
195.09 -0.179068
195.1 -0.181931
195.11 -0.182101
195.12 -0.179404
195.13 -0.173774
195.14 -0.165261
195.15 -0.153918
195.16 -0.139985
195.17 -0.124052
195.18 -0.106573
195.19 -0.0880557
195.2 -0.0690394
195.21 -0.0500811
195.22 -0.0318362
195.23 -0.0147748
195.24 0.000675787
195.25 0.0141633
195.26 0.0254235
195.27 0.0342888
195.28 0.0404377
195.29 0.0441468
195.3 0.0456149
195.31 0.0450868
195.32 0.0428814
195.33 0.0393765
195.34 0.0349616
195.35 0.0301723
195.36 0.0254942
195.37 0.0213566
195.38 0.0181541
195.39 0.0162314
195.4 0.0159511
195.41 0.0176003
195.42 0.0211653
195.43 0.0266743
195.44 0.0340757
195.45 0.0432423
195.46 0.0539973
195.47 0.0661692
195.48 0.0792835
195.49 0.0930004
195.5 0.106966
195.51 0.120825
195.52 0.134239
195.53 0.146785
195.54 0.158238
195.55 0.168403
195.56 0.17713
195.57 0.184333
195.58 0.189992
195.59 0.194043
195.6 0.19666
195.61 0.198083
195.62 0.198528
195.63 0.198245
195.64 0.197504
195.65 0.196591
195.66 0.195826
195.67 0.19547
195.68 0.195745
195.69 0.19683
195.7 0.198851
195.71 0.201893
195.72 0.206045
195.73 0.211122
195.74 0.216982
195.75 0.223425
195.76 0.230197
195.77 0.237
195.78 0.243435
195.79 0.249138
195.8 0.253759
195.81 0.256957
195.82 0.258416
195.83 0.257864
195.84 0.254897
195.85 0.249419
195.86 0.241474
195.87 0.231079
195.88 0.218337
195.89 0.203425
195.9 0.186528
195.91 0.167976
195.92 0.148299
195.93 0.127925
195.94 0.107299
195.95 0.0868718
195.96 0.0670959
195.97 0.0485137
195.98 0.0313861
195.99 0.0159817
196 0.00248984
196.01 -0.00898778
196.02 -0.0184413
196.03 -0.0257646
196.04 -0.0313446
196.05 -0.0354828
196.06 -0.0385186
196.07 -0.040841
196.08 -0.0428702
196.09 -0.0450828
196.1 -0.0479526
196.11 -0.0518503
196.12 -0.0570998
196.13 -0.063953
196.14 -0.0725757
196.15 -0.0831225
196.16 -0.0955923
196.17 -0.109685
196.18 -0.125144
196.19 -0.141626
196.2 -0.158719
196.21 -0.175952
196.22 -0.19273
196.23 -0.208548
196.24 -0.222928
196.25 -0.235441
196.26 -0.245726
196.27 -0.253507
196.28 -0.258322
196.29 -0.260378
196.3 -0.259806
196.31 -0.256818
196.32 -0.25173
196.33 -0.244958
196.34 -0.236944
196.35 -0.228361
196.36 -0.219839
196.37 -0.211954
196.38 -0.205253
196.39 -0.200222
196.4 -0.197381
196.41 -0.197124
196.42 -0.199441
196.43 -0.204351
196.44 -0.211738
196.45 -0.221358
196.46 -0.23287
196.47 -0.245855
196.48 -0.259555
196.49 -0.273349
196.5 -0.286595
196.51 -0.298655
196.52 -0.308932
196.53 -0.31659
196.54 -0.321377
196.55 -0.323027
196.56 -0.321367
196.57 -0.316363
196.58 -0.308121
196.59 -0.296671
196.6 -0.282545
196.61 -0.266359
196.62 -0.248672
196.63 -0.23009
196.64 -0.211238
196.65 -0.192773
196.66 -0.175366
196.67 -0.159463
196.68 -0.145445
196.69 -0.133578
196.7 -0.124004
196.71 -0.116771
196.72 -0.111919
196.73 -0.108938
196.74 -0.107457
196.75 -0.107022
196.76 -0.107126
196.77 -0.107229
196.78 -0.106677
196.79 -0.104963
196.8 -0.101656
196.81 -0.0963997
196.82 -0.0889374
196.83 -0.0791262
196.84 -0.0667632
196.85 -0.0520639
196.86 -0.0353696
196.87 -0.0170177
196.88 0.00257515
196.89 0.0229351
196.9 0.0435415
196.91 0.0637988
196.92 0.0832115
196.93 0.101348
196.94 0.117848
196.95 0.132441
196.96 0.144918
196.97 0.15504
196.98 0.163097
196.99 0.169264
197 0.173799
197.01 0.177032
197.02 0.179344
197.03 0.181129
197.04 0.182886
197.05 0.184997
197.06 0.187788
197.07 0.191516
197.08 0.196355
197.09 0.202478
197.1 0.209807
197.11 0.21815
197.12 0.227283
197.13 0.236909
197.14 0.246676
197.15 0.256164
197.16 0.2649
197.17 0.272529
197.18 0.278713
197.19 0.28318
197.2 0.285733
197.21 0.286231
197.22 0.28451
197.23 0.280905
197.24 0.275633
197.25 0.268996
197.26 0.261366
197.27 0.253161
197.28 0.244862
197.29 0.236974
197.3 0.229909
197.31 0.224027
197.32 0.219613
197.33 0.216861
197.34 0.216003
197.35 0.216933
197.36 0.219422
197.37 0.223214
197.38 0.227962
197.39 0.233252
197.4 0.238596
197.41 0.243421
197.42 0.247244
197.43 0.24962
197.44 0.250162
197.45 0.248567
197.46 0.24458
197.47 0.237909
197.48 0.228853
197.49 0.217583
197.5 0.204382
197.51 0.189622
197.52 0.173756
197.53 0.157278
197.54 0.140837
197.55 0.124962
197.56 0.11014
197.57 0.0967957
197.58 0.0852706
197.59 0.0759809
197.6 0.068965
197.61 0.064107
197.62 0.0612568
197.63 0.0601538
197.64 0.0604406
197.65 0.0617053
197.66 0.063391
197.67 0.0649215
197.68 0.0657952
197.69 0.0655507
197.7 0.063793
197.71 0.0601758
197.72 0.0543291
197.73 0.0464026
197.74 0.0364851
197.75 0.0247909
197.76 0.0116507
197.77 -0.00250345
197.78 -0.0171512
197.79 -0.0316086
197.8 -0.0452779
197.81 -0.0575797
197.82 -0.0679795
197.83 -0.0760154
197.84 -0.0810818
197.85 -0.0830363
197.86 -0.0819194
197.87 -0.0778028
197.88 -0.0708997
197.89 -0.0615561
197.9 -0.0501661
197.91 -0.0373639
197.92 -0.0239305
197.93 -0.0105462
197.94 0.00210857
197.95 0.0133852
197.96 0.022645
197.97 0.0291448
197.98 0.0327468
197.99 0.0332403
198 0.0305585
198.01 0.0247811
198.02 0.0161289
198.03 0.00472161
198.04 -0.00865265
198.05 -0.0234021
198.06 -0.038907
198.07 -0.0545271
198.08 -0.0696326
198.09 -0.0835001
198.1 -0.0956015
198.11 -0.105588
198.12 -0.11318
198.13 -0.118227
198.14 -0.120709
198.15 -0.120625
198.16 -0.118221
198.17 -0.114033
198.18 -0.108509
198.19 -0.102148
198.2 -0.0954798
198.21 -0.089047
198.22 -0.0834639
198.23 -0.0791208
198.24 -0.076356
198.25 -0.0754073
198.26 -0.0764006
198.27 -0.0793449
198.28 -0.0843159
198.29 -0.0908625
198.3 -0.0986316
198.31 -0.107213
198.32 -0.116147
198.33 -0.124946
198.34 -0.133034
198.35 -0.139921
198.36 -0.145241
198.37 -0.148676
198.38 -0.149999
198.39 -0.149086
198.4 -0.145807
198.41 -0.140244
198.42 -0.132774
198.43 -0.123699
198.44 -0.113396
198.45 -0.102288
198.46 -0.0908321
198.47 -0.0795565
198.48 -0.0689201
198.49 -0.0593117
198.5 -0.051058
198.51 -0.04441
198.52 -0.0395328
198.53 -0.0367074
198.54 -0.0357025
198.55 -0.0363761
198.56 -0.038527
198.57 -0.0418937
198.58 -0.0461708
198.59 -0.0510465
198.6 -0.0561133
198.61 -0.0610333
198.62 -0.0655238
198.63 -0.069351
198.64 -0.072341
198.65 -0.0743351
198.66 -0.0752874
198.67 -0.0753154
198.68 -0.0745324
198.69 -0.0731033
198.7 -0.0712321
198.71 -0.0691478
198.72 -0.0671189
198.73 -0.0653841
198.74 -0.0641367
198.75 -0.063528
198.76 -0.0636568
198.77 -0.0645614
198.78 -0.0662918
198.79 -0.0686564
198.8 -0.0714843
198.81 -0.0745606
198.82 -0.0776328
198.83 -0.080425
198.84 -0.082582
198.85 -0.0838224
198.86 -0.0839299
198.87 -0.0827116
198.88 -0.0800323
198.89 -0.0758254
198.9 -0.0700225
198.91 -0.0627155
198.92 -0.0541912
198.93 -0.0447034
198.94 -0.0345657
198.95 -0.0241383
198.96 -0.0138264
198.97 -0.00412943
198.98 0.00457144
198.99 0.0119047
199 0.0175426
199.01 0.0212159
199.02 0.0227263
199.03 0.0216904
199.04 0.0183364
199.05 0.01276
199.06 0.00512526
199.07 -0.00432646
199.08 -0.0152864
199.09 -0.0274525
199.1 -0.0403083
199.11 -0.0533838
199.12 -0.0662485
199.13 -0.0784871
199.14 -0.0897155
199.15 -0.0995053
199.16 -0.107519
199.17 -0.113655
199.18 -0.11779
199.19 -0.119877
199.2 -0.11994
199.21 -0.118034
199.22 -0.114219
199.23 -0.108908
199.24 -0.102372
199.25 -0.0949078
199.26 -0.0868314
199.27 -0.0784625
199.28 -0.0701502
199.29 -0.062211
199.3 -0.0549017
199.31 -0.0484413
199.32 -0.043006
199.33 -0.0387248
199.34 -0.0357858
199.35 -0.0341553
199.36 -0.0337589
199.37 -0.0345244
199.38 -0.0363408
199.39 -0.0390639
199.4 -0.0425514
199.41 -0.0465847
199.42 -0.0509084
199.43 -0.055309
199.44 -0.0595746
199.45 -0.0635009
199.46 -0.0668801
199.47 -0.0694708
199.48 -0.0711887
199.49 -0.0719248
199.5 -0.0716031
199.51 -0.0701837
199.52 -0.0676642
199.53 -0.0639663
199.54 -0.0592977
199.55 -0.0537864
199.56 -0.0475889
199.57 -0.0408915
199.58 -0.0339055
199.59 -0.0268773
199.6 -0.020084
199.61 -0.0137697
199.62 -0.00816882
199.63 -0.0034973
199.64 5.65316e-05
199.65 0.00226444
199.66 0.00299754
199.67 0.00230302
199.68 0.000202128
199.69 -0.00322212
199.7 -0.00782443
199.71 -0.0134167
199.72 -0.0197452
199.73 -0.0263994
199.74 -0.033023
199.75 -0.0392377
199.76 -0.0446573
199.77 -0.048903
199.78 -0.0514044
199.79 -0.0519959
199.8 -0.0504422
199.81 -0.0465719
199.82 -0.0402953
199.83 -0.0316107
199.84 -0.0204255
199.85 -0.00708231
199.86 0.00804352
199.87 0.0245807
199.88 0.0420944
199.89 0.0601019
199.9 0.078059
199.91 0.095358
199.92 0.111504
199.93 0.126036
199.94 0.138548
199.95 0.148714
199.96 0.156224
199.97 0.160746
199.98 0.162531
199.99 0.161681
200 0.158406
