0 0
0.01 0.0222071
0.02 0.0434614
0.03 0.0629281
0.04 0.0798411
0.05 0.0935316
0.06 0.103453
0.07 0.109202
0.08 0.110478
0.09 0.106869
0.1 0.0989097
0.11 0.0869039
0.12 0.0713123
0.13 0.0527347
0.14 0.0318883
0.15 0.00958231
0.16 -0.0133035
0.17 -0.0357463
0.18 -0.0568216
0.19 -0.0756865
0.2 -0.0915765
0.21 -0.103835
0.22 -0.111936
0.23 -0.115511
0.24 -0.114187
0.25 -0.107821
0.26 -0.0969255
0.27 -0.08188
0.28 -0.0632252
0.29 -0.0416477
0.3 -0.0179557
0.31 0.00694836
0.32 0.0320618
0.33 0.0562537
0.34 0.0785421
0.35 0.0980049
0.36 0.113808
0.37 0.125236
0.38 0.13172
0.39 0.132863
0.4 0.128119
0.41 0.117602
0.42 0.101782
0.43 0.0810936
0.44 0.0561541
0.45 0.0277485
0.46 -0.00319616
0.47 -0.0356401
0.48 -0.0684059
0.49 -0.100182
0.5 -0.129804
0.51 -0.156158
0.52 -0.178218
0.53 -0.195075
0.54 -0.205973
0.55 -0.210335
0.56 -0.207191
0.57 -0.196856
0.58 -0.179573
0.59 -0.155683
0.6 -0.125742
0.61 -0.0905072
0.62 -0.0509101
0.63 -0.00803285
0.64 0.0370026
0.65 0.0826115
0.66 0.127464
0.67 0.170257
0.68 0.209739
0.69 0.244752
0.7 0.274269
0.71 0.297379
0.72 0.312728
0.73 0.320522
0.74 0.320573
0.75 0.312927
0.76 0.297856
0.77 0.275854
0.78 0.247616
0.79 0.213942
0.8 0.175711
0.81 0.134524
0.82 0.0916248
0.83 0.048286
0.84 0.00577353
0.85 -0.0346939
0.86 -0.0719823
0.87 -0.104922
0.88 -0.132357
0.89 -0.153951
0.9 -0.169257
0.91 -0.178039
0.92 -0.180271
0.93 -0.176136
0.94 -0.166018
0.95 -0.150289
0.96 -0.129715
0.97 -0.105503
0.98 -0.078646
0.99 -0.0501946
1 -0.0212276
1.01 0.00718525
1.02 0.0340184
1.03 0.0581384
1.04 0.0786252
1.05 0.0949301
1.06 0.106536
1.07 0.113098
1.08 0.114446
1.09 0.110594
1.1 0.101728
1.11 0.0879289
1.12 0.0699214
1.13 0.0485285
1.14 0.0245076
1.15 -0.00131376
1.16 -0.0280678
1.17 -0.0548762
1.18 -0.0808802
1.19 -0.105084
1.2 -0.126777
1.21 -0.145388
1.22 -0.160427
1.23 -0.171541
1.24 -0.178515
1.25 -0.181285
1.26 -0.179928
1.27 -0.17434
1.28 -0.165219
1.29 -0.153085
1.3 -0.1385
1.31 -0.122087
1.32 -0.104509
1.33 -0.0864439
1.34 -0.0685589
1.35 -0.0516296
1.36 -0.036188
1.37 -0.0227177
1.38 -0.0116087
1.39 -0.00314686
1.4 0.00249294
1.41 0.00524935
1.42 0.00513968
1.43 0.00214401
1.44 -0.00321271
1.45 -0.0105769
1.46 -0.0195325
1.47 -0.0296194
1.48 -0.0403527
1.49 -0.0512428
1.5 -0.0617955
1.51 -0.0714836
1.52 -0.079961
1.53 -0.0869198
1.54 -0.0921301
1.55 -0.0954479
1.56 -0.0968179
1.57 -0.0962739
1.58 -0.0938772
1.59 -0.0898134
1.6 -0.0844776
1.61 -0.0782009
1.62 -0.0713501
1.63 -0.0643115
1.64 -0.0574737
1.65 -0.0512106
1.66 -0.0459249
1.67 -0.0419525
1.68 -0.0394652
1.69 -0.0386154
1.7 -0.0394789
1.71 -0.0420518
1.72 -0.0462511
1.73 -0.0519185
1.74 -0.0588845
1.75 -0.0667973
1.76 -0.0752684
1.77 -0.0839324
1.78 -0.0924137
1.79 -0.100344
1.8 -0.107377
1.81 -0.113209
1.82 -0.117468
1.83 -0.120027
1.84 -0.12084
1.85 -0.119907
1.86 -0.117315
1.87 -0.113237
1.88 -0.107927
1.89 -0.101714
1.9 -0.0949821
1.91 -0.0882509
1.92 -0.0819989
1.93 -0.0767009
1.94 -0.0728164
1.95 -0.0707689
1.96 -0.0709256
1.97 -0.0735788
1.98 -0.079197
1.99 -0.0876175
2 -0.0987725
2.01 -0.112484
2.02 -0.128447
2.03 -0.146232
2.04 -0.165297
2.05 -0.18499
2.06 -0.204479
2.07 -0.222895
2.08 -0.23938
2.09 -0.25306
2.1 -0.263076
2.11 -0.268612
2.12 -0.268919
2.13 -0.263224
2.14 -0.250542
2.15 -0.231018
2.16 -0.204466
2.17 -0.170879
2.18 -0.130437
2.19 -0.0835055
2.2 -0.0306375
2.21 0.0275673
2.22 0.090259
2.23 0.156006
2.24 0.223618
2.25 0.291819
2.26 0.359275
2.27 0.424625
2.28 0.486518
2.29 0.543387
2.3 0.593753
2.31 0.636815
2.32 0.671625
2.33 0.697401
2.34 0.713554
2.35 0.719697
2.36 0.715657
2.37 0.700943
2.38 0.675965
2.39 0.641722
2.4 0.598933
2.41 0.548497
2.42 0.491461
2.43 0.429002
2.44 0.362392
2.45 0.292877
2.46 0.22208
2.47 0.151457
2.48 0.0823284
2.49 0.0159412
2.5 -0.0465578
2.51 -0.104148
2.52 -0.155957
2.53 -0.200723
2.54 -0.238247
2.55 -0.268378
2.56 -0.290999
2.57 -0.306176
2.58 -0.314148
2.59 -0.315317
2.6 -0.310227
2.61 -0.299116
2.62 -0.283285
2.63 -0.263662
2.64 -0.241157
2.65 -0.216701
2.66 -0.19122
2.67 -0.165608
2.68 -0.140709
2.69 -0.117509
2.7 -0.0965747
2.71 -0.0784506
2.72 -0.0635638
2.73 -0.0522169
2.74 -0.0445858
2.75 -0.0407205
2.76 -0.0405956
2.77 -0.0442593
2.78 -0.0510767
2.79 -0.0606522
2.8 -0.0725205
2.81 -0.0861635
2.82 -0.101028
2.83 -0.116545
2.84 -0.132133
2.85 -0.147156
2.86 -0.161111
2.87 -0.173545
2.88 -0.184071
2.89 -0.192377
2.9 -0.198232
2.91 -0.20149
2.92 -0.201999
2.93 -0.199732
2.94 -0.194998
2.95 -0.188009
2.96 -0.179048
2.97 -0.168457
2.98 -0.156624
2.99 -0.143974
3 -0.130957
3.01 -0.118091
3.02 -0.105834
3.03 -0.094609
3.04 -0.0848021
3.05 -0.0767536
3.06 -0.0707475
3.07 -0.0670038
3.08 -0.0658233
3.09 -0.0672299
3.1 -0.0711038
3.11 -0.0773474
3.12 -0.0857896
3.13 -0.0961905
3.14 -0.108249
3.15 -0.121609
3.16 -0.135908
3.17 -0.150623
3.18 -0.16528
3.19 -0.179423
3.2 -0.192611
3.21 -0.204424
3.22 -0.214482
3.23 -0.222451
3.24 -0.22784
3.25 -0.2306
3.26 -0.230663
3.27 -0.228006
3.28 -0.22269
3.29 -0.214865
3.3 -0.204764
3.31 -0.192697
3.32 -0.178941
3.33 -0.164135
3.34 -0.148796
3.35 -0.133466
3.36 -0.118705
3.37 -0.105074
3.38 -0.0931223
3.39 -0.0833819
3.4 -0.0765902
3.41 -0.0729108
3.42 -0.0726361
3.43 -0.0759593
3.44 -0.0829639
3.45 -0.0936151
3.46 -0.107755
3.47 -0.125154
3.48 -0.145518
3.49 -0.168035
3.5 -0.192039
3.51 -0.216772
3.52 -0.241394
3.53 -0.265007
3.54 -0.28667
3.55 -0.305305
3.56 -0.319699
3.57 -0.329165
3.58 -0.332865
3.59 -0.330052
3.6 -0.320094
3.61 -0.302492
3.62 -0.276902
3.63 -0.242797
3.64 -0.200083
3.65 -0.149475
3.66 -0.0914032
3.67 -0.0264827
3.68 0.0444921
3.69 0.120562
3.7 0.200618
3.71 0.2835
3.72 0.367658
3.73 0.45155
3.74 0.533717
3.75 0.6127
3.76 0.687072
3.77 0.755468
3.78 0.81662
3.79 0.868753
3.8 0.911058
3.81 0.94306
3.82 0.964188
3.83 0.974086
3.84 0.972615
3.85 0.959859
3.86 0.936124
3.87 0.901155
3.88 0.856362
3.89 0.802908
3.9 0.741873
3.91 0.67446
3.92 0.601962
3.93 0.525732
3.94 0.447149
3.95 0.367621
3.96 0.288676
3.97 0.211566
3.98 0.137432
3.99 0.0672854
4 0.00199339
4.01 -0.057739
4.02 -0.111367
4.03 -0.157881
4.04 -0.197756
4.05 -0.231019
4.06 -0.257853
4.07 -0.278578
4.08 -0.293636
4.09 -0.303567
4.1 -0.308931
4.11 -0.310176
4.12 -0.30837
4.13 -0.30418
4.14 -0.298238
4.15 -0.291114
4.16 -0.283302
4.17 -0.275202
4.18 -0.267115
4.19 -0.259239
4.2 -0.251608
4.21 -0.24415
4.22 -0.236685
4.23 -0.228942
4.24 -0.220571
4.25 -0.211164
4.26 -0.2002
4.27 -0.187102
4.28 -0.171518
4.29 -0.153032
4.3 -0.131286
4.31 -0.106002
4.32 -0.0769952
4.33 -0.0441952
4.34 -0.00747618
4.35 0.0329496
4.36 0.0765451
4.37 0.122839
4.38 0.171241
4.39 0.221051
4.4 0.271477
4.41 0.321652
4.42 0.370528
4.43 0.417064
4.44 0.460369
4.45 0.499532
4.46 0.5337
4.47 0.5621
4.48 0.584063
4.49 0.599043
4.5 0.606076
4.51 0.605239
4.52 0.596688
4.53 0.580537
4.54 0.557061
4.55 0.526692
4.56 0.490005
4.57 0.447707
4.58 0.400287
4.59 0.349086
4.6 0.295167
4.61 0.239553
4.62 0.183271
4.63 0.127337
4.64 0.072718
4.65 0.0203207
4.66 -0.0286727
4.67 -0.0737905
4.68 -0.114484
4.69 -0.150326
4.7 -0.181026
4.71 -0.206435
4.72 -0.226544
4.73 -0.241438
4.74 -0.250976
4.75 -0.256021
4.76 -0.257045
4.77 -0.25459
4.78 -0.249251
4.79 -0.241656
4.8 -0.232446
4.81 -0.222245
4.82 -0.211701
4.83 -0.201435
4.84 -0.191937
4.85 -0.183621
4.86 -0.176822
4.87 -0.171789
4.88 -0.168678
4.89 -0.167625
4.9 -0.168676
4.91 -0.171582
4.92 -0.176163
4.93 -0.182182
4.94 -0.18936
4.95 -0.197384
4.96 -0.205924
4.97 -0.214636
4.98 -0.223149
4.99 -0.231154
5 -0.23838
5.01 -0.244597
5.02 -0.249621
5.03 -0.253317
5.04 -0.255602
5.05 -0.256366
5.06 -0.255649
5.07 -0.253589
5.08 -0.250293
5.09 -0.245898
5.1 -0.240563
5.11 -0.234458
5.12 -0.227756
5.13 -0.220606
5.14 -0.213192
5.15 -0.205655
5.16 -0.198094
5.17 -0.190577
5.18 -0.183136
5.19 -0.175772
5.2 -0.168448
5.21 -0.161091
5.22 -0.153597
5.23 -0.145851
5.24 -0.137725
5.25 -0.129088
5.26 -0.119813
5.27 -0.109786
5.28 -0.0989153
5.29 -0.0870502
5.3 -0.0742406
5.31 -0.0605192
5.32 -0.0459554
5.33 -0.0306671
5.34 -0.0148205
5.35 0.00137121
5.36 0.0176502
5.37 0.0336663
5.38 0.0490803
5.39 0.0635349
5.4 0.0766605
5.41 0.0880854
5.42 0.0974466
5.43 0.104401
5.44 0.108594
5.45 0.10951
5.46 0.107187
5.47 0.10148
5.48 0.0923138
5.49 0.0796887
5.5 0.0636817
5.51 0.0444493
5.52 0.0221587
5.53 -0.00296338
5.54 -0.0302922
5.55 -0.0593606
5.56 -0.0896449
5.57 -0.120575
5.58 -0.151545
5.59 -0.181926
5.6 -0.211005
5.61 -0.238016
5.62 -0.262427
5.63 -0.283653
5.64 -0.301156
5.65 -0.314453
5.66 -0.323129
5.67 -0.326845
5.68 -0.32508
5.69 -0.317656
5.7 -0.304802
5.71 -0.286578
5.72 -0.263145
5.73 -0.234763
5.74 -0.201788
5.75 -0.164667
5.76 -0.123749
5.77 -0.079809
5.78 -0.0336763
5.79 0.0139073
5.8 0.0621607
5.81 0.110277
5.82 0.157438
5.83 0.202827
5.84 0.245398
5.85 0.284426
5.86 0.319279
5.87 0.349315
5.88 0.373971
5.89 0.392771
5.9 0.405337
5.91 0.411397
5.92 0.410219
5.93 0.402244
5.94 0.387685
5.95 0.366771
5.96 0.339843
5.97 0.307356
5.98 0.269865
5.99 0.228019
6 0.182268
6.01 0.133824
6.02 0.0835511
6.03 0.0323279
6.04 -0.0189593
6.05 -0.0694346
6.06 -0.118252
6.07 -0.164586
6.08 -0.207367
6.09 -0.24621
6.1 -0.280593
6.11 -0.310105
6.12 -0.334459
6.13 -0.353497
6.14 -0.367192
6.15 -0.375549
6.16 -0.378535
6.17 -0.376954
6.18 -0.371294
6.19 -0.362131
6.2 -0.350117
6.21 -0.335955
6.22 -0.320383
6.23 -0.30415
6.24 -0.288076
6.25 -0.272877
6.26 -0.259167
6.27 -0.247469
6.28 -0.238202
6.29 -0.23166
6.3 -0.228006
6.31 -0.22738
6.32 -0.229653
6.33 -0.234346
6.34 -0.241009
6.35 -0.249063
6.36 -0.257814
6.37 -0.266477
6.38 -0.274194
6.39 -0.279904
6.4 -0.282588
6.41 -0.281437
6.42 -0.275604
6.43 -0.264326
6.44 -0.246949
6.45 -0.222955
6.46 -0.191986
6.47 -0.153378
6.48 -0.107427
6.49 -0.0546413
6.5 0.00450439
6.51 0.0693313
6.52 0.138968
6.53 0.212367
6.54 0.288324
6.55 0.365485
6.56 0.442184
6.57 0.51689
6.58 0.588082
6.59 0.654258
6.6 0.71398
6.61 0.765911
6.62 0.808851
6.63 0.840776
6.64 0.861649
6.65 0.871029
6.66 0.868628
6.67 0.854424
6.68 0.82866
6.69 0.791844
6.7 0.744713
6.71 0.687501
6.72 0.622474
6.73 0.551074
6.74 0.474885
6.75 0.395593
6.76 0.314947
6.77 0.234711
6.78 0.156678
6.79 0.0829659
6.8 0.0148805
6.81 -0.0462191
6.82 -0.0991685
6.83 -0.143024
6.84 -0.177085
6.85 -0.200907
6.86 -0.21404
6.87 -0.216112
6.88 -0.208313
6.89 -0.191292
6.9 -0.165916
6.91 -0.133242
6.92 -0.0944891
6.93 -0.0509962
6.94 -0.00412165
6.95 0.0445205
6.96 0.0932678
6.97 0.140699
6.98 0.185476
6.99 0.226379
7 0.262332
7.01 0.29243
7.02 0.3156
7.03 0.331283
7.04 0.339566
7.05 0.340405
7.06 0.333955
7.07 0.320559
7.08 0.300726
7.09 0.275114
7.1 0.244243
7.11 0.209216
7.12 0.171161
7.13 0.131036
7.14 0.0897891
7.15 0.0483324
7.16 0.00751271
7.17 -0.0319087
7.18 -0.0690827
7.19 -0.10353
7.2 -0.134935
7.21 -0.163054
7.22 -0.18778
7.23 -0.209127
7.24 -0.227225
7.25 -0.242302
7.26 -0.25447
7.27 -0.264339
7.28 -0.272366
7.29 -0.278983
7.3 -0.284611
7.31 -0.289638
7.32 -0.294405
7.33 -0.299187
7.34 -0.304212
7.35 -0.309562
7.36 -0.315231
7.37 -0.32112
7.38 -0.327043
7.39 -0.332735
7.4 -0.337862
7.41 -0.342026
7.42 -0.344644
7.43 -0.345374
7.44 -0.34379
7.45 -0.339497
7.46 -0.332151
7.47 -0.321478
7.48 -0.307288
7.49 -0.289416
7.5 -0.267684
7.51 -0.242543
7.52 -0.214273
7.53 -0.183265
7.54 -0.150017
7.55 -0.11512
7.56 -0.079243
7.57 -0.043134
7.58 -0.00767835
7.59 0.0263294
7.6 0.0581187
7.61 0.0869577
7.62 0.112177
7.63 0.133191
7.64 0.149519
7.65 0.160564
7.66 0.166028
7.67 0.166154
7.68 0.16105
7.69 0.15097
7.7 0.136315
7.71 0.117618
7.72 0.0955369
7.73 0.0707321
7.74 0.0441982
7.75 0.0169617
7.76 -0.0100359
7.77 -0.0358519
7.78 -0.0595688
7.79 -0.0803204
7.8 -0.0973156
7.81 -0.109516
7.82 -0.116458
7.83 -0.117883
7.84 -0.113534
7.85 -0.103309
7.86 -0.0872642
7.87 -0.065612
7.88 -0.0387156
7.89 -0.00674986
7.9 0.0292873
7.91 0.0685332
7.92 0.110138
7.93 0.153189
7.94 0.196734
7.95 0.239806
7.96 0.281444
7.97 0.320421
7.98 0.355987
7.99 0.387381
8 0.413915
8.01 0.435005
8.02 0.450185
8.03 0.459113
8.04 0.461557
8.05 0.456811
8.06 0.445586
8.07 0.42807
8.08 0.404565
8.09 0.375467
8.1 0.341263
8.11 0.30251
8.12 0.259778
8.13 0.213573
8.14 0.164922
8.15 0.114533
8.16 0.0631179
8.17 0.0113735
8.18 -0.040023
8.19 -0.0904246
8.2 -0.139162
8.21 -0.185501
8.22 -0.229059
8.23 -0.269375
8.24 -0.306039
8.25 -0.33869
8.26 -0.367019
8.27 -0.390764
8.28 -0.40952
8.29 -0.422986
8.3 -0.431356
8.31 -0.434564
8.32 -0.43259
8.33 -0.425459
8.34 -0.413241
8.35 -0.396053
8.36 -0.373828
8.37 -0.346816
8.38 -0.315536
8.39 -0.280315
8.4 -0.241535
8.41 -0.199625
8.42 -0.155066
8.43 -0.108386
8.44 -0.0600953
8.45 -0.0109203
8.46 0.0384379
8.47 0.0873148
8.48 0.135036
8.49 0.180927
8.5 0.224328
8.51 0.264601
8.52 0.300829
8.53 0.332591
8.54 0.359522
8.55 0.381233
8.56 0.397423
8.57 0.407885
8.58 0.412517
8.59 0.411322
8.6 0.403939
8.61 0.391038
8.62 0.373054
8.63 0.350432
8.64 0.323708
8.65 0.29349
8.66 0.260449
8.67 0.225303
8.68 0.188741
8.69 0.151714
8.7 0.114974
8.71 0.0792378
8.72 0.0451756
8.73 0.0133949
8.74 -0.0155741
8.75 -0.0412573
8.76 -0.062992
8.77 -0.0808778
8.78 -0.0948207
8.79 -0.104839
8.8 -0.111061
8.81 -0.113718
8.82 -0.113138
8.83 -0.109685
8.84 -0.103769
8.85 -0.0961607
8.86 -0.0874482
8.87 -0.0782362
8.88 -0.0691296
8.89 -0.0607159
8.9 -0.0535487
8.91 -0.0482056
8.92 -0.0452488
8.93 -0.0448987
8.94 -0.0474128
8.95 -0.0529558
8.96 -0.0615958
8.97 -0.0733041
8.98 -0.0879571
8.99 -0.10545
9 -0.125464
9.01 -0.147462
9.02 -0.170999
9.03 -0.195588
9.04 -0.220707
9.05 -0.245821
9.06 -0.270394
9.07 -0.293812
9.08 -0.315534
9.09 -0.335168
9.1 -0.352325
9.11 -0.366682
9.12 -0.377986
9.13 -0.386061
9.14 -0.39081
9.15 -0.391991
9.16 -0.38981
9.17 -0.384529
9.18 -0.376373
9.19 -0.365628
9.2 -0.35263
9.21 -0.337759
9.22 -0.321426
9.23 -0.304015
9.24 -0.286074
9.25 -0.268057
9.26 -0.250382
9.27 -0.233441
9.28 -0.21759
9.29 -0.203142
9.3 -0.190356
9.31 -0.179627
9.32 -0.170944
9.33 -0.164358
9.34 -0.159871
9.35 -0.157424
9.36 -0.156894
9.37 -0.158104
9.38 -0.160826
9.39 -0.164863
9.4 -0.169744
9.41 -0.17511
9.42 -0.180579
9.43 -0.185756
9.44 -0.190243
9.45 -0.193644
9.46 -0.19555
9.47 -0.195443
9.48 -0.193138
9.49 -0.188366
9.5 -0.180909
9.51 -0.170608
9.52 -0.15737
9.53 -0.14117
9.54 -0.121984
9.55 -0.0998343
9.56 -0.0751607
9.57 -0.048266
9.58 -0.0195275
9.59 0.0106068
9.6 0.0416245
9.61 0.0729568
9.62 0.103948
9.63 0.133838
9.64 0.161972
9.65 0.187667
9.66 0.210247
9.67 0.229066
9.68 0.243519
9.69 0.253059
9.7 0.256919
9.71 0.254688
9.72 0.246391
9.73 0.2319
9.74 0.211219
9.75 0.184489
9.76 0.151991
9.77 0.114152
9.78 0.0712836
9.79 0.0243146
9.8 -0.0257166
9.81 -0.0778406
9.82 -0.130995
9.83 -0.184042
9.84 -0.235795
9.85 -0.28504
9.86 -0.330191
9.87 -0.370122
9.88 -0.40382
9.89 -0.430264
9.9 -0.448548
9.91 -0.457907
9.92 -0.457739
9.93 -0.44762
9.94 -0.426437
9.95 -0.394942
9.96 -0.353522
9.97 -0.302628
9.98 -0.242914
9.99 -0.175228
10 -0.100591
10.01 -0.0201807
10.02 0.0649988
10.03 0.152975
10.04 0.242251
10.05 0.331316
10.06 0.418666
10.07 0.502845
10.08 0.582473
10.09 0.656213
10.1 0.722268
10.11 0.780275
10.12 0.829513
10.13 0.869472
10.14 0.899856
10.15 0.920597
10.16 0.931842
10.17 0.933767
10.18 0.926525
10.19 0.911616
10.2 0.889969
10.21 0.862629
10.22 0.830733
10.23 0.795466
10.24 0.758035
10.25 0.719636
10.26 0.681543
10.27 0.644837
10.28 0.610425
10.29 0.579067
10.3 0.55136
10.31 0.527724
10.32 0.508389
10.33 0.493587
10.34 0.48317
10.35 0.476529
10.36 0.47314
10.37 0.47234
10.38 0.473356
10.39 0.475326
10.4 0.47734
10.41 0.478354
10.42 0.477343
10.43 0.47349
10.44 0.46601
10.45 0.454233
10.46 0.437615
10.47 0.415768
10.48 0.388465
10.49 0.355281
10.5 0.316589
10.51 0.272904
10.52 0.224729
10.53 0.172714
10.54 0.117636
10.55 0.0603777
10.56 0.00189788
10.57 -0.0567262
10.58 -0.114349
10.59 -0.169964
10.6 -0.222614
10.61 -0.271423
10.62 -0.315617
10.63 -0.354548
10.64 -0.387711
10.65 -0.414167
10.66 -0.434265
10.67 -0.448077
10.68 -0.455785
10.69 -0.457727
10.7 -0.454376
10.71 -0.446331
10.72 -0.434274
10.73 -0.418762
10.74 -0.400998
10.75 -0.381827
10.76 -0.362077
10.77 -0.34254
10.78 -0.323942
10.79 -0.306927
10.8 -0.292077
10.81 -0.280024
10.82 -0.270845
10.83 -0.264669
10.84 -0.261496
10.85 -0.2612
10.86 -0.263536
10.87 -0.26816
10.88 -0.274675
10.89 -0.28258
10.9 -0.291196
10.91 -0.299959
10.92 -0.308316
10.93 -0.315746
10.94 -0.32178
10.95 -0.32602
10.96 -0.328064
10.97 -0.327641
10.98 -0.324808
10.99 -0.319606
11 -0.312185
11.01 -0.302804
11.02 -0.291816
11.03 -0.279656
11.04 -0.266823
11.05 -0.253946
11.06 -0.241631
11.07 -0.230452
11.08 -0.220954
11.09 -0.213637
11.1 -0.20893
11.11 -0.207175
11.12 -0.208825
11.13 -0.213916
11.14 -0.222296
11.15 -0.233808
11.16 -0.248168
11.17 -0.264969
11.18 -0.283699
11.19 -0.303744
11.2 -0.324405
11.21 -0.344812
11.22 -0.36416
11.23 -0.381655
11.24 -0.396519
11.25 -0.408017
11.26 -0.415483
11.27 -0.418334
11.28 -0.415619
11.29 -0.407349
11.3 -0.393409
11.31 -0.373757
11.32 -0.348494
11.33 -0.317864
11.34 -0.282248
11.35 -0.242151
11.36 -0.197879
11.37 -0.150595
11.38 -0.101106
11.39 -0.0502593
11.4 0.00107761
11.41 0.0520367
11.42 0.101775
11.43 0.149467
11.44 0.194092
11.45 0.235225
11.46 0.272347
11.47 0.305055
11.48 0.333064
11.49 0.356211
11.5 0.374456
11.51 0.387774
11.52 0.396119
11.53 0.400174
11.54 0.400321
11.55 0.397003
11.56 0.390708
11.57 0.381947
11.58 0.371237
11.59 0.359051
11.6 0.345888
11.61 0.332256
11.62 0.318514
11.63 0.304948
11.64 0.29177
11.65 0.279111
11.66 0.267024
11.67 0.255505
11.68 0.244442
11.69 0.233634
11.7 0.222863
11.71 0.211879
11.72 0.200407
11.73 0.188171
11.74 0.174901
11.75 0.160266
11.76 0.144057
11.77 0.126185
11.78 0.106565
11.79 0.0851809
11.8 0.0620857
11.81 0.0374067
11.82 0.0113419
11.83 -0.0158978
11.84 -0.043896
11.85 -0.0722292
11.86 -0.10047
11.87 -0.128164
11.88 -0.154848
11.89 -0.180057
11.9 -0.203344
11.91 -0.224067
11.92 -0.241965
11.93 -0.256774
11.94 -0.268246
11.95 -0.276205
11.96 -0.280545
11.97 -0.28124
11.98 -0.278334
11.99 -0.271634
12 -0.261651
12.01 -0.248664
12.02 -0.232973
12.03 -0.214915
12.04 -0.194848
12.05 -0.173146
12.06 -0.15018
12.07 -0.126268
12.08 -0.101864
12.09 -0.0772771
12.1 -0.0527774
12.11 -0.0285939
12.12 -0.00491126
12.13 0.0181316
12.14 0.0404264
12.15 0.0618627
12.16 0.0824926
12.17 0.102332
12.18 0.121414
12.19 0.139784
12.2 0.157486
12.21 0.174557
12.22 0.191001
12.23 0.206783
12.24 0.221903
12.25 0.236281
12.26 0.2498
12.27 0.262301
12.28 0.273588
12.29 0.283431
12.3 0.291489
12.31 0.297404
12.32 0.300988
12.33 0.30195
12.34 0.300009
12.35 0.294913
12.36 0.286445
12.37 0.274435
12.38 0.258582
12.39 0.238861
12.4 0.215507
12.41 0.188657
12.42 0.158534
12.43 0.125445
12.44 0.0897802
12.45 0.0520076
12.46 0.0126026
12.47 -0.0277152
12.48 -0.0682376
12.49 -0.108283
12.5 -0.147158
12.51 -0.184171
12.52 -0.218652
12.53 -0.249969
12.54 -0.277218
12.55 -0.300039
12.56 -0.31812
12.57 -0.331156
12.58 -0.338943
12.59 -0.341389
12.6 -0.338515
12.61 -0.330458
12.62 -0.317057
12.63 -0.299086
12.64 -0.277075
12.65 -0.251574
12.66 -0.2232
12.67 -0.192618
12.68 -0.160532
12.69 -0.127662
12.7 -0.0947916
12.71 -0.0626826
12.72 -0.0319913
12.73 -0.00332006
12.74 0.0227953
12.75 0.0458971
12.76 0.0656142
12.77 0.0816265
12.78 0.0934372
12.79 0.101321
12.8 0.105311
12.81 0.105531
12.82 0.102184
12.83 0.0955472
12.84 0.0859577
12.85 0.0737534
12.86 0.0592879
12.87 0.043203
12.88 0.0259482
12.89 0.00796356
12.9 -0.0103323
12.91 -0.0285535
12.92 -0.0463556
12.93 -0.0634105
12.94 -0.0794255
12.95 -0.0942848
12.96 -0.107882
12.97 -0.120169
12.98 -0.131151
12.99 -0.140885
13 -0.149468
13.01 -0.156993
13.02 -0.163633
13.03 -0.169617
13.04 -0.175119
13.05 -0.180308
13.06 -0.185331
13.07 -0.190312
13.08 -0.195338
13.09 -0.200464
13.1 -0.205686
13.11 -0.210943
13.12 -0.216132
13.13 -0.221102
13.14 -0.225663
13.15 -0.229584
13.16 -0.232608
13.17 -0.23435
13.18 -0.234531
13.19 -0.232897
13.2 -0.229172
13.21 -0.223101
13.22 -0.214469
13.23 -0.203103
13.24 -0.188887
13.25 -0.171531
13.26 -0.151252
13.27 -0.128215
13.28 -0.10261
13.29 -0.0747069
13.3 -0.0448479
13.31 -0.0134483
13.32 0.019012
13.33 0.0519917
13.34 0.0848058
13.35 0.116832
13.36 0.147436
13.37 0.175983
13.38 0.201857
13.39 0.224469
13.4 0.243259
13.41 0.257318
13.42 0.266644
13.43 0.27095
13.44 0.270056
13.45 0.263893
13.46 0.252508
13.47 0.236073
13.48 0.214807
13.49 0.188892
13.5 0.159278
13.51 0.126626
13.52 0.0916909
13.53 0.0553044
13.54 0.0183635
13.55 -0.01819
13.56 -0.0533185
13.57 -0.0858313
13.58 -0.114887
13.59 -0.139579
13.6 -0.159064
13.61 -0.172582
13.62 -0.179477
13.63 -0.17921
13.64 -0.171056
13.65 -0.154588
13.66 -0.1302
13.67 -0.0979833
13.68 -0.0581912
13.69 -0.0112346
13.7 0.0423241
13.71 0.10178
13.72 0.166513
13.73 0.235409
13.74 0.307167
13.75 0.380653
13.76 0.454689
13.77 0.528075
13.78 0.599616
13.79 0.668141
13.8 0.732195
13.81 0.790738
13.82 0.843004
13.83 0.888191
13.84 0.925629
13.85 0.954795
13.86 0.975322
13.87 0.986999
13.88 0.989104
13.89 0.982249
13.9 0.966948
13.91 0.943639
13.92 0.91288
13.93 0.875342
13.94 0.831782
13.95 0.783028
13.96 0.729651
13.97 0.672967
13.98 0.613926
13.99 0.553401
14 0.492222
14.01 0.431155
14.02 0.370887
14.03 0.312018
14.04 0.255276
14.05 0.200876
14.06 0.149072
14.07 0.100014
14.08 0.053748
14.09 0.0102265
14.1 -0.0306802
14.11 -0.0691477
14.12 -0.105292
14.13 -0.139627
14.14 -0.172464
14.15 -0.204116
14.16 -0.234876
14.17 -0.265002
14.18 -0.294706
14.19 -0.324133
14.2 -0.353354
14.21 -0.382375
14.22 -0.411105
14.23 -0.439375
14.24 -0.466942
14.25 -0.493499
14.26 -0.518686
14.27 -0.542019
14.28 -0.562944
14.29 -0.581142
14.3 -0.596187
14.31 -0.60768
14.32 -0.615272
14.33 -0.618678
14.34 -0.61769
14.35 -0.611979
14.36 -0.601512
14.37 -0.586654
14.38 -0.567635
14.39 -0.544796
14.4 -0.51858
14.41 -0.489527
14.42 -0.458259
14.43 -0.425419
14.44 -0.391873
14.45 -0.358452
14.46 -0.325928
14.47 -0.295054
14.48 -0.266536
14.49 -0.241016
14.5 -0.21905
14.51 -0.201398
14.52 -0.188247
14.53 -0.179639
14.54 -0.175599
14.55 -0.176006
14.56 -0.180597
14.57 -0.18897
14.58 -0.200597
14.59 -0.214989
14.6 -0.23115
14.61 -0.248203
14.62 -0.265274
14.63 -0.281468
14.64 -0.295896
14.65 -0.307702
14.66 -0.316089
14.67 -0.31989
14.68 -0.31883
14.69 -0.312484
14.7 -0.300545
14.71 -0.28286
14.72 -0.259438
14.73 -0.230449
14.74 -0.196196
14.75 -0.156796
14.76 -0.113397
14.77 -0.0667696
14.78 -0.0177815
14.79 0.0326239
14.8 0.0834546
14.81 0.133695
14.82 0.182287
14.83 0.227973
14.84 0.269996
14.85 0.307533
14.86 0.339869
14.87 0.366411
14.88 0.386702
14.89 0.400428
14.9 0.407228
14.91 0.406818
14.92 0.399848
14.93 0.38662
14.94 0.367554
14.95 0.343178
14.96 0.314105
14.97 0.281016
14.98 0.244531
14.99 0.205451
15 0.16471
15.01 0.123027
15.02 0.0810774
15.03 0.0394764
15.04 -0.00123493
15.05 -0.0405984
15.06 -0.0781391
15.07 -0.113567
15.08 -0.146807
15.09 -0.177782
15.1 -0.206496
15.11 -0.233017
15.12 -0.257468
15.13 -0.280007
15.14 -0.300718
15.15 -0.319861
15.16 -0.337669
15.17 -0.354287
15.18 -0.369816
15.19 -0.384304
15.2 -0.397739
15.21 -0.410047
15.22 -0.420968
15.23 -0.430329
15.24 -0.43788
15.25 -0.443292
15.26 -0.446199
15.27 -0.446215
15.28 -0.442948
15.29 -0.436017
15.3 -0.42469
15.31 -0.408959
15.32 -0.388661
15.33 -0.36367
15.34 -0.33396
15.35 -0.299617
15.36 -0.260845
15.37 -0.217967
15.38 -0.171116
15.39 -0.12129
15.4 -0.0691847
15.41 -0.0155865
15.42 0.0386431
15.43 0.0925878
15.44 0.145298
15.45 0.195779
15.46 0.242747
15.47 0.285529
15.48 0.323315
15.49 0.355393
15.5 0.381169
15.51 0.400188
15.52 0.412145
15.53 0.416729
15.54 0.413606
15.55 0.403578
15.56 0.387054
15.57 0.364602
15.58 0.336932
15.59 0.304883
15.6 0.269401
15.61 0.231467
15.62 0.192264
15.63 0.15305
15.64 0.114925
15.65 0.0789522
15.66 0.0461247
15.67 0.0173447
15.68 -0.00660202
15.69 -0.02478
15.7 -0.036613
15.71 -0.0421109
15.72 -0.0411595
15.73 -0.0338203
15.74 -0.0203269
15.75 -0.00107804
15.76 0.023375
15.77 0.0525629
15.78 0.0854819
15.79 0.121028
15.8 0.158217
15.81 0.196031
15.82 0.233439
15.83 0.269427
15.84 0.303024
15.85 0.333028
15.86 0.358682
15.87 0.379408
15.88 0.39465
15.89 0.403993
15.9 0.407164
15.91 0.40404
15.92 0.394644
15.93 0.37866
15.94 0.356843
15.95 0.329756
15.96 0.297962
15.97 0.262111
15.98 0.222925
15.99 0.18118
16 0.137682
16.01 0.0932392
16.02 0.0488166
16.03 0.00519707
16.04 -0.0368869
16.05 -0.076763
16.06 -0.113831
16.07 -0.147572
16.08 -0.17753
16.09 -0.202981
16.1 -0.224073
16.11 -0.240684
16.12 -0.252788
16.13 -0.260443
16.14 -0.263791
16.15 -0.263049
16.16 -0.258435
16.17 -0.250105
16.18 -0.238767
16.19 -0.224848
16.2 -0.208802
16.21 -0.191099
16.22 -0.172211
16.23 -0.152614
16.24 -0.132779
16.25 -0.113217
16.26 -0.0943608
16.27 -0.076605
16.28 -0.0603114
16.29 -0.0458061
16.3 -0.0333759
16.31 -0.0232659
16.32 -0.015789
16.33 -0.0111589
16.34 -0.00931682
16.35 -0.0103041
16.36 -0.0141096
16.37 -0.0206682
16.38 -0.0298603
16.39 -0.0415111
16.4 -0.0554951
16.41 -0.071468
16.42 -0.0889762
16.43 -0.107621
16.44 -0.126957
16.45 -0.146501
16.46 -0.165731
16.47 -0.184101
16.48 -0.200912
16.49 -0.215562
16.5 -0.227533
16.51 -0.236269
16.52 -0.241243
16.53 -0.24197
16.54 -0.238015
16.55 -0.229013
16.56 -0.214241
16.57 -0.193783
16.58 -0.167686
16.59 -0.135979
16.6 -0.0988013
16.61 -0.0564083
16.62 -0.00916971
16.63 0.0424323
16.64 0.0980837
16.65 0.15672
16.66 0.217499
16.67 0.279551
16.68 0.341948
16.69 0.403726
16.7 0.463897
16.71 0.521477
16.72 0.575048
16.73 0.62398
16.74 0.667432
16.75 0.704647
16.76 0.73497
16.77 0.757867
16.78 0.77293
16.79 0.779791
16.8 0.777705
16.81 0.767459
16.82 0.749266
16.83 0.723483
16.84 0.690599
16.85 0.651226
16.86 0.606087
16.87 0.555898
16.88 0.501443
16.89 0.444042
16.9 0.38467
16.91 0.324307
16.92 0.263912
16.93 0.204408
16.94 0.14666
16.95 0.0915734
16.96 0.0400151
16.97 -0.00762293
16.98 -0.0508917
16.99 -0.0894645
17 -0.123139
17.01 -0.151839
17.02 -0.175608
17.03 -0.194388
17.04 -0.208471
17.05 -0.218489
17.06 -0.224899
17.07 -0.228221
17.08 -0.229018
17.09 -0.227884
17.1 -0.225424
17.11 -0.222232
17.12 -0.218973
17.13 -0.21621
17.14 -0.214428
17.15 -0.214054
17.16 -0.215445
17.17 -0.218882
17.18 -0.224568
17.19 -0.232798
17.2 -0.243505
17.21 -0.256561
17.22 -0.271838
17.23 -0.289138
17.24 -0.308205
17.25 -0.32873
17.26 -0.350363
17.27 -0.372743
17.28 -0.395367
17.29 -0.417796
17.3 -0.439597
17.31 -0.46034
17.32 -0.479607
17.33 -0.496994
17.34 -0.512122
17.35 -0.524355
17.36 -0.533585
17.37 -0.539546
17.38 -0.541993
17.39 -0.540721
17.4 -0.535561
17.41 -0.526385
17.42 -0.513079
17.43 -0.495229
17.44 -0.473227
17.45 -0.447121
17.46 -0.416996
17.47 -0.382983
17.48 -0.345255
17.49 -0.304032
17.5 -0.25952
17.51 -0.211882
17.52 -0.161744
17.53 -0.109517
17.54 -0.055653
17.55 -0.000646112
17.56 0.0549711
17.57 0.110632
17.58 0.165702
17.59 0.219438
17.6 0.271247
17.61 0.320488
17.62 0.366522
17.63 0.408729
17.64 0.446513
17.65 0.479319
17.66 0.506387
17.67 0.527127
17.68 0.541516
17.69 0.549286
17.7 0.55027
17.71 0.544397
17.72 0.531709
17.73 0.512355
17.74 0.486275
17.75 0.453959
17.76 0.416214
17.77 0.373652
17.78 0.326977
17.79 0.27697
17.8 0.22448
17.81 0.170408
17.82 0.115713
17.83 0.0614796
17.84 0.00867225
17.85 -0.0417902
17.86 -0.0890344
17.87 -0.132251
17.88 -0.170709
17.89 -0.203777
17.9 -0.230434
17.91 -0.250582
17.92 -0.264115
17.93 -0.270928
17.94 -0.271052
17.95 -0.264653
17.96 -0.252029
17.97 -0.233602
17.98 -0.20949
17.99 -0.180824
18 -0.1484
18.01 -0.113025
18.02 -0.0755489
18.03 -0.0368478
18.04 0.00219574
18.05 0.040712
18.06 0.0776503
18.07 0.112312
18.08 0.144001
18.09 0.172111
18.1 0.196134
18.11 0.21567
18.12 0.230436
18.13 0.240205
18.14 0.244566
18.15 0.244064
18.16 0.238916
18.17 0.229444
18.18 0.216064
18.19 0.199275
18.2 0.179639
18.21 0.157736
18.22 0.134214
18.23 0.109904
18.24 0.0854731
18.25 0.061564
18.26 0.0387831
18.27 0.0176846
18.28 -0.00124267
18.29 -0.0174794
18.3 -0.03059
18.31 -0.0405374
18.32 -0.047213
18.33 -0.0506089
18.34 -0.0508164
18.35 -0.0480233
18.36 -0.0425076
18.37 -0.0345372
18.38 -0.0246056
18.39 -0.0133416
18.4 -0.00129653
18.41 0.0109482
18.42 0.0227965
18.43 0.0336523
18.44 0.0429352
18.45 0.0499344
18.46 0.0541309
18.47 0.055182
18.48 0.0527277
18.49 0.0464896
18.5 0.0362779
18.51 0.0219973
18.52 0.00365014
18.53 -0.0189355
18.54 -0.0453501
18.55 -0.0751657
18.56 -0.107982
18.57 -0.143321
18.58 -0.180639
18.59 -0.219334
18.6 -0.258764
18.61 -0.298206
18.62 -0.336904
18.63 -0.37418
18.64 -0.409381
18.65 -0.441888
18.66 -0.471133
18.67 -0.496615
18.68 -0.517904
18.69 -0.534197
18.7 -0.545654
18.71 -0.552172
18.72 -0.553726
18.73 -0.550393
18.74 -0.542349
18.75 -0.529867
18.76 -0.513277
18.77 -0.492751
18.78 -0.469183
18.79 -0.443136
18.8 -0.415208
18.81 -0.386014
18.82 -0.356168
18.83 -0.326271
18.84 -0.296913
18.85 -0.268732
18.86 -0.24212
18.87 -0.217442
18.88 -0.194973
18.89 -0.174896
18.9 -0.15729
18.91 -0.142136
18.92 -0.129372
18.93 -0.118821
18.94 -0.109986
18.95 -0.102452
18.96 -0.0957357
18.97 -0.0893048
18.98 -0.0825898
18.99 -0.0750039
19 -0.065874
19.01 -0.0545359
19.02 -0.040569
19.03 -0.0235272
19.04 -0.00304514
19.05 0.0211464
19.06 0.0492082
19.07 0.0811823
19.08 0.117183
19.09 0.156918
19.1 0.199837
19.11 0.245443
19.12 0.293121
19.13 0.342156
19.14 0.391742
19.15 0.441001
19.16 0.488854
19.17 0.534269
19.18 0.576332
19.19 0.614106
19.2 0.646706
19.21 0.673317
19.22 0.69322
19.23 0.705808
19.24 0.70997
19.25 0.705807
19.26 0.693364
19.27 0.672679
19.28 0.643953
19.29 0.607553
19.3 0.564003
19.31 0.513975
19.32 0.457843
19.33 0.397082
19.34 0.332783
19.35 0.26604
19.36 0.197984
19.37 0.12976
19.38 0.062495
19.39 -0.00271905
19.4 -0.0644655
19.41 -0.122064
19.42 -0.174727
19.43 -0.2218
19.44 -0.262772
19.45 -0.297291
19.46 -0.32516
19.47 -0.346259
19.48 -0.360251
19.49 -0.368031
19.5 -0.370038
19.51 -0.36683
19.52 -0.35906
19.53 -0.347457
19.54 -0.332804
19.55 -0.315875
19.56 -0.297503
19.57 -0.278628
19.58 -0.259977
19.59 -0.242203
19.6 -0.225866
19.61 -0.211419
19.62 -0.199194
19.63 -0.189484
19.64 -0.182414
19.65 -0.177727
19.66 -0.175192
19.67 -0.17446
19.68 -0.175072
19.69 -0.176477
19.7 -0.178049
19.71 -0.179051
19.72 -0.178672
19.73 -0.176232
19.74 -0.171044
19.75 -0.162467
19.76 -0.149932
19.77 -0.13296
19.78 -0.111177
19.79 -0.0840206
19.8 -0.0514904
19.81 -0.0138576
19.82 0.0286626
19.83 0.0757085
19.84 0.126777
19.85 0.181231
19.86 0.238315
19.87 0.297226
19.88 0.356824
19.89 0.416041
19.9 0.473823
19.91 0.529109
19.92 0.580852
19.93 0.62805
19.94 0.669767
19.95 0.704553
19.96 0.732055
19.97 0.751805
19.98 0.763379
19.99 0.766514
20 0.761111
20.01 0.747244
20.02 0.725155
20.03 0.694553
20.04 0.656803
20.05 0.612685
20.06 0.563072
20.07 0.508945
20.08 0.45137
20.09 0.391477
20.1 0.330436
20.11 0.269556
20.12 0.210091
20.13 0.153159
20.14 0.0998137
20.15 0.0510177
20.16 0.00762487
20.17 -0.029638
20.18 -0.060045
20.19 -0.0826893
20.2 -0.0978966
20.21 -0.105603
20.22 -0.105909
20.23 -0.0990794
20.24 -0.0855306
20.25 -0.0658243
20.26 -0.0405068
20.27 -0.0103165
20.28 0.0234534
20.29 0.0598147
20.3 0.0977341
20.31 0.136156
20.32 0.174025
20.33 0.210312
20.34 0.243878
20.35 0.273651
20.36 0.298982
20.37 0.319181
20.38 0.333676
20.39 0.342034
20.4 0.343961
20.41 0.339314
20.42 0.32774
20.43 0.309493
20.44 0.285197
20.45 0.255306
20.46 0.22039
20.47 0.181118
20.48 0.138246
20.49 0.0925909
20.5 0.0449482
20.51 -0.00362806
20.52 -0.0521955
20.53 -0.0999004
20.54 -0.145937
20.55 -0.189566
20.56 -0.230134
20.57 -0.267084
20.58 -0.299623
20.59 -0.32765
20.6 -0.351089
20.61 -0.369907
20.62 -0.384198
20.63 -0.394178
20.64 -0.40018
20.65 -0.402637
20.66 -0.401852
20.67 -0.398732
20.68 -0.393967
20.69 -0.388243
20.7 -0.382256
20.71 -0.37669
20.72 -0.372193
20.73 -0.369365
20.74 -0.368993
20.75 -0.371314
20.76 -0.376644
20.77 -0.385183
20.78 -0.397015
20.79 -0.412106
20.8 -0.430299
20.81 -0.451361
20.82 -0.475043
20.83 -0.50061
20.84 -0.527494
20.85 -0.555064
20.86 -0.582652
20.87 -0.609565
20.88 -0.635111
20.89 -0.658548
20.9 -0.679041
20.91 -0.696196
20.92 -0.709534
20.93 -0.71867
20.94 -0.723321
20.95 -0.723315
20.96 -0.718596
20.97 -0.70905
20.98 -0.694766
20.99 -0.676333
21 -0.654137
21.01 -0.628639
21.02 -0.600358
21.03 -0.569855
21.04 -0.537709
21.05 -0.504477
21.06 -0.47079
21.07 -0.437202
21.08 -0.404156
21.09 -0.372015
21.1 -0.341049
21.11 -0.311428
21.12 -0.283214
21.13 -0.256433
21.14 -0.230865
21.15 -0.206176
21.16 -0.181997
21.17 -0.157884
21.18 -0.133338
21.19 -0.10782
21.2 -0.0807786
21.21 -0.0514795
21.22 -0.0194558
21.23 0.0156725
21.24 0.0542612
21.25 0.0965629
21.26 0.14271
21.27 0.192703
21.28 0.246397
21.29 0.303752
21.3 0.36402
21.31 0.426525
21.32 0.49051
21.33 0.555099
21.34 0.619314
21.35 0.682101
21.36 0.742351
21.37 0.798459
21.38 0.849545
21.39 0.89454
21.4 0.932431
21.41 0.962304
21.42 0.983371
21.43 0.994991
21.44 0.99661
21.45 0.98706
21.46 0.967224
21.47 0.937255
21.48 0.897504
21.49 0.848512
21.5 0.790998
21.51 0.725847
21.52 0.653976
21.53 0.576337
21.54 0.494705
21.55 0.410382
21.56 0.324696
21.57 0.238962
21.58 0.154457
21.59 0.0723905
21.6 -0.00597337
21.61 -0.0793601
21.62 -0.147201
21.63 -0.208821
21.64 -0.26371
21.65 -0.31152
21.66 -0.352071
21.67 -0.385338
21.68 -0.411143
21.69 -0.429703
21.7 -0.441827
21.71 -0.448006
21.72 -0.448796
21.73 -0.444799
21.74 -0.436638
21.75 -0.424932
21.76 -0.410146
21.77 -0.392931
21.78 -0.373897
21.79 -0.353449
21.8 -0.331913
21.81 -0.309528
21.82 -0.286452
21.83 -0.262759
21.84 -0.238409
21.85 -0.21335
21.86 -0.187492
21.87 -0.160695
21.88 -0.132816
21.89 -0.10372
21.9 -0.0733018
21.91 -0.0415012
21.92 -0.00821593
21.93 0.0263766
21.94 0.0620659
21.95 0.0985803
21.96 0.135557
21.97 0.172545
21.98 0.209012
21.99 0.244355
22 0.277688
22.01 0.308396
22.02 0.335783
22.03 0.359149
22.04 0.377831
22.05 0.391225
22.06 0.398809
22.07 0.400151
22.08 0.394312
22.09 0.381798
22.1 0.362645
22.11 0.337052
22.12 0.305378
22.13 0.268143
22.14 0.226015
22.15 0.179756
22.16 0.130179
22.17 0.0786696
22.18 0.0263365
22.19 -0.0256756
22.2 -0.0762168
22.21 -0.124163
22.22 -0.168445
22.23 -0.207935
22.24 -0.241408
22.25 -0.268534
22.26 -0.288784
22.27 -0.301809
22.28 -0.307448
22.29 -0.305735
22.3 -0.296892
22.31 -0.281095
22.32 -0.258865
22.33 -0.231393
22.34 -0.199573
22.35 -0.164401
22.36 -0.126939
22.37 -0.0882905
22.38 -0.0495636
22.39 -0.0119457
22.4 0.0234061
22.41 0.0556365
22.42 0.0839501
22.43 0.10769
22.44 0.126355
22.45 0.139609
22.46 0.14729
22.47 0.149074
22.48 0.145313
22.49 0.136594
22.5 0.123429
22.51 0.106441
22.52 0.0863498
22.53 0.0639399
22.54 0.0400355
22.55 0.0154839
22.56 -0.00878404
22.57 -0.031999
22.58 -0.0534836
22.59 -0.0726588
22.6 -0.0890604
22.61 -0.102352
22.62 -0.112335
22.63 -0.118665
22.64 -0.121689
22.65 -0.121699
22.66 -0.119052
22.67 -0.114206
22.68 -0.107699
22.69 -0.100127
22.7 -0.0921228
22.71 -0.0844107
22.72 -0.0776462
22.73 -0.0724028
22.74 -0.0691886
22.75 -0.0684259
22.76 -0.0704362
22.77 -0.0754284
22.78 -0.0835172
22.79 -0.0949062
22.8 -0.109124
22.81 -0.125872
22.82 -0.144749
22.83 -0.165268
22.84 -0.186872
22.85 -0.208956
22.86 -0.230871
22.87 -0.251863
22.88 -0.271345
22.89 -0.288756
22.9 -0.3036
22.91 -0.315468
22.92 -0.324044
22.93 -0.32912
22.94 -0.330486
22.95 -0.328048
22.96 -0.322211
22.97 -0.313236
22.98 -0.301469
22.99 -0.287333
23 -0.271306
23.01 -0.253899
23.02 -0.235622
23.03 -0.217049
23.04 -0.198694
23.05 -0.180966
23.06 -0.164195
23.07 -0.148619
23.08 -0.134367
23.09 -0.121455
23.1 -0.109838
23.11 -0.0992353
23.12 -0.0892329
23.13 -0.0793735
23.14 -0.0691167
23.15 -0.0578585
23.16 -0.0449533
23.17 -0.0297383
23.18 -0.0113142
23.19 0.0108944
23.2 0.0373209
23.21 0.0684036
23.22 0.104463
23.23 0.145682
23.24 0.192092
23.25 0.243559
23.26 0.300123
23.27 0.360951
23.28 0.425261
23.29 0.49222
23.3 0.560858
23.31 0.630088
23.32 0.698733
23.33 0.765554
23.34 0.828876
23.35 0.887576
23.36 0.940463
23.37 0.986394
23.38 1.02433
23.39 1.05337
23.4 1.07277
23.41 1.08195
23.42 1.0795
23.43 1.06634
23.44 1.04258
23.45 1.00854
23.46 0.964738
23.47 0.911883
23.48 0.850859
23.49 0.782606
23.5 0.707986
23.51 0.628862
23.52 0.546547
23.53 0.462371
23.54 0.377654
23.55 0.293671
23.56 0.211622
23.57 0.132717
23.58 0.0582259
23.59 -0.0112923
23.6 -0.0751982
23.61 -0.133019
23.62 -0.18445
23.63 -0.229356
23.64 -0.267757
23.65 -0.299591
23.66 -0.325072
23.67 -0.345035
23.68 -0.360006
23.69 -0.370573
23.7 -0.377362
23.71 -0.38101
23.72 -0.382147
23.73 -0.381299
23.74 -0.379077
23.75 -0.376029
23.76 -0.372525
23.77 -0.368842
23.78 -0.365158
23.79 -0.361556
23.8 -0.358021
23.81 -0.354439
23.82 -0.350601
23.83 -0.346253
23.84 -0.3411
23.85 -0.334819
23.86 -0.327082
23.87 -0.317573
23.88 -0.306008
23.89 -0.291963
23.9 -0.275364
23.91 -0.256195
23.92 -0.234462
23.93 -0.210264
23.94 -0.183795
23.95 -0.155343
23.96 -0.125284
23.97 -0.0940185
23.98 -0.0622167
23.99 -0.0304856
24 0.000548904
24.01 0.0302444
24.02 0.05796
24.03 0.0830758
24.04 0.105011
24.05 0.122831
24.06 0.136414
24.07 0.145431
24.08 0.149638
24.09 0.148901
24.1 0.143198
24.11 0.132619
24.12 0.117323
24.13 0.0972984
24.14 0.0733951
24.15 0.0461193
24.16 0.0160448
24.17 -0.016203
24.18 -0.0499635
24.19 -0.0845588
24.2 -0.1193
24.21 -0.153425
24.22 -0.186317
24.23 -0.217415
24.24 -0.246225
24.25 -0.27233
24.26 -0.295396
24.27 -0.315179
24.28 -0.331412
24.29 -0.343918
24.3 -0.352983
24.31 -0.35874
24.32 -0.361398
24.33 -0.361227
24.34 -0.358552
24.35 -0.353738
24.36 -0.347118
24.37 -0.339141
24.38 -0.330309
24.39 -0.321017
24.4 -0.311637
24.41 -0.302505
24.42 -0.293917
24.43 -0.286123
24.44 -0.279384
24.45 -0.273842
24.46 -0.269527
24.47 -0.266464
24.48 -0.264625
24.49 -0.263943
24.5 -0.264308
24.51 -0.265582
24.52 -0.267637
24.53 -0.270245
24.54 -0.27319
24.55 -0.276281
24.56 -0.279334
24.57 -0.282177
24.58 -0.284654
24.59 -0.286632
24.6 -0.287944
24.61 -0.288535
24.62 -0.288366
24.63 -0.287407
24.64 -0.285651
24.65 -0.283111
24.66 -0.279818
24.67 -0.275814
24.68 -0.271094
24.69 -0.265776
24.7 -0.259922
24.71 -0.253584
24.72 -0.246805
24.73 -0.239623
24.74 -0.232057
24.75 -0.224117
24.76 -0.215758
24.77 -0.206993
24.78 -0.197785
24.79 -0.188084
24.8 -0.177831
24.81 -0.166955
24.82 -0.155385
24.83 -0.143029
24.84 -0.129741
24.85 -0.115514
24.86 -0.10028
24.87 -0.0839788
24.88 -0.0665585
24.89 -0.04798
24.9 -0.028217
24.91 -0.00722438
24.92 0.0150494
24.93 0.038495
24.94 0.0630764
24.95 0.0887425
24.96 0.115427
24.97 0.14305
24.98 0.171516
24.99 0.200739
25 0.230592
25.01 0.26089
25.02 0.291477
25.03 0.322184
25.04 0.352827
25.05 0.383206
25.06 0.413109
25.07 0.442257
25.08 0.470373
25.09 0.497235
25.1 0.52257
25.11 0.546096
25.12 0.56752
25.13 0.586547
25.14 0.602878
25.15 0.616008
25.16 0.625689
25.17 0.631763
25.18 0.633976
25.19 0.6321
25.2 0.625939
25.21 0.615336
25.22 0.600178
25.23 0.580053
25.24 0.55519
25.25 0.525777
25.26 0.491946
25.27 0.453897
25.28 0.411896
25.29 0.366275
25.3 0.317433
25.31 0.265634
25.32 0.211656
25.33 0.156115
25.34 0.0996309
25.35 0.0428558
25.36 -0.0135364
25.37 -0.06886
25.38 -0.122429
25.39 -0.173261
25.4 -0.220889
25.41 -0.264708
25.42 -0.304156
25.43 -0.338724
25.44 -0.367971
25.45 -0.391526
25.46 -0.409036
25.47 -0.419771
25.48 -0.424181
25.49 -0.422248
25.5 -0.414042
25.51 -0.399718
25.52 -0.379508
25.53 -0.353722
25.54 -0.322635
25.55 -0.286472
25.56 -0.246149
25.57 -0.202219
25.58 -0.155271
25.59 -0.105921
25.6 -0.0548054
25.61 -0.00256974
25.62 0.0501288
25.63 0.10256
25.64 0.154067
25.65 0.204039
25.66 0.251885
25.67 0.297047
25.68 0.338997
25.69 0.377243
25.7 0.411124
25.71 0.440135
25.72 0.464158
25.73 0.48289
25.74 0.496075
25.75 0.503514
25.76 0.505062
25.77 0.500632
25.78 0.489856
25.79 0.472867
25.8 0.45005
25.81 0.42159
25.82 0.387745
25.83 0.348842
25.84 0.305278
25.85 0.25752
25.86 0.205892
25.87 0.151209
25.88 0.0942583
25.89 0.0357649
25.9 -0.0235014
25.91 -0.0827358
25.92 -0.141109
25.93 -0.197777
25.94 -0.251623
25.95 -0.301893
25.96 -0.347851
25.97 -0.388753
25.98 -0.423921
25.99 -0.452752
26 -0.474735
26.01 -0.48946
26.02 -0.495911
26.03 -0.494567
26.04 -0.485479
26.05 -0.468769
26.06 -0.444697
26.07 -0.413652
26.08 -0.376154
26.09 -0.332819
26.1 -0.284005
26.11 -0.231129
26.12 -0.175125
26.13 -0.116983
26.14 -0.0577297
26.15 0.00159242
26.16 0.0599474
26.17 0.116278
26.18 0.169319
26.19 0.218379
26.2 0.262673
26.21 0.301521
26.22 0.334362
26.23 0.36076
26.24 0.380414
26.25 0.392967
26.26 0.39809
26.27 0.39643
26.28 0.388253
26.29 0.373935
26.3 0.353958
26.31 0.328889
26.32 0.299364
26.33 0.265952
26.34 0.229406
26.35 0.190687
26.36 0.150523
26.37 0.109615
26.38 0.0686241
26.39 0.0281547
26.4 -0.0112539
26.41 -0.0490379
26.42 -0.0847768
26.43 -0.118271
26.44 -0.149324
26.45 -0.177821
26.46 -0.203721
26.47 -0.227046
26.48 -0.247875
26.49 -0.266192
26.5 -0.282233
26.51 -0.296261
26.52 -0.308452
26.53 -0.318969
26.54 -0.327953
26.55 -0.335513
26.56 -0.341717
26.57 -0.346481
26.58 -0.349832
26.59 -0.351708
26.6 -0.351966
26.61 -0.350416
26.62 -0.346832
26.63 -0.340955
26.64 -0.332511
26.65 -0.320943
26.66 -0.30616
26.67 -0.287952
26.68 -0.266106
26.69 -0.240458
26.7 -0.210905
26.71 -0.177415
26.72 -0.140037
26.73 -0.0985537
26.74 -0.0535909
26.75 -0.00549355
26.76 0.0453116
26.77 0.0983135
26.78 0.152925
26.79 0.20849
26.8 0.264295
26.81 0.319463
26.82 0.373199
26.83 0.424718
26.84 0.473242
26.85 0.518021
26.86 0.558348
26.87 0.593576
26.88 0.622989
26.89 0.645699
26.9 0.661788
26.91 0.670985
26.92 0.673129
26.93 0.668165
26.94 0.656151
26.95 0.63725
26.96 0.611512
26.97 0.579144
26.98 0.541049
26.99 0.497759
27 0.449863
27.01 0.397997
27.02 0.342827
27.03 0.28504
27.04 0.225274
27.05 0.164292
27.06 0.102857
27.07 0.0416034
27.08 -0.018876
27.09 -0.0780313
27.1 -0.135363
27.11 -0.190425
27.12 -0.242653
27.13 -0.291716
27.14 -0.337465
27.15 -0.379688
27.16 -0.418223
27.17 -0.452952
27.18 -0.4838
27.19 -0.510732
27.2 -0.533471
27.21 -0.552203
27.22 -0.567108
27.23 -0.578266
27.24 -0.585774
27.25 -0.589746
27.26 -0.590311
27.27 -0.587611
27.28 -0.58156
27.29 -0.572539
27.3 -0.56079
27.31 -0.546505
27.32 -0.529889
27.33 -0.511157
27.34 -0.490536
27.35 -0.468258
27.36 -0.444454
27.37 -0.419514
27.38 -0.393695
27.39 -0.36724
27.4 -0.340386
27.41 -0.313359
27.42 -0.286369
27.43 -0.259609
27.44 -0.233296
27.45 -0.207536
27.46 -0.182426
27.47 -0.158033
27.48 -0.134382
27.49 -0.111465
27.5 -0.0892375
27.51 -0.0676277
27.52 -0.0465443
27.53 -0.0257942
27.54 -0.00521532
27.55 0.0153669
27.56 0.0361323
27.57 0.0572575
27.58 0.078908
27.59 0.101251
27.6 0.12445
27.61 0.148523
27.62 0.173497
27.63 0.199347
27.64 0.225995
27.65 0.253304
27.66 0.281083
27.67 0.309077
27.68 0.336936
27.69 0.364287
27.7 0.39073
27.71 0.415831
27.72 0.439138
27.73 0.46019
27.74 0.478529
27.75 0.493522
27.76 0.504714
27.77 0.511897
27.78 0.514764
27.79 0.513068
27.8 0.506637
27.81 0.495377
27.82 0.479279
27.83 0.458124
27.84 0.432233
27.85 0.40205
27.86 0.367915
27.87 0.330238
27.88 0.289492
27.89 0.246194
27.9 0.200899
27.91 0.154124
27.92 0.10659
27.93 0.058908
27.94 0.011632
27.95 -0.0347193
27.96 -0.0796742
27.97 -0.122817
27.98 -0.163796
27.99 -0.202097
28 -0.237685
28.01 -0.270475
28.02 -0.300423
28.03 -0.327545
28.04 -0.351922
28.05 -0.373681
28.06 -0.392991
28.07 -0.409843
28.08 -0.424689
28.09 -0.437746
28.1 -0.449211
28.11 -0.459257
28.12 -0.468023
28.13 -0.475599
28.14 -0.482015
28.15 -0.487151
28.16 -0.49102
28.17 -0.493471
28.18 -0.494298
28.19 -0.493245
28.2 -0.490017
28.21 -0.484285
28.22 -0.475633
28.23 -0.463493
28.24 -0.44776
28.25 -0.428133
28.26 -0.404355
28.27 -0.376232
28.28 -0.343644
28.29 -0.306558
28.3 -0.264888
28.31 -0.218701
28.32 -0.168593
28.33 -0.11498
28.34 -0.0583828
28.35 0.000573888
28.36 0.0611718
28.37 0.122611
28.38 0.183975
28.39 0.244209
28.4 0.302363
28.41 0.357473
28.42 0.408589
28.43 0.454798
28.44 0.495242
28.45 0.52914
28.46 0.55535
28.47 0.573359
28.48 0.583066
28.49 0.584203
28.5 0.576647
28.51 0.560432
28.52 0.535742
28.53 0.502914
28.54 0.461938
28.55 0.413826
28.56 0.359584
28.57 0.300088
28.58 0.2363
28.59 0.169253
28.6 0.100023
28.61 0.0297153
28.62 -0.0404657
28.63 -0.109323
28.64 -0.175814
28.65 -0.238955
28.66 -0.297838
28.67 -0.351646
28.68 -0.399666
28.69 -0.441296
28.7 -0.475376
28.71 -0.502137
28.72 -0.521429
28.73 -0.533176
28.74 -0.537422
28.75 -0.534324
28.76 -0.524145
28.77 -0.507211
28.78 -0.483447
28.79 -0.454024
28.8 -0.419528
28.81 -0.380589
28.82 -0.337869
28.83 -0.292046
28.84 -0.243803
28.85 -0.193804
28.86 -0.142712
28.87 -0.0912973
28.88 -0.0401602
28.89 0.0101403
28.9 0.0590894
28.91 0.106221
28.92 0.15112
28.93 0.19334
28.94 0.232417
28.95 0.2683
28.96 0.3008
28.97 0.329781
28.98 0.355152
28.99 0.376872
29 0.394943
29.01 0.409266
29.02 0.419868
29.03 0.427095
29.04 0.431103
29.05 0.43208
29.06 0.430238
29.07 0.425811
29.08 0.419051
29.09 0.410133
29.1 0.399382
29.11 0.387185
29.12 0.37383
29.13 0.359608
29.14 0.344798
29.15 0.329675
29.16 0.314497
29.17 0.299531
29.18 0.285015
29.19 0.271129
29.2 0.258032
29.21 0.245853
29.22 0.234688
29.23 0.2246
29.24 0.215619
29.25 0.207823
29.26 0.201107
29.27 0.195373
29.28 0.19052
29.29 0.186425
29.3 0.182946
29.31 0.179928
29.32 0.177204
29.33 0.1746
29.34 0.171921
29.35 0.169005
29.36 0.1657
29.37 0.161873
29.38 0.157405
29.39 0.152204
29.4 0.146197
29.41 0.13925
29.42 0.131428
29.43 0.12274
29.44 0.113215
29.45 0.102901
29.46 0.0918638
29.47 0.0801795
29.48 0.0679287
29.49 0.0551733
29.5 0.0420515
29.51 0.0286472
29.52 0.0150361
29.53 0.00128265
29.54 -0.0125618
29.55 -0.02646
29.56 -0.0403899
29.57 -0.0543439
29.58 -0.0683252
29.59 -0.0823471
29.6 -0.0964271
29.61 -0.110582
29.62 -0.124823
29.63 -0.13915
29.64 -0.153548
29.65 -0.167971
29.66 -0.182339
29.67 -0.196545
29.68 -0.210448
29.69 -0.223864
29.7 -0.236574
29.71 -0.24832
29.72 -0.258734
29.73 -0.267431
29.74 -0.274129
29.75 -0.278456
29.76 -0.280038
29.77 -0.278503
29.78 -0.273499
29.79 -0.264699
29.8 -0.251566
29.81 -0.23392
29.82 -0.21179
29.83 -0.185115
29.84 -0.153921
29.85 -0.118336
29.86 -0.0785886
29.87 -0.035018
29.88 0.0121288
29.89 0.0620825
29.9 0.114064
29.91 0.167305
29.92 0.220956
29.93 0.274105
29.94 0.325789
29.95 0.375018
29.96 0.420421
29.97 0.461137
29.98 0.496291
29.99 0.525005
30 0.546488
30.01 0.560053
30.02 0.565139
30.03 0.561327
30.04 0.547476
30.05 0.52432
30.06 0.492041
30.07 0.450939
30.08 0.401493
30.09 0.344352
30.1 0.280327
30.11 0.210355
30.12 0.135218
30.13 0.056697
30.14 -0.0238941
30.15 -0.105185
30.16 -0.185777
30.17 -0.264267
30.18 -0.339279
30.19 -0.409386
30.2 -0.47282
30.21 -0.528901
30.22 -0.576664
30.23 -0.615303
30.24 -0.644183
30.25 -0.662852
30.26 -0.671056
30.27 -0.668432
30.28 -0.654721
30.29 -0.631063
30.3 -0.598023
30.31 -0.556339
30.32 -0.506901
30.33 -0.450737
30.34 -0.388983
30.35 -0.322745
30.36 -0.253429
30.37 -0.182617
30.38 -0.111645
30.39 -0.0418238
30.4 0.0255853
30.41 0.0893914
30.42 0.148498
30.43 0.201569
30.44 0.247686
30.45 0.28645
30.46 0.31734
30.47 0.339992
30.48 0.354204
30.49 0.359935
30.5 0.357295
30.51 0.346046
30.52 0.326886
30.53 0.300659
30.54 0.268018
30.55 0.229707
30.56 0.186539
30.57 0.13938
30.58 0.0891271
30.59 0.0365964
30.6 -0.017094
30.61 -0.0710152
30.62 -0.12433
30.63 -0.176257
30.64 -0.22608
30.65 -0.273162
30.66 -0.31695
30.67 -0.356614
30.68 -0.392057
30.69 -0.423079
30.7 -0.449527
30.71 -0.471341
30.72 -0.488548
30.73 -0.501256
30.74 -0.509647
30.75 -0.513589
30.76 -0.513829
30.77 -0.510726
30.78 -0.504673
30.79 -0.496085
30.8 -0.48539
30.81 -0.473018
30.82 -0.459388
30.83 -0.444886
30.84 -0.430002
30.85 -0.41509
30.86 -0.400467
30.87 -0.386413
30.88 -0.373165
30.89 -0.360913
30.9 -0.349836
30.91 -0.340105
30.92 -0.331675
30.93 -0.324547
30.94 -0.31868
30.95 -0.313997
30.96 -0.310384
30.97 -0.307699
30.98 -0.305789
30.99 -0.304452
31 -0.303421
31.01 -0.302468
31.02 -0.301351
31.03 -0.299825
31.04 -0.297639
31.05 -0.294546
31.06 -0.290235
31.07 -0.284429
31.08 -0.276965
31.09 -0.267628
31.1 -0.256221
31.11 -0.242557
31.12 -0.226473
31.13 -0.20782
31.14 -0.186308
31.15 -0.161871
31.16 -0.134552
31.17 -0.104304
31.18 -0.0711123
31.19 -0.0349882
31.2 0.00402267
31.21 0.0458421
31.22 0.0905377
31.23 0.137824
31.24 0.187423
31.25 0.239096
31.26 0.292565
31.27 0.347513
31.28 0.403579
31.29 0.460367
31.3 0.517424
31.31 0.574209
31.32 0.630209
31.33 0.684886
31.34 0.737685
31.35 0.788034
31.36 0.835353
31.37 0.879064
31.38 0.918142
31.39 0.952364
31.4 0.981236
31.41 1.00428
31.42 1.02107
31.43 1.03122
31.44 1.03445
31.45 1.03047
31.46 1.01849
31.47 0.999154
31.48 0.972537
31.49 0.9388
31.5 0.898208
31.51 0.851125
31.52 0.798012
31.53 0.739335
31.54 0.675499
31.55 0.607685
31.56 0.53669
31.57 0.46336
31.58 0.388581
31.59 0.313259
31.6 0.238307
31.61 0.164695
31.62 0.0934887
31.63 0.0254093
31.64 -0.0387849
31.65 -0.0984119
31.66 -0.152879
31.67 -0.201692
31.68 -0.244468
31.69 -0.280666
31.7 -0.310021
31.71 -0.33291
31.72 -0.349454
31.73 -0.359885
31.74 -0.364545
31.75 -0.363869
31.76 -0.35838
31.77 -0.348481
31.78 -0.334941
31.79 -0.318652
31.8 -0.300325
31.81 -0.280674
31.82 -0.260394
31.83 -0.240146
31.84 -0.220543
31.85 -0.202245
31.86 -0.185736
31.87 -0.171338
31.88 -0.159328
31.89 -0.149885
31.9 -0.143088
31.91 -0.138925
31.92 -0.137289
31.93 -0.138148
31.94 -0.141072
31.95 -0.145661
31.96 -0.151522
31.97 -0.158231
31.98 -0.165342
31.99 -0.172407
32 -0.17899
32.01 -0.184567
32.02 -0.188808
32.03 -0.191418
32.04 -0.192155
32.05 -0.190847
32.06 -0.187396
32.07 -0.181785
32.08 -0.174072
32.09 -0.164216
32.1 -0.152653
32.11 -0.139667
32.12 -0.125598
32.13 -0.110828
32.14 -0.0957676
32.15 -0.0808479
32.16 -0.0665166
32.17 -0.053323
32.18 -0.0416095
32.19 -0.0317416
32.2 -0.0240402
32.21 -0.0187727
32.22 -0.0161469
32.23 -0.0163059
32.24 -0.0193944
32.25 -0.0255645
32.26 -0.0345193
32.27 -0.0461206
32.28 -0.0601732
32.29 -0.0764316
32.3 -0.0946076
32.31 -0.114379
32.32 -0.135431
32.33 -0.15738
32.34 -0.17978
32.35 -0.202267
32.36 -0.224489
32.37 -0.246115
32.38 -0.266834
32.39 -0.286363
32.4 -0.304371
32.41 -0.3206
32.42 -0.334943
32.43 -0.347242
32.44 -0.357361
32.45 -0.365186
32.46 -0.370615
32.47 -0.373557
32.48 -0.373769
32.49 -0.371202
32.5 -0.365874
32.51 -0.357691
32.52 -0.346549
32.53 -0.332338
32.54 -0.314945
32.55 -0.29425
32.56 -0.269885
32.57 -0.241878
32.58 -0.210246
32.59 -0.174928
32.6 -0.135903
32.61 -0.0931927
32.62 -0.0468745
32.63 0.00291112
32.64 0.0562007
32.65 0.112446
32.66 0.171196
32.67 0.231974
32.68 0.294216
32.69 0.357277
32.7 0.420434
32.71 0.4829
32.72 0.543595
32.73 0.601687
32.74 0.656266
32.75 0.706412
32.76 0.751221
32.77 0.789825
32.78 0.821417
32.79 0.845213
32.8 0.859792
32.81 0.865421
32.82 0.86176
32.83 0.848624
32.84 0.825987
32.85 0.793997
32.86 0.752967
32.87 0.703241
32.88 0.645052
32.89 0.579944
32.9 0.508895
32.91 0.433003
32.92 0.353462
32.93 0.271537
32.94 0.188543
32.95 0.105861
32.96 0.0250349
32.97 -0.0526991
32.98 -0.126145
32.99 -0.194205
33 -0.255905
33.01 -0.310411
33.02 -0.35705
33.03 -0.394949
33.04 -0.423626
33.05 -0.443484
33.06 -0.454614
33.07 -0.457284
33.08 -0.451922
33.09 -0.439113
33.1 -0.419569
33.11 -0.393847
33.12 -0.363034
33.13 -0.328387
33.14 -0.290921
33.15 -0.251649
33.16 -0.211564
33.17 -0.171609
33.18 -0.132656
33.19 -0.0956526
33.2 -0.0612805
33.21 -0.0299981
33.22 -0.00219818
33.23 0.0218614
33.24 0.0420577
33.25 0.0583991
33.26 0.0710174
33.27 0.0799138
33.28 0.0856747
33.29 0.0888242
33.3 0.0898667
33.31 0.0893463
33.32 0.0878275
33.33 0.0858752
33.34 0.0840358
33.35 0.0829173
33.36 0.0829606
33.37 0.0845317
33.38 0.0879252
33.39 0.0933493
33.4 0.100922
33.41 0.110669
33.42 0.122529
33.43 0.136527
33.44 0.152206
33.45 0.169257
33.46 0.187316
33.47 0.205978
33.48 0.22481
33.49 0.243364
33.5 0.261176
33.51 0.277677
33.52 0.292533
33.53 0.305375
33.54 0.31588
33.55 0.323773
33.56 0.328834
33.57 0.330899
33.58 0.32978
33.59 0.325258
33.6 0.317575
33.61 0.30678
33.62 0.292956
33.63 0.276213
33.64 0.256684
33.65 0.234514
33.66 0.209769
33.67 0.182556
33.68 0.153179
33.69 0.121775
33.7 0.0884712
33.71 0.0533816
33.72 0.0166126
33.73 -0.0217358
33.74 -0.0616321
33.75 -0.102965
33.76 -0.14554
33.77 -0.189221
33.78 -0.233845
33.79 -0.279216
33.8 -0.325097
33.81 -0.371206
33.82 -0.417182
33.83 -0.462593
33.84 -0.506999
33.85 -0.549911
33.86 -0.590796
33.87 -0.629089
33.88 -0.664198
33.89 -0.695523
33.9 -0.722099
33.91 -0.743473
33.92 -0.759231
33.93 -0.768887
33.94 -0.772024
33.95 -0.768311
33.96 -0.757518
33.97 -0.739531
33.98 -0.713765
33.99 -0.680883
34 -0.641321
34.01 -0.595535
34.02 -0.544113
34.03 -0.487778
34.04 -0.427368
34.05 -0.363829
34.06 -0.298103
34.07 -0.231592
34.08 -0.165464
34.09 -0.100894
34.1 -0.0390488
34.11 0.018941
34.12 0.0720059
34.13 0.119114
34.14 0.158719
34.15 0.190686
34.16 0.214457
34.17 0.229645
34.18 0.236035
34.19 0.233597
34.2 0.222483
34.21 0.202879
34.22 0.174873
34.23 0.139853
34.24 0.0986664
34.25 0.0522845
34.26 0.00177647
34.27 -0.0517138
34.28 -0.106994
34.29 -0.162828
34.3 -0.217841
34.31 -0.270845
34.32 -0.320743
34.33 -0.366532
34.34 -0.407314
34.35 -0.44232
34.36 -0.470922
34.37 -0.492332
34.38 -0.506098
34.39 -0.512504
34.4 -0.511586
34.41 -0.503527
34.42 -0.488651
34.43 -0.467408
34.44 -0.440357
34.45 -0.407906
34.46 -0.370925
34.47 -0.330431
34.48 -0.287228
34.49 -0.242124
34.5 -0.195906
34.51 -0.14933
34.52 -0.103094
34.53 -0.0579368
34.54 -0.0144321
34.55 0.0270132
34.56 0.0660515
34.57 0.102433
34.58 0.136002
34.59 0.166699
34.6 0.19455
34.61 0.219455
34.62 0.241769
34.63 0.261793
34.64 0.279806
34.65 0.296114
34.66 0.311035
34.67 0.324886
34.68 0.337969
34.69 0.350544
34.7 0.362907
34.71 0.375252
34.72 0.387718
34.73 0.400386
34.74 0.413282
34.75 0.426375
34.76 0.439577
34.77 0.45273
34.78 0.465632
34.79 0.47805
34.8 0.489727
34.81 0.500381
34.82 0.509722
34.83 0.517459
34.84 0.523279
34.85 0.526724
34.86 0.527731
34.87 0.526098
34.88 0.521665
34.89 0.514317
34.9 0.503985
34.91 0.490655
34.92 0.474291
34.93 0.454855
34.94 0.432722
34.95 0.408096
34.96 0.38122
34.97 0.352382
34.98 0.321901
34.99 0.290131
35 0.257426
35.01 0.22422
35.02 0.190973
35.03 0.158099
35.04 0.126008
35.05 0.0951034
35.06 0.0657746
35.07 0.0383944
35.08 0.0134413
35.09 -0.00871499
35.1 -0.0279157
35.11 -0.0439164
35.12 -0.0565132
35.13 -0.065546
35.14 -0.0709009
35.15 -0.0725135
35.16 -0.0701441
35.17 -0.0639236
35.18 -0.0541114
35.19 -0.0408709
35.2 -0.0244213
35.21 -0.00503601
35.22 0.0169578
35.23 0.0411822
35.24 0.0673072
35.25 0.0947233
35.26 0.122863
35.27 0.151178
35.28 0.179096
35.29 0.20603
35.3 0.231385
35.31 0.254571
35.32 0.274732
35.33 0.291455
35.34 0.304281
35.35 0.312756
35.36 0.316488
35.37 0.315154
35.38 0.308514
35.39 0.296415
35.4 0.278272
35.41 0.254659
35.42 0.225778
35.43 0.19191
35.44 0.153442
35.45 0.11086
35.46 0.0647492
35.47 0.0157634
35.48 -0.0354449
35.49 -0.0877922
35.5 -0.140405
35.51 -0.192378
35.52 -0.242793
35.53 -0.290735
35.54 -0.335312
35.55 -0.375572
35.56 -0.410328
35.57 -0.439238
35.58 -0.461701
35.59 -0.477225
35.6 -0.485437
35.61 -0.486097
35.62 -0.479098
35.63 -0.464243
35.64 -0.441462
35.65 -0.411638
35.66 -0.375254
35.67 -0.332919
35.68 -0.285353
35.69 -0.233377
35.7 -0.177896
35.71 -0.119816
35.72 -0.0602726
35.73 -0.000453276
35.74 0.058592
35.75 0.115832
35.76 0.170274
35.77 0.220984
35.78 0.267103
35.79 0.307527
35.8 0.341575
35.81 0.368981
35.82 0.389359
35.83 0.402457
35.84 0.408156
35.85 0.406475
35.86 0.397568
35.87 0.381276
35.88 0.358293
35.89 0.329389
35.9 0.295193
35.91 0.256413
35.92 0.213819
35.93 0.168229
35.94 0.120492
35.95 0.071436
35.96 0.0220777
35.97 -0.0267291
35.98 -0.074198
35.99 -0.119598
36 -0.162264
36.01 -0.201611
36.02 -0.237141
36.03 -0.268037
36.04 -0.294327
36.05 -0.315877
36.06 -0.332616
36.07 -0.34457
36.08 -0.351864
36.09 -0.354716
36.1 -0.353418
36.11 -0.348023
36.12 -0.339393
36.13 -0.328033
36.14 -0.314485
36.15 -0.29932
36.16 -0.283118
36.17 -0.26646
36.18 -0.249923
36.19 -0.234152
36.2 -0.219623
36.21 -0.206776
36.22 -0.195993
36.23 -0.187585
36.24 -0.181791
36.25 -0.178765
36.26 -0.178654
36.27 -0.181573
36.28 -0.187186
36.29 -0.19529
36.3 -0.2056
36.31 -0.217762
36.32 -0.231351
36.33 -0.245888
36.34 -0.260838
36.35 -0.275558
36.36 -0.289436
36.37 -0.301873
36.38 -0.312279
36.39 -0.320081
36.4 -0.324745
36.41 -0.325779
36.42 -0.322536
36.43 -0.31461
36.44 -0.301962
36.45 -0.284432
36.46 -0.26196
36.47 -0.234591
36.48 -0.202476
36.49 -0.165876
36.5 -0.12493
36.51 -0.0802658
36.52 -0.0326253
36.53 0.0173293
36.54 0.0688661
36.55 0.121197
36.56 0.173495
36.57 0.224905
36.58 0.274378
36.59 0.321055
36.6 0.364181
36.61 0.403003
36.62 0.436841
36.63 0.465098
36.64 0.487281
36.65 0.503008
36.66 0.511438
36.67 0.512923
36.68 0.507613
36.69 0.495691
36.7 0.477474
36.71 0.453406
36.72 0.424057
36.73 0.390102
36.74 0.352025
36.75 0.31112
36.76 0.268324
36.77 0.224594
36.78 0.180901
36.79 0.138206
36.8 0.0974387
36.81 0.0595068
36.82 0.0255996
36.83 -0.00387023
36.84 -0.0283262
36.85 -0.0473172
36.86 -0.0605274
36.87 -0.0677835
36.88 -0.0690585
36.89 -0.0643602
36.9 -0.0536534
36.91 -0.0378431
36.92 -0.0174819
36.93 0.00676916
36.94 0.034158
36.95 0.0638596
36.96 0.0949974
36.97 0.12665
36.98 0.157777
36.99 0.18746
37 0.21485
37.01 0.239161
37.02 0.259692
37.03 0.275838
37.04 0.287108
37.05 0.292894
37.06 0.292872
37.07 0.287282
37.08 0.276192
37.09 0.259805
37.1 0.238445
37.11 0.212554
37.12 0.182672
37.13 0.149278
37.14 0.113197
37.15 0.0753259
37.16 0.0364338
37.17 -0.00271161
37.18 -0.0413638
37.19 -0.0788172
37.2 -0.114426
37.21 -0.147426
37.22 -0.177381
37.23 -0.204028
37.24 -0.227136
37.25 -0.246592
37.26 -0.262401
37.27 -0.274691
37.28 -0.283696
37.29 -0.289561
37.3 -0.292948
37.31 -0.294447
37.32 -0.294643
37.33 -0.294158
37.34 -0.29363
37.35 -0.293698
37.36 -0.294974
37.37 -0.298241
37.38 -0.303892
37.39 -0.312318
37.4 -0.323822
37.41 -0.338602
37.42 -0.35673
37.43 -0.378155
37.44 -0.402701
37.45 -0.430284
37.46 -0.460134
37.47 -0.49167
37.48 -0.52421
37.49 -0.55698
37.5 -0.589138
37.51 -0.619786
37.52 -0.647949
37.53 -0.672339
37.54 -0.692264
37.55 -0.70685
37.56 -0.715284
37.57 -0.716841
37.58 -0.7109
37.59 -0.696961
37.6 -0.674438
37.61 -0.642691
37.62 -0.602337
37.63 -0.553524
37.64 -0.496567
37.65 -0.43194
37.66 -0.360276
37.67 -0.282352
37.68 -0.198916
37.69 -0.111033
37.7 -0.0201816
37.71 0.0724194
37.72 0.1655
37.73 0.257767
37.74 0.347923
37.75 0.434699
37.76 0.516578
37.77 0.592257
37.78 0.660948
37.79 0.721736
37.8 0.773842
37.81 0.816635
37.82 0.849643
37.83 0.87256
37.84 0.884622
37.85 0.886128
37.86 0.877727
37.87 0.859827
37.88 0.832985
37.89 0.797892
37.9 0.755363
37.91 0.706314
37.92 0.651414
37.93 0.592107
37.94 0.529642
37.95 0.465136
37.96 0.399689
37.97 0.334371
37.98 0.270197
37.99 0.208111
38 0.149285
38.01 0.09432
38.02 0.0437753
38.03 -0.00186653
38.04 -0.0422526
38.05 -0.077161
38.06 -0.1065
38.07 -0.130301
38.08 -0.148216
38.09 -0.161052
38.1 -0.169205
38.11 -0.173129
38.12 -0.173343
38.13 -0.17041
38.14 -0.16492
38.15 -0.157466
38.16 -0.148591
38.17 -0.139031
38.18 -0.129311
38.19 -0.119902
38.2 -0.111209
38.21 -0.103564
38.22 -0.0972222
38.23 -0.0923844
38.24 -0.0892319
38.25 -0.0876287
38.26 -0.0874835
38.27 -0.0886361
38.28 -0.0908668
38.29 -0.0939071
38.3 -0.0974519
38.31 -0.101167
38.32 -0.104667
38.33 -0.107614
38.34 -0.1097
38.35 -0.110653
38.36 -0.110244
38.37 -0.108301
38.38 -0.104718
38.39 -0.0993795
38.4 -0.0923141
38.41 -0.0837417
38.42 -0.0738573
38.43 -0.0629214
38.44 -0.0512532
38.45 -0.0392207
38.46 -0.0272299
38.47 -0.0157643
38.48 -0.00531802
38.49 0.00369874
38.5 0.0108756
38.51 0.0158404
38.52 0.018274
38.53 0.0179225
38.54 0.0146097
38.55 0.00803809
38.56 -0.00166404
38.57 -0.0142664
38.58 -0.0295384
38.59 -0.0471501
38.6 -0.0666762
38.61 -0.0876039
38.62 -0.109342
38.63 -0.13119
38.64 -0.152352
38.65 -0.172081
38.66 -0.18962
38.67 -0.204222
38.68 -0.215167
38.69 -0.221782
38.7 -0.223459
38.71 -0.219133
38.72 -0.20881
38.73 -0.192259
38.74 -0.169325
38.75 -0.139988
38.76 -0.104363
38.77 -0.0627093
38.78 -0.0154072
38.79 0.0374357
38.8 0.0945906
38.81 0.155267
38.82 0.218579
38.83 0.283565
38.84 0.349206
38.85 0.414443
38.86 0.478165
38.87 0.539005
38.88 0.596078
38.89 0.648409
38.9 0.695099
38.91 0.73534
38.92 0.768434
38.93 0.793804
38.94 0.810779
38.95 0.818632
38.96 0.817857
38.97 0.80848
38.98 0.790671
38.99 0.764742
39 0.731134
39.01 0.690408
39.02 0.643016
39.03 0.589689
39.04 0.531679
39.05 0.469891
39.06 0.405263
39.07 0.33875
39.08 0.271305
39.09 0.203859
39.1 0.137396
39.11 0.0728657
39.12 0.0109728
39.13 -0.0476062
39.14 -0.102285
39.15 -0.152572
39.16 -0.198078
39.17 -0.238515
39.18 -0.273365
39.19 -0.30267
39.2 -0.326668
39.21 -0.34548
39.22 -0.359307
39.23 -0.368417
39.24 -0.373142
39.25 -0.373859
39.26 -0.370754
39.27 -0.364492
39.28 -0.355629
39.29 -0.344628
39.3 -0.331942
39.31 -0.31801
39.32 -0.303244
39.33 -0.288026
39.34 -0.272716
39.35 -0.257649
39.36 -0.243072
39.37 -0.229186
39.38 -0.216149
39.39 -0.204069
39.4 -0.193016
39.41 -0.183017
39.42 -0.174164
39.43 -0.166309
39.44 -0.159377
39.45 -0.153278
39.46 -0.147904
39.47 -0.14314
39.48 -0.138868
39.49 -0.134972
39.5 -0.131348
39.51 -0.127866
39.52 -0.124438
39.53 -0.120997
39.54 -0.117491
39.55 -0.11389
39.56 -0.110185
39.57 -0.106386
39.58 -0.102524
39.59 -0.0986605
39.6 -0.0948622
39.61 -0.0912098
39.62 -0.0877925
39.63 -0.0847049
39.64 -0.0820429
39.65 -0.0799198
39.66 -0.0784527
39.67 -0.0776767
39.68 -0.077647
39.69 -0.078399
39.7 -0.0799452
39.71 -0.0822721
39.72 -0.0853386
39.73 -0.0890998
39.74 -0.0934448
39.75 -0.0981999
39.76 -0.103201
39.77 -0.108259
39.78 -0.113161
39.79 -0.117679
39.8 -0.12157
39.81 -0.124519
39.82 -0.126255
39.83 -0.126575
39.84 -0.125252
39.85 -0.122083
39.86 -0.116892
39.87 -0.109541
39.88 -0.0999346
39.89 -0.0878709
39.9 -0.0734518
39.91 -0.0568345
39.92 -0.038163
39.93 -0.0176439
39.94 0.00445438
39.95 0.0278038
39.96 0.0520202
39.97 0.0766646
39.98 0.101177
39.99 0.125031
40 0.147683
40.01 0.168583
40.02 0.18718
40.03 0.202937
40.04 0.215348
40.05 0.223551
40.06 0.227428
40.07 0.226682
40.08 0.221062
40.09 0.210407
40.1 0.194652
40.11 0.173832
40.12 0.148073
40.13 0.117214
40.14 0.0821108
40.15 0.043236
40.16 0.00115439
40.17 -0.0434887
40.18 -0.0899788
40.19 -0.137546
40.2 -0.185371
40.21 -0.232487
40.22 -0.278047
40.23 -0.321232
40.24 -0.361258
40.25 -0.397397
40.26 -0.428987
40.27 -0.455454
40.28 -0.476156
40.29 -0.490413
40.3 -0.498422
40.31 -0.500084
40.32 -0.495424
40.33 -0.484591
40.34 -0.467852
40.35 -0.445586
40.36 -0.418103
40.37 -0.385956
40.38 -0.350114
40.39 -0.311296
40.4 -0.270254
40.41 -0.22776
40.42 -0.184582
40.43 -0.141474
40.44 -0.0992263
40.45 -0.058583
40.46 -0.0200781
40.47 0.0157913
40.48 0.0486182
40.49 0.0780911
40.5 0.103997
40.51 0.126222
40.52 0.144519
40.53 0.159073
40.54 0.170195
40.55 0.178126
40.56 0.183156
40.57 0.185621
40.58 0.185876
40.59 0.184291
40.6 0.18114
40.61 0.176869
40.62 0.171811
40.63 0.166213
40.64 0.160262
40.65 0.154085
40.66 0.147737
40.67 0.141208
40.68 0.134383
40.69 0.127118
40.7 0.119212
40.71 0.110418
40.72 0.100463
40.73 0.0890625
40.74 0.0759317
40.75 0.060807
40.76 0.0432221
40.77 0.0232103
40.78 0.000684661
40.79 -0.0243651
40.8 -0.0518574
40.81 -0.081611
40.82 -0.113342
40.83 -0.146671
40.84 -0.181135
40.85 -0.215988
40.86 -0.250539
40.87 -0.28403
40.88 -0.315651
40.89 -0.344563
40.9 -0.369914
40.91 -0.390751
40.92 -0.405885
40.93 -0.414953
40.94 -0.417322
40.95 -0.412471
40.96 -0.400009
40.97 -0.379691
40.98 -0.351433
40.99 -0.315068
41 -0.270648
41.01 -0.219186
41.02 -0.161328
41.03 -0.0978851
41.04 -0.0298109
41.05 0.0418125
41.06 0.115797
41.07 0.190862
41.08 0.265504
41.09 0.338329
41.1 0.408011
41.11 0.473274
41.12 0.53292
41.13 0.585859
41.14 0.631135
41.15 0.667432
41.16 0.694193
41.17 0.711422
41.18 0.718957
41.19 0.716848
41.2 0.705357
41.21 0.684953
41.22 0.656301
41.23 0.619806
41.24 0.576888
41.25 0.528949
41.26 0.477258
41.27 0.423153
41.28 0.368006
41.29 0.313195
41.3 0.260064
41.31 0.210236
41.32 0.164821
41.33 0.124786
41.34 0.0910091
41.35 0.0641929
41.36 0.0448515
41.37 0.0332993
41.38 0.0296455
41.39 0.034492
41.4 0.0468174
41.41 0.0660251
41.42 0.0914103
41.43 0.122117
41.44 0.15716
41.45 0.195454
41.46 0.235843
41.47 0.277081
41.48 0.317773
41.49 0.356733
41.5 0.392831
41.51 0.425019
41.52 0.452356
41.53 0.474032
41.54 0.489271
41.55 0.497053
41.56 0.497634
41.57 0.490891
41.58 0.476876
41.59 0.455806
41.6 0.428052
41.61 0.394129
41.62 0.354546
41.63 0.309929
41.64 0.261519
41.65 0.21021
41.66 0.156923
41.67 0.10258
41.68 0.0480821
41.69 -0.00571813
41.7 -0.0579439
41.71 -0.107766
41.72 -0.154708
41.73 -0.198309
41.74 -0.23823
41.75 -0.274257
41.76 -0.306302
41.77 -0.334397
41.78 -0.358506
41.79 -0.378931
41.8 -0.396216
41.81 -0.410785
41.82 -0.42311
41.83 -0.433693
41.84 -0.443047
41.85 -0.451672
41.86 -0.460052
41.87 -0.468659
41.88 -0.477841
41.89 -0.487859
41.9 -0.498879
41.91 -0.51097
41.92 -0.524101
41.93 -0.538133
41.94 -0.552855
41.95 -0.567852
41.96 -0.582675
41.97 -0.59682
41.98 -0.609732
41.99 -0.620821
42 -0.629478
42.01 -0.635098
42.02 -0.636733
42.03 -0.634064
42.04 -0.626681
42.05 -0.614201
42.06 -0.59634
42.07 -0.572922
42.08 -0.543889
42.09 -0.509304
42.1 -0.468858
42.11 -0.423438
42.12 -0.37352
42.13 -0.319681
42.14 -0.262596
42.15 -0.203025
42.16 -0.141796
42.17 -0.079788
42.18 -0.0180149
42.19 0.042555
42.2 0.10103
42.21 0.156561
42.22 0.208358
42.23 0.255712
42.24 0.298008
42.25 0.334611
42.26 0.364767
42.27 0.388704
42.28 0.406335
42.29 0.417707
42.3 0.423001
42.31 0.42252
42.32 0.416683
42.33 0.405871
42.34 0.390636
42.35 0.371992
42.36 0.350679
42.37 0.327462
42.38 0.303113
42.39 0.278389
42.4 0.254013
42.41 0.230735
42.42 0.209245
42.43 0.189983
42.44 0.173354
42.45 0.159663
42.46 0.149103
42.47 0.141764
42.48 0.137625
42.49 0.136729
42.5 0.138777
42.51 0.143318
42.52 0.149966
42.53 0.158283
42.54 0.167795
42.55 0.178005
42.56 0.188416
42.57 0.198487
42.58 0.207724
42.59 0.215733
42.6 0.222168
42.61 0.226748
42.62 0.229265
42.63 0.229589
42.64 0.227667
42.65 0.223352
42.66 0.2169
42.67 0.208535
42.68 0.198488
42.69 0.187037
42.7 0.174489
42.71 0.161166
42.72 0.147397
42.73 0.133513
42.74 0.119836
42.75 0.106613
42.76 0.0940388
42.77 0.0822503
42.78 0.0713228
42.79 0.061265
42.8 0.0520228
42.81 0.0435202
42.82 0.035487
42.83 0.0276826
42.84 0.0198291
42.85 0.0116248
42.86 0.0027575
42.87 -0.0070798
42.88 -0.0181984
42.89 -0.0309742
42.9 -0.0454802
42.91 -0.0618317
42.92 -0.0800645
42.93 -0.100126
42.94 -0.121869
42.95 -0.14505
42.96 -0.169346
42.97 -0.194288
42.98 -0.219261
42.99 -0.243654
43 -0.266801
43.01 -0.287995
43.02 -0.306509
43.03 -0.321619
43.04 -0.332433
43.05 -0.338124
43.06 -0.338385
43.07 -0.332753
43.08 -0.320881
43.09 -0.302554
43.1 -0.277703
43.11 -0.246419
43.12 -0.208655
43.13 -0.164924
43.14 -0.116147
43.15 -0.0630906
43.16 -0.00666184
43.17 0.0521139
43.18 0.112112
43.19 0.172134
43.2 0.230772
43.21 0.286642
43.22 0.338555
43.23 0.385323
43.24 0.425839
43.25 0.459111
43.26 0.48428
43.27 0.50065
43.28 0.506973
43.29 0.503397
43.3 0.490095
43.31 0.467215
43.32 0.435112
43.33 0.394343
43.34 0.345657
43.35 0.289972
43.36 0.227945
43.37 0.161347
43.38 0.0915675
43.39 0.0199746
43.4 -0.0520376
43.41 -0.123084
43.42 -0.191821
43.43 -0.256977
43.44 -0.316801
43.45 -0.370658
43.46 -0.417705
43.47 -0.457263
43.48 -0.488839
43.49 -0.512133
43.5 -0.52704
43.51 -0.533562
43.52 -0.531374
43.53 -0.521711
43.54 -0.505206
43.55 -0.482621
43.56 -0.454825
43.57 -0.422766
43.58 -0.387445
43.59 -0.349863
43.6 -0.311094
43.61 -0.272288
43.62 -0.234373
43.63 -0.198202
43.64 -0.164529
43.65 -0.134001
43.66 -0.107142
43.67 -0.084502
43.68 -0.0665111
43.69 -0.0530071
43.7 -0.0439845
43.71 -0.0393285
43.72 -0.0388267
43.73 -0.042184
43.74 -0.0490384
43.75 -0.0590988
43.76 -0.0718805
43.77 -0.0867562
43.78 -0.103269
43.79 -0.120982
43.8 -0.139487
43.81 -0.158418
43.82 -0.177457
43.83 -0.196315
43.84 -0.21476
43.85 -0.232652
43.86 -0.249889
43.87 -0.266408
43.88 -0.282179
43.89 -0.297191
43.9 -0.311446
43.91 -0.324891
43.92 -0.337542
43.93 -0.349383
43.94 -0.360344
43.95 -0.370318
43.96 -0.379151
43.97 -0.386649
43.98 -0.392571
43.99 -0.396458
44 -0.398075
44.01 -0.397111
44.02 -0.393209
44.03 -0.386011
44.04 -0.375175
44.05 -0.360388
44.06 -0.341382
44.07 -0.317521
44.08 -0.289058
44.09 -0.256002
44.1 -0.218426
44.11 -0.176513
44.12 -0.130551
44.13 -0.0809426
44.14 -0.0281835
44.15 0.0272741
44.16 0.0844138
44.17 0.142437
44.18 0.200489
44.19 0.257672
44.2 0.313072
44.21 0.365778
44.22 0.414829
44.23 0.459001
44.24 0.497864
44.25 0.530767
44.26 0.557175
44.27 0.576679
44.28 0.589011
44.29 0.594053
44.3 0.591633
44.31 0.581666
44.32 0.565045
44.33 0.542274
44.34 0.513981
44.35 0.4809
44.36 0.443853
44.37 0.40373
44.38 0.361419
44.39 0.31797
44.4 0.27445
44.41 0.231766
44.42 0.190769
44.43 0.152235
44.44 0.116844
44.45 0.0851687
44.46 0.0579006
44.47 0.0353759
44.48 0.0175539
44.49 0.00447164
44.5 -0.00395643
44.51 -0.00792943
44.52 -0.00774813
44.53 -0.00380032
44.54 0.00363525
44.55 0.013889
44.56 0.0262943
44.57 0.040296
44.58 0.0553492
44.59 0.0709372
44.6 0.0865865
44.61 0.10188
44.62 0.116393
44.63 0.12987
44.64 0.142155
44.65 0.153152
44.66 0.162845
44.67 0.171287
44.68 0.178595
44.69 0.184939
44.7 0.190484
44.71 0.195545
44.72 0.200381
44.73 0.20523
44.74 0.210312
44.75 0.215812
44.76 0.22187
44.77 0.228574
44.78 0.236013
44.79 0.244069
44.8 0.252623
44.81 0.261497
44.82 0.270455
44.83 0.279215
44.84 0.287456
44.85 0.29482
44.86 0.300818
44.87 0.305184
44.88 0.307593
44.89 0.307759
44.9 0.305447
44.91 0.300483
44.92 0.29277
44.93 0.282228
44.94 0.268795
44.95 0.252867
44.96 0.234708
44.97 0.214664
44.98 0.193151
44.99 0.170648
45 0.147683
45.01 0.124839
45.02 0.102784
45.03 0.0820721
45.04 0.0632469
45.05 0.0468058
45.06 0.0331863
45.07 0.02275
45.08 0.01577
45.09 0.0125941
45.1 0.0133109
45.11 0.0176509
45.12 0.0254321
45.13 0.0363654
45.14 0.0500618
45.15 0.0660424
45.16 0.083752
45.17 0.102599
45.18 0.121816
45.19 0.140672
45.2 0.158481
45.21 0.174576
45.22 0.188329
45.23 0.199171
45.24 0.206603
45.25 0.209922
45.26 0.208948
45.27 0.203618
45.28 0.193861
45.29 0.179716
45.3 0.161331
45.31 0.138953
45.32 0.112921
45.33 0.0834262
45.34 0.0512193
45.35 0.0169023
45.36 -0.0189533
45.37 -0.0557653
45.38 -0.0929575
45.39 -0.129976
45.4 -0.166303
45.41 -0.201323
45.42 -0.234706
45.43 -0.266142
45.44 -0.295383
45.45 -0.322262
45.46 -0.346684
45.47 -0.368625
45.48 -0.388113
45.49 -0.405047
45.5 -0.419809
45.51 -0.432577
45.52 -0.443545
45.53 -0.452913
45.54 -0.460866
45.55 -0.467575
45.56 -0.473156
45.57 -0.477648
45.58 -0.481179
45.59 -0.483742
45.6 -0.485277
45.61 -0.485678
45.62 -0.484798
45.63 -0.482453
45.64 -0.47838
45.65 -0.472252
45.66 -0.463971
45.67 -0.453335
45.68 -0.44017
45.69 -0.424347
45.7 -0.405792
45.71 -0.384496
45.72 -0.360421
45.73 -0.333693
45.74 -0.304723
45.75 -0.273842
45.76 -0.24146
45.77 -0.208059
45.78 -0.17418
45.79 -0.140415
45.8 -0.10746
45.81 -0.0760364
45.82 -0.0467348
45.83 -0.0201572
45.84 0.00314226
45.85 0.0226761
45.86 0.0380406
45.87 0.0489314
45.88 0.0548475
45.89 0.0558636
45.9 0.0522387
45.91 0.0441919
45.92 0.0320692
45.93 0.0163368
45.94 -0.00243026
45.95 -0.0235617
45.96 -0.0463713
45.97 -0.0698768
45.98 -0.0931992
45.99 -0.115494
46 -0.135938
46.01 -0.153756
46.02 -0.168243
46.03 -0.178785
46.04 -0.184453
46.05 -0.185203
46.06 -0.180895
46.07 -0.171488
46.08 -0.157091
46.09 -0.137969
46.1 -0.114529
46.11 -0.0873151
46.12 -0.0567558
46.13 -0.0240066
46.14 0.0100722
46.15 0.0445746
46.16 0.0785739
46.17 0.11115
46.18 0.141419
46.19 0.16851
46.2 0.191315
46.21 0.209526
46.22 0.22268
46.23 0.230455
46.24 0.23269
46.25 0.229386
46.26 0.220706
46.27 0.206867
46.28 0.188166
46.29 0.165634
46.3 0.140028
46.31 0.112199
46.32 0.0830658
46.33 0.0535895
46.34 0.024748
46.35 -0.0024017
46.36 -0.0267481
46.37 -0.0475654
46.38 -0.0641085
46.39 -0.0757476
46.4 -0.0819847
46.41 -0.0824671
46.42 -0.0769956
46.43 -0.0652509
46.44 -0.0473494
46.45 -0.0239212
46.46 0.00458487
46.47 0.037592
46.48 0.0744124
46.49 0.114266
46.5 0.156304
46.51 0.199647
46.52 0.243235
46.53 0.286102
46.54 0.32736
46.55 0.366172
46.56 0.401771
46.57 0.433473
46.58 0.460695
46.59 0.482583
46.6 0.498962
46.61 0.509771
46.62 0.51492
46.63 0.514435
46.64 0.508445
46.65 0.497179
46.66 0.480951
46.67 0.459807
46.68 0.43454
46.69 0.405729
46.7 0.373889
46.71 0.33955
46.72 0.303231
46.73 0.265438
46.74 0.226648
46.75 0.187288
46.76 0.147834
46.77 0.108628
46.78 0.0699643
46.79 0.0320856
46.8 -0.00480851
46.81 -0.0405598
46.82 -0.0750379
46.83 -0.108021
46.84 -0.139564
46.85 -0.169613
46.86 -0.198123
46.87 -0.225044
46.88 -0.250324
46.89 -0.2739
46.9 -0.295664
46.91 -0.315394
46.92 -0.333132
46.93 -0.348762
46.94 -0.36216
46.95 -0.373196
46.96 -0.381745
46.97 -0.387692
46.98 -0.390853
46.99 -0.391028
47 -0.388372
47.01 -0.382884
47.02 -0.374605
47.03 -0.363622
47.04 -0.350073
47.05 -0.334144
47.06 -0.315995
47.07 -0.295917
47.08 -0.274373
47.09 -0.251731
47.1 -0.228389
47.11 -0.20476
47.12 -0.181267
47.13 -0.158331
47.14 -0.136431
47.15 -0.11599
47.16 -0.0972988
47.17 -0.0806483
47.18 -0.0662758
47.19 -0.0543574
47.2 -0.0450036
47.21 -0.0382558
47.22 -0.034248
47.23 -0.0327836
47.24 -0.0335919
47.25 -0.0364345
47.26 -0.0410207
47.27 -0.0470165
47.28 -0.0540542
47.29 -0.0617428
47.3 -0.0696673
47.31 -0.0773704
47.32 -0.0844614
47.33 -0.0905799
47.34 -0.0954009
47.35 -0.0986434
47.36 -0.100078
47.37 -0.0995313
47.38 -0.0967015
47.39 -0.091709
47.4 -0.08461
47.41 -0.0754975
47.42 -0.0645224
47.43 -0.0518883
47.44 -0.0378454
47.45 -0.022683
47.46 -0.00667569
47.47 0.00972212
47.48 0.0261529
47.49 0.0422569
47.5 0.0576808
47.51 0.0720855
47.52 0.0851528
47.53 0.0965686
47.54 0.105905
47.55 0.113097
47.56 0.117973
47.57 0.1204
47.58 0.120287
47.59 0.117583
47.6 0.112278
47.61 0.104339
47.62 0.0937079
47.63 0.0806861
47.64 0.0654083
47.65 0.0480366
47.66 0.0287581
47.67 0.00778401
47.68 -0.0146528
47.69 -0.0383316
47.7 -0.0629685
47.71 -0.088189
47.72 -0.113675
47.73 -0.139091
47.74 -0.164081
47.75 -0.188273
47.76 -0.211276
47.77 -0.232589
47.78 -0.251724
47.79 -0.26834
47.8 -0.282005
47.81 -0.292288
47.82 -0.298768
47.83 -0.301039
47.84 -0.298719
47.85 -0.291149
47.86 -0.278085
47.87 -0.259501
47.88 -0.23523
47.89 -0.205183
47.9 -0.169355
47.91 -0.127835
47.92 -0.0808103
47.93 -0.0282286
47.94 0.0292299
47.95 0.0908818
47.96 0.156094
47.97 0.224135
47.98 0.294187
47.99 0.365351
48 0.436667
48.01 0.506964
48.02 0.57515
48.03 0.640191
48.04 0.70105
48.05 0.756727
48.06 0.806279
48.07 0.84884
48.08 0.883644
48.09 0.909185
48.1 0.925681
48.11 0.932845
48.12 0.930499
48.13 0.91863
48.14 0.897393
48.15 0.867104
48.16 0.828193
48.17 0.780664
48.18 0.726121
48.19 0.665481
48.2 0.599755
48.21 0.530034
48.22 0.457458
48.23 0.383198
48.24 0.308437
48.25 0.234491
48.26 0.162471
48.27 0.0933877
48.28 0.0281518
48.29 -0.0324383
48.3 -0.087714
48.31 -0.137147
48.32 -0.180161
48.33 -0.216256
48.34 -0.245837
48.35 -0.269011
48.36 -0.286022
48.37 -0.297238
48.38 -0.303141
48.39 -0.304302
48.4 -0.301232
48.41 -0.294674
48.42 -0.285606
48.43 -0.274778
48.44 -0.262925
48.45 -0.25075
48.46 -0.238905
48.47 -0.227977
48.48 -0.218573
48.49 -0.211144
48.5 -0.205915
48.51 -0.20308
48.52 -0.202731
48.53 -0.204862
48.54 -0.209369
48.55 -0.216064
48.56 -0.224784
48.57 -0.235091
48.58 -0.246522
48.59 -0.258647
48.6 -0.271015
48.61 -0.283165
48.62 -0.294646
48.63 -0.305022
48.64 -0.313742
48.65 -0.320489
48.66 -0.324994
48.67 -0.327004
48.68 -0.326324
48.69 -0.322817
48.7 -0.316404
48.71 -0.307065
48.72 -0.294574
48.73 -0.279255
48.74 -0.261268
48.75 -0.240778
48.76 -0.217975
48.77 -0.19307
48.78 -0.166289
48.79 -0.137862
48.8 -0.107911
48.81 -0.0768293
48.82 -0.0448474
48.83 -0.0121876
48.84 0.0209344
48.85 0.0543097
48.86 0.0877349
48.87 0.121005
48.88 0.153874
48.89 0.186154
48.9 0.217638
48.91 0.248108
48.92 0.277338
48.93 0.305087
48.94 0.331102
48.95 0.35506
48.96 0.37653
48.97 0.395381
48.98 0.411321
48.99 0.424058
49 0.433311
49.01 0.43881
49.02 0.44031
49.03 0.437435
49.04 0.429868
49.05 0.417768
49.06 0.401075
49.07 0.379793
49.08 0.353994
49.09 0.323821
49.1 0.289494
49.11 0.25114
49.12 0.209173
49.13 0.164251
49.14 0.116895
49.15 0.0676819
49.16 0.0172368
49.17 -0.03378
49.18 -0.0846833
49.19 -0.134685
49.2 -0.183021
49.21 -0.229059
49.22 -0.272162
49.23 -0.311745
49.24 -0.347278
49.25 -0.378307
49.26 -0.404455
49.27 -0.425049
49.28 -0.440116
49.29 -0.449736
49.3 -0.453941
49.31 -0.452859
49.32 -0.446713
49.33 -0.435814
49.34 -0.420551
49.35 -0.401101
49.36 -0.378308
49.37 -0.352812
49.38 -0.325219
49.39 -0.296153
49.4 -0.266237
49.41 -0.236087
49.42 -0.206294
49.43 -0.177553
49.44 -0.150328
49.45 -0.125055
49.46 -0.102116
49.47 -0.0818199
49.48 -0.0644083
49.49 -0.0500486
49.5 -0.0388579
49.51 -0.0311348
49.52 -0.0265244
49.53 -0.0249103
49.54 -0.026123
49.55 -0.029947
49.56 -0.0361291
49.57 -0.0443859
49.58 -0.0544397
49.59 -0.066028
49.6 -0.0786859
49.61 -0.0920939
49.62 -0.105943
49.63 -0.11994
49.64 -0.133811
49.65 -0.147308
49.66 -0.160184
49.67 -0.172194
49.68 -0.183225
49.69 -0.193149
49.7 -0.201868
49.71 -0.209308
49.72 -0.215423
49.73 -0.220188
49.74 -0.223543
49.75 -0.225485
49.76 -0.226127
49.77 -0.225518
49.78 -0.223715
49.79 -0.220786
49.8 -0.216806
49.81 -0.211858
49.82 -0.205986
49.83 -0.1993
49.84 -0.191939
49.85 -0.184001
49.86 -0.175585
49.87 -0.166796
49.88 -0.157733
49.89 -0.148497
49.9 -0.13919
49.91 -0.129916
49.92 -0.120765
49.93 -0.111814
49.94 -0.103127
49.95 -0.0947579
49.96 -0.0867426
49.97 -0.079099
49.98 -0.0718515
49.99 -0.0649483
50 -0.0583265
50.01 -0.0519069
50.02 -0.0455861
50.03 -0.0392369
50.04 -0.0327103
50.05 -0.0258375
50.06 -0.018368
50.07 -0.0101275
50.08 -0.000918224
50.09 0.00946322
50.1 0.0212128
50.11 0.0345125
50.12 0.0495231
50.13 0.0663794
50.14 0.0853761
50.15 0.10637
50.16 0.129357
50.17 0.154275
50.18 0.181009
50.19 0.20938
50.2 0.239151
50.21 0.270031
50.22 0.301674
50.23 0.333564
50.24 0.365229
50.25 0.396159
50.26 0.425813
50.27 0.45363
50.28 0.47904
50.29 0.501386
50.3 0.519877
50.31 0.534234
50.32 0.543989
50.33 0.548733
50.34 0.548127
50.35 0.541911
50.36 0.529911
50.37 0.511839
50.38 0.487576
50.39 0.457656
50.4 0.422344
50.41 0.382006
50.42 0.337109
50.43 0.288215
50.44 0.23597
50.45 0.181008
50.46 0.12422
50.47 0.0665798
50.48 0.0089596
50.49 -0.0477576
50.5 -0.102693
50.51 -0.154987
50.52 -0.203821
50.53 -0.248126
50.54 -0.287218
50.55 -0.320681
50.56 -0.348023
50.57 -0.368862
50.58 -0.382934
50.59 -0.390093
50.6 -0.390321
50.61 -0.383245
50.62 -0.369443
50.63 -0.349486
50.64 -0.323861
50.65 -0.293156
50.66 -0.258044
50.67 -0.219274
50.68 -0.177657
50.69 -0.133949
50.7 -0.0892564
50.71 -0.044495
50.72 -0.000537744
50.73 0.0417738
50.74 0.0816452
50.75 0.118345
50.76 0.151217
50.77 0.179227
50.78 0.202292
50.79 0.220104
50.8 0.23245
50.81 0.239239
50.82 0.240497
50.83 0.236371
50.84 0.227088
50.85 0.212656
50.86 0.194046
50.87 0.171836
50.88 0.146677
50.89 0.119282
50.9 0.0904049
50.91 0.0608265
50.92 0.0313567
50.93 0.00292193
50.94 -0.0237442
50.95 -0.0479348
50.96 -0.0690031
50.97 -0.0863764
50.98 -0.0995684
50.99 -0.108189
51 -0.111798
51.01 -0.110022
51.02 -0.103176
51.03 -0.0913493
51.04 -0.0747486
51.05 -0.0536896
51.06 -0.0285928
51.07 2.61478e-05
51.08 0.0316627
51.09 0.0655822
51.1 0.100881
51.11 0.136782
51.12 0.172491
51.13 0.20721
51.14 0.240155
51.15 0.270578
51.16 0.297561
51.17 0.320422
51.18 0.338777
51.19 0.352182
51.2 0.360295
51.21 0.362884
51.22 0.359835
51.23 0.351149
51.24 0.336591
51.25 0.316621
51.26 0.291796
51.27 0.262583
51.28 0.229538
51.29 0.193293
51.3 0.15454
51.31 0.114022
51.32 0.0724924
51.33 0.0308776
51.34 -0.0100236
51.35 -0.049456
51.36 -0.086703
51.37 -0.121102
51.38 -0.152054
51.39 -0.179042
51.4 -0.201199
51.41 -0.218527
51.42 -0.230856
51.43 -0.238072
51.44 -0.240162
51.45 -0.237212
51.46 -0.229402
51.47 -0.21699
51.48 -0.199949
51.49 -0.179161
51.5 -0.155113
51.51 -0.128331
51.52 -0.0993759
51.53 -0.0688246
51.54 -0.0372612
51.55 -0.00526662
51.56 0.026528
51.57 0.0575653
51.58 0.087354
51.59 0.115447
51.6 0.141446
51.61 0.165007
51.62 0.18584
51.63 0.203631
51.64 0.218032
51.65 0.229159
51.66 0.236955
51.67 0.241405
51.68 0.242539
51.69 0.240425
51.7 0.23516
51.71 0.226762
51.72 0.215325
51.73 0.201207
51.74 0.184588
51.75 0.165657
51.76 0.144606
51.77 0.121634
51.78 0.09694
51.79 0.0706586
51.8 0.0430156
51.81 0.0142908
51.82 -0.0153121
51.83 -0.0455873
51.84 -0.0763259
51.85 -0.107316
51.86 -0.138341
51.87 -0.169158
51.88 -0.199518
51.89 -0.229205
51.9 -0.257996
51.91 -0.285667
51.92 -0.312001
51.93 -0.33679
51.94 -0.359838
51.95 -0.380812
51.96 -0.399623
51.97 -0.416198
51.98 -0.430435
51.99 -0.442265
52 -0.451653
52.01 -0.4586
52.02 -0.463143
52.03 -0.465166
52.04 -0.464955
52.05 -0.462696
52.06 -0.458563
52.07 -0.452755
52.08 -0.445486
52.09 -0.436981
52.1 -0.427468
52.11 -0.417112
52.12 -0.406214
52.13 -0.394957
52.14 -0.383498
52.15 -0.371952
52.16 -0.360398
52.17 -0.348868
52.18 -0.337344
52.19 -0.325744
52.2 -0.313942
52.21 -0.301768
52.22 -0.289008
52.23 -0.275415
52.24 -0.260716
52.25 -0.244618
52.26 -0.22678
52.27 -0.206749
52.28 -0.184388
52.29 -0.15945
52.3 -0.131726
52.31 -0.101057
52.32 -0.0673489
52.33 -0.0305721
52.34 0.00931679
52.35 0.0522728
52.36 0.0978551
52.37 0.14575
52.38 0.195562
52.39 0.246823
52.4 0.298996
52.41 0.351487
52.42 0.40361
52.43 0.454584
52.44 0.503737
52.45 0.550374
52.46 0.593815
52.47 0.633414
52.48 0.668571
52.49 0.698746
52.5 0.723151
52.51 0.741424
52.52 0.753559
52.53 0.7594
52.54 0.758896
52.55 0.752106
52.56 0.739193
52.57 0.720422
52.58 0.695812
52.59 0.666055
52.6 0.63187
52.61 0.593844
52.62 0.552608
52.63 0.508817
52.64 0.463137
52.65 0.416228
52.66 0.368728
52.67 0.32133
52.68 0.274582
52.69 0.22896
52.7 0.184867
52.71 0.142627
52.72 0.102483
52.73 0.0645953
52.74 0.0292534
52.75 -0.00374759
52.76 -0.0345218
52.77 -0.0632229
52.78 -0.0900567
52.79 -0.11527
52.8 -0.139138
52.81 -0.16195
52.82 -0.183954
52.83 -0.20553
52.84 -0.22693
52.85 -0.24837
52.86 -0.270023
52.87 -0.292007
52.88 -0.314382
52.89 -0.337151
52.9 -0.360259
52.91 -0.383528
52.92 -0.406757
52.93 -0.42969
52.94 -0.452027
52.95 -0.473428
52.96 -0.493526
52.97 -0.511882
52.98 -0.527956
52.99 -0.541496
53 -0.552138
53.01 -0.559548
53.02 -0.56343
53.03 -0.563537
53.04 -0.559676
53.05 -0.551556
53.06 -0.539005
53.07 -0.5223
53.08 -0.501526
53.09 -0.476835
53.1 -0.448441
53.11 -0.416619
53.12 -0.381697
53.13 -0.343936
53.14 -0.303813
53.15 -0.261918
53.16 -0.218728
53.17 -0.174734
53.18 -0.130431
53.19 -0.0863134
53.2 -0.0428646
53.21 -0.000651713
53.22 0.0398534
53.23 0.0782868
53.24 0.11427
53.25 0.147459
53.26 0.17755
53.27 0.204278
53.28 0.227418
53.29 0.246499
53.3 0.261546
53.31 0.272576
53.32 0.279539
53.33 0.28243
53.34 0.281281
53.35 0.276166
53.36 0.267195
53.37 0.254218
53.38 0.237707
53.39 0.217953
53.4 0.195224
53.41 0.169826
53.42 0.142095
53.43 0.1124
53.44 0.0811399
53.45 0.0486694
53.46 0.0155841
53.47 -0.0176447
53.48 -0.0505387
53.49 -0.0826149
53.5 -0.113392
53.51 -0.142398
53.52 -0.169156
53.53 -0.19297
53.54 -0.21367
53.55 -0.230914
53.56 -0.244414
53.57 -0.253942
53.58 -0.259336
53.59 -0.260507
53.6 -0.257356
53.61 -0.249711
53.62 -0.238081
53.63 -0.222709
53.64 -0.203913
53.65 -0.182084
53.66 -0.157675
53.67 -0.131194
53.68 -0.103166
53.69 -0.0742194
53.7 -0.0450638
53.71 -0.0163128
53.72 0.0114306
53.73 0.0375885
53.74 0.0616221
53.75 0.0830444
53.76 0.101283
53.77 0.115911
53.78 0.126864
53.79 0.133993
53.8 0.137245
53.81 0.136665
53.82 0.132395
53.83 0.124671
53.84 0.113664
53.85 0.0998732
53.86 0.0839242
53.87 0.0663554
53.88 0.0477439
53.89 0.0286899
53.9 0.00980068
53.91 -0.0083253
53.92 -0.024986
53.93 -0.0396401
53.94 -0.0518716
53.95 -0.0612884
53.96 -0.0675787
53.97 -0.0705199
53.98 -0.0699832
53.99 -0.0659375
54 -0.0581872
54.01 -0.0471288
54.02 -0.0331089
54.03 -0.0164818
54.04 0.00232811
54.05 0.0228382
54.06 0.0445216
54.07 0.0668214
54.08 0.0891183
54.09 0.11079
54.1 0.131292
54.11 0.150117
54.12 0.166809
54.13 0.180975
54.14 0.192292
54.15 0.200515
54.16 0.205176
54.17 0.206547
54.18 0.204687
54.19 0.199743
54.2 0.191953
54.21 0.181631
54.22 0.169165
54.23 0.154988
54.24 0.139573
54.25 0.123603
54.26 0.107637
54.27 0.0922442
54.28 0.0779802
54.29 0.0653796
54.3 0.0549409
54.31 0.0471954
54.32 0.0427192
54.33 0.0416194
54.34 0.0441276
54.35 0.0503947
54.36 0.0604883
54.37 0.074392
54.38 0.0920062
54.39 0.113277
54.4 0.137986
54.41 0.165574
54.42 0.195639
54.43 0.227733
54.44 0.261362
54.45 0.296004
54.46 0.331116
54.47 0.36611
54.48 0.400359
54.49 0.433329
54.5 0.464506
54.51 0.493401
54.52 0.519564
54.53 0.542591
54.54 0.562125
54.55 0.57761
54.56 0.588869
54.57 0.595878
54.58 0.598527
54.59 0.596763
54.6 0.590594
54.61 0.580084
54.62 0.565351
54.63 0.546279
54.64 0.523308
54.65 0.496814
54.66 0.467103
54.67 0.434509
54.68 0.399395
54.69 0.362142
54.7 0.323146
54.71 0.282733
54.72 0.241446
54.73 0.19971
54.74 0.157918
54.75 0.116451
54.76 0.0756702
54.77 0.0359129
54.78 -0.00251194
54.79 -0.0391451
54.8 -0.0738834
54.81 -0.106537
54.82 -0.136952
54.83 -0.165014
54.84 -0.190653
54.85 -0.213837
54.86 -0.234555
54.87 -0.252665
54.88 -0.268484
54.89 -0.282135
54.9 -0.293769
54.91 -0.303559
54.92 -0.311693
54.93 -0.318371
54.94 -0.323779
54.95 -0.328083
54.96 -0.331577
54.97 -0.334442
54.98 -0.336844
54.99 -0.338923
55 -0.340792
55.01 -0.342536
55.02 -0.344203
55.03 -0.345809
55.04 -0.347335
55.05 -0.348729
55.06 -0.349909
55.07 -0.350766
55.08 -0.351175
55.09 -0.350992
55.1 -0.350026
55.11 -0.348094
55.12 -0.34509
55.13 -0.340881
55.14 -0.335353
55.15 -0.328418
55.16 -0.320019
55.17 -0.310135
55.18 -0.298706
55.19 -0.285825
55.2 -0.271673
55.21 -0.256409
55.22 -0.240233
55.23 -0.223384
55.24 -0.206131
55.25 -0.188775
55.26 -0.171671
55.27 -0.155185
55.28 -0.139644
55.29 -0.125376
55.3 -0.112694
55.31 -0.101888
55.32 -0.0932127
55.33 -0.086883
55.34 -0.083279
55.35 -0.0823684
55.36 -0.0841429
55.37 -0.0885864
55.38 -0.0956226
55.39 -0.105116
55.4 -0.116874
55.41 -0.130653
55.42 -0.146288
55.43 -0.163268
55.44 -0.181208
55.45 -0.199717
55.46 -0.218394
55.47 -0.236836
55.48 -0.254649
55.49 -0.271452
55.5 -0.286735
55.51 -0.300296
55.52 -0.311875
55.53 -0.321256
55.54 -0.328279
55.55 -0.332835
55.56 -0.33487
55.57 -0.334348
55.58 -0.331155
55.59 -0.325619
55.6 -0.317888
55.61 -0.308147
55.62 -0.296606
55.63 -0.283493
55.64 -0.26905
55.65 -0.253496
55.66 -0.237055
55.67 -0.220029
55.68 -0.202616
55.69 -0.184994
55.7 -0.167307
55.71 -0.149669
55.72 -0.132159
55.73 -0.11483
55.74 -0.0976951
55.75 -0.0807165
55.76 -0.0638419
55.77 -0.0469972
55.78 -0.0300923
55.79 -0.0130268
55.8 0.00430382
55.81 0.0220255
55.82 0.0402426
55.83 0.0590109
55.84 0.0783841
55.85 0.098391
55.86 0.119032
55.87 0.140276
55.88 0.162062
55.89 0.184313
55.9 0.206874
55.91 0.229564
55.92 0.252198
55.93 0.274565
55.94 0.29644
55.95 0.317586
55.96 0.337759
55.97 0.356603
55.98 0.373913
55.99 0.389493
56 0.403131
56.01 0.414634
56.02 0.423832
56.03 0.430581
56.04 0.434763
56.05 0.436055
56.06 0.43459
56.07 0.430381
56.08 0.423433
56.09 0.413777
56.1 0.401468
56.11 0.386583
56.12 0.36922
56.13 0.349277
56.14 0.327127
56.15 0.302928
56.16 0.276845
56.17 0.249057
56.18 0.219754
56.19 0.189138
56.2 0.157417
56.21 0.124774
56.22 0.0915511
56.23 0.0580091
56.24 0.0244234
56.25 -0.00891505
56.26 -0.0417005
56.27 -0.0736128
56.28 -0.104286
56.29 -0.133245
56.3 -0.160239
56.31 -0.184916
56.32 -0.206927
56.33 -0.225931
56.34 -0.241604
56.35 -0.253649
56.36 -0.261659
56.37 -0.26524
56.38 -0.264494
56.39 -0.259311
56.4 -0.249645
56.41 -0.235523
56.42 -0.217042
56.43 -0.194382
56.44 -0.16764
56.45 -0.137168
56.46 -0.103618
56.47 -0.0674946
56.48 -0.0293652
56.49 0.0101463
56.5 0.050372
56.51 0.0906123
56.52 0.130066
56.53 0.167931
56.54 0.20354
56.55 0.236226
56.56 0.265372
56.57 0.290424
56.58 0.310908
56.59 0.326441
56.6 0.336368
56.61 0.340711
56.62 0.339612
56.63 0.333165
56.64 0.321583
56.65 0.305189
56.66 0.284417
56.67 0.259795
56.68 0.231729
56.69 0.201178
56.7 0.168948
56.71 0.135808
56.72 0.102536
56.73 0.0698962
56.74 0.0386194
56.75 0.00938454
56.76 -0.0169051
56.77 -0.0399231
56.78 -0.0592997
56.79 -0.0747577
56.8 -0.0861421
56.81 -0.0934237
56.82 -0.0966996
56.83 -0.0961773
56.84 -0.0919155
56.85 -0.0847461
56.86 -0.0752247
56.87 -0.0639787
56.88 -0.0516891
56.89 -0.0390694
56.9 -0.0268452
56.91 -0.0157608
56.92 -0.00669566
56.93 -0.000159108
56.94 0.00331142
56.95 0.003272
56.96 -0.000613864
56.97 -0.00856434
56.98 -0.0206717
56.99 -0.037007
57 -0.0575486
57.01 -0.0816691
57.02 -0.108927
57.03 -0.138774
57.04 -0.170575
57.05 -0.203618
57.06 -0.237139
57.07 -0.270293
57.08 -0.302143
57.09 -0.331925
57.1 -0.358887
57.11 -0.382338
57.12 -0.401664
57.13 -0.41635
57.14 -0.425988
57.15 -0.43001
57.16 -0.428267
57.17 -0.421036
57.18 -0.408462
57.19 -0.390818
57.2 -0.3685
57.21 -0.342012
57.22 -0.31196
57.23 -0.278891
57.24 -0.243725
57.25 -0.207362
57.26 -0.170611
57.27 -0.134278
57.28 -0.0991383
57.29 -0.0659229
57.3 -0.0352969
57.31 -0.00812055
57.32 0.0152392
57.33 0.0345144
57.34 0.0494708
57.35 0.059995
57.36 0.0660962
57.37 0.0679032
57.38 0.0656589
57.39 0.0594284
57.4 0.0499836
57.41 0.0379173
57.42 0.0238322
57.43 0.00837459
57.44 -0.00778312
57.45 -0.0239609
57.46 -0.0394891
57.47 -0.053538
57.48 -0.0655953
57.49 -0.0751422
57.5 -0.0817326
57.51 -0.085005
57.52 -0.0846905
57.53 -0.0806171
57.54 -0.0726748
57.55 -0.0605944
57.56 -0.0448723
57.57 -0.0257431
57.58 -0.00352156
57.59 0.0214075
57.6 0.0486006
57.61 0.0775689
57.62 0.107806
57.63 0.13875
57.64 0.169768
57.65 0.200331
57.66 0.229939
57.67 0.258129
57.68 0.284485
57.69 0.30865
57.7 0.330239
57.71 0.348918
57.72 0.364724
57.73 0.377596
57.74 0.387547
57.75 0.394655
57.76 0.399066
57.77 0.400981
57.78 0.400561
57.79 0.398123
57.8 0.39412
57.81 0.388898
57.82 0.382814
57.83 0.37622
57.84 0.369459
57.85 0.36285
57.86 0.356725
57.87 0.351357
57.88 0.346923
57.89 0.343571
57.9 0.341396
57.91 0.340437
57.92 0.340678
57.93 0.342049
57.94 0.344486
57.95 0.347752
57.96 0.351592
57.97 0.355746
57.98 0.359922
57.99 0.363811
58 0.367088
58.01 0.369421
58.02 0.370355
58.03 0.369623
58.04 0.366962
58.05 0.362111
58.06 0.354846
58.07 0.344983
58.08 0.332389
58.09 0.316976
58.1 0.298449
58.11 0.277088
58.12 0.253006
58.13 0.226351
58.14 0.197319
58.15 0.166157
58.16 0.133155
58.17 0.0986329
58.18 0.0628824
58.19 0.0264307
58.2 -0.0103222
58.21 -0.0469708
58.22 -0.0831126
58.23 -0.118356
58.24 -0.152331
58.25 -0.184659
58.26 -0.21487
58.27 -0.242846
58.28 -0.268378
58.29 -0.291308
58.3 -0.31153
58.31 -0.328996
58.32 -0.343714
58.33 -0.355676
58.34 -0.364899
58.35 -0.371756
58.36 -0.376464
58.37 -0.379274
58.38 -0.380469
58.39 -0.380348
58.4 -0.379225
58.41 -0.3774
58.42 -0.375212
58.43 -0.372988
58.44 -0.370992
58.45 -0.36945
58.46 -0.368552
58.47 -0.36844
58.48 -0.369204
58.49 -0.370931
58.5 -0.37359
58.51 -0.377052
58.52 -0.381177
58.53 -0.385778
58.54 -0.390624
58.55 -0.395446
58.56 -0.399942
58.57 -0.403728
58.58 -0.406442
58.59 -0.407773
58.6 -0.407392
58.61 -0.404991
58.62 -0.400289
58.63 -0.393043
58.64 -0.383056
58.65 -0.369954
58.66 -0.353798
58.67 -0.334648
58.68 -0.31256
58.69 -0.28765
58.7 -0.260101
58.71 -0.230152
58.72 -0.1981
58.73 -0.164168
58.74 -0.128915
58.75 -0.0927909
58.76 -0.0562387
58.77 -0.0197134
58.78 0.0163305
58.79 0.0514493
58.8 0.0852203
58.81 0.117042
58.82 0.146709
58.83 0.173929
58.84 0.198462
58.85 0.220124
58.86 0.238791
58.87 0.254403
58.88 0.266925
58.89 0.276186
58.9 0.282585
58.91 0.286293
58.92 0.287517
58.93 0.286499
58.94 0.283502
58.95 0.278802
58.96 0.272656
58.97 0.265305
58.98 0.257115
58.99 0.248318
59 0.239116
59.01 0.229673
59.02 0.22011
59.03 0.210505
59.04 0.200889
59.05 0.191236
59.06 0.181476
59.07 0.171498
59.08 0.161155
59.09 0.150272
59.1 0.138649
59.11 0.126075
59.12 0.112268
59.13 0.0969745
59.14 0.0800651
59.15 0.061367
59.16 0.04074
59.17 0.0180833
59.18 -0.00665829
59.19 -0.0334888
59.2 -0.0624695
59.21 -0.0934389
59.22 -0.126129
59.23 -0.160303
59.24 -0.195667
59.25 -0.231881
59.26 -0.268557
59.27 -0.305271
59.28 -0.341505
59.29 -0.376742
59.3 -0.410506
59.31 -0.442309
59.32 -0.471673
59.33 -0.498138
59.34 -0.521276
59.35 -0.540696
59.36 -0.555696
59.37 -0.566221
59.38 -0.572134
59.39 -0.573285
59.4 -0.569594
59.41 -0.561047
59.42 -0.547703
59.43 -0.529691
59.44 -0.506806
59.45 -0.479726
59.46 -0.448811
59.47 -0.414436
59.48 -0.37702
59.49 -0.337015
59.5 -0.2949
59.51 -0.251166
59.52 -0.20627
59.53 -0.160861
59.54 -0.115432
59.55 -0.0704561
59.56 -0.0263807
59.57 0.0163796
59.58 0.0574488
59.59 0.0964555
59.6 0.132931
59.61 0.166828
59.62 0.197975
59.63 0.226253
59.64 0.251595
59.65 0.27398
59.66 0.293437
59.67 0.309956
59.68 0.323544
59.69 0.334554
59.7 0.343162
59.71 0.349562
59.72 0.35396
59.73 0.356572
59.74 0.357611
59.75 0.357241
59.76 0.35566
59.77 0.353127
59.78 0.349797
59.79 0.3458
59.8 0.341238
59.81 0.336185
59.82 0.330684
59.83 0.324723
59.84 0.318283
59.85 0.311339
59.86 0.30382
59.87 0.295642
59.88 0.286707
59.89 0.27691
59.9 0.266148
59.91 0.254248
59.92 0.241148
59.93 0.226828
59.94 0.211257
59.95 0.194436
59.96 0.176405
59.97 0.157245
59.98 0.137079
59.99 0.116033
60 0.0943988
60.01 0.0724692
60.02 0.0505597
60.03 0.0290225
60.04 0.00824101
60.05 -0.011377
60.06 -0.0294082
60.07 -0.0452062
60.08 -0.0584583
60.09 -0.068785
60.1 -0.0758094
60.11 -0.0791943
60.12 -0.0786528
60.13 -0.0739591
60.14 -0.0649567
60.15 -0.0511283
60.16 -0.0329315
60.17 -0.0104886
60.18 0.0159899
60.19 0.0462014
60.2 0.0797528
60.21 0.116165
60.22 0.154896
60.23 0.195373
60.24 0.236693
60.25 0.278108
60.26 0.318839
60.27 0.358091
60.28 0.39507
60.29 0.429003
60.3 0.459042
60.31 0.484176
60.32 0.504103
60.33 0.518301
60.34 0.52634
60.35 0.5279
60.36 0.522771
60.37 0.510864
60.38 0.491981
60.39 0.466101
60.4 0.433974
60.41 0.396013
60.42 0.352734
60.43 0.304746
60.44 0.252737
60.45 0.197458
60.46 0.139636
60.47 0.080206
60.48 0.0201438
60.49 -0.0397113
60.5 -0.0985448
60.51 -0.155583
60.52 -0.210108
60.53 -0.261469
60.54 -0.308846
60.55 -0.35177
60.56 -0.390039
60.57 -0.423385
60.58 -0.451644
60.59 -0.474746
60.6 -0.492713
60.61 -0.505654
60.62 -0.513432
60.63 -0.516532
60.64 -0.515422
60.65 -0.510461
60.66 -0.502036
60.67 -0.490546
60.68 -0.476392
60.69 -0.459963
60.7 -0.4415
60.71 -0.42149
60.72 -0.400257
60.73 -0.378045
60.74 -0.355049
60.75 -0.331416
60.76 -0.307247
60.77 -0.282594
60.78 -0.257426
60.79 -0.231758
60.8 -0.205543
60.81 -0.178716
60.82 -0.151206
60.83 -0.122949
60.84 -0.0938929
60.85 -0.0640042
60.86 -0.0332144
60.87 -0.00165412
60.88 0.0305814
60.89 0.0633486
60.9 0.0964548
60.91 0.129658
60.92 0.16267
60.93 0.195143
60.94 0.226607
60.95 0.256709
60.96 0.285029
60.97 0.311145
60.98 0.334635
60.99 0.355098
61 0.372156
61.01 0.385357
61.02 0.394211
61.03 0.398782
61.04 0.398926
61.05 0.394575
61.06 0.385741
61.07 0.372516
61.08 0.355074
61.09 0.333519
61.1 0.308161
61.11 0.279648
61.12 0.24845
61.13 0.215085
61.14 0.180108
61.15 0.144099
61.16 0.107648
61.17 0.0713849
61.18 0.0359589
61.19 0.00189855
61.2 -0.0302987
61.21 -0.0601875
61.22 -0.0873836
61.23 -0.111571
61.24 -0.132508
61.25 -0.149803
61.26 -0.163469
61.27 -0.173643
61.28 -0.180412
61.29 -0.183933
61.3 -0.184425
61.31 -0.182165
61.32 -0.177475
61.33 -0.170584
61.34 -0.16203
61.35 -0.152262
61.36 -0.14168
61.37 -0.130676
61.38 -0.119618
61.39 -0.108848
61.4 -0.0986698
61.41 -0.0894365
61.42 -0.0813045
61.43 -0.0744058
61.44 -0.0688282
61.45 -0.064604
61.46 -0.0617115
61.47 -0.060078
61.48 -0.0595842
61.49 -0.0601487
61.5 -0.0614571
61.51 -0.0632819
61.52 -0.0653788
61.53 -0.0674956
61.54 -0.0693794
61.55 -0.0707858
61.56 -0.0714755
61.57 -0.0711525
61.58 -0.0697163
61.59 -0.0670363
61.6 -0.0630224
61.61 -0.0576286
61.62 -0.0508543
61.63 -0.0427449
61.64 -0.0333659
61.65 -0.0228123
61.66 -0.0113642
61.67 0.000758324
61.68 0.0133052
61.69 0.0260024
61.7 0.0385583
61.71 0.0506707
61.72 0.0619965
61.73 0.0721656
61.74 0.0809445
61.75 0.0880681
61.76 0.0932978
61.77 0.0964281
61.78 0.0972917
61.79 0.0957637
61.8 0.0916471
61.81 0.0848978
61.82 0.0756822
61.83 0.0640832
61.84 0.050233
61.85 0.0343109
61.86 0.0165404
61.87 -0.00281523
61.88 -0.0235136
61.89 -0.0451598
61.9 -0.0673472
61.91 -0.089708
61.92 -0.111869
61.93 -0.133458
61.94 -0.154113
61.95 -0.173491
61.96 -0.191135
61.97 -0.206797
61.98 -0.220286
61.99 -0.231408
62 -0.240016
62.01 -0.246016
62.02 -0.249371
62.03 -0.250094
62.04 -0.248054
62.05 -0.243561
62.06 -0.236845
62.07 -0.228134
62.08 -0.217695
62.09 -0.205825
62.1 -0.192845
62.11 -0.179093
62.12 -0.164905
62.13 -0.15069
62.14 -0.136777
62.15 -0.123471
62.16 -0.111045
62.17 -0.099736
62.18 -0.0897371
62.19 -0.0812
62.2 -0.0743564
62.21 -0.0690846
62.22 -0.0653471
62.23 -0.0630505
62.24 -0.0620479
62.25 -0.0621437
62.26 -0.0630986
62.27 -0.0646415
62.28 -0.0664502
62.29 -0.0681539
62.3 -0.0694199
62.31 -0.0699196
62.32 -0.0693382
62.33 -0.0673854
62.34 -0.0638043
62.35 -0.0583206
62.36 -0.0506723
62.37 -0.0409003
62.38 -0.0289727
62.39 -0.0149218
62.4 0.00115533
62.41 0.0190987
62.42 0.0386882
62.43 0.0596918
62.44 0.0817577
62.45 0.104436
62.46 0.127328
62.47 0.15002
62.48 0.172092
62.49 0.193133
62.5 0.212748
62.51 0.23046
62.52 0.245917
62.53 0.258948
62.54 0.269349
62.55 0.276985
62.56 0.281788
62.57 0.283758
62.58 0.282969
62.59 0.279401
62.6 0.273366
62.61 0.265227
62.62 0.2553
62.63 0.243932
62.64 0.231496
62.65 0.218376
62.66 0.204954
62.67 0.191629
62.68 0.178774
62.69 0.166678
62.7 0.155586
62.71 0.145685
62.72 0.137099
62.73 0.129883
62.74 0.124024
62.75 0.119538
62.76 0.116154
62.77 0.113632
62.78 0.111698
62.79 0.110034
62.8 0.108294
62.81 0.106111
62.82 0.103115
62.83 0.0987893
62.84 0.0928887
62.85 0.0851178
62.86 0.0752299
62.87 0.0630384
62.88 0.0484239
62.89 0.0313416
62.9 0.0117967
62.91 -0.0102564
62.92 -0.0343908
62.93 -0.0603221
62.94 -0.0876988
62.95 -0.116111
62.96 -0.145102
62.97 -0.174178
62.98 -0.202801
62.99 -0.230336
63 -0.256313
63.01 -0.280245
63.02 -0.301688
63.03 -0.320247
63.04 -0.335591
63.05 -0.347461
63.06 -0.355544
63.07 -0.359632
63.08 -0.359977
63.09 -0.356676
63.1 -0.349907
63.11 -0.339922
63.12 -0.327039
63.13 -0.311633
63.14 -0.294043
63.15 -0.274773
63.16 -0.254398
63.17 -0.233385
63.18 -0.212183
63.19 -0.191213
63.2 -0.170857
63.21 -0.151444
63.22 -0.13333
63.23 -0.116714
63.24 -0.101661
63.25 -0.0882182
63.26 -0.0763619
63.27 -0.066005
63.28 -0.0570015
63.29 -0.0491551
63.3 -0.0422766
63.31 -0.03603
63.32 -0.0301074
63.33 -0.024228
63.34 -0.0181247
63.35 -0.0115558
63.36 -0.00431683
63.37 0.00375052
63.38 0.0128315
63.39 0.0229015
63.4 0.0339069
63.41 0.0457463
63.42 0.0582554
63.43 0.0712127
63.44 0.0843456
63.45 0.09734
63.46 0.10977
63.47 0.121282
63.48 0.131512
63.49 0.140108
63.5 0.146743
63.51 0.15113
63.52 0.153037
63.53 0.152277
63.54 0.148509
63.55 0.141992
63.56 0.132814
63.57 0.121153
63.58 0.107268
63.59 0.0914986
63.6 0.0742584
63.61 0.0560145
63.62 0.0373268
63.63 0.0188415
63.64 0.00114563
63.65 -0.0151725
63.66 -0.0295408
63.67 -0.0414193
63.68 -0.0503166
63.69 -0.0556902
63.7 -0.0570016
63.71 -0.0542565
63.72 -0.0473111
63.73 -0.0361251
63.74 -0.0207628
63.75 -0.00139319
63.76 0.021714
63.77 0.0483169
63.78 0.0779476
63.79 0.109872
63.8 0.143495
63.81 0.178184
63.82 0.213282
63.83 0.248123
63.84 0.282056
63.85 0.314338
63.86 0.344325
63.87 0.371584
63.88 0.395674
63.89 0.416238
63.9 0.433005
63.91 0.445797
63.92 0.454527
63.93 0.458939
63.94 0.459272
63.95 0.455861
63.96 0.448964
63.97 0.4389
63.98 0.426029
63.99 0.410744
64 0.393458
64.01 0.374492
64.02 0.354377
64.03 0.333526
64.04 0.312275
64.05 0.290918
64.06 0.269696
64.07 0.248793
64.08 0.228334
64.09 0.20843
64.1 0.189042
64.11 0.170108
64.12 0.151528
64.13 0.13317
64.14 0.114874
64.15 0.0964685
64.16 0.0777787
64.17 0.0585806
64.18 0.0387695
64.19 0.0182437
64.2 -0.0030551
64.21 -0.0251341
64.22 -0.0479438
64.23 -0.0713747
64.24 -0.0952581
64.25 -0.119347
64.26 -0.143303
64.27 -0.166772
64.28 -0.189362
64.29 -0.210647
64.3 -0.230182
64.31 -0.247514
64.32 -0.262119
64.33 -0.27336
64.34 -0.281063
64.35 -0.284892
64.36 -0.284574
64.37 -0.279906
64.38 -0.270766
64.39 -0.257121
64.4 -0.238871
64.41 -0.216076
64.42 -0.189291
64.43 -0.158874
64.44 -0.125265
64.45 -0.0889802
64.46 -0.0506028
64.47 -0.0107687
64.48 0.029847
64.49 0.070443
64.5 0.110267
64.51 0.148611
64.52 0.184789
64.53 0.218153
64.54 0.248104
64.55 0.274105
64.56 0.295404
64.57 0.311669
64.58 0.322813
64.59 0.328659
64.6 0.329128
64.61 0.324233
64.62 0.314083
64.63 0.298872
64.64 0.27856
64.65 0.253756
64.66 0.225029
64.67 0.192861
64.68 0.157775
64.69 0.120321
64.7 0.0810682
64.71 0.0405879
64.72 -0.000562145
64.73 -0.0417376
64.74 -0.082414
64.75 -0.122114
64.76 -0.160405
64.77 -0.196904
64.78 -0.23128
64.79 -0.263262
64.8 -0.292367
64.81 -0.318673
64.82 -0.342106
64.83 -0.362633
64.84 -0.38027
64.85 -0.39508
64.86 -0.407163
64.87 -0.416642
64.88 -0.423491
64.89 -0.428145
64.9 -0.430816
64.91 -0.431723
64.92 -0.431092
64.93 -0.429147
64.94 -0.426109
64.95 -0.422178
64.96 -0.41753
64.97 -0.412415
64.98 -0.406998
64.99 -0.401422
65 -0.395811
65.01 -0.39027
65.02 -0.384879
65.03 -0.379712
65.04 -0.374822
65.05 -0.370215
65.06 -0.365892
65.07 -0.36184
65.08 -0.358031
65.09 -0.354424
65.1 -0.350967
65.11 -0.347597
65.12 -0.344234
65.13 -0.340795
65.14 -0.337195
65.15 -0.333348
65.16 -0.329164
65.17 -0.324552
65.18 -0.319423
65.19 -0.313651
65.2 -0.307143
65.21 -0.299848
65.22 -0.29169
65.23 -0.2826
65.24 -0.272515
65.25 -0.26138
65.26 -0.249147
65.27 -0.235703
65.28 -0.221053
65.29 -0.205222
65.3 -0.188206
65.31 -0.17001
65.32 -0.150653
65.33 -0.130165
65.34 -0.108586
65.35 -0.0858926
65.36 -0.0622163
65.37 -0.0376593
65.38 -0.0123121
65.39 0.0137234
65.4 0.0403343
65.41 0.0673968
65.42 0.0947768
65.43 0.122331
65.44 0.149877
65.45 0.177246
65.46 0.204266
65.47 0.230756
65.48 0.256528
65.49 0.281392
65.5 0.30515
65.51 0.327454
65.52 0.34822
65.53 0.367252
65.54 0.384357
65.55 0.399352
65.56 0.412059
65.57 0.422315
65.58 0.429935
65.59 0.43457
65.6 0.436346
65.61 0.435181
65.62 0.431023
65.63 0.423843
65.64 0.41365
65.65 0.40048
65.66 0.384338
65.67 0.365203
65.68 0.343448
65.69 0.319258
65.7 0.292852
65.71 0.264481
65.72 0.234424
65.73 0.202986
65.74 0.170469
65.75 0.137247
65.76 0.103745
65.77 0.070334
65.78 0.0373846
65.79 0.0052655
65.8 -0.0256633
65.81 -0.0550554
65.82 -0.0824765
65.83 -0.107576
65.84 -0.130186
65.85 -0.150067
65.86 -0.167017
65.87 -0.180871
65.88 -0.191501
65.89 -0.198818
65.9 -0.202571
65.91 -0.202821
65.92 -0.199742
65.93 -0.193405
65.94 -0.183916
65.95 -0.171409
65.96 -0.156047
65.97 -0.138015
65.98 -0.117358
65.99 -0.094437
66 -0.0695637
66.01 -0.0429913
66.02 -0.0149817
66.03 0.0141967
66.04 0.0442711
66.05 0.0749653
66.06 0.106006
66.07 0.137063
66.08 0.167853
66.09 0.198095
66.1 0.227512
66.11 0.255827
66.12 0.282768
66.13 0.308062
66.14 0.331235
66.15 0.352183
66.16 0.370665
66.17 0.386447
66.18 0.399309
66.19 0.409049
66.2 0.415489
66.21 0.418453
66.22 0.417502
66.23 0.412891
66.24 0.404588
66.25 0.392607
66.26 0.377011
66.27 0.357914
66.28 0.335484
66.29 0.30989
66.3 0.281267
66.31 0.250206
66.32 0.217097
66.33 0.182372
66.34 0.1465
66.35 0.109981
66.36 0.0733347
66.37 0.0371252
66.38 0.00198799
66.39 -0.0315903
66.4 -0.0631127
66.41 -0.0921172
66.42 -0.118188
66.43 -0.140964
66.44 -0.160151
66.45 -0.175358
66.46 -0.186374
66.47 -0.193388
66.48 -0.196452
66.49 -0.195704
66.5 -0.191367
66.51 -0.183747
66.52 -0.173221
66.53 -0.160126
66.54 -0.145056
66.55 -0.128671
66.56 -0.111546
66.57 -0.0942684
66.58 -0.0774196
66.59 -0.0615644
66.6 -0.0472336
66.61 -0.0350755
66.62 -0.0254888
66.63 -0.0187377
66.64 -0.0150753
66.65 -0.0146669
66.66 -0.0175861
66.67 -0.0238134
66.68 -0.0332378
66.69 -0.0458738
66.7 -0.0612293
66.71 -0.0788677
66.72 -0.0983597
66.73 -0.11923
66.74 -0.14097
66.75 -0.163054
66.76 -0.184954
66.77 -0.206044
66.78 -0.225852
66.79 -0.243948
66.8 -0.259949
66.81 -0.273539
66.82 -0.284472
66.83 -0.292579
66.84 -0.297767
66.85 -0.299748
66.86 -0.298901
66.87 -0.295384
66.88 -0.289418
66.89 -0.281276
66.9 -0.271274
66.91 -0.259757
66.92 -0.247077
66.93 -0.233577
66.94 -0.219702
66.95 -0.205774
66.96 -0.192077
66.97 -0.178847
66.98 -0.166267
66.99 -0.154457
67 -0.143494
67.01 -0.133402
67.02 -0.124032
67.03 -0.11524
67.04 -0.106831
67.05 -0.098569
67.06 -0.0901871
67.07 -0.0813993
67.08 -0.0718759
67.09 -0.0612716
67.1 -0.0493756
67.11 -0.035966
67.12 -0.0208683
67.13 -0.00396461
67.14 0.0147978
67.15 0.0354012
67.16 0.0578317
67.17 0.0818941
67.18 0.107241
67.19 0.13355
67.2 0.160438
67.21 0.187472
67.22 0.214181
67.23 0.240071
67.24 0.264521
67.25 0.286997
67.26 0.307077
67.27 0.324323
67.28 0.338346
67.29 0.348821
67.3 0.355497
67.31 0.358201
67.32 0.356554
67.33 0.350762
67.34 0.341057
67.35 0.327647
67.36 0.31082
67.37 0.290939
67.38 0.26843
67.39 0.24377
67.4 0.217383
67.41 0.189976
67.42 0.162122
67.43 0.134357
67.44 0.107194
67.45 0.081106
67.46 0.0565172
67.47 0.0337923
67.48 0.0134593
67.49 -0.00445297
67.5 -0.0198256
67.51 -0.0326067
67.52 -0.0428178
67.53 -0.0505485
67.54 -0.0559494
67.55 -0.0592083
67.56 -0.0604364
67.57 -0.0601072
67.58 -0.0585118
67.59 -0.0559424
67.6 -0.0526799
67.61 -0.0489822
67.62 -0.045075
67.63 -0.0411449
67.64 -0.037345
67.65 -0.0337458
67.66 -0.0303635
67.67 -0.0271607
67.68 -0.0240497
67.69 -0.0208975
67.7 -0.017533
67.71 -0.013736
67.72 -0.00923588
67.73 -0.00383777
67.74 0.00267641
67.75 0.0105053
67.76 0.0198168
67.77 0.0307381
67.78 0.0433464
67.79 0.0577345
67.8 0.0738693
67.81 0.091528
67.82 0.110521
67.83 0.130594
67.84 0.151437
67.85 0.172686
67.86 0.193936
67.87 0.214699
67.88 0.234461
67.89 0.252784
67.9 0.269218
67.91 0.283339
67.92 0.294761
67.93 0.303148
67.94 0.308228
67.95 0.309552
67.96 0.307111
67.97 0.301004
67.98 0.291295
67.99 0.27813
68 0.261738
68.01 0.242419
68.02 0.220539
68.03 0.196387
68.04 0.170605
68.05 0.143735
68.06 0.116286
68.07 0.0887633
68.08 0.0616538
68.09 0.035413
68.1 0.0104524
68.11 -0.0126953
68.12 -0.0338564
68.13 -0.0528457
68.14 -0.0695378
68.15 -0.0838856
68.16 -0.0959189
68.17 -0.105741
68.18 -0.113518
68.19 -0.119336
68.2 -0.123683
68.21 -0.126887
68.22 -0.129299
68.23 -0.13128
68.24 -0.133188
68.25 -0.135368
68.26 -0.138152
68.27 -0.141911
68.28 -0.146814
68.29 -0.153031
68.3 -0.160674
68.31 -0.169796
68.32 -0.180389
68.33 -0.192384
68.34 -0.205692
68.35 -0.220171
68.36 -0.235511
68.37 -0.251463
68.38 -0.267762
68.39 -0.284133
68.4 -0.300303
68.41 -0.31601
68.42 -0.330977
68.43 -0.344947
68.44 -0.357799
68.45 -0.369408
68.46 -0.379693
68.47 -0.388618
68.48 -0.396192
68.49 -0.402466
68.5 -0.40747
68.51 -0.411342
68.52 -0.414286
68.53 -0.416461
68.54 -0.418027
68.55 -0.419138
68.56 -0.419935
68.57 -0.420534
68.58 -0.421021
68.59 -0.421447
68.6 -0.421817
68.61 -0.422087
68.62 -0.422166
68.63 -0.421925
68.64 -0.421194
68.65 -0.419767
68.66 -0.417328
68.67 -0.413642
68.68 -0.408476
68.69 -0.401577
68.7 -0.392707
68.71 -0.381653
68.72 -0.368238
68.73 -0.352331
68.74 -0.33363
68.75 -0.312304
68.76 -0.288453
68.77 -0.262205
68.78 -0.233753
68.79 -0.203354
68.8 -0.171323
68.81 -0.138028
68.82 -0.103842
68.83 -0.069331
68.84 -0.0349675
68.85 -0.00122586
68.86 0.0314277
68.87 0.0625479
68.88 0.0917231
68.89 0.118565
68.9 0.142517
68.91 0.163571
68.92 0.181575
68.93 0.196455
68.94 0.208216
68.95 0.216944
68.96 0.2228
68.97 0.225971
68.98 0.226654
68.99 0.225423
69 0.222683
69.01 0.218866
69.02 0.214418
69.03 0.209788
69.04 0.20541
69.05 0.201725
69.06 0.199182
69.07 0.198039
69.08 0.198541
69.09 0.200867
69.1 0.205125
69.11 0.211348
69.12 0.219495
69.13 0.229525
69.14 0.241245
69.15 0.254301
69.16 0.268387
69.17 0.283159
69.18 0.298247
69.19 0.31326
69.2 0.327806
69.21 0.341428
69.22 0.353723
69.23 0.3644
69.24 0.37317
69.25 0.379788
69.26 0.384065
69.27 0.385867
69.28 0.385116
69.29 0.381621
69.3 0.375521
69.31 0.367
69.32 0.356202
69.33 0.343308
69.34 0.328526
69.35 0.312089
69.36 0.294237
69.37 0.275142
69.38 0.255136
69.39 0.234467
69.4 0.213338
69.41 0.191925
69.42 0.170376
69.43 0.148809
69.44 0.12731
69.45 0.105948
69.46 0.0847413
69.47 0.0636888
69.48 0.0427747
69.49 0.0219731
69.5 0.00125444
69.51 -0.0194069
69.52 -0.0400262
69.53 -0.0605947
69.54 -0.0810845
69.55 -0.101434
69.56 -0.12155
69.57 -0.141304
69.58 -0.160529
69.59 -0.179029
69.6 -0.196554
69.61 -0.212726
69.62 -0.227347
69.63 -0.240119
69.64 -0.250738
69.65 -0.258905
69.66 -0.264334
69.67 -0.266759
69.68 -0.265858
69.69 -0.261255
69.7 -0.253063
69.71 -0.241209
69.72 -0.22568
69.73 -0.206526
69.74 -0.183868
69.75 -0.157889
69.76 -0.128736
69.77 -0.0966997
69.78 -0.0623506
69.79 -0.0261163
69.8 0.0115368
69.81 0.0501132
69.82 0.0890979
69.83 0.127967
69.84 0.16614
69.85 0.203038
69.86 0.238219
69.87 0.271236
69.88 0.301686
69.89 0.329212
69.9 0.353514
69.91 0.374347
69.92 0.391294
69.93 0.40431
69.94 0.413491
69.95 0.418846
69.96 0.420438
69.97 0.418379
69.98 0.412823
69.99 0.403963
70 0.39181
70.01 0.376787
70.02 0.359245
70.03 0.339459
70.04 0.31771
70.05 0.294279
70.06 0.269441
70.07 0.243463
70.08 0.216546
70.09 0.18902
70.1 0.161126
70.11 0.133081
70.12 0.105088
70.13 0.0773417
70.14 0.0500264
70.15 0.0233193
70.16 -0.00251533
70.17 -0.0273711
70.18 -0.051088
70.19 -0.0735064
70.2 -0.09447
70.21 -0.113826
70.22 -0.131428
70.23 -0.147118
70.24 -0.160586
70.25 -0.171896
70.26 -0.180953
70.27 -0.187685
70.28 -0.192045
70.29 -0.194013
70.3 -0.193603
70.31 -0.190817
70.32 -0.185618
70.33 -0.178327
70.34 -0.169114
70.35 -0.158186
70.36 -0.145786
70.37 -0.132186
70.38 -0.117689
70.39 -0.102608
70.4 -0.087319
70.41 -0.0722044
70.42 -0.0576122
70.43 -0.0438816
70.44 -0.0313358
70.45 -0.0202743
70.46 -0.010966
70.47 -0.00374037
70.48 0.00116825
70.49 0.0037441
70.5 0.00390817
70.51 0.00163389
70.52 -0.00305267
70.53 -0.010074
70.54 -0.0193039
70.55 -0.0306735
70.56 -0.0439148
70.57 -0.0586853
70.58 -0.0747072
70.59 -0.0916856
70.6 -0.109315
70.61 -0.12729
70.62 -0.145307
70.63 -0.163042
70.64 -0.180206
70.65 -0.19657
70.66 -0.211927
70.67 -0.226101
70.68 -0.238953
70.69 -0.250379
70.7 -0.260309
70.71 -0.268583
70.72 -0.275289
70.73 -0.280484
70.74 -0.284214
70.75 -0.286538
70.76 -0.287527
70.77 -0.287253
70.78 -0.285791
70.79 -0.283109
70.8 -0.279361
70.81 -0.274599
70.82 -0.268848
70.83 -0.262118
70.84 -0.2544
70.85 -0.245675
70.86 -0.235903
70.87 -0.224934
70.88 -0.212822
70.89 -0.199519
70.9 -0.184985
70.91 -0.16919
70.92 -0.152123
70.93 -0.133796
70.94 -0.114227
70.95 -0.0934142
70.96 -0.0715718
70.97 -0.0488444
70.98 -0.025411
70.99 -0.00148429
71 0.0226927
71.01 0.0468504
71.02 0.0706807
71.03 0.0938109
71.04 0.115954
71.05 0.136798
71.06 0.156043
71.07 0.173408
71.08 0.188641
71.09 0.201525
71.1 0.211783
71.11 0.219219
71.12 0.223934
71.13 0.225931
71.14 0.225271
71.15 0.222072
71.16 0.216514
71.17 0.208827
71.18 0.199213
71.19 0.188044
71.2 0.175773
71.21 0.162782
71.22 0.149468
71.23 0.136227
71.24 0.123446
71.25 0.111494
71.26 0.100801
71.27 0.0916706
71.28 0.0842956
71.29 0.0788625
71.3 0.0754977
71.31 0.0742656
71.32 0.0751668
71.33 0.0781389
71.34 0.0831903
71.35 0.090019
71.36 0.0983311
71.37 0.107842
71.38 0.118232
71.39 0.129158
71.4 0.140263
71.41 0.15118
71.42 0.161473
71.43 0.170805
71.44 0.178869
71.45 0.185379
71.46 0.190091
71.47 0.192803
71.48 0.193362
71.49 0.191662
71.5 0.187421
71.51 0.180866
71.52 0.172056
71.53 0.161089
71.54 0.148099
71.55 0.133256
71.56 0.116751
71.57 0.0987876
71.58 0.0795161
71.59 0.0592983
71.6 0.0383649
71.61 0.0169385
71.62 -0.00477066
71.63 -0.0265694
71.64 -0.0482842
71.65 -0.0697558
71.66 -0.0908224
71.67 -0.111405
71.68 -0.131426
71.69 -0.150827
71.7 -0.169568
71.71 -0.187621
71.72 -0.204969
71.73 -0.22158
71.74 -0.237419
71.75 -0.252526
71.76 -0.266889
71.77 -0.280485
71.78 -0.293285
71.79 -0.305249
71.8 -0.316323
71.81 -0.326399
71.82 -0.335382
71.83 -0.343244
71.84 -0.349899
71.85 -0.355256
71.86 -0.35923
71.87 -0.361738
71.88 -0.362707
71.89 -0.361982
71.9 -0.359533
71.91 -0.35541
71.92 -0.349612
71.93 -0.342159
71.94 -0.333096
71.95 -0.32249
71.96 -0.31043
71.97 -0.296942
71.98 -0.282221
71.99 -0.266455
72 -0.249799
72.01 -0.232417
72.02 -0.214471
72.03 -0.196124
72.04 -0.17753
72.05 -0.158835
72.06 -0.140187
72.07 -0.121694
72.08 -0.103444
72.09 -0.0855032
72.1 -0.0679151
72.11 -0.0507017
72.12 -0.0338637
72.13 -0.017413
72.14 -0.00127916
72.15 0.0145913
72.16 0.0302576
72.17 0.0457833
72.18 0.0612325
72.19 0.0766654
72.2 0.0921345
72.21 0.107691
72.22 0.123351
72.23 0.13912
72.24 0.15498
72.25 0.170896
72.26 0.18681
72.27 0.202644
72.28 0.218296
72.29 0.23362
72.3 0.248502
72.31 0.262804
72.32 0.276381
72.33 0.289087
72.34 0.30078
72.35 0.311326
72.36 0.320559
72.37 0.328297
72.38 0.334545
72.39 0.339236
72.4 0.342324
72.41 0.343786
72.42 0.343622
72.43 0.341852
72.44 0.338459
72.45 0.333478
72.46 0.327083
72.47 0.319366
72.48 0.310422
72.49 0.300356
72.5 0.289269
72.51 0.277263
72.52 0.264396
72.53 0.250766
72.54 0.23649
72.55 0.221631
72.56 0.206239
72.57 0.190355
72.58 0.174008
72.59 0.157217
72.6 0.139967
72.61 0.122279
72.62 0.104177
72.63 0.0856709
72.64 0.066777
72.65 0.0475217
72.66 0.027944
72.67 0.00809765
72.68 -0.0119541
72.69 -0.032099
72.7 -0.0522183
72.71 -0.0721794
72.72 -0.0918323
72.73 -0.111011
72.74 -0.129538
72.75 -0.147225
72.76 -0.163773
72.77 -0.179046
72.78 -0.192873
72.79 -0.20508
72.8 -0.215506
72.81 -0.224016
72.82 -0.230495
72.83 -0.234862
72.84 -0.236848
72.85 -0.236652
72.86 -0.234308
72.87 -0.22988
72.88 -0.223468
72.89 -0.215204
72.9 -0.205253
72.91 -0.193792
72.92 -0.180952
72.93 -0.167101
72.94 -0.152481
72.95 -0.137339
72.96 -0.121921
72.97 -0.106465
72.98 -0.0911981
72.99 -0.0763425
73 -0.0621398
73.01 -0.0487135
73.02 -0.0361946
73.03 -0.0246855
73.04 -0.0142603
73.05 -0.00496514
73.06 0.00317994
73.07 0.0101414
73.08 0.015912
73.09 0.0206157
73.1 0.0243117
73.11 0.0270684
73.12 0.0289589
73.13 0.0300575
73.14 0.030437
73.15 0.0301384
73.16 0.0292241
73.17 0.0277808
73.18 0.0258508
73.19 0.0234686
73.2 0.0206617
73.21 0.0174529
73.22 0.013863
73.23 0.00989429
73.24 0.00558229
73.25 0.000979164
73.26 -0.00386602
73.27 -0.00888855
73.28 -0.0140053
73.29 -0.0191129
73.3 -0.0240862
73.31 -0.0287464
73.32 -0.0329131
73.33 -0.0364036
73.34 -0.0390105
73.35 -0.0405152
73.36 -0.0406931
73.37 -0.0393205
73.38 -0.0361804
73.39 -0.0308952
73.4 -0.0233926
73.41 -0.0135705
73.42 -0.00132666
73.43 0.0133955
73.44 0.0306012
73.45 0.0502397
73.46 0.0722012
73.47 0.0964937
73.48 0.122669
73.49 0.150405
73.5 0.179339
73.51 0.20906
73.52 0.239117
73.53 0.269021
73.54 0.298258
73.55 0.326139
73.56 0.352215
73.57 0.375978
73.58 0.396946
73.59 0.414678
73.6 0.428782
73.61 0.438923
73.62 0.444768
73.63 0.445811
73.64 0.442332
73.65 0.43433
73.66 0.421891
73.67 0.405188
73.68 0.384472
73.69 0.360071
73.7 0.332302
73.71 0.301553
73.72 0.268573
73.73 0.233906
73.74 0.198119
73.75 0.161784
73.76 0.125468
73.77 0.0897192
73.78 0.0551182
73.79 0.02223
73.8 -0.00860491
73.81 -0.0370359
73.82 -0.0627781
73.83 -0.0856168
73.84 -0.105408
73.85 -0.12208
73.86 -0.13547
73.87 -0.145664
73.88 -0.152951
73.89 -0.157515
73.9 -0.159581
73.91 -0.159409
73.92 -0.15728
73.93 -0.15349
73.94 -0.148273
73.95 -0.141994
73.96 -0.134982
73.97 -0.127494
73.98 -0.119763
73.99 -0.111989
74 -0.104339
74.01 -0.0969476
74.02 -0.0899455
74.03 -0.083385
74.04 -0.0772876
74.05 -0.0716607
74.06 -0.0664918
74.07 -0.061755
74.08 -0.0574162
74.09 -0.0534387
74.1 -0.0498151
74.11 -0.0464952
74.12 -0.0434648
74.13 -0.0407305
74.14 -0.0383172
74.15 -0.0362691
74.16 -0.0346491
74.17 -0.0335375
74.18 -0.0331001
74.19 -0.0333943
74.2 -0.0345326
74.21 -0.0366284
74.22 -0.0397893
74.23 -0.0441113
74.24 -0.0496731
74.25 -0.0565439
74.26 -0.0648579
74.27 -0.0744837
74.28 -0.0853728
74.29 -0.0974392
74.3 -0.110559
74.31 -0.12457
74.32 -0.139278
74.33 -0.15446
74.34 -0.16984
74.35 -0.185107
74.36 -0.19997
74.37 -0.214132
74.38 -0.2273
74.39 -0.239195
74.4 -0.249553
74.41 -0.25807
74.42 -0.264461
74.43 -0.268693
74.44 -0.270661
74.45 -0.270309
74.46 -0.267628
74.47 -0.262665
74.48 -0.255513
74.49 -0.246232
74.5 -0.23502
74.51 -0.222224
74.52 -0.208108
74.53 -0.192961
74.54 -0.177086
74.55 -0.160796
74.56 -0.1444
74.57 -0.12823
74.58 -0.112603
74.59 -0.0977627
74.6 -0.0839358
74.61 -0.0713116
74.62 -0.0600409
74.63 -0.0502341
74.64 -0.0419597
74.65 -0.0353535
74.66 -0.0303359
74.67 -0.0268016
74.68 -0.0246627
74.69 -0.0238056
74.7 -0.024096
74.71 -0.0253851
74.72 -0.0275158
74.73 -0.0303713
74.74 -0.033738
74.75 -0.0374588
74.76 -0.0414036
74.77 -0.0454599
74.78 -0.0495357
74.79 -0.0535605
74.8 -0.057486
74.81 -0.0612732
74.82 -0.0649286
74.83 -0.0684681
74.84 -0.0719196
74.85 -0.0753207
74.86 -0.0787146
74.87 -0.0821453
74.88 -0.0856542
74.89 -0.0892879
74.9 -0.0930577
74.91 -0.0969688
74.92 -0.10101
74.93 -0.105151
74.94 -0.109347
74.95 -0.113532
74.96 -0.117623
74.97 -0.121503
74.98 -0.125076
74.99 -0.128231
75 -0.130858
75.01 -0.132851
75.02 -0.134112
75.03 -0.134557
75.04 -0.134094
75.05 -0.132632
75.06 -0.130224
75.07 -0.126881
75.08 -0.122644
75.09 -0.117579
75.1 -0.11178
75.11 -0.105364
75.12 -0.0984553
75.13 -0.0912203
75.14 -0.0838524
75.15 -0.0765193
75.16 -0.0693857
75.17 -0.0626065
75.18 -0.0563207
75.19 -0.0506452
75.2 -0.0457095
75.21 -0.0415711
75.22 -0.0382074
75.23 -0.0355915
75.24 -0.0336567
75.25 -0.0322967
75.26 -0.0313679
75.27 -0.030692
75.28 -0.0300479
75.29 -0.0291702
75.3 -0.0278046
75.31 -0.0256893
75.32 -0.0225628
75.33 -0.018172
75.34 -0.012281
75.35 -0.00467897
75.36 0.00496655
75.37 0.0167044
75.38 0.0305664
75.39 0.0465807
75.4 0.0647211
75.41 0.0849058
75.42 0.106998
75.43 0.130806
75.44 0.156195
75.45 0.182733
75.46 0.210068
75.47 0.23784
75.48 0.265664
75.49 0.293147
75.5 0.319894
75.51 0.345516
75.52 0.369457
75.53 0.391499
75.54 0.411341
75.55 0.428726
75.56 0.443444
75.57 0.455338
75.58 0.464307
75.59 0.470271
75.6 0.473013
75.61 0.472879
75.62 0.469992
75.63 0.464522
75.64 0.456676
75.65 0.44669
75.66 0.434823
75.67 0.421321
75.68 0.406422
75.69 0.390527
75.7 0.373901
75.71 0.356792
75.72 0.339424
75.73 0.321992
75.74 0.304659
75.75 0.287561
75.76 0.270807
75.77 0.254426
75.78 0.238428
75.79 0.222793
75.8 0.207472
75.81 0.192392
75.82 0.177463
75.83 0.162578
75.84 0.147611
75.85 0.132449
75.86 0.116988
75.87 0.101135
75.88 0.0848118
75.89 0.0679614
75.9 0.0505483
75.91 0.0325295
75.92 0.0139354
75.93 -0.00516175
75.94 -0.0246891
75.95 -0.0445508
75.96 -0.0646306
75.97 -0.0847947
75.98 -0.104896
75.99 -0.124749
76 -0.144181
76.01 -0.163036
76.02 -0.181153
76.03 -0.198379
76.04 -0.21457
76.05 -0.229597
76.06 -0.243343
76.07 -0.255589
76.08 -0.266335
76.09 -0.275544
76.1 -0.283173
76.11 -0.28919
76.12 -0.293579
76.13 -0.296334
76.14 -0.29746
76.15 -0.296815
76.16 -0.29456
76.17 -0.290727
76.18 -0.285336
76.19 -0.278409
76.2 -0.269968
76.21 -0.260033
76.22 -0.248618
76.23 -0.235615
76.24 -0.22119
76.25 -0.205375
76.26 -0.188205
76.27 -0.16973
76.28 -0.150008
76.29 -0.129114
76.3 -0.107125
76.31 -0.0841016
76.32 -0.0602722
76.33 -0.0357978
76.34 -0.0108622
76.35 0.0143289
76.36 0.0395483
76.37 0.0645504
76.38 0.0890508
76.39 0.112708
76.4 0.135277
76.41 0.156472
76.42 0.176012
76.43 0.193624
76.44 0.209051
76.45 0.222058
76.46 0.232321
76.47 0.239588
76.48 0.24389
76.49 0.245137
76.5 0.243283
76.51 0.238328
76.52 0.23032
76.53 0.219351
76.54 0.205421
76.55 0.188757
76.56 0.169723
76.57 0.148584
76.58 0.125633
76.59 0.101188
76.6 0.0755803
76.61 0.0491544
76.62 0.0222492
76.63 -0.00473766
76.64 -0.0314595
76.65 -0.0576023
76.66 -0.082874
76.67 -0.107009
76.68 -0.129771
76.69 -0.150958
76.7 -0.170256
76.71 -0.187616
76.72 -0.202992
76.73 -0.216329
76.74 -0.227605
76.75 -0.236828
76.76 -0.244032
76.77 -0.249273
76.78 -0.252469
76.79 -0.253866
76.8 -0.253593
76.81 -0.251762
76.82 -0.248488
76.83 -0.243886
76.84 -0.238067
76.85 -0.231141
76.86 -0.223114
76.87 -0.21419
76.88 -0.204453
76.89 -0.193978
76.9 -0.182837
76.91 -0.171092
76.92 -0.158803
76.93 -0.14602
76.94 -0.132772
76.95 -0.119155
76.96 -0.105226
76.97 -0.0910479
76.98 -0.0766843
76.99 -0.0622058
77 -0.0476881
77.01 -0.0332153
77.02 -0.0188909
77.03 -0.0048012
77.04 0.00896061
77.05 0.0223007
77.06 0.0351263
77.07 0.0473476
77.08 0.0588796
77.09 0.0696151
77.1 0.0794522
77.11 0.0883869
77.12 0.0963766
77.13 0.103392
77.14 0.109418
77.15 0.114454
77.16 0.118515
77.17 0.121583
77.18 0.123702
77.19 0.124975
77.2 0.125467
77.21 0.125248
77.22 0.124394
77.23 0.122983
77.24 0.121096
77.25 0.118792
77.26 0.116162
77.27 0.113292
77.28 0.110244
77.29 0.107073
77.3 0.103827
77.31 0.100544
77.32 0.0972564
77.33 0.0939897
77.34 0.0907624
77.35 0.0875852
77.36 0.0844664
77.37 0.0814122
77.38 0.0784292
77.39 0.0755249
77.4 0.0727099
77.41 0.0700092
77.42 0.0674387
77.43 0.0650233
77.44 0.0627959
77.45 0.0607952
77.46 0.0590649
77.47 0.057653
77.48 0.0566104
77.49 0.0560339
77.5 0.0559416
77.51 0.0563784
77.52 0.0573862
77.53 0.0589993
77.54 0.0612424
77.55 0.064129
77.56 0.0676628
77.57 0.0718841
77.58 0.0766989
77.59 0.0820598
77.6 0.0879047
77.61 0.0941576
77.62 0.10073
77.63 0.107522
77.64 0.114425
77.65 0.121311
77.66 0.128055
77.67 0.134537
77.68 0.140642
77.69 0.146261
77.7 0.151292
77.71 0.155644
77.72 0.159213
77.73 0.161895
77.74 0.163697
77.75 0.164587
77.76 0.16455
77.77 0.163581
77.78 0.161689
77.79 0.158893
77.8 0.155184
77.81 0.150585
77.82 0.145183
77.83 0.139012
77.84 0.132102
77.85 0.124479
77.86 0.116157
77.87 0.107144
77.88 0.0973952
77.89 0.0868954
77.9 0.0756465
77.91 0.0636072
77.92 0.0507277
77.93 0.0369518
77.94 0.02222
77.95 0.00647311
77.96 -0.0104174
77.97 -0.0284709
77.98 -0.0476797
77.99 -0.0680567
78 -0.0895931
78.01 -0.112255
78.02 -0.13598
78.03 -0.160675
78.04 -0.186269
78.05 -0.212537
78.06 -0.239262
78.07 -0.266217
78.08 -0.293148
78.09 -0.319777
78.1 -0.345808
78.11 -0.370931
78.12 -0.394692
78.13 -0.41684
78.14 -0.437083
78.15 -0.455131
78.16 -0.470717
78.17 -0.483604
78.18 -0.493592
78.19 -0.500522
78.2 -0.503956
78.21 -0.504157
78.22 -0.501129
78.23 -0.494933
78.24 -0.485681
78.25 -0.473536
78.26 -0.458712
78.27 -0.44144
78.28 -0.421889
78.29 -0.400605
78.3 -0.377948
78.31 -0.35429
78.32 -0.330013
78.33 -0.305495
78.34 -0.281106
78.35 -0.257216
78.36 -0.234232
78.37 -0.212397
78.38 -0.191958
78.39 -0.173121
78.4 -0.156042
78.41 -0.140833
78.42 -0.127554
78.43 -0.116286
78.44 -0.107044
78.45 -0.0996137
78.46 -0.0938693
78.47 -0.0896527
78.48 -0.086778
78.49 -0.0850377
78.5 -0.0842086
78.51 -0.0840795
78.52 -0.0843868
78.53 -0.0848663
78.54 -0.0852984
78.55 -0.0854785
78.56 -0.0852205
78.57 -0.0843599
78.58 -0.0827567
78.59 -0.080239
78.6 -0.0767257
78.61 -0.0721957
78.62 -0.0666155
78.63 -0.0599739
78.64 -0.0522793
78.65 -0.0435571
78.66 -0.0338468
78.67 -0.0231363
78.68 -0.011531
78.69 0.00087685
78.7 0.0140204
78.71 0.0278327
78.72 0.042248
78.73 0.0572032
78.74 0.0726374
78.75 0.0885234
78.76 0.104772
78.77 0.121321
78.78 0.138116
78.79 0.155097
78.8 0.172205
78.81 0.18937
78.82 0.206517
78.83 0.223545
78.84 0.240358
78.85 0.256851
78.86 0.272907
78.87 0.288401
78.88 0.303197
78.89 0.317158
78.9 0.330132
78.91 0.341864
78.92 0.352309
78.93 0.36134
78.94 0.368839
78.95 0.374709
78.96 0.378872
78.97 0.381275
78.98 0.381862
78.99 0.380532
79 0.377482
79.01 0.3728
79.02 0.366605
79.03 0.359054
79.04 0.350336
79.05 0.340669
79.06 0.330285
79.07 0.319466
79.08 0.308543
79.09 0.297808
79.1 0.287552
79.11 0.27806
79.12 0.269603
79.13 0.262429
79.14 0.25683
79.15 0.253041
79.16 0.251103
79.17 0.251102
79.18 0.253074
79.19 0.257001
79.2 0.262811
79.21 0.270377
79.22 0.279593
79.23 0.290179
79.24 0.301777
79.25 0.314059
79.26 0.326667
79.27 0.339215
79.28 0.351299
79.29 0.362508
79.3 0.372316
79.31 0.380311
79.32 0.386157
79.33 0.3895
79.34 0.390019
79.35 0.387437
79.36 0.381522
79.37 0.372096
79.38 0.35875
79.39 0.341622
79.4 0.320809
79.41 0.296385
79.42 0.268481
79.43 0.237286
79.44 0.203041
79.45 0.166035
79.46 0.126417
79.47 0.0847878
79.48 0.0415825
79.49 -0.00276842
79.5 -0.0478189
79.51 -0.0931144
79.52 -0.138198
79.53 -0.182618
79.54 -0.225778
79.55 -0.267334
79.56 -0.306888
79.57 -0.344071
79.58 -0.378545
79.59 -0.410004
79.6 -0.438181
79.61 -0.4628
79.62 -0.483373
79.63 -0.500076
79.64 -0.512811
79.65 -0.52152
79.66 -0.526185
79.67 -0.526825
79.68 -0.5235
79.69 -0.51621
79.7 -0.504903
79.71 -0.490043
79.72 -0.471824
79.73 -0.450467
79.74 -0.426218
79.75 -0.399343
79.76 -0.370129
79.77 -0.338815
79.78 -0.30571
79.79 -0.27127
79.8 -0.235829
79.81 -0.199724
79.82 -0.163291
79.83 -0.126865
79.84 -0.0907709
79.85 -0.0553714
79.86 -0.0210122
79.87 0.012063
79.88 0.0435944
79.89 0.0733459
79.9 0.101108
79.91 0.126697
79.92 0.149964
79.93 0.170634
79.94 0.18866
79.95 0.204096
79.96 0.216925
79.97 0.227164
79.98 0.234859
79.99 0.240081
80 0.242929
80.01 0.243372
80.02 0.241663
80.03 0.238026
80.04 0.232629
80.05 0.225645
80.06 0.217252
80.07 0.207624
80.08 0.196931
80.09 0.185272
80.1 0.172868
80.11 0.159867
80.12 0.146384
80.13 0.132515
80.14 0.118338
80.15 0.103911
80.16 0.0892761
80.17 0.0744384
80.18 0.0594203
80.19 0.0442136
80.2 0.0287988
80.21 0.0131487
80.22 -0.0027678
80.23 -0.0189832
80.24 -0.0355299
80.25 -0.0524653
80.26 -0.0697713
80.27 -0.0874494
80.28 -0.105487
80.29 -0.123855
80.3 -0.142506
80.31 -0.161377
80.32 -0.180385
80.33 -0.199416
80.34 -0.218338
80.35 -0.237012
80.36 -0.255286
80.37 -0.272998
80.38 -0.289974
80.39 -0.306041
80.4 -0.320979
80.41 -0.334541
80.42 -0.346637
80.43 -0.357105
80.44 -0.365797
80.45 -0.372583
80.46 -0.377347
80.47 -0.379997
80.48 -0.380367
80.49 -0.37837
80.5 -0.374119
80.51 -0.367625
80.52 -0.358924
80.53 -0.348074
80.54 -0.335162
80.55 -0.320294
80.56 -0.303507
80.57 -0.284984
80.58 -0.264978
80.59 -0.243668
80.6 -0.221247
80.61 -0.197914
80.62 -0.173873
80.63 -0.14933
80.64 -0.124485
80.65 -0.0995735
80.66 -0.0747997
80.67 -0.0503492
80.68 -0.0263967
80.69 -0.00310424
80.7 0.0193807
80.71 0.0409265
80.72 0.0613282
80.73 0.0805395
80.74 0.0985106
80.75 0.115186
80.76 0.130527
80.77 0.144514
80.78 0.157145
80.79 0.168433
80.8 0.17829
80.81 0.186869
80.82 0.19424
80.83 0.200468
80.84 0.205626
80.85 0.209792
80.86 0.213048
80.87 0.215475
80.88 0.217089
80.89 0.218048
80.9 0.218422
80.91 0.218276
80.92 0.217664
80.93 0.216631
80.94 0.215207
80.95 0.213411
80.96 0.211221
80.97 0.208662
80.98 0.205716
80.99 0.202353
81 0.198532
81.01 0.194206
81.02 0.189321
81.03 0.183805
81.04 0.177557
81.05 0.17057
81.06 0.162792
81.07 0.154181
81.08 0.144705
81.09 0.134344
81.1 0.123096
81.11 0.110942
81.12 0.0978986
81.13 0.0840798
81.14 0.0695639
81.15 0.0544503
81.16 0.038858
81.17 0.0229254
81.18 0.00680736
81.19 -0.00931743
81.2 -0.0252403
81.21 -0.0407694
81.22 -0.0557085
81.23 -0.0698608
81.24 -0.0830336
81.25 -0.0950422
81.26 -0.105714
81.27 -0.114792
81.28 -0.122154
81.29 -0.127755
81.3 -0.13151
81.31 -0.133365
81.32 -0.133297
81.33 -0.131309
81.34 -0.127439
81.35 -0.121628
81.36 -0.114065
81.37 -0.104931
81.38 -0.0943786
81.39 -0.0825801
81.4 -0.0697261
81.41 -0.056021
81.42 -0.0416788
81.43 -0.0269033
81.44 -0.0119664
81.45 0.00290656
81.46 0.0175035
81.47 0.0316221
81.48 0.0450726
81.49 0.05768
81.5 0.0692862
81.51 0.0796293
81.52 0.0886856
81.53 0.0963635
81.54 0.102585
81.55 0.10729
81.56 0.110437
81.57 0.111999
81.58 0.111953
81.59 0.110164
81.6 0.106796
81.61 0.101877
81.62 0.0954405
81.63 0.0875276
81.64 0.0781872
81.65 0.0674745
81.66 0.0554274
81.67 0.0420443
81.68 0.0275092
81.69 0.0119078
81.7 -0.00466487
81.71 -0.0221033
81.72 -0.0402903
81.73 -0.0590954
81.74 -0.0783841
81.75 -0.0979886
81.76 -0.117699
81.77 -0.137324
81.78 -0.156656
81.79 -0.175475
81.8 -0.19355
81.81 -0.210642
81.82 -0.226441
81.83 -0.240645
81.84 -0.253083
81.85 -0.263521
81.86 -0.271736
81.87 -0.277522
81.88 -0.280698
81.89 -0.281111
81.9 -0.278479
81.91 -0.272738
81.92 -0.263992
81.93 -0.252256
81.94 -0.237592
81.95 -0.22011
81.96 -0.199967
81.97 -0.17737
81.98 -0.152441
81.99 -0.125584
82 -0.0972122
82.01 -0.0676948
82.02 -0.0374247
82.03 -0.00681226
82.04 0.0237219
82.05 0.0537552
82.06 0.0827665
82.07 0.110366
82.08 0.136201
82.09 0.159929
82.1 0.181246
82.11 0.19989
82.12 0.215649
82.13 0.228362
82.14 0.237632
82.15 0.243667
82.16 0.24652
82.17 0.246266
82.18 0.24303
82.19 0.236988
82.2 0.228355
82.21 0.217386
82.22 0.204196
82.23 0.18933
82.24 0.173119
82.25 0.155905
82.26 0.138026
82.27 0.119818
82.28 0.101603
82.29 0.0836925
82.3 0.066437
82.31 0.05005
82.32 0.0347432
82.33 0.0206933
82.34 0.0080409
82.35 -0.0031097
82.36 -0.0126903
82.37 -0.0206268
82.38 -0.0268403
82.39 -0.0314884
82.4 -0.0346322
82.41 -0.0363541
82.42 -0.0367542
82.43 -0.0359462
82.44 -0.0340529
82.45 -0.0311722
82.46 -0.0274285
82.47 -0.0230091
82.48 -0.018036
82.49 -0.0126233
82.5 -0.00687578
82.51 -0.000887177
82.52 0.00526047
82.53 0.0114986
82.54 0.0177629
82.55 0.0240057
82.56 0.0301937
82.57 0.0363029
82.58 0.0423176
82.59 0.048229
82.6 0.0540337
82.61 0.0597265
82.62 0.0653145
82.63 0.0708083
82.64 0.0762156
82.65 0.0815443
82.66 0.0868025
82.67 0.0919979
82.68 0.0971383
82.69 0.102228
82.7 0.107277
82.71 0.112293
82.72 0.117285
82.73 0.122259
82.74 0.127224
82.75 0.132186
82.76 0.137154
82.77 0.142133
82.78 0.147129
82.79 0.152141
82.8 0.157167
82.81 0.162198
82.82 0.167218
82.83 0.172207
82.84 0.177132
82.85 0.181936
82.86 0.186571
82.87 0.190971
82.88 0.195058
82.89 0.198742
82.9 0.201924
82.91 0.204494
82.92 0.206328
82.93 0.207215
82.94 0.207098
82.95 0.20585
82.96 0.203347
82.97 0.19947
82.98 0.194113
82.99 0.187181
83 0.178566
83.01 0.1681
83.02 0.155894
83.03 0.141947
83.04 0.126287
83.05 0.108973
83.06 0.0900921
83.07 0.0697616
83.08 0.0480932
83.09 0.0252422
83.1 0.00150218
83.11 -0.0229015
83.12 -0.0477265
83.13 -0.0727179
83.14 -0.0976124
83.15 -0.122144
83.16 -0.146009
83.17 -0.168906
83.18 -0.190631
83.19 -0.21096
83.2 -0.229692
83.21 -0.246648
83.22 -0.261681
83.23 -0.27467
83.24 -0.285407
83.25 -0.293853
83.26 -0.30009
83.27 -0.30413
83.28 -0.306014
83.29 -0.305808
83.3 -0.303599
83.31 -0.299492
83.32 -0.293499
83.33 -0.285825
83.34 -0.276668
83.35 -0.266167
83.36 -0.254456
83.37 -0.241668
83.38 -0.227925
83.39 -0.213337
83.4 -0.197954
83.41 -0.181911
83.42 -0.165296
83.43 -0.148168
83.44 -0.130575
83.45 -0.112557
83.46 -0.0941467
83.47 -0.0753741
83.48 -0.0562401
83.49 -0.0368065
83.5 -0.0171146
83.51 0.00278879
83.52 0.0228456
83.53 0.0429847
83.54 0.0631202
83.55 0.0831504
83.56 0.102923
83.57 0.122315
83.58 0.141177
83.59 0.159348
83.6 0.176658
83.61 0.192931
83.62 0.20799
83.63 0.221637
83.64 0.233569
83.65 0.243751
83.66 0.252043
83.67 0.25832
83.68 0.26248
83.69 0.264446
83.7 0.26417
83.71 0.261571
83.72 0.256552
83.73 0.249328
83.74 0.239974
83.75 0.228592
83.76 0.215307
83.77 0.200268
83.78 0.183642
83.79 0.165564
83.8 0.14622
83.81 0.125898
83.82 0.104796
83.83 0.0831112
83.84 0.0610348
83.85 0.0387464
83.86 0.0164132
83.87 -0.00580027
83.88 -0.027742
83.89 -0.0493052
83.9 -0.070394
83.91 -0.0909299
83.92 -0.11085
83.93 -0.130105
83.94 -0.148659
83.95 -0.166436
83.96 -0.18343
83.97 -0.199652
83.98 -0.215085
83.99 -0.229709
84 -0.243498
84.01 -0.256422
84.02 -0.268441
84.03 -0.279433
84.04 -0.289376
84.05 -0.298231
84.06 -0.305924
84.07 -0.312377
84.08 -0.317511
84.09 -0.321246
84.1 -0.323508
84.11 -0.324093
84.12 -0.32305
84.13 -0.320367
84.14 -0.316026
84.15 -0.310032
84.16 -0.302415
84.17 -0.293229
84.18 -0.282556
84.19 -0.270385
84.2 -0.256999
84.21 -0.242571
84.22 -0.22729
84.23 -0.211367
84.24 -0.195025
84.25 -0.178501
84.26 -0.162038
84.27 -0.145927
84.28 -0.130392
84.29 -0.115652
84.3 -0.101911
84.31 -0.089346
84.32 -0.0781083
84.33 -0.0683165
84.34 -0.0600862
84.35 -0.0535607
84.36 -0.0486126
84.37 -0.0452008
84.38 -0.0432459
84.39 -0.0426327
84.4 -0.0432126
84.41 -0.0448079
84.42 -0.0472344
84.43 -0.0502624
84.44 -0.0535995
84.45 -0.0570011
84.46 -0.0602231
84.47 -0.0630275
84.48 -0.0651891
84.49 -0.0665002
84.5 -0.0667241
84.51 -0.0656715
84.52 -0.0632863
84.53 -0.0594861
84.54 -0.0542249
84.55 -0.0474938
84.56 -0.0393205
84.57 -0.0297682
84.58 -0.0188694
84.59 -0.00678571
84.6 0.006265
84.61 0.0201007
84.62 0.0345225
84.63 0.0493192
84.64 0.0642729
84.65 0.0791635
84.66 0.0937403
84.67 0.10778
84.68 0.1211
84.69 0.133522
84.7 0.144888
84.71 0.155063
84.72 0.163934
84.73 0.171414
84.74 0.177323
84.75 0.181708
84.76 0.184596
84.77 0.186002
84.78 0.185964
84.79 0.18454
84.8 0.181803
84.81 0.177841
84.82 0.17266
84.83 0.166475
84.84 0.159413
84.85 0.151596
84.86 0.143147
84.87 0.134192
84.88 0.124852
84.89 0.11525
84.9 0.1055
84.91 0.0957381
84.92 0.0860736
84.93 0.0766093
84.94 0.0674435
84.95 0.0586692
84.96 0.0503745
84.97 0.0426511
84.98 0.0356304
84.99 0.0293324
85 0.0238208
85.01 0.019153
85.02 0.0153791
85.03 0.0125411
85.04 0.0106726
85.05 0.00982376
85.06 0.0100573
85.07 0.0112975
85.08 0.0135311
85.09 0.0167318
85.1 0.0208597
85.11 0.0258611
85.12 0.0316686
85.13 0.0382253
85.14 0.045439
85.15 0.0531562
85.16 0.0612578
85.17 0.069616
85.18 0.078096
85.19 0.0865587
85.2 0.0948628
85.21 0.102845
85.22 0.110348
85.23 0.11726
85.24 0.123457
85.25 0.128831
85.26 0.133287
85.27 0.136745
85.28 0.139142
85.29 0.140367
85.3 0.140421
85.31 0.139351
85.32 0.137181
85.33 0.133954
85.34 0.129733
85.35 0.124599
85.36 0.118648
85.37 0.111948
85.38 0.104671
85.39 0.0969696
85.4 0.0889851
85.41 0.0808612
85.42 0.0727427
85.43 0.0647728
85.44 0.0570904
85.45 0.0498749
85.46 0.0432309
85.47 0.0372624
85.48 0.0320679
85.49 0.0277324
85.5 0.0243268
85.51 0.0219071
85.52 0.0205147
85.53 0.0202798
85.54 0.0211126
85.55 0.023003
85.56 0.025931
85.57 0.0298638
85.58 0.0347566
85.59 0.0405533
85.6 0.0471944
85.61 0.0546596
85.62 0.0627869
85.63 0.0714835
85.64 0.0806504
85.65 0.0901831
85.66 0.0999725
85.67 0.109906
85.68 0.119865
85.69 0.129712
85.7 0.139327
85.71 0.148591
85.72 0.157384
85.73 0.165588
85.74 0.173091
85.75 0.17978
85.76 0.185519
85.77 0.19016
85.78 0.193678
85.79 0.195994
85.8 0.197039
85.81 0.196755
85.82 0.195096
85.83 0.192031
85.84 0.187477
85.85 0.181414
85.86 0.173937
85.87 0.165074
85.88 0.154866
85.89 0.143369
85.9 0.130649
85.91 0.116785
85.92 0.101809
85.93 0.0858418
85.94 0.0690343
85.95 0.051493
85.96 0.0333271
85.97 0.0146463
85.98 -0.0044405
85.99 -0.0238269
86 -0.0434166
86.01 -0.0630937
86.02 -0.0827605
86.03 -0.102331
86.04 -0.121725
86.05 -0.140866
86.06 -0.159685
86.07 -0.178114
86.08 -0.196046
86.09 -0.213438
86.1 -0.230235
86.11 -0.246372
86.12 -0.261778
86.13 -0.276379
86.14 -0.290096
86.15 -0.302844
86.16 -0.314424
86.17 -0.324816
86.18 -0.333926
86.19 -0.341647
86.2 -0.347869
86.21 -0.352481
86.22 -0.355376
86.23 -0.356448
86.24 -0.355413
86.25 -0.352376
86.26 -0.347276
86.27 -0.340075
86.28 -0.330755
86.29 -0.319329
86.3 -0.305834
86.31 -0.290312
86.32 -0.272745
86.33 -0.253447
86.34 -0.232592
86.35 -0.210386
86.36 -0.187063
86.37 -0.162883
86.38 -0.138127
86.39 -0.113096
86.4 -0.0881391
86.41 -0.0635915
86.42 -0.0397685
86.43 -0.0169779
86.44 0.00448729
86.45 0.0243549
86.46 0.0423795
86.47 0.0582609
86.48 0.071753
86.49 0.0828623
86.5 0.0915101
86.51 0.0976646
86.52 0.101342
86.53 0.102604
86.54 0.101561
86.55 0.0982658
86.56 0.0929407
86.57 0.0859275
86.58 0.0774876
86.59 0.0679037
86.6 0.0574726
86.61 0.0464987
86.62 0.0352866
86.63 0.0241559
86.64 0.0134211
86.65 0.0033357
86.66 -0.00587029
86.67 -0.0139991
86.68 -0.0208886
86.69 -0.0264154
86.7 -0.0304961
86.71 -0.0329767
86.72 -0.033932
86.73 -0.0334468
86.74 -0.0316011
86.75 -0.0285058
86.76 -0.0242983
86.77 -0.0191379
86.78 -0.0131994
86.79 -0.00663372
86.8 0.000308489
86.81 0.00743179
86.82 0.0145574
86.83 0.0215196
86.84 0.02817
86.85 0.0343809
86.86 0.0400483
86.87 0.0450274
86.88 0.0493261
86.89 0.0529276
86.9 0.0558389
86.91 0.0580909
86.92 0.0597362
86.93 0.0608461
86.94 0.061504
86.95 0.0617901
86.96 0.0618511
86.97 0.0617964
86.98 0.0617337
86.99 0.061766
87 0.0619881
87.01 0.0624833
87.02 0.0633305
87.03 0.0646127
87.04 0.0663358
87.05 0.0685174
87.06 0.0711582
87.07 0.0742428
87.08 0.0777408
87.09 0.0816085
87.1 0.0857985
87.11 0.0902457
87.12 0.0948556
87.13 0.0995502
87.14 0.104249
87.15 0.108871
87.16 0.113337
87.17 0.117568
87.18 0.121477
87.19 0.12498
87.2 0.128032
87.21 0.130578
87.22 0.132563
87.23 0.13394
87.24 0.134663
87.25 0.134691
87.26 0.133941
87.27 0.132379
87.28 0.130001
87.29 0.126772
87.3 0.122657
87.31 0.117622
87.32 0.111635
87.33 0.104668
87.34 0.0966262
87.35 0.0875257
87.36 0.0773911
87.37 0.0662246
87.38 0.0540409
87.39 0.0408695
87.4 0.0267566
87.41 0.0117669
87.42 -0.00407016
87.43 -0.0205868
87.44 -0.037635
87.45 -0.0550613
87.46 -0.0726926
87.47 -0.0903373
87.48 -0.107788
87.49 -0.124824
87.5 -0.141133
87.51 -0.156515
87.52 -0.170739
87.53 -0.183578
87.54 -0.194815
87.55 -0.20425
87.56 -0.211705
87.57 -0.217021
87.58 -0.219856
87.59 -0.220346
87.6 -0.218455
87.61 -0.214187
87.62 -0.20759
87.63 -0.198753
87.64 -0.187807
87.65 -0.174896
87.66 -0.160133
87.67 -0.143929
87.68 -0.126556
87.69 -0.108311
87.7 -0.0895019
87.71 -0.0704459
87.72 -0.0514616
87.73 -0.032881
87.74 -0.0150709
87.75 0.00172437
87.76 0.0172537
87.77 0.0312966
87.78 0.0436669
87.79 0.0542159
87.8 0.0628339
87.81 0.069372
87.82 0.0737564
87.83 0.0761302
87.84 0.0765482
87.85 0.0750972
87.86 0.0718922
87.87 0.067072
87.88 0.0607933
87.89 0.0531697
87.9 0.0444047
87.91 0.0347402
87.92 0.0243505
87.93 0.0134006
87.94 0.00204267
87.95 -0.00958755
87.96 -0.0213729
87.97 -0.0332153
87.98 -0.0450311
87.99 -0.0567683
88 -0.0683958
88.01 -0.0798995
88.02 -0.0912797
88.03 -0.102548
88.04 -0.113723
88.05 -0.124823
88.06 -0.135877
88.07 -0.146901
88.08 -0.157903
88.09 -0.168876
88.1 -0.179803
88.11 -0.190645
88.12 -0.201349
88.13 -0.211815
88.14 -0.221956
88.15 -0.231665
88.16 -0.240814
88.17 -0.249266
88.18 -0.256877
88.19 -0.263495
88.2 -0.26897
88.21 -0.273015
88.22 -0.275605
88.23 -0.276621
88.24 -0.27596
88.25 -0.273537
88.26 -0.269291
88.27 -0.263189
88.28 -0.255204
88.29 -0.245212
88.3 -0.233438
88.31 -0.219964
88.32 -0.204897
88.33 -0.188363
88.34 -0.170511
88.35 -0.151504
88.36 -0.131499
88.37 -0.110653
88.38 -0.0892277
88.39 -0.0674077
88.4 -0.0453709
88.41 -0.0232869
88.42 -0.00131321
88.43 0.0204067
88.44 0.0417289
88.45 0.0625151
88.46 0.0827044
88.47 0.102226
88.48 0.121026
88.49 0.139066
88.5 0.156318
88.51 0.172767
88.52 0.188371
88.53 0.203118
88.54 0.217058
88.55 0.230192
88.56 0.242522
88.57 0.254044
88.58 0.26475
88.59 0.274629
88.6 0.28361
88.61 0.291678
88.62 0.29884
88.63 0.305065
88.64 0.31032
88.65 0.314574
88.66 0.317802
88.67 0.319984
88.68 0.321037
88.69 0.321005
88.7 0.319942
88.71 0.317885
88.72 0.314887
88.73 0.311022
88.74 0.306379
88.75 0.301067
88.76 0.295175
88.77 0.288891
88.78 0.282376
88.79 0.275785
88.8 0.269279
88.81 0.263013
88.82 0.257139
88.83 0.251796
88.84 0.247181
88.85 0.243348
88.86 0.240369
88.87 0.238291
88.88 0.237135
88.89 0.23689
88.9 0.237516
88.91 0.238943
88.92 0.241122
88.93 0.243843
88.94 0.24695
88.95 0.25027
88.96 0.253614
88.97 0.256787
88.98 0.259592
88.99 0.261822
89 0.263221
89.01 0.263675
89.02 0.26304
89.03 0.2612
89.04 0.258066
89.05 0.253583
89.06 0.247731
89.07 0.240488
89.08 0.231853
89.09 0.222015
89.1 0.211097
89.11 0.199245
89.12 0.186627
89.13 0.17343
89.14 0.15985
89.15 0.146089
89.16 0.132372
89.17 0.118899
89.18 0.105843
89.19 0.093357
89.2 0.0815703
89.21 0.0705814
89.22 0.0604574
89.23 0.0512776
89.24 0.0430329
89.25 0.0356337
89.26 0.0290027
89.27 0.0230324
89.28 0.0175894
89.29 0.0125185
89.3 0.00764799
89.31 0.00278387
89.32 -0.0022848
89.33 -0.00774268
89.34 -0.0137657
89.35 -0.0205151
89.36 -0.0281326
89.37 -0.0367354
89.38 -0.0464129
89.39 -0.0573114
89.4 -0.0693975
89.41 -0.082626
89.42 -0.096948
89.43 -0.112283
89.44 -0.128521
89.45 -0.145528
89.46 -0.163146
89.47 -0.181223
89.48 -0.199521
89.49 -0.217839
89.5 -0.235984
89.51 -0.253766
89.52 -0.271005
89.53 -0.287535
89.54 -0.303209
89.55 -0.31779
89.56 -0.331265
89.57 -0.34356
89.58 -0.354627
89.59 -0.364439
89.6 -0.372992
89.61 -0.380304
89.62 -0.386396
89.63 -0.391232
89.64 -0.394982
89.65 -0.397714
89.66 -0.399498
89.67 -0.400404
89.68 -0.400494
89.69 -0.399826
89.7 -0.39843
89.71 -0.396302
89.72 -0.393517
89.73 -0.390077
89.74 -0.385972
89.75 -0.38118
89.76 -0.375667
89.77 -0.369394
89.78 -0.362285
89.79 -0.354256
89.8 -0.345317
89.81 -0.335425
89.82 -0.324549
89.83 -0.312668
89.84 -0.299774
89.85 -0.285877
89.86 -0.270962
89.87 -0.255076
89.88 -0.238341
89.89 -0.220846
89.9 -0.202696
89.91 -0.18401
89.92 -0.164919
89.93 -0.145565
89.94 -0.126094
89.95 -0.106676
89.96 -0.0874587
89.97 -0.0685783
89.98 -0.050161
89.99 -0.0323185
90 -0.0151458
90.01 0.0012816
90.02 0.0168504
90.03 0.0315578
90.04 0.0454229
90.05 0.0584602
90.06 0.0707033
90.07 0.0822024
90.08 0.0930214
90.09 0.103235
90.1 0.112887
90.11 0.122102
90.12 0.130969
90.13 0.139561
90.14 0.147939
90.15 0.15615
90.16 0.164222
90.17 0.172164
90.18 0.179948
90.19 0.187544
90.2 0.19489
90.21 0.201904
90.22 0.208481
90.23 0.214505
90.24 0.219844
90.25 0.224354
90.26 0.227787
90.27 0.230084
90.28 0.23111
90.29 0.230742
90.3 0.228876
90.31 0.225429
90.32 0.22034
90.33 0.213554
90.34 0.20496
90.35 0.194742
90.36 0.182975
90.37 0.169766
90.38 0.155253
90.39 0.139601
90.4 0.123003
90.41 0.105657
90.42 0.0877969
90.43 0.0697162
90.44 0.0516594
90.45 0.0338693
90.46 0.0165809
90.47 1.58382e-05
90.48 -0.0156228
90.49 -0.0301041
90.5 -0.0432337
90.51 -0.0549666
90.52 -0.0652224
90.53 -0.0739551
90.54 -0.0811536
90.55 -0.086841
90.56 -0.0910731
90.57 -0.0938702
90.58 -0.095368
90.59 -0.0957736
90.6 -0.0952445
90.61 -0.0939503
90.62 -0.0920678
90.63 -0.0897754
90.64 -0.0872483
90.65 -0.0846595
90.66 -0.0821813
90.67 -0.079948
90.68 -0.0780712
90.69 -0.076639
90.7 -0.0757142
90.71 -0.0753334
90.72 -0.0755067
90.73 -0.0762558
90.74 -0.0775048
90.75 -0.0791716
90.76 -0.0811681
90.77 -0.0833902
90.78 -0.0857205
90.79 -0.0880325
90.8 -0.0901942
90.81 -0.0920349
90.82 -0.0934322
90.83 -0.0942651
90.84 -0.0944185
90.85 -0.0937885
90.86 -0.0922857
90.87 -0.0898362
90.88 -0.0863829
90.89 -0.0817797
90.9 -0.0761091
90.91 -0.0693723
90.92 -0.0615853
90.93 -0.0527797
90.94 -0.0430007
90.95 -0.0323055
90.96 -0.0207539
90.97 -0.00836945
90.98 0.0046878
90.99 0.0183291
91 0.0324629
91.01 0.0469963
91.02 0.0618362
91.03 0.0768902
91.04 0.0920684
91.05 0.107274
91.06 0.122413
91.07 0.137401
91.08 0.152159
91.09 0.166606
91.1 0.180667
91.11 0.194264
91.12 0.207303
91.13 0.21968
91.14 0.231359
91.15 0.242265
91.16 0.252326
91.17 0.261471
91.18 0.269627
91.19 0.276726
91.2 0.282643
91.21 0.287297
91.22 0.290691
91.23 0.292771
91.24 0.293488
91.25 0.292803
91.26 0.290684
91.27 0.287109
91.28 0.281978
91.29 0.275316
91.3 0.267197
91.31 0.257647
91.32 0.246701
91.33 0.234409
91.34 0.220829
91.35 0.206033
91.36 0.190028
91.37 0.172962
91.38 0.154971
91.39 0.136163
91.4 0.116653
91.41 0.0965606
91.42 0.0760094
91.43 0.0551255
91.44 0.0340305
91.45 0.0128786
91.46 -0.00819954
91.47 -0.0290787
91.48 -0.0496364
91.49 -0.0697538
91.5 -0.0893166
91.51 -0.108216
91.52 -0.126266
91.53 -0.143431
91.54 -0.159628
91.55 -0.174778
91.56 -0.188812
91.57 -0.201668
91.58 -0.213296
91.59 -0.223652
91.6 -0.232587
91.61 -0.240212
91.62 -0.24653
91.63 -0.251554
91.64 -0.255314
91.65 -0.257853
91.66 -0.259227
91.67 -0.259491
91.68 -0.258669
91.69 -0.256952
91.7 -0.25445
91.71 -0.251279
91.72 -0.247565
91.73 -0.243439
91.74 -0.239032
91.75 -0.234476
91.76 -0.229915
91.77 -0.225477
91.78 -0.221272
91.79 -0.217399
91.8 -0.213936
91.81 -0.210947
91.82 -0.208472
91.83 -0.206549
91.84 -0.205177
91.85 -0.204285
91.86 -0.203805
91.87 -0.203646
91.88 -0.203692
91.89 -0.203803
91.9 -0.203818
91.91 -0.203535
91.92 -0.202735
91.93 -0.201229
91.94 -0.19881
91.95 -0.19527
91.96 -0.19041
91.97 -0.184039
91.98 -0.175984
91.99 -0.165966
92 -0.153898
92.01 -0.13976
92.02 -0.123497
92.03 -0.105091
92.04 -0.0845616
92.05 -0.0619695
92.06 -0.0374143
92.07 -0.0109088
92.08 0.0172513
92.09 0.0468024
92.1 0.0774947
92.11 0.109052
92.12 0.141177
92.13 0.173555
92.14 0.205861
92.15 0.237699
92.16 0.268739
92.17 0.298667
92.18 0.327176
92.19 0.353977
92.2 0.378807
92.21 0.401426
92.22 0.421629
92.23 0.438968
92.24 0.453558
92.25 0.465309
92.26 0.474164
92.27 0.480104
92.28 0.483142
92.29 0.483327
92.3 0.480704
92.31 0.47518
92.32 0.467139
92.33 0.45673
92.34 0.444121
92.35 0.429492
92.36 0.413028
92.37 0.39492
92.38 0.375333
92.39 0.35441
92.4 0.332448
92.41 0.309627
92.42 0.28612
92.43 0.262091
92.44 0.237694
92.45 0.213076
92.46 0.188376
92.47 0.163738
92.48 0.139284
92.49 0.115129
92.5 0.0913758
92.51 0.0681272
92.52 0.0454794
92.53 0.0235253
92.54 0.00239593
92.55 -0.0178045
92.56 -0.0370361
92.57 -0.0552192
92.58 -0.0722781
92.59 -0.0881416
92.6 -0.102744
92.61 -0.116027
92.62 -0.127856
92.63 -0.138208
92.64 -0.147112
92.65 -0.15455
92.66 -0.160519
92.67 -0.165026
92.68 -0.168093
92.69 -0.169756
92.7 -0.169971
92.71 -0.168866
92.72 -0.166557
92.73 -0.163132
92.74 -0.158689
92.75 -0.153332
92.76 -0.147169
92.77 -0.140315
92.78 -0.132846
92.79 -0.124925
92.8 -0.116673
92.81 -0.108195
92.82 -0.0995909
92.83 -0.0909524
92.84 -0.0823625
92.85 -0.0738951
92.86 -0.0656375
92.87 -0.0576316
92.88 -0.04992
92.89 -0.0425389
92.9 -0.0355178
92.91 -0.0288808
92.92 -0.0226481
92.93 -0.0168401
92.94 -0.0115158
92.95 -0.00665306
92.96 -0.00227345
92.97 0.00159784
92.98 0.00493091
92.99 0.00769073
93 0.00983698
93.01 0.0113119
93.02 0.0120128
93.03 0.011942
93.04 0.0110444
93.05 0.00926577
93.06 0.00655412
93.07 0.00286256
93.08 -0.00184855
93.09 -0.00764043
93.1 -0.0145765
93.11 -0.0225806
93.12 -0.0316351
93.13 -0.0417043
93.14 -0.052733
93.15 -0.064646
93.16 -0.0773479
93.17 -0.090746
93.18 -0.104697
93.19 -0.119008
93.2 -0.133511
93.21 -0.148026
93.22 -0.162368
93.23 -0.176343
93.24 -0.189762
93.25 -0.202386
93.26 -0.214016
93.27 -0.224523
93.28 -0.233756
93.29 -0.241587
93.3 -0.247906
93.31 -0.25263
93.32 -0.255702
93.33 -0.25698
93.34 -0.256516
93.35 -0.254401
93.36 -0.250692
93.37 -0.245471
93.38 -0.238842
93.39 -0.230925
93.4 -0.221858
93.41 -0.211724
93.42 -0.200752
93.43 -0.189125
93.44 -0.177003
93.45 -0.164539
93.46 -0.151879
93.47 -0.139156
93.48 -0.126489
93.49 -0.114001
93.5 -0.101769
93.51 -0.0898518
93.52 -0.0782894
93.53 -0.0671043
93.54 -0.0563013
93.55 -0.0458696
93.56 -0.0357852
93.57 -0.0260408
93.58 -0.016558
93.59 -0.00728989
93.6 0.00181065
93.61 0.0107875
93.62 0.0196781
93.63 0.0285109
93.64 0.0373019
93.65 0.0460497
93.66 0.0547411
93.67 0.0633432
93.68 0.0718063
93.69 0.0800646
93.7 0.0880369
93.71 0.0956287
93.72 0.10272
93.73 0.109148
93.74 0.114831
93.75 0.119647
93.76 0.123473
93.77 0.126195
93.78 0.127707
93.79 0.127914
93.8 0.126689
93.81 0.123922
93.82 0.119675
93.83 0.113936
93.84 0.106722
93.85 0.0980727
93.86 0.0880542
93.87 0.0767563
93.88 0.0642439
93.89 0.0506665
93.9 0.0362445
93.91 0.0211522
93.92 0.00557658
93.93 -0.0102864
93.94 -0.0262351
93.95 -0.0420659
93.96 -0.0575461
93.97 -0.072461
93.98 -0.0866402
93.99 -0.0999117
94 -0.112119
94.01 -0.123122
94.02 -0.132802
94.03 -0.14106
94.04 -0.147709
94.05 -0.152754
94.06 -0.156213
94.07 -0.158081
94.08 -0.158376
94.09 -0.157131
94.1 -0.1544
94.11 -0.150253
94.12 -0.144669
94.13 -0.13784
94.14 -0.129899
94.15 -0.120955
94.16 -0.111128
94.17 -0.100536
94.18 -0.089299
94.19 -0.0775355
94.2 -0.0653324
94.21 -0.0528466
94.22 -0.0401845
94.23 -0.0274437
94.24 -0.0147147
94.25 -0.00208057
94.26 0.0103836
94.27 0.0226086
94.28 0.0345024
94.29 0.0460382
94.3 0.057172
94.31 0.0678667
94.32 0.0780907
94.33 0.087818
94.34 0.0970273
94.35 0.105692
94.36 0.113763
94.37 0.121274
94.38 0.128222
94.39 0.134601
94.4 0.140412
94.41 0.145654
94.42 0.150329
94.43 0.154426
94.44 0.157927
94.45 0.16088
94.46 0.163292
94.47 0.165174
94.48 0.166535
94.49 0.167389
94.5 0.167747
94.51 0.167604
94.52 0.166969
94.53 0.165888
94.54 0.164379
94.55 0.162459
94.56 0.160149
94.57 0.15747
94.58 0.154444
94.59 0.151079
94.6 0.147403
94.61 0.143459
94.62 0.139272
94.63 0.13487
94.64 0.130283
94.65 0.125539
94.66 0.12067
94.67 0.1157
94.68 0.11067
94.69 0.105613
94.7 0.100561
94.71 0.0955455
94.72 0.0905968
94.73 0.0857443
94.74 0.0810162
94.75 0.0764523
94.76 0.0720705
94.77 0.067888
94.78 0.0639222
94.79 0.0601872
94.8 0.0566931
94.81 0.0534461
94.82 0.0504479
94.83 0.0477173
94.84 0.0452263
94.85 0.0429594
94.86 0.0408994
94.87 0.0390253
94.88 0.0373121
94.89 0.0357319
94.9 0.0342537
94.91 0.0328482
94.92 0.0314709
94.93 0.0300866
94.94 0.0286607
94.95 0.0271593
94.96 0.0255506
94.97 0.0238054
94.98 0.0218956
94.99 0.0197835
95 0.0174685
95.01 0.0149404
95.02 0.0121949
95.03 0.00923404
95.04 0.0060662
95.05 0.00270638
95.06 -0.000827228
95.07 -0.0045101
95.08 -0.00829362
95.09 -0.0121363
95.1 -0.0159911
95.11 -0.0198065
95.12 -0.0235266
95.13 -0.0270921
95.14 -0.0304305
95.15 -0.0334615
95.16 -0.0361345
95.17 -0.0383843
95.18 -0.0401465
95.19 -0.0413586
95.2 -0.0419609
95.21 -0.0418972
95.22 -0.0410792
95.23 -0.0394516
95.24 -0.0370151
95.25 -0.0337392
95.26 -0.0296019
95.27 -0.0245901
95.28 -0.0187008
95.29 -0.0119413
95.3 -0.00428079
95.31 0.00422922
95.32 0.0135087
95.33 0.0235005
95.34 0.0341351
95.35 0.0453307
95.36 0.0569938
95.37 0.0690193
95.38 0.0813
95.39 0.0936841
95.4 0.106029
95.41 0.11819
95.42 0.130021
95.43 0.141368
95.44 0.152078
95.45 0.161999
95.46 0.17089
95.47 0.178654
95.48 0.185173
95.49 0.190324
95.5 0.193995
95.51 0.19609
95.52 0.196529
95.53 0.195252
95.54 0.19205
95.55 0.187064
95.56 0.180313
95.57 0.171829
95.58 0.161667
95.59 0.149902
95.6 0.136633
95.61 0.121969
95.62 0.105949
95.63 0.0888576
95.64 0.070861
95.65 0.0521356
95.66 0.032864
95.67 0.0132327
95.68 -0.00657133
95.69 -0.0263603
95.7 -0.0459244
95.71 -0.0650998
95.72 -0.0837312
95.73 -0.101677
95.74 -0.118813
95.75 -0.135029
95.76 -0.150236
95.77 -0.164329
95.78 -0.177204
95.79 -0.18891
95.8 -0.199433
95.81 -0.208777
95.82 -0.216959
95.83 -0.224009
95.84 -0.229967
95.85 -0.234838
95.86 -0.238667
95.87 -0.241573
95.88 -0.243613
95.89 -0.244844
95.9 -0.24532
95.91 -0.245091
95.92 -0.244201
95.93 -0.242658
95.94 -0.240503
95.95 -0.23779
95.96 -0.234541
95.97 -0.230771
95.98 -0.226495
95.99 -0.221724
96 -0.216472
96.01 -0.210721
96.02 -0.204506
96.03 -0.197868
96.04 -0.190836
96.05 -0.183447
96.06 -0.175748
96.07 -0.167794
96.08 -0.159648
96.09 -0.151379
96.1 -0.143083
96.11 -0.13485
96.12 -0.126771
96.13 -0.118938
96.14 -0.111445
96.15 -0.104381
96.16 -0.0978299
96.17 -0.0919255
96.18 -0.0866894
96.19 -0.0821612
96.2 -0.0783706
96.21 -0.0753289
96.22 -0.0730274
96.23 -0.0714368
96.24 -0.0705071
96.25 -0.0702167
96.26 -0.0704043
96.27 -0.0709565
96.28 -0.0717442
96.29 -0.0726255
96.3 -0.073449
96.31 -0.0740577
96.32 -0.0742854
96.33 -0.0739186
96.34 -0.0728444
96.35 -0.0709263
96.36 -0.0680433
96.37 -0.0640933
96.38 -0.0589965
96.39 -0.0526975
96.4 -0.0451377
96.41 -0.036256
96.42 -0.0261821
96.43 -0.0149793
96.44 -0.00273815
96.45 0.0104259
96.46 0.0243748
96.47 0.0389506
96.48 0.0539892
96.49 0.0692882
96.5 0.084626
96.51 0.099807
96.52 0.114639
96.53 0.128935
96.54 0.142523
96.55 0.155244
96.56 0.166902
96.57 0.177361
96.58 0.186587
96.59 0.194515
96.6 0.201107
96.61 0.206351
96.62 0.210258
96.63 0.212862
96.64 0.21415
96.65 0.214228
96.66 0.21324
96.67 0.211285
96.68 0.208473
96.69 0.204911
96.7 0.200711
96.71 0.195975
96.72 0.190775
96.73 0.185223
96.74 0.1794
96.75 0.173361
96.76 0.167141
96.77 0.160761
96.78 0.154225
96.79 0.147521
96.8 0.140604
96.81 0.133442
96.82 0.12599
96.83 0.11819
96.84 0.109984
96.85 0.101312
96.86 0.0921179
96.87 0.0823535
96.88 0.0719173
96.89 0.0608378
96.9 0.0491093
96.91 0.03674
96.92 0.0237562
96.93 0.0102032
96.94 -0.00385508
96.95 -0.0183383
96.96 -0.0331623
96.97 -0.0481693
96.98 -0.0632263
96.99 -0.0781898
97 -0.0929083
97.01 -0.107225
97.02 -0.120983
97.03 -0.134006
97.04 -0.146073
97.05 -0.157102
97.06 -0.166961
97.07 -0.175533
97.08 -0.182717
97.09 -0.188428
97.1 -0.192601
97.11 -0.19514
97.12 -0.195956
97.13 -0.195158
97.14 -0.192766
97.15 -0.188817
97.16 -0.183367
97.17 -0.176486
97.18 -0.16826
97.19 -0.158739
97.2 -0.148031
97.21 -0.136329
97.22 -0.12376
97.23 -0.110458
97.24 -0.0965591
97.25 -0.0822022
97.26 -0.0675265
97.27 -0.0526693
97.28 -0.0377872
97.29 -0.0230222
97.3 -0.00850493
97.31 0.00563786
97.32 0.0192842
97.33 0.0323173
97.34 0.0446264
97.35 0.0560449
97.36 0.0664915
97.37 0.0759072
97.38 0.0842125
97.39 0.0913371
97.4 0.0972208
97.41 0.101814
97.42 0.105079
97.43 0.106883
97.44 0.107291
97.45 0.106339
97.46 0.104048
97.47 0.100453
97.48 0.0956035
97.49 0.0895664
97.5 0.0824217
97.51 0.0741819
97.52 0.0650477
97.53 0.055152
97.54 0.0446267
97.55 0.0336118
97.56 0.0222528
97.57 0.0106987
97.58 -0.000900276
97.59 -0.0123711
97.6 -0.0235694
97.61 -0.0343605
97.62 -0.0446195
97.63 -0.0542339
97.64 -0.0631053
97.65 -0.0711513
97.66 -0.0782942
97.67 -0.0844135
97.68 -0.0895646
97.69 -0.0937418
97.7 -0.0969574
97.71 -0.0992407
97.72 -0.100636
97.73 -0.101202
97.74 -0.100991
97.75 -0.100058
97.76 -0.0985464
97.77 -0.0965466
97.78 -0.0941493
97.79 -0.0914432
97.8 -0.0885127
97.81 -0.0854356
97.82 -0.0822805
97.83 -0.0791121
97.84 -0.0759793
97.85 -0.0729145
97.86 -0.0699375
97.87 -0.0670555
97.88 -0.0642642
97.89 -0.0615483
97.9 -0.0588835
97.91 -0.0562317
97.92 -0.0535498
97.93 -0.0507941
97.94 -0.0479187
97.95 -0.0448784
97.96 -0.0416304
97.97 -0.0381358
97.98 -0.0343432
97.99 -0.0302304
98 -0.0257936
98.01 -0.0210264
98.02 -0.0159319
98.03 -0.0105224
98.04 -0.00481911
98.05 0.00114861
98.06 0.00735763
98.07 0.0137497
98.08 0.0202706
98.09 0.0268696
98.1 0.0334953
98.11 0.0400965
98.12 0.0466241
98.13 0.0530323
98.14 0.059263
98.15 0.0652888
98.16 0.0710841
98.17 0.0766273
98.18 0.0819034
98.19 0.0869036
98.2 0.091625
98.21 0.0960702
98.22 0.100221
98.23 0.104112
98.24 0.107759
98.25 0.111173
98.26 0.114369
98.27 0.117355
98.28 0.120143
98.29 0.122735
98.3 0.125117
98.31 0.127305
98.32 0.129292
98.33 0.131068
98.34 0.132621
98.35 0.133937
98.36 0.134999
98.37 0.135787
98.38 0.136267
98.39 0.136453
98.4 0.136337
98.41 0.13592
98.42 0.135207
98.43 0.134213
98.44 0.132959
98.45 0.13147
98.46 0.129781
98.47 0.127956
98.48 0.126051
98.49 0.124125
98.5 0.122245
98.51 0.120478
98.52 0.118892
98.53 0.117569
98.54 0.116586
98.55 0.115983
98.56 0.11581
98.57 0.116106
98.58 0.116898
98.59 0.118199
98.6 0.120009
98.61 0.12234
98.62 0.12515
98.63 0.128369
98.64 0.131935
98.65 0.135773
98.66 0.139797
98.67 0.143914
98.68 0.14802
98.69 0.151997
98.7 0.155727
98.71 0.15911
98.72 0.162045
98.73 0.164439
98.74 0.166209
98.75 0.167282
98.76 0.167601
98.77 0.167057
98.78 0.16567
98.79 0.163451
98.8 0.160411
98.81 0.156576
98.82 0.151989
98.83 0.146705
98.84 0.140791
98.85 0.134283
98.86 0.12732
98.87 0.119996
98.88 0.112406
98.89 0.104641
98.9 0.0967898
98.91 0.0889356
98.92 0.0811545
98.93 0.0735329
98.94 0.0661152
98.95 0.058943
98.96 0.0520453
98.97 0.0454387
98.98 0.0391272
98.99 0.0331035
99 0.0273525
99.01 0.0218599
99.02 0.0165641
99.03 0.0114205
99.04 0.00637965
99.05 0.0013889
99.06 -0.00360602
99.07 -0.00865955
99.08 -0.0138293
99.09 -0.01918
99.1 -0.0247495
99.11 -0.0305808
99.12 -0.0367122
99.13 -0.0431775
99.14 -0.050006
99.15 -0.0572225
99.16 -0.0648637
99.17 -0.0729593
99.18 -0.081496
99.19 -0.0904837
99.2 -0.0999299
99.21 -0.10984
99.22 -0.120216
99.23 -0.131059
99.24 -0.14239
99.25 -0.154202
99.26 -0.166459
99.27 -0.179148
99.28 -0.192244
99.29 -0.205718
99.3 -0.219531
99.31 -0.233636
99.32 -0.247984
99.33 -0.262487
99.34 -0.277051
99.35 -0.291577
99.36 -0.305953
99.37 -0.320056
99.38 -0.33375
99.39 -0.34689
99.4 -0.35926
99.41 -0.370716
99.42 -0.381114
99.43 -0.390293
99.44 -0.398098
99.45 -0.404377
99.46 -0.408993
99.47 -0.411823
99.48 -0.412592
99.49 -0.411344
99.5 -0.408056
99.51 -0.402704
99.52 -0.39529
99.53 -0.385848
99.54 -0.374443
99.55 -0.361168
99.56 -0.345991
99.57 -0.329245
99.58 -0.311115
99.59 -0.291805
99.6 -0.271531
99.61 -0.250524
99.62 -0.229024
99.63 -0.20727
99.64 -0.185527
99.65 -0.164043
99.66 -0.143036
99.67 -0.122707
99.68 -0.103236
99.69 -0.084778
99.7 -0.0674645
99.71 -0.0514241
99.72 -0.0368169
99.73 -0.0235786
99.74 -0.0117194
99.75 -0.00122411
99.76 0.00794661
99.77 0.0158527
99.78 0.0225716
99.79 0.0281631
99.8 0.0327043
99.81 0.0363779
99.82 0.0392924
99.83 0.0415536
99.84 0.0432614
99.85 0.044507
99.86 0.0453703
99.87 0.0459078
99.88 0.0461753
99.89 0.0462278
99.9 0.0460895
99.91 0.0457736
99.92 0.0452836
99.93 0.044616
99.94 0.0437629
99.95 0.042704
99.96 0.041434
99.97 0.0399616
99.98 0.0382955
99.99 0.0364559
100 0.0344763
100.01 0.0324054
100.02 0.0303075
100.03 0.0282733
100.04 0.0264099
100.05 0.0248278
100.06 0.0236504
100.07 0.0230087
100.08 0.0230381
100.09 0.0238737
100.1 0.0256463
100.11 0.0285704
100.12 0.0327005
100.13 0.038097
100.14 0.0448193
100.15 0.0528993
100.16 0.0623385
100.17 0.0731054
100.18 0.0851346
100.19 0.0984205
100.2 0.112716
100.21 0.127839
100.22 0.143586
100.23 0.159734
100.24 0.176038
100.25 0.19224
100.26 0.208074
100.27 0.223183
100.28 0.237352
100.29 0.250335
100.3 0.261909
100.31 0.271876
100.32 0.280069
100.33 0.286358
100.34 0.290624
100.35 0.292667
100.36 0.292667
100.37 0.290668
100.38 0.28676
100.39 0.281065
100.4 0.273744
100.41 0.264984
100.42 0.254969
100.43 0.243909
100.44 0.232132
100.45 0.219878
100.46 0.207382
100.47 0.194865
100.48 0.18253
100.49 0.170555
100.5 0.159113
100.51 0.148346
100.52 0.138291
100.53 0.128983
100.54 0.120419
100.55 0.112562
100.56 0.105342
100.57 0.0986583
100.58 0.0924025
100.59 0.0864116
100.6 0.0805094
100.61 0.0745362
100.62 0.068335
100.63 0.061758
100.64 0.0546734
100.65 0.0469703
100.66 0.0385173
100.67 0.0292747
100.68 0.0192585
100.69 0.00849255
100.7 -0.00296393
100.71 -0.0150167
100.72 -0.0275392
100.73 -0.0403752
100.74 -0.0533387
100.75 -0.0661982
100.76 -0.0787345
100.77 -0.0907262
100.78 -0.101954
100.79 -0.112205
100.8 -0.121286
100.81 -0.129019
100.82 -0.13512
100.83 -0.139572
100.84 -0.142328
100.85 -0.143354
100.86 -0.142658
100.87 -0.140287
100.88 -0.136326
100.89 -0.130897
100.9 -0.124042
100.91 -0.116084
100.92 -0.107236
100.93 -0.0977182
100.94 -0.0877585
100.95 -0.0775859
100.96 -0.0674226
100.97 -0.0574822
100.98 -0.0480081
100.99 -0.0391366
101 -0.0309983
101.01 -0.0236909
101.02 -0.0172772
101.03 -0.0117846
101.04 -0.00720483
101.05 -0.00351222
101.06 -0.000669891
101.07 0.00149879
101.08 0.00312238
101.09 0.00434559
101.1 0.00532341
101.11 0.00621486
101.12 0.00717678
101.13 0.00836938
101.14 0.00995398
101.15 0.012023
101.16 0.0146604
101.17 0.0179214
101.18 0.0218302
101.19 0.0263787
101.2 0.0315263
101.21 0.0372191
101.22 0.0433429
101.23 0.0497333
101.24 0.0562339
101.25 0.0626712
101.26 0.0688604
101.27 0.0746112
101.28 0.0797334
101.29 0.0839876
101.3 0.0871913
101.31 0.089233
101.32 0.0899873
101.33 0.0893561
101.34 0.0872716
101.35 0.0836982
101.36 0.078634
101.37 0.0720151
101.38 0.0639691
101.39 0.0546453
101.4 0.0441719
101.41 0.0327
101.42 0.0203988
101.43 0.00745178
101.44 -0.00594941
101.45 -0.0196145
101.46 -0.0333155
101.47 -0.0468636
101.48 -0.0600869
101.49 -0.0728301
101.5 -0.0849571
101.51 -0.0963535
101.52 -0.106928
101.53 -0.116528
101.54 -0.125184
101.55 -0.13289
101.56 -0.139651
101.57 -0.145491
101.58 -0.150449
101.59 -0.154577
101.6 -0.157932
101.61 -0.160514
101.62 -0.162464
101.63 -0.163839
101.64 -0.164693
101.65 -0.165067
101.66 -0.164994
101.67 -0.16449
101.68 -0.163552
101.69 -0.162136
101.7 -0.160251
101.71 -0.157859
101.72 -0.154911
101.73 -0.15135
101.74 -0.147115
101.75 -0.142146
101.76 -0.13636
101.77 -0.129656
101.78 -0.122051
101.79 -0.113516
101.8 -0.104034
101.81 -0.0936088
101.82 -0.0822595
101.83 -0.0700263
101.84 -0.0569403
101.85 -0.0430752
101.86 -0.0285837
101.87 -0.0135833
101.88 0.00179483
101.89 0.0174087
101.9 0.0331089
101.91 0.0487416
101.92 0.0641336
101.93 0.079114
101.94 0.0935528
101.95 0.107319
101.96 0.120295
101.97 0.132379
101.98 0.143487
101.99 0.153557
102 0.162474
102.01 0.170241
102.02 0.176901
102.03 0.182473
102.04 0.186995
102.05 0.190517
102.06 0.193102
102.07 0.194824
102.08 0.19571
102.09 0.195891
102.1 0.195472
102.11 0.194536
102.12 0.19316
102.13 0.191417
102.14 0.189368
102.15 0.187069
102.16 0.184547
102.17 0.181855
102.18 0.179017
102.19 0.176045
102.2 0.172945
102.21 0.169716
102.22 0.166352
102.23 0.162845
102.24 0.159168
102.25 0.155327
102.26 0.151317
102.27 0.147136
102.28 0.142788
102.29 0.138283
102.3 0.133638
102.31 0.128874
102.32 0.124018
102.33 0.119116
102.34 0.114206
102.35 0.109332
102.36 0.104536
102.37 0.0998594
102.38 0.0953407
102.39 0.091018
102.4 0.086933
102.41 0.0830856
102.42 0.0794814
102.43 0.0761146
102.44 0.0729677
102.45 0.0700114
102.46 0.0672046
102.47 0.0644964
102.48 0.0618176
102.49 0.0590904
102.5 0.0562377
102.51 0.0531787
102.52 0.049832
102.53 0.0461178
102.54 0.0419606
102.55 0.0372659
102.56 0.0319614
102.57 0.0260316
102.58 0.019445
102.59 0.0121853
102.6 0.00425157
102.61 -0.00434107
102.62 -0.0135618
102.63 -0.0233943
102.64 -0.0337618
102.65 -0.0445643
102.66 -0.0557174
102.67 -0.0671299
102.68 -0.0787059
102.69 -0.0903477
102.7 -0.101959
102.71 -0.113432
102.72 -0.124675
102.73 -0.135618
102.74 -0.146196
102.75 -0.156355
102.76 -0.166057
102.77 -0.175275
102.78 -0.183996
102.79 -0.192182
102.8 -0.199877
102.81 -0.207113
102.82 -0.213922
102.83 -0.220339
102.84 -0.226403
102.85 -0.23215
102.86 -0.237617
102.87 -0.242812
102.88 -0.247777
102.89 -0.252525
102.9 -0.257054
102.91 -0.261348
102.92 -0.265381
102.93 -0.26911
102.94 -0.272482
102.95 -0.275384
102.96 -0.277777
102.97 -0.279578
102.98 -0.280701
102.99 -0.281058
103 -0.280564
103.01 -0.279139
103.02 -0.276696
103.03 -0.273095
103.04 -0.268382
103.05 -0.262535
103.06 -0.255549
103.07 -0.24744
103.08 -0.238247
103.09 -0.22803
103.1 -0.216846
103.11 -0.20477
103.12 -0.191993
103.13 -0.178653
103.14 -0.164898
103.15 -0.150886
103.16 -0.136777
103.17 -0.122735
103.18 -0.108934
103.19 -0.0955539
103.2 -0.0827189
103.21 -0.070553
103.22 -0.0591631
103.23 -0.0486366
103.24 -0.0390393
103.25 -0.0304147
103.26 -0.0228338
103.27 -0.0162903
103.28 -0.0107052
103.29 -0.00602991
103.3 -0.00219813
103.31 0.000871126
103.32 0.00327074
103.33 0.00510218
103.34 0.00645014
103.35 0.00744766
103.36 0.00821763
103.37 0.00886019
103.38 0.0094671
103.39 0.0101194
103.4 0.0108855
103.41 0.01182
103.42 0.0129801
103.43 0.0143807
103.44 0.0160231
103.45 0.0179004
103.46 0.0199943
103.47 0.0222764
103.48 0.0247107
103.49 0.027256
103.5 0.029871
103.51 0.0325033
103.52 0.0351129
103.53 0.0376662
103.54 0.0401378
103.55 0.0425119
103.56 0.0447838
103.57 0.0469602
103.58 0.049056
103.59 0.0511141
103.6 0.0531792
103.61 0.0553056
103.62 0.0575549
103.63 0.0599944
103.64 0.0626943
103.65 0.0657293
103.66 0.0692073
103.67 0.0731583
103.68 0.077635
103.69 0.0826792
103.7 0.0883197
103.71 0.0945703
103.72 0.101428
103.73 0.108886
103.74 0.116933
103.75 0.125464
103.76 0.134403
103.77 0.143663
103.78 0.15314
103.79 0.162721
103.8 0.172285
103.81 0.181695
103.82 0.190796
103.83 0.19947
103.84 0.207592
103.85 0.215044
103.86 0.221717
103.87 0.227515
103.88 0.232352
103.89 0.236112
103.9 0.238723
103.91 0.240212
103.92 0.240561
103.93 0.23977
103.94 0.237852
103.95 0.234834
103.96 0.230757
103.97 0.225616
103.98 0.21949
103.99 0.21249
104 0.204684
104.01 0.196144
104.02 0.186941
104.03 0.177144
104.04 0.166822
104.05 0.156009
104.06 0.144789
104.07 0.133231
104.08 0.121385
104.09 0.109297
104.1 0.0970113
104.11 0.0845695
104.12 0.0720125
104.13 0.0593792
104.14 0.0467222
104.15 0.0340896
104.16 0.0215325
104.17 0.00910692
104.18 -0.00312553
104.19 -0.0150975
104.2 -0.0267359
104.21 -0.0379163
104.22 -0.0485826
104.23 -0.0586515
104.24 -0.068035
104.25 -0.0766455
104.26 -0.0843978
104.27 -0.0912116
104.28 -0.0970093
104.29 -0.101621
104.3 -0.105096
104.31 -0.107401
104.32 -0.108515
104.33 -0.108435
104.34 -0.107179
104.35 -0.104779
104.36 -0.101273
104.37 -0.0966706
104.38 -0.0911561
104.39 -0.0848368
104.4 -0.0778327
104.41 -0.0702744
104.42 -0.0623001
104.43 -0.0540522
104.44 -0.0456753
104.45 -0.0373276
104.46 -0.0291509
104.47 -0.0212692
104.48 -0.0137936
104.49 -0.00681982
104.5 -0.000425887
104.51 0.00532973
104.52 0.0103818
104.53 0.0146996
104.54 0.0183355
104.55 0.0213207
104.56 0.0237058
104.57 0.025559
104.58 0.0269635
104.59 0.0280155
104.6 0.0288134
104.61 0.0294851
104.62 0.0301562
104.63 0.0309388
104.64 0.0319397
104.65 0.0332571
104.66 0.0349776
104.67 0.0371734
104.68 0.0399366
104.69 0.0432927
104.7 0.0472348
104.71 0.0517561
104.72 0.0568301
104.73 0.0624109
104.74 0.0684347
104.75 0.0748214
104.76 0.081489
104.77 0.088305
104.78 0.0951463
104.79 0.101891
104.8 0.108417
104.81 0.1146
104.82 0.120322
104.83 0.125472
104.84 0.129878
104.85 0.133494
104.86 0.136253
104.87 0.138095
104.88 0.138975
104.89 0.138866
104.9 0.137753
104.91 0.135638
104.92 0.132443
104.93 0.128297
104.94 0.123245
104.95 0.117338
104.96 0.110636
104.97 0.103203
104.98 0.0951061
104.99 0.0864089
105 0.0771439
105.01 0.06743
105.02 0.057329
105.03 0.0468983
105.04 0.0361903
105.05 0.025252
105.06 0.0141246
105.07 0.0028422
105.08 -0.0085672
105.09 -0.0200646
105.1 -0.0316251
105.11 -0.043225
105.12 -0.0548408
105.13 -0.0664479
105.14 -0.0780191
105.15 -0.0895208
105.16 -0.10091
105.17 -0.11215
105.18 -0.123194
105.19 -0.133991
105.2 -0.144482
105.21 -0.154603
105.22 -0.164288
105.23 -0.173438
105.24 -0.181963
105.25 -0.189818
105.26 -0.196927
105.27 -0.203221
105.28 -0.20863
105.29 -0.213094
105.3 -0.216557
105.31 -0.218912
105.32 -0.220135
105.33 -0.22025
105.34 -0.219249
105.35 -0.217134
105.36 -0.213922
105.37 -0.209643
105.38 -0.204339
105.39 -0.198
105.4 -0.190738
105.41 -0.182661
105.42 -0.173853
105.43 -0.164408
105.44 -0.154423
105.45 -0.143999
105.46 -0.133239
105.47 -0.122236
105.48 -0.111117
105.49 -0.0999848
105.5 -0.0889337
105.51 -0.0780531
105.52 -0.0674256
105.53 -0.0571275
105.54 -0.0472272
105.55 -0.0378335
105.56 -0.0289634
105.57 -0.0206564
105.58 -0.012948
105.59 -0.00586646
105.6 0.000567268
105.61 0.00633862
105.62 0.0114364
105.63 0.015796
105.64 0.0194866
105.65 0.0225173
105.66 0.0249018
105.67 0.0266583
105.68 0.0278093
105.69 0.0283817
105.7 0.0283982
105.71 0.0278635
105.72 0.0268643
105.73 0.0254459
105.74 0.0236576
105.75 0.0215533
105.76 0.0191908
105.77 0.0166317
105.78 0.0139396
105.79 0.011188
105.8 0.00845627
105.81 0.00581602
105.82 0.00333871
105.83 0.0010946
105.84 -0.000848645
105.85 -0.00242735
105.86 -0.00356415
105.87 -0.00419237
105.88 -0.00429792
105.89 -0.00385067
105.9 -0.00283195
105.91 -0.00123569
105.92 0.000930759
105.93 0.00364602
105.94 0.00689838
105.95 0.0106274
105.96 0.0147409
105.97 0.0191583
105.98 0.0237877
105.99 0.0285266
106 0.0332643
106.01 0.0378836
106.02 0.0422403
106.03 0.0462034
106.04 0.0496624
106.05 0.052502
106.06 0.0546149
106.07 0.0559037
106.08 0.0562841
106.09 0.055687
106.1 0.0539792
106.11 0.0511791
106.12 0.0473044
106.13 0.0423676
106.14 0.0364022
106.15 0.0294621
106.16 0.0216214
106.17 0.0129725
106.18 0.00357444
106.19 -0.00638243
106.2 -0.0167501
106.21 -0.0273812
106.22 -0.0381227
106.23 -0.0488191
106.24 -0.0593157
106.25 -0.069462
106.26 -0.0790515
106.27 -0.08799
106.28 -0.0961605
106.29 -0.10346
106.3 -0.109804
106.31 -0.115124
106.32 -0.119371
106.33 -0.122505
106.34 -0.124427
106.35 -0.12525
106.36 -0.125002
106.37 -0.123727
106.38 -0.121483
106.39 -0.118337
106.4 -0.114366
106.41 -0.109636
106.42 -0.104204
106.43 -0.0982131
106.44 -0.0917443
106.45 -0.0848742
106.46 -0.077672
106.47 -0.0701982
106.48 -0.0625033
106.49 -0.0546219
106.5 -0.0465796
106.51 -0.0384025
106.52 -0.0300949
106.53 -0.0216512
106.54 -0.013058
106.55 -0.00429574
106.56 0.00465978
106.57 0.0138463
106.58 0.0232951
106.59 0.0330166
106.6 0.043028
106.61 0.0533389
106.62 0.0639494
106.63 0.0748487
106.64 0.0860135
106.65 0.0974173
106.66 0.108998
106.67 0.120677
106.68 0.132375
106.69 0.143998
106.7 0.155442
106.71 0.166594
106.72 0.177332
106.73 0.187487
106.74 0.196937
106.75 0.205575
106.76 0.213278
106.77 0.219935
106.78 0.225439
106.79 0.229701
106.8 0.23264
106.81 0.23408
106.82 0.23406
106.83 0.232586
106.84 0.229658
106.85 0.22529
106.86 0.219519
106.87 0.212397
106.88 0.203994
106.89 0.194288
106.9 0.183489
106.91 0.171714
106.92 0.159076
106.93 0.145692
106.94 0.131683
106.95 0.117166
106.96 0.102254
106.97 0.087042
106.98 0.0716639
106.99 0.0562096
107 0.0407585
107.01 0.0253783
107.02 0.0101256
107.03 -0.00495451
107.04 -0.0198237
107.05 -0.03444
107.06 -0.0488071
107.07 -0.0629173
107.08 -0.0767677
107.09 -0.090358
107.1 -0.103689
107.11 -0.116759
107.12 -0.129559
107.13 -0.142064
107.14 -0.154277
107.15 -0.166174
107.16 -0.177721
107.17 -0.188876
107.18 -0.199587
107.19 -0.209792
107.2 -0.219395
107.21 -0.228297
107.22 -0.236448
107.23 -0.243761
107.24 -0.250146
107.25 -0.255515
107.26 -0.25978
107.27 -0.262859
107.28 -0.264606
107.29 -0.264953
107.3 -0.263908
107.31 -0.261431
107.32 -0.257497
107.33 -0.252093
107.34 -0.245224
107.35 -0.236911
107.36 -0.2271
107.37 -0.21589
107.38 -0.2034
107.39 -0.189711
107.4 -0.174913
107.41 -0.159107
107.42 -0.1424
107.43 -0.124906
107.44 -0.106698
107.45 -0.0879426
107.46 -0.0687732
107.47 -0.0493046
107.48 -0.0296481
107.49 -0.00991013
107.5 0.00980851
107.51 0.0294132
107.52 0.0487904
107.53 0.0678669
107.54 0.0865709
107.55 0.104833
107.56 0.122589
107.57 0.139778
107.58 0.15634
107.59 0.17222
107.6 0.18728
107.61 0.201533
107.62 0.214921
107.63 0.227384
107.64 0.23886
107.65 0.249286
107.66 0.258597
107.67 0.266712
107.68 0.273461
107.69 0.278887
107.7 0.282929
107.71 0.285531
107.72 0.286646
107.73 0.286232
107.74 0.284261
107.75 0.28068
107.76 0.2754
107.77 0.268562
107.78 0.260202
107.79 0.250372
107.8 0.239145
107.81 0.22661
107.82 0.212876
107.83 0.198038
107.84 0.182228
107.85 0.165675
107.86 0.14855
107.87 0.131034
107.88 0.113311
107.89 0.0955718
107.9 0.0780033
107.91 0.0608163
107.92 0.0442154
107.93 0.028345
107.94 0.0133565
107.95 -0.000614552
107.96 -0.013451
107.97 -0.0250556
107.98 -0.0353521
107.99 -0.0442046
108 -0.0516028
108.01 -0.0576004
108.02 -0.0622141
108.03 -0.0654801
108.04 -0.067453
108.05 -0.0682029
108.06 -0.067814
108.07 -0.0663151
108.08 -0.0638647
108.09 -0.0606046
108.1 -0.0566477
108.11 -0.0521067
108.12 -0.0470922
108.13 -0.0417102
108.14 -0.0360611
108.15 -0.0302302
108.16 -0.0243202
108.17 -0.0184075
108.18 -0.0125559
108.19 -0.00682043
108.2 -0.00124769
108.21 0.00412343
108.22 0.00926068
108.23 0.0141105
108.24 0.0186717
108.25 0.022927
108.26 0.0268586
108.27 0.0304489
108.28 0.0336799
108.29 0.036532
108.3 0.0389819
108.31 0.0409654
108.32 0.042496
108.33 0.0435472
108.34 0.0440922
108.35 0.0441048
108.36 0.0435606
108.37 0.0424384
108.38 0.0407113
108.39 0.0383285
108.4 0.0353394
108.41 0.0317528
108.42 0.0275878
108.43 0.0228747
108.44 0.0176556
108.45 0.0119847
108.46 0.00591898
108.47 -0.000466902
108.48 -0.00705606
108.49 -0.01375
108.5 -0.0204436
108.51 -0.0270267
108.52 -0.0333871
108.53 -0.0394123
108.54 -0.0449698
108.55 -0.0499323
108.56 -0.0542334
108.57 -0.0577899
108.58 -0.0605321
108.59 -0.062405
108.6 -0.0633704
108.61 -0.0634076
108.62 -0.0624658
108.63 -0.0605707
108.64 -0.0578057
108.65 -0.0542267
108.66 -0.0499054
108.67 -0.0449273
108.68 -0.0393898
108.69 -0.0333998
108.7 -0.0270567
108.71 -0.0205027
108.72 -0.0138683
108.73 -0.00726999
108.74 -0.000819371
108.75 0.00537913
108.76 0.0112304
108.77 0.0166504
108.78 0.0215242
108.79 0.025816
108.8 0.029497
108.81 0.03254
108.82 0.0349311
108.83 0.0366684
108.84 0.0377615
108.85 0.0382294
108.86 0.0380484
108.87 0.0373011
108.88 0.0360319
108.89 0.0342794
108.9 0.0320815
108.91 0.0294742
108.92 0.0264898
108.93 0.0231558
108.94 0.0194624
108.95 0.0154587
108.96 0.0111526
108.97 0.00654602
108.98 0.00163588
108.99 -0.00358537
109 -0.0091283
109.01 -0.0150091
109.02 -0.0212685
109.03 -0.0278864
109.04 -0.0348696
109.05 -0.0422198
109.06 -0.0499324
109.07 -0.0579956
109.08 -0.0663895
109.09 -0.075092
109.1 -0.084075
109.11 -0.0932682
109.12 -0.102617
109.13 -0.112061
109.14 -0.121534
109.15 -0.130967
109.16 -0.140291
109.17 -0.149427
109.18 -0.158293
109.19 -0.166841
109.2 -0.17502
109.21 -0.182783
109.22 -0.190099
109.23 -0.196944
109.24 -0.203308
109.25 -0.20917
109.26 -0.214545
109.27 -0.219484
109.28 -0.224025
109.29 -0.228212
109.3 -0.232094
109.31 -0.235727
109.32 -0.239162
109.33 -0.242448
109.34 -0.245639
109.35 -0.248778
109.36 -0.251892
109.37 -0.254995
109.38 -0.258087
109.39 -0.261151
109.4 -0.264154
109.41 -0.267031
109.42 -0.269711
109.43 -0.272108
109.44 -0.274124
109.45 -0.275644
109.46 -0.276548
109.47 -0.276708
109.48 -0.275994
109.49 -0.274183
109.5 -0.271206
109.51 -0.266969
109.52 -0.261373
109.53 -0.254338
109.54 -0.245801
109.55 -0.235721
109.56 -0.224085
109.57 -0.210758
109.58 -0.195922
109.59 -0.179655
109.6 -0.162053
109.61 -0.143234
109.62 -0.123336
109.63 -0.102519
109.64 -0.0809526
109.65 -0.0587935
109.66 -0.036305
109.67 -0.013685
109.68 0.00886952
109.69 0.031167
109.7 0.0530248
109.71 0.0742724
109.72 0.0947383
109.73 0.114213
109.74 0.132649
109.75 0.149957
109.76 0.166066
109.77 0.180928
109.78 0.194518
109.79 0.206828
109.8 0.217833
109.81 0.227513
109.82 0.236003
109.83 0.243356
109.84 0.249634
109.85 0.254904
109.86 0.259234
109.87 0.262692
109.88 0.265314
109.89 0.267158
109.9 0.268325
109.91 0.268865
109.92 0.268822
109.93 0.268232
109.94 0.267127
109.95 0.265534
109.96 0.263451
109.97 0.260905
109.98 0.25794
109.99 0.254579
110 0.250847
110.01 0.246777
110.02 0.242405
110.03 0.237778
110.04 0.232937
110.05 0.227957
110.06 0.222915
110.07 0.217886
110.08 0.212952
110.09 0.208197
110.1 0.203706
110.11 0.199564
110.12 0.195891
110.13 0.192746
110.14 0.190179
110.15 0.188243
110.16 0.186974
110.17 0.18639
110.18 0.186495
110.19 0.187269
110.2 0.188728
110.21 0.190758
110.22 0.19327
110.23 0.196167
110.24 0.199336
110.25 0.202653
110.26 0.205982
110.27 0.209181
110.28 0.212064
110.29 0.214503
110.3 0.216363
110.31 0.217514
110.32 0.21784
110.33 0.217243
110.34 0.21564
110.35 0.212955
110.36 0.209059
110.37 0.204035
110.38 0.197891
110.39 0.190656
110.4 0.182378
110.41 0.173121
110.42 0.162966
110.43 0.151987
110.44 0.140256
110.45 0.12794
110.46 0.115142
110.47 0.101961
110.48 0.088491
110.49 0.0748156
110.5 0.061006
110.51 0.0471186
110.52 0.033198
110.53 0.019272
110.54 0.00534849
110.55 -0.00857821
110.56 -0.0225259
110.57 -0.0365221
110.58 -0.0506008
110.59 -0.0648073
110.6 -0.0791841
110.61 -0.0937561
110.62 -0.108546
110.63 -0.123564
110.64 -0.138806
110.65 -0.154247
110.66 -0.169845
110.67 -0.185536
110.68 -0.201215
110.69 -0.216764
110.7 -0.232049
110.71 -0.246916
110.72 -0.261196
110.73 -0.274709
110.74 -0.287267
110.75 -0.298582
110.76 -0.308495
110.77 -0.316862
110.78 -0.323518
110.79 -0.32832
110.8 -0.331148
110.81 -0.33191
110.82 -0.330544
110.83 -0.326845
110.84 -0.320973
110.85 -0.313019
110.86 -0.303077
110.87 -0.291271
110.88 -0.277758
110.89 -0.262726
110.9 -0.246382
110.91 -0.228876
110.92 -0.210571
110.93 -0.191721
110.94 -0.172576
110.95 -0.153379
110.96 -0.134361
110.97 -0.115733
110.98 -0.0976911
110.99 -0.080478
111 -0.0641611
111.01 -0.0488331
111.02 -0.0345537
111.03 -0.0213491
111.04 -0.00921364
111.05 0.00188808
111.06 0.0120019
111.07 0.021167
111.08 0.0295692
111.09 0.0373261
111.1 0.044561
111.11 0.0513979
111.12 0.0579551
111.13 0.064341
111.14 0.070649
111.15 0.0769595
111.16 0.083323
111.17 0.0897602
111.18 0.0962659
111.19 0.102808
111.2 0.10933
111.21 0.11575
111.22 0.121954
111.23 0.1278
111.24 0.133166
111.25 0.137913
111.26 0.141898
111.27 0.144984
111.28 0.147041
111.29 0.147956
111.3 0.147561
111.31 0.145786
111.32 0.14265
111.33 0.138142
111.34 0.132281
111.35 0.125117
111.36 0.116728
111.37 0.107221
111.38 0.0966733
111.39 0.0852899
111.4 0.0732789
111.41 0.0608257
111.42 0.0481216
111.43 0.0353586
111.44 0.0227242
111.45 0.0103959
111.46 -0.00141473
111.47 -0.0125771
111.48 -0.0229861
111.49 -0.0325508
111.5 -0.0412071
111.51 -0.0489184
111.52 -0.0556751
111.53 -0.0614932
111.54 -0.0663372
111.55 -0.0703466
111.56 -0.0736118
111.57 -0.0762246
111.58 -0.0782835
111.59 -0.0798887
111.6 -0.0811376
111.61 -0.0821201
111.62 -0.0829022
111.63 -0.0835677
111.64 -0.0841562
111.65 -0.0846863
111.66 -0.0851547
111.67 -0.0855359
111.68 -0.0857829
111.69 -0.0858254
111.7 -0.0855475
111.71 -0.0848675
111.72 -0.0836764
111.73 -0.0818612
111.74 -0.0793096
111.75 -0.0759149
111.76 -0.0715813
111.77 -0.0662013
111.78 -0.0596529
111.79 -0.0519833
111.8 -0.0431877
111.81 -0.0332897
111.82 -0.0223422
111.83 -0.0104278
111.84 0.00234262
111.85 0.0158518
111.86 0.0299316
111.87 0.0443523
111.88 0.0589152
111.89 0.0734125
111.9 0.0876331
111.91 0.101368
111.92 0.114415
111.93 0.126535
111.94 0.137531
111.95 0.147308
111.96 0.155752
111.97 0.162774
111.98 0.168319
111.99 0.172363
112 0.174913
112.01 0.175923
112.02 0.175498
112.03 0.173794
112.04 0.170927
112.05 0.167028
112.06 0.16224
112.07 0.15671
112.08 0.150588
112.09 0.143995
112.1 0.137102
112.11 0.130038
112.12 0.122907
112.13 0.11579
112.14 0.108749
112.15 0.101824
112.16 0.0950302
112.17 0.088374
112.18 0.0818187
112.19 0.0753198
112.2 0.0688226
112.21 0.0622644
112.22 0.0555786
112.23 0.0486989
112.24 0.0415635
112.25 0.0340861
112.26 0.0262535
112.27 0.0180473
112.28 0.00946612
112.29 0.000529313
112.3 -0.00872279
112.31 -0.0182289
112.32 -0.0279081
112.33 -0.0376555
112.34 -0.0473387
112.35 -0.0568293
112.36 -0.0659926
112.37 -0.0746922
112.38 -0.0827946
112.39 -0.0901742
112.4 -0.0967005
112.41 -0.102211
112.42 -0.106706
112.43 -0.110145
112.44 -0.112511
112.45 -0.11382
112.46 -0.114117
112.47 -0.113475
112.48 -0.111975
112.49 -0.109735
112.5 -0.10697
112.51 -0.103849
112.52 -0.100558
112.53 -0.0972874
112.54 -0.0942274
112.55 -0.0915643
112.56 -0.0895046
112.57 -0.0882363
112.58 -0.0878551
112.59 -0.0884645
112.6 -0.0901375
112.61 -0.0929143
112.62 -0.0968004
112.63 -0.101767
112.64 -0.107801
112.65 -0.114782
112.66 -0.122531
112.67 -0.130893
112.68 -0.139691
112.69 -0.148736
112.7 -0.157829
112.71 -0.166768
112.72 -0.175318
112.73 -0.183283
112.74 -0.190505
112.75 -0.196838
112.76 -0.202157
112.77 -0.206371
112.78 -0.209415
112.79 -0.211259
112.8 -0.211814
112.81 -0.211188
112.82 -0.209479
112.83 -0.206784
112.84 -0.20322
112.85 -0.198926
112.86 -0.194048
112.87 -0.188745
112.88 -0.183164
112.89 -0.177494
112.9 -0.171879
112.91 -0.166447
112.92 -0.161305
112.93 -0.156538
112.94 -0.152206
112.95 -0.148342
112.96 -0.144994
112.97 -0.142086
112.98 -0.139564
112.99 -0.137347
113 -0.135338
113.01 -0.133419
113.02 -0.131464
113.03 -0.129333
113.04 -0.126847
113.05 -0.123889
113.06 -0.120331
113.07 -0.116058
113.08 -0.110971
113.09 -0.10499
113.1 -0.0980573
113.11 -0.090113
113.12 -0.0810981
113.13 -0.0711087
113.14 -0.0601888
113.15 -0.048404
113.16 -0.0358391
113.17 -0.0225952
113.18 -0.00878606
113.19 0.00547675
113.2 0.0200575
113.21 0.0348005
113.22 0.0495812
113.23 0.0642824
113.24 0.0787974
113.25 0.0930326
113.26 0.106909
113.27 0.120342
113.28 0.13328
113.29 0.145721
113.3 0.157655
113.31 0.169089
113.32 0.180038
113.33 0.190528
113.34 0.200592
113.35 0.210244
113.36 0.21953
113.37 0.228497
113.38 0.237168
113.39 0.245558
113.4 0.253667
113.41 0.261485
113.42 0.268987
113.43 0.2761
113.44 0.282779
113.45 0.288962
113.46 0.294565
113.47 0.299498
113.48 0.303663
113.49 0.306957
113.5 0.30928
113.51 0.310437
113.52 0.310403
113.53 0.30912
113.54 0.306527
113.55 0.30258
113.56 0.297253
113.57 0.290545
113.58 0.282473
113.59 0.272956
113.6 0.262188
113.61 0.250265
113.62 0.237295
113.63 0.223403
113.64 0.208725
113.65 0.193413
113.66 0.177619
113.67 0.161494
113.68 0.14524
113.69 0.129014
113.7 0.112963
113.71 0.0972281
113.72 0.0819346
113.73 0.0671957
113.74 0.053123
113.75 0.0398508
113.76 0.0273853
113.77 0.0157714
113.78 0.00503961
113.79 -0.00479317
113.8 -0.0137214
113.81 -0.0217491
113.82 -0.0288604
113.83 -0.0350403
113.84 -0.0403707
113.85 -0.0448716
113.86 -0.0485618
113.87 -0.0514575
113.88 -0.0535712
113.89 -0.0549117
113.9 -0.0554502
113.91 -0.0551763
113.92 -0.0541324
113.93 -0.0523154
113.94 -0.0497231
113.95 -0.0463561
113.96 -0.0422198
113.97 -0.0373266
113.98 -0.0316593
113.99 -0.025263
114 -0.0182201
114.01 -0.0105931
114.02 -0.00245932
114.03 0.00608884
114.04 0.0149447
114.05 0.023988
114.06 0.0330807
114.07 0.0420613
114.08 0.0507786
114.09 0.05908
114.1 0.0668133
114.11 0.0738308
114.12 0.0799929
114.13 0.0851716
114.14 0.0891606
114.15 0.0919219
114.16 0.0934141
114.17 0.0935952
114.18 0.0924492
114.19 0.0899866
114.2 0.0862447
114.21 0.0812863
114.22 0.075106
114.23 0.0679179
114.24 0.059866
114.25 0.0510973
114.26 0.0417693
114.27 0.0320457
114.28 0.0220917
114.29 0.0120698
114.3 0.00215821
114.31 -0.00749932
114.32 -0.016779
114.33 -0.0255762
114.34 -0.0338077
114.35 -0.0414133
114.36 -0.0483564
114.37 -0.0546151
114.38 -0.0601539
114.39 -0.0650679
114.4 -0.0694111
114.41 -0.0732525
114.42 -0.0766718
114.43 -0.0797562
114.44 -0.0825957
114.45 -0.0852776
114.46 -0.0878902
114.47 -0.0905157
114.48 -0.0932116
114.49 -0.0960192
114.5 -0.0989615
114.51 -0.102042
114.52 -0.105243
114.53 -0.108531
114.54 -0.111841
114.55 -0.115093
114.56 -0.118199
114.57 -0.121061
114.58 -0.123575
114.59 -0.125639
114.6 -0.127149
114.61 -0.127976
114.62 -0.128028
114.63 -0.127278
114.64 -0.125685
114.65 -0.123232
114.66 -0.119926
114.67 -0.115801
114.68 -0.110916
114.69 -0.105321
114.7 -0.0991584
114.71 -0.0925885
114.72 -0.0857636
114.73 -0.0788484
114.74 -0.0720155
114.75 -0.0654403
114.76 -0.0592955
114.77 -0.0538012
114.78 -0.0490961
114.79 -0.0452911
114.8 -0.0424904
114.81 -0.040771
114.82 -0.0401799
114.83 -0.0407321
114.84 -0.0424098
114.85 -0.0452472
114.86 -0.0490747
114.87 -0.0537573
114.88 -0.0591518
114.89 -0.065094
114.9 -0.0714034
114.91 -0.0778886
114.92 -0.0843529
114.93 -0.0905602
114.94 -0.0963262
114.95 -0.101478
114.96 -0.10586
114.97 -0.109338
114.98 -0.111807
114.99 -0.11319
115 -0.11343
115.01 -0.112418
115.02 -0.110285
115.03 -0.107086
115.04 -0.102906
115.05 -0.0978503
115.06 -0.092048
115.07 -0.0856424
115.08 -0.0787829
115.09 -0.0716304
115.1 -0.0643789
115.11 -0.0571816
115.12 -0.0501805
115.13 -0.0435018
115.14 -0.0372525
115.15 -0.0315173
115.16 -0.0263759
115.17 -0.0218866
115.18 -0.0180111
115.19 -0.0147266
115.2 -0.0119872
115.21 -0.00972601
115.22 -0.00785919
115.23 -0.00628913
115.24 -0.00491211
115.25 -0.00360278
115.26 -0.00224021
115.27 -0.000719225
115.28 0.00105541
115.29 0.00316525
115.3 0.00567493
115.31 0.00862962
115.32 0.0120794
115.33 0.0160181
115.34 0.020398
115.35 0.0251715
115.36 0.0302716
115.37 0.0356138
115.38 0.0411002
115.39 0.0466219
115.4 0.0520502
115.41 0.0572566
115.42 0.0621299
115.43 0.0665631
115.44 0.0704598
115.45 0.0737383
115.46 0.0763335
115.47 0.0781999
115.48 0.0792519
115.49 0.0795325
115.5 0.0790803
115.51 0.0779374
115.52 0.0761634
115.53 0.0738332
115.54 0.071034
115.55 0.0678613
115.56 0.0643997
115.57 0.0607817
115.58 0.0571058
115.59 0.0534602
115.6 0.0499213
115.61 0.0465512
115.62 0.0433951
115.63 0.0404805
115.64 0.0378374
115.65 0.0354246
115.66 0.0332069
115.67 0.0311317
115.68 0.0291324
115.69 0.0271306
115.7 0.0250402
115.71 0.0227666
115.72 0.0201903
115.73 0.0172438
115.74 0.0138524
115.75 0.00995476
115.76 0.00550625
115.77 0.000482131
115.78 -0.00512042
115.79 -0.0112941
115.8 -0.0180109
115.81 -0.0251548
115.82 -0.0326285
115.83 -0.0403147
115.84 -0.0480782
115.85 -0.0557702
115.86 -0.0632317
115.87 -0.0702768
115.88 -0.0767059
115.89 -0.0823867
115.9 -0.0871712
115.91 -0.0909264
115.92 -0.0935384
115.93 -0.0949163
115.94 -0.0949949
115.95 -0.0936698
115.96 -0.0909343
115.97 -0.0868865
115.98 -0.0815845
115.99 -0.0751141
116 -0.0675859
116.01 -0.0591324
116.02 -0.0499045
116.03 -0.0400404
116.04 -0.0297502
116.05 -0.019236
116.06 -0.00867455
116.07 0.00176344
116.08 0.0119182
116.09 0.0216444
116.1 0.030815
116.11 0.039268
116.12 0.0469446
116.13 0.0538088
116.14 0.0598302
116.15 0.0650012
116.16 0.069336
116.17 0.0728679
116.18 0.075647
116.19 0.0776838
116.2 0.0791082
116.21 0.0800102
116.22 0.0804703
116.23 0.0805664
116.24 0.0803698
116.25 0.0799429
116.26 0.0793364
116.27 0.0785752
116.28 0.077694
116.29 0.0766959
116.3 0.0755688
116.31 0.0742864
116.32 0.0728105
116.33 0.0710931
116.34 0.0690761
116.35 0.0666647
116.36 0.0638289
116.37 0.0605146
116.38 0.0566758
116.39 0.0522771
116.4 0.0472976
116.41 0.0417323
116.42 0.0355838
116.43 0.0288586
116.44 0.0216606
116.45 0.0140674
116.46 0.00617462
116.47 -0.00190551
116.48 -0.0100471
116.49 -0.0181136
116.5 -0.0259493
116.51 -0.0333762
116.52 -0.0402665
116.53 -0.0464825
116.54 -0.0518975
116.55 -0.0563992
116.56 -0.0598938
116.57 -0.0623083
116.58 -0.0635426
116.59 -0.0635582
116.6 -0.0624286
116.61 -0.0601883
116.62 -0.0568972
116.63 -0.0526385
116.64 -0.0475161
116.65 -0.0416523
116.66 -0.0351577
116.67 -0.0282059
116.68 -0.0209766
116.69 -0.0136232
116.7 -0.00629501
116.71 0.000866775
116.72 0.00773315
116.73 0.0141905
116.74 0.020104
116.75 0.0254109
116.76 0.0300809
116.77 0.0340893
116.78 0.0374332
116.79 0.0401314
116.8 0.0422215
116.81 0.0437583
116.82 0.0447785
116.83 0.0453997
116.84 0.0457193
116.85 0.045827
116.86 0.0458108
116.87 0.0457532
116.88 0.0457281
116.89 0.0457981
116.9 0.0460275
116.91 0.046437
116.92 0.0470361
116.93 0.0478184
116.94 0.0487601
116.95 0.0498217
116.96 0.0509491
116.97 0.0520763
116.98 0.0531127
116.99 0.0539773
117 0.0545865
117.01 0.0548586
117.02 0.0547172
117.03 0.0540946
117.04 0.0529347
117.05 0.0511868
117.06 0.0487814
117.07 0.0457661
117.08 0.042157
117.09 0.0379888
117.1 0.0333146
117.11 0.0282039
117.12 0.0227414
117.13 0.0170203
117.14 0.0111536
117.15 0.00527256
117.16 -0.000507455
117.17 -0.00607314
117.18 -0.0113166
117.19 -0.0161387
117.2 -0.0204522
117.21 -0.0241596
117.22 -0.0271842
117.23 -0.0295299
117.24 -0.0311825
117.25 -0.0321469
117.26 -0.0324468
117.27 -0.0321233
117.28 -0.031233
117.29 -0.029825
117.3 -0.0279916
117.31 -0.0258466
117.32 -0.0234818
117.33 -0.0209889
117.34 -0.0184556
117.35 -0.0159628
117.36 -0.0135815
117.37 -0.0113841
117.38 -0.00941396
117.39 -0.00768857
117.4 -0.0062155
117.41 -0.00498549
117.42 -0.00397303
117.43 -0.00313751
117.44 -0.00242506
117.45 -0.00176938
117.46 -0.00108525
117.47 -0.000291765
117.48 0.00069197
117.49 0.00194488
117.5 0.00354075
117.51 0.00554518
117.52 0.00801288
117.53 0.011031
117.54 0.0145896
117.55 0.0186862
117.56 0.0233085
117.57 0.0284267
117.58 0.0339939
117.59 0.0399477
117.6 0.0462111
117.61 0.0527075
117.62 0.0593078
117.63 0.0659057
117.64 0.0723925
117.65 0.0786602
117.66 0.084604
117.67 0.0901258
117.68 0.0951311
117.69 0.0994862
117.7 0.103179
117.71 0.106163
117.72 0.108409
117.73 0.109901
117.74 0.110643
117.75 0.110648
117.76 0.109934
117.77 0.108506
117.78 0.106474
117.79 0.103896
117.8 0.100835
117.81 0.0973551
117.82 0.093518
117.83 0.0893833
117.84 0.0849982
117.85 0.0804063
117.86 0.075659
117.87 0.0707813
117.88 0.0657883
117.89 0.0606852
117.9 0.0554676
117.91 0.050123
117.92 0.0446242
117.93 0.038941
117.94 0.033054
117.95 0.0269351
117.96 0.0205583
117.97 0.013902
117.98 0.00695077
117.99 -0.000302434
118 -0.00787109
118.01 -0.0157344
118.02 -0.0238508
118.03 -0.0321798
118.04 -0.0406693
118.05 -0.0492566
118.06 -0.0578691
118.07 -0.0664262
118.08 -0.0748256
118.09 -0.0829712
118.1 -0.0907772
118.11 -0.0981547
118.12 -0.10502
118.13 -0.111295
118.14 -0.116914
118.15 -0.121821
118.16 -0.12591
118.17 -0.129199
118.18 -0.131694
118.19 -0.133402
118.2 -0.134344
118.21 -0.134557
118.22 -0.134089
118.23 -0.133
118.24 -0.131313
118.25 -0.129158
118.26 -0.126619
118.27 -0.123774
118.28 -0.120702
118.29 -0.117473
118.3 -0.114153
118.31 -0.110798
118.32 -0.107456
118.33 -0.104159
118.34 -0.100924
118.35 -0.0977536
118.36 -0.0946394
118.37 -0.0915605
118.38 -0.088486
118.39 -0.0853759
118.4 -0.0821737
118.41 -0.0788338
118.42 -0.0753068
118.43 -0.0715457
118.44 -0.0675086
118.45 -0.0631611
118.46 -0.0584788
118.47 -0.0534393
118.48 -0.0480283
118.49 -0.0422898
118.5 -0.0362566
118.51 -0.0299758
118.52 -0.0235084
118.53 -0.0169276
118.54 -0.0103175
118.55 -0.00377701
118.56 0.0025784
118.57 0.00865163
118.58 0.0143414
118.59 0.0195502
118.6 0.0241868
118.61 0.0281698
118.62 0.0314291
118.63 0.0338673
118.64 0.0354417
118.65 0.036173
118.66 0.0360601
118.67 0.0351195
118.68 0.0333848
118.69 0.030905
118.7 0.0277436
118.71 0.0239434
118.72 0.0196154
118.73 0.0148753
118.74 0.0098185
118.75 0.00454016
118.76 -0.000867669
118.77 -0.00631896
118.78 -0.0117363
118.79 -0.0170414
118.8 -0.0221814
118.81 -0.0271228
118.82 -0.0318439
118.83 -0.0363378
118.84 -0.0406118
118.85 -0.0446865
118.86 -0.0485939
118.87 -0.052369
118.88 -0.0560752
118.89 -0.059768
118.9 -0.0635015
118.91 -0.0673281
118.92 -0.0712945
118.93 -0.07544
118.94 -0.0797933
118.95 -0.0843932
118.96 -0.089218
118.97 -0.0942503
118.98 -0.0994577
118.99 -0.104792
119 -0.11019
119.01 -0.115575
119.02 -0.120858
119.03 -0.125913
119.04 -0.130646
119.05 -0.134949
119.06 -0.138715
119.07 -0.141842
119.08 -0.144233
119.09 -0.145803
119.1 -0.14646
119.11 -0.146087
119.12 -0.144724
119.13 -0.142357
119.14 -0.138991
119.15 -0.134655
119.16 -0.129396
119.17 -0.12328
119.18 -0.116369
119.19 -0.108752
119.2 -0.100597
119.21 -0.0920242
119.22 -0.0831632
119.23 -0.0741433
119.24 -0.0650924
119.25 -0.0561331
119.26 -0.0473934
119.27 -0.038991
119.28 -0.0309978
119.29 -0.0234812
119.3 -0.0164904
119.31 -0.0100558
119.32 -0.00418798
119.33 0.00112107
119.34 0.00586979
119.35 0.0101159
119.36 0.0139434
119.37 0.0174246
119.38 0.0206407
119.39 0.0236785
119.4 0.0266275
119.41 0.0295768
119.42 0.0326235
119.43 0.0358518
119.44 0.0393261
119.45 0.0431028
119.46 0.0472247
119.47 0.0517203
119.48 0.056603
119.49 0.0618713
119.5 0.0675359
119.51 0.0735387
119.52 0.0798263
119.53 0.0863424
119.54 0.0930224
119.55 0.0997956
119.56 0.106588
119.57 0.113324
119.58 0.119911
119.59 0.126285
119.6 0.132384
119.61 0.138155
119.62 0.143551
119.63 0.14854
119.64 0.153099
119.65 0.157213
119.66 0.160844
119.67 0.164046
119.68 0.166843
119.69 0.169264
119.7 0.171347
119.71 0.173132
119.72 0.174664
119.73 0.175985
119.74 0.177131
119.75 0.178158
119.76 0.179101
119.77 0.179987
119.78 0.180837
119.79 0.181663
119.8 0.182468
119.81 0.183246
119.82 0.183977
119.83 0.18464
119.84 0.185205
119.85 0.185636
119.86 0.185892
119.87 0.185931
119.88 0.185708
119.89 0.185166
119.9 0.184253
119.91 0.18295
119.92 0.181227
119.93 0.179059
119.94 0.176431
119.95 0.173332
119.96 0.169762
119.97 0.165707
119.98 0.161186
119.99 0.156248
120 0.150927
120.01 0.14526
120.02 0.139293
120.03 0.133071
120.04 0.126646
120.05 0.120063
120.06 0.113383
120.07 0.106664
120.08 0.0999526
120.09 0.0932951
120.1 0.086733
120.11 0.0803041
120.12 0.0740419
120.13 0.0679918
120.14 0.0621706
120.15 0.0565923
120.16 0.0512721
120.17 0.0462219
120.18 0.0414503
120.19 0.0369638
120.2 0.0327662
120.21 0.0288854
120.22 0.0253008
120.23 0.0220078
120.24 0.0190043
120.25 0.0162873
120.26 0.0138523
120.27 0.0116928
120.28 0.0098003
120.29 0.00818738
120.3 0.00681267
120.31 0.00565611
120.32 0.0046936
120.33 0.00389598
120.34 0.00322873
120.35 0.00265166
120.36 0.0021188
120.37 0.00157205
120.38 0.00095028
120.39 0.00019125
120.4 -0.000770834
120.41 -0.00200422
120.42 -0.00357836
120.43 -0.00556244
120.44 -0.00803576
120.45 -0.0111001
120.46 -0.0147738
120.47 -0.0191066
120.48 -0.0241391
120.49 -0.0299018
120.5 -0.0364133
120.51 -0.0436797
120.52 -0.0517181
120.53 -0.0605271
120.54 -0.0700178
120.55 -0.080138
120.56 -0.0908227
120.57 -0.101995
120.58 -0.113568
120.59 -0.125444
120.6 -0.137526
120.61 -0.149692
120.62 -0.161819
120.63 -0.173798
120.64 -0.18552
120.65 -0.196881
120.66 -0.207784
120.67 -0.218138
120.68 -0.227824
120.69 -0.236774
120.7 -0.244961
120.71 -0.252341
120.72 -0.258884
120.73 -0.26457
120.74 -0.269391
120.75 -0.273346
120.76 -0.276386
120.77 -0.278563
120.78 -0.279924
120.79 -0.280494
120.8 -0.280298
120.81 -0.27936
120.82 -0.277703
120.83 -0.275345
120.84 -0.272245
120.85 -0.268452
120.86 -0.263981
120.87 -0.258826
120.88 -0.252976
120.89 -0.246415
120.9 -0.239121
120.91 -0.231073
120.92 -0.222171
120.93 -0.212457
120.94 -0.201918
120.95 -0.19054
120.96 -0.178314
120.97 -0.165244
120.98 -0.151342
120.99 -0.136627
121 -0.121072
121.01 -0.104809
121.02 -0.087904
121.03 -0.0704404
121.04 -0.0525124
121.05 -0.0342265
121.06 -0.0156996
121.07 0.00294244
121.08 0.0215516
121.09 0.0399837
121.1 0.0581016
121.11 0.0757707
121.12 0.0928606
121.13 0.109248
121.14 0.124821
121.15 0.139449
121.16 0.15299
121.17 0.165444
121.18 0.17676
121.19 0.186902
121.2 0.195854
121.21 0.203614
121.22 0.210197
121.23 0.21559
121.24 0.219819
121.25 0.223011
121.26 0.22523
121.27 0.226549
121.28 0.227042
121.29 0.226786
121.3 0.225857
121.31 0.224299
121.32 0.222191
121.33 0.21962
121.34 0.216638
121.35 0.213286
121.36 0.209599
121.37 0.205598
121.38 0.201299
121.39 0.19669
121.4 0.191775
121.41 0.186558
121.42 0.181027
121.43 0.175166
121.44 0.168962
121.45 0.162401
121.46 0.155471
121.47 0.148139
121.48 0.140423
121.49 0.13234
121.5 0.123907
121.51 0.115146
121.52 0.106088
121.53 0.0967737
121.54 0.0872472
121.55 0.0775515
121.56 0.0677608
121.57 0.0579372
121.58 0.0481418
121.59 0.0384352
121.6 0.0288759
121.61 0.0195184
121.62 0.0104121
121.63 0.0016323
121.64 -0.00681337
121.65 -0.0149011
121.66 -0.0226155
121.67 -0.0299503
121.68 -0.0369079
121.69 -0.0434985
121.7 -0.0497363
121.71 -0.0556214
121.72 -0.0612134
121.73 -0.0665433
121.74 -0.071642
121.75 -0.0765394
121.76 -0.0812624
121.77 -0.0858332
121.78 -0.090265
121.79 -0.0945596
121.8 -0.0987261
121.81 -0.102754
121.82 -0.106625
121.83 -0.11031
121.84 -0.113774
121.85 -0.116974
121.86 -0.119849
121.87 -0.122328
121.88 -0.124378
121.89 -0.125945
121.9 -0.126976
121.91 -0.127426
121.92 -0.127254
121.93 -0.126429
121.94 -0.124897
121.95 -0.122643
121.96 -0.119712
121.97 -0.116122
121.98 -0.111907
121.99 -0.107114
122 -0.1018
122.01 -0.0960354
122.02 -0.0898829
122.03 -0.0834471
122.04 -0.0768365
122.05 -0.0701466
122.06 -0.0634725
122.07 -0.0569067
122.08 -0.0505364
122.09 -0.0444413
122.1 -0.0387199
122.11 -0.033422
122.12 -0.0285789
122.13 -0.0242187
122.14 -0.0203548
122.15 -0.0169863
122.16 -0.0140983
122.17 -0.0116626
122.18 -0.0096693
122.19 -0.00803628
122.2 -0.00669678
122.21 -0.00558705
122.22 -0.00464111
122.23 -0.00379326
122.24 -0.00298071
122.25 -0.00214595
122.26 -0.00122839
122.27 -0.000192166
122.28 0.000988447
122.29 0.00232715
122.3 0.00382445
122.31 0.00546756
122.32 0.00723066
122.33 0.00907593
122.34 0.0109514
122.35 0.0127896
122.36 0.0145237
122.37 0.0160825
122.38 0.0173931
122.39 0.0183833
122.4 0.0189843
122.41 0.0191244
122.42 0.0187097
122.43 0.0177376
122.44 0.0161789
122.45 0.0140181
122.46 0.0112541
122.47 0.00790063
122.48 0.00398575
122.49 -0.00046157
122.5 -0.00539879
122.51 -0.01072
122.52 -0.0163477
122.53 -0.0221978
122.54 -0.0281821
122.55 -0.0342107
122.56 -0.0401949
122.57 -0.0460406
122.58 -0.0516549
122.59 -0.0569772
122.6 -0.0619487
122.61 -0.0665222
122.62 -0.0706629
122.63 -0.0743493
122.64 -0.0775724
122.65 -0.080313
122.66 -0.0825919
122.67 -0.0844594
122.68 -0.0859519
122.69 -0.0871116
122.7 -0.0879847
122.71 -0.0886188
122.72 -0.0890609
122.73 -0.0893477
122.74 -0.0895251
122.75 -0.0896274
122.76 -0.0896741
122.77 -0.0896743
122.78 -0.0896258
122.79 -0.0895149
122.8 -0.0893165
122.81 -0.0889818
122.82 -0.0884653
122.83 -0.0877148
122.84 -0.0866692
122.85 -0.0852638
122.86 -0.0834329
122.87 -0.0811121
122.88 -0.078241
122.89 -0.0747083
122.9 -0.0705122
122.91 -0.0656295
122.92 -0.0600427
122.93 -0.0537485
122.94 -0.0467593
122.95 -0.039103
122.96 -0.0308234
122.97 -0.0219301
122.98 -0.0125603
122.99 -0.00280229
123 0.00724609
123.01 0.0174798
123.02 0.027789
123.03 0.0380622
123.04 0.0481856
123.05 0.0580218
123.06 0.0674881
123.07 0.0764969
123.08 0.0849731
123.09 0.0928559
123.1 0.1001
123.11 0.106678
123.12 0.112563
123.13 0.117726
123.14 0.122249
123.15 0.126174
123.16 0.129557
123.17 0.132466
123.18 0.134979
123.19 0.137181
123.2 0.139156
123.21 0.141001
123.22 0.142819
123.23 0.144692
123.24 0.146696
123.25 0.148896
123.26 0.151349
123.27 0.154095
123.28 0.157178
123.29 0.160613
123.3 0.164376
123.31 0.168449
123.32 0.172797
123.33 0.177375
123.34 0.182126
123.35 0.186986
123.36 0.19188
123.37 0.196719
123.38 0.201424
123.39 0.205915
123.4 0.210116
123.41 0.213956
123.42 0.217368
123.43 0.220296
123.44 0.222648
123.45 0.224404
123.46 0.225554
123.47 0.226081
123.48 0.225977
123.49 0.225246
123.5 0.223896
123.51 0.221946
123.52 0.219372
123.53 0.216243
123.54 0.212599
123.55 0.208473
123.56 0.203894
123.57 0.198893
123.58 0.193497
123.59 0.187727
123.6 0.181572
123.61 0.175078
123.62 0.168255
123.63 0.161108
123.64 0.153638
123.65 0.145842
123.66 0.137718
123.67 0.129256
123.68 0.120422
123.69 0.111243
123.7 0.101718
123.71 0.0918525
123.72 0.0816531
123.73 0.071134
123.74 0.0603156
123.75 0.0492207
123.76 0.037872
123.77 0.0263344
123.78 0.0146565
123.79 0.00289282
123.8 -0.0088974
123.81 -0.0206512
123.82 -0.032303
123.83 -0.043779
123.84 -0.0549946
123.85 -0.0658982
123.86 -0.0764287
123.87 -0.0865296
123.88 -0.0961498
123.89 -0.105245
123.9 -0.113779
123.91 -0.121697
123.92 -0.128966
123.93 -0.135611
123.94 -0.141631
123.95 -0.147031
123.96 -0.151823
123.97 -0.156028
123.98 -0.159669
123.99 -0.162748
124 -0.165305
124.01 -0.167398
124.02 -0.169064
124.03 -0.170337
124.04 -0.171249
124.05 -0.171834
124.06 -0.17212
124.07 -0.172117
124.08 -0.171858
124.09 -0.171375
124.1 -0.170682
124.11 -0.169795
124.12 -0.168726
124.13 -0.167485
124.14 -0.166083
124.15 -0.164519
124.16 -0.162812
124.17 -0.160978
124.18 -0.159031
124.19 -0.156986
124.2 -0.154861
124.21 -0.152677
124.22 -0.150457
124.23 -0.148225
124.24 -0.146013
124.25 -0.143847
124.26 -0.141755
124.27 -0.139764
124.28 -0.137897
124.29 -0.136178
124.3 -0.134624
124.31 -0.133269
124.32 -0.132103
124.33 -0.131128
124.34 -0.130338
124.35 -0.129722
124.36 -0.129263
124.37 -0.128936
124.38 -0.128711
124.39 -0.128554
124.4 -0.128415
124.41 -0.128252
124.42 -0.12802
124.43 -0.127672
124.44 -0.127166
124.45 -0.126459
124.46 -0.125507
124.47 -0.12426
124.48 -0.12271
124.49 -0.12084
124.5 -0.118641
124.51 -0.116109
124.52 -0.113251
124.53 -0.110079
124.54 -0.106607
124.55 -0.102856
124.56 -0.0988811
124.57 -0.0947183
124.58 -0.0904081
124.59 -0.0859908
124.6 -0.0815063
124.61 -0.0769917
124.62 -0.0724818
124.63 -0.0680076
124.64 -0.0635881
124.65 -0.0592353
124.66 -0.0549528
124.67 -0.0507361
124.68 -0.0465719
124.69 -0.0424397
124.7 -0.0383096
124.71 -0.0341428
124.72 -0.0299005
124.73 -0.0255413
124.74 -0.0210237
124.75 -0.0163076
124.76 -0.0113569
124.77 -0.00614084
124.78 -0.000615
124.79 0.00522238
124.8 0.0113625
124.81 0.0177932
124.82 0.0244894
124.83 0.031413
124.84 0.0385131
124.85 0.0457264
124.86 0.0529749
124.87 0.0601621
124.88 0.0671946
124.89 0.0739744
124.9 0.0804019
124.91 0.0863776
124.92 0.0918059
124.93 0.0965974
124.94 0.100597
124.95 0.103797
124.96 0.106151
124.97 0.107626
124.98 0.108205
124.99 0.107892
125 0.106709
125.01 0.104693
125.02 0.101844
125.03 0.0983207
125.04 0.0942193
125.05 0.0896477
125.06 0.0847235
125.07 0.0795706
125.08 0.0743159
125.09 0.0690886
125.1 0.0640338
125.11 0.0592606
125.12 0.05487
125.13 0.0509492
125.14 0.0475685
125.15 0.0447797
125.16 0.042615
125.17 0.041104
125.18 0.0402601
125.19 0.0400028
125.2 0.0402789
125.21 0.0410181
125.22 0.0421355
125.23 0.0435348
125.24 0.0451108
125.25 0.0467516
125.26 0.0483302
125.27 0.0497358
125.28 0.0508669
125.29 0.0516322
125.3 0.0519537
125.31 0.0517689
125.32 0.0510331
125.33 0.0496899
125.34 0.0477399
125.35 0.0452315
125.36 0.0422057
125.37 0.0387222
125.38 0.034858
125.39 0.030705
125.4 0.0263676
125.41 0.0219623
125.42 0.017625
125.43 0.0134788
125.44 0.00964222
125.45 0.00622744
125.46 0.00333735
125.47 0.00106226
125.48 -0.000522835
125.49 -0.00129962
125.5 -0.00126916
125.51 -0.000437006
125.52 0.00118823
125.53 0.00357711
125.54 0.00668021
125.55 0.0104295
125.56 0.0147403
125.57 0.0195448
125.58 0.0246846
125.59 0.0300337
125.6 0.035467
125.61 0.0408586
125.62 0.0460846
125.63 0.0510266
125.64 0.0555745
125.65 0.0595705
125.66 0.0629742
125.67 0.0657185
125.68 0.0677532
125.69 0.0690451
125.7 0.0695783
125.71 0.0693541
125.72 0.0683813
125.73 0.0666424
125.74 0.0642516
125.75 0.0612679
125.76 0.0577586
125.77 0.0537972
125.78 0.0494603
125.79 0.0448259
125.8 0.0399672
125.81 0.0349575
125.82 0.0298792
125.83 0.0247911
125.84 0.0197438
125.85 0.0147783
125.86 0.00992618
125.87 0.00520902
125.88 0.000644553
125.89 -0.00375981
125.9 -0.00801981
125.91 -0.0121477
125.92 -0.0161603
125.93 -0.0200779
125.94 -0.0239222
125.95 -0.0277151
125.96 -0.0314761
125.97 -0.0352244
125.98 -0.0389736
125.99 -0.0427305
126 -0.0464956
126.01 -0.0502633
126.02 -0.0540216
126.03 -0.0577519
126.04 -0.0614248
126.05 -0.0650071
126.06 -0.0684664
126.07 -0.0717644
126.08 -0.0748615
126.09 -0.0777171
126.1 -0.0802913
126.11 -0.082546
126.12 -0.0844183
126.13 -0.0858888
126.14 -0.0869429
126.15 -0.0875606
126.16 -0.0877278
126.17 -0.0874366
126.18 -0.0866848
126.19 -0.0854759
126.2 -0.0837824
126.21 -0.0816495
126.22 -0.0791032
126.23 -0.0761647
126.24 -0.0728574
126.25 -0.0692058
126.26 -0.0652351
126.27 -0.06097
126.28 -0.0564112
126.29 -0.0516073
126.3 -0.0465811
126.31 -0.0413516
126.32 -0.0359368
126.33 -0.0303532
126.34 -0.0246164
126.35 -0.0187411
126.36 -0.0127337
126.37 -0.00662392
126.38 -0.000430595
126.39 0.00582511
126.4 0.012119
126.41 0.0184234
126.42 0.0247069
126.43 0.0309325
126.44 0.0370502
126.45 0.0430219
126.46 0.0488015
126.47 0.0543413
126.48 0.0595923
126.49 0.0645058
126.5 0.0690348
126.51 0.0731207
126.52 0.0767002
126.53 0.0797715
126.54 0.0823096
126.55 0.0842977
126.56 0.0857287
126.57 0.0866059
126.58 0.0869432
126.59 0.0867454
126.6 0.0860462
126.61 0.0849242
126.62 0.083437
126.63 0.0816502
126.64 0.0796356
126.65 0.0774695
126.66 0.075231
126.67 0.0730043
126.68 0.0708767
126.69 0.0689198
126.7 0.0671988
126.71 0.0657703
126.72 0.0646805
126.73 0.0639636
126.74 0.0636404
126.75 0.0637441
126.76 0.0642522
126.77 0.0651258
126.78 0.0663268
126.79 0.067805
126.8 0.0694991
126.81 0.071339
126.82 0.0732477
126.83 0.075136
126.84 0.0769121
126.85 0.0784941
126.86 0.0798037
126.87 0.0807687
126.88 0.0813255
126.89 0.0814211
126.9 0.0810146
126.91 0.0800297
126.92 0.078496
126.93 0.0764245
126.94 0.0738343
126.95 0.070758
126.96 0.0672407
126.97 0.063338
126.98 0.0591138
126.99 0.0546214
127 0.0499671
127.01 0.0452263
127.02 0.0404727
127.03 0.0357751
127.04 0.0311952
127.05 0.0267855
127.06 0.0225907
127.07 0.0186599
127.08 0.0149859
127.09 0.0115673
127.1 0.00838856
127.11 0.00542144
127.12 0.00262576
127.13 -4.87777e-05
127.14 -0.00266081
127.15 -0.00528263
127.16 -0.00798598
127.17 -0.0108381
127.18 -0.0139027
127.19 -0.0172377
127.2 -0.0208922
127.21 -0.0249039
127.22 -0.0293122
127.23 -0.0341372
127.24 -0.0393442
127.25 -0.0449066
127.26 -0.0507813
127.27 -0.0569097
127.28 -0.0632184
127.29 -0.0696216
127.3 -0.0760171
127.31 -0.082285
127.32 -0.088316
127.33 -0.093999
127.34 -0.0992255
127.35 -0.103893
127.36 -0.107906
127.37 -0.111185
127.38 -0.113608
127.39 -0.115138
127.4 -0.115778
127.41 -0.115522
127.42 -0.11438
127.43 -0.112385
127.44 -0.109586
127.45 -0.106052
127.46 -0.101827
127.47 -0.0970462
127.48 -0.0918375
127.49 -0.0863144
127.5 -0.0805929
127.51 -0.0747879
127.52 -0.0690092
127.53 -0.0633588
127.54 -0.0579522
127.55 -0.0528564
127.56 -0.0481234
127.57 -0.0437912
127.58 -0.0398782
127.59 -0.0363838
127.6 -0.0332882
127.61 -0.0305534
127.62 -0.028148
127.63 -0.0259677
127.64 -0.0239287
127.65 -0.0219414
127.66 -0.019912
127.67 -0.0177467
127.68 -0.0153545
127.69 -0.012649
127.7 -0.00951624
127.71 -0.00593027
127.72 -0.00185103
127.73 0.00274296
127.74 0.00785324
127.75 0.0134607
127.76 0.0195253
127.77 0.0259928
127.78 0.0327933
127.79 0.039795
127.8 0.0468839
127.81 0.0539354
127.82 0.0608175
127.83 0.0673944
127.84 0.0735306
127.85 0.0790726
127.86 0.0838551
127.87 0.0878105
127.88 0.0908449
127.89 0.0928822
127.9 0.0938663
127.91 0.0937628
127.92 0.0925594
127.93 0.0902216
127.94 0.0867719
127.95 0.0823324
127.96 0.0769798
127.97 0.0708071
127.98 0.0639203
127.99 0.0564353
128 0.0484742
128.01 0.04015
128.02 0.0316052
128.03 0.0229729
128.04 0.0143617
128.05 0.00586828
128.06 -0.00242507
128.07 -0.0104524
128.08 -0.0181655
128.09 -0.0255114
128.1 -0.0324918
128.11 -0.0391309
128.12 -0.0454578
128.13 -0.0515162
128.14 -0.057363
128.15 -0.0630649
128.16 -0.0686954
128.17 -0.0743387
128.18 -0.0800796
128.19 -0.0859905
128.2 -0.0921369
128.21 -0.0985735
128.22 -0.105342
128.23 -0.112468
128.24 -0.119961
128.25 -0.127841
128.26 -0.136043
128.27 -0.144511
128.28 -0.153174
128.29 -0.161942
128.3 -0.170711
128.31 -0.179364
128.32 -0.187773
128.33 -0.19575
128.34 -0.203182
128.35 -0.209931
128.36 -0.215861
128.37 -0.220844
128.38 -0.22476
128.39 -0.227506
128.4 -0.228975
128.41 -0.22899
128.42 -0.227616
128.43 -0.224828
128.44 -0.220621
128.45 -0.215012
128.46 -0.208039
128.47 -0.199759
128.48 -0.190219
128.49 -0.179464
128.5 -0.167695
128.51 -0.155031
128.52 -0.141599
128.53 -0.12753
128.54 -0.112959
128.55 -0.0980185
128.56 -0.0828359
128.57 -0.067548
128.58 -0.0522846
128.59 -0.0371515
128.6 -0.0222439
128.61 -0.00764518
128.62 0.00657378
128.63 0.0203545
128.64 0.0336253
128.65 0.0463468
128.66 0.0585238
128.67 0.0701449
128.68 0.0812069
128.69 0.0917134
128.7 0.101673
128.71 0.111098
128.72 0.119973
128.73 0.128326
128.74 0.13619
128.75 0.14358
128.76 0.150503
128.77 0.156964
128.78 0.162966
128.79 0.168504
128.8 0.173534
128.81 0.178063
128.82 0.182086
128.83 0.185583
128.84 0.188528
128.85 0.190897
128.86 0.192662
128.87 0.193797
128.88 0.194218
128.89 0.193942
128.9 0.192961
128.91 0.191257
128.92 0.188817
128.93 0.185635
128.94 0.181709
128.95 0.177043
128.96 0.17158
128.97 0.165406
128.98 0.158552
128.99 0.151048
129 0.142936
129.01 0.134259
129.02 0.12507
129.03 0.115423
129.04 0.105352
129.05 0.0949689
129.06 0.0843446
129.07 0.0735552
129.08 0.0626794
129.09 0.0517982
129.1 0.040994
129.11 0.030355
129.12 0.0199894
129.13 0.00996543
129.14 0.000363753
129.15 -0.00873757
129.16 -0.017264
129.17 -0.0251453
129.18 -0.0323166
129.19 -0.0386938
129.2 -0.0441879
129.21 -0.0488118
129.22 -0.052533
129.23 -0.0553283
129.24 -0.0571848
129.25 -0.0580999
129.26 -0.058082
129.27 -0.0571124
129.28 -0.0552135
129.29 -0.0524815
129.3 -0.0489699
129.31 -0.0447413
129.32 -0.0398671
129.33 -0.0344256
129.34 -0.0285016
129.35 -0.0221681
129.36 -0.0155339
129.37 -0.00871103
129.38 -0.00179333
129.39 0.00512733
129.4 0.0119628
129.41 0.0186304
129.42 0.0250538
129.43 0.03114
129.44 0.0368345
129.45 0.042102
129.46 0.0469066
129.47 0.0512238
129.48 0.0550399
129.49 0.0583523
129.5 0.0611689
129.51 0.0634715
129.52 0.0653175
129.53 0.0667534
129.54 0.0678207
129.55 0.0685657
129.56 0.0690377
129.57 0.0692876
129.58 0.0693663
129.59 0.0693167
129.6 0.0691993
129.61 0.0690572
129.62 0.0689273
129.63 0.0688407
129.64 0.0688222
129.65 0.0688902
129.66 0.0690567
129.67 0.069337
129.68 0.0697195
129.69 0.070197
129.7 0.0707583
129.71 0.0713887
129.72 0.0720713
129.73 0.0727877
129.74 0.0735192
129.75 0.0742462
129.76 0.0749519
129.77 0.0756233
129.78 0.0762507
129.79 0.076828
129.8 0.0773529
129.81 0.077827
129.82 0.0782548
129.83 0.078644
129.84 0.07901
129.85 0.0793659
129.86 0.0797259
129.87 0.080104
129.88 0.0805126
129.89 0.0809619
129.9 0.0814607
129.91 0.0820123
129.92 0.0826094
129.93 0.0832418
129.94 0.0838927
129.95 0.0845386
129.96 0.0851493
129.97 0.0856878
129.98 0.0861031
129.99 0.0863391
130 0.0863482
130.01 0.0860734
130.02 0.0854557
130.03 0.0844358
130.04 0.082955
130.05 0.0809573
130.06 0.0783525
130.07 0.0751007
130.08 0.0711862
130.09 0.0665781
130.1 0.0612545
130.11 0.0552031
130.12 0.0484213
130.13 0.040917
130.14 0.0326589
130.15 0.0237114
130.16 0.014134
130.17 0.003975
130.18 -0.0067095
130.19 -0.017857
130.2 -0.0293995
130.21 -0.0412649
130.22 -0.0533926
130.23 -0.0656814
130.24 -0.0780506
130.25 -0.0904246
130.26 -0.10273
130.27 -0.114896
130.28 -0.126857
130.29 -0.138549
130.3 -0.149879
130.31 -0.160819
130.32 -0.171325
130.33 -0.181356
130.34 -0.190873
130.35 -0.199843
130.36 -0.208237
130.37 -0.216024
130.38 -0.223125
130.39 -0.229576
130.4 -0.235358
130.41 -0.240453
130.42 -0.244847
130.43 -0.248524
130.44 -0.25147
130.45 -0.253657
130.46 -0.255027
130.47 -0.255631
130.48 -0.255461
130.49 -0.254513
130.5 -0.252785
130.51 -0.25028
130.52 -0.247004
130.53 -0.242944
130.54 -0.238088
130.55 -0.232513
130.56 -0.226245
130.57 -0.219316
130.58 -0.211764
130.59 -0.203632
130.6 -0.194965
130.61 -0.185796
130.62 -0.176179
130.63 -0.166199
130.64 -0.155911
130.65 -0.145375
130.66 -0.134645
130.67 -0.123778
130.68 -0.112826
130.69 -0.101838
130.7 -0.0908657
130.71 -0.0799491
130.72 -0.0691229
130.73 -0.0584166
130.74 -0.0478543
130.75 -0.0374557
130.76 -0.0272356
130.77 -0.0172186
130.78 -0.00740647
130.79 0.00220225
130.8 0.0116041
130.81 0.020796
130.82 0.0297746
130.83 0.0385352
130.84 0.0470711
130.85 0.0553534
130.86 0.0633813
130.87 0.0711428
130.88 0.0786175
130.89 0.0857812
130.9 0.0926065
130.91 0.0990634
130.92 0.10512
130.93 0.110699
130.94 0.115801
130.95 0.120396
130.96 0.124456
130.97 0.127953
130.98 0.130865
130.99 0.133176
131 0.134875
131.01 0.135899
131.02 0.136317
131.03 0.136144
131.04 0.135402
131.05 0.134124
131.06 0.132348
131.07 0.13012
131.08 0.127485
131.09 0.124481
131.1 0.121201
131.11 0.117707
131.12 0.11406
131.13 0.110318
131.14 0.106539
131.15 0.102774
131.16 0.0990721
131.17 0.0954802
131.18 0.0920231
131.19 0.0887218
131.2 0.0855886
131.21 0.0826271
131.22 0.0798327
131.23 0.0771932
131.24 0.0746935
131.25 0.0723078
131.26 0.0699975
131.27 0.0677301
131.28 0.0654717
131.29 0.0631893
131.3 0.0608519
131.31 0.058432
131.32 0.055901
131.33 0.0532409
131.34 0.0504496
131.35 0.047527
131.36 0.044481
131.37 0.0413274
131.38 0.0380894
131.39 0.0347969
131.4 0.0314875
131.41 0.0282076
131.42 0.0250021
131.43 0.0219165
131.44 0.0189957
131.45 0.0162826
131.46 0.0138159
131.47 0.0116289
131.48 0.00977185
131.49 0.00824929
131.5 0.00705912
131.51 0.0061977
131.52 0.00565111
131.53 0.00539515
131.54 0.00539583
131.55 0.00561005
131.56 0.00599558
131.57 0.00647667
131.58 0.00698713
131.59 0.00746048
131.6 0.00782944
131.61 0.00802795
131.62 0.00799315
131.63 0.00766725
131.64 0.00696178
131.65 0.00586441
131.66 0.00434633
131.67 0.00238839
131.68 -1.70193e-05
131.69 -0.00286578
131.7 -0.00614219
131.71 -0.00982247
131.72 -0.0138955
131.73 -0.0182764
131.74 -0.0229101
131.75 -0.0277359
131.76 -0.0326898
131.77 -0.0377058
131.78 -0.0427188
131.79 -0.0476628
131.8 -0.0524651
131.81 -0.0570803
131.82 -0.061464
131.83 -0.0655804
131.84 -0.0694027
131.85 -0.0729137
131.86 -0.0761054
131.87 -0.0789693
131.88 -0.0815057
131.89 -0.0837551
131.9 -0.0857418
131.91 -0.0874942
131.92 -0.0890432
131.93 -0.0904204
131.94 -0.0916564
131.95 -0.0927749
131.96 -0.0938005
131.97 -0.0947551
131.98 -0.0956475
131.99 -0.0964781
132 -0.0972389
132.01 -0.0979132
132.02 -0.0984761
132.03 -0.0988842
132.04 -0.0990934
132.05 -0.099064
132.06 -0.0987462
132.07 -0.0980881
132.08 -0.0970382
132.09 -0.095547
132.1 -0.0935695
132.11 -0.0910284
132.12 -0.0879086
132.13 -0.0842089
132.14 -0.0799214
132.15 -0.0750506
132.16 -0.0696133
132.17 -0.0636397
132.18 -0.0571721
132.19 -0.0502356
132.2 -0.04293
132.21 -0.0353419
132.22 -0.0275562
132.23 -0.0196631
132.24 -0.0117564
132.25 -0.00393034
132.26 0.00372182
132.27 0.0110788
132.28 0.0180725
132.29 0.0246325
132.3 0.0306961
132.31 0.0362122
132.32 0.0411424
132.33 0.0454619
132.34 0.049158
132.35 0.0521751
132.36 0.0545933
132.37 0.056443
132.38 0.057765
132.39 0.0586088
132.4 0.0590309
132.41 0.0590925
132.42 0.0588543
132.43 0.058371
132.44 0.0577295
132.45 0.0569874
132.46 0.0561967
132.47 0.0554016
132.48 0.0546378
132.49 0.0539313
132.5 0.0533
132.51 0.0527526
132.52 0.0522768
132.53 0.0518563
132.54 0.0514669
132.55 0.0510774
132.56 0.0506514
132.57 0.0501489
132.58 0.0495217
132.59 0.0487196
132.6 0.0477116
132.61 0.0464638
132.62 0.0449482
132.63 0.0431444
132.64 0.0410408
132.65 0.0386354
132.66 0.0359225
132.67 0.0329247
132.68 0.0296883
132.69 0.0262545
132.7 0.0226733
132.71 0.0190022
132.72 0.0153051
132.73 0.0116508
132.74 0.00812242
132.75 0.00479915
132.76 0.0017476
132.77 -0.000963829
132.78 -0.00327147
132.79 -0.00511798
132.8 -0.00645365
132.81 -0.00723759
132.82 -0.00739368
132.83 -0.00692783
132.84 -0.00584808
132.85 -0.00415717
132.86 -0.00186796
132.87 0.000997162
132.88 0.00440713
132.89 0.00832322
132.9 0.0127355
132.91 0.0175553
132.92 0.022721
132.93 0.0281758
132.94 0.0338624
132.95 0.0397239
132.96 0.0457055
132.97 0.051755
132.98 0.0578218
132.99 0.0638569
133 0.0698226
133.01 0.0756862
133.02 0.0814201
133.03 0.087002
133.04 0.0924142
133.05 0.0976416
133.06 0.102658
133.07 0.107475
133.08 0.112088
133.09 0.116496
133.1 0.120697
133.11 0.12469
133.12 0.128474
133.13 0.132042
133.14 0.135377
133.15 0.138489
133.16 0.141372
133.17 0.144016
133.18 0.146409
133.19 0.148538
133.2 0.150388
133.21 0.151935
133.22 0.153148
133.23 0.15403
133.24 0.154565
133.25 0.154736
133.26 0.154529
133.27 0.153927
133.28 0.152919
133.29 0.151473
133.3 0.149576
133.31 0.147242
133.32 0.144469
133.33 0.141253
133.34 0.137594
133.35 0.133494
133.36 0.128957
133.37 0.123966
133.38 0.118537
133.39 0.1127
133.4 0.106468
133.41 0.0998582
133.42 0.0928895
133.43 0.0855829
133.44 0.0779625
133.45 0.0700377
133.46 0.0618525
133.47 0.0534495
133.48 0.0448653
133.49 0.0361391
133.5 0.0273131
133.51 0.0184316
133.52 0.00954133
133.53 0.000697615
133.54 -0.00804745
133.55 -0.0166453
133.56 -0.0250473
133.57 -0.0332062
133.58 -0.0410776
133.59 -0.0486206
133.6 -0.0557992
133.61 -0.062544
133.62 -0.0688633
133.63 -0.0747461
133.64 -0.0801865
133.65 -0.0851873
133.66 -0.0897604
133.67 -0.0939272
133.68 -0.0977169
133.69 -0.101141
133.7 -0.104286
133.71 -0.107205
133.72 -0.109961
133.73 -0.112619
133.74 -0.115245
133.75 -0.117908
133.76 -0.120676
133.77 -0.123632
133.78 -0.126822
133.79 -0.130296
133.8 -0.134092
133.81 -0.138241
133.82 -0.14276
133.83 -0.147654
133.84 -0.152923
133.85 -0.158559
133.86 -0.164494
133.87 -0.170678
133.88 -0.177048
133.89 -0.18353
133.9 -0.190044
133.91 -0.1965
133.92 -0.202797
133.93 -0.208821
133.94 -0.214488
133.95 -0.219706
133.96 -0.224391
133.97 -0.228464
133.98 -0.231857
133.99 -0.234513
134 -0.236345
134.01 -0.237321
134.02 -0.237468
134.03 -0.236787
134.04 -0.235291
134.05 -0.233008
134.06 -0.229979
134.07 -0.226252
134.08 -0.22185
134.09 -0.21686
134.1 -0.211378
134.11 -0.205472
134.12 -0.199213
134.13 -0.192668
134.14 -0.185897
134.15 -0.178957
134.16 -0.171886
134.17 -0.164731
134.18 -0.15752
134.19 -0.150268
134.2 -0.142981
134.21 -0.135653
134.22 -0.128274
134.23 -0.120824
134.24 -0.113268
134.25 -0.105584
134.26 -0.0977448
134.27 -0.0897246
134.28 -0.0815008
134.29 -0.0730567
134.3 -0.064383
134.31 -0.0554795
134.32 -0.0463367
134.33 -0.0370004
134.34 -0.0275067
134.35 -0.017902
134.36 -0.00824365
134.37 0.0014016
134.38 0.0109589
134.39 0.0203445
134.4 0.0294429
134.41 0.0381836
134.42 0.046481
134.43 0.0542534
134.44 0.0614258
134.45 0.0679319
134.46 0.0737168
134.47 0.0787214
134.48 0.0828705
134.49 0.0862175
134.5 0.0887708
134.51 0.0905547
134.52 0.0916093
134.53 0.0919892
134.54 0.0917623
134.55 0.0909931
134.56 0.0897658
134.57 0.0882108
134.58 0.0864262
134.59 0.0845101
134.6 0.0825575
134.61 0.0806581
134.62 0.0788933
134.63 0.0773463
134.64 0.076085
134.65 0.075139
134.66 0.0745354
134.67 0.0742865
134.68 0.0743898
134.69 0.074829
134.7 0.0755751
134.71 0.0766008
134.72 0.0778464
134.73 0.0792442
134.74 0.0807348
134.75 0.0822584
134.76 0.0837575
134.77 0.0851792
134.78 0.086478
134.79 0.0876048
134.8 0.0885387
134.81 0.0892749
134.82 0.0898161
134.83 0.0901778
134.84 0.0903882
134.85 0.0904867
134.86 0.0905226
134.87 0.0905578
134.88 0.0906625
134.89 0.0909025
134.9 0.091343
134.91 0.0920454
134.92 0.0930648
134.93 0.0944468
134.94 0.0962256
134.95 0.098461
134.96 0.10112
134.97 0.104184
134.98 0.107619
134.99 0.111376
135 0.115389
135.01 0.119577
135.02 0.123847
135.03 0.128081
135.04 0.132161
135.05 0.135971
135.06 0.139396
135.07 0.142324
135.08 0.144651
135.09 0.146283
135.1 0.147126
135.11 0.147054
135.12 0.146092
135.13 0.144222
135.14 0.141444
135.15 0.137781
135.16 0.133275
135.17 0.127991
135.18 0.121992
135.19 0.115358
135.2 0.10825
135.21 0.100787
135.22 0.0930903
135.23 0.0852825
135.24 0.0774825
135.25 0.0698016
135.26 0.0623528
135.27 0.0552387
135.28 0.0485105
135.29 0.0422147
135.3 0.0363777
135.31 0.031005
135.32 0.0260816
135.33 0.0215731
135.34 0.0174417
135.35 0.0136076
135.36 0.0099693
135.37 0.00643469
135.38 0.00290671
135.39 -0.000712554
135.4 -0.004518
135.41 -0.00859759
135.42 -0.0130551
135.43 -0.0179505
135.44 -0.023312
135.45 -0.0291622
135.46 -0.0355024
135.47 -0.0423126
135.48 -0.0495508
135.49 -0.0571544
135.5 -0.065055
135.51 -0.0731261
135.52 -0.0812443
135.53 -0.0892832
135.54 -0.0971104
135.55 -0.104591
135.56 -0.111594
135.57 -0.117992
135.58 -0.123599
135.59 -0.128357
135.6 -0.132197
135.61 -0.13506
135.62 -0.136909
135.63 -0.137729
135.64 -0.137531
135.65 -0.136346
135.66 -0.134146
135.67 -0.131104
135.68 -0.127318
135.69 -0.122898
135.7 -0.117964
135.71 -0.112638
135.72 -0.107048
135.73 -0.101316
135.74 -0.0955693
135.75 -0.0899214
135.76 -0.0844607
135.77 -0.0792585
135.78 -0.0743666
135.79 -0.0698163
135.8 -0.065618
135.81 -0.0617678
135.82 -0.0582475
135.83 -0.0549775
135.84 -0.0518904
135.85 -0.0489071
135.86 -0.0459403
135.87 -0.0428987
135.88 -0.0396909
135.89 -0.0362179
135.9 -0.032381
135.91 -0.0281342
135.92 -0.0234301
135.93 -0.0182398
135.94 -0.0125554
135.95 -0.00639112
135.96 0.000216121
135.97 0.00722053
135.98 0.0145308
135.99 0.0220214
136 0.0295714
136.01 0.0370476
136.02 0.0443078
136.03 0.0512052
136.04 0.0575933
136.05 0.0632847
136.06 0.0681407
136.07 0.0720757
136.08 0.0749938
136.09 0.076821
136.1 0.0775083
136.11 0.0770335
136.12 0.0754024
136.13 0.0725757
136.14 0.0686695
136.15 0.0638144
136.16 0.0581293
136.17 0.0517538
136.18 0.0448444
136.19 0.0375706
136.2 0.03011
136.21 0.0226584
136.22 0.0154134
136.23 0.00854597
136.24 0.00221503
136.25 -0.00343649
136.26 -0.00828543
136.27 -0.0122313
136.28 -0.0151986
136.29 -0.0170403
136.3 -0.0178252
136.31 -0.0175733
136.32 -0.0163222
136.33 -0.0141336
136.34 -0.0110904
136.35 -0.00729386
136.36 -0.00285799
136.37 0.00212373
136.38 0.00745672
136.39 0.0130048
136.4 0.0186342
136.41 0.0242178
136.42 0.0296383
136.43 0.0347911
136.44 0.0395803
136.45 0.0438984
136.46 0.0477287
136.47 0.0510417
136.48 0.0538269
136.49 0.0560917
136.5 0.0578599
136.51 0.0591697
136.52 0.0600617
136.53 0.0605873
136.54 0.0608427
136.55 0.0608965
136.56 0.060817
136.57 0.0606684
136.58 0.0605087
136.59 0.0603874
136.6 0.0603472
136.61 0.060419
136.62 0.060608
136.63 0.0609114
136.64 0.0613133
136.65 0.0617855
136.66 0.0622891
136.67 0.0627759
136.68 0.0631833
136.69 0.0634425
136.7 0.0634947
136.71 0.0632777
136.72 0.0627329
136.73 0.0618069
136.74 0.0604546
136.75 0.0586401
136.76 0.0563068
136.77 0.0534551
136.78 0.0501069
136.79 0.0462783
136.8 0.0419977
136.81 0.0373054
136.82 0.0322517
136.83 0.0268959
136.84 0.0212916
136.85 0.01553
136.86 0.00969079
136.87 0.00384758
136.88 -0.00192821
136.89 -0.00756955
136.9 -0.0130155
136.91 -0.018213
136.92 -0.0230889
136.93 -0.0276289
136.94 -0.0318158
136.95 -0.0356384
136.96 -0.0390958
136.97 -0.0421965
136.98 -0.0449573
136.99 -0.0474023
137 -0.0495358
137.01 -0.0514229
137.02 -0.0531003
137.03 -0.0546044
137.04 -0.0559701
137.05 -0.0572296
137.06 -0.0584106
137.07 -0.0595355
137.08 -0.0606189
137.09 -0.0616742
137.1 -0.0627032
137.11 -0.0637016
137.12 -0.0646592
137.13 -0.0655609
137.14 -0.0663873
137.15 -0.0671135
137.16 -0.0677063
137.17 -0.0681499
137.18 -0.0684221
137.19 -0.0685037
137.2 -0.0683791
137.21 -0.0680381
137.22 -0.0674759
137.23 -0.0666867
137.24 -0.0656734
137.25 -0.0644669
137.26 -0.0630889
137.27 -0.061567
137.28 -0.059933
137.29 -0.0582222
137.3 -0.056472
137.31 -0.0547227
137.32 -0.0530175
137.33 -0.0513914
137.34 -0.0498764
137.35 -0.0484999
137.36 -0.0472836
137.37 -0.0462433
137.38 -0.0453876
137.39 -0.044729
137.4 -0.044258
137.41 -0.0439533
137.42 -0.0437959
137.43 -0.043762
137.44 -0.043824
137.45 -0.0439516
137.46 -0.0441135
137.47 -0.0442762
137.48 -0.044407
137.49 -0.0444797
137.5 -0.0444725
137.51 -0.044369
137.52 -0.0441585
137.53 -0.0438367
137.54 -0.043406
137.55 -0.0428682
137.56 -0.042247
137.57 -0.0415658
137.58 -0.0408505
137.59 -0.0401297
137.6 -0.039434
137.61 -0.0387941
137.62 -0.0382394
137.63 -0.0378094
137.64 -0.0375181
137.65 -0.0373803
137.66 -0.0374047
137.67 -0.0375926
137.68 -0.0379371
137.69 -0.0384231
137.7 -0.0390277
137.71 -0.0397242
137.72 -0.0404619
137.73 -0.0411961
137.74 -0.0418778
137.75 -0.0424555
137.76 -0.042877
137.77 -0.0430913
137.78 -0.0430454
137.79 -0.0426715
137.8 -0.0419572
137.81 -0.0408762
137.82 -0.039412
137.83 -0.0375587
137.84 -0.0353216
137.85 -0.0327176
137.86 -0.0297665
137.87 -0.0265001
137.88 -0.022994
137.89 -0.0193081
137.9 -0.0155087
137.91 -0.0116675
137.92 -0.00785875
137.93 -0.00415778
137.94 -0.000648867
137.95 0.00258391
137.96 0.00548901
137.97 0.008011
137.98 0.0101039
137.99 0.0117323
138 0.0128724
138.01 0.0135125
138.02 0.0136278
138.03 0.0132361
138.04 0.0123889
138.05 0.0111233
138.06 0.00948545
138.07 0.00752888
138.08 0.00531267
138.09 0.00289962
138.1 0.000350043
138.11 -0.00226055
138.12 -0.0048662
138.13 -0.00740985
138.14 -0.00984016
138.15 -0.0121127
138.16 -0.0141911
138.17 -0.0160471
138.18 -0.017642
138.19 -0.0189776
138.2 -0.0200592
138.21 -0.0208932
138.22 -0.0214921
138.23 -0.0218732
138.24 -0.0220574
138.25 -0.0220672
138.26 -0.0219143
138.27 -0.0216338
138.28 -0.0212461
138.29 -0.0207654
138.3 -0.020201
138.31 -0.0195565
138.32 -0.018829
138.33 -0.0180096
138.34 -0.0170699
138.35 -0.0159971
138.36 -0.0147642
138.37 -0.0133409
138.38 -0.0116943
138.39 -0.009791
138.4 -0.007598
138.41 -0.00508091
138.42 -0.00218292
138.43 0.00108667
138.44 0.00474113
138.45 0.00878592
138.46 0.0132179
138.47 0.018025
138.48 0.0231859
138.49 0.0286768
138.5 0.0344693
138.51 0.0404903
138.52 0.0466853
138.53 0.0529952
138.54 0.0593575
138.55 0.0657079
138.56 0.0719824
138.57 0.0781119
138.58 0.0840247
138.59 0.0896785
138.6 0.0950278
138.61 0.100035
138.62 0.104671
138.63 0.108916
138.64 0.112758
138.65 0.116177
138.66 0.119177
138.67 0.121796
138.68 0.124054
138.69 0.125977
138.7 0.127595
138.71 0.128938
138.72 0.130035
138.73 0.130904
138.74 0.131577
138.75 0.132083
138.76 0.132435
138.77 0.132639
138.78 0.132698
138.79 0.132603
138.8 0.132341
138.81 0.131878
138.82 0.131192
138.83 0.130258
138.84 0.129045
138.85 0.127518
138.86 0.125647
138.87 0.123402
138.88 0.120759
138.89 0.117663
138.9 0.11413
138.91 0.110169
138.92 0.105791
138.93 0.101015
138.94 0.0958734
138.95 0.0904073
138.96 0.0846679
138.97 0.0787007
138.98 0.0725981
138.99 0.0664346
139 0.0602861
139.01 0.0542292
139.02 0.0483389
139.03 0.0426863
139.04 0.0373385
139.05 0.0323902
139.06 0.0278554
139.07 0.0237665
139.08 0.0201431
139.09 0.0169909
139.1 0.0143019
139.11 0.0120544
139.12 0.0102199
139.13 0.00876964
139.14 0.00761096
139.15 0.00667696
139.16 0.00589522
139.17 0.00519023
139.18 0.00448592
139.19 0.00370833
139.2 0.00278209
139.21 0.00162973
139.22 0.000212121
139.23 -0.00150925
139.24 -0.00355976
139.25 -0.00595073
139.26 -0.00867882
139.27 -0.0117261
139.28 -0.0150702
139.29 -0.0186629
139.3 -0.0224274
139.31 -0.0262944
139.32 -0.0301875
139.33 -0.0340255
139.34 -0.0377252
139.35 -0.0412042
139.36 -0.0443636
139.37 -0.0471231
139.38 -0.0494359
139.39 -0.0512514
139.4 -0.052532
139.41 -0.0532547
139.42 -0.0534111
139.43 -0.0530088
139.44 -0.0520384
139.45 -0.0505594
139.46 -0.0486457
139.47 -0.0463634
139.48 -0.0437885
139.49 -0.0410042
139.5 -0.0380989
139.51 -0.0351634
139.52 -0.0322997
139.53 -0.029601
139.54 -0.0271461
139.55 -0.0250076
139.56 -0.0232477
139.57 -0.0219174
139.58 -0.0210548
139.59 -0.0206846
139.6 -0.0208623
139.61 -0.0215444
139.62 -0.0227061
139.63 -0.0243169
139.64 -0.0263361
139.65 -0.0287143
139.66 -0.0313954
139.67 -0.0343181
139.68 -0.0374296
139.69 -0.0406422
139.7 -0.0438925
139.71 -0.0471207
139.72 -0.0502717
139.73 -0.0532964
139.74 -0.0561526
139.75 -0.058803
139.76 -0.0612004
139.77 -0.0633461
139.78 -0.0652298
139.79 -0.0668477
139.8 -0.0682013
139.81 -0.0692964
139.82 -0.0701421
139.83 -0.070744
139.84 -0.0711026
139.85 -0.0712469
139.86 -0.0711857
139.87 -0.070925
139.88 -0.0704676
139.89 -0.0698126
139.9 -0.0689554
139.91 -0.0678803
139.92 -0.0665676
139.93 -0.0650174
139.94 -0.0632147
139.95 -0.0611447
139.96 -0.0587934
139.97 -0.0561496
139.98 -0.0532057
139.99 -0.0499447
140 -0.046369
140.01 -0.0425068
140.02 -0.0383773
140.03 -0.0340074
140.04 -0.029432
140.05 -0.0246932
140.06 -0.01984
140.07 -0.0149275
140.08 -0.0100245
140.09 -0.00519656
140.1 -0.000508367
140.11 0.0039759
140.12 0.0081943
140.13 0.0120888
140.14 0.0156071
140.15 0.0186711
140.16 0.0212582
140.17 0.0233561
140.18 0.0249494
140.19 0.0260333
140.2 0.0266129
140.21 0.0267028
140.22 0.0263266
140.23 0.0254824
140.24 0.0242399
140.25 0.0226493
140.26 0.0207549
140.27 0.0186011
140.28 0.0162307
140.29 0.0136825
140.3 0.0109903
140.31 0.00817205
140.32 0.00525754
140.33 0.00225596
140.34 -0.0008331
140.35 -0.00401884
140.36 -0.00731859
140.37 -0.0107568
140.38 -0.0143647
140.39 -0.0181986
140.4 -0.0222779
140.41 -0.0266379
140.42 -0.0313103
140.43 -0.0363212
140.44 -0.0416886
140.45 -0.0474203
140.46 -0.0535181
140.47 -0.0599831
140.48 -0.066749
140.49 -0.0737643
140.5 -0.080962
140.51 -0.0882606
140.52 -0.0955654
140.53 -0.10277
140.54 -0.109747
140.55 -0.116344
140.56 -0.122451
140.57 -0.12794
140.58 -0.13269
140.59 -0.136583
140.6 -0.139516
140.61 -0.141397
140.62 -0.142102
140.63 -0.141552
140.64 -0.139786
140.65 -0.136798
140.66 -0.132608
140.67 -0.127258
140.68 -0.120811
140.69 -0.113353
140.7 -0.104946
140.71 -0.0957352
140.72 -0.0858983
140.73 -0.0755805
140.74 -0.0649309
140.75 -0.0540994
140.76 -0.0432324
140.77 -0.0324687
140.78 -0.0219594
140.79 -0.0118228
140.8 -0.00214217
140.81 0.00700956
140.82 0.0155805
140.83 0.0235402
140.84 0.0308795
140.85 0.0376097
140.86 0.0437202
140.87 0.0492964
140.88 0.0544163
140.89 0.0591542
140.9 0.0635906
140.91 0.0678089
140.92 0.0718915
140.93 0.0759158
140.94 0.0799575
140.95 0.0840767
140.96 0.0883132
140.97 0.0926904
140.98 0.0972138
140.99 0.101871
141 0.10663
141.01 0.111443
141.02 0.116237
141.03 0.120927
141.04 0.125422
141.05 0.129625
141.06 0.133436
141.07 0.136755
141.08 0.13949
141.09 0.141544
141.1 0.14278
141.11 0.143206
141.12 0.142785
141.13 0.141503
141.14 0.139366
141.15 0.136402
141.16 0.132662
141.17 0.128203
141.18 0.123094
141.19 0.117498
141.2 0.111538
141.21 0.105343
141.22 0.0990493
141.23 0.0927915
141.24 0.0867007
141.25 0.080914
141.26 0.0755652
141.27 0.0707237
141.28 0.0664592
141.29 0.0628189
141.3 0.0598264
141.31 0.0574808
141.32 0.0557567
141.33 0.0546288
141.34 0.0540165
141.35 0.053795
141.36 0.0538538
141.37 0.0540714
141.38 0.0543186
141.39 0.0544636
141.4 0.054376
141.41 0.0539037
141.42 0.0529276
141.43 0.051369
141.44 0.0491531
141.45 0.0462267
141.46 0.0425604
141.47 0.0381501
141.48 0.0330168
141.49 0.0271633
141.5 0.0206988
141.51 0.0137389
141.52 0.00639669
141.53 -0.00120072
141.54 -0.00891669
141.55 -0.0166094
141.56 -0.0241363
141.57 -0.031323
141.58 -0.0380488
141.59 -0.0442071
141.6 -0.0497033
141.61 -0.0544637
141.62 -0.058438
141.63 -0.0616007
141.64 -0.0639521
141.65 -0.0654477
141.66 -0.0662169
141.67 -0.0663429
141.68 -0.0659237
141.69 -0.0650731
141.7 -0.0639176
141.71 -0.0625913
141.72 -0.0612322
141.73 -0.0599996
141.74 -0.0590224
141.75 -0.058417
141.76 -0.0582849
141.77 -0.0587085
141.78 -0.0597493
141.79 -0.0614452
141.8 -0.0638213
141.81 -0.0669048
141.82 -0.0705979
141.83 -0.0748359
141.84 -0.0795334
141.85 -0.0845873
141.86 -0.0898802
141.87 -0.0952842
141.88 -0.10066
141.89 -0.105847
141.9 -0.110717
141.91 -0.115142
141.92 -0.119008
141.93 -0.122214
141.94 -0.124677
141.95 -0.126332
141.96 -0.127098
141.97 -0.126937
141.98 -0.125903
141.99 -0.12402
142 -0.121328
142.01 -0.117886
142.02 -0.113764
142.03 -0.109043
142.04 -0.103789
142.05 -0.0981085
142.06 -0.092115
142.07 -0.085894
142.08 -0.0795231
142.09 -0.0730698
142.1 -0.0665891
142.11 -0.0601219
142.12 -0.0536977
142.13 -0.0473247
142.14 -0.0409939
142.15 -0.0346839
142.16 -0.0283616
142.17 -0.0219845
142.18 -0.0155034
142.19 -0.0088649
142.2 -0.00199466
142.21 0.00515189
142.22 0.0126133
142.23 0.0204236
142.24 0.0286049
142.25 0.037165
142.26 0.0460961
142.27 0.0553733
142.28 0.0649765
142.29 0.0748147
142.3 0.0848054
142.31 0.094856
142.32 0.104862
142.33 0.114709
142.34 0.124279
142.35 0.133448
142.36 0.142032
142.37 0.149959
142.38 0.157122
142.39 0.163428
142.4 0.168799
142.41 0.173173
142.42 0.176508
142.43 0.178769
142.44 0.179875
142.45 0.179947
142.46 0.179028
142.47 0.177181
142.48 0.174483
142.49 0.171026
142.5 0.166912
142.51 0.162239
142.52 0.157109
142.53 0.151673
142.54 0.146039
142.55 0.140306
142.56 0.134563
142.57 0.128886
142.58 0.123335
142.59 0.117966
142.6 0.112813
142.61 0.107873
142.62 0.103141
142.63 0.0985935
142.64 0.0941975
142.65 0.0899088
142.66 0.0856758
142.67 0.0814396
142.68 0.0771344
142.69 0.0727054
142.7 0.0681026
142.71 0.0632839
142.72 0.0582175
142.73 0.0528836
142.74 0.0472758
142.75 0.0413876
142.76 0.0352513
142.77 0.0289179
142.78 0.0224402
142.79 0.0158823
142.8 0.00931715
142.81 0.00282452
142.82 -0.00351204
142.83 -0.00958469
142.84 -0.0153129
142.85 -0.0206288
142.86 -0.0254658
142.87 -0.0297687
142.88 -0.0334954
142.89 -0.0366189
142.9 -0.0391279
142.91 -0.0409784
142.92 -0.0422372
142.93 -0.0429557
142.94 -0.0431884
142.95 -0.0430016
142.96 -0.0424709
142.97 -0.0416786
142.98 -0.0407104
142.99 -0.039652
143 -0.0386009
143.01 -0.0376327
143.02 -0.0368128
143.03 -0.0361942
143.04 -0.0358161
143.05 -0.0357017
143.06 -0.0358595
143.07 -0.0362993
143.08 -0.0369647
143.09 -0.03781
143.1 -0.038776
143.11 -0.0397926
143.12 -0.0407815
143.13 -0.0416593
143.14 -0.0423358
143.15 -0.0427012
143.16 -0.0426971
143.17 -0.0422577
143.18 -0.0413301
143.19 -0.039877
143.2 -0.0378787
143.21 -0.0353348
143.22 -0.0322507
143.23 -0.0286546
143.24 -0.0246487
143.25 -0.0203167
143.26 -0.0157584
143.27 -0.0110872
143.28 -0.00642683
143.29 -0.00190794
143.3 0.0023185
143.31 0.00609705
143.32 0.00932049
143.33 0.0118749
143.34 0.0136608
143.35 0.0145963
143.36 0.01462
143.37 0.0136932
143.38 0.0117497
143.39 0.00881228
143.4 0.00496784
143.41 0.000281868
143.42 -0.00515816
143.43 -0.0112452
143.44 -0.0178558
143.45 -0.0248535
143.46 -0.032099
143.47 -0.0394171
143.48 -0.046651
143.49 -0.0536578
143.5 -0.0603043
143.51 -0.0664714
143.52 -0.0720574
143.53 -0.0769808
143.54 -0.0811239
143.55 -0.0844926
143.56 -0.0871007
143.57 -0.0889703
143.58 -0.0901476
143.59 -0.0907011
143.6 -0.0907189
143.61 -0.0903064
143.62 -0.0895656
143.63 -0.0886622
143.64 -0.0877331
143.65 -0.0869114
143.66 -0.0863257
143.67 -0.0860958
143.68 -0.0863287
143.69 -0.0871164
143.7 -0.0885987
143.71 -0.0907641
143.72 -0.0936354
143.73 -0.0972118
143.74 -0.101469
143.75 -0.106359
143.76 -0.111815
143.77 -0.117752
143.78 -0.124083
143.79 -0.130647
143.8 -0.137314
143.81 -0.143951
143.82 -0.150421
143.83 -0.156593
143.84 -0.162339
143.85 -0.167526
143.86 -0.172005
143.87 -0.175733
143.88 -0.178642
143.89 -0.180682
143.9 -0.181824
143.91 -0.182057
143.92 -0.18139
143.93 -0.179817
143.94 -0.177365
143.95 -0.174151
143.96 -0.170244
143.97 -0.165723
143.98 -0.160672
143.99 -0.155178
144 -0.149326
144.01 -0.143189
144.02 -0.136854
144.03 -0.1304
144.04 -0.123883
144.05 -0.117349
144.06 -0.11083
144.07 -0.104344
144.08 -0.0978999
144.09 -0.0914923
144.1 -0.0851007
144.11 -0.0786954
144.12 -0.0722401
144.13 -0.0656927
144.14 -0.0590075
144.15 -0.0521372
144.16 -0.0450348
144.17 -0.037633
144.18 -0.0299006
144.19 -0.0218139
144.2 -0.0133493
144.21 -0.00449215
144.22 0.00476227
144.23 0.0144083
144.24 0.0244301
144.25 0.0348279
144.26 0.0455373
144.27 0.056506
144.28 0.06768
144.29 0.0789994
144.3 0.0903996
144.31 0.101813
144.32 0.113169
144.33 0.124379
144.34 0.135381
144.35 0.14611
144.36 0.156503
144.37 0.166504
144.38 0.176062
144.39 0.185129
144.4 0.193663
144.41 0.201577
144.42 0.208896
144.43 0.2156
144.44 0.221674
144.45 0.227107
144.46 0.231892
144.47 0.236028
144.48 0.239501
144.49 0.242275
144.5 0.244406
144.51 0.2459
144.52 0.246765
144.53 0.247006
144.54 0.24663
144.55 0.245647
144.56 0.244044
144.57 0.241809
144.58 0.238992
144.59 0.235605
144.6 0.231658
144.61 0.227165
144.62 0.22214
144.63 0.216599
144.64 0.210542
144.65 0.203985
144.66 0.19698
144.67 0.189555
144.68 0.181737
144.69 0.173556
144.7 0.165045
144.71 0.156236
144.72 0.147153
144.73 0.137836
144.74 0.128335
144.75 0.118684
144.76 0.10892
144.77 0.0990783
144.78 0.0891928
144.79 0.0792979
144.8 0.0694308
144.81 0.0596272
144.82 0.0499181
144.83 0.0403348
144.84 0.0309086
144.85 0.0216704
144.86 0.0126512
144.87 0.00388206
144.88 -0.00458086
144.89 -0.0127185
144.9 -0.0205057
144.91 -0.0279106
144.92 -0.0349019
144.93 -0.041449
144.94 -0.0475224
144.95 -0.0530945
144.96 -0.0580899
144.97 -0.0625273
144.98 -0.0663946
144.99 -0.069679
145 -0.072373
145.01 -0.0744749
145.02 -0.0759897
145.03 -0.076928
145.04 -0.0772564
145.05 -0.0770593
145.06 -0.076371
145.07 -0.0752322
145.08 -0.0736892
145.09 -0.0717933
145.1 -0.0696
145.11 -0.0671651
145.12 -0.0645415
145.13 -0.0618091
145.14 -0.059026
145.15 -0.0562469
145.16 -0.0535225
145.17 -0.0508973
145.18 -0.0484094
145.19 -0.0460936
145.2 -0.0439827
145.21 -0.042074
145.22 -0.0403692
145.23 -0.0388608
145.24 -0.0375335
145.25 -0.0363642
145.26 -0.035324
145.27 -0.0343807
145.28 -0.0334934
145.29 -0.0326171
145.3 -0.0317133
145.31 -0.0307457
145.32 -0.0296825
145.33 -0.0284976
145.34 -0.0271721
145.35 -0.0256884
145.36 -0.0240467
145.37 -0.0222668
145.38 -0.0203711
145.39 -0.0183922
145.4 -0.0163721
145.41 -0.0143614
145.42 -0.0124177
145.43 -0.0106165
145.44 -0.00903067
145.45 -0.00772271
145.46 -0.00675932
145.47 -0.00620334
145.48 -0.00611143
145.49 -0.00653195
145.5 -0.00750296
145.51 -0.00909351
145.52 -0.0112894
145.53 -0.0140687
145.54 -0.0174108
145.55 -0.0212798
145.56 -0.0256256
145.57 -0.0303843
145.58 -0.0354799
145.59 -0.040839
145.6 -0.0463397
145.61 -0.0518767
145.62 -0.0573467
145.63 -0.0626468
145.64 -0.0676776
145.65 -0.0723458
145.66 -0.0765667
145.67 -0.0802104
145.68 -0.0832618
145.69 -0.0856811
145.7 -0.0874422
145.71 -0.0885353
145.72 -0.0889669
145.73 -0.0887593
145.74 -0.0879454
145.75 -0.0865342
145.76 -0.0846452
145.77 -0.08235
145.78 -0.0797256
145.79 -0.0768518
145.8 -0.0738079
145.81 -0.07067
145.82 -0.0675093
145.83 -0.0643959
145.84 -0.0613793
145.85 -0.0584949
145.86 -0.0557644
145.87 -0.0531949
145.88 -0.0507788
145.89 -0.0484943
145.9 -0.0463074
145.91 -0.0441662
145.92 -0.0420053
145.93 -0.039759
145.94 -0.0373573
145.95 -0.0347294
145.96 -0.0318058
145.97 -0.0285222
145.98 -0.0248016
145.99 -0.0205865
146 -0.0158712
146.01 -0.0106408
146.02 -0.00489671
146.03 0.00134241
146.04 0.00804035
146.05 0.0151438
146.06 0.0225969
146.07 0.0302991
146.08 0.0381357
146.09 0.0459975
146.1 0.0537684
146.11 0.0613291
146.12 0.0685601
146.13 0.0753449
146.14 0.081529
146.15 0.0870207
146.16 0.0917547
146.17 0.0956623
146.18 0.098692
146.19 0.100811
146.2 0.102007
146.21 0.102285
146.22 0.101606
146.23 0.100073
146.24 0.0977705
146.25 0.0947799
146.26 0.0911931
146.27 0.0871117
146.28 0.0826434
146.29 0.0778992
146.3 0.0729847
146.31 0.0680303
146.32 0.063137
146.33 0.0583955
146.34 0.0538847
146.35 0.0496708
146.36 0.0458054
146.37 0.0423262
146.38 0.039295
146.39 0.0366761
146.4 0.0344587
146.41 0.03262
146.42 0.031126
146.43 0.0299344
146.44 0.0289962
146.45 0.0282604
146.46 0.0276769
146.47 0.0271752
146.48 0.0267049
146.49 0.0262206
146.5 0.0256839
146.51 0.0250642
146.52 0.0243395
146.53 0.0234942
146.54 0.0225192
146.55 0.021431
146.56 0.0202445
146.57 0.018981
146.58 0.0176669
146.59 0.016332
146.6 0.0150072
146.61 0.0137263
146.62 0.0125229
146.63 0.0114179
146.64 0.0104292
146.65 0.00956808
146.66 0.008838
146.67 0.00823432
146.68 0.00774409
146.69 0.00734944
146.7 0.00701728
146.71 0.0067068
146.72 0.00637707
146.73 0.00598404
146.74 0.00548233
146.75 0.00482704
146.76 0.00397571
146.77 0.00287364
146.78 0.00149084
146.79 -0.000185792
146.8 -0.00216982
146.81 -0.00446494
146.82 -0.00706457
146.83 -0.00995183
146.84 -0.0130998
146.85 -0.0164858
146.86 -0.0200492
146.87 -0.0237321
146.88 -0.0274783
146.89 -0.0312295
146.9 -0.0349273
146.91 -0.0385157
146.92 -0.0419428
146.93 -0.0451424
146.94 -0.04809
146.95 -0.0507641
146.96 -0.0531517
146.97 -0.0552514
146.98 -0.057074
146.99 -0.0586423
147 -0.0599903
147.01 -0.06115
147.02 -0.0621963
147.03 -0.06319
147.04 -0.0641949
147.05 -0.0652761
147.06 -0.0664969
147.07 -0.0679166
147.08 -0.0695902
147.09 -0.0715896
147.1 -0.0739199
147.11 -0.0765967
147.12 -0.0796213
147.13 -0.0829794
147.14 -0.0866414
147.15 -0.0905627
147.16 -0.0946865
147.17 -0.0989392
147.18 -0.10322
147.19 -0.107436
147.2 -0.111489
147.21 -0.115278
147.22 -0.118702
147.23 -0.121667
147.24 -0.124063
147.25 -0.12578
147.26 -0.126792
147.27 -0.127053
147.28 -0.126531
147.29 -0.125214
147.3 -0.123105
147.31 -0.12023
147.32 -0.116599
147.33 -0.112271
147.34 -0.107363
147.35 -0.101962
147.36 -0.096164
147.37 -0.0900707
147.38 -0.0837871
147.39 -0.0774171
147.4 -0.0710676
147.41 -0.0648429
147.42 -0.0588228
147.43 -0.0530759
147.44 -0.047656
147.45 -0.0426014
147.46 -0.0379335
147.47 -0.0336571
147.48 -0.0297847
147.49 -0.0262708
147.5 -0.0230592
147.51 -0.0200949
147.52 -0.0173149
147.53 -0.0146498
147.54 -0.0120282
147.55 -0.0093784
147.56 -0.00661991
147.57 -0.00369161
147.58 -0.000545786
147.59 0.00285568
147.6 0.00653734
147.61 0.0105091
147.62 0.0147653
147.63 0.0192852
147.64 0.0240493
147.65 0.0289826
147.66 0.034019
147.67 0.0390851
147.68 0.0441009
147.69 0.0489828
147.7 0.0536465
147.71 0.0580095
147.72 0.0619522
147.73 0.0654407
147.74 0.0684218
147.75 0.0708563
147.76 0.0727202
147.77 0.0740068
147.78 0.0747261
147.79 0.0748984
147.8 0.0745378
147.81 0.0737531
147.82 0.0726192
147.83 0.0712208
147.84 0.0696504
147.85 0.0680042
147.86 0.0663795
147.87 0.0648767
147.88 0.0636041
147.89 0.0626292
147.9 0.0620167
147.91 0.0618166
147.92 0.062062
147.93 0.0627686
147.94 0.0639334
147.95 0.0655501
147.96 0.0675822
147.97 0.0699427
147.98 0.0725583
147.99 0.075344
148 0.078206
148.01 0.0810454
148.02 0.0837612
148.03 0.0862378
148.04 0.0883684
148.05 0.0900815
148.06 0.0913054
148.07 0.0919828
148.08 0.092073
148.09 0.0915529
148.1 0.0904183
148.11 0.0886482
148.12 0.0862958
148.13 0.0834382
148.14 0.0801438
148.15 0.0764933
148.16 0.0725771
148.17 0.0684918
148.18 0.0643372
148.19 0.0602221
148.2 0.0562501
148.21 0.0525062
148.22 0.0490656
148.23 0.0459902
148.24 0.0433266
148.25 0.0411049
148.26 0.0393373
148.27 0.0380553
148.28 0.0371997
148.29 0.0367214
148.3 0.0365644
148.31 0.0366612
148.32 0.0369357
148.33 0.0373065
148.34 0.0376898
148.35 0.0379885
148.36 0.038126
148.37 0.0380349
148.38 0.0376594
148.39 0.0369572
148.4 0.0359021
148.41 0.0344851
148.42 0.0327121
148.43 0.0305872
148.44 0.028191
148.45 0.0255873
148.46 0.0228532
148.47 0.020077
148.48 0.0173547
148.49 0.014787
148.5 0.0124832
148.51 0.0105744
148.52 0.00912924
148.53 0.00822764
148.54 0.00793575
148.55 0.0083033
148.56 0.0093614
148.57 0.0111211
148.58 0.0135936
148.59 0.0167651
148.6 0.0205311
148.61 0.0248155
148.62 0.029525
148.63 0.0345519
148.64 0.0397774
148.65 0.0450743
148.66 0.0503031
148.67 0.0553131
148.68 0.059983
148.69 0.0641958
148.7 0.0678465
148.71 0.0708455
148.72 0.0731211
148.73 0.0746215
148.74 0.0752702
148.75 0.0750706
148.76 0.074078
148.77 0.0723326
148.78 0.0698941
148.79 0.0668392
148.8 0.0632592
148.81 0.0592566
148.82 0.0549285
148.83 0.0504133
148.84 0.0458344
148.85 0.0413002
148.86 0.0369107
148.87 0.0327538
148.88 0.0289032
148.89 0.025415
148.9 0.0223605
148.91 0.0197318
148.92 0.0175127
148.93 0.0156752
148.94 0.0141729
148.95 0.0129421
148.96 0.0119047
148.97 0.0109705
148.98 0.0100319
148.99 0.00897471
149 0.00769451
149.01 0.00609009
149.02 0.00406729
149.03 0.00154237
149.04 -0.001555
149.05 -0.00528109
149.06 -0.00973698
149.07 -0.0148717
149.08 -0.020676
149.09 -0.0271203
149.1 -0.0341548
149.11 -0.0417113
149.12 -0.0497044
149.13 -0.0580379
149.14 -0.0666029
149.15 -0.0752506
149.16 -0.0838554
149.17 -0.0922913
149.18 -0.100435
149.19 -0.10817
149.2 -0.115389
149.21 -0.121978
149.22 -0.127816
149.23 -0.132892
149.24 -0.137165
149.25 -0.140613
149.26 -0.143234
149.27 -0.145045
149.28 -0.146079
149.29 -0.146362
149.3 -0.145952
149.31 -0.144971
149.32 -0.143506
149.33 -0.141648
149.34 -0.139491
149.35 -0.137128
149.36 -0.134648
149.37 -0.132136
149.38 -0.129673
149.39 -0.127321
149.4 -0.125126
149.41 -0.12312
149.42 -0.121322
149.43 -0.119732
149.44 -0.118341
149.45 -0.117129
149.46 -0.116048
149.47 -0.11504
149.48 -0.114044
149.49 -0.112993
149.5 -0.111815
149.51 -0.110439
149.52 -0.108792
149.53 -0.106773
149.54 -0.10433
149.55 -0.101416
149.56 -0.0979871
149.57 -0.0940068
149.58 -0.0894523
149.59 -0.0843126
149.6 -0.0785892
149.61 -0.0722494
149.62 -0.0653653
149.63 -0.0579862
149.64 -0.0501633
149.65 -0.0419571
149.66 -0.0334357
149.67 -0.0246736
149.68 -0.0157499
149.69 -0.00674718
149.7 0.00223649
149.71 0.0111181
149.72 0.0198171
149.73 0.0282562
149.74 0.0363633
149.75 0.0440717
149.76 0.0513167
149.77 0.0579987
149.78 0.0641181
149.79 0.0696406
149.8 0.0745403
149.81 0.0787996
149.82 0.0824095
149.83 0.0853688
149.84 0.0876706
149.85 0.0892942
149.86 0.0903131
149.87 0.0907554
149.88 0.0906548
149.89 0.0900496
149.9 0.0889821
149.91 0.0874979
149.92 0.085635
149.93 0.0834384
149.94 0.0809841
149.95 0.0783233
149.96 0.0755062
149.97 0.0725817
149.98 0.0695959
149.99 0.0665919
150 0.0636112
150.01 0.0606923
150.02 0.0578608
150.03 0.0551376
150.04 0.0525367
150.05 0.0500649
150.06 0.0477218
150.07 0.0454995
150.08 0.0433873
150.09 0.0413575
150.1 0.039375
150.11 0.0374038
150.12 0.0354027
150.13 0.0333271
150.14 0.03113
150.15 0.0287634
150.16 0.0261616
150.17 0.0232823
150.18 0.0200922
150.19 0.0165567
150.2 0.0126482
150.21 0.00834785
150.22 0.00364649
150.23 -0.00145422
150.24 -0.00697029
150.25 -0.0128488
150.26 -0.0190417
150.27 -0.0254975
150.28 -0.0321536
150.29 -0.0389373
150.3 -0.0457675
150.31 -0.0525563
150.32 -0.0591889
150.33 -0.0655718
150.34 -0.0716097
150.35 -0.0772089
150.36 -0.08228
150.37 -0.086741
150.38 -0.0905191
150.39 -0.0935501
150.4 -0.0957071
150.41 -0.0970337
150.42 -0.0975152
150.43 -0.097153
150.44 -0.0959648
150.45 -0.0939838
150.46 -0.0912582
150.47 -0.0878408
150.48 -0.0837717
150.49 -0.0791945
150.5 -0.0742019
150.51 -0.0688909
150.52 -0.0633602
150.53 -0.0577074
150.54 -0.0520261
150.55 -0.0464077
150.56 -0.0409452
150.57 -0.0356979
150.58 -0.0307176
150.59 -0.0260415
150.6 -0.0216922
150.61 -0.0176771
150.62 -0.0139883
150.63 -0.0106144
150.64 -0.0075205
150.65 -0.00463881
150.66 -0.00191147
150.67 0.00072593
150.68 0.00334169
150.69 0.00600533
150.7 0.0087849
150.71 0.0117565
150.72 0.0149835
150.73 0.018502
150.74 0.0223455
150.75 0.0265349
150.76 0.0310767
150.77 0.0359625
150.78 0.0411694
150.79 0.0466745
150.8 0.0524114
150.81 0.0583037
150.82 0.0642758
150.83 0.0702444
150.84 0.0761216
150.85 0.0818169
150.86 0.0872404
150.87 0.0922722
150.88 0.0968419
150.89 0.10089
150.9 0.104357
150.91 0.1072
150.92 0.109389
150.93 0.110907
150.94 0.111757
150.95 0.111903
150.96 0.11143
150.97 0.110396
150.98 0.108865
150.99 0.106909
151 0.104606
151.01 0.102043
151.02 0.0993067
151.03 0.0964826
151.04 0.0936689
151.05 0.0909405
151.06 0.0883633
151.07 0.0859916
151.08 0.0838667
151.09 0.0820154
151.1 0.0804522
151.11 0.0791945
151.12 0.0781931
151.13 0.0774112
151.14 0.0767987
151.15 0.0762948
151.16 0.0758292
151.17 0.0753253
151.18 0.0746977
151.19 0.0738435
151.2 0.0726935
151.21 0.0711733
151.22 0.0692158
151.23 0.0667641
151.24 0.063773
151.25 0.0602108
151.26 0.0560407
151.27 0.0512427
151.28 0.0458746
151.29 0.0399695
151.3 0.0335745
151.31 0.02675
151.32 0.0195677
151.33 0.0121083
151.34 0.00445567
151.35 -0.00328609
151.36 -0.0110127
151.37 -0.0186312
151.38 -0.0260524
151.39 -0.0331933
151.4 -0.0399792
151.41 -0.0463455
151.42 -0.0522096
151.43 -0.0575341
151.44 -0.0623161
151.45 -0.0665452
151.46 -0.0702239
151.47 -0.073367
151.48 -0.0760007
151.49 -0.0781605
151.5 -0.079864
151.51 -0.0811836
151.52 -0.0821872
151.53 -0.0829304
151.54 -0.0834677
151.55 -0.0838512
151.56 -0.0841277
151.57 -0.084338
151.58 -0.0845144
151.59 -0.084684
151.6 -0.0848597
151.61 -0.0850439
151.62 -0.0852294
151.63 -0.0853999
151.64 -0.0855307
151.65 -0.0855899
151.66 -0.0855257
151.67 -0.085301
151.68 -0.0848722
151.69 -0.0841942
151.7 -0.0832239
151.71 -0.0819212
151.72 -0.0802515
151.73 -0.0781846
151.74 -0.07566
151.75 -0.0727069
151.76 -0.0693254
151.77 -0.0655253
151.78 -0.0613262
151.79 -0.0567573
151.8 -0.0518563
151.81 -0.0466655
151.82 -0.0412275
151.83 -0.0356249
151.84 -0.02992
151.85 -0.0241766
151.86 -0.0184587
151.87 -0.0128285
151.88 -0.00734502
151.89 -0.00206948
151.9 0.00293365
151.91 0.00764072
151.92 0.012021
151.93 0.0160526
151.94 0.0197227
151.95 0.0230276
151.96 0.0259728
151.97 0.0285588
151.98 0.0308036
151.99 0.0327578
152 0.0344562
152.01 0.0359375
152.02 0.0372431
152.03 0.0384157
152.04 0.0394977
152.05 0.04053
152.06 0.0415559
152.07 0.0426112
152.08 0.0437244
152.09 0.0449186
152.1 0.0462104
152.11 0.04761
152.12 0.0491209
152.13 0.0507461
152.14 0.0524715
152.15 0.0542762
152.16 0.0561387
152.17 0.058033
152.18 0.05993
152.19 0.0617981
152.2 0.0636045
152.21 0.0653061
152.22 0.066872
152.23 0.0682744
152.24 0.0694858
152.25 0.0704823
152.26 0.0712442
152.27 0.0717564
152.28 0.0720089
152.29 0.0719741
152.3 0.0716731
152.31 0.0711169
152.32 0.070318
152.33 0.0692933
152.34 0.0680639
152.35 0.0666547
152.36 0.0650932
152.37 0.0634003
152.38 0.0616219
152.39 0.0597901
152.4 0.057936
152.41 0.05609
152.42 0.0542802
152.43 0.052532
152.44 0.0508687
152.45 0.0493186
152.46 0.0478865
152.47 0.0465808
152.48 0.0454047
152.49 0.0443564
152.5 0.0434293
152.51 0.0426119
152.52 0.0418894
152.53 0.0412429
152.54 0.0406401
152.55 0.040053
152.56 0.0394511
152.57 0.0388024
152.58 0.0380738
152.59 0.0372323
152.6 0.0362397
152.61 0.0350559
152.62 0.0336633
152.63 0.032038
152.64 0.0301595
152.65 0.0280126
152.66 0.0255865
152.67 0.0228766
152.68 0.0198706
152.69 0.0165745
152.7 0.0130176
152.71 0.00921923
152.72 0.00520384
152.73 0.00100051
152.74 -0.00335771
152.75 -0.00783456
152.76 -0.0123936
152.77 -0.0169885
152.78 -0.0215756
152.79 -0.0261154
152.8 -0.0305703
152.81 -0.0349056
152.82 -0.0390905
152.83 -0.0430983
152.84 -0.0468929
152.85 -0.0504655
152.86 -0.0538145
152.87 -0.0569383
152.88 -0.0598412
152.89 -0.0625336
152.9 -0.0650311
152.91 -0.0673542
152.92 -0.0695169
152.93 -0.0715591
152.94 -0.0735127
152.95 -0.0754073
152.96 -0.0772715
152.97 -0.0791319
152.98 -0.0810116
152.99 -0.0829297
153 -0.0849053
153.01 -0.0869411
153.02 -0.089036
153.03 -0.091182
153.04 -0.0933643
153.05 -0.095561
153.06 -0.097744
153.07 -0.0998788
153.08 -0.101914
153.09 -0.103813
153.1 -0.10553
153.11 -0.10702
153.12 -0.108239
153.13 -0.109146
153.14 -0.109704
153.15 -0.109875
153.16 -0.109607
153.17 -0.108919
153.18 -0.107807
153.19 -0.106277
153.2 -0.104348
153.21 -0.102046
153.22 -0.0994071
153.23 -0.0964723
153.24 -0.0932925
153.25 -0.089951
153.26 -0.0865148
153.27 -0.0830542
153.28 -0.0796398
153.29 -0.0763413
153.3 -0.0732245
153.31 -0.0703622
153.32 -0.0678192
153.33 -0.0656212
153.34 -0.0637985
153.35 -0.0623688
153.36 -0.0613369
153.37 -0.0606942
153.38 -0.0604187
153.39 -0.0604904
153.4 -0.0608532
153.41 -0.0614312
153.42 -0.0621554
153.43 -0.0629506
153.44 -0.0637372
153.45 -0.0644334
153.46 -0.0649581
153.47 -0.0652126
153.48 -0.0651235
153.49 -0.0646383
153.5 -0.0637055
153.51 -0.0622858
153.52 -0.0603535
153.53 -0.0578976
153.54 -0.0549219
153.55 -0.0514101
153.56 -0.047427
153.57 -0.0430358
153.58 -0.0382988
153.59 -0.0332882
153.6 -0.0280842
153.61 -0.0227723
153.62 -0.0174409
153.63 -0.0121919
153.64 -0.00711321
153.65 -0.00228241
153.66 0.00223046
153.67 0.00636593
153.68 0.0100769
153.69 0.0133299
153.7 0.0161063
153.71 0.0183558
153.72 0.0201411
153.73 0.0214927
153.74 0.0224536
153.75 0.0230785
153.76 0.0234322
153.77 0.0235867
153.78 0.0236187
153.79 0.0236132
153.8 0.0236587
153.81 0.0238303
153.82 0.0241966
153.83 0.0248179
153.84 0.025744
153.85 0.0270125
153.86 0.0286561
153.87 0.0307056
153.88 0.0331241
153.89 0.0358899
153.9 0.0389682
153.91 0.0423125
153.92 0.0458661
153.93 0.0495641
153.94 0.053336
153.95 0.0570983
153.96 0.0607726
153.97 0.0642872
153.98 0.0675754
153.99 0.0705779
154 0.0732445
154.01 0.0755362
154.02 0.0774067
154.03 0.0788387
154.04 0.0798574
154.05 0.0804788
154.06 0.0807315
154.07 0.0806552
154.08 0.0802995
154.09 0.0797218
154.1 0.0789801
154.11 0.0781521
154.12 0.0773116
154.13 0.0765235
154.14 0.0758483
154.15 0.07534
154.16 0.0750436
154.17 0.0749944
154.18 0.0752358
154.19 0.0757683
154.2 0.0765792
154.21 0.0776525
154.22 0.0789607
154.23 0.0804657
154.24 0.0821209
154.25 0.0838726
154.26 0.0856603
154.27 0.0874141
154.28 0.0890724
154.29 0.0905771
154.3 0.0918748
154.31 0.0929195
154.32 0.0936736
154.33 0.0941099
154.34 0.0941808
154.35 0.093913
154.36 0.0933201
154.37 0.0924247
154.38 0.0912603
154.39 0.08987
154.4 0.0883045
154.41 0.0866207
154.42 0.0848805
154.43 0.0831565
154.44 0.0815093
154.45 0.0799957
154.46 0.0786661
154.47 0.0775631
154.48 0.0767193
154.49 0.076161
154.5 0.0759165
154.51 0.0759552
154.52 0.0762576
154.53 0.0767922
154.54 0.0775161
154.55 0.0783767
154.56 0.0793133
154.57 0.0802573
154.58 0.0811265
154.59 0.0818495
154.6 0.0823561
154.61 0.0825806
154.62 0.0824636
154.63 0.0819546
154.64 0.0810127
154.65 0.0795896
154.66 0.0776591
154.67 0.0752495
154.68 0.0723736
154.69 0.0690571
154.7 0.065337
154.71 0.0612604
154.72 0.0568826
154.73 0.0522564
154.74 0.0474577
154.75 0.0425649
154.76 0.0376437
154.77 0.0327561
154.78 0.027958
154.79 0.0232974
154.8 0.0188125
154.81 0.0145454
154.82 0.0105062
154.83 0.00668829
154.84 0.00308094
154.85 -0.000337802
154.86 -0.00359977
154.87 -0.00674522
154.88 -0.009821
154.89 -0.0128812
154.9 -0.015986
154.91 -0.0191885
154.92 -0.0225378
154.93 -0.0260779
154.94 -0.0298449
154.95 -0.0338654
154.96 -0.0381553
154.97 -0.0427421
154.98 -0.0475935
154.99 -0.0526819
155 -0.0579713
155.01 -0.0634145
155.02 -0.068955
155.03 -0.0745283
155.04 -0.0800646
155.05 -0.0854719
155.06 -0.0906814
155.07 -0.095622
155.08 -0.100227
155.09 -0.104439
155.1 -0.108208
155.11 -0.111495
155.12 -0.114271
155.13 -0.116481
155.14 -0.118178
155.15 -0.119381
155.16 -0.120121
155.17 -0.120442
155.18 -0.120398
155.19 -0.12005
155.2 -0.11946
155.21 -0.118697
155.22 -0.117848
155.23 -0.116976
155.24 -0.116142
155.25 -0.115394
155.26 -0.114772
155.27 -0.114302
155.28 -0.114002
155.29 -0.113871
155.3 -0.113878
155.31 -0.113986
155.32 -0.114146
155.33 -0.114297
155.34 -0.114369
155.35 -0.114282
155.36 -0.113941
155.37 -0.113249
155.38 -0.112139
155.39 -0.110537
155.4 -0.108379
155.41 -0.105614
155.42 -0.102203
155.43 -0.0981247
155.44 -0.0933391
155.45 -0.0878781
155.46 -0.0818102
155.47 -0.0751945
155.48 -0.0681073
155.49 -0.0606406
155.5 -0.0528994
155.51 -0.044999
155.52 -0.0370681
155.53 -0.0292481
155.54 -0.0216642
155.55 -0.0144352
155.56 -0.00767122
155.57 -0.00146999
155.58 0.00408612
155.59 0.0089327
155.6 0.0129608
155.61 0.0161974
155.62 0.0186606
155.63 0.0203769
155.64 0.0213932
155.65 0.0217758
155.66 0.0216081
155.67 0.0209874
155.68 0.0200003
155.69 0.0188037
155.7 0.0175184
155.71 0.0162613
155.72 0.0151437
155.73 0.0142673
155.74 0.0137213
155.75 0.0135817
155.76 0.013949
155.77 0.014814
155.78 0.0161864
155.79 0.0180547
155.8 0.0203873
155.81 0.0231336
155.82 0.0262258
155.83 0.0295849
155.84 0.0331176
155.85 0.0367006
155.86 0.0402291
155.87 0.0435991
155.88 0.0467118
155.89 0.049477
155.9 0.0518167
155.91 0.0536519
155.92 0.0549113
155.93 0.0556095
155.94 0.0557458
155.95 0.0553403
155.96 0.0544331
155.97 0.0530834
155.98 0.051367
155.99 0.0493668
156 0.047195
156.01 0.0449772
156.02 0.0428256
156.03 0.040851
156.04 0.0391584
156.05 0.0378438
156.06 0.0369898
156.07 0.0366941
156.08 0.0370052
156.09 0.0379194
156.1 0.0394363
156.11 0.041533
156.12 0.0441646
156.13 0.0472654
156.14 0.0507507
156.15 0.0545303
156.16 0.0584664
156.17 0.0624238
156.18 0.0662726
156.19 0.0698828
156.2 0.0731282
156.21 0.0758907
156.22 0.078064
156.23 0.079499
156.24 0.0801547
156.25 0.0800013
156.26 0.0790149
156.27 0.0771951
156.28 0.0745647
156.29 0.071169
156.3 0.067074
156.31 0.062319
156.32 0.0570635
156.33 0.0514306
156.34 0.0455431
156.35 0.0395278
156.36 0.0335106
156.37 0.0276132
156.38 0.0219485
156.39 0.01666
156.4 0.011804
156.41 0.00744354
156.42 0.00362216
156.43 0.000362146
156.44 -0.00233548
156.45 -0.00449055
156.46 -0.0061375
156.47 -0.00730717
156.48 -0.00812028
156.49 -0.00866484
156.5 -0.00903706
156.51 -0.00933769
156.52 -0.00966826
156.53 -0.0101273
156.54 -0.010814
156.55 -0.0118348
156.56 -0.0132366
156.57 -0.0150686
156.58 -0.0173624
156.59 -0.0201306
156.6 -0.0233665
156.61 -0.0270445
156.62 -0.0311329
156.63 -0.0355722
156.64 -0.0402591
156.65 -0.045105
156.66 -0.0500136
156.67 -0.0548842
156.68 -0.0596151
156.69 -0.064107
156.7 -0.0682466
156.71 -0.0719371
156.72 -0.0751281
156.73 -0.077765
156.74 -0.07981
156.75 -0.0812426
156.76 -0.0820602
156.77 -0.0822781
156.78 -0.0818978
156.79 -0.0809856
156.8 -0.0796299
156.81 -0.0779063
156.82 -0.0758985
156.83 -0.0736952
156.84 -0.0713868
156.85 -0.0690628
156.86 -0.0668189
156.87 -0.0647378
156.88 -0.0628827
156.89 -0.0613069
156.9 -0.0600503
156.91 -0.0591379
156.92 -0.0585794
156.93 -0.05837
156.94 -0.0585147
156.95 -0.0589542
156.96 -0.059636
156.97 -0.0605045
156.98 -0.0614979
156.99 -0.0625501
157 -0.0635943
157.01 -0.0645647
157.02 -0.0653813
157.03 -0.0659975
157.04 -0.0663694
157.05 -0.0664629
157.06 -0.0662551
157.07 -0.0657354
157.08 -0.0649054
157.09 -0.0637767
157.1 -0.062353
157.11 -0.0606987
157.12 -0.0588574
157.13 -0.0568785
157.14 -0.0548144
157.15 -0.0527183
157.16 -0.050642
157.17 -0.0486353
157.18 -0.0467508
157.19 -0.0450139
157.2 -0.043446
157.21 -0.0420575
157.22 -0.0408473
157.23 -0.0398023
157.24 -0.0388979
157.25 -0.0381005
157.26 -0.0373611
157.27 -0.0366181
157.28 -0.0358115
157.29 -0.0348781
157.3 -0.033754
157.31 -0.0323769
157.32 -0.0306888
157.33 -0.0286208
157.34 -0.0261182
157.35 -0.0231729
157.36 -0.0197671
157.37 -0.0158955
157.38 -0.0115667
157.39 -0.0068022
157.4 -0.00163657
157.41 0.00389982
157.42 0.00973915
157.43 0.0157979
157.44 0.0220031
157.45 0.0282784
157.46 0.0345466
157.47 0.040732
157.48 0.0467626
157.49 0.0525549
157.5 0.0580531
157.51 0.0632212
157.52 0.0680268
157.53 0.0724504
157.54 0.0764849
157.55 0.0801364
157.56 0.0834228
157.57 0.0863501
157.58 0.0889804
157.59 0.0913692
157.6 0.093569
157.61 0.0956349
157.62 0.097622
157.63 0.0995829
157.64 0.101565
157.65 0.103619
157.66 0.105773
157.67 0.108045
157.68 0.110441
157.69 0.112958
157.7 0.115578
157.71 0.118271
157.72 0.120996
157.73 0.123697
157.74 0.12631
157.75 0.128771
157.76 0.131011
157.77 0.132963
157.78 0.134559
157.79 0.135738
157.8 0.13644
157.81 0.136575
157.82 0.136156
157.83 0.135163
157.84 0.133592
157.85 0.131454
157.86 0.128771
157.87 0.12558
157.88 0.121923
157.89 0.117847
157.9 0.113458
157.91 0.108834
157.92 0.104056
157.93 0.0992058
157.94 0.0943636
157.95 0.0896055
157.96 0.085008
157.97 0.0806433
157.98 0.0765467
157.99 0.072751
158 0.0692756
158.01 0.0661258
158.02 0.0632929
158.03 0.0607552
158.04 0.058489
158.05 0.0564437
158.06 0.0545509
158.07 0.0527504
158.08 0.0509792
158.09 0.0491737
158.1 0.0472729
158.11 0.0452208
158.12 0.0429543
158.13 0.0404347
158.14 0.0376459
158.15 0.034576
158.16 0.0312267
158.17 0.0276137
158.18 0.0237658
158.19 0.0197243
158.2 0.0155361
158.21 0.0112771
158.22 0.00702116
158.23 0.00284178
158.24 -0.00118661
158.25 -0.00499165
158.26 -0.00850591
158.27 -0.0116696
158.28 -0.0143964
158.29 -0.0166745
158.3 -0.0184917
158.31 -0.0198447
158.32 -0.0207466
158.33 -0.0212269
158.34 -0.021331
158.35 -0.021119
158.36 -0.0206489
158.37 -0.0200359
158.38 -0.0193752
158.39 -0.0187651
158.4 -0.0183053
158.41 -0.0180934
158.42 -0.0182216
158.43 -0.0187767
158.44 -0.0198804
158.45 -0.0215449
158.46 -0.0238068
158.47 -0.0266842
158.48 -0.0301758
158.49 -0.0342601
158.5 -0.0388964
158.51 -0.0440328
158.52 -0.049609
158.53 -0.0554902
158.54 -0.0615701
158.55 -0.0677338
158.56 -0.0738615
158.57 -0.0798317
158.58 -0.0855254
158.59 -0.0908138
158.6 -0.0955614
158.61 -0.0997083
158.62 -0.103182
158.63 -0.105927
158.64 -0.107907
158.65 -0.109107
158.66 -0.109531
158.67 -0.109173
158.68 -0.108075
158.69 -0.106345
158.7 -0.104062
158.71 -0.101318
158.72 -0.0982127
158.73 -0.0948516
158.74 -0.091342
158.75 -0.0877931
158.76 -0.0843181
158.77 -0.0810085
158.78 -0.0779425
158.79 -0.075184
158.8 -0.0727814
158.81 -0.0707653
158.82 -0.0691489
158.83 -0.0679515
158.84 -0.067133
158.85 -0.0666369
158.86 -0.0664062
158.87 -0.066372
158.88 -0.0664562
158.89 -0.0665744
158.9 -0.0666388
158.91 -0.0665437
158.92 -0.0662043
158.93 -0.0655477
158.94 -0.0645074
158.95 -0.0630289
158.96 -0.0610719
158.97 -0.0586117
158.98 -0.0556402
158.99 -0.0521236
159 -0.0481325
159.01 -0.0437187
159.02 -0.0389427
159.03 -0.0338781
159.04 -0.0286093
159.05 -0.0232286
159.06 -0.0178342
159.07 -0.0125459
159.08 -0.00746331
159.09 -0.00268259
159.1 0.00170654
159.11 0.00562326
159.12 0.00899775
159.13 0.0117729
159.14 0.0138972
159.15 0.0152904
159.16 0.0160011
159.17 0.0160355
159.18 0.0154148
159.19 0.0141732
159.2 0.0123577
159.21 0.0100252
159.22 0.00723241
159.23 0.00404095
159.24 0.000561727
159.25 -0.00312663
159.26 -0.00694619
159.27 -0.0108217
159.28 -0.0146825
159.29 -0.018464
159.3 -0.0221019
159.31 -0.0255371
159.32 -0.0287415
159.33 -0.0316869
159.34 -0.0343544
159.35 -0.036734
159.36 -0.0388239
159.37 -0.0406296
159.38 -0.0421508
159.39 -0.0434063
159.4 -0.0444317
159.41 -0.0452507
159.42 -0.0458877
159.43 -0.0463669
159.44 -0.0467106
159.45 -0.0469392
159.46 -0.0470645
159.47 -0.0471025
159.48 -0.0470651
159.49 -0.0469557
159.5 -0.0467735
159.51 -0.0465135
159.52 -0.0461671
159.53 -0.0457222
159.54 -0.045155
159.55 -0.0444516
159.56 -0.0435975
159.57 -0.0425739
159.58 -0.0413629
159.59 -0.0399468
159.6 -0.0383097
159.61 -0.036437
159.62 -0.0342947
159.63 -0.0318888
159.64 -0.0292164
159.65 -0.0262729
159.66 -0.0230561
159.67 -0.0195658
159.68 -0.0158043
159.69 -0.0117755
159.7 -0.007461
159.71 -0.00289323
159.72 0.00191691
159.73 0.00695816
159.74 0.0122176
159.75 0.0176807
159.76 0.0233306
159.77 0.0291497
159.78 0.035127
159.79 0.0412223
159.8 0.0474078
159.81 0.0536524
159.82 0.0599215
159.83 0.066177
159.84 0.0723769
159.85 0.0784731
159.86 0.0844018
159.87 0.0901199
159.88 0.0955735
159.89 0.100707
159.9 0.105466
159.91 0.109795
159.92 0.113641
159.93 0.116936
159.94 0.119608
159.95 0.121655
159.96 0.123046
159.97 0.123759
159.98 0.123779
159.99 0.123101
160 0.121732
160.01 0.11966
160.02 0.116906
160.03 0.11355
160.04 0.109639
160.05 0.10523
160.06 0.100388
160.07 0.0951825
160.08 0.0896867
160.09 0.0839692
160.1 0.0781182
160.11 0.0722169
160.12 0.0663352
160.13 0.0605373
160.14 0.0548801
160.15 0.0494116
160.16 0.0441701
160.17 0.0392016
160.18 0.0345147
160.19 0.0301033
160.2 0.0259595
160.21 0.0220654
160.22 0.0183945
160.23 0.0149126
160.24 0.0115797
160.25 0.0083567
160.26 0.00518711
160.27 0.00202365
160.28 -0.00117585
160.29 -0.00444866
160.3 -0.00782539
160.31 -0.0113284
160.32 -0.0149704
160.33 -0.0187658
160.34 -0.0226916
160.35 -0.0267234
160.36 -0.0308275
160.37 -0.0349601
160.38 -0.0390687
160.39 -0.0430934
160.4 -0.0469684
160.41 -0.0505964
160.42 -0.0539239
160.43 -0.0568833
160.44 -0.0594113
160.45 -0.0614515
160.46 -0.0629563
160.47 -0.0638887
160.48 -0.0642159
160.49 -0.0638817
160.5 -0.0629455
160.51 -0.0614286
160.52 -0.0593663
160.53 -0.0568072
160.54 -0.0538122
160.55 -0.0504525
160.56 -0.0468029
160.57 -0.0429494
160.58 -0.0390021
160.59 -0.0350505
160.6 -0.0311808
160.61 -0.0274739
160.62 -0.0240024
160.63 -0.0208286
160.64 -0.0180166
160.65 -0.0156148
160.66 -0.0136171
160.67 -0.0120243
160.68 -0.0108212
160.69 -0.00997724
160.7 -0.009448
160.71 -0.00917625
160.72 -0.00909965
160.73 -0.00913138
160.74 -0.00917971
160.75 -0.00916051
160.76 -0.00899087
160.77 -0.00859205
160.78 -0.0078923
160.79 -0.00682955
160.8 -0.00532622
160.81 -0.00335251
160.82 -0.000908682
160.83 0.00200529
160.84 0.00537257
160.85 0.00915971
160.86 0.0133176
160.87 0.0177825
160.88 0.0224889
160.89 0.0273289
160.9 0.032201
160.91 0.0370058
160.92 0.0416432
160.93 0.0460156
160.94 0.0500304
160.95 0.0536036
160.96 0.056613
160.97 0.0590302
160.98 0.060823
160.99 0.0619669
161 0.0624552
161.01 0.0622985
161.02 0.0615243
161.03 0.0601765
161.04 0.0582706
161.05 0.0559332
161.06 0.05325
161.07 0.0503111
161.08 0.0472108
161.09 0.044044
161.1 0.0409036
161.11 0.0378792
161.12 0.0350749
161.13 0.0325458
161.14 0.030346
161.15 0.0285156
161.16 0.0270792
161.17 0.026046
161.18 0.0254091
161.19 0.0251534
161.2 0.0252583
161.21 0.0256423
161.22 0.026244
161.23 0.0269942
161.24 0.0278187
161.25 0.0286407
161.26 0.0293834
161.27 0.029966
161.28 0.0303038
161.29 0.0303496
161.3 0.0300549
161.31 0.0293826
161.32 0.0283083
161.33 0.0268206
161.34 0.0249216
161.35 0.0226105
161.36 0.0199143
161.37 0.0168966
161.38 0.0136071
161.39 0.0101025
161.4 0.0064445
161.41 0.00269739
161.42 -0.00107418
161.43 -0.00480197
161.44 -0.00842069
161.45 -0.0118816
161.46 -0.0151418
161.47 -0.0181677
161.48 -0.0209358
161.49 -0.0234334
161.5 -0.025658
161.51 -0.0276011
161.52 -0.0292924
161.53 -0.0307685
161.54 -0.0320636
161.55 -0.0332167
161.56 -0.0342695
161.57 -0.0352647
161.58 -0.036244
161.59 -0.0372505
161.6 -0.0383192
161.61 -0.039475
161.62 -0.0407354
161.63 -0.0421089
161.64 -0.0435946
161.65 -0.0451821
161.66 -0.0468514
161.67 -0.0485753
161.68 -0.0503083
161.69 -0.0520055
161.7 -0.0536178
161.71 -0.0550933
161.72 -0.0563794
161.73 -0.0574244
161.74 -0.0581791
161.75 -0.0585634
161.76 -0.0585714
161.77 -0.0581762
161.78 -0.0573601
161.79 -0.0561157
161.8 -0.0544458
161.81 -0.0523639
161.82 -0.0498889
161.83 -0.0470318
161.84 -0.0438695
161.85 -0.0404513
161.86 -0.0368316
161.87 -0.0330675
161.88 -0.0292172
161.89 -0.0253379
161.9 -0.0214859
161.91 -0.0177196
161.92 -0.0140778
161.93 -0.010594
161.94 -0.00729231
161.95 -0.00418755
161.96 -0.0012845
161.97 0.00142184
161.98 0.00393979
161.99 0.00629182
162 0.00852088
162.01 0.0106638
162.02 0.0127609
162.03 0.0148543
162.04 0.0169856
162.05 0.019194
162.06 0.0215219
162.07 0.0240013
162.08 0.0266454
162.09 0.0294642
162.1 0.0324575
162.11 0.0356143
162.12 0.038913
162.13 0.0423213
162.14 0.045798
162.15 0.0492829
162.16 0.0527136
162.17 0.0560247
162.18 0.0591476
162.19 0.0620122
162.2 0.0645497
162.21 0.0666946
162.22 0.0683494
162.23 0.0694774
162.24 0.0700506
162.25 0.0700392
162.26 0.0694258
162.27 0.0682059
162.28 0.0663883
162.29 0.0639951
162.3 0.061019
162.31 0.0575508
162.32 0.0536584
162.33 0.0494098
162.34 0.0448794
162.35 0.040146
162.36 0.0352905
162.37 0.0303934
162.38 0.0255434
162.39 0.0208157
162.4 0.0162744
162.41 0.011975
162.42 0.00796245
162.43 0.00427014
162.44 0.000919416
162.45 -0.00207808
162.46 -0.00469796
162.47 -0.00699114
162.48 -0.00898642
162.49 -0.0107219
162.5 -0.0122435
162.51 -0.0136031
162.52 -0.0148564
162.53 -0.0160617
162.54 -0.0172837
162.55 -0.0185802
162.56 -0.0200016
162.57 -0.0215919
162.58 -0.0233879
162.59 -0.0254172
162.6 -0.0276985
162.61 -0.0302484
162.62 -0.0330738
162.63 -0.036143
162.64 -0.0394333
162.65 -0.0429141
162.66 -0.0465482
162.67 -0.0502926
162.68 -0.054101
162.69 -0.0579229
162.7 -0.0617023
162.71 -0.0653917
162.72 -0.0689468
162.73 -0.0723284
162.74 -0.075503
162.75 -0.0784437
162.76 -0.0811313
162.77 -0.0835393
162.78 -0.0856679
162.79 -0.0875351
162.8 -0.0891542
162.81 -0.0905447
162.82 -0.0917312
162.83 -0.0927424
162.84 -0.0936096
162.85 -0.0943601
162.86 -0.0950334
162.87 -0.0956633
162.88 -0.0962761
162.89 -0.0968939
162.9 -0.097533
162.91 -0.0982034
162.92 -0.0989082
162.93 -0.0996446
162.94 -0.100397
162.95 -0.101145
162.96 -0.101861
162.97 -0.102513
162.98 -0.103065
162.99 -0.103476
163 -0.103703
163.01 -0.103678
163.02 -0.103372
163.03 -0.102747
163.04 -0.101766
163.05 -0.100394
163.06 -0.0986053
163.07 -0.0963782
163.08 -0.0936974
163.09 -0.0905117
163.1 -0.0868686
163.11 -0.0827779
163.12 -0.0782565
163.13 -0.0733279
163.14 -0.0680214
163.15 -0.0623712
163.16 -0.0564119
163.17 -0.0501703
163.18 -0.0437157
163.19 -0.0370923
163.2 -0.0303435
163.21 -0.0235113
163.22 -0.0166355
163.23 -0.00975302
163.24 -0.00289859
163.25 0.00389268
163.26 0.010599
163.27 0.0172003
163.28 0.0236806
163.29 0.0300277
163.3 0.0362325
163.31 0.0422888
163.32 0.0481864
163.33 0.0539188
163.34 0.0594937
163.35 0.0649093
163.36 0.070163
163.37 0.0752509
163.38 0.0801675
163.39 0.0849051
163.4 0.0894437
163.41 0.0937686
163.42 0.0978741
163.43 0.101743
163.44 0.105355
163.45 0.10869
163.46 0.111725
163.47 0.114439
163.48 0.116787
163.49 0.118752
163.5 0.12033
163.51 0.121504
163.52 0.12226
163.53 0.122586
163.54 0.122478
163.55 0.121932
163.56 0.120918
163.57 0.119465
163.58 0.117596
163.59 0.115328
163.6 0.11268
163.61 0.109677
163.62 0.106345
163.63 0.102715
163.64 0.0987975
163.65 0.0946492
163.66 0.0903084
163.67 0.08581
163.68 0.0811885
163.69 0.0764775
163.7 0.0717096
163.71 0.0669154
163.72 0.0621267
163.73 0.0573717
163.74 0.0526739
163.75 0.0480544
163.76 0.0435319
163.77 0.0391227
163.78 0.0348409
163.79 0.0306996
163.8 0.0267226
163.81 0.022905
163.82 0.0192538
163.83 0.0157753
163.84 0.0124748
163.85 0.00935745
163.86 0.00642819
163.87 0.00369607
163.88 0.00117891
163.89 -0.00113321
163.9 -0.00323407
163.91 -0.00511689
163.92 -0.00677435
163.93 -0.00819862
163.94 -0.00938143
163.95 -0.0103057
163.96 -0.0109522
163.97 -0.0113294
163.98 -0.0114287
163.99 -0.011242
164 -0.010762
164.01 -0.00998207
164.02 -0.00889715
164.03 -0.00748976
164.04 -0.00575417
164.05 -0.00370874
164.06 -0.00135674
164.07 0.00129589
164.08 0.00424021
164.09 0.00746411
164.1 0.0109521
164.11 0.0146976
164.12 0.0186715
164.13 0.0228358
164.14 0.0271595
164.15 0.0316079
164.16 0.0361433
164.17 0.0407247
164.18 0.0453084
164.19 0.049842
164.2 0.0542736
164.21 0.0585559
164.22 0.0626398
164.23 0.0664766
164.24 0.0700194
164.25 0.0732234
164.26 0.0760469
164.27 0.0784165
164.28 0.0803218
164.29 0.0817463
164.3 0.0826717
164.31 0.0830863
164.32 0.0829865
164.33 0.0823762
164.34 0.0812676
164.35 0.0796392
164.36 0.0775619
164.37 0.0750765
164.38 0.0722255
164.39 0.0690569
164.4 0.0656226
164.41 0.0619777
164.42 0.0581787
164.43 0.0542787
164.44 0.0503471
164.45 0.0464355
164.46 0.0425914
164.47 0.0388561
164.48 0.0352639
164.49 0.0318412
164.5 0.0286082
164.51 0.0255868
164.52 0.0227567
164.53 0.0201044
164.54 0.0176073
164.55 0.0152342
164.56 0.0129466
164.57 0.0106999
164.58 0.00844275
164.59 0.00611325
164.6 0.00365871
164.61 0.00102639
164.62 -0.00183344
164.63 -0.00496563
164.64 -0.00840838
164.65 -0.0121917
164.66 -0.0163502
164.67 -0.0209022
164.68 -0.0258201
164.69 -0.0310871
164.7 -0.0366743
164.71 -0.0425412
164.72 -0.0486368
164.73 -0.0549
164.74 -0.0612628
164.75 -0.0676385
164.76 -0.0739421
164.77 -0.0800911
164.78 -0.086004
164.79 -0.0916024
164.8 -0.096813
164.81 -0.10157
164.82 -0.105783
164.83 -0.109416
164.84 -0.112458
164.85 -0.114896
164.86 -0.116728
164.87 -0.117969
164.88 -0.118645
164.89 -0.118798
164.9 -0.11845
164.91 -0.117696
164.92 -0.116619
164.93 -0.115299
164.94 -0.113817
164.95 -0.112255
164.96 -0.110689
164.97 -0.109196
164.98 -0.107857
164.99 -0.106724
165 -0.105837
165.01 -0.105222
165.02 -0.104895
165.03 -0.104855
165.04 -0.105084
165.05 -0.105553
165.06 -0.106231
165.07 -0.107035
165.08 -0.107896
165.09 -0.108738
165.1 -0.109477
165.11 -0.11003
165.12 -0.110314
165.13 -0.110244
165.14 -0.109704
165.15 -0.108663
165.16 -0.107072
165.17 -0.10489
165.18 -0.102097
165.19 -0.0986825
165.2 -0.094657
165.21 -0.0900334
165.22 -0.0848262
165.23 -0.0791406
165.24 -0.073047
165.25 -0.0666264
165.26 -0.0599676
165.27 -0.0531645
165.28 -0.0463132
165.29 -0.0395141
165.3 -0.0328748
165.31 -0.0264747
165.32 -0.0203878
165.33 -0.0146764
165.34 -0.00938931
165.35 -0.00456029
165.36 -0.000207572
165.37 0.00364585
165.38 0.00701218
165.39 0.0099506
165.4 0.0125067
165.41 0.0147375
165.42 0.0167096
165.43 0.0184961
165.44 0.0201744
165.45 0.0218259
165.46 0.0235376
165.47 0.0253811
165.48 0.0274196
165.49 0.0297059
165.5 0.0322811
165.51 0.0351724
165.52 0.0383924
165.53 0.04196
165.54 0.0458408
165.55 0.0499884
165.56 0.0543531
165.57 0.0588735
165.58 0.0634786
165.59 0.0680897
165.6 0.072623
165.61 0.0769725
165.62 0.0810541
165.63 0.0847909
165.64 0.0881089
165.65 0.0909431
165.66 0.0932398
165.67 0.0949579
165.68 0.0960703
165.69 0.0965077
165.7 0.0963275
165.71 0.0955559
165.72 0.0942278
165.73 0.0923902
165.74 0.090101
165.75 0.0874268
165.76 0.0844396
165.77 0.0812021
165.78 0.0778216
165.79 0.0743742
165.8 0.0709316
165.81 0.0675588
165.82 0.0643124
165.83 0.0612389
165.84 0.058377
165.85 0.055767
165.86 0.0533982
165.87 0.0512657
165.88 0.0493535
165.89 0.0476352
165.9 0.0460754
165.91 0.0446321
165.92 0.0432584
165.93 0.0418993
165.94 0.0405001
165.95 0.0390131
165.96 0.0373953
165.97 0.0356099
165.98 0.0336284
165.99 0.0314315
166 0.0290017
166.01 0.0263378
166.02 0.0234696
166.03 0.0204231
166.04 0.0172343
166.05 0.0139472
166.06 0.0106128
166.07 0.00728686
166.08 0.00403467
166.09 0.000923481
166.1 -0.00199347
166.11 -0.00466351
166.12 -0.00704022
166.13 -0.00908529
166.14 -0.0107699
166.15 -0.0120761
166.16 -0.012973
166.17 -0.013478
166.18 -0.0136251
166.19 -0.013445
166.2 -0.012978
166.21 -0.0122728
166.22 -0.0113848
166.23 -0.0103742
166.24 -0.00930404
166.25 -0.00824706
166.26 -0.00726482
166.27 -0.00641283
166.28 -0.00573988
166.29 -0.00528642
166.3 -0.00508307
166.31 -0.00514966
166.32 -0.00551843
166.33 -0.00616359
166.34 -0.0070637
166.35 -0.00819086
166.36 -0.00950796
166.37 -0.0109702
166.38 -0.0125271
166.39 -0.0141241
166.4 -0.0156987
166.41 -0.0171931
166.42 -0.0185571
166.43 -0.019746
166.44 -0.0207234
166.45 -0.0214622
166.46 -0.0219463
166.47 -0.0221692
166.48 -0.0221205
166.49 -0.0218474
166.5 -0.0213849
166.51 -0.0207788
166.52 -0.020084
166.53 -0.0193625
166.54 -0.0186819
166.55 -0.0181165
166.56 -0.0177553
166.57 -0.0176559
166.58 -0.0178801
166.59 -0.0184818
166.6 -0.0195048
166.61 -0.0209809
166.62 -0.0229288
166.63 -0.0253681
166.64 -0.0283005
166.65 -0.0316643
166.66 -0.0354155
166.67 -0.0394967
166.68 -0.0438388
166.69 -0.0483628
166.7 -0.0529821
166.71 -0.0576006
166.72 -0.0621107
166.73 -0.0664198
166.74 -0.0704386
166.75 -0.0740846
166.76 -0.0772842
166.77 -0.0799748
166.78 -0.0821069
166.79 -0.0836095
166.8 -0.0844699
166.81 -0.0847129
166.82 -0.0843523
166.83 -0.083416
166.84 -0.0819451
166.85 -0.0799916
166.86 -0.0776172
166.87 -0.074871
166.88 -0.071848
166.89 -0.0686337
166.9 -0.0653013
166.91 -0.0619197
166.92 -0.0585516
166.93 -0.0552513
166.94 -0.0520629
166.95 -0.0490328
166.96 -0.0461725
166.97 -0.043484
166.98 -0.0409596
166.99 -0.03858
167 -0.0363156
167.01 -0.0341277
167.02 -0.0319703
167.03 -0.0297859
167.04 -0.0275178
167.05 -0.0251127
167.06 -0.0225202
167.07 -0.0196947
167.08 -0.0165979
167.09 -0.0132001
167.1 -0.00948058
167.11 -0.00540096
167.12 -0.000999478
167.13 0.00370518
167.14 0.00868288
167.15 0.013893
167.16 0.0192856
167.17 0.0248035
167.18 0.0303836
167.19 0.035952
167.2 0.0414374
167.21 0.0467749
167.22 0.0519045
167.23 0.0567724
167.24 0.0613337
167.25 0.0655537
167.26 0.0693988
167.27 0.0728411
167.28 0.0759126
167.29 0.0786311
167.3 0.0810256
167.31 0.0831361
167.32 0.0850115
167.33 0.0867079
167.34 0.0882839
167.35 0.08981
167.36 0.0913554
167.37 0.0929794
167.38 0.0947352
167.39 0.0966681
167.4 0.0988128
167.41 0.101192
167.42 0.103829
167.43 0.106716
167.44 0.109819
167.45 0.113103
167.46 0.116519
167.47 0.120006
167.48 0.123496
167.49 0.126909
167.5 0.130149
167.51 0.133122
167.52 0.135751
167.53 0.137955
167.54 0.139661
167.55 0.140805
167.56 0.141332
167.57 0.141204
167.58 0.140343
167.59 0.138776
167.6 0.136532
167.61 0.133636
167.62 0.130133
167.63 0.126077
167.64 0.121537
167.65 0.116591
167.66 0.111303
167.67 0.105798
167.68 0.100169
167.69 0.0945071
167.7 0.0888962
167.71 0.0834131
167.72 0.0781243
167.73 0.0730845
167.74 0.0683659
167.75 0.0639656
167.76 0.0598896
167.77 0.0561291
167.78 0.0526604
167.79 0.0494464
167.8 0.0464379
167.81 0.0435765
167.82 0.0407943
167.83 0.038007
167.84 0.0351413
167.85 0.0321258
167.86 0.0288935
167.87 0.0253849
167.88 0.0215499
167.89 0.0173416
167.9 0.0127116
167.91 0.00768226
167.92 0.00226213
167.93 -0.00352539
167.94 -0.0096424
167.95 -0.0160377
167.96 -0.0226483
167.97 -0.0294036
167.98 -0.0362151
167.99 -0.0429887
168 -0.0496383
168.01 -0.0560795
168.02 -0.0622325
168.03 -0.068025
168.04 -0.0733941
168.05 -0.0782652
168.06 -0.0825926
168.07 -0.0863833
168.08 -0.089633
168.09 -0.092352
168.1 -0.0945654
168.11 -0.0963114
168.12 -0.0976395
168.13 -0.0985925
168.14 -0.0992513
168.15 -0.0997028
168.16 -0.100019
168.17 -0.100271
168.18 -0.100525
168.19 -0.100838
168.2 -0.101259
168.21 -0.101837
168.22 -0.10259
168.23 -0.103521
168.24 -0.104618
168.25 -0.105859
168.26 -0.107206
168.27 -0.108609
168.28 -0.110006
168.29 -0.111315
168.3 -0.112458
168.31 -0.113357
168.32 -0.113934
168.33 -0.114115
168.34 -0.113832
168.35 -0.113028
168.36 -0.111657
168.37 -0.109631
168.38 -0.106987
168.39 -0.103737
168.4 -0.0999043
168.41 -0.0955313
168.42 -0.0906765
168.43 -0.0854141
168.44 -0.0798309
168.45 -0.0740164
168.46 -0.0681089
168.47 -0.0622214
168.48 -0.056468
168.49 -0.0509602
168.5 -0.0458034
168.51 -0.0410942
168.52 -0.0369267
168.53 -0.0334174
168.54 -0.030568
168.55 -0.0284074
168.56 -0.0269448
168.57 -0.026169
168.58 -0.0260494
168.59 -0.0265366
168.6 -0.0275766
168.61 -0.0290972
168.62 -0.0309631
168.63 -0.0330694
168.64 -0.0353062
168.65 -0.037562
168.66 -0.0397271
168.67 -0.0416976
168.68 -0.043363
168.69 -0.0446228
168.7 -0.0454304
168.71 -0.0457374
168.72 -0.0455139
168.73 -0.044749
168.74 -0.0434508
168.75 -0.0416465
168.76 -0.03936
168.77 -0.0366637
168.78 -0.0336575
168.79 -0.030429
168.8 -0.0270734
168.81 -0.0236895
168.82 -0.0203768
168.83 -0.0172319
168.84 -0.0143671
168.85 -0.0118646
168.86 -0.0097798
168.87 -0.00816292
168.88 -0.00704751
168.89 -0.00644911
168.9 -0.00636466
168.91 -0.00677259
168.92 -0.00766343
168.93 -0.00894939
168.94 -0.0105447
168.95 -0.0123629
168.96 -0.0143083
168.97 -0.0162792
168.98 -0.0181709
168.99 -0.0198789
169 -0.0212693
169.01 -0.0222622
169.02 -0.0227809
169.03 -0.0227578
169.04 -0.0221408
169.05 -0.0208949
169.06 -0.0190031
169.07 -0.0164671
169.08 -0.0132492
169.09 -0.00945548
169.1 -0.00514649
169.11 -0.000396474
169.12 0.00470766
169.13 0.010069
169.14 0.0155834
169.15 0.0211418
169.16 0.0266179
169.17 0.0319032
169.18 0.036897
169.19 0.0415077
169.2 0.0456543
169.21 0.0492693
169.22 0.0522998
169.23 0.0546944
169.24 0.0563966
169.25 0.0574567
169.26 0.0578922
169.27 0.0577361
169.28 0.0570358
169.29 0.0558509
169.3 0.0542518
169.31 0.0523085
169.32 0.0501081
169.33 0.04776
169.34 0.0453516
169.35 0.042968
169.36 0.040689
169.37 0.0385873
169.38 0.0367268
169.39 0.0351763
169.4 0.0339841
169.41 0.0331593
169.42 0.0327149
169.43 0.0326508
169.44 0.0329544
169.45 0.0336019
169.46 0.0345588
169.47 0.0357941
169.48 0.0372452
169.49 0.0388435
169.5 0.0405281
169.51 0.0422368
169.52 0.0439082
169.53 0.0454831
169.54 0.0469064
169.55 0.0481114
169.56 0.0490598
169.57 0.0497253
169.58 0.0500845
169.59 0.0501229
169.6 0.0498358
169.61 0.0492277
169.62 0.0483124
169.63 0.047091
169.64 0.0456156
169.65 0.0439298
169.66 0.042077
169.67 0.0401048
169.68 0.0380636
169.69 0.0360053
169.7 0.0339822
169.71 0.0320585
169.72 0.0302796
169.73 0.0286898
169.74 0.0273295
169.75 0.0262341
169.76 0.0254328
169.77 0.0249488
169.78 0.0247997
169.79 0.0250266
169.8 0.0255973
169.81 0.0265056
169.82 0.027738
169.83 0.0292749
169.84 0.0310908
169.85 0.0331545
169.86 0.0354329
169.87 0.0378923
169.88 0.0404708
169.89 0.0431212
169.9 0.0457943
169.91 0.04844
169.92 0.0510078
169.93 0.0534476
169.94 0.055704
169.95 0.0577151
169.96 0.0594509
169.97 0.0608716
169.98 0.0619416
169.99 0.0626303
170 0.062912
170.01 0.0627668
170.02 0.0621628
170.03 0.0610835
170.04 0.0595561
170.05 0.0575876
170.06 0.0551914
170.07 0.0523869
170.08 0.0491992
170.09 0.0456589
170.1 0.0417866
170.11 0.0376285
170.12 0.0332428
170.13 0.0286749
170.14 0.0239711
170.15 0.0191782
170.16 0.0143421
170.17 0.00950725
170.18 0.00472076
170.19 2.39225e-05
170.2 -0.00455194
170.21 -0.00897865
170.22 -0.0132335
170.23 -0.0172994
170.24 -0.0211651
170.25 -0.0248255
170.26 -0.0282654
170.27 -0.0315025
170.28 -0.0345533
170.29 -0.037433
170.3 -0.0401597
170.31 -0.0427539
170.32 -0.045237
170.33 -0.0476303
170.34 -0.04995
170.35 -0.0522209
170.36 -0.0544587
170.37 -0.056674
170.38 -0.0588729
170.39 -0.0610562
170.4 -0.0632196
170.41 -0.0653528
170.42 -0.0674336
170.43 -0.0694432
170.44 -0.0713552
170.45 -0.0731392
170.46 -0.0747621
170.47 -0.0761886
170.48 -0.0773831
170.49 -0.0783065
170.5 -0.0788981
170.51 -0.0791522
170.52 -0.0790433
170.53 -0.0785509
170.54 -0.0776606
170.55 -0.0763651
170.56 -0.0746643
170.57 -0.0725569
170.58 -0.0700397
170.59 -0.0671681
170.6 -0.0639735
170.61 -0.0604931
170.62 -0.0567694
170.63 -0.052849
170.64 -0.0487812
170.65 -0.0446154
170.66 -0.0404071
170.67 -0.0362112
170.68 -0.0320733
170.69 -0.0280348
170.7 -0.0241316
170.71 -0.020393
170.72 -0.0168413
170.73 -0.0135008
170.74 -0.0103794
170.75 -0.00746274
170.76 -0.0047402
170.77 -0.00219411
170.78 0.000199141
170.79 0.00246815
170.8 0.00464526
170.81 0.00676401
170.82 0.00886551
170.83 0.0109867
170.84 0.0131598
170.85 0.0154132
170.86 0.0177704
170.87 0.0202488
170.88 0.0228585
170.89 0.0256117
170.9 0.0284957
170.91 0.0314912
170.92 0.0345756
170.93 0.0377187
170.94 0.0408844
170.95 0.0440313
170.96 0.0471141
170.97 0.0500716
170.98 0.0528575
170.99 0.0554264
171 0.0577337
171.01 0.0597388
171.02 0.0614072
171.03 0.0627112
171.04 0.0636311
171.05 0.0641187
171.06 0.0642089
171.07 0.0639149
171.08 0.0632567
171.09 0.062263
171.1 0.0609709
171.11 0.0594241
171.12 0.0576714
171.13 0.0557588
171.14 0.0537615
171.15 0.0517358
171.16 0.0497366
171.17 0.0478151
171.18 0.0460171
171.19 0.0443816
171.2 0.0429432
171.21 0.0417386
171.22 0.0407596
171.23 0.0400037
171.24 0.0394574
171.25 0.0390963
171.26 0.038886
171.27 0.0387829
171.28 0.0387351
171.29 0.0386767
171.3 0.0385407
171.31 0.038261
171.32 0.0377714
171.33 0.0370079
171.34 0.0359101
171.35 0.034424
171.36 0.0324837
171.37 0.0300403
171.38 0.0270974
171.39 0.0236448
171.4 0.019685
171.41 0.0152341
171.42 0.0103213
171.43 0.00498907
171.44 -0.000724097
171.45 -0.00674064
171.46 -0.0129663
171.47 -0.0193166
171.48 -0.0257018
171.49 -0.0320291
171.5 -0.0382045
171.51 -0.0441355
171.52 -0.0497058
171.53 -0.0548332
171.54 -0.059457
171.55 -0.0635142
171.56 -0.0669537
171.57 -0.0697367
171.58 -0.0718383
171.59 -0.0732478
171.6 -0.0739167
171.61 -0.073903
171.62 -0.0732575
171.63 -0.0720265
171.64 -0.0702671
171.65 -0.0680458
171.66 -0.0654366
171.67 -0.0625191
171.68 -0.0593641
171.69 -0.0560812
171.7 -0.0527561
171.71 -0.0494685
171.72 -0.0462929
171.73 -0.0432965
171.74 -0.0405379
171.75 -0.038066
171.76 -0.035954
171.77 -0.0341955
171.78 -0.0328017
171.79 -0.0317718
171.8 -0.0310932
171.81 -0.0307426
171.82 -0.0306864
171.83 -0.0308844
171.84 -0.0312961
171.85 -0.0318426
171.86 -0.0324629
171.87 -0.0330942
171.88 -0.0336736
171.89 -0.0341399
171.9 -0.0344355
171.91 -0.0345012
171.92 -0.034272
171.93 -0.03373
171.94 -0.0328484
171.95 -0.0316104
171.96 -0.0300097
171.97 -0.0280507
171.98 -0.0257481
171.99 -0.023117
172 -0.020189
172.01 -0.01703
172.02 -0.0136927
172.03 -0.0102355
172.04 -0.00672116
172.05 -0.00321535
172.06 0.00021522
172.07 0.00349458
172.08 0.00654954
172.09 0.00932966
172.1 0.0117823
172.11 0.0138622
172.12 0.0155323
172.13 0.016765
172.14 0.0175428
172.15 0.0178315
172.16 0.0176448
172.17 0.017019
172.18 0.0159808
172.19 0.0145662
172.2 0.0128197
172.21 0.0107927
172.22 0.00854238
172.23 0.00612314
172.24 0.00361291
172.25 0.0010807
172.26 -0.00141067
172.27 -0.00380163
172.28 -0.00603749
172.29 -0.00806997
172.3 -0.00985853
172.31 -0.0113467
172.32 -0.0125299
172.33 -0.0134044
172.34 -0.0139718
172.35 -0.0142445
172.36 -0.0142449
172.37 -0.014005
172.38 -0.0135652
172.39 -0.0129635
172.4 -0.0122724
172.41 -0.0115505
172.42 -0.0108574
172.43 -0.0102521
172.44 -0.00979131
172.45 -0.00952763
172.46 -0.00950913
172.47 -0.00980273
172.48 -0.0104112
172.49 -0.0113505
172.5 -0.0126248
172.51 -0.0142262
172.52 -0.0161345
172.53 -0.0183174
172.54 -0.0207342
172.55 -0.0233349
172.56 -0.0260354
172.57 -0.0287631
172.58 -0.0314407
172.59 -0.0339875
172.6 -0.0363227
172.61 -0.0383671
172.62 -0.0400328
172.63 -0.0412262
172.64 -0.0419175
172.65 -0.042061
172.66 -0.0416242
172.67 -0.0405888
172.68 -0.0389515
172.69 -0.0367247
172.7 -0.0339148
172.71 -0.0305635
172.72 -0.0267648
172.73 -0.0225919
172.74 -0.018129
172.75 -0.0134684
172.76 -0.00870879
172.77 -0.00395192
172.78 0.000688599
172.79 0.00510072
172.8 0.00919721
172.81 0.0128939
172.82 0.0161178
172.83 0.0188093
172.84 0.0209237
172.85 0.0224331
172.86 0.0232868
172.87 0.0235139
172.88 0.0231652
172.89 0.0222863
172.9 0.0209381
172.91 0.0191947
172.92 0.0171419
172.93 0.0148738
172.94 0.01249
172.95 0.0101105
172.96 0.00783983
172.97 0.00577552
172.98 0.00400781
172.99 0.00261681
173 0.00167003
173.01 0.00122034
173.02 0.00135368
173.03 0.00204634
173.04 0.00328839
173.05 0.00505831
173.06 0.00731731
173.07 0.0100106
173.08 0.0130693
173.09 0.0164124
173.1 0.0199594
173.11 0.0235854
173.12 0.0271902
173.13 0.0306747
173.14 0.0339439
173.15 0.0369104
173.16 0.0394966
173.17 0.0416322
173.18 0.0432259
173.19 0.04429
173.2 0.0448143
173.21 0.0448071
173.22 0.0442952
173.23 0.0433228
173.24 0.0419504
173.25 0.0402472
173.26 0.0382985
173.27 0.0362263
173.28 0.0341331
173.29 0.0321235
173.3 0.0303004
173.31 0.0287614
173.32 0.0275959
173.33 0.0269007
173.34 0.0267608
173.35 0.0271894
173.36 0.0282113
173.37 0.0298322
173.38 0.0320379
173.39 0.0347949
173.4 0.0380511
173.41 0.0417536
173.42 0.0458069
173.43 0.0500894
173.44 0.0544934
173.45 0.0589058
173.46 0.0632118
173.47 0.0672984
173.48 0.0710579
173.49 0.0743606
173.5 0.0771184
173.51 0.0792809
173.52 0.0807972
173.53 0.0816353
173.54 0.0817828
173.55 0.0812476
173.56 0.0800577
173.57 0.0782207
173.58 0.0758362
173.59 0.0730041
173.6 0.0698188
173.61 0.0663828
173.62 0.0628039
173.63 0.0591915
173.64 0.0556532
173.65 0.0523133
173.66 0.0492604
173.67 0.0465688
173.68 0.0443003
173.69 0.0424995
173.7 0.0411922
173.71 0.0403844
173.72 0.0400624
173.73 0.0402313
173.74 0.040791
173.75 0.0416671
173.76 0.042774
173.77 0.0440152
173.78 0.0452866
173.79 0.04648
173.8 0.0474845
173.81 0.0481581
173.82 0.0484234
173.83 0.0481944
173.84 0.0473988
173.85 0.0459805
173.86 0.0439018
173.87 0.0411444
173.88 0.0376986
173.89 0.0335498
173.9 0.0288014
173.91 0.0235196
173.92 0.0177867
173.93 0.0116994
173.94 0.00536533
173.95 -0.00109954
173.96 -0.00757116
173.97 -0.013909
173.98 -0.0199959
173.99 -0.0257215
174 -0.0309855
174.01 -0.0357007
174.02 -0.0397959
174.03 -0.0432172
174.04 -0.0458992
174.05 -0.0478159
174.06 -0.0490195
174.07 -0.0495398
174.08 -0.0494249
174.09 -0.0487395
174.1 -0.0475626
174.11 -0.0459851
174.12 -0.0440965
174.13 -0.0420186
174.14 -0.0398728
174.15 -0.0377649
174.16 -0.0357954
174.17 -0.0340568
174.18 -0.0326308
174.19 -0.031586
174.2 -0.0310071
174.21 -0.0309194
174.22 -0.0313226
174.23 -0.0322146
174.24 -0.0335759
174.25 -0.0353708
174.26 -0.0375488
174.27 -0.0400464
174.28 -0.0428021
174.29 -0.0457101
174.3 -0.0486763
174.31 -0.0516102
174.32 -0.0544222
174.33 -0.0570268
174.34 -0.0593447
174.35 -0.0613056
174.36 -0.0628081
174.37 -0.0638359
174.38 -0.0643643
174.39 -0.0643782
174.4 -0.0638779
174.41 -0.062878
174.42 -0.0614074
174.43 -0.0595075
174.44 -0.0572005
174.45 -0.0545937
174.46 -0.0517592
174.47 -0.0487741
174.48 -0.0457181
174.49 -0.042671
174.5 -0.039711
174.51 -0.0369146
174.52 -0.0343739
174.53 -0.0321311
174.54 -0.0302348
174.55 -0.0287225
174.56 -0.0276208
174.57 -0.0269447
174.58 -0.0266976
174.59 -0.0268815
174.6 -0.0274955
174.61 -0.028477
174.62 -0.0297876
174.63 -0.0313818
174.64 -0.0332087
174.65 -0.0352137
174.66 -0.03734
174.67 -0.0395299
174.68 -0.0417201
174.69 -0.0438529
174.7 -0.045878
174.71 -0.0477498
174.72 -0.0494282
174.73 -0.0508789
174.74 -0.0520744
174.75 -0.0529795
174.76 -0.0535774
174.77 -0.0538767
174.78 -0.0538771
174.79 -0.0535839
174.8 -0.0530077
174.81 -0.0521632
174.82 -0.0510692
174.83 -0.049735
174.84 -0.0481926
174.85 -0.0464774
174.86 -0.0446168
174.87 -0.0426385
174.88 -0.0405705
174.89 -0.0384402
174.9 -0.0362744
174.91 -0.0341004
174.92 -0.0319457
174.93 -0.0298337
174.94 -0.0277855
174.95 -0.0258211
174.96 -0.0239583
174.97 -0.0222129
174.98 -0.0205988
174.99 -0.0191401
175 -0.0178369
175.01 -0.0166923
175.02 -0.0157092
175.03 -0.0148873
175.04 -0.0142233
175.05 -0.0137102
175.06 -0.0133379
175.07 -0.0131032
175.08 -0.0129756
175.09 -0.0129331
175.1 -0.0129519
175.11 -0.0130051
175.12 -0.0130642
175.13 -0.0130987
175.14 -0.0130768
175.15 -0.0129563
175.16 -0.0127124
175.17 -0.0123165
175.18 -0.0117422
175.19 -0.010967
175.2 -0.00997208
175.21 -0.00874395
175.22 -0.00726985
175.23 -0.00553265
175.24 -0.00355812
175.25 -0.00135852
175.26 0.00104759
175.27 0.00363562
175.28 0.00637549
175.29 0.00923234
175.3 0.0121685
175.31 0.0151386
175.32 0.0180941
175.33 0.0209918
175.34 0.0237899
175.35 0.0264491
175.36 0.0289346
175.37 0.0312164
175.38 0.033261
175.39 0.0350474
175.4 0.0365832
175.41 0.0378711
175.42 0.0389226
175.43 0.0397574
175.44 0.0404035
175.45 0.0408961
175.46 0.0412733
175.47 0.0415891
175.48 0.0418991
175.49 0.0422554
175.5 0.0427096
175.51 0.0433111
175.52 0.0441053
175.53 0.0451321
175.54 0.046443
175.55 0.0480546
175.56 0.0499686
175.57 0.0521849
175.58 0.0546923
175.59 0.0574677
175.6 0.0604769
175.61 0.063675
175.62 0.0670127
175.63 0.0704117
175.64 0.073798
175.65 0.0770962
175.66 0.0802286
175.67 0.0831174
175.68 0.0856873
175.69 0.0878673
175.7 0.0895469
175.71 0.0907032
175.72 0.0912987
175.73 0.0913033
175.74 0.0906998
175.75 0.0894852
175.76 0.0876701
175.77 0.0852785
175.78 0.0823002
175.79 0.0788449
175.8 0.0749756
175.81 0.0707635
175.82 0.0662862
175.83 0.0616252
175.84 0.0568636
175.85 0.0520845
175.86 0.0473791
175.87 0.0428189
175.88 0.0384666
175.89 0.0343744
175.9 0.0305827
175.91 0.0271191
175.92 0.0239975
175.93 0.0212258
175.94 0.0188039
175.95 0.0166757
175.96 0.0147995
175.97 0.0131235
175.98 0.0115877
175.99 0.0101259
176 0.00866839
176.01 0.00713886
176.02 0.00545542
176.03 0.00355849
176.04 0.00139032
176.05 -0.00109791
176.06 -0.00394428
176.07 -0.00717462
176.08 -0.0108014
176.09 -0.0148418
176.1 -0.019277
176.11 -0.0240534
176.12 -0.0291247
176.13 -0.0344329
176.14 -0.0399097
176.15 -0.0454784
176.16 -0.0510563
176.17 -0.0565465
176.18 -0.0618517
176.19 -0.0668897
176.2 -0.071579
176.21 -0.0758449
176.22 -0.0796216
176.23 -0.0828539
176.24 -0.0854985
176.25 -0.0874796
176.26 -0.0888092
176.27 -0.0895069
176.28 -0.0895885
176.29 -0.0890831
176.3 -0.088032
176.31 -0.0864871
176.32 -0.0845092
176.33 -0.0821416
176.34 -0.0794894
176.35 -0.0766338
176.36 -0.0736495
176.37 -0.0706086
176.38 -0.0675782
176.39 -0.0646188
176.4 -0.0617826
176.41 -0.0591311
176.42 -0.0566813
176.43 -0.0544499
176.44 -0.0524426
176.45 -0.0506538
176.46 -0.0490671
176.47 -0.0476565
176.48 -0.0463879
176.49 -0.0452234
176.5 -0.0441023
176.51 -0.0429737
176.52 -0.0417859
176.53 -0.0404882
176.54 -0.0390327
176.55 -0.0373762
176.56 -0.0354763
176.57 -0.0332846
176.58 -0.0308023
176.59 -0.0280202
176.6 -0.024939
176.61 -0.0215691
176.62 -0.0179304
176.63 -0.0140518
176.64 -0.00996498
176.65 -0.00571349
176.66 -0.0013612
176.67 0.00303829
176.68 0.00742954
176.69 0.0117569
176.7 0.0159661
176.71 0.020006
176.72 0.0238184
176.73 0.027354
176.74 0.0305931
176.75 0.033511
176.76 0.036091
176.77 0.0383252
176.78 0.0402138
176.79 0.0417653
176.8 0.0429793
176.81 0.0438854
176.82 0.0445282
176.83 0.0449419
176.84 0.0451641
176.85 0.0452341
176.86 0.0451919
176.87 0.045077
176.88 0.0449267
176.89 0.0447807
176.9 0.0446696
176.91 0.0446186
176.92 0.0446474
176.93 0.0447704
176.94 0.0449962
176.95 0.045328
176.96 0.0457713
176.97 0.0463119
176.98 0.0469354
176.99 0.0476264
177 0.0483674
177.01 0.0491389
177.02 0.0499209
177.03 0.0506936
177.04 0.0514338
177.05 0.0521254
177.06 0.0527544
177.07 0.0533096
177.08 0.0537828
177.09 0.0541694
177.1 0.0544682
177.11 0.0546811
177.12 0.0548063
177.13 0.0548606
177.14 0.0548547
177.15 0.0548007
177.16 0.0547115
177.17 0.0546003
177.18 0.0544799
177.19 0.0543623
177.2 0.0542594
177.21 0.0541784
177.22 0.054124
177.23 0.0540981
177.24 0.0540996
177.25 0.0541241
177.26 0.0541643
177.27 0.0542095
177.28 0.0542447
177.29 0.0542538
177.3 0.0542194
177.31 0.054123
177.32 0.0539454
177.33 0.0536676
177.34 0.0532709
177.35 0.0527322
177.36 0.0520301
177.37 0.0511604
177.38 0.050113
177.39 0.0488805
177.4 0.0474588
177.41 0.0458472
177.42 0.0440485
177.43 0.04206
177.44 0.0398923
177.45 0.0375676
177.46 0.0351016
177.47 0.032512
177.48 0.0298186
177.49 0.0270424
177.5 0.0242057
177.51 0.0213303
177.52 0.0184425
177.53 0.0155661
177.54 0.0127224
177.55 0.00993141
177.56 0.00721173
177.57 0.00457989
177.58 0.00205033
177.59 -0.000355794
177.6 -0.00263348
177.61 -0.00477972
177.62 -0.00679096
177.63 -0.00866637
177.64 -0.0104078
177.65 -0.0120196
177.66 -0.0135086
177.67 -0.0148755
177.68 -0.0161409
177.69 -0.0173204
177.7 -0.0184291
177.71 -0.0194839
177.72 -0.0205023
177.73 -0.0215026
177.74 -0.0225037
177.75 -0.0235276
177.76 -0.0245924
177.77 -0.025715
177.78 -0.0269111
177.79 -0.0281949
177.8 -0.0295784
177.81 -0.0310711
177.82 -0.0326808
177.83 -0.0344217
177.84 -0.0362827
177.85 -0.0382602
177.86 -0.0403472
177.87 -0.0425333
177.88 -0.0448049
177.89 -0.0471451
177.9 -0.0495351
177.91 -0.0519518
177.92 -0.0543673
177.93 -0.0567563
177.94 -0.0590931
177.95 -0.0613518
177.96 -0.0635076
177.97 -0.0655375
177.98 -0.067415
177.99 -0.0691145
178 -0.0706331
178.01 -0.0719618
178.02 -0.0730965
178.03 -0.0740379
178.04 -0.0747922
178.05 -0.0753704
178.06 -0.0757829
178.07 -0.0760519
178.08 -0.0762126
178.09 -0.0762945
178.1 -0.0763296
178.11 -0.0763515
178.12 -0.0763944
178.13 -0.0764922
178.14 -0.0766834
178.15 -0.0769999
178.16 -0.077462
178.17 -0.0780888
178.18 -0.0788938
178.19 -0.0798833
178.2 -0.0810567
178.21 -0.0824056
178.22 -0.083923
178.23 -0.0855758
178.24 -0.0873259
178.25 -0.0891339
178.26 -0.090955
178.27 -0.0927394
178.28 -0.0944342
178.29 -0.0959843
178.3 -0.097314
178.31 -0.0983748
178.32 -0.0991203
178.33 -0.0995041
178.34 -0.0994855
178.35 -0.0990312
178.36 -0.098116
178.37 -0.0967241
178.38 -0.0948054
178.39 -0.0924054
178.4 -0.0895456
178.41 -0.0862523
178.42 -0.0825612
178.43 -0.0785161
178.44 -0.0741679
178.45 -0.0695731
178.46 -0.0647811
178.47 -0.059879
178.48 -0.0549305
178.49 -0.0499978
178.5 -0.0451397
178.51 -0.0404095
178.52 -0.0358543
178.53 -0.0315161
178.54 -0.0274447
178.55 -0.023638
178.56 -0.0201024
178.57 -0.0168339
178.58 -0.0138178
178.59 -0.01103
178.6 -0.00843689
178.61 -0.00600023
178.62 -0.0036715
178.63 -0.00138668
178.64 0.000909588
178.65 0.00327308
178.66 0.00575804
178.67 0.0084153
178.68 0.0112904
178.69 0.0144331
178.7 0.0178834
178.71 0.0216429
178.72 0.025719
178.73 0.0301078
178.74 0.0347941
178.75 0.0397517
178.76 0.0449435
178.77 0.0503294
178.78 0.0558457
178.79 0.0614192
178.8 0.0669811
178.81 0.0724594
178.82 0.0777811
178.83 0.0828741
178.84 0.0876689
178.85 0.0920745
178.86 0.0960349
178.87 0.0995166
178.88 0.102481
178.89 0.1049
178.9 0.106757
178.91 0.108045
178.92 0.108772
178.93 0.108914
178.94 0.108528
178.95 0.107667
178.96 0.106376
178.97 0.104708
178.98 0.102717
178.99 0.100462
179 0.0980029
179.01 0.0953906
179.02 0.0926966
179.03 0.089974
179.04 0.0872684
179.05 0.0846187
179.06 0.0820563
179.07 0.0796048
179.08 0.0772796
179.09 0.075101
179.1 0.0730547
179.11 0.0711309
179.12 0.0693145
179.13 0.0675851
179.14 0.0659187
179.15 0.0642886
179.16 0.0626668
179.17 0.0610213
179.18 0.0593261
179.19 0.0575583
179.2 0.0556992
179.21 0.0537346
179.22 0.0516556
179.23 0.049459
179.24 0.0471454
179.25 0.0447185
179.26 0.0422026
179.27 0.0396175
179.28 0.0369873
179.29 0.0343387
179.3 0.031701
179.31 0.029104
179.32 0.0265811
179.33 0.0241679
179.34 0.021885
179.35 0.019755
179.36 0.0177961
179.37 0.0160218
179.38 0.0144405
179.39 0.0130552
179.4 0.0118718
179.41 0.0108834
179.42 0.0100655
179.43 0.00940038
179.44 0.00886711
179.45 0.00844218
179.46 0.00810051
179.47 0.00781637
179.48 0.00756474
179.49 0.00731829
179.5 0.00705439
179.51 0.00675483
179.52 0.00640507
179.53 0.00599465
179.54 0.00551751
179.55 0.004972
179.56 0.00435686
179.57 0.00368255
179.58 0.00296248
179.59 0.00221077
179.6 0.00144369
179.61 0.000678892
179.62 -6.54554e-05
179.63 -0.000771506
179.64 -0.00141695
179.65 -0.00198914
179.66 -0.00247789
179.67 -0.00287511
179.68 -0.00317644
179.69 -0.00338139
179.7 -0.00349348
179.71 -0.00352007
179.72 -0.00346659
179.73 -0.00335513
179.74 -0.00320363
179.75 -0.00303107
179.76 -0.00285741
179.77 -0.00270273
179.78 -0.00258641
179.79 -0.00252657
179.8 -0.00254709
179.81 -0.00265407
179.82 -0.0028559
179.83 -0.00315704
179.84 -0.00355787
179.85 -0.00405459
179.86 -0.00463945
179.87 -0.00530187
179.88 -0.00602974
179.89 -0.00679881
179.9 -0.00758968
179.91 -0.00838213
179.92 -0.00915603
179.93 -0.00989225
179.94 -0.0105735
179.95 -0.0111829
179.96 -0.0117045
179.97 -0.0121374
179.98 -0.0124801
179.99 -0.0127355
180 -0.0129116
180.01 -0.0130207
180.02 -0.0130797
180.03 -0.0131089
180.04 -0.013135
180.05 -0.013186
180.06 -0.0132891
180.07 -0.0134716
180.08 -0.0137596
180.09 -0.0141772
180.1 -0.0147454
180.11 -0.0154904
180.12 -0.0164252
180.13 -0.0175466
180.14 -0.0188541
180.15 -0.020341
180.16 -0.0219947
180.17 -0.0237966
180.18 -0.0257229
180.19 -0.0277491
180.2 -0.0298364
180.21 -0.0319458
180.22 -0.0340404
180.23 -0.0360836
180.24 -0.0380396
180.25 -0.0398752
180.26 -0.0415605
180.27 -0.0430558
180.28 -0.0443482
180.29 -0.0454304
180.3 -0.0462971
180.31 -0.0469497
180.32 -0.0473964
180.33 -0.047652
180.34 -0.0477372
180.35 -0.0476678
180.36 -0.0474878
180.37 -0.0472326
180.38 -0.046937
180.39 -0.0466358
180.4 -0.0463623
180.41 -0.0461469
180.42 -0.046016
180.43 -0.0460023
180.44 -0.0461104
180.45 -0.0463456
180.46 -0.0467056
180.47 -0.04718
180.48 -0.0477507
180.49 -0.0483914
180.5 -0.0490692
180.51 -0.0497396
180.52 -0.0503543
180.53 -0.0508644
180.54 -0.0512191
180.55 -0.0513672
180.56 -0.0512587
180.57 -0.0508468
180.58 -0.0500808
180.59 -0.0488981
180.6 -0.0472997
180.61 -0.0452668
180.62 -0.04279
180.63 -0.0398695
180.64 -0.0365156
180.65 -0.0327485
180.66 -0.0285865
180.67 -0.0240613
180.68 -0.0192465
180.69 -0.0141961
180.7 -0.00896865
180.71 -0.00362585
180.72 0.00176914
180.73 0.00715337
180.74 0.0124599
180.75 0.0176228
180.76 0.0225954
180.77 0.0273333
180.78 0.0317996
180.79 0.0359657
180.8 0.0398117
180.81 0.0433268
180.82 0.0464905
180.83 0.0493151
180.84 0.0518315
180.85 0.0540621
180.86 0.056035
180.87 0.057782
180.88 0.0593379
180.89 0.0607387
180.9 0.0620142
180.91 0.0632063
180.92 0.0643487
180.93 0.0654669
180.94 0.0665809
180.95 0.0677046
180.96 0.0688452
180.97 0.0700029
180.98 0.0711708
180.99 0.0723326
181 0.0734672
181.01 0.0745488
181.02 0.0755471
181.03 0.0764288
181.04 0.0771588
181.05 0.0777012
181.06 0.0779968
181.07 0.0780284
181.08 0.0777684
181.09 0.0771914
181.1 0.0762773
181.11 0.0750115
181.12 0.0733857
181.13 0.0713967
181.14 0.069016
181.15 0.0662913
181.16 0.0632403
181.17 0.0598855
181.18 0.0562538
181.19 0.0523754
181.2 0.0482828
181.21 0.0440078
181.22 0.0395781
181.23 0.035042
181.24 0.0304311
181.25 0.0257748
181.26 0.0210992
181.27 0.016427
181.28 0.0117773
181.29 0.00716635
181.3 0.00260891
181.31 -0.00189095
181.32 -0.00632917
181.33 -0.0107041
181.34 -0.0150159
181.35 -0.0192658
181.36 -0.0234555
181.37 -0.0275838
181.38 -0.0316495
181.39 -0.0356544
181.4 -0.0395943
181.41 -0.0434625
181.42 -0.0472497
181.43 -0.0509435
181.44 -0.0545291
181.45 -0.0579819
181.46 -0.0612801
181.47 -0.0644096
181.48 -0.0673493
181.49 -0.0700786
181.5 -0.0725779
181.51 -0.0748298
181.52 -0.0768195
181.53 -0.0785182
181.54 -0.0799253
181.55 -0.08105
181.56 -0.0818961
181.57 -0.0824723
181.58 -0.0827927
181.59 -0.0828758
181.6 -0.0827446
181.61 -0.0824138
181.62 -0.0819257
181.63 -0.0813169
181.64 -0.0806198
181.65 -0.0798663
181.66 -0.0790868
181.67 -0.078309
181.68 -0.0775571
181.69 -0.0768558
181.7 -0.0762164
181.71 -0.0756449
181.72 -0.0751419
181.73 -0.0747013
181.74 -0.0743106
181.75 -0.0739516
181.76 -0.0736003
181.77 -0.0732233
181.78 -0.072787
181.79 -0.0722565
181.8 -0.0715957
181.81 -0.0707686
181.82 -0.0697411
181.83 -0.0684817
181.84 -0.0669601
181.85 -0.0651292
181.86 -0.0629983
181.87 -0.0605593
181.88 -0.0578115
181.89 -0.0547615
181.9 -0.051423
181.91 -0.0478167
181.92 -0.0439653
181.93 -0.0398933
181.94 -0.0356577
181.95 -0.0312993
181.96 -0.0268608
181.97 -0.022385
181.98 -0.0179139
181.99 -0.0134869
182 -0.00914404
182.01 -0.00492353
182.02 -0.000843878
182.03 0.00307705
182.04 0.00682813
182.05 0.0104051
182.06 0.0138104
182.07 0.0170527
182.08 0.0201406
182.09 0.0230947
182.1 0.0259464
182.11 0.0287211
182.12 0.0314446
182.13 0.0341418
182.14 0.0368356
182.15 0.0395452
182.16 0.0422875
182.17 0.0450708
182.18 0.0478941
182.19 0.0507504
182.2 0.0536253
182.21 0.0564969
182.22 0.0593362
182.23 0.0621082
182.24 0.0647616
182.25 0.0672502
182.26 0.0695296
182.27 0.0715516
182.28 0.0732687
182.29 0.0746364
182.3 0.0756145
182.31 0.0761691
182.32 0.0762356
182.33 0.0758236
182.34 0.0749369
182.35 0.0735809
182.36 0.0717716
182.37 0.069536
182.38 0.0669112
182.39 0.0639438
182.4 0.0606678
182.41 0.0571759
182.42 0.0535384
182.43 0.0498258
182.44 0.0461093
182.45 0.0424587
182.46 0.0389399
182.47 0.0356145
182.48 0.032563
182.49 0.0298071
182.5 0.0273772
182.51 0.0252922
182.52 0.0235586
182.53 0.0221706
182.54 0.0211102
182.55 0.0203518
182.56 0.019868
182.57 0.019583
182.58 0.0194389
182.59 0.0193735
182.6 0.0193218
182.61 0.0192187
182.62 0.0190014
182.63 0.0186051
182.64 0.0179622
182.65 0.0170454
182.66 0.0158242
182.67 0.0142803
182.68 0.0124079
182.69 0.0102145
182.7 0.00772037
182.71 0.00495013
182.72 0.00195099
182.73 -0.00120309
182.74 -0.00444597
182.75 -0.0077052
182.76 -0.0109043
182.77 -0.013965
182.78 -0.0168099
182.79 -0.0193463
182.8 -0.0214975
182.81 -0.0232202
182.82 -0.0244659
182.83 -0.0251982
182.84 -0.0253933
182.85 -0.0250412
182.86 -0.0241456
182.87 -0.0226929
182.88 -0.0207329
182.89 -0.018331
182.9 -0.0155429
182.91 -0.0124329
182.92 -0.00907129
182.93 -0.00553261
182.94 -0.00189284
182.95 0.00176922
182.96 0.0053733
182.97 0.00885421
182.98 0.0121552
182.99 0.0152292
183 0.01804
183.01 0.0205631
183.02 0.0227864
183.03 0.0246849
183.04 0.0262954
183.05 0.0276476
183.06 0.0287762
183.07 0.0297235
183.08 0.0305375
183.09 0.0312696
183.1 0.0319726
183.11 0.0327051
183.12 0.0335165
183.13 0.0344477
183.14 0.0355316
183.15 0.036792
183.16 0.0382415
183.17 0.0398816
183.18 0.0417032
183.19 0.043693
183.2 0.0457985
183.21 0.0479732
183.22 0.0501623
183.23 0.0523041
183.24 0.0543325
183.25 0.0561789
183.26 0.0577682
183.27 0.0590094
183.28 0.0598645
183.29 0.0602828
183.3 0.0602238
183.31 0.0596587
183.32 0.0585719
183.33 0.056962
183.34 0.0548258
183.35 0.0521801
183.36 0.0491042
183.37 0.0456556
183.38 0.041903
183.39 0.0379244
183.4 0.0338041
183.41 0.0296309
183.42 0.0255009
183.43 0.0215154
183.44 0.0177545
183.45 0.0142933
183.46 0.0111968
183.47 0.00851736
183.48 0.0062934
183.49 0.00454773
183.5 0.00331408
183.51 0.00257141
183.52 0.00226765
183.53 0.0023563
183.54 0.00277675
183.55 0.00345612
183.56 0.00431149
183.57 0.00525254
183.58 0.00617683
183.59 0.00697737
183.6 0.00756104
183.61 0.00783966
183.62 0.0077335
183.63 0.00717392
183.64 0.00610568
183.65 0.00448888
183.66 0.00225327
183.67 -0.0005687
183.68 -0.0039486
183.69 -0.00785154
183.7 -0.0122258
183.71 -0.0170044
183.72 -0.0221068
183.73 -0.0274412
183.74 -0.0329099
183.75 -0.0383858
183.76 -0.0437598
183.77 -0.0489257
183.78 -0.0537819
183.79 -0.0582345
183.8 -0.0622004
183.81 -0.0656066
183.82 -0.0683367
183.83 -0.0704112
183.84 -0.0718132
183.85 -0.0725437
183.86 -0.0726213
183.87 -0.0720818
183.88 -0.0709766
183.89 -0.0693643
183.9 -0.0673028
183.91 -0.0649221
183.92 -0.0623164
183.93 -0.0595827
183.94 -0.0568179
183.95 -0.0541158
183.96 -0.0515644
183.97 -0.0492517
183.98 -0.0472668
183.99 -0.0456448
184 -0.044424
184.01 -0.0436279
184.02 -0.0432639
184.03 -0.0433244
184.04 -0.0437869
184.05 -0.0446278
184.06 -0.0457978
184.07 -0.0472142
184.08 -0.0488086
184.09 -0.050508
184.1 -0.0522365
184.11 -0.0539186
184.12 -0.0554814
184.13 -0.056844
184.14 -0.0579389
184.15 -0.0587268
184.16 -0.0591695
184.17 -0.0592406
184.18 -0.0589266
184.19 -0.0582264
184.2 -0.0571514
184.21 -0.0557048
184.22 -0.0539352
184.23 -0.0519008
184.24 -0.0496537
184.25 -0.0472508
184.26 -0.0447522
184.27 -0.0422181
184.28 -0.0397077
184.29 -0.037286
184.3 -0.035003
184.31 -0.032897
184.32 -0.0309992
184.33 -0.0293307
184.34 -0.0279023
184.35 -0.0267135
184.36 -0.0257533
184.37 -0.0250161
184.38 -0.0244515
184.39 -0.0240166
184.4 -0.0236651
184.41 -0.0233465
184.42 -0.0230079
184.43 -0.0225963
184.44 -0.0220602
184.45 -0.0213306
184.46 -0.02038
184.47 -0.0191759
184.48 -0.0176943
184.49 -0.0159215
184.5 -0.013854
184.51 -0.0114995
184.52 -0.00887412
184.53 -0.00599187
184.54 -0.00291774
184.55 0.000299016
184.56 0.00360242
184.57 0.0069314
184.58 0.0102217
184.59 0.0134076
184.6 0.0164192
184.61 0.0191745
184.62 0.0216319
184.63 0.0237424
184.64 0.0254654
184.65 0.02677
184.66 0.0276359
184.67 0.0280538
184.68 0.0280114
184.69 0.0275115
184.7 0.0266113
184.71 0.0253482
184.72 0.0237684
184.73 0.0219257
184.74 0.0198798
184.75 0.0176945
184.76 0.0154359
184.77 0.0131794
184.78 0.0109932
184.79 0.00893831
184.8 0.00707044
184.81 0.00543863
184.82 0.00408408
184.83 0.00303917
184.84 0.00234694
184.85 0.00201563
184.86 0.0020315
184.87 0.00238572
184.88 0.00306044
184.89 0.00402971
184.9 0.00526044
184.91 0.00671365
184.92 0.00835498
184.93 0.0101251
184.94 0.0119703
184.95 0.0138424
184.96 0.0156949
184.97 0.0174841
184.98 0.0191705
184.99 0.0207197
185 0.0220875
185.01 0.0232608
185.02 0.0242291
185.03 0.0249852
185.04 0.025529
185.05 0.0258664
185.06 0.0260094
185.07 0.0259748
185.08 0.0257717
185.09 0.0254413
185.1 0.0250124
185.11 0.0245142
185.12 0.023976
185.13 0.0234267
185.14 0.0228941
185.15 0.0224038
185.16 0.0219868
185.17 0.0216575
185.18 0.0214315
185.19 0.0213204
185.2 0.0213326
185.21 0.0214726
185.22 0.0217418
185.23 0.0221406
185.24 0.0226721
185.25 0.0233188
185.26 0.0240721
185.27 0.024922
185.28 0.0258581
185.29 0.0268694
185.3 0.0279451
185.31 0.0290755
185.32 0.030251
185.33 0.0314582
185.34 0.0326876
185.35 0.0339304
185.36 0.0351782
185.37 0.0364222
185.38 0.037654
185.39 0.0388631
185.4 0.0400379
185.41 0.041169
185.42 0.0422445
185.43 0.0432513
185.44 0.0441751
185.45 0.0450004
185.46 0.0457105
185.47 0.04628
185.48 0.0466888
185.49 0.0469252
185.5 0.0469714
185.51 0.0468103
185.52 0.0464266
185.53 0.0458066
185.54 0.0449396
185.55 0.0438012
185.56 0.0423943
185.57 0.0407295
185.58 0.0388122
185.59 0.0366525
185.6 0.0342652
185.61 0.0316695
185.62 0.0288892
185.63 0.0259425
185.64 0.0228724
185.65 0.0197176
185.66 0.0165148
185.67 0.0133017
185.68 0.0101165
185.69 0.00699652
185.7 0.00397767
185.71 0.0011079
185.72 -0.00159063
185.73 -0.00409486
185.74 -0.00638482
185.75 -0.00844589
185.76 -0.0102692
185.77 -0.0118517
185.78 -0.0131964
185.79 -0.0142904
185.8 -0.0151726
185.81 -0.0158633
185.82 -0.0163871
185.83 -0.0167716
185.84 -0.017047
185.85 -0.0172452
185.86 -0.0173986
185.87 -0.0175419
185.88 -0.0177091
185.89 -0.0179282
185.9 -0.0182245
185.91 -0.018619
185.92 -0.0191288
185.93 -0.0197661
185.94 -0.0205414
185.95 -0.0214643
185.96 -0.0225204
185.97 -0.0237014
185.98 -0.0249949
185.99 -0.0263848
186 -0.0278521
186.01 -0.0293755
186.02 -0.0309323
186.03 -0.0324962
186.04 -0.0340416
186.05 -0.0355459
186.06 -0.0369878
186.07 -0.038348
186.08 -0.0396098
186.09 -0.0407591
186.1 -0.0417786
186.11 -0.0426582
186.12 -0.0434002
186.13 -0.0440023
186.14 -0.0444647
186.15 -0.0447892
186.16 -0.0449789
186.17 -0.0450376
186.18 -0.0449624
186.19 -0.0447593
186.2 -0.0444363
186.21 -0.0439947
186.22 -0.043434
186.23 -0.0427518
186.24 -0.0419439
186.25 -0.0410038
186.26 -0.0399129
186.27 -0.038666
186.28 -0.0372566
186.29 -0.0356736
186.3 -0.033906
186.31 -0.031944
186.32 -0.0297794
186.33 -0.0274064
186.34 -0.024805
186.35 -0.0219907
186.36 -0.018974
186.37 -0.0157663
186.38 -0.012384
186.39 -0.00884879
186.4 -0.00518725
186.41 -0.0014307
186.42 0.00238714
186.43 0.00621784
186.44 0.0100185
186.45 0.0137453
186.46 0.0173536
186.47 0.0207998
186.48 0.0240422
186.49 0.0270408
186.5 0.0297333
186.51 0.0321164
186.52 0.0341695
186.53 0.0358795
186.54 0.037241
186.55 0.0382573
186.56 0.0389395
186.57 0.0393026
186.58 0.0393584
186.59 0.0391691
186.6 0.0387767
186.61 0.0382277
186.62 0.0375719
186.63 0.036861
186.64 0.0361467
186.65 0.0354824
186.66 0.0349247
186.67 0.034511
186.68 0.0342759
186.69 0.0342467
186.7 0.0344416
186.71 0.0348695
186.72 0.035529
186.73 0.0364168
186.74 0.0375112
186.75 0.0387653
186.76 0.0401371
186.77 0.0415771
186.78 0.0430294
186.79 0.0444341
186.8 0.0457282
186.81 0.0468354
186.82 0.0476861
186.83 0.048231
186.84 0.0484176
186.85 0.0482009
186.86 0.0475447
186.87 0.0464233
186.88 0.0448222
186.89 0.0427082
186.9 0.0401086
186.91 0.0370663
186.92 0.0336192
186.93 0.0298161
186.94 0.0257159
186.95 0.0213861
186.96 0.0169013
186.97 0.0123416
186.98 0.00780254
186.99 0.00336876
187 -0.000878856
187.01 -0.00486358
187.02 -0.00851492
187.03 -0.0117705
187.04 -0.0145775
187.05 -0.0168481
187.06 -0.0185896
187.07 -0.0197946
187.08 -0.0204625
187.09 -0.0206058
187.1 -0.0202492
187.11 -0.0194288
187.12 -0.0181912
187.13 -0.0165612
187.14 -0.0146434
187.15 -0.0125061
187.16 -0.0102198
187.17 -0.00785544
187.18 -0.00548234
187.19 -0.00316611
187.2 -0.000968994
187.21 0.00103759
187.22 0.00282255
187.23 0.00435302
187.24 0.00560642
187.25 0.00657074
187.26 0.00724447
187.27 0.00763619
187.28 0.00775832
187.29 0.00762816
187.3 0.00730085
187.31 0.00681634
187.32 0.00621797
187.33 0.00555073
187.34 0.00485948
187.35 0.00418716
187.36 0.00357653
187.37 0.00306826
187.38 0.00268424
187.39 0.00244294
187.4 0.00235438
187.41 0.00241983
187.42 0.00263167
187.43 0.00297363
187.44 0.00342478
187.45 0.00394877
187.46 0.0045009
187.47 0.00503748
187.48 0.00551177
187.49 0.00587565
187.5 0.00608121
187.51 0.00608238
187.52 0.00581961
187.53 0.00525551
187.54 0.00437091
187.55 0.0031436
187.56 0.00155964
187.57 -0.000386117
187.58 -0.00268986
187.59 -0.00533889
187.6 -0.00833291
187.61 -0.0116251
187.62 -0.0151683
187.63 -0.0189193
187.64 -0.0228311
187.65 -0.0268537
187.66 -0.0309358
187.67 -0.0350267
187.68 -0.0390697
187.69 -0.0430175
187.7 -0.0468305
187.71 -0.050474
187.72 -0.0539196
187.73 -0.0571459
187.74 -0.060139
187.75 -0.0628918
187.76 -0.0653824
187.77 -0.0676405
187.78 -0.0696813
187.79 -0.0715231
187.8 -0.0731879
187.81 -0.0746996
187.82 -0.0760835
187.83 -0.0773639
187.84 -0.0785593
187.85 -0.079699
187.86 -0.080799
187.87 -0.0818704
187.88 -0.0829193
187.89 -0.0839459
187.9 -0.0849447
187.91 -0.0859034
187.92 -0.0867995
187.93 -0.0876139
187.94 -0.0883207
187.95 -0.0888909
187.96 -0.0892943
187.97 -0.0895
187.98 -0.089478
187.99 -0.089192
188 -0.088603
188.01 -0.0877103
188.02 -0.0865002
188.03 -0.0849648
188.04 -0.0831032
188.05 -0.0809209
188.06 -0.0784304
188.07 -0.0756396
188.08 -0.072573
188.09 -0.0692792
188.1 -0.0657937
188.11 -0.0621554
188.12 -0.0584047
188.13 -0.0545827
188.14 -0.0507295
188.15 -0.0468856
188.16 -0.0430896
188.17 -0.0393699
188.18 -0.03575
188.19 -0.0322468
188.2 -0.0288706
188.21 -0.0256245
188.22 -0.022505
188.23 -0.0195081
188.24 -0.0166111
188.25 -0.013787
188.26 -0.0110089
188.27 -0.0082472
188.28 -0.00547062
188.29 -0.0026479
188.3 0.000250923
188.31 0.00326302
188.32 0.00640786
188.33 0.00969959
188.34 0.0131485
188.35 0.0167579
188.36 0.0205234
188.37 0.0244329
188.38 0.0284667
188.39 0.0326035
188.4 0.0367977
188.41 0.0410075
188.42 0.0451879
188.43 0.0492909
188.44 0.0532668
188.45 0.0570664
188.46 0.0606417
188.47 0.0639169
188.48 0.0668772
188.49 0.0694903
188.5 0.0717319
188.51 0.073586
188.52 0.0750454
188.53 0.0761127
188.54 0.0767955
188.55 0.0770905
188.56 0.0770632
188.57 0.0767531
188.58 0.0762061
188.59 0.075473
188.6 0.0746083
188.61 0.0736684
188.62 0.0727108
188.63 0.0717986
188.64 0.0709834
188.65 0.0703109
188.66 0.0698202
188.67 0.0695431
188.68 0.0695025
188.69 0.0697125
188.7 0.0701863
188.71 0.0709245
188.72 0.0718939
188.73 0.0730694
188.74 0.0744184
188.75 0.0759017
188.76 0.0774751
188.77 0.0790905
188.78 0.0806945
188.79 0.0822289
188.8 0.0836452
188.81 0.0848963
188.82 0.0859398
188.83 0.086738
188.84 0.0872601
188.85 0.0874817
188.86 0.0873668
188.87 0.0869121
188.88 0.0861316
188.89 0.0850331
188.9 0.083631
188.91 0.0819457
188.92 0.0800026
188.93 0.0778307
188.94 0.0754501
188.95 0.0729063
188.96 0.0702382
188.97 0.0674781
188.98 0.0646558
188.99 0.0617983
189 0.0589286
189.01 0.0560657
189.02 0.0532264
189.03 0.0504192
189.04 0.0476478
189.05 0.0449123
189.06 0.0422093
189.07 0.0395325
189.08 0.0368739
189.09 0.0342242
189.1 0.0315732
189.11 0.0289118
189.12 0.0262336
189.13 0.0235348
189.14 0.0208148
189.15 0.0180764
189.16 0.0153263
189.17 0.0125753
189.18 0.00984072
189.19 0.0071408
189.2 0.00449651
189.21 0.00193055
189.22 -0.000533462
189.23 -0.00287204
189.24 -0.00506288
189.25 -0.00708257
189.26 -0.00890098
189.27 -0.0105211
189.28 -0.0119369
189.29 -0.0131485
189.3 -0.0141622
189.31 -0.0149909
189.32 -0.015654
189.33 -0.0161739
189.34 -0.0165816
189.35 -0.0169239
189.36 -0.0172411
189.37 -0.0175758
189.38 -0.0179714
189.39 -0.0184705
189.4 -0.0191134
189.41 -0.0199457
189.42 -0.0210056
189.43 -0.0223051
189.44 -0.0238591
189.45 -0.0256736
189.46 -0.0277454
189.47 -0.0300614
189.48 -0.0325991
189.49 -0.0353344
189.5 -0.0382192
189.51 -0.0411949
189.52 -0.0442061
189.53 -0.0471931
189.54 -0.0500937
189.55 -0.0528452
189.56 -0.0553864
189.57 -0.0576382
189.58 -0.0595514
189.59 -0.0610924
189.6 -0.0622274
189.61 -0.0629328
189.62 -0.0631965
189.63 -0.0630183
189.64 -0.0624101
189.65 -0.0613672
189.66 -0.0599526
189.67 -0.0582241
189.68 -0.0562385
189.69 -0.05406
189.7 -0.0517577
189.71 -0.0494035
189.72 -0.0470702
189.73 -0.0448434
189.74 -0.0427882
189.75 -0.0409627
189.76 -0.0394173
189.77 -0.0381922
189.78 -0.037316
189.79 -0.0368046
189.8 -0.0366609
189.81 -0.0369077
189.82 -0.0374812
189.83 -0.0383424
189.84 -0.0394418
189.85 -0.0407205
189.86 -0.0421124
189.87 -0.0435465
189.88 -0.0449474
189.89 -0.0462251
189.9 -0.0473126
189.91 -0.0481443
189.92 -0.0486622
189.93 -0.0488178
189.94 -0.0485738
189.95 -0.0479054
189.96 -0.0467906
189.97 -0.0452114
189.98 -0.0432211
189.99 -0.0408529
190 -0.0381521
190.01 -0.0351745
190.02 -0.0319852
190.03 -0.0286558
190.04 -0.0252633
190.05 -0.021896
190.06 -0.0186343
190.07 -0.0155509
190.08 -0.0127123
190.09 -0.0101764
190.1 -0.00799047
190.11 -0.0061896
190.12 -0.00481547
190.13 -0.00387647
190.14 -0.00334031
190.15 -0.00318219
190.16 -0.00336397
190.17 -0.00383535
190.18 -0.00453561
190.19 -0.00539552
190.2 -0.0063398
190.21 -0.00727757
190.22 -0.00812601
190.23 -0.00880784
190.24 -0.00925084
190.25 -0.0093904
190.26 -0.00917166
190.27 -0.00855149
190.28 -0.00746777
190.29 -0.0059243
190.3 -0.00393717
190.31 -0.00152503
190.32 0.00127877
190.33 0.00442708
190.34 0.00786037
190.35 0.0115085
190.36 0.0152971
190.37 0.0191233
190.38 0.0228965
190.39 0.0265286
190.4 0.0299342
190.41 0.0330335
190.42 0.0357546
190.43 0.038036
190.44 0.0397779
190.45 0.0409885
190.46 0.0416534
190.47 0.041771
190.48 0.0413553
190.49 0.0404352
190.5 0.0390539
190.51 0.0372645
190.52 0.0351121
190.53 0.0327108
190.54 0.0301435
190.55 0.0274957
190.56 0.0248536
190.57 0.0223008
190.58 0.0199161
190.59 0.0177769
190.6 0.0159703
190.61 0.0145231
190.62 0.0134699
190.63 0.0128314
190.64 0.0126137
190.65 0.0128086
190.66 0.0133937
190.67 0.0143432
190.68 0.0156153
190.69 0.017126
190.7 0.0188086
190.71 0.0205912
190.72 0.0223993
190.73 0.0241579
190.74 0.0257943
190.75 0.0272294
190.76 0.0283912
190.77 0.0292411
190.78 0.02974
190.79 0.0298606
190.8 0.0295886
190.81 0.0289227
190.82 0.0278749
190.83 0.0264524
190.84 0.024701
190.85 0.0226865
190.86 0.0204668
190.87 0.0181062
190.88 0.0156737
190.89 0.0132402
190.9 0.0108766
190.91 0.00866493
190.92 0.00667134
190.93 0.00494582
190.94 0.00353449
190.95 0.00247302
190.96 0.0017855
190.97 0.00148366
190.98 0.00156648
190.99 0.0020471
191 0.002874
191.01 0.00399819
191.02 0.00536897
191.03 0.00692695
191.04 0.00860584
191.05 0.0103343
191.06 0.0120382
191.07 0.0136267
191.08 0.0150277
191.09 0.0161736
191.1 0.0170016
191.11 0.0174565
191.12 0.0174926
191.13 0.0170748
191.14 0.0161788
191.15 0.0147448
191.16 0.0128251
191.17 0.0104361
191.18 0.00760593
191.19 0.00437398
191.2 0.000789425
191.21 -0.00308993
191.22 -0.00720118
191.23 -0.011478
191.24 -0.0158268
191.25 -0.0201723
191.26 -0.0244401
191.27 -0.0285584
191.28 -0.0324601
191.29 -0.0360842
191.3 -0.0393677
191.31 -0.0422426
191.32 -0.0447026
191.33 -0.0467262
191.34 -0.048303
191.35 -0.0494337
191.36 -0.05013
191.37 -0.050414
191.38 -0.0503051
191.39 -0.0498408
191.4 -0.0490952
191.41 -0.048124
191.42 -0.0469871
191.43 -0.0457471
191.44 -0.0444675
191.45 -0.0432111
191.46 -0.0420452
191.47 -0.0410335
191.48 -0.0402201
191.49 -0.0396467
191.5 -0.0393467
191.51 -0.0393437
191.52 -0.0396514
191.53 -0.0402729
191.54 -0.0412178
191.55 -0.0424574
191.56 -0.0439477
191.57 -0.0456476
191.58 -0.047507
191.59 -0.0494682
191.6 -0.0514671
191.61 -0.0534351
191.62 -0.0552871
191.63 -0.0569464
191.64 -0.0583439
191.65 -0.0594103
191.66 -0.0600813
191.67 -0.0602991
191.68 -0.0600141
191.69 -0.0591867
191.7 -0.0577386
191.71 -0.0556928
191.72 -0.053059
191.73 -0.0498508
191.74 -0.0460955
191.75 -0.0418338
191.76 -0.0371192
191.77 -0.032017
191.78 -0.0265811
191.79 -0.0209337
191.8 -0.0151694
191.81 -0.00938574
191.82 -0.00368213
191.83 0.00184247
191.84 0.00709217
191.85 0.0119733
191.86 0.0163571
191.87 0.0202103
191.88 0.0234769
191.89 0.0261155
191.9 0.028101
191.91 0.0294255
191.92 0.0300984
191.93 0.0301364
191.94 0.029555
191.95 0.0284706
191.96 0.0269634
191.97 0.0251268
191.98 0.0230645
191.99 0.0208883
192 0.0187149
192.01 0.0166708
192.02 0.0148962
192.03 0.0134919
192.04 0.0125596
192.05 0.012189
192.06 0.0124551
192.07 0.0134155
192.08 0.0151087
192.09 0.0175846
192.1 0.0208471
192.11 0.0248209
192.12 0.0294529
192.13 0.0346696
192.14 0.0403785
192.15 0.0464705
192.16 0.0528227
192.17 0.0593004
192.18 0.0657425
192.19 0.0719998
192.2 0.07793
192.21 0.0833967
192.22 0.0882733
192.23 0.0924464
192.24 0.0958195
192.25 0.0982532
192.26 0.0997184
192.27 0.100221
192.28 0.0997606
192.29 0.0983631
192.3 0.0960784
192.31 0.0929799
192.32 0.0891624
192.33 0.084702
192.34 0.0797775
192.35 0.0745449
192.36 0.0691537
192.37 0.0637551
192.38 0.058498
192.39 0.0535246
192.4 0.0489659
192.41 0.0449949
192.42 0.0416717
192.43 0.0390602
192.44 0.0372057
192.45 0.0361277
192.46 0.0358188
192.47 0.0362457
192.48 0.0373502
192.49 0.0390974
192.5 0.0413125
192.51 0.04387
192.52 0.0466311
192.53 0.0494485
192.54 0.0521702
192.55 0.0546449
192.56 0.0567191
192.57 0.0582034
192.58 0.0590162
192.59 0.0590583
192.6 0.0582526
192.61 0.0565466
192.62 0.0539142
192.63 0.0503565
192.64 0.045881
192.65 0.0405104
192.66 0.0343986
192.67 0.0276543
192.68 0.0204047
192.69 0.0127924
192.7 0.00497061
192.71 -0.00290109
192.72 -0.0106511
192.73 -0.0180954
192.74 -0.0250954
192.75 -0.0315173
192.76 -0.0372449
192.77 -0.0421823
192.78 -0.046257
192.79 -0.0494217
192.8 -0.0516093
192.81 -0.0528274
192.82 -0.0531617
192.83 -0.0526739
192.84 -0.0514471
192.85 -0.0495831
192.86 -0.0471987
192.87 -0.0444219
192.88 -0.0413804
192.89 -0.0382334
192.9 -0.0351239
192.91 -0.0321771
192.92 -0.0295063
192.93 -0.0272095
192.94 -0.0253661
192.95 -0.0240346
192.96 -0.0232917
192.97 -0.0231227
192.98 -0.023495
192.99 -0.0243691
193 -0.0256843
193.01 -0.0273616
193.02 -0.0293065
193.03 -0.0314123
193.04 -0.0335577
193.05 -0.0356089
193.06 -0.0374474
193.07 -0.0389613
193.08 -0.040048
193.09 -0.0406185
193.1 -0.0405999
193.11 -0.0399389
193.12 -0.0385366
193.13 -0.0364491
193.14 -0.0336983
193.15 -0.0303258
193.16 -0.0263945
193.17 -0.0219871
193.18 -0.017203
193.19 -0.0121548
193.2 -0.00696853
193.21 -0.00179824
193.22 0.00322323
193.23 0.00796591
193.24 0.0123066
193.25 0.0161327
193.26 0.0193457
193.27 0.0218488
193.28 0.0235284
193.29 0.0244067
193.3 0.0244706
193.31 0.0237295
193.32 0.022215
193.33 0.0199796
193.34 0.0170946
193.35 0.0136337
193.36 0.00969473
193.37 0.00542973
193.38 0.000958123
193.39 -0.00359871
193.4 -0.00812121
193.41 -0.0124953
193.42 -0.0166155
193.43 -0.0203697
193.44 -0.0236646
193.45 -0.0264628
193.46 -0.0287243
193.47 -0.0304283
193.48 -0.0315729
193.49 -0.0321745
193.5 -0.0322669
193.51 -0.0318778
193.52 -0.0310846
193.53 -0.0299841
193.54 -0.0286595
193.55 -0.0271985
193.56 -0.0256895
193.57 -0.0242195
193.58 -0.0228701
193.59 -0.0217337
193.6 -0.0208741
193.61 -0.0203342
193.62 -0.0201504
193.63 -0.0203448
193.64 -0.0209251
193.65 -0.0218847
193.66 -0.0232036
193.67 -0.0248717
193.68 -0.0268209
193.69 -0.0289902
193.7 -0.0313195
193.71 -0.033745
193.72 -0.0362015
193.73 -0.0386246
193.74 -0.0409534
193.75 -0.0431133
193.76 -0.0450647
193.77 -0.0467707
193.78 -0.0482025
193.79 -0.0493415
193.8 -0.0501793
193.81 -0.0507176
193.82 -0.0509668
193.83 -0.0509227
193.84 -0.0506416
193.85 -0.0501561
193.86 -0.0495025
193.87 -0.0487184
193.88 -0.0478412
193.89 -0.0469061
193.9 -0.0459451
193.91 -0.0449874
193.92 -0.044054
193.93 -0.0431573
193.94 -0.042302
193.95 -0.0414858
193.96 -0.0406992
193.97 -0.0399262
193.98 -0.0391447
193.99 -0.0383239
194 -0.0374356
194.01 -0.0364499
194.02 -0.0353376
194.03 -0.0340716
194.04 -0.0326287
194.05 -0.0309907
194.06 -0.0291375
194.07 -0.0270594
194.08 -0.0247744
194.09 -0.0222953
194.1 -0.0196431
194.11 -0.0168456
194.12 -0.0139375
194.13 -0.0109588
194.14 -0.0079548
194.15 -0.00497875
194.16 -0.00207911
194.17 0.000698081
194.18 0.00330992
194.19 0.00571825
194.2 0.00789118
194.21 0.00980436
194.22 0.0114245
194.23 0.012752
194.24 0.0138031
194.25 0.0145931
194.26 0.015146
194.27 0.0154943
194.28 0.0156777
194.29 0.0157413
194.3 0.0157335
194.31 0.015715
194.32 0.0157393
194.33 0.0158561
194.34 0.0161108
194.35 0.0165432
194.36 0.0171858
194.37 0.0180623
194.38 0.0192086
194.39 0.0206098
194.4 0.022253
194.41 0.0241188
194.42 0.0261784
194.43 0.0283943
194.44 0.0307218
194.45 0.0331106
194.46 0.0355018
194.47 0.037834
194.48 0.0400522
194.49 0.042104
194.5 0.0439421
194.51 0.0455259
194.52 0.0468229
194.53 0.0478075
194.54 0.0484394
194.55 0.0487487
194.56 0.0487475
194.57 0.048458
194.58 0.0479122
194.59 0.0471506
194.6 0.0462206
194.61 0.0451735
194.62 0.0440676
194.63 0.0429678
194.64 0.0419284
194.65 0.0409994
194.66 0.040225
194.67 0.039641
194.68 0.0392741
194.69 0.0391476
194.7 0.0392736
194.71 0.0396253
194.72 0.0401806
194.73 0.0409061
194.74 0.0417585
194.75 0.0426862
194.76 0.0436308
194.77 0.0445242
194.78 0.045291
194.79 0.0458698
194.8 0.0461994
194.81 0.0462243
194.82 0.0458968
194.83 0.0451792
194.84 0.0440452
194.85 0.0424573
194.86 0.0404222
194.87 0.0379769
194.88 0.0351524
194.89 0.0319924
194.9 0.0285522
194.91 0.0248969
194.92 0.0210995
194.93 0.0172395
194.94 0.0134098
194.95 0.0096929
194.96 0.00616598
194.97 0.00290015
194.98 -4.20583e-05
194.99 -0.0026088
195 -0.00476078
195.01 -0.00643666
195.02 -0.00765322
195.03 -0.00842858
195.04 -0.0087864
195.05 -0.00876451
195.06 -0.00841356
195.07 -0.00779525
195.08 -0.00698008
195.09 -0.00604132
195.1 -0.00507672
195.11 -0.00416772
195.12 -0.00339144
195.13 -0.00281884
195.14 -0.00251206
195.15 -0.00252205
195.16 -0.00288749
195.17 -0.00366826
195.18 -0.00483176
195.19 -0.00636455
195.2 -0.00823707
195.21 -0.0104045
195.22 -0.012808
195.23 -0.0153769
195.24 -0.0180305
195.25 -0.020671
195.26 -0.0232004
195.27 -0.0255268
195.28 -0.0275619
195.29 -0.0292238
195.3 -0.03044
195.31 -0.0311503
195.32 -0.0312935
195.33 -0.0308106
195.34 -0.029736
195.35 -0.0280809
195.36 -0.0258748
195.37 -0.0231648
195.38 -0.0200141
195.39 -0.0165009
195.4 -0.0127087
195.41 -0.00874636
195.42 -0.00473675
195.43 -0.000788424
195.44 0.00299164
195.45 0.00650142
195.46 0.00964717
195.47 0.0123464
195.48 0.0145019
195.49 0.0160563
195.5 0.0170065
195.51 0.0173419
195.52 0.0170713
195.53 0.0162226
195.54 0.0148419
195.55 0.012992
195.56 0.0107311
195.57 0.00816997
195.58 0.00542307
195.59 0.00259466
195.6 -0.000209731
195.61 -0.00288677
195.62 -0.00533871
195.63 -0.00747656
195.64 -0.00918908
195.65 -0.0104271
195.66 -0.0111586
195.67 -0.0113587
195.68 -0.011021
195.69 -0.0101576
195.7 -0.00879867
195.71 -0.00699101
195.72 -0.00476997
195.73 -0.00224713
195.74 0.00048459
195.75 0.00333153
195.76 0.00619677
195.77 0.0089834
195.78 0.0115977
195.79 0.0139523
195.8 0.0159293
195.81 0.0174909
195.82 0.0185891
195.83 0.0191905
195.84 0.0192785
195.85 0.018853
195.86 0.0179306
195.87 0.01654
195.88 0.0146997
195.89 0.012514
195.9 0.0100548
195.91 0.00740097
195.92 0.00463563
195.93 0.00184315
195.94 -0.000893711
195.95 -0.0034922
195.96 -0.00586161
195.97 -0.00795448
195.98 -0.00972336
195.99 -0.011134
196 -0.0121661
196.01 -0.0128139
196.02 -0.0130859
196.03 -0.012994
196.04 -0.0125671
196.05 -0.0118773
196.06 -0.0109812
196.07 -0.00994155
196.08 -0.00882471
196.09 -0.00769826
196.1 -0.00662833
196.11 -0.00568507
196.12 -0.00493295
196.13 -0.00441015
196.14 -0.00415168
196.15 -0.00418101
196.16 -0.00450932
196.17 -0.00513519
196.18 -0.0060448
196.19 -0.00722495
196.2 -0.00863003
196.21 -0.010201
196.22 -0.0118831
196.23 -0.0136168
196.24 -0.0153398
196.25 -0.0169894
196.26 -0.0185049
196.27 -0.019813
196.28 -0.0208653
196.29 -0.021628
196.3 -0.0220705
196.31 -0.022173
196.32 -0.021927
196.33 -0.0213357
196.34 -0.0204131
196.35 -0.0191626
196.36 -0.0176416
196.37 -0.015901
196.38 -0.0139913
196.39 -0.0119669
196.4 -0.00988453
196.41 -0.00780079
196.42 -0.00577025
196.43 -0.00385724
196.44 -0.00210066
196.45 -0.000534856
196.46 0.000813773
196.47 0.00192847
196.48 0.0028026
196.49 0.00343963
196.5 0.00385227
196.51 0.00404696
196.52 0.00407769
196.53 0.00398314
196.54 0.00380668
196.55 0.00359462
196.56 0.00339439
196.57 0.00325263
196.58 0.0032156
196.59 0.00333695
196.6 0.00363943
196.61 0.00414785
196.62 0.00487871
196.63 0.00583962
196.64 0.00702906
196.65 0.0084365
196.66 0.0100474
196.67 0.011839
196.68 0.0137617
196.69 0.0157752
196.7 0.017836
196.71 0.0198985
196.72 0.021917
196.73 0.023847
196.74 0.0256408
196.75 0.0272534
196.76 0.0286636
196.77 0.0298486
196.78 0.030793
196.79 0.031489
196.8 0.0319367
196.81 0.0321434
196.82 0.0321127
196.83 0.031868
196.84 0.0314462
196.85 0.0308755
196.86 0.0301861
196.87 0.0294077
196.88 0.0285687
196.89 0.0276946
196.9 0.0268067
196.91 0.0259225
196.92 0.0250503
196.93 0.0241917
196.94 0.023341
196.95 0.0224857
196.96 0.0216072
196.97 0.0206811
196.98 0.0196704
196.99 0.0185429
197 0.0172668
197.01 0.0158084
197.02 0.0141361
197.03 0.012222
197.04 0.0100432
197.05 0.0075838
197.06 0.00481047
197.07 0.00174635
197.08 -0.00159177
197.09 -0.00518152
197.1 -0.00899086
197.11 -0.0129786
197.12 -0.0170954
197.13 -0.0212846
197.14 -0.0254787
197.15 -0.0296048
197.16 -0.0335951
197.17 -0.0373824
197.18 -0.0409027
197.19 -0.0440968
197.2 -0.0469124
197.21 -0.0493015
197.22 -0.0511909
197.23 -0.0526008
197.24 -0.0535247
197.25 -0.0539687
197.26 -0.0539517
197.27 -0.0535045
197.28 -0.0526694
197.29 -0.0514928
197.3 -0.0500271
197.31 -0.0483668
197.32 -0.0465839
197.33 -0.0447519
197.34 -0.0429435
197.35 -0.0412279
197.36 -0.0396691
197.37 -0.038332
197.38 -0.0372771
197.39 -0.0365227
197.4 -0.0360897
197.41 -0.0359864
197.42 -0.0362082
197.43 -0.0367375
197.44 -0.0375451
197.45 -0.038599
197.46 -0.0398437
197.47 -0.0412071
197.48 -0.0426251
197.49 -0.0440306
197.5 -0.0453563
197.51 -0.0465361
197.52 -0.0475085
197.53 -0.0481997
197.54 -0.0485606
197.55 -0.0485674
197.56 -0.0481957
197.57 -0.0474326
197.58 -0.0462775
197.59 -0.0447415
197.6 -0.0428476
197.61 -0.0406099
197.62 -0.0380895
197.63 -0.0353491
197.64 -0.0324465
197.65 -0.0294431
197.66 -0.0264016
197.67 -0.023384
197.68 -0.0204493
197.69 -0.0176672
197.7 -0.0150809
197.71 -0.0127252
197.72 -0.0106282
197.73 -0.00880834
197.74 -0.00727317
197.75 -0.00602001
197.76 -0.00503615
197.77 -0.00431975
197.78 -0.00381581
197.79 -0.00348401
197.8 -0.00328139
197.81 -0.00316212
197.82 -0.00307932
197.83 -0.00298696
197.84 -0.00284134
197.85 -0.00259131
197.86 -0.00221129
197.87 -0.00167716
197.88 -0.000973036
197.89 -9.18034e-05
197.9 0.000964702
197.91 0.00218585
197.92 0.00355455
197.93 0.00504911
197.94 0.00662325
197.95 0.00823832
197.96 0.00985267
197.97 0.0114234
197.98 0.0129081
197.99 0.0142665
198 0.0154569
198.01 0.0164362
198.02 0.0171944
198.03 0.017717
198.04 0.0179981
198.05 0.0180407
198.06 0.0178571
198.07 0.017468
198.08 0.0168971
198.09 0.0161829
198.1 0.0153795
198.11 0.0145345
198.12 0.0136982
198.13 0.0129217
198.14 0.0122555
198.15 0.0117472
198.16 0.0114532
198.17 0.0114156
198.18 0.0116537
198.19 0.0121891
198.2 0.0130348
198.21 0.0141947
198.22 0.0156638
198.23 0.0174285
198.24 0.0194824
198.25 0.0217848
198.26 0.024289
198.27 0.0269536
198.28 0.0297345
198.29 0.0325858
198.3 0.0354614
198.31 0.0383169
198.32 0.0411026
198.33 0.0437804
198.34 0.0463207
198.35 0.048698
198.36 0.0508933
198.37 0.0528946
198.38 0.0546962
198.39 0.0562991
198.4 0.0576943
198.41 0.0589095
198.42 0.0599641
198.43 0.0608776
198.44 0.0616711
198.45 0.0623663
198.46 0.0629837
198.47 0.0635425
198.48 0.0640559
198.49 0.0645411
198.5 0.0650057
198.51 0.0654525
198.52 0.0658799
198.53 0.0662818
198.54 0.0666481
198.55 0.0669646
198.56 0.0672081
198.57 0.067365
198.58 0.0674171
198.59 0.0673466
198.6 0.0671378
198.61 0.0667777
198.62 0.066257
198.63 0.0655674
198.64 0.0647004
198.65 0.0636763
198.66 0.0625077
198.67 0.0612125
198.68 0.0598132
198.69 0.0583365
198.7 0.0568121
198.71 0.0552722
198.72 0.0537536
198.73 0.0522883
198.74 0.0509049
198.75 0.0496282
198.76 0.0484779
198.77 0.0474673
198.78 0.0466024
198.79 0.0458877
198.8 0.0453117
198.81 0.044846
198.82 0.0444619
198.83 0.0441233
198.84 0.0437877
198.85 0.0434076
198.86 0.0429313
198.87 0.0422939
198.88 0.041437
198.89 0.0403165
198.9 0.0388859
198.91 0.0371046
198.92 0.03494
198.93 0.0323688
198.94 0.0293783
198.95 0.025939
198.96 0.0220808
198.97 0.0178431
198.98 0.013264
198.99 0.00839228
199 0.00328677
199.01 -0.00198557
199.02 -0.00735131
199.03 -0.0127274
199.04 -0.018025
199.05 -0.0231653
199.06 -0.0280735
199.07 -0.0326805
199.08 -0.0369256
199.09 -0.0407583
199.1 -0.0441401
199.11 -0.0470001
199.12 -0.0493697
199.13 -0.0512598
199.14 -0.0526921
199.15 -0.0537023
199.16 -0.0543388
199.17 -0.0546611
199.18 -0.0547376
199.19 -0.0546367
199.2 -0.0544623
199.21 -0.0542966
199.22 -0.0542199
199.23 -0.0543083
199.24 -0.0546306
199.25 -0.0552463
199.26 -0.0562092
199.27 -0.0575818
199.28 -0.0593505
199.29 -0.0615154
199.3 -0.0640611
199.31 -0.0669564
199.32 -0.0701557
199.33 -0.0736
199.34 -0.077221
199.35 -0.0809324
199.36 -0.0846342
199.37 -0.0882346
199.38 -0.0916412
199.39 -0.0947639
199.4 -0.0975178
199.41 -0.0998255
199.42 -0.101597
199.43 -0.102759
199.44 -0.103306
199.45 -0.103215
199.46 -0.10248
199.47 -0.101109
199.48 -0.0991266
199.49 -0.0965701
199.5 -0.0934675
199.51 -0.0898922
199.52 -0.0859425
199.53 -0.0816971
199.54 -0.0772381
199.55 -0.0726477
199.56 -0.0680062
199.57 -0.0633895
199.58 -0.0588761
199.59 -0.0545293
199.6 -0.0503916
199.61 -0.0464973
199.62 -0.0428682
199.63 -0.039513
199.64 -0.0364279
199.65 -0.0335973
199.66 -0.0310094
199.67 -0.0286122
199.68 -0.0263559
199.69 -0.0241918
199.7 -0.022069
199.71 -0.0199368
199.72 -0.0177465
199.73 -0.0154541
199.74 -0.0130073
199.75 -0.0103858
199.76 -0.00757408
199.77 -0.00456549
199.78 -0.00136427
199.79 0.00201435
199.8 0.00554468
199.81 0.00919144
199.82 0.0129132
199.83 0.0166475
199.84 0.0203382
199.85 0.0239275
199.86 0.0273573
199.87 0.0305723
199.88 0.0335212
199.89 0.0361558
199.9 0.038409
199.91 0.0402854
199.92 0.0417719
199.93 0.0428671
199.94 0.0435808
199.95 0.0439347
199.96 0.0439607
199.97 0.0436951
199.98 0.0431805
199.99 0.0424955
200 0.0417002
