0 0
0.01 -0.00155771
0.02 -0.00306004
0.03 -0.00445803
0.04 -0.00570598
0.05 -0.00676282
0.06 -0.00759332
0.07 -0.00816924
0.08 -0.00846674
0.09 -0.00845146
0.1 -0.00814757
0.11 -0.00756348
0.12 -0.00671651
0.13 -0.00563241
0.14 -0.00434464
0.15 -0.00289346
0.16 -0.00132324
0.17 0.000313191
0.18 0.00195394
0.19 0.00354487
0.2 0.00503274
0.21 0.0063669
0.22 0.00750082
0.23 0.00839366
0.24 0.00900075
0.25 0.00928548
0.26 0.00925206
0.27 0.00889635
0.28 0.0082245
0.29 0.00725288
0.3 0.00600786
0.31 0.00452515
0.32 0.00284222
0.33 0.00101746
0.34 -0.00088078
0.35 -0.00279054
0.36 -0.00464804
0.37 -0.00638969
0.38 -0.00795401
0.39 -0.00928365
0.4 -0.0103075
0.41 -0.0109828
0.42 -0.0112902
0.43 -0.0112087
0.44 -0.0107294
0.45 -0.00985572
0.46 -0.00860354
0.47 -0.00700123
0.48 -0.0050705
0.49 -0.00288276
0.5 -0.000509696
0.51 0.00197864
0.52 0.00450681
0.53 0.00699614
0.54 0.00936707
0.55 0.0115415
0.56 0.0134171
0.57 0.0149381
0.58 0.0160527
0.59 0.0167149
0.6 0.0168909
0.61 0.0165609
0.62 0.0157193
0.63 0.0143752
0.64 0.0125103
0.65 0.0102109
0.66 0.0075335
0.67 0.00454269
0.68 0.00131203
0.69 -0.0020782
0.7 -0.00554356
0.71 -0.00899746
0.72 -0.0123383
0.73 -0.0154894
0.74 -0.0183789
0.75 -0.0209449
0.76 -0.023137
0.77 -0.024918
0.78 -0.0262655
0.79 -0.0271642
0.8 -0.0275963
0.81 -0.0276245
0.82 -0.0272883
0.83 -0.0266385
0.84 -0.0257357
0.85 -0.0246468
0.86 -0.0234431
0.87 -0.0221971
0.88 -0.020987
0.89 -0.0198763
0.9 -0.0189164
0.91 -0.0181458
0.92 -0.017588
0.93 -0.0172492
0.94 -0.0171169
0.95 -0.0171647
0.96 -0.0173344
0.97 -0.0175416
0.98 -0.0176958
0.99 -0.017692
1 -0.0174141
1.01 -0.0167387
1.02 -0.0155389
1.03 -0.0136474
1.04 -0.0109346
1.05 -0.00732727
1.06 -0.00273765
1.07 0.0029003
1.08 0.00962704
1.09 0.017454
1.1 0.0263607
1.11 0.0363546
1.12 0.0472998
1.13 0.0590285
1.14 0.0713765
1.15 0.0841489
1.16 0.0971246
1.17 0.11006
1.18 0.122695
1.19 0.134692
1.2 0.145779
1.21 0.155699
1.22 0.164197
1.23 0.171033
1.24 0.175998
1.25 0.178914
1.26 0.17964
1.27 0.17787
1.28 0.173739
1.29 0.167286
1.3 0.158573
1.31 0.147715
1.32 0.134875
1.33 0.120258
1.34 0.104112
1.35 0.0866251
1.36 0.068261
1.37 0.0493528
1.38 0.0302422
1.39 0.0112714
1.4 -0.00722569
1.41 -0.0249324
1.42 -0.0415404
1.43 -0.0566651
1.44 -0.070199
1.45 -0.0819808
1.46 -0.0918996
1.47 -0.0998971
1.48 -0.105969
1.49 -0.110163
1.5 -0.112539
1.51 -0.113179
1.52 -0.112417
1.53 -0.110482
1.54 -0.10763
1.55 -0.104137
1.56 -0.100285
1.57 -0.0963547
1.58 -0.0926373
1.59 -0.0894292
1.6 -0.0869362
1.61 -0.0853446
1.62 -0.0848002
1.63 -0.0854043
1.64 -0.0872106
1.65 -0.0902246
1.66 -0.0944551
1.67 -0.0998001
1.68 -0.106057
1.69 -0.11305
1.7 -0.120573
1.71 -0.128399
1.72 -0.136288
1.73 -0.143995
1.74 -0.151243
1.75 -0.157787
1.76 -0.163449
1.77 -0.168066
1.78 -0.17151
1.79 -0.173698
1.8 -0.174593
1.81 -0.174207
1.82 -0.172521
1.83 -0.169712
1.84 -0.16598
1.85 -0.161521
1.86 -0.156564
1.87 -0.151361
1.88 -0.146173
1.89 -0.141269
1.9 -0.136972
1.91 -0.133507
1.92 -0.131069
1.93 -0.129824
1.94 -0.129886
1.95 -0.131319
1.96 -0.134123
1.97 -0.138238
1.98 -0.143633
1.99 -0.14998
2 -0.157008
2.01 -0.164393
2.02 -0.171766
2.03 -0.178719
2.04 -0.184815
2.05 -0.189589
2.06 -0.192383
2.07 -0.192889
2.08 -0.190693
2.09 -0.185422
2.1 -0.176759
2.11 -0.164448
2.12 -0.148312
2.13 -0.12818
2.14 -0.103805
2.15 -0.0756224
2.16 -0.0438368
2.17 -0.00874651
2.18 0.0292613
2.19 0.069717
2.2 0.112077
2.21 0.155755
2.22 0.200034
2.23 0.24413
2.24 0.287329
2.25 0.328914
2.26 0.368185
2.27 0.404474
2.28 0.437158
2.29 0.465475
2.3 0.488809
2.31 0.507027
2.32 0.51984
2.33 0.527063
2.34 0.528611
2.35 0.524505
2.36 0.514871
2.37 0.499657
2.38 0.479276
2.39 0.454389
2.4 0.425484
2.41 0.393106
2.42 0.357841
2.43 0.320308
2.44 0.28114
2.45 0.240948
2.46 0.200455
2.47 0.160278
2.48 0.120963
2.49 0.0830003
2.5 0.0468241
2.51 0.0127997
2.52 -0.0187784
2.53 -0.0474688
2.54 -0.0732699
2.55 -0.0961874
2.56 -0.116234
2.57 -0.133485
2.58 -0.148073
2.59 -0.160176
2.6 -0.170013
2.61 -0.177677
2.62 -0.183622
2.63 -0.188152
2.64 -0.191546
2.65 -0.194073
2.66 -0.195986
2.67 -0.197514
2.68 -0.198858
2.69 -0.200196
2.7 -0.201665
2.71 -0.203352
2.72 -0.205304
2.73 -0.207535
2.74 -0.210027
2.75 -0.212731
2.76 -0.215576
2.77 -0.218462
2.78 -0.221268
2.79 -0.223875
2.8 -0.226164
2.81 -0.228014
2.82 -0.229314
2.83 -0.229961
2.84 -0.229843
2.85 -0.228837
2.86 -0.226945
2.87 -0.224129
2.88 -0.220368
2.89 -0.215655
2.9 -0.209998
2.91 -0.203416
2.92 -0.195904
2.93 -0.187477
2.94 -0.178232
2.95 -0.168205
2.96 -0.157435
2.97 -0.145953
2.98 -0.133786
2.99 -0.120957
3 -0.107451
3.01 -0.0932747
3.02 -0.0784686
3.03 -0.0630352
3.04 -0.0469777
3.05 -0.0303022
3.06 -0.0130204
3.07 0.00484692
3.08 0.0232982
3.09 0.0422668
3.1 0.0616622
3.11 0.0813964
3.12 0.101361
3.13 0.121427
3.14 0.141445
3.15 0.161246
3.16 0.180598
3.17 0.199295
3.18 0.217137
3.19 0.233904
3.2 0.24938
3.21 0.263351
3.22 0.275617
3.23 0.285994
3.24 0.294133
3.25 0.300031
3.26 0.30363
3.27 0.304872
3.28 0.30374
3.29 0.300258
3.3 0.294491
3.31 0.286548
3.32 0.276396
3.33 0.264427
3.34 0.250875
3.35 0.235988
3.36 0.220034
3.37 0.203297
3.38 0.186063
3.39 0.168619
3.4 0.151274
3.41 0.134299
3.42 0.117921
3.43 0.102339
3.44 0.0877132
3.45 0.0741642
3.46 0.0617695
3.47 0.0505842
3.48 0.0406635
3.49 0.0318437
3.5 0.0240191
3.51 0.0170488
3.52 0.0107619
3.53 0.00496429
3.54 -0.000554144
3.55 -0.00601719
3.56 -0.0116753
3.57 -0.0177369
3.58 -0.0243901
3.59 -0.0317969
3.6 -0.0400865
3.61 -0.04935
3.62 -0.059635
3.63 -0.0709852
3.64 -0.0833559
3.65 -0.0965803
3.66 -0.110504
3.67 -0.124931
3.68 -0.139622
3.69 -0.154307
3.7 -0.16869
3.71 -0.182402
3.72 -0.195078
3.73 -0.206422
3.74 -0.216119
3.75 -0.22387
3.76 -0.229408
3.77 -0.232497
3.78 -0.232947
3.79 -0.230422
3.8 -0.22492
3.81 -0.216516
3.82 -0.205249
3.83 -0.191211
3.84 -0.174552
3.85 -0.155474
3.86 -0.134224
3.87 -0.110969
3.88 -0.0861757
3.89 -0.0602393
3.9 -0.0335278
3.91 -0.00641534
3.92 0.0207271
3.93 0.0475401
3.94 0.0736839
3.95 0.0987318
3.96 0.122465
3.97 0.144666
3.98 0.165153
3.99 0.183787
4 0.200483
4.01 0.215199
4.02 0.227941
4.03 0.238577
4.04 0.247404
4.05 0.254552
4.06 0.260179
4.07 0.264463
4.08 0.267592
4.09 0.269765
4.1 0.271165
4.11 0.271956
4.12 0.272368
4.13 0.272545
4.14 0.272606
4.15 0.27264
4.16 0.272705
4.17 0.272825
4.18 0.272993
4.19 0.273161
4.2 0.27325
4.21 0.27316
4.22 0.272771
4.23 0.271945
4.24 0.270537
4.25 0.268397
4.26 0.265336
4.27 0.261172
4.28 0.255837
4.29 0.249227
4.3 0.241262
4.31 0.231889
4.32 0.221085
4.33 0.208858
4.34 0.195184
4.35 0.180147
4.36 0.16393
4.37 0.146671
4.38 0.128533
4.39 0.1097
4.4 0.0903714
4.41 0.0707589
4.42 0.0510893
4.43 0.0316091
4.44 0.0125318
4.45 -0.00594111
4.46 -0.0236228
4.47 -0.040345
4.48 -0.0559613
4.49 -0.0703494
4.5 -0.0833105
4.51 -0.0948307
4.52 -0.104911
4.53 -0.113539
4.54 -0.120728
4.55 -0.126511
4.56 -0.13094
4.57 -0.134081
4.58 -0.135916
4.59 -0.136625
4.6 -0.136315
4.61 -0.135074
4.62 -0.132987
4.63 -0.130128
4.64 -0.126565
4.65 -0.122351
4.66 -0.11747
4.67 -0.112006
4.68 -0.10597
4.69 -0.0993612
4.7 -0.0921638
4.71 -0.084355
4.72 -0.0759053
4.73 -0.0667761
4.74 -0.0568706
4.75 -0.0462241
4.76 -0.0348164
4.77 -0.0226383
4.78 -0.00969541
4.79 0.00398975
4.8 0.0183751
4.81 0.033408
4.82 0.0490242
4.83 0.0650585
4.84 0.0813741
4.85 0.097813
4.86 0.114198
4.87 0.130334
4.88 0.146015
4.89 0.160992
4.9 0.174981
4.91 0.187804
4.92 0.199243
4.93 0.209085
4.94 0.217132
4.95 0.223206
4.96 0.227148
4.97 0.228725
4.98 0.227793
4.99 0.224421
5 0.218583
5.01 0.210286
5.02 0.199576
5.03 0.186529
5.04 0.17126
5.05 0.153809
5.06 0.134396
5.07 0.113323
5.08 0.0908167
5.09 0.0671237
5.1 0.0425017
5.11 0.0172174
5.12 -0.00845937
5.13 -0.0342496
5.14 -0.0598563
5.15 -0.0850265
5.16 -0.109525
5.17 -0.133136
5.18 -0.155663
5.19 -0.176936
5.2 -0.196807
5.21 -0.215031
5.22 -0.231597
5.23 -0.246481
5.24 -0.259653
5.25 -0.271106
5.26 -0.28086
5.27 -0.288955
5.28 -0.29545
5.29 -0.300292
5.3 -0.303706
5.31 -0.305812
5.32 -0.306721
5.33 -0.306549
5.34 -0.305416
5.35 -0.303439
5.36 -0.300733
5.37 -0.297357
5.38 -0.293484
5.39 -0.289208
5.4 -0.284613
5.41 -0.279774
5.42 -0.274756
5.43 -0.269614
5.44 -0.264393
5.45 -0.259129
5.46 -0.253857
5.47 -0.248595
5.48 -0.243358
5.49 -0.238157
5.5 -0.232998
5.51 -0.227886
5.52 -0.222825
5.53 -0.217824
5.54 -0.212884
5.55 -0.208011
5.56 -0.203215
5.57 -0.198508
5.58 -0.193903
5.59 -0.189418
5.6 -0.185078
5.61 -0.180909
5.62 -0.176925
5.63 -0.173145
5.64 -0.169592
5.65 -0.166282
5.66 -0.163233
5.67 -0.160456
5.68 -0.157973
5.69 -0.155786
5.7 -0.153876
5.71 -0.152232
5.72 -0.150837
5.73 -0.149665
5.74 -0.148687
5.75 -0.147866
5.76 -0.147164
5.77 -0.146526
5.78 -0.145896
5.79 -0.145223
5.8 -0.144451
5.81 -0.143526
5.82 -0.142398
5.83 -0.141015
5.84 -0.139309
5.85 -0.137248
5.86 -0.134811
5.87 -0.131972
5.88 -0.128714
5.89 -0.12503
5.9 -0.120918
5.91 -0.116388
5.92 -0.111422
5.93 -0.106075
5.94 -0.100384
5.95 -0.0943815
5.96 -0.088107
5.97 -0.0815989
5.98 -0.0748961
5.99 -0.0680353
6 -0.0610401
6.01 -0.0539506
6.02 -0.0467855
6.03 -0.0395539
6.04 -0.0322551
6.05 -0.0248771
6.06 -0.0173966
6.07 -0.00977688
6.08 -0.00194949
6.09 0.00613236
6.1 0.0145385
6.11 0.0233469
6.12 0.0326418
6.13 0.0425115
6.14 0.0530459
6.15 0.0643507
6.16 0.0765705
6.17 0.0897184
6.18 0.103859
6.19 0.119042
6.2 0.1353
6.21 0.152649
6.22 0.17108
6.23 0.190594
6.24 0.21116
6.25 0.232617
6.26 0.25485
6.27 0.277715
6.28 0.301045
6.29 0.324649
6.3 0.348314
6.31 0.371787
6.32 0.39478
6.33 0.417042
6.34 0.438301
6.35 0.458285
6.36 0.476722
6.37 0.493346
6.38 0.507905
6.39 0.520017
6.4 0.529464
6.41 0.536164
6.42 0.53996
6.43 0.540725
6.44 0.538368
6.45 0.532833
6.46 0.524105
6.47 0.511992
6.48 0.496679
6.49 0.478378
6.5 0.457233
6.51 0.433421
6.52 0.40715
6.53 0.378656
6.54 0.3482
6.55 0.315954
6.56 0.282345
6.57 0.247719
6.58 0.212393
6.59 0.176686
6.6 0.140913
6.61 0.105382
6.62 0.0703903
6.63 0.0363227
6.64 0.00339826
6.65 -0.0281504
6.66 -0.0581053
6.67 -0.0862728
6.68 -0.112485
6.69 -0.1366
6.7 -0.158495
6.71 -0.177855
6.72 -0.19484
6.73 -0.209419
6.74 -0.22158
6.75 -0.231335
6.76 -0.238716
6.77 -0.243773
6.78 -0.246539
6.79 -0.24695
6.8 -0.245297
6.81 -0.241689
6.82 -0.236242
6.83 -0.229082
6.84 -0.22034
6.85 -0.210153
6.86 -0.198632
6.87 -0.185885
6.88 -0.172154
6.89 -0.15759
6.9 -0.142343
6.91 -0.126565
6.92 -0.110406
6.93 -0.0940176
6.94 -0.0775506
6.95 -0.0611719
6.96 -0.045028
6.97 -0.0292575
6.98 -0.0139943
6.99 0.000633909
7 0.0145065
7.01 0.027511
7.02 0.0394905
7.03 0.0503403
7.04 0.0600325
7.05 0.0685018
7.06 0.0756966
7.07 0.0815798
7.08 0.0861293
7.09 0.0893388
7.1 0.0911361
7.11 0.0915827
7.12 0.0907744
7.13 0.0887702
7.14 0.0856426
7.15 0.0814773
7.16 0.0763712
7.17 0.0704313
7.18 0.0637292
7.19 0.0564348
7.2 0.0486944
7.21 0.0406376
7.22 0.0323936
7.23 0.02409
7.24 0.0158505
7.25 0.00779317
7.26 6.29641e-05
7.27 -0.00725047
7.28 -0.0140624
7.29 -0.0202948
7.3 -0.0258817
7.31 -0.0307697
7.32 -0.034918
7.33 -0.0382988
7.34 -0.0408199
7.35 -0.0425539
7.36 -0.0435146
7.37 -0.0437234
7.38 -0.0432114
7.39 -0.0420182
7.4 -0.0401907
7.41 -0.0377776
7.42 -0.0348002
7.43 -0.0313746
7.44 -0.0275668
7.45 -0.0234446
7.46 -0.0190766
7.47 -0.0145317
7.48 -0.00987828
7.49 -0.00518435
7.5 -0.000524668
7.51 0.00403479
7.52 0.00843265
7.53 0.0126099
7.54 0.0165102
7.55 0.0200797
7.56 0.0232678
7.57 0.026011
7.58 0.028243
7.59 0.0299536
7.6 0.0311069
7.61 0.0316714
7.62 0.0316204
7.63 0.0309325
7.64 0.0295927
7.65 0.0275627
7.66 0.0248343
7.67 0.0214537
7.68 0.0174386
7.69 0.012816
7.7 0.00762258
7.71 0.0019054
7.72 -0.00427816
7.73 -0.0108782
7.74 -0.0178002
7.75 -0.0249364
7.76 -0.0321871
7.77 -0.0394447
7.78 -0.0465943
7.79 -0.0535156
7.8 -0.060084
7.81 -0.066131
7.82 -0.0715323
7.83 -0.0761801
7.84 -0.0799554
7.85 -0.0827463
7.86 -0.0844509
7.87 -0.0849792
7.88 -0.0842554
7.89 -0.0821115
7.9 -0.0785837
7.91 -0.0736839
7.92 -0.0674186
7.93 -0.0598169
7.94 -0.0509312
7.95 -0.0408377
7.96 -0.0296358
7.97 -0.01737
7.98 -0.0042829
7.99 0.0094485
8 0.0236386
8.01 0.0380869
8.02 0.0525811
8.03 0.0668999
8.04 0.0808147
8.05 0.0940142
8.06 0.106317
8.07 0.117506
8.08 0.127373
8.09 0.135729
8.1 0.1424
8.11 0.147234
8.12 0.150076
8.13 0.150674
8.14 0.149139
8.15 0.145446
8.16 0.139601
8.17 0.131646
8.18 0.121659
8.19 0.109751
8.2 0.0960225
8.21 0.0805976
8.22 0.0638177
8.23 0.045919
8.24 0.0271591
8.25 0.00781356
8.26 -0.0118288
8.27 -0.0314706
8.28 -0.0507862
8.29 -0.0694234
8.3 -0.0871121
8.31 -0.103574
8.32 -0.118546
8.33 -0.13179
8.34 -0.143092
8.35 -0.152269
8.36 -0.15905
8.37 -0.163311
8.38 -0.165103
8.39 -0.1644
8.4 -0.161218
8.41 -0.155614
8.42 -0.147684
8.43 -0.137562
8.44 -0.125306
8.45 -0.111199
8.46 -0.0955596
8.47 -0.0786536
8.48 -0.0607675
8.49 -0.0422031
8.5 -0.0232729
8.51 -0.00429424
8.52 0.0143714
8.53 0.0323921
8.54 0.0494784
8.55 0.0653492
8.56 0.079745
8.57 0.0924312
8.58 0.103202
8.59 0.111884
8.6 0.118135
8.61 0.122007
8.62 0.123475
8.63 0.122518
8.64 0.119152
8.65 0.113426
8.66 0.105425
8.67 0.0952656
8.68 0.0829084
8.69 0.0687342
8.7 0.0529435
8.71 0.0357476
8.72 0.0173704
8.73 -0.00195604
8.74 -0.0219956
8.75 -0.042514
8.76 -0.0632749
8.77 -0.0840156
8.78 -0.104525
8.79 -0.124607
8.8 -0.144081
8.81 -0.162787
8.82 -0.180584
8.83 -0.197329
8.84 -0.212848
8.85 -0.227157
8.86 -0.240205
8.87 -0.251966
8.88 -0.262432
8.89 -0.271611
8.9 -0.279531
8.91 -0.286194
8.92 -0.291619
8.93 -0.295956
8.94 -0.299277
8.95 -0.301663
8.96 -0.303195
8.97 -0.303958
8.98 -0.304035
8.99 -0.303484
9 -0.302387
9.01 -0.30085
9.02 -0.298939
9.03 -0.296712
9.04 -0.29422
9.05 -0.291507
9.06 -0.288606
9.07 -0.285536
9.08 -0.282315
9.09 -0.278957
9.1 -0.27546
9.11 -0.271813
9.12 -0.267998
9.13 -0.26399
9.14 -0.259758
9.15 -0.255242
9.16 -0.250403
9.17 -0.245201
9.18 -0.239585
9.19 -0.233499
9.2 -0.226888
9.21 -0.219695
9.22 -0.211862
9.23 -0.203276
9.24 -0.19392
9.25 -0.183762
9.26 -0.172761
9.27 -0.160882
9.28 -0.148099
9.29 -0.134394
9.3 -0.119761
9.31 -0.104119
9.32 -0.0875679
9.33 -0.0701475
9.34 -0.0519049
9.35 -0.0329009
9.36 -0.01321
9.37 0.00707952
9.38 0.0278678
9.39 0.0490645
9.4 0.0704959
9.41 0.0920258
9.42 0.113511
9.43 0.134802
9.44 0.155747
9.45 0.176194
9.46 0.19598
9.47 0.214888
9.48 0.232839
9.49 0.249707
9.5 0.265378
9.51 0.279756
9.52 0.292759
9.53 0.304324
9.54 0.31437
9.55 0.322804
9.56 0.329744
9.57 0.335214
9.58 0.339265
9.59 0.341962
9.6 0.343392
9.61 0.343657
9.62 0.342837
9.63 0.341055
9.64 0.338514
9.65 0.335354
9.66 0.331719
9.67 0.32775
9.68 0.323581
9.69 0.319339
9.7 0.315148
9.71 0.311121
9.72 0.307337
9.73 0.303857
9.74 0.300724
9.75 0.297962
9.76 0.295571
9.77 0.293534
9.78 0.291829
9.79 0.290382
9.8 0.289104
9.81 0.287906
9.82 0.286686
9.83 0.285335
9.84 0.283739
9.85 0.281781
9.86 0.279302
9.87 0.276203
9.88 0.272396
9.89 0.267791
9.9 0.262313
9.91 0.255899
9.92 0.248507
9.93 0.240111
9.94 0.23062
9.95 0.220125
9.96 0.20868
9.97 0.196343
9.98 0.183189
9.99 0.16931
10 0.154813
10.01 0.139816
10.02 0.124427
10.03 0.10883
10.04 0.0931698
10.05 0.0775899
10.06 0.0622342
10.07 0.0472431
10.08 0.0327513
10.09 0.018893
10.1 0.00585715
10.11 -0.0063129
10.12 -0.0175278
10.13 -0.0277123
10.14 -0.0368059
10.15 -0.0447632
10.16 -0.051554
10.17 -0.0571376
10.18 -0.0614466
10.19 -0.0645916
10.2 -0.0666022
10.21 -0.0675191
10.22 -0.0673937
10.23 -0.0662866
10.24 -0.0642661
10.25 -0.0613813
10.26 -0.0576967
10.27 -0.0533519
10.28 -0.0484328
10.29 -0.0430257
10.3 -0.0372165
10.31 -0.0310892
10.32 -0.024725
10.33 -0.018198
10.34 -0.0115892
10.35 -0.00497308
10.36 0.00159028
10.37 0.00804766
10.38 0.014353
10.39 0.0204677
10.4 0.0263611
10.41 0.0319955
10.42 0.0373586
10.43 0.0424561
10.44 0.0472906
10.45 0.0518717
10.46 0.0562157
10.47 0.060345
10.48 0.0642869
10.49 0.0680649
10.5 0.0717242
10.51 0.0753068
10.52 0.0788502
10.53 0.0823908
10.54 0.0859626
10.55 0.0895957
10.56 0.0933147
10.57 0.0971465
10.58 0.101094
10.59 0.105152
10.6 0.109309
10.61 0.113538
10.62 0.117805
10.63 0.122059
10.64 0.126239
10.65 0.130251
10.66 0.134012
10.67 0.137426
10.68 0.140388
10.69 0.142783
10.7 0.144495
10.71 0.145402
10.72 0.14538
10.73 0.144199
10.74 0.141842
10.75 0.138203
10.76 0.133191
10.77 0.126725
10.78 0.118743
10.79 0.109199
10.8 0.0980411
10.81 0.0851557
10.82 0.0707004
10.83 0.0547195
10.84 0.0372795
10.85 0.0184684
10.86 -0.00160519
10.87 -0.0228136
10.88 -0.0450351
10.89 -0.068127
10.9 -0.0918443
10.91 -0.116004
10.92 -0.140419
10.93 -0.164899
10.94 -0.189254
10.95 -0.2133
10.96 -0.236833
10.97 -0.259651
10.98 -0.281633
10.99 -0.302643
11 -0.32256
11.01 -0.341283
11.02 -0.358726
11.03 -0.374826
11.04 -0.389461
11.05 -0.402605
11.06 -0.414319
11.07 -0.42461
11.08 -0.433497
11.09 -0.441013
11.1 -0.447197
11.11 -0.452096
11.12 -0.455686
11.13 -0.458062
11.14 -0.459322
11.15 -0.459519
11.16 -0.458701
11.17 -0.456913
11.18 -0.454193
11.19 -0.450574
11.2 -0.446018
11.21 -0.440591
11.22 -0.43433
11.23 -0.427244
11.24 -0.41934
11.25 -0.410623
11.26 -0.401099
11.27 -0.390772
11.28 -0.379583
11.29 -0.367604
11.3 -0.354865
11.31 -0.341391
11.32 -0.327215
11.33 -0.312378
11.34 -0.296927
11.35 -0.280919
11.36 -0.264375
11.37 -0.24742
11.38 -0.230131
11.39 -0.212589
11.4 -0.194875
11.41 -0.177072
11.42 -0.159262
11.43 -0.141525
11.44 -0.123952
11.45 -0.1066
11.46 -0.089527
11.47 -0.0727788
11.48 -0.0563921
11.49 -0.0403926
11.5 -0.0247946
11.51 -0.00961064
11.52 0.0051457
11.53 0.019525
11.54 0.0335539
11.55 0.0472652
11.56 0.0606966
11.57 0.073888
11.58 0.0868803
11.59 0.0997086
11.6 0.112408
11.61 0.125018
11.62 0.137558
11.63 0.15004
11.64 0.162466
11.65 0.174826
11.66 0.187097
11.67 0.199239
11.68 0.211198
11.69 0.222924
11.7 0.234349
11.71 0.2454
11.72 0.255996
11.73 0.266053
11.74 0.275485
11.75 0.28416
11.76 0.291997
11.77 0.29895
11.78 0.304951
11.79 0.309941
11.8 0.313871
11.81 0.316706
11.82 0.318421
11.83 0.318927
11.84 0.318275
11.85 0.31652
11.86 0.313692
11.87 0.309835
11.88 0.305001
11.89 0.299252
11.9 0.292653
11.91 0.285218
11.92 0.277076
11.93 0.268314
11.94 0.259003
11.95 0.249209
11.96 0.238991
11.97 0.228403
11.98 0.21749
11.99 0.206264
12 0.194778
12.01 0.18305
12.02 0.171088
12.03 0.158892
12.04 0.146454
12.05 0.133764
12.06 0.120805
12.07 0.107529
12.08 0.093946
12.09 0.0800396
12.1 0.0657973
12.11 0.0512118
12.12 0.0362825
12.13 0.0210164
12.14 0.00542442
12.15 -0.0104846
12.16 -0.0266462
12.17 -0.0430132
12.18 -0.0595289
12.19 -0.0761276
12.2 -0.0927354
12.21 -0.109272
12.22 -0.125642
12.23 -0.141733
12.24 -0.157463
12.25 -0.172736
12.26 -0.187456
12.27 -0.20153
12.28 -0.214868
12.29 -0.227382
12.3 -0.238953
12.31 -0.249476
12.32 -0.25894
12.33 -0.267286
12.34 -0.274459
12.35 -0.280416
12.36 -0.285117
12.37 -0.288531
12.38 -0.290562
12.39 -0.291192
12.4 -0.290475
12.41 -0.2884
12.42 -0.284966
12.43 -0.280172
12.44 -0.274026
12.45 -0.266536
12.46 -0.257633
12.47 -0.247376
12.48 -0.23584
12.49 -0.22306
12.5 -0.209074
12.51 -0.19393
12.52 -0.177685
12.53 -0.160404
12.54 -0.142096
12.55 -0.122908
12.56 -0.102963
12.57 -0.0823711
12.58 -0.0612539
12.59 -0.0397424
12.6 -0.0179772
12.61 0.00389322
12.62 0.0256946
12.63 0.0472547
12.64 0.0684108
12.65 0.0889996
12.66 0.10886
12.67 0.127837
12.68 0.145783
12.69 0.162559
12.7 0.177901
12.71 0.191822
12.72 0.204236
12.73 0.215076
12.74 0.224296
12.75 0.23187
12.76 0.237798
12.77 0.242081
12.78 0.244643
12.79 0.245698
12.8 0.245332
12.81 0.243649
12.82 0.240767
12.83 0.236813
12.84 0.231928
12.85 0.226238
12.86 0.219873
12.87 0.213036
12.88 0.205866
12.89 0.198497
12.9 0.19105
12.91 0.183634
12.92 0.176347
12.93 0.169276
12.94 0.1625
12.95 0.156047
12.96 0.149942
12.97 0.144195
12.98 0.138799
12.99 0.133734
13 0.12897
13.01 0.124473
13.02 0.120189
13.03 0.116048
13.04 0.111993
13.05 0.107963
13.06 0.103904
13.07 0.0997634
13.08 0.0954935
13.09 0.0910436
13.1 0.086382
13.11 0.0814962
13.12 0.0763752
13.13 0.0710173
13.14 0.0654298
13.15 0.0596279
13.16 0.0536341
13.17 0.0474677
13.18 0.0411728
13.19 0.0347917
13.2 0.028363
13.21 0.021926
13.22 0.0155191
13.23 0.00917885
13.24 0.00293937
13.25 -0.00315519
13.26 -0.00908329
13.27 -0.0148239
13.28 -0.0203562
13.29 -0.0256619
13.3 -0.0307238
13.31 -0.0355253
13.32 -0.0400491
13.33 -0.0442458
13.34 -0.0481163
13.35 -0.0516351
13.36 -0.0547689
13.37 -0.0574784
13.38 -0.0597178
13.39 -0.0614344
13.4 -0.0625658
13.41 -0.0629804
13.42 -0.0626639
13.43 -0.0615417
13.44 -0.0595375
13.45 -0.0565754
13.46 -0.0525825
13.47 -0.0474907
13.48 -0.0412194
13.49 -0.0336336
13.5 -0.0247987
13.51 -0.0146981
13.52 -0.00333322
13.53 0.0092742
13.54 0.0230809
13.55 0.0380211
13.56 0.0540329
13.57 0.0710284
13.58 0.0887939
13.59 0.107169
13.6 0.125976
13.61 0.145019
13.62 0.16409
13.63 0.182971
13.64 0.201411
13.65 0.219141
13.66 0.235964
13.67 0.251664
13.68 0.266033
13.69 0.278881
13.7 0.290033
13.71 0.299338
13.72 0.306557
13.73 0.311586
13.74 0.314454
13.75 0.315122
13.76 0.31358
13.77 0.309844
13.78 0.303961
13.79 0.296
13.8 0.285936
13.81 0.273957
13.82 0.260271
13.83 0.245029
13.84 0.228394
13.85 0.210534
13.86 0.191623
13.87 0.171834
13.88 0.151298
13.89 0.130236
13.9 0.108822
13.91 0.0872039
13.92 0.0655184
13.93 0.043891
13.94 0.0224344
13.95 0.00124916
13.96 -0.0195374
13.97 -0.0398701
13.98 -0.059689
13.99 -0.0789386
14 -0.0975703
14.01 -0.115542
14.02 -0.132815
14.03 -0.149355
14.04 -0.165049
14.05 -0.179937
14.06 -0.193988
14.07 -0.207168
14.08 -0.219443
14.09 -0.230778
14.1 -0.241137
14.11 -0.250475
14.12 -0.258671
14.13 -0.265788
14.14 -0.271799
14.15 -0.276684
14.16 -0.280431
14.17 -0.283035
14.18 -0.284501
14.19 -0.28482
14.2 -0.283964
14.21 -0.282063
14.22 -0.279174
14.23 -0.275363
14.24 -0.270712
14.25 -0.265309
14.26 -0.259256
14.27 -0.252646
14.28 -0.245595
14.29 -0.238258
14.3 -0.230757
14.31 -0.223211
14.32 -0.215738
14.33 -0.20845
14.34 -0.20145
14.35 -0.194857
14.36 -0.188765
14.37 -0.18322
14.38 -0.178277
14.39 -0.173972
14.4 -0.170328
14.41 -0.167355
14.42 -0.165044
14.43 -0.163412
14.44 -0.162408
14.45 -0.161957
14.46 -0.162005
14.47 -0.162485
14.48 -0.163329
14.49 -0.164463
14.5 -0.165811
14.51 -0.167303
14.52 -0.168851
14.53 -0.17038
14.54 -0.171827
14.55 -0.173129
14.56 -0.174234
14.57 -0.175095
14.58 -0.175671
14.59 -0.175899
14.6 -0.175771
14.61 -0.17527
14.62 -0.174383
14.63 -0.173096
14.64 -0.171403
14.65 -0.169298
14.66 -0.166776
14.67 -0.163797
14.68 -0.160396
14.69 -0.156575
14.7 -0.152334
14.71 -0.147675
14.72 -0.142599
14.73 -0.137109
14.74 -0.131209
14.75 -0.124872
14.76 -0.118152
14.77 -0.111067
14.78 -0.103642
14.79 -0.0959086
14.8 -0.0879056
14.81 -0.0796804
14.82 -0.0712867
14.83 -0.0627897
14.84 -0.0542765
14.85 -0.0458283
14.86 -0.0375327
14.87 -0.0294823
14.88 -0.0217732
14.89 -0.0145031
14.9 -0.00778796
14.91 -0.00175993
14.92 0.00353289
14.93 0.00801097
14.94 0.0116054
14.95 0.0142601
14.96 0.0159337
14.97 0.0166019
14.98 0.016217
14.99 0.0147778
15 0.0123831
15.01 0.00909085
15.02 0.00497914
15.03 0.000144694
15.04 -0.00529825
15.05 -0.0112198
15.06 -0.0174861
15.07 -0.0239193
15.08 -0.0303412
15.09 -0.036585
15.1 -0.0424835
15.11 -0.0478725
15.12 -0.0525945
15.13 -0.0565012
15.14 -0.0593871
15.15 -0.0611481
15.16 -0.0617216
15.17 -0.0610303
15.18 -0.0590183
15.19 -0.0556525
15.2 -0.050922
15.21 -0.0448391
15.22 -0.03734
15.23 -0.0285589
15.24 -0.0186057
15.25 -0.00757575
15.26 0.00442137
15.27 0.017264
15.28 0.0308213
15.29 0.0449558
15.3 0.059552
15.31 0.0744206
15.32 0.0894158
15.33 0.104401
15.34 0.119246
15.35 0.133827
15.36 0.148031
15.37 0.161752
15.38 0.174829
15.39 0.187231
15.4 0.198886
15.41 0.209733
15.42 0.219719
15.43 0.228797
15.44 0.236931
15.45 0.244076
15.46 0.250125
15.47 0.255142
15.48 0.259109
15.49 0.262006
15.5 0.263819
15.51 0.264532
15.52 0.264133
15.53 0.262581
15.54 0.259806
15.55 0.255888
15.56 0.250825
15.57 0.24462
15.58 0.237281
15.59 0.228824
15.6 0.219275
15.61 0.208631
15.62 0.196916
15.63 0.184257
15.64 0.170729
15.65 0.156416
15.66 0.141417
15.67 0.125844
15.68 0.109819
15.69 0.0934695
15.7 0.0769587
15.71 0.0604569
15.72 0.0441242
15.73 0.0281242
15.74 0.0126222
15.75 -0.00221751
15.76 -0.0162341
15.77 -0.0292053
15.78 -0.0409846
15.79 -0.0514805
15.8 -0.060573
15.81 -0.0681572
15.82 -0.0741445
15.83 -0.0784643
15.84 -0.0810646
15.85 -0.081786
15.86 -0.0806899
15.87 -0.0778391
15.88 -0.0732629
15.89 -0.0670083
15.9 -0.0591392
15.91 -0.0497351
15.92 -0.0388894
15.93 -0.0266069
15.94 -0.0131053
15.95 0.00146348
15.96 0.0169644
15.97 0.0332569
15.98 0.0501963
15.99 0.0676354
16 0.0854257
16.01 0.103424
16.02 0.121451
16.03 0.13936
16.04 0.157008
16.05 0.174255
16.06 0.190964
16.07 0.207003
16.08 0.222237
16.09 0.236449
16.1 0.249599
16.11 0.261576
16.12 0.272274
16.13 0.281595
16.14 0.289446
16.15 0.295745
16.16 0.300388
16.17 0.303193
16.18 0.304246
16.19 0.30351
16.2 0.30096
16.21 0.296584
16.22 0.290387
16.23 0.282389
16.24 0.272576
16.25 0.260939
16.26 0.247677
16.27 0.232882
16.28 0.216661
16.29 0.199137
16.3 0.180449
16.31 0.160746
16.32 0.140162
16.33 0.118881
16.34 0.0971324
16.35 0.0751008
16.36 0.0529726
16.37 0.0309338
16.38 0.00916651
16.39 -0.0121528
16.4 -0.0328145
16.41 -0.0526462
16.42 -0.071538
16.43 -0.089365
16.44 -0.106019
16.45 -0.121411
16.46 -0.135468
16.47 -0.14814
16.48 -0.159299
16.49 -0.168976
16.5 -0.177231
16.51 -0.184089
16.52 -0.18959
16.53 -0.193791
16.54 -0.196756
16.55 -0.198563
16.56 -0.199218
16.57 -0.198878
16.58 -0.197661
16.59 -0.19566
16.6 -0.192966
16.61 -0.189668
16.62 -0.18585
16.63 -0.181588
16.64 -0.176927
16.65 -0.171963
16.66 -0.166754
16.67 -0.161345
16.68 -0.155772
16.69 -0.150065
16.7 -0.144246
16.71 -0.138332
16.72 -0.132326
16.73 -0.126242
16.74 -0.120085
16.75 -0.113855
16.76 -0.107554
16.77 -0.101182
16.78 -0.0947425
16.79 -0.0882388
16.8 -0.0816748
16.81 -0.0750671
16.82 -0.0684301
16.83 -0.0617819
16.84 -0.055144
16.85 -0.0485412
16.86 -0.0420015
16.87 -0.0355582
16.88 -0.0292545
16.89 -0.0231173
16.9 -0.0171814
16.91 -0.0114823
16.92 -0.0060547
16.93 -0.000932729
16.94 0.00385098
16.95 0.00825101
16.96 0.0122236
16.97 0.0157671
16.98 0.0188579
16.99 0.0214748
17 0.0235993
17.01 0.0252151
17.02 0.0263085
17.03 0.0268417
17.04 0.0268013
17.05 0.0262088
17.06 0.0250592
17.07 0.0233492
17.08 0.0210779
17.09 0.0182462
17.1 0.0148575
17.11 0.0108851
17.12 0.00634991
17.13 0.00128759
17.14 -0.00428497
17.15 -0.0103466
17.16 -0.0168716
17.17 -0.0238288
17.18 -0.0311819
17.19 -0.0389106
17.2 -0.0469452
17.21 -0.0552197
17.22 -0.0636725
17.23 -0.0722361
17.24 -0.080838
17.25 -0.0894005
17.26 -0.0978421
17.27 -0.106053
17.28 -0.113952
17.29 -0.121453
17.3 -0.12847
17.31 -0.134915
17.32 -0.140707
17.33 -0.145767
17.34 -0.150022
17.35 -0.153316
17.36 -0.155669
17.37 -0.157038
17.38 -0.157387
17.39 -0.156692
17.4 -0.154939
17.41 -0.152125
17.42 -0.148254
17.43 -0.143259
17.44 -0.137273
17.45 -0.130343
17.46 -0.122522
17.47 -0.113874
17.48 -0.10447
17.49 -0.094386
17.5 -0.0836966
17.51 -0.0724653
17.52 -0.0608304
17.53 -0.0488831
17.54 -0.036715
17.55 -0.0244169
17.56 -0.0120779
17.57 0.000215078
17.58 0.0123718
17.59 0.0242944
17.6 0.0359176
17.61 0.0471703
17.62 0.0579857
17.63 0.068301
17.64 0.0780578
17.65 0.0872015
17.66 0.0956509
17.67 0.103341
17.68 0.110269
17.69 0.116394
17.7 0.121679
17.71 0.12609
17.72 0.129595
17.73 0.132167
17.74 0.133727
17.75 0.134258
17.76 0.133791
17.77 0.132312
17.78 0.129816
17.79 0.126301
17.8 0.121773
17.81 0.116244
17.82 0.10967
17.83 0.102114
17.84 0.0936486
17.85 0.0843189
17.86 0.0741802
17.87 0.063296
17.88 0.0517386
17.89 0.039588
17.9 0.0269004
17.91 0.0138098
17.92 0.000430153
17.93 -0.013131
17.94 -0.0267621
17.95 -0.0403493
17.96 -0.0537771
17.97 -0.0669301
17.98 -0.079649
17.99 -0.0918436
18 -0.103412
18.01 -0.114255
18.02 -0.12428
18.03 -0.1334
18.04 -0.141541
18.05 -0.148635
18.06 -0.154514
18.07 -0.159243
18.08 -0.162792
18.09 -0.165145
18.1 -0.166296
18.11 -0.166252
18.12 -0.165032
18.13 -0.162652
18.14 -0.159075
18.15 -0.154457
18.16 -0.148861
18.17 -0.142361
18.18 -0.135039
18.19 -0.126982
18.2 -0.118286
18.21 -0.109042
18.22 -0.0993471
18.23 -0.0893518
18.24 -0.0791698
18.25 -0.0689167
18.26 -0.0587087
18.27 -0.0486621
18.28 -0.0388922
18.29 -0.0295303
18.3 -0.0207135
18.31 -0.0125199
18.32 -0.00504799
18.33 0.00161033
18.34 0.00737099
18.35 0.0121587
18.36 0.0159082
18.37 0.0185094
18.38 0.0199111
18.39 0.0201443
18.4 0.0191954
18.41 0.0170653
18.42 0.013769
18.43 0.00933656
18.44 0.00381268
18.45 -0.00280098
18.46 -0.0103985
18.47 -0.0188471
18.48 -0.0280428
18.49 -0.0378697
18.5 -0.0482013
18.51 -0.0589019
18.52 -0.0698279
18.53 -0.080824
18.54 -0.0917159
18.55 -0.102346
18.56 -0.112559
18.57 -0.122202
18.58 -0.131127
18.59 -0.139192
18.6 -0.146262
18.61 -0.152112
18.62 -0.156694
18.63 -0.159932
18.64 -0.161746
18.65 -0.16207
18.66 -0.160854
18.67 -0.158064
18.68 -0.153685
18.69 -0.147564
18.7 -0.139868
18.71 -0.130639
18.72 -0.119928
18.73 -0.107799
18.74 -0.0943282
18.75 -0.0796034
18.76 -0.0637153
18.77 -0.0466913
18.78 -0.0287539
18.79 -0.0100241
18.8 0.00937309
18.81 0.0293098
18.82 0.0496566
18.83 0.0702838
18.84 0.0910625
18.85 0.111853
18.86 0.132519
18.87 0.152941
18.88 0.173003
18.89 0.192591
18.9 0.211599
18.91 0.229925
18.92 0.247446
18.93 0.264029
18.94 0.279645
18.95 0.294219
18.96 0.307682
18.97 0.319971
18.98 0.331031
18.99 0.340811
19 0.349213
19.01 0.356178
19.02 0.361756
19.03 0.365931
19.04 0.368692
19.05 0.370037
19.06 0.369971
19.07 0.368507
19.08 0.36559
19.09 0.361266
19.1 0.355635
19.11 0.348741
19.12 0.340635
19.13 0.331372
19.14 0.321016
19.15 0.309633
19.16 0.297239
19.17 0.283949
19.18 0.269878
19.19 0.255107
19.2 0.239723
19.21 0.223813
19.22 0.207463
19.23 0.190764
19.24 0.173788
19.25 0.156648
19.26 0.139435
19.27 0.122236
19.28 0.105134
19.29 0.0882108
19.3 0.0715477
19.31 0.0552232
19.32 0.0393587
19.33 0.0240024
19.34 0.00922212
19.35 -0.00491207
19.36 -0.0183324
19.37 -0.0309736
19.38 -0.0427733
19.39 -0.0536707
19.4 -0.0635107
19.41 -0.0723335
19.42 -0.0800931
19.43 -0.0867489
19.44 -0.0922663
19.45 -0.0966174
19.46 -0.0997816
19.47 -0.101731
19.48 -0.102372
19.49 -0.10182
19.5 -0.100092
19.51 -0.097219
19.52 -0.0932392
19.53 -0.0882036
19.54 -0.0821736
19.55 -0.0751998
19.56 -0.0673322
19.57 -0.0587328
19.58 -0.0495029
19.59 -0.0397504
19.6 -0.029589
19.61 -0.0191364
19.62 -0.00851268
19.63 0.00215814
19.64 0.0127391
19.65 0.0231118
19.66 0.0331645
19.67 0.0427924
19.68 0.0518985
19.69 0.0603953
19.7 0.0682059
19.71 0.0752255
19.72 0.0813934
19.73 0.0867126
19.74 0.0911594
19.75 0.094723
19.76 0.0974053
19.77 0.0992199
19.78 0.100191
19.79 0.100308
19.8 0.0996362
19.81 0.0982605
19.82 0.0962379
19.83 0.0936298
19.84 0.0904992
19.85 0.0869101
19.86 0.0829257
19.87 0.0785871
19.88 0.073973
19.89 0.0691451
19.9 0.0641509
19.91 0.0590318
19.92 0.0538238
19.93 0.0485566
19.94 0.043254
19.95 0.037934
19.96 0.0326116
19.97 0.0272949
19.98 0.0219883
19.99 0.0166934
20 0.0114102
20.01 0.0061373
20.02 0.000873256
20.03 -0.00438236
20.04 -0.00963026
20.05 -0.0148689
20.06 -0.0200952
20.07 -0.0253042
20.08 -0.0304893
20.09 -0.035643
20.1 -0.040756
20.11 -0.0458144
20.12 -0.0508138
20.13 -0.0557472
20.14 -0.0606098
20.15 -0.0653998
20.16 -0.070119
20.17 -0.0747736
20.18 -0.079374
20.19 -0.0839368
20.2 -0.0884895
20.21 -0.0930609
20.22 -0.097685
20.23 -0.1024
20.24 -0.107249
20.25 -0.112278
20.26 -0.117542
20.27 -0.123106
20.28 -0.129
20.29 -0.135267
20.3 -0.141946
20.31 -0.14907
20.32 -0.156663
20.33 -0.16474
20.34 -0.173328
20.35 -0.182423
20.36 -0.191973
20.37 -0.201943
20.38 -0.212282
20.39 -0.222926
20.4 -0.233799
20.41 -0.244811
20.42 -0.25586
20.43 -0.266818
20.44 -0.277566
20.45 -0.287979
20.46 -0.297929
20.47 -0.307287
20.48 -0.315928
20.49 -0.323726
20.5 -0.330495
20.51 -0.336146
20.52 -0.340618
20.53 -0.343832
20.54 -0.34572
20.55 -0.346234
20.56 -0.345339
20.57 -0.343021
20.58 -0.339171
20.59 -0.333896
20.6 -0.327269
20.61 -0.319348
20.62 -0.310204
20.63 -0.299924
20.64 -0.288605
20.65 -0.276354
20.66 -0.263221
20.67 -0.249405
20.68 -0.235039
20.69 -0.220245
20.7 -0.205147
20.71 -0.189867
20.72 -0.174517
20.73 -0.159209
20.74 -0.144067
20.75 -0.129177
20.76 -0.114618
20.77 -0.100465
20.78 -0.0867786
20.79 -0.073612
20.8 -0.0610083
20.81 -0.0490107
20.82 -0.0376931
20.83 -0.02702
20.84 -0.0170018
20.85 -0.00764349
20.86 0.00105473
20.87 0.00909658
20.88 0.016489
20.89 0.0232254
20.9 0.0292877
20.91 0.0347378
20.92 0.0395909
20.93 0.0438635
20.94 0.0475734
20.95 0.0507403
20.96 0.0533856
20.97 0.0555153
20.98 0.0571472
20.99 0.0583432
21 0.059137
21.01 0.0595667
21.02 0.0596742
21.03 0.0595064
21.04 0.0591142
21.05 0.0585478
21.06 0.0578756
21.07 0.0571703
21.08 0.056499
21.09 0.0559316
21.1 0.055539
21.11 0.0553923
21.12 0.0555621
21.13 0.0561445
21.14 0.0572033
21.15 0.0587817
21.16 0.0609322
21.17 0.0636998
21.18 0.0671206
21.19 0.0712213
21.2 0.0760182
21.21 0.0815673
21.22 0.0878276
21.23 0.0947584
21.24 0.102327
21.25 0.110489
21.26 0.11919
21.27 0.128364
21.28 0.137939
21.29 0.14785
21.3 0.157978
21.31 0.168222
21.32 0.178486
21.33 0.188669
21.34 0.198672
21.35 0.208397
21.36 0.217748
21.37 0.226581
21.38 0.23485
21.39 0.242479
21.4 0.249402
21.41 0.255559
21.42 0.260901
21.43 0.265389
21.44 0.268986
21.45 0.271594
21.46 0.273289
21.47 0.274072
21.48 0.273954
21.49 0.272952
21.5 0.271091
21.51 0.268404
21.52 0.26491
21.53 0.260612
21.54 0.255617
21.55 0.249973
21.56 0.24373
21.57 0.236937
21.58 0.229644
21.59 0.221903
21.6 0.213751
21.61 0.205229
21.62 0.196412
21.63 0.187347
21.64 0.178077
21.65 0.168646
21.66 0.159097
21.67 0.149472
21.68 0.139813
21.69 0.130165
21.7 0.120572
21.71 0.111074
21.72 0.101711
21.73 0.0925248
21.74 0.0835547
21.75 0.074841
21.76 0.0664421
21.77 0.0583983
21.78 0.0507325
21.79 0.0434791
21.8 0.0366701
21.81 0.0303337
21.82 0.0244943
21.83 0.0191714
21.84 0.0144157
21.85 0.010217
21.86 0.00655715
21.87 0.00342871
21.88 0.000816648
21.89 -0.00130178
21.9 -0.00295705
21.91 -0.00418731
21.92 -0.005012
21.93 -0.00551215
21.94 -0.00575576
21.95 -0.00580794
21.96 -0.0057379
21.97 -0.00561781
21.98 -0.00552149
21.99 -0.00552305
22 -0.00571759
22.01 -0.00616712
22.02 -0.00693468
22.03 -0.00807895
22.04 -0.00965119
22.05 -0.011694
22.06 -0.0142401
22.07 -0.0173128
22.08 -0.0209742
22.09 -0.0251673
22.1 -0.0298752
22.11 -0.0350685
22.12 -0.0407061
22.13 -0.0467353
22.14 -0.0530928
22.15 -0.0597084
22.16 -0.0665043
22.17 -0.0733706
22.18 -0.0802141
22.19 -0.0869389
22.2 -0.0934489
22.21 -0.099649
22.22 -0.105448
22.23 -0.110744
22.24 -0.115423
22.25 -0.119455
22.26 -0.122782
22.27 -0.125362
22.28 -0.127163
22.29 -0.128167
22.3 -0.128372
22.31 -0.127762
22.32 -0.126347
22.33 -0.124222
22.34 -0.121443
22.35 -0.118078
22.36 -0.114204
22.37 -0.109911
22.38 -0.10529
22.39 -0.100435
22.4 -0.0954625
22.41 -0.0904854
22.42 -0.0856048
22.43 -0.0809176
22.44 -0.0765154
22.45 -0.072482
22.46 -0.0688927
22.47 -0.0658473
22.48 -0.0633927
22.49 -0.0615468
22.5 -0.0603352
22.51 -0.0597705
22.52 -0.0598527
22.53 -0.0605694
22.54 -0.0618963
22.55 -0.0638378
22.56 -0.0663157
22.57 -0.0692596
22.58 -0.0726076
22.59 -0.0762927
22.6 -0.080244
22.61 -0.0843885
22.62 -0.0886522
22.63 -0.0929593
22.64 -0.0972281
22.65 -0.10139
22.66 -0.105381
22.67 -0.109141
22.68 -0.112616
22.69 -0.115757
22.7 -0.11852
22.71 -0.120823
22.72 -0.122669
22.73 -0.124034
22.74 -0.124893
22.75 -0.125228
22.76 -0.125021
22.77 -0.124258
22.78 -0.122922
22.79 -0.120951
22.8 -0.118388
22.81 -0.115224
22.82 -0.111448
22.83 -0.107051
22.84 -0.102025
22.85 -0.096362
22.86 -0.0900406
22.87 -0.0830167
22.88 -0.0753404
22.89 -0.0670127
22.9 -0.0580389
22.91 -0.0484294
22.92 -0.0382002
22.93 -0.0273736
22.94 -0.015962
22.95 -0.00398896
22.96 0.00845968
22.97 0.0213286
22.98 0.0345544
22.99 0.0480659
23 0.0617846
23.01 0.0756253
23.02 0.0894942
23.03 0.103282
23.04 0.116889
23.05 0.130213
23.06 0.143156
23.07 0.155617
23.08 0.167503
23.09 0.178722
23.1 0.189145
23.11 0.198695
23.12 0.207343
23.13 0.215036
23.14 0.221731
23.15 0.2274
23.16 0.232026
23.17 0.235603
23.18 0.238069
23.19 0.239485
23.2 0.239918
23.21 0.239412
23.22 0.238019
23.23 0.235797
23.24 0.232813
23.25 0.229136
23.26 0.224796
23.27 0.21991
23.28 0.214567
23.29 0.208837
23.3 0.202789
23.31 0.196488
23.32 0.189992
23.33 0.183355
23.34 0.176619
23.35 0.169833
23.36 0.163029
23.37 0.156232
23.38 0.14946
23.39 0.142724
23.4 0.136031
23.41 0.129383
23.42 0.122781
23.43 0.116215
23.44 0.109676
23.45 0.103154
23.46 0.0966398
23.47 0.0901214
23.48 0.0835887
23.49 0.0770315
23.5 0.0704377
23.51 0.0638022
23.52 0.0571184
23.53 0.050381
23.54 0.043585
23.55 0.0367261
23.56 0.0298
23.57 0.0228
23.58 0.0157164
23.59 0.00854814
23.6 0.00128729
23.61 -0.00607549
23.62 -0.0135512
23.63 -0.0211522
23.64 -0.0288925
23.65 -0.0367937
23.66 -0.0448776
23.67 -0.05315
23.68 -0.0616262
23.69 -0.0703199
23.7 -0.0792424
23.71 -0.0884023
23.72 -0.0978042
23.73 -0.10746
23.74 -0.117363
23.75 -0.127486
23.76 -0.137812
23.77 -0.148312
23.78 -0.158952
23.79 -0.169691
23.8 -0.180481
23.81 -0.191263
23.82 -0.201966
23.83 -0.212524
23.84 -0.222867
23.85 -0.232918
23.86 -0.242604
23.87 -0.251847
23.88 -0.260572
23.89 -0.268658
23.9 -0.276056
23.91 -0.282721
23.92 -0.288597
23.93 -0.293635
23.94 -0.297795
23.95 -0.301045
23.96 -0.303364
23.97 -0.304657
23.98 -0.304991
23.99 -0.304388
24 -0.302865
24.01 -0.300448
24.02 -0.297169
24.03 -0.293067
24.04 -0.288185
24.05 -0.282506
24.06 -0.276155
24.07 -0.269186
24.08 -0.261655
24.09 -0.253613
24.1 -0.245114
24.11 -0.236206
24.12 -0.226934
24.13 -0.217321
24.14 -0.207439
24.15 -0.197323
24.16 -0.187008
24.17 -0.176523
24.18 -0.165896
24.19 -0.155151
24.2 -0.144309
24.21 -0.133392
24.22 -0.122426
24.23 -0.111432
24.24 -0.100433
24.25 -0.0894501
24.26 -0.0785069
24.27 -0.0676281
24.28 -0.056844
24.29 -0.0461901
24.3 -0.0356891
24.31 -0.0253713
24.32 -0.0152672
24.33 -0.00540765
24.34 0.00417732
24.35 0.0134587
24.36 0.0223931
24.37 0.0309485
24.38 0.0391226
24.39 0.0468973
24.4 0.0542586
24.41 0.0611962
24.42 0.0677042
24.43 0.0737806
24.44 0.0794032
24.45 0.084584
24.46 0.0893512
24.47 0.0937165
24.48 0.0976931
24.49 0.101295
24.5 0.104537
24.51 0.107432
24.52 0.109971
24.53 0.112177
24.54 0.114067
24.55 0.115644
24.56 0.116909
24.57 0.117858
24.58 0.118484
24.59 0.118775
24.6 0.11869
24.61 0.118231
24.62 0.117389
24.63 0.116145
24.64 0.114484
24.65 0.112391
24.66 0.109855
24.67 0.10687
24.68 0.103395
24.69 0.0994737
24.7 0.0951274
24.71 0.0903804
24.72 0.0852666
24.73 0.0798292
24.74 0.0741209
24.75 0.0682034
24.76 0.0621422
24.77 0.0560369
24.78 0.0499741
24.79 0.0440455
24.8 0.0383462
24.81 0.0329732
24.82 0.0280232
24.83 0.0236005
24.84 0.0198484
24.85 0.016804
24.86 0.0145425
24.87 0.0131287
24.88 0.0126166
24.89 0.013047
24.9 0.0144478
24.91 0.0168588
24.92 0.0203223
24.93 0.0247457
24.94 0.0300945
24.95 0.0363202
24.96 0.0433613
24.97 0.0511447
24.98 0.0595862
24.99 0.0686108
25 0.0781147
25.01 0.0879564
25.02 0.0980252
25.03 0.108209
25.04 0.118395
25.05 0.128473
25.06 0.138336
25.07 0.147861
25.08 0.156939
25.09 0.165499
25.1 0.173462
25.11 0.180757
25.12 0.187322
25.13 0.193105
25.14 0.198061
25.15 0.202101
25.16 0.205219
25.17 0.207433
25.18 0.208737
25.19 0.209132
25.2 0.208626
25.21 0.207234
25.22 0.204979
25.23 0.201828
25.24 0.19786
25.25 0.193138
25.26 0.187708
25.27 0.18162
25.28 0.17493
25.29 0.167698
25.3 0.15999
25.31 0.151846
25.32 0.143377
25.33 0.134666
25.34 0.125794
25.35 0.116844
25.36 0.107901
25.37 0.0990498
25.38 0.0903763
25.39 0.081998
25.4 0.0739771
25.41 0.0663891
25.42 0.0593045
25.43 0.0527864
25.44 0.0468901
25.45 0.0416606
25.46 0.0371397
25.47 0.0334102
25.48 0.030414
25.49 0.0281443
25.5 0.0265805
25.51 0.0256885
25.52 0.0254207
25.53 0.0257167
25.54 0.026513
25.55 0.0277402
25.56 0.0292665
25.57 0.0309917
25.58 0.032811
25.59 0.0346174
25.6 0.0363036
25.61 0.037765
25.62 0.0388875
25.63 0.0395533
25.64 0.0397046
25.65 0.039272
25.66 0.0381996
25.67 0.0364464
25.68 0.0339869
25.69 0.0308119
25.7 0.026898
25.71 0.0222674
25.72 0.0170032
25.73 0.0111635
25.74 0.00482
25.75 -0.0019444
25.76 -0.00903701
25.77 -0.0163577
25.78 -0.0238017
25.79 -0.031245
25.8 -0.0385747
25.81 -0.0456849
25.82 -0.0524748
25.83 -0.05885
25.84 -0.0647248
25.85 -0.0700233
25.86 -0.0746326
25.87 -0.0785199
25.88 -0.081669
25.89 -0.0840555
25.9 -0.0856677
25.91 -0.0865056
25.92 -0.0865805
25.93 -0.0859136
25.94 -0.0844804
25.95 -0.0823668
25.96 -0.079632
25.97 -0.0763248
25.98 -0.0724969
25.99 -0.0682014
26 -0.0634914
26.01 -0.0584193
26.02 -0.0530111
26.03 -0.0473455
26.04 -0.0414696
26.05 -0.0354248
26.06 -0.0292498
26.07 -0.0229807
26.08 -0.0166511
26.09 -0.010293
26.1 -0.00394097
26.11 0.0023722
26.12 0.00861512
26.13 0.0147552
26.14 0.0207581
26.15 0.0265871
26.16 0.032203
26.17 0.0375591
26.18 0.042585
26.19 0.0472558
26.2 0.0515227
26.21 0.0553362
26.22 0.0586468
26.23 0.061406
26.24 0.063568
26.25 0.0650713
26.26 0.0658435
26.27 0.0659023
26.28 0.065225
26.29 0.0637976
26.3 0.0616154
26.31 0.0586833
26.32 0.0550164
26.33 0.0506132
26.34 0.0455001
26.35 0.0397675
26.36 0.0334705
26.37 0.0266718
26.38 0.0194398
26.39 0.0118475
26.4 0.00397048
26.41 -0.00412137
26.42 -0.0123418
26.43 -0.0206091
26.44 -0.0288558
26.45 -0.0370211
26.46 -0.0450519
26.47 -0.0529036
26.48 -0.0605417
26.49 -0.0679254
26.5 -0.0750465
26.51 -0.0819126
26.52 -0.0885319
26.53 -0.0949212
26.54 -0.101105
26.55 -0.107115
26.56 -0.112985
26.57 -0.11875
26.58 -0.12446
26.59 -0.130156
26.6 -0.135874
26.61 -0.141645
26.62 -0.147497
26.63 -0.153447
26.64 -0.159506
26.65 -0.165688
26.66 -0.171973
26.67 -0.178343
26.68 -0.184771
26.69 -0.191223
26.7 -0.197657
26.71 -0.204026
26.72 -0.210279
26.73 -0.21634
26.74 -0.222166
26.75 -0.227703
26.76 -0.232901
26.77 -0.237714
26.78 -0.242103
26.79 -0.246034
26.8 -0.249478
26.81 -0.25238
26.82 -0.25478
26.83 -0.256683
26.84 -0.258104
26.85 -0.259067
26.86 -0.259603
26.87 -0.259748
26.88 -0.259537
26.89 -0.259004
26.9 -0.258222
26.91 -0.257237
26.92 -0.256092
26.93 -0.254826
26.94 -0.253471
26.95 -0.252056
26.96 -0.250596
26.97 -0.249099
26.98 -0.247565
26.99 -0.245983
27 -0.244329
27.01 -0.242573
27.02 -0.240677
27.03 -0.238593
27.04 -0.236256
27.05 -0.2336
27.06 -0.230578
27.07 -0.227132
27.08 -0.223203
27.09 -0.218735
27.1 -0.213677
27.11 -0.207985
27.12 -0.201581
27.13 -0.19444
27.14 -0.186576
27.15 -0.177977
27.16 -0.168644
27.17 -0.158588
27.18 -0.147825
27.19 -0.136384
27.2 -0.124254
27.21 -0.111507
27.22 -0.098209
27.23 -0.0844089
27.24 -0.0701589
27.25 -0.0555118
27.26 -0.0405204
27.27 -0.0252366
27.28 -0.00969429
27.29 0.00603928
27.3 0.0219156
27.31 0.0378938
27.32 0.0539359
27.33 0.0700064
27.34 0.0860722
27.35 0.102101
27.36 0.118053
27.37 0.1339
27.38 0.149608
27.39 0.165144
27.4 0.180468
27.41 0.19554
27.42 0.210312
27.43 0.224733
27.44 0.238704
27.45 0.252198
27.46 0.265151
27.47 0.277494
27.48 0.289157
27.49 0.300067
27.5 0.310154
27.51 0.319331
27.52 0.327457
27.53 0.334549
27.54 0.340553
27.55 0.345421
27.56 0.349119
27.57 0.351619
27.58 0.352909
27.59 0.352953
27.6 0.351712
27.61 0.349301
27.62 0.345762
27.63 0.341146
27.64 0.335516
27.65 0.328945
27.66 0.321514
27.67 0.313283
27.68 0.304342
27.69 0.294832
27.7 0.284849
27.71 0.274484
27.72 0.263828
27.73 0.252965
27.74 0.24197
27.75 0.230914
27.76 0.219863
27.77 0.208866
27.78 0.197962
27.79 0.187178
27.8 0.176532
27.81 0.166035
27.82 0.155689
27.83 0.145499
27.84 0.135451
27.85 0.125527
27.86 0.115713
27.87 0.105997
27.88 0.0963672
27.89 0.0868174
27.9 0.0773446
27.91 0.0679588
27.92 0.0586679
27.93 0.0494883
27.94 0.0404452
27.95 0.031571
27.96 0.0229039
27.97 0.0144876
27.98 0.00636993
27.99 -0.00136305
28 -0.00868037
28.01 -0.0155353
28.02 -0.0218786
28.03 -0.0276652
28.04 -0.0328555
28.05 -0.0374167
28.06 -0.041324
28.07 -0.0444943
28.08 -0.0469891
28.09 -0.0488157
28.1 -0.0499912
28.11 -0.0505419
28.12 -0.0505037
28.13 -0.0499201
28.14 -0.0488375
28.15 -0.0472835
28.16 -0.0453633
28.17 -0.0431393
28.18 -0.0406746
28.19 -0.03803
28.2 -0.0352636
28.21 -0.0324283
28.22 -0.0295716
28.23 -0.0267381
28.24 -0.0239588
28.25 -0.0212553
28.26 -0.0186403
28.27 -0.0161186
28.28 -0.0136869
28.29 -0.0113353
28.3 -0.00904931
28.31 -0.00680667
28.32 -0.00457909
28.33 -0.00234115
28.34 -6.78034e-05
28.35 0.00226409
28.36 0.0046743
28.37 0.00717797
28.38 0.00978939
28.39 0.0125116
28.4 0.0153325
28.41 0.0182384
28.42 0.021208
28.43 0.0242133
28.44 0.0272198
28.45 0.0301878
28.46 0.0330662
28.47 0.0358039
28.48 0.0383574
28.49 0.0406806
28.5 0.0427302
28.51 0.0444672
28.52 0.0458587
28.53 0.0468788
28.54 0.0474818
28.55 0.0476754
28.56 0.0474753
28.57 0.0468952
28.58 0.0459584
28.59 0.0446973
28.6 0.0431525
28.61 0.0413717
28.62 0.0393981
28.63 0.0373067
28.64 0.0351606
28.65 0.0330192
28.66 0.0309399
28.67 0.0289757
28.68 0.0271742
28.69 0.0255754
28.7 0.0242347
28.71 0.0231533
28.72 0.0223376
28.73 0.0217848
28.74 0.0214807
28.75 0.0214009
28.76 0.0215109
28.77 0.0217678
28.78 0.0221236
28.79 0.0225074
28.8 0.0228577
28.81 0.0231117
28.82 0.0232072
28.83 0.0230844
28.84 0.0226877
28.85 0.0219618
28.86 0.0208373
28.87 0.0193122
28.88 0.0173675
28.89 0.0149951
28.9 0.0121984
28.91 0.00899224
28.92 0.00540246
28.93 0.0014565
28.94 -0.00280699
28.95 -0.00730829
28.96 -0.0119865
28.97 -0.0167764
28.98 -0.0216107
28.99 -0.0264212
29 -0.0311413
29.01 -0.0356985
29.02 -0.0400231
29.03 -0.0440741
29.04 -0.0478082
29.05 -0.051191
29.06 -0.0541971
29.07 -0.0568106
29.08 -0.059025
29.09 -0.060823
29.1 -0.0622203
29.11 -0.0632572
29.12 -0.0639612
29.13 -0.0643651
29.14 -0.0645059
29.15 -0.0644229
29.16 -0.0641568
29.17 -0.0637415
29.18 -0.0632248
29.19 -0.0626476
29.2 -0.062042
29.21 -0.0614358
29.22 -0.060852
29.23 -0.0603081
29.24 -0.0598166
29.25 -0.0593893
29.26 -0.059025
29.27 -0.0587193
29.28 -0.0584656
29.29 -0.0582547
29.3 -0.0580754
29.31 -0.0579154
29.32 -0.0577621
29.33 -0.0576021
29.34 -0.0574242
29.35 -0.0572201
29.36 -0.0569838
29.37 -0.056712
29.38 -0.0564041
29.39 -0.0560622
29.4 -0.0556913
29.41 -0.0552972
29.42 -0.0548921
29.43 -0.0544869
29.44 -0.054093
29.45 -0.0537221
29.46 -0.0533853
29.47 -0.0530931
29.48 -0.0528552
29.49 -0.0526845
29.5 -0.0525811
29.51 -0.052548
29.52 -0.0525866
29.53 -0.0526964
29.54 -0.0528758
29.55 -0.0531224
29.56 -0.0534346
29.57 -0.0538134
29.58 -0.0542526
29.59 -0.0547529
29.6 -0.0553174
29.61 -0.0559521
29.62 -0.0566662
29.63 -0.0574726
29.64 -0.0583922
29.65 -0.0594522
29.66 -0.0606692
29.67 -0.06207
29.68 -0.0636831
29.69 -0.0655382
29.7 -0.0676649
29.71 -0.0700918
29.72 -0.0728613
29.73 -0.0760008
29.74 -0.0795082
29.75 -0.0833932
29.76 -0.0876576
29.77 -0.092295
29.78 -0.0972895
29.79 -0.102616
29.8 -0.108254
29.81 -0.114146
29.82 -0.120223
29.83 -0.12642
29.84 -0.132665
29.85 -0.138879
29.86 -0.144978
29.87 -0.150877
29.88 -0.156462
29.89 -0.161648
29.9 -0.166363
29.91 -0.17053
29.92 -0.174079
29.93 -0.17695
29.94 -0.179093
29.95 -0.180469
29.96 -0.180983
29.97 -0.180676
29.98 -0.179562
29.99 -0.177658
30 -0.174991
30.01 -0.171598
30.02 -0.167526
30.03 -0.162832
30.04 -0.15753
30.05 -0.151742
30.06 -0.145541
30.07 -0.138996
30.08 -0.132172
30.09 -0.125131
30.1 -0.117932
30.11 -0.110622
30.12 -0.103242
30.13 -0.0958301
30.14 -0.0884088
30.15 -0.0809897
30.16 -0.0735759
30.17 -0.0661623
30.18 -0.0587369
30.19 -0.051281
30.2 -0.0437667
30.21 -0.036172
30.22 -0.0284723
30.23 -0.0206445
30.24 -0.0126693
30.25 -0.00453233
30.26 0.0037741
30.27 0.0122546
30.28 0.0209048
30.29 0.0296922
30.3 0.0385865
30.31 0.0475482
30.32 0.0565293
30.33 0.0654737
30.34 0.0743189
30.35 0.0829875
30.36 0.0913949
30.37 0.0994795
30.38 0.107171
30.39 0.114401
30.4 0.121107
30.41 0.127235
30.42 0.132737
30.43 0.137541
30.44 0.141622
30.45 0.145003
30.46 0.147683
30.47 0.149677
30.48 0.15101
30.49 0.151718
30.5 0.151846
30.51 0.151415
30.52 0.15051
30.53 0.149212
30.54 0.147588
30.55 0.145704
30.56 0.143623
30.57 0.141404
30.58 0.139101
30.59 0.13676
30.6 0.134426
30.61 0.132124
30.62 0.129874
30.63 0.127683
30.64 0.12555
30.65 0.123468
30.66 0.12142
30.67 0.119383
30.68 0.11733
30.69 0.115232
30.7 0.113061
30.71 0.110792
30.72 0.108402
30.73 0.105875
30.74 0.103199
30.75 0.100357
30.76 0.0973709
30.77 0.0942567
30.78 0.0910388
30.79 0.0877497
30.8 0.084429
30.81 0.0811223
30.82 0.077881
30.83 0.0747728
30.84 0.0718447
30.85 0.0691482
30.86 0.066731
30.87 0.0646348
30.88 0.0628935
30.89 0.0615318
30.9 0.0605728
30.91 0.0600387
30.92 0.0598857
30.93 0.0600879
30.94 0.0606076
30.95 0.061396
30.96 0.0623943
30.97 0.0635356
30.98 0.0647465
30.99 0.0659403
31 0.0670351
31.01 0.0679551
31.02 0.0686296
31.03 0.068995
31.04 0.0689976
31.05 0.0685957
31.06 0.0677402
31.07 0.0664158
31.08 0.0646534
31.09 0.0624767
31.1 0.0599258
31.11 0.0570557
31.12 0.0539356
31.13 0.0506468
31.14 0.0472815
31.15 0.0439524
31.16 0.0407647
31.17 0.0378209
31.18 0.0352202
31.19 0.0330552
31.2 0.0314089
31.21 0.0303517
31.22 0.0299881
31.23 0.0303309
31.24 0.0313754
31.25 0.0331162
31.26 0.0355277
31.27 0.0385645
31.28 0.042162
31.29 0.0462384
31.3 0.0507187
31.31 0.055455
31.32 0.0603186
31.33 0.065182
31.34 0.0699154
31.35 0.0743903
31.36 0.0784834
31.37 0.0820792
31.38 0.0850081
31.39 0.0872287
31.4 0.0886759
31.41 0.0892995
31.42 0.0890688
31.43 0.0879736
31.44 0.0860233
31.45 0.0832422
31.46 0.0796138
31.47 0.0752828
31.48 0.0703283
31.49 0.06484
31.5 0.0589145
31.51 0.0526525
31.52 0.0461555
31.53 0.039522
31.54 0.0328526
31.55 0.0262406
31.56 0.0197582
31.57 0.0134649
31.58 0.00740586
31.59 0.00161177
31.6 -0.00390183
31.61 -0.00912595
31.62 -0.0140653
31.63 -0.0187676
31.64 -0.0232705
31.65 -0.027619
31.66 -0.0318632
31.67 -0.0360552
31.68 -0.0402469
31.69 -0.0444905
31.7 -0.0488349
31.71 -0.0533088
31.72 -0.0579334
31.73 -0.062718
31.74 -0.0676584
31.75 -0.0727372
31.76 -0.0779228
31.77 -0.0831714
31.78 -0.0884171
31.79 -0.0935884
31.8 -0.0986086
31.81 -0.103396
31.82 -0.107866
31.83 -0.111935
31.84 -0.11552
31.85 -0.118507
31.86 -0.120839
31.87 -0.122483
31.88 -0.123402
31.89 -0.123573
31.9 -0.122989
31.91 -0.121661
31.92 -0.119617
31.93 -0.116852
31.94 -0.113473
31.95 -0.109572
31.96 -0.105237
31.97 -0.100565
31.98 -0.0956587
31.99 -0.0906236
32 -0.0855654
32.01 -0.0806023
32.02 -0.0758316
32.03 -0.0713362
32.04 -0.0671878
32.05 -0.0634437
32.06 -0.0601454
32.07 -0.0573175
32.08 -0.0549669
32.09 -0.0531272
32.1 -0.0517186
32.11 -0.0506941
32.12 -0.0499925
32.13 -0.0495414
32.14 -0.049259
32.15 -0.0490567
32.16 -0.0488413
32.17 -0.048502
32.18 -0.0479516
32.19 -0.0471066
32.2 -0.0458914
32.21 -0.0442413
32.22 -0.0421037
32.23 -0.03944
32.24 -0.0362131
32.25 -0.0323857
32.26 -0.0280111
32.27 -0.0231147
32.28 -0.0177355
32.29 -0.0119245
32.3 -0.00574335
32.31 0.000738022
32.32 0.00744848
32.33 0.0143019
32.34 0.021203
32.35 0.0280719
32.36 0.0348323
32.37 0.0414135
32.38 0.0477517
32.39 0.0537918
32.4 0.0594697
32.41 0.0647444
32.42 0.0696115
32.43 0.0740578
32.44 0.0780794
32.45 0.0816808
32.46 0.0848733
32.47 0.0876739
32.48 0.0900832
32.49 0.0921347
32.5 0.0938677
32.51 0.0953053
32.52 0.0964675
32.53 0.0973706
32.54 0.0980261
32.55 0.0984397
32.56 0.0985931
32.57 0.0984884
32.58 0.0981189
32.59 0.0974655
32.6 0.0965046
32.61 0.0952095
32.62 0.0935514
32.63 0.0915008
32.64 0.0889916
32.65 0.0860233
32.66 0.0825819
32.67 0.0786517
32.68 0.074223
32.69 0.069294
32.7 0.0638707
32.71 0.0579674
32.72 0.0515662
32.73 0.0447433
32.74 0.0375417
32.75 0.0300081
32.76 0.0221948
32.77 0.0141581
32.78 0.00595676
32.79 -0.00234942
32.8 -0.0106989
32.81 -0.0190262
32.82 -0.0272786
32.83 -0.0354084
32.84 -0.0433745
32.85 -0.0511424
32.86 -0.0586855
32.87 -0.0659801
32.88 -0.0729985
32.89 -0.0797593
32.9 -0.0862672
32.91 -0.0925328
32.92 -0.0985712
32.93 -0.104401
32.94 -0.110042
32.95 -0.11551
32.96 -0.120821
32.97 -0.126002
32.98 -0.131067
32.99 -0.136021
33 -0.140866
33.01 -0.145595
33.02 -0.150197
33.03 -0.154645
33.04 -0.158907
33.05 -0.162957
33.06 -0.16676
33.07 -0.170273
33.08 -0.173453
33.09 -0.176258
33.1 -0.178644
33.11 -0.180543
33.12 -0.18192
33.13 -0.182766
33.14 -0.18306
33.15 -0.182787
33.16 -0.181944
33.17 -0.180535
33.18 -0.178573
33.19 -0.176048
33.2 -0.173014
33.21 -0.169531
33.22 -0.165647
33.23 -0.161413
33.24 -0.156887
33.25 -0.152125
33.26 -0.147186
33.27 -0.142119
33.28 -0.136986
33.29 -0.131836
33.3 -0.126704
33.31 -0.121619
33.32 -0.116601
33.33 -0.111658
33.34 -0.106791
33.35 -0.101992
33.36 -0.097234
33.37 -0.092485
33.38 -0.0877082
33.39 -0.0828611
33.4 -0.0778975
33.41 -0.0727694
33.42 -0.067429
33.43 -0.0618004
33.44 -0.0558657
33.45 -0.049591
33.46 -0.0429504
33.47 -0.0359273
33.48 -0.0285154
33.49 -0.0207193
33.5 -0.0125508
33.51 -0.00401579
33.52 0.00481241
33.53 0.0138828
33.54 0.0231355
33.55 0.0325034
33.56 0.0419133
33.57 0.0512885
33.58 0.0605453
33.59 0.0695855
33.6 0.0783431
33.61 0.0867462
33.62 0.0947295
33.63 0.102235
33.64 0.109213
33.65 0.115625
33.66 0.121418
33.67 0.126557
33.68 0.131073
33.69 0.134971
33.7 0.138264
33.71 0.140973
33.72 0.143127
33.73 0.144759
33.74 0.145883
33.75 0.146542
33.76 0.146802
33.77 0.146699
33.78 0.146269
33.79 0.145543
33.8 0.144547
33.81 0.1433
33.82 0.141805
33.83 0.140073
33.84 0.138116
33.85 0.135929
33.86 0.133503
33.87 0.130825
33.88 0.127881
33.89 0.124656
33.9 0.121111
33.91 0.117245
33.92 0.113058
33.93 0.108544
33.94 0.103706
33.95 0.0985513
33.96 0.0930957
33.97 0.0873625
33.98 0.0813652
33.99 0.0751641
34 0.0688111
34.01 0.0623596
34.02 0.0558684
34.03 0.0494003
34.04 0.0430202
34.05 0.0367943
34.06 0.0308153
34.07 0.0251315
34.08 0.0198003
34.09 0.0148749
34.1 0.0104017
34.11 0.00641986
34.12 0.00295998
34.13 4.78766e-05
34.14 -0.00225463
34.15 -0.00399746
34.16 -0.00518751
34.17 -0.00583956
34.18 -0.00597552
34.19 -0.00562336
34.2 -0.00481598
34.21 -0.0035829
34.22 -0.00194378
34.23 2.71094e-05
34.24 0.00228975
34.25 0.00480553
34.26 0.00753813
34.27 0.0104543
34.28 0.0135242
34.29 0.0167253
34.3 0.0200377
34.31 0.0234353
34.32 0.0269044
34.33 0.0304339
34.34 0.0340146
34.35 0.0376391
34.36 0.0412998
34.37 0.04499
34.38 0.0486995
34.39 0.0524149
34.4 0.0561218
34.41 0.0598023
34.42 0.0634352
34.43 0.0669957
34.44 0.0704558
34.45 0.0737754
34.46 0.0769177
34.47 0.0798543
34.48 0.0825504
34.49 0.0849721
34.5 0.0870881
34.51 0.0888705
34.52 0.0902962
34.53 0.0913225
34.54 0.0919512
34.55 0.0921951
34.56 0.0920624
34.57 0.0915701
34.58 0.0907441
34.59 0.0896185
34.6 0.0882352
34.61 0.0866307
34.62 0.0848776
34.63 0.0830393
34.64 0.0811765
34.65 0.0793501
34.66 0.0776187
34.67 0.0760372
34.68 0.0746544
34.69 0.0735364
34.7 0.0726972
34.71 0.0721527
34.72 0.0719097
34.73 0.0719627
34.74 0.0722934
34.75 0.0728712
34.76 0.0736541
34.77 0.0745977
34.78 0.0756179
34.79 0.0766435
34.8 0.0775982
34.81 0.0784031
34.82 0.0789791
34.83 0.0792494
34.84 0.0791359
34.85 0.078534
34.86 0.0774248
34.87 0.0757664
34.88 0.0735297
34.89 0.0706998
34.9 0.0672759
34.91 0.0632721
34.92 0.0587041
34.93 0.0535938
34.94 0.0480397
34.95 0.0421082
34.96 0.0358737
34.97 0.0294159
34.98 0.0228175
34.99 0.0161613
35 0.00953126
35.01 0.0030139
35.02 -0.00332774
35.03 -0.00943868
35.04 -0.0152759
35.05 -0.0208099
35.06 -0.026025
35.07 -0.0309204
35.08 -0.0354958
35.09 -0.0397828
35.1 -0.0438397
35.11 -0.047719
35.12 -0.0514814
35.13 -0.0551931
35.14 -0.0589232
35.15 -0.0627406
35.16 -0.0667248
35.17 -0.070939
35.18 -0.0754258
35.19 -0.0802224
35.2 -0.0853523
35.21 -0.0908235
35.22 -0.0966278
35.23 -0.10274
35.24 -0.109132
35.25 -0.115724
35.26 -0.122431
35.27 -0.129162
35.28 -0.135816
35.29 -0.142281
35.3 -0.148444
35.31 -0.154187
35.32 -0.159339
35.33 -0.163818
35.34 -0.167532
35.35 -0.170393
35.36 -0.172329
35.37 -0.173284
35.38 -0.17322
35.39 -0.172121
35.4 -0.169893
35.41 -0.166662
35.42 -0.162483
35.43 -0.157423
35.44 -0.151568
35.45 -0.145019
35.46 -0.137887
35.47 -0.130289
35.48 -0.122336
35.49 -0.114197
35.5 -0.105997
35.51 -0.097855
35.52 -0.0898819
35.53 -0.0821765
35.54 -0.0748238
35.55 -0.0679027
35.56 -0.0614989
35.57 -0.0556071
35.58 -0.0502396
35.59 -0.0453912
35.6 -0.0410408
35.61 -0.0371528
35.62 -0.0336791
35.63 -0.0305708
35.64 -0.0277651
35.65 -0.0251677
35.66 -0.0227082
35.67 -0.0203185
35.68 -0.0179359
35.69 -0.0155055
35.7 -0.0129824
35.71 -0.010327
35.72 -0.00751664
35.73 -0.00455654
35.74 -0.0014587
35.75 0.00175099
35.76 0.0050336
35.77 0.00833858
35.78 0.0116055
35.79 0.0147562
35.8 0.0177081
35.81 0.0203905
35.82 0.0227283
35.83 0.0246499
35.84 0.0260902
35.85 0.0269926
35.86 0.0273114
35.87 0.0269705
35.88 0.025971
35.89 0.0243331
35.9 0.0220711
35.91 0.0192139
35.92 0.0158048
35.93 0.0118996
35.94 0.00756535
35.95 0.00285717
35.96 -0.00211213
35.97 -0.00724686
35.98 -0.0124579
35.99 -0.0176579
36 -0.0227636
36.01 -0.0276983
36.02 -0.0323942
36.03 -0.0367625
36.04 -0.0407801
36.05 -0.0444208
36.06 -0.0476695
36.07 -0.0505242
36.08 -0.0529964
36.09 -0.0551094
36.1 -0.0568972
36.11 -0.0583808
36.12 -0.059644
36.13 -0.0607432
36.14 -0.0617367
36.15 -0.0626826
36.16 -0.0636363
36.17 -0.0646482
36.18 -0.0657641
36.19 -0.0670321
36.2 -0.0684652
36.21 -0.0700752
36.22 -0.0718622
36.23 -0.0738146
36.24 -0.07591
36.25 -0.0781152
36.26 -0.0803881
36.27 -0.0826727
36.28 -0.0849068
36.29 -0.087029
36.3 -0.0889764
36.31 -0.0906866
36.32 -0.0920995
36.33 -0.0931593
36.34 -0.0937998
36.35 -0.0939633
36.36 -0.0936449
36.37 -0.0928238
36.38 -0.0914892
36.39 -0.0896408
36.4 -0.0872881
36.41 -0.0844499
36.42 -0.0811322
36.43 -0.0773739
36.44 -0.0732391
36.45 -0.0687719
36.46 -0.0640183
36.47 -0.0590239
36.48 -0.0538329
36.49 -0.0484858
36.5 -0.0430134
36.51 -0.0374513
36.52 -0.0318259
36.53 -0.0261516
36.54 -0.0204357
36.55 -0.0146782
36.56 -0.00887234
36.57 -0.0030059
36.58 0.00294529
36.59 0.00900045
36.6 0.0151794
36.61 0.0215036
36.62 0.0279926
36.63 0.0346622
36.64 0.0415228
36.65 0.0485781
36.66 0.0558395
36.67 0.0632781
36.68 0.0708666
36.69 0.0785711
36.7 0.0863487
36.71 0.0941476
36.72 0.101908
36.73 0.109565
36.74 0.117022
36.75 0.124216
36.76 0.13107
36.77 0.137511
36.78 0.143467
36.79 0.148872
36.8 0.153668
36.81 0.157798
36.82 0.161159
36.83 0.163788
36.84 0.16567
36.85 0.166805
36.86 0.167203
36.87 0.166887
36.88 0.165892
36.89 0.164251
36.9 0.161988
36.91 0.159215
36.92 0.155998
36.93 0.152406
36.94 0.148506
36.95 0.144367
36.96 0.140051
36.97 0.135614
36.98 0.131111
36.99 0.12659
37 0.122081
37.01 0.117606
37.02 0.113177
37.03 0.108795
37.04 0.104451
37.05 0.100131
37.06 0.0958077
37.07 0.0914494
37.08 0.0870233
37.09 0.0824949
37.1 0.0778299
37.11 0.0729963
37.12 0.0679662
37.13 0.0627042
37.14 0.0571967
37.15 0.0514492
37.16 0.0454667
37.17 0.0392637
37.18 0.032865
37.19 0.0263048
37.2 0.0196265
37.21 0.0128809
37.22 0.00613637
37.23 -0.000540381
37.24 -0.00708161
37.25 -0.0134182
37.26 -0.0194818
37.27 -0.0252065
37.28 -0.0305306
37.29 -0.0353585
37.3 -0.0396652
37.31 -0.0434238
37.32 -0.0466077
37.33 -0.0492008
37.34 -0.0511975
37.35 -0.0526029
37.36 -0.0534323
37.37 -0.0536627
37.38 -0.0533762
37.39 -0.0526188
37.4 -0.0514363
37.41 -0.0498772
37.42 -0.0479915
37.43 -0.0458284
37.44 -0.0434346
37.45 -0.0408391
37.46 -0.0381001
37.47 -0.0352471
37.48 -0.0323017
37.49 -0.0292777
37.5 -0.0261803
37.51 -0.0230066
37.52 -0.0197443
37.53 -0.0163656
37.54 -0.0128536
37.55 -0.00917936
37.56 -0.00531155
37.57 -0.00121796
37.58 0.00313268
37.59 0.00776895
37.6 0.0127236
37.61 0.018032
37.62 0.0236793
37.63 0.029665
37.64 0.0359788
37.65 0.0426003
37.66 0.0494984
37.67 0.0566314
37.68 0.0639525
37.69 0.0713952
37.7 0.078878
37.71 0.086324
37.72 0.0936517
37.73 0.100777
37.74 0.107614
37.75 0.114079
37.76 0.120063
37.77 0.125479
37.78 0.130283
37.79 0.134413
37.8 0.137819
37.81 0.14046
37.82 0.142306
37.83 0.143339
37.84 0.143501
37.85 0.142818
37.86 0.141337
37.87 0.139086
37.88 0.136099
37.89 0.132417
37.9 0.128085
37.91 0.123157
37.92 0.117647
37.93 0.111641
37.94 0.105209
37.95 0.0983999
37.96 0.0912632
37.97 0.0838432
37.98 0.07618
37.99 0.0683087
38 0.0602468
38.01 0.0520342
38.02 0.0436937
38.03 0.0352419
38.04 0.0266925
38.05 0.0180573
38.06 0.00934697
38.07 0.000572342
38.08 -0.00825862
38.09 -0.0171255
38.1 -0.0260107
38.11 -0.0348928
38.12 -0.0437466
38.13 -0.0525419
38.14 -0.0612441
38.15 -0.0698124
38.16 -0.0781836
38.17 -0.086323
38.18 -0.09418
38.19 -0.101703
38.2 -0.108838
38.21 -0.115535
38.22 -0.121741
38.23 -0.1274
38.24 -0.132427
38.25 -0.136832
38.26 -0.140584
38.27 -0.143662
38.28 -0.14605
38.29 -0.147744
38.3 -0.148747
38.31 -0.149047
38.32 -0.148643
38.33 -0.147611
38.34 -0.145986
38.35 -0.143808
38.36 -0.141124
38.37 -0.137982
38.38 -0.134432
38.39 -0.130514
38.4 -0.126282
38.41 -0.121805
38.42 -0.117129
38.43 -0.112299
38.44 -0.107351
38.45 -0.102321
38.46 -0.0972363
38.47 -0.0921196
38.48 -0.0869913
38.49 -0.0818649
38.5 -0.0767487
38.51 -0.0716476
38.52 -0.0665641
38.53 -0.061499
38.54 -0.0564526
38.55 -0.0514268
38.56 -0.0464236
38.57 -0.041447
38.58 -0.0365049
38.59 -0.0316091
38.6 -0.026775
38.61 -0.0220228
38.62 -0.0173767
38.63 -0.0128784
38.64 -0.00855589
38.65 -0.00444202
38.66 -0.000574598
38.67 0.00300742
38.68 0.006265
38.69 0.00916018
38.7 0.0116571
38.71 0.0136811
38.72 0.0152381
38.73 0.0163109
38.74 0.0168848
38.75 0.0169521
38.76 0.016513
38.77 0.015575
38.78 0.0141525
38.79 0.0122277
38.8 0.00987988
38.81 0.00714726
38.82 0.00407344
38.83 0.000706338
38.84 -0.00290301
38.85 -0.00670172
38.86 -0.0106375
38.87 -0.0146583
38.88 -0.0187031
38.89 -0.0227262
38.9 -0.026686
38.91 -0.030547
38.92 -0.0342797
38.93 -0.0378617
38.94 -0.041273
38.95 -0.0444969
38.96 -0.0475466
38.97 -0.050429
38.98 -0.0531567
38.99 -0.0557472
39 -0.0582219
39.01 -0.0606049
39.02 -0.0629202
39.03 -0.0651957
39.04 -0.0674597
39.05 -0.0697338
39.06 -0.072036
39.07 -0.0743798
39.08 -0.0767732
39.09 -0.0792182
39.1 -0.0817124
39.11 -0.0842425
39.12 -0.0867873
39.13 -0.0893218
39.14 -0.0918158
39.15 -0.0942342
39.16 -0.0965383
39.17 -0.0986867
39.18 -0.100621
39.19 -0.102299
39.2 -0.103686
39.21 -0.104744
39.22 -0.105437
39.23 -0.105737
39.24 -0.10562
39.25 -0.105069
39.26 -0.104041
39.27 -0.102557
39.28 -0.100636
39.29 -0.098295
39.3 -0.0955571
39.31 -0.0924525
39.32 -0.0890177
39.33 -0.085294
39.34 -0.0813104
39.35 -0.0771379
39.36 -0.0728302
39.37 -0.0684375
39.38 -0.0640088
39.39 -0.0595902
39.4 -0.0552243
39.41 -0.0509488
39.42 -0.0468103
39.43 -0.0428237
39.44 -0.0390055
39.45 -0.0353653
39.46 -0.0319053
39.47 -0.0286208
39.48 -0.0254999
39.49 -0.0225259
39.5 -0.0196826
39.51 -0.016928
39.52 -0.0142299
39.53 -0.0115541
39.54 -0.00886533
39.55 -0.00612881
39.56 -0.00331105
39.57 -0.000378262
39.58 0.00270763
39.59 0.00595857
39.6 0.00939026
39.61 0.0130122
39.62 0.0168274
39.63 0.0208319
39.64 0.0250148
39.65 0.029363
39.66 0.0338535
39.67 0.038444
39.68 0.0430981
39.69 0.0477748
39.7 0.05243
39.71 0.0570172
39.72 0.0614885
39.73 0.0657863
39.74 0.069855
39.75 0.0736597
39.76 0.0771593
39.77 0.0803168
39.78 0.0831001
39.79 0.085483
39.8 0.0874453
39.81 0.0889487
39.82 0.0899924
39.83 0.0905982
39.84 0.0907754
39.85 0.0905403
39.86 0.0899156
39.87 0.0889297
39.88 0.0876166
39.89 0.085998
39.9 0.0841323
39.91 0.0820749
39.92 0.0798739
39.93 0.0775785
39.94 0.075238
39.95 0.0729012
39.96 0.0706155
39.97 0.0684371
39.98 0.0664064
39.99 0.0645589
40 0.0629282
40.01 0.0615434
40.02 0.0604286
40.03 0.059603
40.04 0.0590805
40.05 0.0588993
40.06 0.0590365
40.07 0.0594872
40.08 0.0602447
40.09 0.061298
40.1 0.0626325
40.11 0.0642301
40.12 0.0660705
40.13 0.0681487
40.14 0.0704156
40.15 0.0728443
40.16 0.0754073
40.17 0.0780765
40.18 0.0808241
40.19 0.0836226
40.2 0.0864455
40.21 0.0892645
40.22 0.0920541
40.23 0.0947922
40.24 0.0974583
40.25 0.100034
40.26 0.102502
40.27 0.104847
40.28 0.107053
40.29 0.1091
40.3 0.110988
40.31 0.112709
40.32 0.114257
40.33 0.115625
40.34 0.11681
40.35 0.117808
40.36 0.118609
40.37 0.119205
40.38 0.119608
40.39 0.119818
40.4 0.119833
40.41 0.119656
40.42 0.119286
40.43 0.118727
40.44 0.11797
40.45 0.117021
40.46 0.115893
40.47 0.114591
40.48 0.113121
40.49 0.111491
40.5 0.109708
40.51 0.107782
40.52 0.105715
40.53 0.103524
40.54 0.101224
40.55 0.0988281
40.56 0.0963504
40.57 0.0938038
40.58 0.0912019
40.59 0.0885581
40.6 0.0858845
40.61 0.083196
40.62 0.080505
40.63 0.0778217
40.64 0.0751549
40.65 0.0725122
40.66 0.0698992
40.67 0.0673198
40.68 0.0647791
40.69 0.0622743
40.7 0.0598025
40.71 0.0573595
40.72 0.0549395
40.73 0.0525351
40.74 0.0501377
40.75 0.0477374
40.76 0.0453215
40.77 0.0428792
40.78 0.0403995
40.79 0.0378714
40.8 0.0352846
40.81 0.0326296
40.82 0.029898
40.83 0.0270818
40.84 0.0241677
40.85 0.0211597
40.86 0.0180559
40.87 0.0148562
40.88 0.0115619
40.89 0.0081759
40.9 0.00470261
40.91 0.00114585
40.92 -0.0024915
40.93 -0.00619577
40.94 -0.00995941
40.95 -0.0137749
40.96 -0.0176348
40.97 -0.0215323
40.98 -0.0254614
40.99 -0.0294176
41 -0.0333972
41.01 -0.0373959
41.02 -0.0414121
41.03 -0.0454456
41.04 -0.0494972
41.05 -0.0535684
41.06 -0.0576615
41.07 -0.0617805
41.08 -0.0659287
41.09 -0.0701071
41.1 -0.0743173
41.11 -0.0785599
41.12 -0.0828341
41.13 -0.0871372
41.14 -0.0914645
41.15 -0.0958096
41.16 -0.100161
41.17 -0.104506
41.18 -0.108828
41.19 -0.113109
41.2 -0.11733
41.21 -0.121466
41.22 -0.125494
41.23 -0.129374
41.24 -0.133081
41.25 -0.136589
41.26 -0.139869
41.27 -0.142892
41.28 -0.145629
41.29 -0.148053
41.3 -0.150137
41.31 -0.151826
41.32 -0.15312
41.33 -0.154008
41.34 -0.154474
41.35 -0.154508
41.36 -0.154103
41.37 -0.153252
41.38 -0.151956
41.39 -0.150177
41.4 -0.147959
41.41 -0.145316
41.42 -0.142261
41.43 -0.138809
41.44 -0.134977
41.45 -0.130786
41.46 -0.126256
41.47 -0.121384
41.48 -0.116226
41.49 -0.110808
41.5 -0.105158
41.51 -0.0993015
41.52 -0.0932673
41.53 -0.0870834
41.54 -0.0807772
41.55 -0.0743744
41.56 -0.0679145
41.57 -0.061427
41.58 -0.054942
41.59 -0.0484896
41.6 -0.0421002
41.61 -0.0358042
41.62 -0.0296363
41.63 -0.0236373
41.64 -0.0178275
41.65 -0.0122359
41.66 -0.00689068
41.67 -0.00181858
41.68 0.00295503
41.69 0.00740673
41.7 0.0115009
41.71 0.0152088
41.72 0.0185368
41.73 0.0214728
41.74 0.0240083
41.75 0.0261383
41.76 0.0278614
41.77 0.0291796
41.78 0.0300785
41.79 0.0305696
41.8 0.0306855
41.81 0.0304415
41.82 0.0298555
41.83 0.0289469
41.84 0.0277364
41.85 0.0262454
41.86 0.0244805
41.87 0.022472
41.88 0.0202495
41.89 0.0178314
41.9 0.0152343
41.91 0.0124727
41.92 0.00955847
41.93 0.00650135
41.94 0.0032987
41.95 -3.75136e-05
41.96 -0.00350117
41.97 -0.00709105
41.98 -0.0108068
41.99 -0.0146484
42 -0.0186156
42.01 -0.0227067
42.02 -0.0269288
42.03 -0.0312663
42.04 -0.0357078
42.05 -0.0402399
42.06 -0.0448448
42.07 -0.0495003
42.08 -0.0541793
42.09 -0.0588499
42.1 -0.0634675
42.11 -0.0679914
42.12 -0.0723767
42.13 -0.0765753
42.14 -0.0805375
42.15 -0.0842124
42.16 -0.0875493
42.17 -0.0904948
42.18 -0.0929624
42.19 -0.0949465
42.2 -0.096411
42.21 -0.097326
42.22 -0.0976691
42.23 -0.0974259
42.24 -0.0965909
42.25 -0.0951551
42.26 -0.0931011
42.27 -0.0904999
42.28 -0.0873846
42.29 -0.0837965
42.3 -0.0797841
42.31 -0.0754021
42.32 -0.0707101
42.33 -0.065765
42.34 -0.0606342
42.35 -0.0553988
42.36 -0.0501225
42.37 -0.044866
42.38 -0.039685
42.39 -0.0346298
42.4 -0.0297434
42.41 -0.0250717
42.42 -0.0206457
42.43 -0.0164694
42.44 -0.0125488
42.45 -0.00888142
42.46 -0.00545634
42.47 -0.00225501
42.48 0.000747646
42.49 0.00357451
42.5 0.00626739
42.51 0.00887086
42.52 0.0114229
42.53 0.0139607
42.54 0.0165187
42.55 0.0191278
42.56 0.0218135
42.57 0.0246032
42.58 0.0275058
42.59 0.0305215
42.6 0.0336453
42.61 0.0368647
42.62 0.0401597
42.63 0.0435034
42.64 0.0468631
42.65 0.050196
42.66 0.0534575
42.67 0.0566046
42.68 0.0595937
42.69 0.0623822
42.7 0.0649306
42.71 0.0672037
42.72 0.0691717
42.73 0.0707794
42.74 0.0720394
42.75 0.0729492
42.76 0.073512
42.77 0.0737398
42.78 0.0736527
42.79 0.0732784
42.8 0.0726505
42.81 0.0717941
42.82 0.0707785
42.83 0.0696514
42.84 0.0684617
42.85 0.0672574
42.86 0.0660843
42.87 0.0649845
42.88 0.0639972
42.89 0.0631655
42.9 0.062501
42.91 0.0620172
42.92 0.061719
42.93 0.0616033
42.94 0.0616585
42.95 0.0618657
42.96 0.0622018
42.97 0.0626355
42.98 0.0631214
42.99 0.0636209
43 0.0640943
43.01 0.0645029
43.02 0.0648102
43.03 0.0649836
43.04 0.0649885
43.05 0.0647983
43.06 0.0644116
43.07 0.0638247
43.08 0.0630425
43.09 0.062078
43.1 0.0609522
43.11 0.0596933
43.12 0.0583328
43.13 0.0569164
43.14 0.0554924
43.15 0.054106
43.16 0.0528021
43.17 0.0516238
43.18 0.0506104
43.19 0.049796
43.2 0.049224
43.21 0.0489088
43.22 0.0488503
43.23 0.0490472
43.24 0.0494886
43.25 0.0501539
43.26 0.0510132
43.27 0.0520286
43.28 0.0531593
43.29 0.0543428
43.3 0.0555207
43.31 0.0566362
43.32 0.0576324
43.33 0.058455
43.34 0.0590541
43.35 0.0593859
43.36 0.0593851
43.37 0.0590468
43.38 0.0583611
43.39 0.0573255
43.4 0.0559486
43.41 0.0542505
43.42 0.0522618
43.43 0.050023
43.44 0.0475685
43.45 0.0449795
43.46 0.0423177
43.47 0.0396469
43.48 0.0370307
43.49 0.0345304
43.5 0.032203
43.51 0.0301013
43.52 0.0282917
43.53 0.0267817
43.54 0.0255882
43.55 0.0247156
43.56 0.0241554
43.57 0.0238863
43.58 0.0238751
43.59 0.0240806
43.6 0.0244507
43.61 0.0249056
43.62 0.0253769
43.63 0.0257938
43.64 0.0260855
43.65 0.0261841
43.66 0.0260272
43.67 0.0255482
43.68 0.0246873
43.69 0.0234376
43.7 0.0217849
43.71 0.0197308
43.72 0.0172924
43.73 0.0145032
43.74 0.011412
43.75 0.00807478
43.76 0.00457815
43.77 0.00102405
43.78 -0.00249047
43.79 -0.00586359
43.8 -0.00899173
43.81 -0.0117728
43.82 -0.0141095
43.83 -0.0158763
43.84 -0.0169947
43.85 -0.0174269
43.86 -0.0171283
43.87 -0.0160725
43.88 -0.0142525
43.89 -0.0116812
43.9 -0.00839195
43.91 -0.00439567
43.92 0.000199711
43.93 0.00528256
43.94 0.0107481
43.95 0.0164809
43.96 0.022358
43.97 0.0282522
43.98 0.0340358
43.99 0.0395547
44 0.0446949
44.01 0.0493556
44.02 0.0534446
44.03 0.0568858
44.04 0.0596205
44.05 0.0616095
44.06 0.0628334
44.07 0.0632229
44.08 0.0628698
44.09 0.0618226
44.1 0.0601407
44.11 0.0578971
44.12 0.0551761
44.13 0.0520701
44.14 0.0486754
44.15 0.0450835
44.16 0.0414159
44.17 0.0377621
44.18 0.0342022
44.19 0.030805
44.2 0.027625
44.21 0.0247015
44.22 0.0220619
44.23 0.0197295
44.24 0.0176648
44.25 0.0158362
44.26 0.0141979
44.27 0.0126913
44.28 0.011248
44.29 0.00979256
44.3 0.00823998
44.31 0.00649261
44.32 0.00448095
44.33 0.00213441
44.34 -0.000608177
44.35 -0.00379592
44.36 -0.00746362
44.37 -0.0116301
44.38 -0.0163163
44.39 -0.0215111
44.4 -0.0271452
44.41 -0.033163
44.42 -0.0394929
44.43 -0.0460497
44.44 -0.0527366
44.45 -0.0594485
44.46 -0.0660637
44.47 -0.0724544
44.48 -0.0785147
44.49 -0.0841393
44.5 -0.0892317
44.51 -0.0937072
44.52 -0.0974955
44.53 -0.100543
44.54 -0.102761
44.55 -0.104158
44.56 -0.104769
44.57 -0.104622
44.58 -0.103764
44.59 -0.102256
44.6 -0.100177
44.61 -0.097617
44.62 -0.0946559
44.63 -0.0914319
44.64 -0.0880644
44.65 -0.0846625
44.66 -0.0813309
44.67 -0.0781672
44.68 -0.0752587
44.69 -0.0726799
44.7 -0.0705293
44.71 -0.0688225
44.72 -0.0675766
44.73 -0.0667963
44.74 -0.0664692
44.75 -0.0665663
44.76 -0.0670441
44.77 -0.0678456
44.78 -0.0689212
44.79 -0.0701621
44.8 -0.0714858
44.81 -0.0728084
44.82 -0.0740469
44.83 -0.0751225
44.84 -0.0759626
44.85 -0.0764999
44.86 -0.0766494
44.87 -0.0764021
44.88 -0.075735
44.89 -0.074639
44.9 -0.0731196
44.91 -0.0711959
44.92 -0.0688999
44.93 -0.066269
44.94 -0.0633486
44.95 -0.0602265
44.96 -0.0569708
44.97 -0.0536519
44.98 -0.0503407
44.99 -0.0471063
45 -0.0440137
45.01 -0.041131
45.02 -0.0385228
45.03 -0.0362156
45.04 -0.0342397
45.05 -0.0326149
45.06 -0.031351
45.07 -0.0304474
45.08 -0.0298943
45.09 -0.029688
45.1 -0.0298017
45.11 -0.030186
45.12 -0.0308059
45.13 -0.031625
45.14 -0.0326069
45.15 -0.0337169
45.16 -0.0349233
45.17 -0.0362012
45.18 -0.0375253
45.19 -0.0388779
45.2 -0.0402501
45.21 -0.041639
45.22 -0.0430473
45.23 -0.0444822
45.24 -0.0459547
45.25 -0.047483
45.26 -0.049081
45.27 -0.0507605
45.28 -0.0525325
45.29 -0.0544042
45.3 -0.0563772
45.31 -0.0584469
45.32 -0.0606013
45.33 -0.0628238
45.34 -0.0650781
45.35 -0.0673253
45.36 -0.0695205
45.37 -0.0716125
45.38 -0.0735452
45.39 -0.0752591
45.4 -0.0766933
45.41 -0.0777499
45.42 -0.0783967
45.43 -0.0785849
45.44 -0.0782709
45.45 -0.0774207
45.46 -0.0760114
45.47 -0.0740324
45.48 -0.0714841
45.49 -0.0683373
45.5 -0.0646813
45.51 -0.0605648
45.52 -0.0560495
45.53 -0.0512082
45.54 -0.0461232
45.55 -0.0408845
45.56 -0.0355871
45.57 -0.0303409
45.58 -0.0252447
45.59 -0.0203887
45.6 -0.015856
45.61 -0.0117193
45.62 -0.00803929
45.63 -0.00486179
45.64 -0.00223272
45.65 -0.000187459
45.66 0.00132207
45.67 0.00232294
45.68 0.00285907
45.69 0.00298992
45.7 0.0027887
45.71 0.00234002
45.72 0.00173526
45.73 0.00108584
45.74 0.000501858
45.75 8.32122e-05
45.76 -7.52721e-05
45.77 0.000112992
45.78 0.000723442
45.79 0.0018178
45.8 0.00347163
45.81 0.00571179
45.82 0.00851755
45.83 0.0118749
45.84 0.0157513
45.85 0.0200965
45.86 0.0248441
45.87 0.0299139
45.88 0.0352225
45.89 0.0406505
45.9 0.0460842
45.91 0.0514176
45.92 0.0565474
45.93 0.0613771
45.94 0.0658197
45.95 0.0698007
45.96 0.0732178
45.97 0.0760551
45.98 0.0783072
45.99 0.0799758
46 0.0810822
46.01 0.0816669
46.02 0.0817883
46.03 0.0815206
46.04 0.0809338
46.05 0.0801603
46.06 0.0793108
46.07 0.0784953
46.08 0.0778229
46.09 0.0773984
46.1 0.0773185
46.11 0.0776688
46.12 0.0785768
46.13 0.0800483
46.14 0.0821143
46.15 0.0847861
46.16 0.0880545
46.17 0.0918899
46.18 0.0962433
46.19 0.101052
46.2 0.106251
46.21 0.111703
46.22 0.117298
46.23 0.122923
46.24 0.128461
46.25 0.133796
46.26 0.138818
46.27 0.143414
46.28 0.147455
46.29 0.150902
46.3 0.153699
46.31 0.155808
46.32 0.157211
46.33 0.157908
46.34 0.157919
46.35 0.157259
46.36 0.155974
46.37 0.154174
46.38 0.151942
46.39 0.149365
46.4 0.146536
46.41 0.143547
46.42 0.140488
46.43 0.137447
46.44 0.134508
46.45 0.13173
46.46 0.129157
46.47 0.126819
46.48 0.124727
46.49 0.122877
46.5 0.121244
46.51 0.119798
46.52 0.118473
46.53 0.117192
46.54 0.115877
46.55 0.114442
46.56 0.112799
46.57 0.110858
46.58 0.108534
46.59 0.10571
46.6 0.102329
46.61 0.0983518
46.62 0.0937389
46.63 0.0884687
46.64 0.0825369
46.65 0.0759578
46.66 0.068764
46.67 0.0609644
46.68 0.0526717
46.69 0.0439801
46.7 0.0349857
46.71 0.025793
46.72 0.0165122
46.73 0.00725624
46.74 -0.00186289
46.75 -0.0107041
46.76 -0.0191808
46.77 -0.0272062
46.78 -0.034705
46.79 -0.0416163
46.8 -0.0478953
46.81 -0.0535138
46.82 -0.058457
46.83 -0.0626729
46.84 -0.0662503
46.85 -0.0692278
46.86 -0.0716553
46.87 -0.073592
46.88 -0.0751037
46.89 -0.0762599
46.9 -0.0771268
46.91 -0.0777656
46.92 -0.0782604
46.93 -0.0786647
46.94 -0.0790217
46.95 -0.0793629
46.96 -0.0797068
46.97 -0.0800584
46.98 -0.0804081
46.99 -0.0807289
47 -0.0809839
47.01 -0.0811258
47.02 -0.0810993
47.03 -0.0808429
47.04 -0.0802923
47.05 -0.0793825
47.06 -0.0780313
47.07 -0.0761668
47.08 -0.073768
47.09 -0.0707998
47.1 -0.0672401
47.11 -0.0630817
47.12 -0.058333
47.13 -0.0530191
47.14 -0.0471566
47.15 -0.040816
47.16 -0.0340978
47.17 -0.0270904
47.18 -0.0198929
47.19 -0.0126126
47.2 -0.00536183
47.21 0.00174481
47.22 0.00856916
47.23 0.0149969
47.24 0.020937
47.25 0.0262996
47.26 0.0310071
47.27 0.0349971
47.28 0.0382232
47.29 0.0406562
47.3 0.0422229
47.31 0.042976
47.32 0.0429616
47.33 0.0422219
47.34 0.0408126
47.35 0.0388005
47.36 0.0362615
47.37 0.0332772
47.38 0.0299083
47.39 0.0262757
47.4 0.0224651
47.41 0.0185522
47.42 0.0146043
47.43 0.0106786
47.44 0.00682051
47.45 0.00306253
47.46 -0.000563801
47.47 -0.00406708
47.48 -0.00745821
47.49 -0.01076
47.5 -0.0140055
47.51 -0.0172365
47.52 -0.0205011
47.53 -0.0238529
47.54 -0.0273617
47.55 -0.0310704
47.56 -0.0350259
47.57 -0.0392683
47.58 -0.0438285
47.59 -0.0487268
47.6 -0.0539714
47.61 -0.0595649
47.62 -0.0655019
47.63 -0.0717207
47.64 -0.0781725
47.65 -0.084797
47.66 -0.0915233
47.67 -0.0982723
47.68 -0.104958
47.69 -0.111483
47.7 -0.117738
47.71 -0.123645
47.72 -0.129121
47.73 -0.134088
47.74 -0.138481
47.75 -0.142242
47.76 -0.145329
47.77 -0.147679
47.78 -0.149273
47.79 -0.150153
47.8 -0.150339
47.81 -0.149862
47.82 -0.148768
47.83 -0.147112
47.84 -0.144958
47.85 -0.142358
47.86 -0.139404
47.87 -0.136191
47.88 -0.132794
47.89 -0.129286
47.9 -0.125733
47.91 -0.122194
47.92 -0.118716
47.93 -0.115349
47.94 -0.112116
47.95 -0.109026
47.96 -0.10608
47.97 -0.103267
47.98 -0.100566
47.99 -0.0979487
48 -0.0953775
48.01 -0.0928071
48.02 -0.0901871
48.03 -0.0874714
48.04 -0.0846154
48.05 -0.0815782
48.06 -0.0783247
48.07 -0.0748268
48.08 -0.0710655
48.09 -0.067005
48.1 -0.0626731
48.11 -0.0580858
48.12 -0.0532681
48.13 -0.048255
48.14 -0.0430907
48.15 -0.0378269
48.16 -0.0325218
48.17 -0.0272465
48.18 -0.0220687
48.19 -0.0170533
48.2 -0.0122624
48.21 -0.0077542
48.22 -0.00358032
48.23 0.000215319
48.24 0.0035901
48.25 0.00649013
48.26 0.0089399
48.27 0.0109408
48.28 0.0125059
48.29 0.0136589
48.3 0.0144342
48.31 0.014875
48.32 0.0150256
48.33 0.0149413
48.34 0.0147039
48.35 0.0143772
48.36 0.0140251
48.37 0.0137092
48.38 0.0134875
48.39 0.0134124
48.4 0.0135393
48.41 0.0139133
48.42 0.0145489
48.43 0.0154629
48.44 0.0166622
48.45 0.0181443
48.46 0.0198979
48.47 0.0219033
48.48 0.024144
48.49 0.0265806
48.5 0.0291648
48.51 0.0318559
48.52 0.0346122
48.53 0.0373928
48.54 0.0401586
48.55 0.0428736
48.56 0.0454993
48.57 0.04801
48.58 0.0503902
48.59 0.0526279
48.6 0.0547178
48.61 0.056661
48.62 0.0584642
48.63 0.0601399
48.64 0.0616973
48.65 0.0631652
48.66 0.0645686
48.67 0.0659304
48.68 0.0672733
48.69 0.0686181
48.7 0.0699828
48.71 0.0713813
48.72 0.0728278
48.73 0.0743226
48.74 0.0758626
48.75 0.0774396
48.76 0.0790399
48.77 0.0806447
48.78 0.0822307
48.79 0.083771
48.8 0.0852249
48.81 0.0865662
48.82 0.087763
48.83 0.0887845
48.84 0.0896022
48.85 0.0901905
48.86 0.0905283
48.87 0.0905959
48.88 0.0903611
48.89 0.0898451
48.9 0.0890513
48.91 0.0879898
48.92 0.0866763
48.93 0.0851325
48.94 0.0833847
48.95 0.0814599
48.96 0.0793888
48.97 0.07722
48.98 0.0749901
48.99 0.0727351
49 0.0704891
49.01 0.068284
49.02 0.0661479
49.03 0.0641088
49.04 0.0621908
49.05 0.0604
49.06 0.0587435
49.07 0.0572231
49.08 0.0558354
49.09 0.0545726
49.1 0.0534226
49.11 0.0523742
49.12 0.0514075
49.13 0.0504982
49.14 0.0496268
49.15 0.0487746
49.16 0.0479241
49.17 0.0470602
49.18 0.0461709
49.19 0.0452449
49.2 0.0442778
49.21 0.0432708
49.22 0.0422273
49.23 0.0411542
49.24 0.0400614
49.25 0.0389614
49.26 0.0378681
49.27 0.0367991
49.28 0.0357698
49.29 0.0347933
49.3 0.033881
49.31 0.0330419
49.32 0.0322814
49.33 0.0316007
49.34 0.0309969
49.35 0.0304672
49.36 0.0299927
49.37 0.0295547
49.38 0.0291316
49.39 0.0286988
49.4 0.0282289
49.41 0.0276933
49.42 0.0270626
49.43 0.0262938
49.44 0.0253693
49.45 0.0242664
49.46 0.022966
49.47 0.0214539
49.48 0.0197219
49.49 0.0177679
49.5 0.015595
49.51 0.0131987
49.52 0.0106191
49.53 0.00788212
49.54 0.00501927
49.55 0.00206675
49.56 -0.000935616
49.57 -0.00394557
49.58 -0.00691817
49.59 -0.00980051
49.6 -0.0125554
49.61 -0.0151453
49.62 -0.0175378
49.63 -0.0197059
49.64 -0.0216296
49.65 -0.0232966
49.66 -0.0246945
49.67 -0.0258185
49.68 -0.0267013
49.69 -0.027365
49.7 -0.0278386
49.71 -0.0281575
49.72 -0.0283622
49.73 -0.0284968
49.74 -0.0286089
49.75 -0.028752
49.76 -0.0289728
49.77 -0.0293138
49.78 -0.0298133
49.79 -0.0305032
49.8 -0.0314087
49.81 -0.0325467
49.82 -0.0339383
49.83 -0.0355788
49.84 -0.0374438
49.85 -0.039511
49.86 -0.0417494
49.87 -0.0441201
49.88 -0.0465776
49.89 -0.0490708
49.9 -0.0515396
49.91 -0.0539201
49.92 -0.0561557
49.93 -0.0581903
49.94 -0.0599711
49.95 -0.0614504
49.96 -0.0625867
49.97 -0.0633462
49.98 -0.0636706
49.99 -0.0635664
50 -0.0630391
50.01 -0.0620946
50.02 -0.0607486
50.03 -0.0590255
50.04 -0.0569581
50.05 -0.0545858
50.06 -0.0519349
50.07 -0.0490806
50.08 -0.0460778
50.09 -0.0429791
50.1 -0.0398357
50.11 -0.0366962
50.12 -0.0336046
50.13 -0.0305994
50.14 -0.0277267
50.15 -0.0249989
50.16 -0.02243
50.17 -0.0200251
50.18 -0.017781
50.19 -0.0156865
50.2 -0.013723
50.21 -0.0118664
50.22 -0.0100883
50.23 -0.00834449
50.24 -0.00659776
50.25 -0.00481025
50.26 -0.00294512
50.27 -0.000967988
50.28 0.00115158
50.29 0.0034435
50.3 0.00593754
50.31 0.00863027
50.32 0.0115233
50.33 0.0146099
50.34 0.017875
50.35 0.0212952
50.36 0.0248396
50.37 0.0284721
50.38 0.0321439
50.39 0.0358006
50.4 0.0393899
50.41 0.042858
50.42 0.0461511
50.43 0.0492167
50.44 0.0520055
50.45 0.0544541
50.46 0.056517
50.47 0.0581795
50.48 0.0594175
50.49 0.0602144
50.5 0.0605623
50.51 0.0604613
50.52 0.0599195
50.53 0.0589284
50.54 0.0575233
50.55 0.0557515
50.56 0.0536482
50.57 0.0512525
50.58 0.0486057
50.59 0.0457509
50.6 0.0427313
50.61 0.0395832
50.62 0.0363566
50.63 0.0330916
50.64 0.0298211
50.65 0.0265738
50.66 0.0233738
50.67 0.0202403
50.68 0.0171878
50.69 0.0142344
50.7 0.0113793
50.71 0.00862204
50.72 0.00596056
50.73 0.00339048
50.74 0.000905828
50.75 -0.00150028
50.76 -0.00383491
50.77 -0.00609893
50.78 -0.00830408
50.79 -0.0104542
50.8 -0.012551
50.81 -0.0145939
50.82 -0.0165801
50.83 -0.0185049
50.84 -0.020361
50.85 -0.0221325
50.86 -0.0238161
50.87 -0.0254017
50.88 -0.0268791
50.89 -0.028239
50.9 -0.0294728
50.91 -0.030574
50.92 -0.0315354
50.93 -0.0323466
50.94 -0.0330207
50.95 -0.0335623
50.96 -0.0339793
50.97 -0.0342824
50.98 -0.034485
50.99 -0.0346029
51 -0.034652
51.01 -0.0346518
51.02 -0.0346263
51.03 -0.0345947
51.04 -0.0345754
51.05 -0.0345853
51.06 -0.0346391
51.07 -0.0347489
51.08 -0.0349267
51.09 -0.0351793
51.1 -0.035504
51.11 -0.0358981
51.12 -0.0363556
51.13 -0.0368674
51.14 -0.0374214
51.15 -0.0380035
51.16 -0.0385976
51.17 -0.0391847
51.18 -0.0397477
51.19 -0.040271
51.2 -0.0407406
51.21 -0.0411448
51.22 -0.041475
51.23 -0.0417262
51.24 -0.0418921
51.25 -0.0419794
51.26 -0.0419993
51.27 -0.0419644
51.28 -0.0418911
51.29 -0.0417991
51.3 -0.041711
51.31 -0.0416514
51.32 -0.0416524
51.33 -0.0417396
51.34 -0.0419366
51.35 -0.0422663
51.36 -0.0427489
51.37 -0.0434004
51.38 -0.0442326
51.39 -0.0452519
51.4 -0.0464759
51.41 -0.0478825
51.42 -0.0494572
51.43 -0.0511813
51.44 -0.0530305
51.45 -0.0549756
51.46 -0.056983
51.47 -0.0590158
51.48 -0.061029
51.49 -0.06298
51.5 -0.0648282
51.51 -0.0665344
51.52 -0.068062
51.53 -0.069378
51.54 -0.070454
51.55 -0.0712632
51.56 -0.071767
51.57 -0.0719803
51.58 -0.0719014
51.59 -0.0715357
51.6 -0.0708951
51.61 -0.0699976
51.62 -0.0688669
51.63 -0.0675268
51.64 -0.0660045
51.65 -0.0643499
51.66 -0.0625987
51.67 -0.0607862
51.68 -0.058946
51.69 -0.0571089
51.7 -0.0553021
51.71 -0.0535501
51.72 -0.0518723
51.73 -0.0502737
51.74 -0.048756
51.75 -0.0473137
51.76 -0.045935
51.77 -0.0446016
51.78 -0.0432894
51.79 -0.0419672
51.8 -0.0405972
51.81 -0.0391437
51.82 -0.0375692
51.83 -0.0358364
51.84 -0.0339095
51.85 -0.0317552
51.86 -0.0293446
51.87 -0.0266351
51.88 -0.0236137
51.89 -0.0202825
51.9 -0.0166398
51.91 -0.0126917
51.92 -0.00845223
51.93 -0.00394315
51.94 0.000806701
51.95 0.00577383
51.96 0.0109024
51.97 0.0161402
51.98 0.0214374
51.99 0.0267424
52 0.032003
52.01 0.0371682
52.02 0.0421889
52.03 0.0469997
52.04 0.0515695
52.05 0.0558673
52.06 0.0598654
52.07 0.0635432
52.08 0.066887
52.09 0.0698906
52.1 0.0725549
52.11 0.0748566
52.12 0.0768425
52.13 0.0785343
52.14 0.0799567
52.15 0.0811374
52.16 0.0821063
52.17 0.0828944
52.18 0.0835316
52.19 0.0840402
52.2 0.0844604
52.21 0.0848159
52.22 0.0851264
52.23 0.0854074
52.24 0.0856695
52.25 0.0859188
52.26 0.0861563
52.27 0.0863774
52.28 0.086575
52.29 0.0867383
52.3 0.0868537
52.31 0.0869064
52.32 0.0868806
52.33 0.0867611
52.34 0.0865296
52.35 0.0861681
52.36 0.0856754
52.37 0.0850462
52.38 0.0842792
52.39 0.0833771
52.4 0.0823471
52.41 0.0812007
52.42 0.0799498
52.43 0.0786154
52.44 0.0772257
52.45 0.0758057
52.46 0.0743816
52.47 0.0729796
52.48 0.0716256
52.49 0.0703439
52.5 0.0691626
52.51 0.068101
52.52 0.0671677
52.53 0.0663712
52.54 0.0657143
52.55 0.0651944
52.56 0.0648033
52.57 0.0645272
52.58 0.064352
52.59 0.0642475
52.6 0.064182
52.61 0.064124
52.62 0.0640403
52.63 0.0638966
52.64 0.0636589
52.65 0.0632943
52.66 0.0627578
52.67 0.0620296
52.68 0.0610917
52.69 0.0599283
52.7 0.0585295
52.71 0.0568917
52.72 0.0550181
52.73 0.0529184
52.74 0.0505916
52.75 0.0480802
52.76 0.0454152
52.77 0.04263
52.78 0.0397617
52.79 0.0368498
52.8 0.0339351
52.81 0.0310588
52.82 0.0282725
52.83 0.0256089
52.84 0.0231015
52.85 0.0207797
52.86 0.0186675
52.87 0.0167829
52.88 0.0151377
52.89 0.0137406
52.9 0.0126071
52.91 0.0117063
52.92 0.0110229
52.93 0.0105363
52.94 0.0102211
52.95 0.0100486
52.96 0.00998715
52.97 0.0100048
52.98 0.0100664
52.99 0.0101342
53 0.010178
53.01 0.0101708
53.02 0.0100897
53.03 0.00991673
53.04 0.00963932
53.05 0.00924658
53.06 0.00873595
53.07 0.00812172
53.08 0.00741707
53.09 0.00664068
53.1 0.00581617
53.11 0.00497134
53.12 0.00413729
53.13 0.0033514
53.14 0.00265313
53.15 0.0020744
53.16 0.00164822
53.17 0.00140508
53.18 0.0013719
53.19 0.00157108
53.2 0.00201964
53.21 0.00274498
53.22 0.00374518
53.23 0.0050057
53.24 0.00651525
53.25 0.00825558
53.26 0.0102018
53.27 0.0123229
53.28 0.0145822
53.29 0.0169421
53.3 0.0193474
53.31 0.0217472
53.32 0.0240916
53.33 0.0263306
53.34 0.028415
53.35 0.0302975
53.36 0.0319343
53.37 0.0332575
53.38 0.0342498
53.39 0.0348878
53.4 0.0351499
53.41 0.0350215
53.42 0.0344949
53.43 0.0335693
53.44 0.0322511
53.45 0.0305178
53.46 0.0284269
53.47 0.0260055
53.48 0.0232842
53.49 0.020297
53.5 0.0170813
53.51 0.0136761
53.52 0.0101206
53.53 0.00644977
53.54 0.00271549
53.55 -0.00104567
53.56 -0.00480008
53.57 -0.0085177
53.58 -0.0121727
53.59 -0.015744
53.6 -0.0192133
53.61 -0.0225621
53.62 -0.0257946
53.63 -0.0289117
53.64 -0.031919
53.65 -0.0348268
53.66 -0.0376494
53.67 -0.0404047
53.68 -0.0431123
53.69 -0.0457969
53.7 -0.0484856
53.71 -0.0512027
53.72 -0.0539717
53.73 -0.056815
53.74 -0.0597529
53.75 -0.0628029
53.76 -0.0659851
53.77 -0.0693122
53.78 -0.0727815
53.79 -0.0763931
53.8 -0.0801421
53.81 -0.0840188
53.82 -0.0880085
53.83 -0.0920922
53.84 -0.0962488
53.85 -0.100446
53.86 -0.10465
53.87 -0.108827
53.88 -0.112941
53.89 -0.116956
53.9 -0.120835
53.91 -0.124543
53.92 -0.128028
53.93 -0.131262
53.94 -0.134223
53.95 -0.136886
53.96 -0.13923
53.97 -0.14124
53.98 -0.142904
53.99 -0.144218
54 -0.145153
54.01 -0.145736
54.02 -0.145988
54.03 -0.145923
54.04 -0.145563
54.05 -0.144933
54.06 -0.144059
54.07 -0.142972
54.08 -0.14169
54.09 -0.140262
54.1 -0.138722
54.11 -0.1371
54.12 -0.135424
54.13 -0.13372
54.14 -0.132009
54.15 -0.130309
54.16 -0.128635
54.17 -0.126994
54.18 -0.125384
54.19 -0.123804
54.2 -0.122242
54.21 -0.120685
54.22 -0.119113
54.23 -0.117502
54.24 -0.115819
54.25 -0.114038
54.26 -0.112127
54.27 -0.110057
54.28 -0.107794
54.29 -0.105311
54.3 -0.102581
54.31 -0.0995707
54.32 -0.0962458
54.33 -0.0926129
54.34 -0.0886638
54.35 -0.0843962
54.36 -0.079814
54.37 -0.0749274
54.38 -0.0697526
54.39 -0.0643028
54.4 -0.0586042
54.41 -0.0527073
54.42 -0.0466499
54.43 -0.0404732
54.44 -0.0342208
54.45 -0.0279375
54.46 -0.0216685
54.47 -0.0154635
54.48 -0.00937092
54.49 -0.00342675
54.5 0.00233338
54.51 0.00787833
54.52 0.013182
54.53 0.0182238
54.54 0.0229889
54.55 0.0274505
54.56 0.0316129
54.57 0.0354912
54.58 0.0390948
54.59 0.0424377
54.6 0.0455379
54.61 0.0484167
54.62 0.0510977
54.63 0.0535954
54.64 0.0559466
54.65 0.0581813
54.66 0.0603234
54.67 0.062395
54.68 0.064415
54.69 0.0663993
54.7 0.0683596
54.71 0.0703028
54.72 0.0722331
54.73 0.0741489
54.74 0.0760445
54.75 0.0779104
54.76 0.0797338
54.77 0.0814992
54.78 0.0831893
54.79 0.084774
54.8 0.0862414
54.81 0.087573
54.82 0.088751
54.83 0.0897596
54.84 0.0905856
54.85 0.0912188
54.86 0.0916508
54.87 0.0918618
54.88 0.0918725
54.89 0.0916891
54.9 0.0913216
54.91 0.0907836
54.92 0.0900919
54.93 0.0892661
54.94 0.0883262
54.95 0.0872927
54.96 0.0861984
54.97 0.0850674
54.98 0.0839225
54.99 0.0827854
55 0.0816756
55.01 0.0806098
55.02 0.0796039
55.03 0.0786716
55.04 0.0778144
55.05 0.0770346
55.06 0.0763307
55.07 0.075698
55.08 0.0751285
55.09 0.0746121
55.1 0.0741375
55.11 0.0736894
55.12 0.0732509
55.13 0.0728074
55.14 0.0723451
55.15 0.0718514
55.16 0.0713158
55.17 0.0707301
55.18 0.0700853
55.19 0.0693799
55.2 0.0686179
55.21 0.0678042
55.22 0.0669466
55.23 0.0660558
55.24 0.0651448
55.25 0.0642287
55.26 0.0633262
55.27 0.062456
55.28 0.0616352
55.29 0.0608802
55.3 0.0602061
55.31 0.0596261
55.32 0.0591506
55.33 0.0587869
55.34 0.0585481
55.35 0.0584265
55.36 0.058415
55.37 0.0585046
55.38 0.0586827
55.39 0.0589333
55.4 0.0592371
55.41 0.0595726
55.42 0.0599147
55.43 0.0602357
55.44 0.0605103
55.45 0.060714
55.46 0.0608237
55.47 0.0608182
55.48 0.0606791
55.49 0.0603909
55.5 0.0599266
55.51 0.059295
55.52 0.0584949
55.53 0.0575294
55.54 0.0564063
55.55 0.0551373
55.56 0.0537383
55.57 0.052227
55.58 0.0506217
55.59 0.0489558
55.6 0.0472547
55.61 0.045544
55.62 0.0438484
55.63 0.0421915
55.64 0.0405945
55.65 0.0390785
55.66 0.0376641
55.67 0.0363551
55.68 0.035157
55.69 0.0340707
55.7 0.0330926
55.71 0.0322146
55.72 0.0314243
55.73 0.0307077
55.74 0.030044
55.75 0.0294066
55.76 0.0287715
55.77 0.0281142
55.78 0.02741
55.79 0.0266353
55.8 0.0257681
55.81 0.0247824
55.82 0.0236604
55.83 0.0223962
55.84 0.0209827
55.85 0.0194173
55.86 0.0177021
55.87 0.015844
55.88 0.0138542
55.89 0.0117424
55.9 0.00953338
55.91 0.00725463
55.92 0.00493139
55.93 0.00259035
55.94 0.000258787
55.95 -0.00203631
55.96 -0.00426907
55.97 -0.00640753
55.98 -0.00843291
55.99 -0.0103308
56 -0.0120886
56.01 -0.0136982
56.02 -0.0151563
56.03 -0.0164647
56.04 -0.0176299
56.05 -0.018653
56.06 -0.0195615
56.07 -0.0203774
56.08 -0.0211243
56.09 -0.0218277
56.1 -0.0225149
56.11 -0.0232135
56.12 -0.0239512
56.13 -0.024763
56.14 -0.0256685
56.15 -0.0266881
56.16 -0.0278384
56.17 -0.0291318
56.18 -0.0305758
56.19 -0.0321725
56.2 -0.0339203
56.21 -0.0358205
56.22 -0.0378445
56.23 -0.0399721
56.24 -0.0421788
56.25 -0.0444361
56.26 -0.0467123
56.27 -0.0489735
56.28 -0.0511819
56.29 -0.0532918
56.3 -0.0552717
56.31 -0.0570869
56.32 -0.0587049
56.33 -0.060096
56.34 -0.0612341
56.35 -0.0620974
56.36 -0.0626587
56.37 -0.0628943
56.38 -0.0628188
56.39 -0.0624318
56.4 -0.0617383
56.41 -0.0607481
56.42 -0.0594758
56.43 -0.0579401
56.44 -0.0561536
56.45 -0.0541429
56.46 -0.0519496
56.47 -0.0496031
56.48 -0.0471336
56.49 -0.0445713
56.5 -0.0419458
56.51 -0.0392855
56.52 -0.0366176
56.53 -0.0339692
56.54 -0.0313612
56.55 -0.0288115
56.56 -0.0263346
56.57 -0.023942
56.58 -0.0216419
56.59 -0.0194399
56.6 -0.0173457
56.61 -0.0153555
56.62 -0.0134643
56.63 -0.0116687
56.64 -0.00996442
56.65 -0.00834691
56.66 -0.00681165
56.67 -0.0053547
56.68 -0.0039791
56.69 -0.00267885
56.7 -0.00145309
56.71 -0.000304482
56.72 0.00076212
56.73 0.00173966
56.74 0.00261886
56.75 0.00338838
56.76 0.00402216
56.77 0.00451416
56.78 0.00484905
56.79 0.0050097
56.8 0.00497873
56.81 0.00473897
56.82 0.00427395
56.83 0.0035675
56.84 0.00258117
56.85 0.001328
56.86 -0.000199858
56.87 -0.00200715
56.88 -0.00409518
56.89 -0.00646159
56.9 -0.00910025
56.91 -0.012005
56.92 -0.0151775
56.93 -0.0185768
56.94 -0.0221813
56.95 -0.0259659
56.96 -0.0299029
56.97 -0.0339624
56.98 -0.0381125
56.99 -0.0423209
57 -0.0465512
57.01 -0.0507657
57.02 -0.0549317
57.03 -0.0590176
57.04 -0.0629936
57.05 -0.0668323
57.06 -0.0705089
57.07 -0.073994
57.08 -0.077263
57.09 -0.0803138
57.1 -0.0831367
57.11 -0.0857255
57.12 -0.0880779
57.13 -0.0901949
57.14 -0.0920807
57.15 -0.0937315
57.16 -0.0951587
57.17 -0.0963852
57.18 -0.0974243
57.19 -0.0982896
57.2 -0.0989951
57.21 -0.0995542
57.22 -0.0999795
57.23 -0.100275
57.24 -0.100452
57.25 -0.100523
57.26 -0.100491
57.27 -0.100355
57.28 -0.100113
57.29 -0.0997595
57.3 -0.0992847
57.31 -0.0986666
57.32 -0.0978958
57.33 -0.0969595
57.34 -0.0958398
57.35 -0.0945183
57.36 -0.0929765
57.37 -0.0911961
57.38 -0.0891604
57.39 -0.0868296
57.4 -0.0842106
57.41 -0.0812989
57.42 -0.0780899
57.43 -0.0745838
57.44 -0.0707851
57.45 -0.0667033
57.46 -0.0623529
57.47 -0.0577313
57.48 -0.0528898
57.49 -0.047859
57.5 -0.0426728
57.51 -0.0373685
57.52 -0.031986
57.53 -0.0265675
57.54 -0.0211563
57.55 -0.0158044
57.56 -0.0105524
57.57 -0.00544032
57.58 -0.000505407
57.59 0.00421891
57.6 0.00870369
57.61 0.0129251
57.62 0.0168587
57.63 0.020475
57.64 0.0237926
57.65 0.026814
57.66 0.0295482
57.67 0.03201
57.68 0.0342202
57.69 0.0362043
57.7 0.0379871
57.71 0.0396009
57.72 0.0410952
57.73 0.0425076
57.74 0.0438759
57.75 0.0452371
57.76 0.0466261
57.77 0.0480749
57.78 0.0496168
57.79 0.0512784
57.8 0.0530712
57.81 0.0550056
57.82 0.0570855
57.83 0.0593082
57.84 0.0616645
57.85 0.0641386
57.86 0.066713
57.87 0.0693548
57.88 0.0720269
57.89 0.0746927
57.9 0.0773127
57.91 0.0798456
57.92 0.0822495
57.93 0.0844831
57.94 0.0864889
57.95 0.0882339
57.96 0.0896922
57.97 0.0908356
57.98 0.0916415
57.99 0.0920932
58 0.0921804
58.01 0.0918996
58.02 0.091225
58.03 0.0901913
58.04 0.0888236
58.05 0.0871457
58.06 0.0851871
58.07 0.0829814
58.08 0.0805666
58.09 0.0779834
58.1 0.0752669
58.11 0.0724758
58.12 0.0696548
58.13 0.0668467
58.14 0.0640922
58.15 0.0614292
58.16 0.0588924
58.17 0.0565129
58.18 0.0543357
58.19 0.0523649
58.2 0.050615
58.21 0.0490953
58.22 0.0478099
58.23 0.0467581
58.24 0.0459342
58.25 0.0453319
58.26 0.0449495
58.27 0.0447509
58.28 0.0447158
58.29 0.0448219
58.3 0.0450454
58.31 0.0453618
58.32 0.0457462
58.33 0.0461745
58.34 0.0466211
58.35 0.0470606
58.36 0.0474724
58.37 0.0478374
58.38 0.0481387
58.39 0.0483618
58.4 0.0484943
58.41 0.0485217
58.42 0.0484333
58.43 0.0482305
58.44 0.0479106
58.45 0.0474729
58.46 0.0469188
58.47 0.0462513
58.48 0.0454754
58.49 0.0445927
58.5 0.0436126
58.51 0.0425498
58.52 0.041415
58.53 0.0402204
58.54 0.0389788
58.55 0.0377041
58.56 0.036411
58.57 0.0351155
58.58 0.0338355
58.59 0.0325869
58.6 0.0313858
58.61 0.030248
58.62 0.0291885
58.63 0.0282219
58.64 0.0273613
58.65 0.0266281
58.66 0.0260271
58.67 0.0255623
58.68 0.0252384
58.69 0.0250571
58.7 0.0250169
58.71 0.0251133
58.72 0.0253381
58.73 0.0256888
58.74 0.0261397
58.75 0.0266702
58.76 0.0272582
58.77 0.0278789
58.78 0.0285054
58.79 0.0291088
58.8 0.0296591
58.81 0.0301146
58.82 0.0304508
58.83 0.0306387
58.84 0.0306513
58.85 0.030464
58.86 0.0300554
58.87 0.0294081
58.88 0.0285066
58.89 0.0273215
58.9 0.0258744
58.91 0.0241694
58.92 0.022216
58.93 0.0200292
58.94 0.0176292
58.95 0.0150408
58.96 0.0122903
58.97 0.0094075
58.98 0.00644047
58.99 0.00342695
59 0.000405358
59.01 -0.00258605
59.02 -0.00551021
59.03 -0.00833213
59.04 -0.0110142
59.05 -0.0135199
59.06 -0.015836
59.07 -0.0179453
59.08 -0.019836
59.09 -0.0215021
59.1 -0.0229436
59.11 -0.0241659
59.12 -0.0251713
59.13 -0.0259769
59.14 -0.0266155
59.15 -0.0271118
59.16 -0.0274932
59.17 -0.027789
59.18 -0.0280288
59.19 -0.0282423
59.2 -0.0284595
59.21 -0.0287094
59.22 -0.0290143
59.23 -0.0293925
59.24 -0.0298581
59.25 -0.0304204
59.26 -0.0310834
59.27 -0.0318461
59.28 -0.0327082
59.29 -0.0336533
59.3 -0.0346622
59.31 -0.035715
59.32 -0.0367891
59.33 -0.0378596
59.34 -0.0389006
59.35 -0.0398858
59.36 -0.0407807
59.37 -0.0415645
59.38 -0.0422175
59.39 -0.0427221
59.4 -0.0430645
59.41 -0.043235
59.42 -0.0432289
59.43 -0.0430459
59.44 -0.0426755
59.45 -0.0421433
59.46 -0.0414651
59.47 -0.0406586
59.48 -0.0397448
59.49 -0.0387465
59.5 -0.0376882
59.51 -0.0365944
59.52 -0.035491
59.53 -0.0344035
59.54 -0.0333522
59.55 -0.0323544
59.56 -0.0314239
59.57 -0.0305704
59.58 -0.0297993
59.59 -0.0291128
59.6 -0.0285121
59.61 -0.0279814
59.62 -0.0275081
59.63 -0.0270766
59.64 -0.0266685
59.65 -0.0262639
59.66 -0.0258415
59.67 -0.0253785
59.68 -0.0248497
59.69 -0.0242397
59.7 -0.0235333
59.71 -0.0227182
59.72 -0.0217864
59.73 -0.0207341
59.74 -0.0195624
59.75 -0.0182732
59.76 -0.0168772
59.77 -0.0153978
59.78 -0.0138558
59.79 -0.0122754
59.8 -0.010684
59.81 -0.00911074
59.82 -0.00758624
59.83 -0.00614716
59.84 -0.00482728
59.85 -0.00365055
59.86 -0.0026423
59.87 -0.00182435
59.88 -0.0012144
59.89 -0.000825476
59.9 -0.000665549
59.91 -0.000752091
59.92 -0.00107504
59.93 -0.00161694
59.94 -0.00236415
59.95 -0.00329888
59.96 -0.00439983
59.97 -0.00564294
59.98 -0.00700228
59.99 -0.00845564
60 -0.00996867
60.01 -0.0115136
60.02 -0.0130667
60.03 -0.0146073
60.04 -0.0161179
60.05 -0.0175852
60.06 -0.019
60.07 -0.0203531
60.08 -0.0216495
60.09 -0.0228958
60.1 -0.0241015
60.11 -0.0252798
60.12 -0.0264465
60.13 -0.0276196
60.14 -0.028818
60.15 -0.0300671
60.16 -0.0313821
60.17 -0.0327788
60.18 -0.0342703
60.19 -0.0358659
60.2 -0.0375705
60.21 -0.0393839
60.22 -0.041302
60.23 -0.0433193
60.24 -0.0454091
60.25 -0.0475485
60.26 -0.0497098
60.27 -0.0518614
60.28 -0.0539683
60.29 -0.055993
60.3 -0.057893
60.31 -0.0596157
60.32 -0.0611335
60.33 -0.0624107
60.34 -0.0634153
60.35 -0.0641197
60.36 -0.0645016
60.37 -0.0645446
60.38 -0.0642269
60.39 -0.0635355
60.4 -0.0625002
60.41 -0.0611344
60.42 -0.0594587
60.43 -0.0574999
60.44 -0.0552906
60.45 -0.052868
60.46 -0.0502677
60.47 -0.0475385
60.48 -0.0447354
60.49 -0.0419039
60.5 -0.0390886
60.51 -0.0363318
60.52 -0.033672
60.53 -0.0311437
60.54 -0.028787
60.55 -0.0266244
60.56 -0.0246642
60.57 -0.0229151
60.58 -0.0213788
60.59 -0.0200506
60.6 -0.0189196
60.61 -0.0179693
60.62 -0.0171875
60.63 -0.0165384
60.64 -0.0159876
60.65 -0.0155035
60.66 -0.0150531
60.67 -0.0146039
60.68 -0.0141238
60.69 -0.013583
60.7 -0.0129447
60.71 -0.0121888
60.72 -0.0112977
60.73 -0.0102568
60.74 -0.00905581
60.75 -0.0076892
60.76 -0.0061559
60.77 -0.00445914
60.78 -0.00259231
60.79 -0.000581249
60.8 0.00155886
60.81 0.00381172
60.82 0.00615954
60.83 0.00858369
60.84 0.0110653
60.85 0.0135857
60.86 0.0161275
60.87 0.0186711
60.88 0.0212017
60.89 0.0237068
60.9 0.0261753
60.91 0.0285982
60.92 0.0309682
60.93 0.0332784
60.94 0.0355194
60.95 0.0376929
60.96 0.0397957
60.97 0.0418247
60.98 0.0437766
60.99 0.0456475
61 0.0474324
61.01 0.0491225
61.02 0.0507051
61.03 0.0521782
61.04 0.0535318
61.05 0.0547549
61.06 0.0558359
61.07 0.0567627
61.08 0.0575233
61.09 0.0580985
61.1 0.0584731
61.11 0.0586495
61.12 0.0586213
61.13 0.0583849
61.14 0.0579395
61.15 0.0572875
61.16 0.0564348
61.17 0.0553814
61.18 0.0541433
61.19 0.0527465
61.2 0.0512108
61.21 0.0495583
61.22 0.0478132
61.23 0.0460008
61.24 0.044147
61.25 0.042278
61.26 0.040422
61.27 0.0386017
61.28 0.0368373
61.29 0.0351453
61.3 0.033539
61.31 0.0320272
61.32 0.0306149
61.33 0.0293096
61.34 0.028101
61.35 0.0269777
61.36 0.0259273
61.37 0.0249342
61.38 0.0239809
61.39 0.0230484
61.4 0.0221171
61.41 0.0211649
61.42 0.0201743
61.43 0.0191311
61.44 0.0180245
61.45 0.016848
61.46 0.0155998
61.47 0.0142837
61.48 0.0129092
61.49 0.0114893
61.5 0.0100519
61.51 0.00862464
61.52 0.00723965
61.53 0.00593296
61.54 0.00474347
61.55 0.0037119
61.56 0.00288231
61.57 0.00231829
61.58 0.0020391
61.59 0.0020788
61.6 0.00246644
61.61 0.00322496
61.62 0.00437016
61.63 0.00590989
61.64 0.00785237
61.65 0.0102066
61.66 0.012921
61.67 0.0159657
61.68 0.0193025
61.69 0.0228854
61.7 0.0266619
61.71 0.030574
61.72 0.0345596
61.73 0.0385457
61.74 0.0424622
61.75 0.046244
61.76 0.0498289
61.77 0.0531588
61.78 0.056181
61.79 0.05885
61.8 0.0611083
61.81 0.0629218
61.82 0.0642951
61.83 0.0652214
61.84 0.0657036
61.85 0.0657543
61.86 0.0653951
61.87 0.0646555
61.88 0.0635547
61.89 0.0621474
61.9 0.0604957
61.91 0.05865
61.92 0.0566618
61.93 0.0545818
61.94 0.0524588
61.95 0.0503377
61.96 0.0482645
61.97 0.0462749
61.98 0.0443932
61.99 0.0426381
62 0.04102
62.01 0.0395419
62.02 0.0381991
62.03 0.0369799
62.04 0.0358728
62.05 0.0348443
62.06 0.0338639
62.07 0.0328999
62.08 0.0319195
62.09 0.0308896
62.1 0.0297784
62.11 0.0285565
62.12 0.0271832
62.13 0.0256487
62.14 0.0239396
62.15 0.022048
62.16 0.0199727
62.17 0.0177187
62.18 0.0152979
62.19 0.0127272
62.2 0.0100216
62.21 0.00722404
62.22 0.00436682
62.23 0.00148472
62.24 -0.00138634
62.25 -0.00421054
62.26 -0.0069533
62.27 -0.00957989
62.28 -0.0120495
62.29 -0.0143491
62.3 -0.0164609
62.31 -0.0183731
62.32 -0.0200802
62.33 -0.0215826
62.34 -0.0228873
62.35 -0.0240017
62.36 -0.0249393
62.37 -0.0257364
62.38 -0.0264195
62.39 -0.0270171
62.4 -0.0275593
62.41 -0.0280757
62.42 -0.0285951
62.43 -0.029146
62.44 -0.029755
62.45 -0.0304377
62.46 -0.0312069
62.47 -0.0320694
62.48 -0.0330264
62.49 -0.0340729
62.5 -0.0351983
62.51 -0.0363883
62.52 -0.0376177
62.53 -0.0388571
62.54 -0.0400767
62.55 -0.0412445
62.56 -0.0423276
62.57 -0.0432929
62.58 -0.0441088
62.59 -0.0447323
62.6 -0.0451398
62.61 -0.045317
62.62 -0.0452484
62.63 -0.0449239
62.64 -0.0443397
62.65 -0.0434981
62.66 -0.0424076
62.67 -0.041066
62.68 -0.0395091
62.69 -0.0377682
62.7 -0.0358735
62.71 -0.0338579
62.72 -0.0317566
62.73 -0.0296056
62.74 -0.0274413
62.75 -0.0253038
62.76 -0.0232274
62.77 -0.0212415
62.78 -0.019372
62.79 -0.0176407
62.8 -0.0160647
62.81 -0.0146563
62.82 -0.0134229
62.83 -0.0123852
62.84 -0.0115226
62.85 -0.0108285
62.86 -0.0102935
62.87 -0.00990525
62.88 -0.00965007
62.89 -0.00951325
62.9 -0.00948106
62.91 -0.00954498
62.92 -0.00968381
62.93 -0.00988757
62.94 -0.010149
62.95 -0.0104638
62.96 -0.0108309
62.97 -0.0112525
62.98 -0.0117357
62.99 -0.0122934
63 -0.0129322
63.01 -0.013665
63.02 -0.0145059
63.03 -0.0154693
63.04 -0.0165694
63.05 -0.0178191
63.06 -0.0192358
63.07 -0.0208337
63.08 -0.0226069
63.09 -0.0245562
63.1 -0.0266784
63.11 -0.0289662
63.12 -0.0314078
63.13 -0.0339872
63.14 -0.0366894
63.15 -0.0394879
63.16 -0.0423498
63.17 -0.0452465
63.18 -0.0481478
63.19 -0.0510233
63.2 -0.0538426
63.21 -0.056577
63.22 -0.0591911
63.23 -0.06166
63.24 -0.0639684
63.25 -0.0661
63.26 -0.0680427
63.27 -0.0697888
63.28 -0.0713348
63.29 -0.0726815
63.3 -0.0738201
63.31 -0.0747679
63.32 -0.0755421
63.33 -0.0761557
63.34 -0.0766228
63.35 -0.0769581
63.36 -0.0771754
63.37 -0.0772874
63.38 -0.0772975
63.39 -0.0772199
63.4 -0.0770604
63.41 -0.076819
63.42 -0.0764921
63.43 -0.0760724
63.44 -0.0755487
63.45 -0.0749068
63.46 -0.0741147
63.47 -0.0731632
63.48 -0.0720324
63.49 -0.070701
63.5 -0.0691485
63.51 -0.0673561
63.52 -0.0653073
63.53 -0.0629876
63.54 -0.0603628
63.55 -0.0574563
63.56 -0.054271
63.57 -0.0508154
63.58 -0.0471043
63.59 -0.043158
63.6 -0.0390024
63.61 -0.0346659
63.62 -0.030179
63.63 -0.0255955
63.64 -0.0209573
63.65 -0.0163071
63.66 -0.011688
63.67 -0.00714149
63.68 -0.00270703
63.69 0.00157409
63.7 0.00565998
63.71 0.00953692
63.72 0.0131865
63.73 0.016597
63.74 0.0197635
63.75 0.0226878
63.76 0.0253785
63.77 0.0278421
63.78 0.0300985
63.79 0.0321864
63.8 0.0341348
63.81 0.0359748
63.82 0.0377385
63.83 0.0394573
63.84 0.0411611
63.85 0.0428786
63.86 0.0446349
63.87 0.0464456
63.88 0.0483209
63.89 0.0502645
63.9 0.0522732
63.91 0.0543371
63.92 0.0564393
63.93 0.058556
63.94 0.0606542
63.95 0.0626993
63.96 0.0646544
63.97 0.0664806
63.98 0.0681384
63.99 0.0695896
64 0.0707983
64.01 0.0717091
64.02 0.0723079
64.03 0.0725827
64.04 0.072522
64.05 0.0721226
64.06 0.0713897
64.07 0.0703374
64.08 0.068988
64.09 0.0673515
64.1 0.065491
64.11 0.063455
64.12 0.0612933
64.13 0.0590592
64.14 0.0568075
64.15 0.0545928
64.16 0.0524682
64.17 0.0505018
64.18 0.0487262
64.19 0.0471776
64.2 0.0458838
64.21 0.0448633
64.22 0.044125
64.23 0.0436675
64.24 0.0434822
64.25 0.0435626
64.26 0.0438513
64.27 0.0443064
64.28 0.0448786
64.29 0.0455131
64.3 0.046151
64.31 0.0467311
64.32 0.0471875
64.33 0.047444
64.34 0.0474554
64.35 0.0471722
64.36 0.0465522
64.37 0.0455622
64.38 0.0441787
64.39 0.0423891
64.4 0.0401778
64.41 0.0375467
64.42 0.0345466
64.43 0.0312129
64.44 0.0275908
64.45 0.0237343
64.46 0.0197047
64.47 0.015569
64.48 0.0113999
64.49 0.00728054
64.5 0.00328479
64.51 -0.000517217
64.52 -0.00405963
64.53 -0.00728254
64.54 -0.0101335
64.55 -0.0125689
64.56 -0.0145263
64.57 -0.0159896
64.58 -0.0169677
64.59 -0.0174619
64.6 -0.0174842
64.61 -0.0170567
64.62 -0.0162105
64.63 -0.014985
64.64 -0.0134061
64.65 -0.0115459
64.66 -0.00946959
64.67 -0.00723445
64.68 -0.00489764
64.69 -0.00251468
64.7 -0.000137991
64.71 0.00218443
64.72 0.00439899
64.73 0.00647386
64.74 0.00838397
64.75 0.0101102
64.76 0.0116412
64.77 0.0129732
64.78 0.0141098
64.79 0.015061
64.8 0.0158287
64.81 0.0164516
64.82 0.0169559
64.83 0.0173693
64.84 0.0177205
64.85 0.0180384
64.86 0.0183506
64.87 0.0186829
64.88 0.0190635
64.89 0.0195076
64.9 0.0200284
64.91 0.0206344
64.92 0.0213291
64.93 0.0221111
64.94 0.0229746
64.95 0.0239103
64.96 0.0249065
64.97 0.0259399
64.98 0.0269912
64.99 0.02804
65 0.0290653
65.01 0.0300467
65.02 0.030965
65.03 0.0317997
65.04 0.0325307
65.05 0.0331526
65.06 0.0336571
65.07 0.0340397
65.08 0.0342989
65.09 0.0344364
65.1 0.0344568
65.11 0.0343628
65.12 0.0341629
65.13 0.033874
65.14 0.033507
65.15 0.0330726
65.16 0.0325809
65.17 0.0320404
65.18 0.0314579
65.19 0.0308362
65.2 0.0301775
65.21 0.0294819
65.22 0.0287455
65.23 0.0279616
65.24 0.0271211
65.25 0.026213
65.26 0.025225
65.27 0.0241367
65.28 0.022936
65.29 0.0216135
65.3 0.0201577
65.31 0.0185591
65.32 0.016811
65.33 0.0149096
65.34 0.0128547
65.35 0.010639
65.36 0.00827976
65.37 0.00579324
65.38 0.00319592
65.39 0.000507854
65.4 -0.00224783
65.41 -0.0050455
65.42 -0.00785771
65.43 -0.010652
65.44 -0.013398
65.45 -0.016068
65.46 -0.0186356
65.47 -0.0210767
65.48 -0.0233703
65.49 -0.0254991
65.5 -0.0274495
65.51 -0.0291938
65.52 -0.0307467
65.53 -0.0321099
65.54 -0.0332891
65.55 -0.034294
65.56 -0.0351381
65.57 -0.0358374
65.58 -0.0364089
65.59 -0.0368665
65.6 -0.0372411
65.61 -0.0375521
65.62 -0.0378174
65.63 -0.0380527
65.64 -0.0382705
65.65 -0.0384798
65.66 -0.0386857
65.67 -0.0388882
65.68 -0.0390828
65.69 -0.0392603
65.7 -0.0394077
65.71 -0.0395084
65.72 -0.0395429
65.73 -0.0394896
65.74 -0.0393209
65.75 -0.039007
65.76 -0.0385335
65.77 -0.0378805
65.78 -0.0370311
65.79 -0.0359725
65.8 -0.0346966
65.81 -0.0332008
65.82 -0.0314782
65.83 -0.0295398
65.84 -0.0274145
65.85 -0.0251257
65.86 -0.022703
65.87 -0.020181
65.88 -0.0175989
65.89 -0.0149991
65.9 -0.0124315
65.91 -0.00994742
65.92 -0.00759159
65.93 -0.00540827
65.94 -0.00343872
65.95 -0.00172007
65.96 -0.000284139
65.97 0.000843464
65.98 0.0016196
65.99 0.00204773
66 0.0021363
66.01 0.00189236
66.02 0.00133085
66.03 0.00047412
66.04 -0.000648772
66.05 -0.0020029
66.06 -0.00356103
66.07 -0.00526217
66.08 -0.00705748
66.09 -0.00890086
66.1 -0.0107472
66.11 -0.012554
66.12 -0.0142824
66.13 -0.0158985
66.14 -0.0173592
66.15 -0.018656
66.16 -0.0197782
66.17 -0.0207228
66.18 -0.0214945
66.19 -0.0221061
66.2 -0.0225779
66.21 -0.0229362
66.22 -0.0232108
66.23 -0.0234503
66.24 -0.0236962
66.25 -0.0239915
66.26 -0.0243795
66.27 -0.0249021
66.28 -0.0255984
66.29 -0.0265079
66.3 -0.0276775
66.31 -0.0291109
66.32 -0.0308214
66.33 -0.0328142
66.34 -0.0350859
66.35 -0.0376242
66.36 -0.0404087
66.37 -0.0434161
66.38 -0.0466122
66.39 -0.049938
66.4 -0.0533448
66.41 -0.0567797
66.42 -0.0601881
66.43 -0.0635142
66.44 -0.0667032
66.45 -0.0696921
66.46 -0.0724225
66.47 -0.0748633
66.48 -0.0769783
66.49 -0.0787386
66.5 -0.0801233
66.51 -0.0811198
66.52 -0.0817241
66.53 -0.08192
66.54 -0.0817262
66.55 -0.0811826
66.56 -0.0803176
66.57 -0.079165
66.58 -0.0777632
66.59 -0.0761533
66.6 -0.0743784
66.61 -0.0724764
66.62 -0.0704983
66.63 -0.068487
66.64 -0.0664779
66.65 -0.0645012
66.66 -0.0625816
66.67 -0.0607375
66.68 -0.0589804
66.69 -0.0573222
66.7 -0.0557541
66.71 -0.0542637
66.72 -0.0528347
66.73 -0.0514457
66.74 -0.0500709
66.75 -0.0486813
66.76 -0.0472456
66.77 -0.0457217
66.78 -0.0440812
66.79 -0.042295
66.8 -0.0403361
66.81 -0.0381815
66.82 -0.0358128
66.83 -0.0332171
66.84 -0.0303872
66.85 -0.0273001
66.86 -0.0239868
66.87 -0.0204612
66.88 -0.0167434
66.89 -0.0128588
66.9 -0.00883776
66.91 -0.0047145
66.92 -0.00052616
66.93 0.00368527
66.94 0.00787427
66.95 0.0120009
66.96 0.0160268
66.97 0.0199161
66.98 0.0236364
66.99 0.0271597
67 0.030457
67.01 0.0334971
67.02 0.0362869
67.03 0.038822
67.04 0.0411043
67.05 0.0431412
67.06 0.0449453
67.07 0.0465343
67.08 0.0479234
67.09 0.0491365
67.1 0.0502137
67.11 0.0511837
67.12 0.052076
67.13 0.0529193
67.14 0.0537407
67.15 0.0545651
67.16 0.0554167
67.17 0.0563156
67.18 0.0572736
67.19 0.0582991
67.2 0.0593961
67.21 0.0605638
67.22 0.061797
67.23 0.0630861
67.24 0.0644196
67.25 0.0657773
67.26 0.0671379
67.27 0.0684797
67.28 0.06978
67.29 0.071016
67.3 0.072165
67.31 0.0732056
67.32 0.0741076
67.33 0.0748581
67.34 0.0754474
67.35 0.0758655
67.36 0.0761062
67.37 0.0761671
67.38 0.0760497
67.39 0.0757594
67.4 0.0752923
67.41 0.0746739
67.42 0.0739227
67.43 0.0730571
67.44 0.0720974
67.45 0.0710648
67.46 0.0699816
67.47 0.0688699
67.48 0.0677525
67.49 0.0666522
67.5 0.0655874
67.51 0.0645741
67.52 0.0636262
67.53 0.0627544
67.54 0.0619664
67.55 0.0612676
67.56 0.0606672
67.57 0.0601543
67.58 0.0597238
67.59 0.0593678
67.6 0.0590764
67.61 0.0588374
67.62 0.0586372
67.63 0.0584614
67.64 0.0582936
67.65 0.0581166
67.66 0.0579156
67.67 0.0576764
67.68 0.0573864
67.69 0.0570344
67.7 0.0566111
67.71 0.0561068
67.72 0.0555133
67.73 0.0548346
67.74 0.0540714
67.75 0.0532271
67.76 0.0523074
67.77 0.0513202
67.78 0.0502756
67.79 0.0491837
67.8 0.0480591
67.81 0.046919
67.82 0.0457784
67.83 0.0446528
67.84 0.0435574
67.85 0.0425073
67.86 0.0415162
67.87 0.0406018
67.88 0.0397757
67.89 0.0390437
67.9 0.0384125
67.91 0.0378868
67.92 0.0374685
67.93 0.0371572
67.94 0.0369498
67.95 0.0368468
67.96 0.0368354
67.97 0.036901
67.98 0.0370304
67.99 0.0372084
68 0.0374179
68.01 0.0376406
68.02 0.0378572
68.03 0.0380437
68.04 0.0381789
68.05 0.0382431
68.06 0.0382165
68.07 0.0380798
68.08 0.0378154
68.09 0.0374069
68.1 0.0368397
68.11 0.0360848
68.12 0.0351455
68.13 0.0340162
68.14 0.0326926
68.15 0.0311726
68.16 0.0294569
68.17 0.0275489
68.18 0.025454
68.19 0.0231638
68.2 0.0207074
68.21 0.0180972
68.22 0.0153474
68.23 0.012473
68.24 0.00949034
68.25 0.0064161
68.26 0.00326659
68.27 5.65356e-05
68.28 -0.0031912
68.29 -0.0064606
68.3 -0.00973654
68.31 -0.0130049
68.32 -0.0162528
68.33 -0.0194687
68.34 -0.0226409
68.35 -0.0257572
68.36 -0.0288137
68.37 -0.0318043
68.38 -0.0347244
68.39 -0.0375699
68.4 -0.040338
68.41 -0.0430263
68.42 -0.0456296
68.43 -0.0481441
68.44 -0.0505734
68.45 -0.052916
68.46 -0.05517
68.47 -0.0573334
68.48 -0.0594036
68.49 -0.0613778
68.5 -0.0632477
68.51 -0.065009
68.52 -0.0666631
68.53 -0.068206
68.54 -0.0696342
68.55 -0.0709442
68.56 -0.0721329
68.57 -0.0731983
68.58 -0.074131
68.59 -0.0749338
68.6 -0.0756129
68.61 -0.0761707
68.62 -0.0766113
68.63 -0.0769403
68.64 -0.0771647
68.65 -0.0772927
68.66 -0.0773283
68.67 -0.0772876
68.68 -0.0771846
68.69 -0.0770314
68.7 -0.0768402
68.71 -0.0766232
68.72 -0.0763917
68.73 -0.0761563
68.74 -0.0759274
68.75 -0.0757126
68.76 -0.0755169
68.77 -0.0753431
68.78 -0.0751914
68.79 -0.0750596
68.8 -0.0749427
68.81 -0.074833
68.82 -0.0747189
68.83 -0.0745867
68.84 -0.0744214
68.85 -0.0742064
68.86 -0.0739237
68.87 -0.0735548
68.88 -0.073081
68.89 -0.0724826
68.9 -0.0717284
68.91 -0.0708145
68.92 -0.0697274
68.93 -0.0684562
68.94 -0.066993
68.95 -0.0653331
68.96 -0.0634759
68.97 -0.0614202
68.98 -0.0591629
68.99 -0.0567313
69 -0.0541407
69.01 -0.0514098
69.02 -0.0485605
69.03 -0.0456173
69.04 -0.0426068
69.05 -0.0395568
69.06 -0.0364997
69.07 -0.0334672
69.08 -0.030488
69.09 -0.0275896
69.1 -0.0247978
69.11 -0.0221358
69.12 -0.0196239
69.13 -0.0172874
69.14 -0.015143
69.15 -0.0131898
69.16 -0.0114321
69.17 -0.00987035
69.18 -0.00850108
69.19 -0.00731707
69.2 -0.00630769
69.21 -0.00546739
69.22 -0.00477579
69.23 -0.00420707
69.24 -0.00374131
69.25 -0.00335782
69.26 -0.00303581
69.27 -0.00275488
69.28 -0.00249561
69.29 -0.00223912
69.3 -0.00196762
69.31 -0.00166778
69.32 -0.00132887
69.33 -0.000942859
69.34 -0.000504492
69.35 -1.12559e-05
69.36 0.000536729
69.37 0.00114068
69.38 0.00179197
69.39 0.0024825
69.4 0.00320387
69.41 0.00394672
69.42 0.00470113
69.43 0.00545702
69.44 0.00620458
69.45 0.00693225
69.46 0.0076327
69.47 0.00829946
69.48 0.00892739
69.49 0.00951295
69.5 0.0100543
69.51 0.0105512
69.52 0.011005
69.53 0.0114149
69.54 0.0117894
69.55 0.0121338
69.56 0.0124537
69.57 0.012755
69.58 0.0130438
69.59 0.0133256
69.6 0.0136052
69.61 0.0138869
69.62 0.0141734
69.63 0.0144654
69.64 0.0147626
69.65 0.0150628
69.66 0.0153624
69.67 0.0156564
69.68 0.015938
69.69 0.0161979
69.7 0.0164287
69.71 0.0166218
69.72 0.0167685
69.73 0.0168603
69.74 0.0168896
69.75 0.0168496
69.76 0.016732
69.77 0.016531
69.78 0.0162501
69.79 0.0158902
69.8 0.0154544
69.81 0.0149482
69.82 0.0143795
69.83 0.013758
69.84 0.0130944
69.85 0.0124045
69.86 0.0117058
69.87 0.0110148
69.88 0.0103486
69.89 0.0097246
69.9 0.00915993
69.91 0.00867107
69.92 0.00827998
69.93 0.00799991
69.94 0.00783877
69.95 0.00780586
69.96 0.00790798
69.97 0.00814926
69.98 0.00853104
69.99 0.00905183
70 0.00971676
70.01 0.0105112
70.02 0.0114214
70.03 0.0124347
70.04 0.0135366
70.05 0.0147109
70.06 0.0159399
70.07 0.0172051
70.08 0.0184869
70.09 0.0197629
70.1 0.0210134
70.11 0.02222
70.12 0.0233646
70.13 0.0244307
70.14 0.025403
70.15 0.0262679
70.16 0.0270006
70.17 0.0276018
70.18 0.0280643
70.19 0.0283822
70.2 0.0285517
70.21 0.0285709
70.22 0.0284394
70.23 0.0281577
70.24 0.0277169
70.25 0.0271359
70.26 0.0264207
70.27 0.025579
70.28 0.0246192
70.29 0.0235508
70.3 0.0223842
70.31 0.0211293
70.32 0.0197948
70.33 0.0184005
70.34 0.0169596
70.35 0.0154862
70.36 0.0139944
70.37 0.012499
70.38 0.0110151
70.39 0.0095591
70.4 0.00814978
70.41 0.00680033
70.42 0.0055257
70.43 0.00434041
70.44 0.0032584
70.45 0.0022928
70.46 0.00145572
70.47 0.000764676
70.48 0.000231903
70.49 -0.000143307
70.5 -0.000355609
70.51 -0.000401766
70.52 -0.000280789
70.53 5.94859e-06
70.54 0.000454641
70.55 0.00106732
70.56 0.00183195
70.57 0.00273003
70.58 0.00374778
70.59 0.00486945
70.6 0.00607762
70.61 0.00735341
70.62 0.0086769
70.63 0.0100278
70.64 0.0113819
70.65 0.0127175
70.66 0.0140147
70.67 0.0152546
70.68 0.0164195
70.69 0.0174939
70.7 0.0184642
70.71 0.0193094
70.72 0.0200275
70.73 0.0206162
70.74 0.0210735
70.75 0.0214004
70.76 0.021601
70.77 0.0216818
70.78 0.0216522
70.79 0.021516
70.8 0.0212967
70.81 0.0210108
70.82 0.0206752
70.83 0.0203077
70.84 0.0199264
70.85 0.0195494
70.86 0.0191945
70.87 0.0188839
70.88 0.0186305
70.89 0.0184481
70.9 0.0183488
70.91 0.0183426
70.92 0.0184372
70.93 0.0186382
70.94 0.0189506
70.95 0.0193832
70.96 0.0199245
70.97 0.0205706
70.98 0.0213158
70.99 0.0221523
71 0.0230711
71.01 0.0240616
71.02 0.0251136
71.03 0.0262152
71.04 0.0273491
71.05 0.0285016
71.06 0.0296593
71.07 0.0308085
71.08 0.031936
71.09 0.0330287
71.1 0.034072
71.11 0.0350511
71.12 0.0359583
71.13 0.0367834
71.14 0.037517
71.15 0.0381508
71.16 0.038677
71.17 0.0390893
71.18 0.0393756
71.19 0.039531
71.2 0.0395581
71.21 0.0394549
71.22 0.0392204
71.23 0.0388546
71.24 0.038359
71.25 0.0377364
71.26 0.0369834
71.27 0.0361093
71.28 0.035126
71.29 0.0340419
71.3 0.0328668
71.31 0.031612
71.32 0.0302897
71.33 0.0289131
71.34 0.0274949
71.35 0.0260535
71.36 0.0246056
71.37 0.0231667
71.38 0.0217526
71.39 0.0203784
71.4 0.0190585
71.41 0.0178063
71.42 0.0166418
71.43 0.0155704
71.44 0.0145987
71.45 0.0137327
71.46 0.0129757
71.47 0.0123287
71.48 0.0117897
71.49 0.0113545
71.5 0.0110246
71.51 0.01078
71.52 0.010608
71.53 0.0104943
71.54 0.0104225
71.55 0.0103751
71.56 0.0103335
71.57 0.0102782
71.58 0.0101849
71.59 0.0100362
71.6 0.00981392
71.61 0.00950105
71.62 0.00908227
71.63 0.00854419
71.64 0.0078757
71.65 0.00706507
71.66 0.00609746
71.67 0.00498162
71.68 0.00371788
71.69 0.00230935
71.7 0.000761771
71.71 -0.000916646
71.72 -0.00271545
71.73 -0.00462534
71.74 -0.00663364
71.75 -0.00871755
71.76 -0.0108607
71.77 -0.0130462
71.78 -0.0152572
71.79 -0.0174771
71.8 -0.0196896
71.81 -0.0218778
71.82 -0.0240255
71.83 -0.0261215
71.84 -0.0281547
71.85 -0.0301154
71.86 -0.0319956
71.87 -0.0337886
71.88 -0.0354894
71.89 -0.0370885
71.9 -0.0385844
71.91 -0.03998
71.92 -0.0412748
71.93 -0.042469
71.94 -0.0435634
71.95 -0.0445591
71.96 -0.0454574
71.97 -0.0462534
71.98 -0.0469523
71.99 -0.047559
72 -0.0480753
72.01 -0.0485031
72.02 -0.0488443
72.03 -0.0491015
72.04 -0.0492772
72.05 -0.0493687
72.06 -0.0493849
72.07 -0.0493323
72.08 -0.0492163
72.09 -0.0490433
72.1 -0.0488206
72.11 -0.0485563
72.12 -0.0482594
72.13 -0.0479386
72.14 -0.047607
72.15 -0.0472757
72.16 -0.0469555
72.17 -0.0466574
72.18 -0.0463916
72.19 -0.0461679
72.2 -0.0459952
72.21 -0.0458871
72.22 -0.0458439
72.23 -0.0458694
72.24 -0.0459652
72.25 -0.0461311
72.26 -0.0463644
72.27 -0.0466604
72.28 -0.0470133
72.29 -0.0474165
72.3 -0.0478547
72.31 -0.0483159
72.32 -0.0487872
72.33 -0.0492551
72.34 -0.0497062
72.35 -0.0501272
72.36 -0.0505042
72.37 -0.0508225
72.38 -0.0510764
72.39 -0.0512589
72.4 -0.0513657
72.41 -0.0513948
72.42 -0.0513471
72.43 -0.0512263
72.44 -0.0510363
72.45 -0.0507862
72.46 -0.0504916
72.47 -0.050166
72.48 -0.049824
72.49 -0.0494812
72.5 -0.0491533
72.51 -0.0488558
72.52 -0.0486061
72.53 -0.0484185
72.54 -0.0483007
72.55 -0.0482601
72.56 -0.0483009
72.57 -0.0484237
72.58 -0.0486255
72.59 -0.0488995
72.6 -0.0492382
72.61 -0.0496235
72.62 -0.0500352
72.63 -0.0504524
72.64 -0.0508522
72.65 -0.0512105
72.66 -0.051502
72.67 -0.0517019
72.68 -0.0517758
72.69 -0.051705
72.7 -0.0514736
72.71 -0.051066
72.72 -0.0504708
72.73 -0.0496812
72.74 -0.0486951
72.75 -0.047516
72.76 -0.0461375
72.77 -0.044589
72.78 -0.0428929
72.79 -0.0410734
72.8 -0.0391583
72.81 -0.0371782
72.82 -0.0351661
72.83 -0.0331556
72.84 -0.0311875
72.85 -0.0292935
72.86 -0.0275035
72.87 -0.025844
72.88 -0.0243372
72.89 -0.0230002
72.9 -0.021844
72.91 -0.0208753
72.92 -0.0201063
72.93 -0.0195097
72.94 -0.0190682
72.95 -0.0187585
72.96 -0.0185515
72.97 -0.0184129
72.98 -0.0183043
72.99 -0.018183
73 -0.0179974
73.01 -0.0177048
73.02 -0.0172622
73.03 -0.0166289
73.04 -0.0157675
73.05 -0.0146455
73.06 -0.013236
73.07 -0.0115078
73.08 -0.00943631
73.09 -0.00703935
73.1 -0.00432173
73.11 -0.00129635
73.12 0.00201613
73.13 0.00558774
73.14 0.00938393
73.15 0.0133708
73.16 0.0174983
73.17 0.021708
73.18 0.0259492
73.19 0.0301715
73.2 0.0343252
73.21 0.0383633
73.22 0.0422427
73.23 0.0459117
73.24 0.0493376
73.25 0.0525057
73.26 0.0554001
73.27 0.0580128
73.28 0.0603436
73.29 0.0624006
73.3 0.064199
73.31 0.0657468
73.32 0.0670853
73.33 0.0682561
73.34 0.0692972
73.35 0.0702487
73.36 0.0711514
73.37 0.0720457
73.38 0.0729702
73.39 0.0739683
73.4 0.0750691
73.41 0.0762955
73.42 0.0776651
73.43 0.0791885
73.44 0.0808689
73.45 0.082702
73.46 0.0846758
73.47 0.0867804
73.48 0.0889763
73.49 0.09123
73.5 0.0935042
73.51 0.0957581
73.52 0.0979487
73.53 0.100032
73.54 0.101963
73.55 0.103679
73.56 0.105156
73.57 0.10636
73.58 0.107262
73.59 0.107839
73.6 0.108076
73.61 0.107963
73.62 0.107492
73.63 0.106646
73.64 0.105467
73.65 0.103977
73.66 0.102199
73.67 0.100164
73.68 0.0979059
73.69 0.0954603
73.7 0.0928622
73.71 0.0901494
73.72 0.0873697
73.73 0.0845582
73.74 0.0817473
73.75 0.0789656
73.76 0.0762373
73.77 0.0735821
73.78 0.071018
73.79 0.0685568
73.8 0.0661958
73.81 0.063933
73.82 0.0617619
73.83 0.0596727
73.84 0.0576522
73.85 0.0556853
73.86 0.0537564
73.87 0.0518461
73.88 0.0499362
73.89 0.048012
73.9 0.0460605
73.91 0.044072
73.92 0.0420395
73.93 0.0399599
73.94 0.0378313
73.95 0.0356602
73.96 0.0334573
73.97 0.0312347
73.98 0.0290072
73.99 0.0267918
74 0.0246068
74.01 0.0224712
74.02 0.0204105
74.03 0.018441
74.04 0.0165764
74.05 0.0148297
74.06 0.0132103
74.07 0.0117242
74.08 0.0103729
74.09 0.00915367
74.1 0.00806898
74.11 0.00709613
74.12 0.0062167
74.13 0.00541041
74.14 0.00465411
74.15 0.00392243
74.16 0.00318863
74.17 0.00242555
74.18 0.00159834
74.19 0.000685447
74.2 -0.00033526
74.21 -0.0014826
74.22 -0.00277128
74.23 -0.00421126
74.24 -0.00580732
74.25 -0.00756029
74.26 -0.00947462
74.27 -0.011523
74.28 -0.0136872
74.29 -0.0159441
74.3 -0.0182667
74.31 -0.0206248
74.32 -0.0229858
74.33 -0.0253141
74.34 -0.0275681
74.35 -0.0297175
74.36 -0.0317317
74.37 -0.033583
74.38 -0.0352479
74.39 -0.0367079
74.4 -0.03795
74.41 -0.0389596
74.42 -0.0397295
74.43 -0.0402825
74.44 -0.0406326
74.45 -0.0407995
74.46 -0.0408087
74.47 -0.0406904
74.48 -0.0404783
74.49 -0.0402087
74.5 -0.0399253
74.51 -0.0396703
74.52 -0.0394818
74.53 -0.0393963
74.54 -0.039447
74.55 -0.0396627
74.56 -0.0400676
74.57 -0.0406926
74.58 -0.0415467
74.59 -0.0426244
74.6 -0.0439217
74.61 -0.0454282
74.62 -0.0471265
74.63 -0.0489931
74.64 -0.0509993
74.65 -0.0531159
74.66 -0.0552968
74.67 -0.0574982
74.68 -0.0596782
74.69 -0.0617951
74.7 -0.063808
74.71 -0.0656784
74.72 -0.0673708
74.73 -0.0688349
74.74 -0.0700559
74.75 -0.0710191
74.76 -0.0717119
74.77 -0.0721282
74.78 -0.0722687
74.79 -0.0721402
74.8 -0.071756
74.81 -0.071115
74.82 -0.0702643
74.83 -0.0692348
74.84 -0.0680584
74.85 -0.0667694
74.86 -0.0654028
74.87 -0.0639941
74.88 -0.0625775
74.89 -0.0611908
74.9 -0.0598626
74.91 -0.0586178
74.92 -0.0574766
74.93 -0.0564545
74.94 -0.0555616
74.95 -0.0548025
74.96 -0.0541788
74.97 -0.0536917
74.98 -0.0533181
74.99 -0.0530415
75 -0.0528417
75.01 -0.0526956
75.02 -0.0525778
75.03 -0.0524611
75.04 -0.0523166
75.05 -0.0521112
75.06 -0.051821
75.07 -0.051422
75.08 -0.0508924
75.09 -0.0502139
75.1 -0.0493714
75.11 -0.0483538
75.12 -0.0471466
75.13 -0.0457431
75.14 -0.0441566
75.15 -0.042393
75.16 -0.0404617
75.17 -0.0383752
75.18 -0.0361488
75.19 -0.0337997
75.2 -0.0313424
75.21 -0.0288
75.22 -0.0261975
75.23 -0.023555
75.24 -0.0208916
75.25 -0.0182251
75.26 -0.0155717
75.27 -0.0129456
75.28 -0.0103621
75.29 -0.00783066
75.3 -0.00535661
75.31 -0.00294446
75.32 -0.000596583
75.33 0.00168657
75.34 0.0039062
75.35 0.00606485
75.36 0.00816198
75.37 0.0102051
75.38 0.0122001
75.39 0.014151
75.4 0.0160613
75.41 0.0179337
75.42 0.0197696
75.43 0.0215692
75.44 0.0233278
75.45 0.0250446
75.46 0.0267154
75.47 0.028334
75.48 0.0298928
75.49 0.0313832
75.5 0.0327954
75.51 0.0341193
75.52 0.0353334
75.53 0.0364359
75.54 0.0374167
75.55 0.0382665
75.56 0.0389767
75.57 0.0395401
75.58 0.0399507
75.59 0.0402027
75.6 0.0402809
75.61 0.0401992
75.62 0.0399593
75.63 0.0395645
75.64 0.0390198
75.65 0.0383317
75.66 0.0375079
75.67 0.0365547
75.68 0.0354762
75.69 0.0342926
75.7 0.0330141
75.71 0.0316511
75.72 0.0302135
75.73 0.0287105
75.74 0.0271506
75.75 0.02554
75.76 0.0238843
75.77 0.0221918
75.78 0.0204663
75.79 0.0187104
75.8 0.0169259
75.81 0.0151136
75.82 0.0132736
75.83 0.0114042
75.84 0.00950435
75.85 0.00757519
75.86 0.00561655
75.87 0.00362899
75.88 0.00161397
75.89 -0.000425873
75.9 -0.00248649
75.91 -0.00456275
75.92 -0.0066459
75.93 -0.00872581
75.94 -0.0107912
75.95 -0.012829
75.96 -0.0148245
75.97 -0.0167617
75.98 -0.0186232
75.99 -0.0203828
76 -0.0220231
76.01 -0.0235281
76.02 -0.0248788
76.03 -0.0260572
76.04 -0.0270464
76.05 -0.027831
76.06 -0.0283975
76.07 -0.0287153
76.08 -0.0287901
76.09 -0.0286215
76.1 -0.0282083
76.11 -0.0275524
76.12 -0.0266591
76.13 -0.0255374
76.14 -0.0241995
76.15 -0.0226436
76.16 -0.0209075
76.17 -0.0190141
76.18 -0.0169868
76.19 -0.0148507
76.2 -0.0126318
76.21 -0.0103568
76.22 -0.00805208
76.23 -0.00574572
76.24 -0.00346427
76.25 -0.00122996
76.26 0.000937432
76.27 0.00302101
76.28 0.00500711
76.29 0.00688561
76.3 0.00864808
76.31 0.0102843
76.32 0.0118059
76.33 0.0132189
76.34 0.0145323
76.35 0.0157583
76.36 0.0169116
76.37 0.018009
76.38 0.0190683
76.39 0.0201102
76.4 0.0211563
76.41 0.0222249
76.42 0.0233329
76.43 0.0244951
76.44 0.0257235
76.45 0.0270269
76.46 0.0284135
76.47 0.0298853
76.48 0.0314328
76.49 0.0330469
76.5 0.0347139
76.51 0.0364161
76.52 0.0381317
76.53 0.0398355
76.54 0.0414953
76.55 0.0430767
76.56 0.0445496
76.57 0.0458816
76.58 0.0470406
76.59 0.0479961
76.6 0.04872
76.61 0.0491873
76.62 0.0493578
76.63 0.0492222
76.64 0.0487813
76.65 0.0480317
76.66 0.0469764
76.67 0.0456247
76.68 0.0439924
76.69 0.0421015
76.7 0.0399645
76.71 0.037631
76.72 0.0351452
76.73 0.0325492
76.74 0.0298876
76.75 0.0272067
76.76 0.0245529
76.77 0.0219719
76.78 0.0195215
76.79 0.0172369
76.8 0.015152
76.81 0.0132973
76.82 0.011697
76.83 0.0103691
76.84 0.00932427
76.85 0.00856625
76.86 0.00811872
76.87 0.00794047
76.88 0.00801219
76.89 0.00830871
76.9 0.00879962
76.91 0.00945012
76.92 0.010222
76.93 0.0110754
76.94 0.0119675
76.95 0.0128504
76.96 0.0136849
76.97 0.0144343
76.98 0.0150658
76.99 0.0155512
77 0.0158681
77.01 0.0159951
77.02 0.0159113
77.03 0.0156296
77.04 0.0151548
77.05 0.0144983
77.06 0.0136775
77.07 0.0127149
77.08 0.0116375
77.09 0.0104745
77.1 0.00926183
77.11 0.00803971
77.12 0.006843
77.13 0.00570545
77.14 0.0046586
77.15 0.00373077
77.16 0.00294615
77.17 0.00233244
77.18 0.00190578
77.19 0.00166371
77.2 0.00160659
77.21 0.0017287
77.22 0.0020185
77.23 0.00245906
77.24 0.00302866
77.25 0.00370583
77.26 0.00445588
77.27 0.00524319
77.28 0.00603555
77.29 0.00680104
77.3 0.00750911
77.31 0.00813155
77.32 0.00864349
77.33 0.00901365
77.34 0.00923043
77.35 0.00928858
77.36 0.00918451
77.37 0.0089204
77.38 0.00850402
77.39 0.00794849
77.4 0.00727173
77.41 0.00648975
77.42 0.00563745
77.43 0.00474488
77.44 0.0038415
77.45 0.00295683
77.46 0.00211945
77.47 0.00135593
77.48 0.000689923
77.49 0.000153854
77.5 -0.000246878
77.51 -0.000504175
77.52 -0.000614738
77.53 -0.000580962
77.54 -0.000410885
77.55 -0.00011794
77.56 0.000279932
77.57 0.000764577
77.58 0.00129928
77.59 0.00185455
77.6 0.00239955
77.61 0.00290306
77.62 0.00333464
77.63 0.00366565
77.64 0.00386765
77.65 0.00390675
77.66 0.0037776
77.67 0.00346926
77.68 0.00297654
77.69 0.00230022
77.7 0.00144708
77.71 0.00042975
77.72 -0.0007373
77.73 -0.00203298
77.74 -0.00341901
77.75 -0.00486434
77.76 -0.00633591
77.77 -0.00779975
77.78 -0.00922205
77.79 -0.0105703
77.8 -0.0118089
77.81 -0.0129057
77.82 -0.0138459
77.83 -0.0146135
77.84 -0.015198
77.85 -0.0155951
77.86 -0.0158068
77.87 -0.0158408
77.88 -0.0157036
77.89 -0.0154186
77.9 -0.0150186
77.91 -0.0145324
77.92 -0.0139915
77.93 -0.0134293
77.94 -0.0128795
77.95 -0.0123756
77.96 -0.0119565
77.97 -0.0116521
77.98 -0.011484
77.99 -0.0114722
78 -0.0116316
78.01 -0.0119715
78.02 -0.0124952
78.03 -0.0132004
78.04 -0.014091
78.05 -0.0151421
78.06 -0.0163301
78.07 -0.0176315
78.08 -0.0190199
78.09 -0.0204668
78.1 -0.0219424
78.11 -0.0234172
78.12 -0.0248571
78.13 -0.0262355
78.14 -0.0275298
78.15 -0.0287205
78.16 -0.0297926
78.17 -0.030736
78.18 -0.0315454
78.19 -0.0322207
78.2 -0.0327546
78.21 -0.033171
78.22 -0.0334841
78.23 -0.0337114
78.24 -0.0338728
78.25 -0.0339893
78.26 -0.0340827
78.27 -0.0341744
78.28 -0.0342874
78.29 -0.034438
78.3 -0.0346393
78.31 -0.0349002
78.32 -0.0352253
78.33 -0.0356139
78.34 -0.0360606
78.35 -0.0365555
78.36 -0.037083
78.37 -0.0376189
78.38 -0.0381396
78.39 -0.0386187
78.4 -0.0390283
78.41 -0.0393401
78.42 -0.0395261
78.43 -0.0395539
78.44 -0.0393925
78.45 -0.0390338
78.46 -0.0384642
78.47 -0.0376763
78.48 -0.0366686
78.49 -0.0354462
78.5 -0.0340213
78.51 -0.0324049
78.52 -0.0306255
78.53 -0.0287248
78.54 -0.0267399
78.55 -0.0247115
78.56 -0.022683
78.57 -0.0206994
78.58 -0.0188054
78.59 -0.0170551
78.6 -0.0154917
78.61 -0.0141449
78.62 -0.013045
78.63 -0.0122153
78.64 -0.0116719
78.65 -0.011423
78.66 -0.0114679
78.67 -0.0118169
78.68 -0.0124371
78.69 -0.0132925
78.7 -0.0143484
78.71 -0.0155634
78.72 -0.0168912
78.73 -0.0182815
78.74 -0.0196813
78.75 -0.0210284
78.76 -0.0222672
78.77 -0.0233481
78.78 -0.0242244
78.79 -0.0248547
78.8 -0.0252043
78.81 -0.0252456
78.82 -0.0249594
78.83 -0.0243031
78.84 -0.0233072
78.85 -0.0219837
78.86 -0.0203515
78.87 -0.0184377
78.88 -0.0162767
78.89 -0.0139094
78.9 -0.0113812
78.91 -0.0087379
78.92 -0.00604676
78.93 -0.00336131
78.94 -0.000734181
78.95 0.00178421
78.96 0.00414702
78.97 0.00631219
78.98 0.00823862
78.99 0.00987699
79 0.0112268
79.01 0.0122752
79.02 0.0130175
79.03 0.0134564
79.04 0.0136023
79.05 0.0134722
79.06 0.0130827
79.07 0.0124573
79.08 0.0116471
79.09 0.010689
79.1 0.00962111
79.11 0.00848252
79.12 0.00731177
79.13 0.00614596
79.14 0.00502288
79.15 0.00397898
79.16 0.00303831
79.17 0.00222317
79.18 0.0015512
79.19 0.00103526
79.2 0.00068349
79.21 0.000499545
79.22 0.000491695
79.23 0.000653629
79.24 0.00096943
79.25 0.00142876
79.26 0.0020196
79.27 0.0027289
79.28 0.00354321
79.29 0.00444923
79.3 0.00543878
79.31 0.00649673
79.32 0.00761057
79.33 0.00877215
79.34 0.00997496
79.35 0.0112141
79.36 0.012486
79.37 0.0137883
79.38 0.0151216
79.39 0.0164831
79.4 0.017871
79.41 0.0192833
79.42 0.0207173
79.43 0.0221691
79.44 0.0236329
79.45 0.0251013
79.46 0.0265634
79.47 0.0280069
79.48 0.0294182
79.49 0.0307822
79.5 0.0320826
79.51 0.0333024
79.52 0.0344245
79.53 0.035432
79.54 0.0362946
79.55 0.0370106
79.56 0.0375689
79.57 0.0379613
79.58 0.0381834
79.59 0.0382343
79.6 0.0381177
79.61 0.0378394
79.62 0.0374022
79.63 0.0368372
79.64 0.0361657
79.65 0.0354117
79.66 0.0346023
79.67 0.033766
79.68 0.0329328
79.69 0.032134
79.7 0.0314052
79.71 0.0307704
79.72 0.0302532
79.73 0.0298738
79.74 0.0296476
79.75 0.0295852
79.76 0.0296913
79.77 0.0299709
79.78 0.0304198
79.79 0.0310131
79.8 0.031731
79.81 0.0325489
79.82 0.033438
79.83 0.0343659
79.84 0.0352979
79.85 0.0361947
79.86 0.0370149
79.87 0.0377255
79.88 0.0382942
79.89 0.0386919
79.9 0.038894
79.91 0.0388815
79.92 0.0386408
79.93 0.0381512
79.94 0.0374179
79.95 0.0364591
79.96 0.0352897
79.97 0.0339307
79.98 0.0324089
79.99 0.0307554
80 0.0290053
80.01 0.0271949
80.02 0.02537
80.03 0.0235712
80.04 0.0218361
80.05 0.0201995
80.06 0.0186923
80.07 0.0173408
80.08 0.0161656
80.09 0.0151977
80.1 0.0144314
80.11 0.0138621
80.12 0.0134818
80.13 0.0132757
80.14 0.013223
80.15 0.0132975
80.16 0.0134685
80.17 0.0137048
80.18 0.0139611
80.19 0.0142004
80.2 0.0143865
80.21 0.0144855
80.22 0.0144669
80.23 0.0143043
80.24 0.0139759
80.25 0.0134503
80.26 0.0127376
80.27 0.0118387
80.28 0.0107621
80.29 0.00952308
80.3 0.00814354
80.31 0.0066513
80.32 0.00507841
80.33 0.00346341
80.34 0.00185243
80.35 0.000286533
80.36 -0.0011935
80.37 -0.00254856
80.38 -0.00374251
80.39 -0.00474343
80.4 -0.00551734
80.41 -0.00603261
80.42 -0.00629353
80.43 -0.00629616
80.44 -0.00604433
80.45 -0.00554959
80.46 -0.00483085
80.47 -0.00391388
80.48 -0.00282504
80.49 -0.00160445
80.5 -0.000303047
80.51 0.0010355
80.52 0.00236674
80.53 0.00364683
80.54 0.00483395
80.55 0.00588966
80.56 0.00676951
80.57 0.00744381
80.58 0.00790075
80.59 0.00812802
80.6 0.0081211
80.61 0.00788342
80.62 0.00742617
80.63 0.00676791
80.64 0.00592444
80.65 0.00493698
80.66 0.00384849
80.67 0.00269914
80.68 0.00153092
80.69 0.000386215
80.7 -0.000693613
80.71 -0.00166967
80.72 -0.00249359
80.73 -0.00314077
80.74 -0.00359222
80.75 -0.00383281
80.76 -0.00385515
80.77 -0.00365986
80.78 -0.00325562
80.79 -0.00265903
80.8 -0.00188168
80.81 -0.000971521
80.82 3.19229e-05
80.83 0.00108664
80.84 0.00214763
80.85 0.00316828
80.86 0.00410189
80.87 0.00490289
80.88 0.00550737
80.89 0.00589224
80.9 0.00602602
80.91 0.00588393
80.92 0.00544871
80.93 0.00471116
80.94 0.0036705
80.95 0.00233085
80.96 0.000689695
80.97 -0.00120136
80.98 -0.00330977
80.99 -0.00559708
81 -0.00802003
81.01 -0.0105319
81.02 -0.0130837
81.03 -0.0156244
81.04 -0.0180968
81.05 -0.0204564
81.06 -0.0226615
81.07 -0.0246755
81.08 -0.0264679
81.09 -0.0280154
81.1 -0.0293023
81.11 -0.0303112
81.12 -0.0310363
81.13 -0.0315058
81.14 -0.0317381
81.15 -0.0317587
81.16 -0.0315992
81.17 -0.0312966
81.18 -0.0308917
81.19 -0.0304279
81.2 -0.0299564
81.21 -0.0295252
81.22 -0.0291778
81.23 -0.0289548
81.24 -0.0288927
81.25 -0.0290231
81.26 -0.0293715
81.27 -0.0299717
81.28 -0.0308311
81.29 -0.0319422
81.3 -0.0332998
81.31 -0.0348914
81.32 -0.0366976
81.33 -0.0386926
81.34 -0.0408452
81.35 -0.0431254
81.36 -0.0454835
81.37 -0.0478737
81.38 -0.0502526
81.39 -0.052577
81.4 -0.0548047
81.41 -0.056896
81.42 -0.0588145
81.43 -0.0605082
81.44 -0.0619618
81.45 -0.0631584
81.46 -0.0640834
81.47 -0.0647284
81.48 -0.0650914
81.49 -0.0651761
81.5 -0.0649921
81.51 -0.0645317
81.52 -0.0638399
81.53 -0.0629423
81.54 -0.0618664
81.55 -0.0606414
81.56 -0.0592984
81.57 -0.0578683
81.58 -0.0563819
81.59 -0.0548693
81.6 -0.0533623
81.61 -0.0518852
81.62 -0.0504588
81.63 -0.0491003
81.64 -0.0478232
81.65 -0.0466363
81.66 -0.0455465
81.67 -0.0445602
81.68 -0.0436654
81.69 -0.0428545
81.7 -0.0421166
81.71 -0.0414383
81.72 -0.040804
81.73 -0.0401964
81.74 -0.0395971
81.75 -0.038985
81.76 -0.0383413
81.77 -0.0376489
81.78 -0.0368919
81.79 -0.0360565
81.8 -0.0351309
81.81 -0.034106
81.82 -0.032971
81.83 -0.0317206
81.84 -0.0303618
81.85 -0.0288978
81.86 -0.0273349
81.87 -0.0256823
81.88 -0.0239513
81.89 -0.0221553
81.9 -0.0203077
81.91 -0.0184278
81.92 -0.0165353
81.93 -0.0146478
81.94 -0.0127828
81.95 -0.0109573
81.96 -0.00918693
81.97 -0.00748594
81.98 -0.00587286
81.99 -0.00435601
82 -0.00293955
82.01 -0.0016278
82.02 -0.000422208
82.03 0.000678613
82.04 0.00167892
82.05 0.0025857
82.06 0.00340288
82.07 0.00414869
82.08 0.00483936
82.09 0.00549082
82.1 0.00612012
82.11 0.00674501
82.12 0.00738342
82.13 0.00805297
82.14 0.0087763
82.15 0.00956627
82.16 0.0104356
82.17 0.0113954
82.18 0.0124539
82.19 0.0136166
82.2 0.0148858
82.21 0.0162605
82.22 0.0177456
82.23 0.0193221
82.24 0.0209784
82.25 0.0227
82.26 0.0244699
82.27 0.0262689
82.28 0.0280763
82.29 0.0298699
82.3 0.031622
82.31 0.0333123
82.32 0.0349196
82.33 0.0364246
82.34 0.0378098
82.35 0.0390608
82.36 0.0401662
82.37 0.0411143
82.38 0.0418933
82.39 0.0425165
82.4 0.0429894
82.41 0.0433217
82.42 0.0435271
82.43 0.0436227
82.44 0.0436291
82.45 0.0435678
82.46 0.0434659
82.47 0.0433539
82.48 0.0432585
82.49 0.0432057
82.5 0.0432204
82.51 0.043325
82.52 0.0435393
82.53 0.0438862
82.54 0.0443791
82.55 0.0450173
82.56 0.0458022
82.57 0.0467296
82.58 0.0477906
82.59 0.048971
82.6 0.0502524
82.61 0.051615
82.62 0.0530273
82.63 0.0544568
82.64 0.0558724
82.65 0.0572423
82.66 0.0585351
82.67 0.0597206
82.68 0.0607708
82.69 0.0616477
82.7 0.0623362
82.71 0.0628261
82.72 0.063108
82.73 0.0631785
82.74 0.06304
82.75 0.062701
82.76 0.0621758
82.77 0.0614718
82.78 0.0606283
82.79 0.0596773
82.8 0.0586511
82.81 0.0575841
82.82 0.0565112
82.83 0.0554672
82.84 0.0544851
82.85 0.0536071
82.86 0.0528528
82.87 0.0522423
82.88 0.0517905
82.89 0.0515059
82.9 0.0513901
82.91 0.0514379
82.92 0.051638
82.93 0.05198
82.94 0.0524235
82.95 0.0529365
82.96 0.0534826
82.97 0.0540223
82.98 0.0545141
82.99 0.0549157
83 0.0551819
83.01 0.0552583
83.02 0.0551212
83.03 0.0547401
83.04 0.0540909
83.05 0.0531562
83.06 0.0519262
83.07 0.0503992
83.08 0.0485731
83.09 0.0464551
83.1 0.04409
83.11 0.0415095
83.12 0.0387516
83.13 0.0358596
83.14 0.0328804
83.15 0.0298638
83.16 0.0268631
83.17 0.0239355
83.18 0.0211271
83.19 0.0184807
83.2 0.0160341
83.21 0.0138183
83.22 0.0118565
83.23 0.010164
83.24 0.00876182
83.25 0.00764267
83.26 0.00677961
83.27 0.00614981
83.28 0.00572261
83.29 0.00546051
83.3 0.00532034
83.31 0.00525466
83.32 0.0052114
83.33 0.00513248
83.34 0.00496718
83.35 0.00466811
83.36 0.00419226
83.37 0.00350241
83.38 0.0025684
83.39 0.0013682
83.4 -0.000133749
83.41 -0.00192391
83.42 -0.00398777
83.43 -0.00630756
83.44 -0.00885658
83.45 -0.0116001
83.46 -0.0144962
83.47 -0.0174974
83.48 -0.020552
83.49 -0.0235959
83.5 -0.0265738
83.51 -0.0294324
83.52 -0.0321214
83.53 -0.0345954
83.54 -0.0368155
83.55 -0.0387499
83.56 -0.0403443
83.57 -0.0416171
83.58 -0.0425673
83.59 -0.0432042
83.6 -0.0435466
83.61 -0.0436224
83.62 -0.0434675
83.63 -0.043123
83.64 -0.0426325
83.65 -0.0420647
83.66 -0.0414737
83.67 -0.0409132
83.68 -0.0404348
83.69 -0.0400859
83.7 -0.0399082
83.71 -0.039942
83.72 -0.0402265
83.73 -0.0407594
83.74 -0.041544
83.75 -0.0425728
83.76 -0.0438276
83.77 -0.0452803
83.78 -0.0468931
83.79 -0.0486224
83.8 -0.0504094
83.81 -0.0521881
83.82 -0.0538966
83.83 -0.0554719
83.84 -0.0568521
83.85 -0.0579787
83.86 -0.0587981
83.87 -0.0592439
83.88 -0.0592736
83.89 -0.0588801
83.9 -0.0580493
83.91 -0.0567787
83.92 -0.0550783
83.93 -0.05297
83.94 -0.0504872
83.95 -0.0476575
83.96 -0.0445503
83.97 -0.0412424
83.98 -0.0378039
83.99 -0.0343089
84 -0.0308333
84.01 -0.0274531
84.02 -0.0242417
84.03 -0.0212905
84.04 -0.0186571
84.05 -0.0163869
84.06 -0.0145222
84.07 -0.0130941
84.08 -0.0121218
84.09 -0.0116122
84.1 -0.0115595
84.11 -0.0119809
84.12 -0.0128117
84.13 -0.0140027
84.14 -0.0155028
84.15 -0.0172536
84.16 -0.0191912
84.17 -0.0212485
84.18 -0.0233564
84.19 -0.0254387
84.2 -0.0274263
84.21 -0.0292596
84.22 -0.0308851
84.23 -0.0322578
84.24 -0.0333414
84.25 -0.0341101
84.26 -0.0345455
84.27 -0.0346151
84.28 -0.0343588
84.29 -0.033795
84.3 -0.0329518
84.31 -0.0318654
84.32 -0.0305787
84.33 -0.02914
84.34 -0.0276006
84.35 -0.0260181
84.36 -0.0244543
84.37 -0.0229615
84.38 -0.0215888
84.39 -0.0203805
84.4 -0.0193747
84.41 -0.0186025
84.42 -0.0180958
84.43 -0.0178804
84.44 -0.0179424
84.45 -0.0182771
84.46 -0.0188719
84.47 -0.0197065
84.48 -0.0207538
84.49 -0.0219807
84.5 -0.0233541
84.51 -0.0248282
84.52 -0.0263517
84.53 -0.0278805
84.54 -0.0293709
84.55 -0.0307815
84.56 -0.0320736
84.57 -0.0332125
84.58 -0.0341563
84.59 -0.0348797
84.6 -0.0353732
84.61 -0.0356246
84.62 -0.0356278
84.63 -0.0353817
84.64 -0.0348907
84.65 -0.0341635
84.66 -0.0331991
84.67 -0.0320233
84.68 -0.0306627
84.69 -0.0291376
84.7 -0.0274694
84.71 -0.0256792
84.72 -0.0237877
84.73 -0.0218145
84.74 -0.0197736
84.75 -0.0176861
84.76 -0.015567
84.77 -0.0134273
84.78 -0.0112764
84.79 -0.00912166
84.8 -0.00696882
84.81 -0.00482237
84.82 -0.00268709
84.83 -0.000565524
84.84 0.0015394
84.85 0.00362427
84.86 0.00568501
84.87 0.00771659
84.88 0.00971293
84.89 0.0116667
84.9 0.0135635
84.91 0.0153982
84.92 0.0171604
84.93 0.0188393
84.94 0.020424
84.95 0.0219042
84.96 0.0232703
84.97 0.0245119
84.98 0.0256127
84.99 0.0265793
85 0.0274105
85.01 0.0281075
85.02 0.0286744
85.03 0.0291182
85.04 0.0294488
85.05 0.0296761
85.06 0.0298124
85.07 0.0298816
85.08 0.0299012
85.09 0.0298892
85.1 0.029863
85.11 0.0298393
85.12 0.0298328
85.13 0.0298576
85.14 0.0299249
85.15 0.0300375
85.16 0.0301967
85.17 0.0303991
85.18 0.0306374
85.19 0.0309001
85.2 0.0311715
85.21 0.0314311
85.22 0.0316539
85.23 0.031816
85.24 0.0318923
85.25 0.0318572
85.26 0.0316864
85.27 0.0313573
85.28 0.0308504
85.29 0.0301376
85.3 0.029212
85.31 0.0280778
85.32 0.0267375
85.33 0.0252005
85.34 0.0234828
85.35 0.0216072
85.36 0.0196028
85.37 0.0175007
85.38 0.0153506
85.39 0.0131999
85.4 0.0110964
85.41 0.00908931
85.42 0.00722771
85.43 0.00555945
85.44 0.00412949
85.45 0.00300565
85.46 0.00220572
85.47 0.00175198
85.48 0.00166304
85.49 0.00194881
85.5 0.00261
85.51 0.00363788
85.52 0.00501436
85.53 0.00674019
85.54 0.00874484
85.55 0.0109822
85.56 0.0134012
85.57 0.0159457
85.58 0.0185564
85.59 0.0211722
85.6 0.0237308
85.61 0.026157
85.62 0.0284018
85.63 0.0304154
85.64 0.0321546
85.65 0.033584
85.66 0.0346769
85.67 0.0354161
85.68 0.035787
85.69 0.0357722
85.7 0.0354157
85.71 0.0347414
85.72 0.0337817
85.73 0.032576
85.74 0.0311698
85.75 0.0296129
85.76 0.027957
85.77 0.0262613
85.78 0.0245853
85.79 0.02298
85.8 0.0214923
85.81 0.0201638
85.82 0.0190297
85.83 0.0181176
85.84 0.0174582
85.85 0.0170657
85.86 0.0169262
85.87 0.0170309
85.88 0.0173632
85.89 0.0178991
85.9 0.0186081
85.91 0.0194546
85.92 0.0204021
85.93 0.0214017
85.94 0.0224062
85.95 0.0233733
85.96 0.0242631
85.97 0.0250392
85.98 0.0256699
85.99 0.0261291
86 0.0263836
86.01 0.0264271
86.02 0.0262628
86.03 0.0258945
86.04 0.0253333
86.05 0.0245963
86.06 0.0237066
86.07 0.0226921
86.08 0.0215793
86.09 0.0204115
86.1 0.0192254
86.11 0.0180556
86.12 0.0169347
86.13 0.0158925
86.14 0.0149545
86.15 0.0141415
86.16 0.0134823
86.17 0.0129735
86.18 0.0126147
86.19 0.0124
86.2 0.0123174
86.21 0.0123489
86.22 0.0124718
86.23 0.0126588
86.24 0.0128796
86.25 0.0130955
86.26 0.0132733
86.27 0.0133804
86.28 0.013386
86.29 0.0132626
86.3 0.0129864
86.31 0.0125362
86.32 0.011885
86.33 0.0110427
86.34 0.0100106
86.35 0.00879674
86.36 0.00741541
86.37 0.00588686
86.38 0.0042367
86.39 0.0024936
86.4 0.000692921
86.41 -0.00112217
86.42 -0.00291386
86.43 -0.00464449
86.44 -0.00627763
86.45 -0.00777929
86.46 -0.00911887
86.47 -0.010262
86.48 -0.0111805
86.49 -0.0118724
86.5 -0.0123299
86.51 -0.0125515
86.52 -0.0125418
86.53 -0.0123112
86.54 -0.0118758
86.55 -0.0112484
86.56 -0.0104577
86.57 -0.00954156
86.58 -0.00853043
86.59 -0.00745571
86.6 -0.00634864
86.61 -0.00523935
86.62 -0.00415592
86.63 -0.00312819
86.64 -0.00217869
86.65 -0.00132184
86.66 -0.000569591
86.67 7.07491e-05
86.68 0.000596543
86.69 0.0010096
86.7 0.00131585
86.71 0.00151852
86.72 0.00163656
86.73 0.00168775
86.74 0.0016886
86.75 0.00165609
86.76 0.00160687
86.77 0.00155653
86.78 0.00151889
86.79 0.00150824
86.8 0.00153176
86.81 0.00159367
86.82 0.00169513
86.83 0.00183391
86.84 0.0020045
86.85 0.00219843
86.86 0.00240466
86.87 0.00260863
86.88 0.00279452
86.89 0.00294709
86.9 0.00305123
86.91 0.00309274
86.92 0.00305892
86.93 0.00293925
86.94 0.00272493
86.95 0.00240284
86.96 0.00198109
86.97 0.00146257
86.98 0.000853547
86.99 0.000163525
87 -0.000595154
87.01 -0.00140777
87.02 -0.00225821
87.03 -0.00312795
87.04 -0.00399631
87.05 -0.00484603
87.06 -0.00566129
87.07 -0.00642842
87.08 -0.00713662
87.09 -0.00777845
87.1 -0.00834806
87.11 -0.00884428
87.12 -0.00927792
87.13 -0.0096593
87.14 -0.0100027
87.15 -0.0103262
87.16 -0.0106507
87.17 -0.0109997
87.18 -0.0114015
87.19 -0.011886
87.2 -0.0124754
87.21 -0.013193
87.22 -0.0140599
87.23 -0.0150936
87.24 -0.0163076
87.25 -0.0177103
87.26 -0.0193155
87.27 -0.021117
87.28 -0.0230962
87.29 -0.0252371
87.3 -0.0275185
87.31 -0.0299139
87.32 -0.0323929
87.33 -0.0349214
87.34 -0.037461
87.35 -0.0399692
87.36 -0.042408
87.37 -0.0447411
87.38 -0.0469347
87.39 -0.048959
87.4 -0.0507886
87.41 -0.0524039
87.42 -0.0537724
87.43 -0.0549017
87.44 -0.0557987
87.45 -0.0564723
87.46 -0.0569385
87.47 -0.0572192
87.48 -0.0573419
87.49 -0.0573386
87.5 -0.0572396
87.51 -0.0570936
87.52 -0.0569394
87.53 -0.056814
87.54 -0.056752
87.55 -0.0567841
87.56 -0.056936
87.57 -0.0572278
87.58 -0.0576867
87.59 -0.0583015
87.6 -0.0590665
87.61 -0.0599679
87.62 -0.0609835
87.63 -0.0620835
87.64 -0.0632312
87.65 -0.0643832
87.66 -0.0654834
87.67 -0.0664807
87.68 -0.0673223
87.69 -0.0679559
87.7 -0.0683313
87.71 -0.0684018
87.72 -0.0681259
87.73 -0.067458
87.74 -0.0663501
87.75 -0.0648158
87.76 -0.0628498
87.77 -0.0604576
87.78 -0.057655
87.79 -0.0544683
87.8 -0.0509335
87.81 -0.0470861
87.82 -0.042981
87.83 -0.0386977
87.84 -0.0343014
87.85 -0.0298603
87.86 -0.0254434
87.87 -0.0211188
87.88 -0.0169515
87.89 -0.0130158
87.9 -0.00937189
87.91 -0.00605227
87.92 -0.00309133
87.93 -0.000513126
87.94 0.00166929
87.95 0.00345408
87.96 0.00485061
87.97 0.00585782
87.98 0.00652037
87.99 0.00689361
88 0.00702643
88.01 0.00697358
88.02 0.00679398
88.03 0.00654891
88.04 0.00630012
88.05 0.00611659
88.06 0.00605818
88.07 0.00617383
88.08 0.00650724
88.09 0.00709402
88.1 0.00796064
88.11 0.00912373
88.12 0.0105897
88.13 0.0123795
88.14 0.0144543
88.15 0.0167841
88.16 0.0193349
88.17 0.0220651
88.18 0.0249276
88.19 0.0278707
88.2 0.0308399
88.21 0.0337714
88.22 0.0366089
88.23 0.0393011
88.24 0.0418005
88.25 0.0440656
88.26 0.0460615
88.27 0.0477612
88.28 0.0491426
88.29 0.0501693
88.3 0.0508715
88.31 0.051259
88.32 0.0513497
88.33 0.0511688
88.34 0.0507479
88.35 0.0501237
88.36 0.0493344
88.37 0.0484211
88.38 0.0474404
88.39 0.0464355
88.4 0.0454474
88.41 0.0445137
88.42 0.0436671
88.43 0.0429352
88.44 0.0423438
88.45 0.0419133
88.46 0.0416396
88.47 0.0415209
88.48 0.0415487
88.49 0.0417082
88.5 0.0419791
88.51 0.0423363
88.52 0.0427525
88.53 0.0431924
88.54 0.0436208
88.55 0.0440056
88.56 0.0443163
88.57 0.0445251
88.58 0.044608
88.59 0.0445455
88.6 0.0443138
88.61 0.0439065
88.62 0.0433301
88.63 0.0425903
88.64 0.0416988
88.65 0.040673
88.66 0.0395355
88.67 0.038313
88.68 0.0370344
88.69 0.0357388
88.7 0.0344621
88.71 0.0332385
88.72 0.0321011
88.73 0.031081
88.74 0.0302056
88.75 0.0294986
88.76 0.028995
88.77 0.0286969
88.78 0.0286064
88.79 0.0287232
88.8 0.0290409
88.81 0.0295472
88.82 0.0302245
88.83 0.0310499
88.84 0.032005
88.85 0.0330456
88.86 0.0341375
88.87 0.0352458
88.88 0.0363355
88.89 0.037372
88.9 0.0383224
88.91 0.0391557
88.92 0.0398285
88.93 0.0403304
88.94 0.0406432
88.95 0.0407536
88.96 0.0406534
88.97 0.0403392
88.98 0.0398123
88.99 0.0390755
89 0.0381268
89.01 0.0369983
89.02 0.0357073
89.03 0.0342734
89.04 0.0327177
89.05 0.0310621
89.06 0.0293286
89.07 0.0275379
89.08 0.0257111
89.09 0.0238705
89.1 0.0220323
89.11 0.0202106
89.12 0.0184168
89.13 0.0166596
89.14 0.0149451
89.15 0.0132791
89.16 0.0116638
89.17 0.0100954
89.18 0.00857128
89.19 0.00708761
89.2 0.00563983
89.21 0.00422291
89.22 0.00283179
89.23 0.00146251
89.24 0.000110305
89.25 -0.00122906
89.26 -0.00255784
89.27 -0.00387724
89.28 -0.00518743
89.29 -0.00648756
89.3 -0.00777593
89.31 -0.00904905
89.32 -0.010304
89.33 -0.0115382
89.34 -0.0127485
89.35 -0.0139322
89.36 -0.0150871
89.37 -0.0162118
89.38 -0.0173055
89.39 -0.0183667
89.4 -0.0193985
89.41 -0.0204043
89.42 -0.0213878
89.43 -0.022353
89.44 -0.0233048
89.45 -0.0242478
89.46 -0.0251868
89.47 -0.0261265
89.48 -0.0270704
89.49 -0.0280204
89.5 -0.0289771
89.51 -0.029939
89.52 -0.0309028
89.53 -0.0318631
89.54 -0.0328123
89.55 -0.0337375
89.56 -0.0346274
89.57 -0.0354684
89.58 -0.0362451
89.59 -0.0369411
89.6 -0.0375397
89.61 -0.0380241
89.62 -0.0383763
89.63 -0.038568
89.64 -0.0385982
89.65 -0.0384563
89.66 -0.0381343
89.67 -0.0376277
89.68 -0.0369354
89.69 -0.0360599
89.7 -0.0350041
89.71 -0.0337707
89.72 -0.0323885
89.73 -0.0308759
89.74 -0.0292542
89.75 -0.0275474
89.76 -0.0257812
89.77 -0.0239824
89.78 -0.0221795
89.79 -0.0204035
89.8 -0.0186804
89.81 -0.0170339
89.82 -0.0154852
89.83 -0.0140524
89.84 -0.0127497
89.85 -0.0115873
89.86 -0.0105776
89.87 -0.00972284
89.88 -0.00901047
89.89 -0.00843185
89.9 -0.00797438
89.91 -0.00762199
89.92 -0.00735573
89.93 -0.00715439
89.94 -0.00699637
89.95 -0.00685468
89.96 -0.00670461
89.97 -0.00652435
89.98 -0.00629402
89.99 -0.00599637
90 -0.00561743
90.01 -0.00514695
90.02 -0.00457185
90.03 -0.00389459
90.04 -0.00312197
90.05 -0.002262
90.06 -0.00132665
90.07 -0.0003315
90.08 0.000704837
90.09 0.00176137
90.1 0.0028133
90.11 0.00383486
90.12 0.00480284
90.13 0.005695
90.14 0.00649098
90.15 0.00717301
90.16 0.00772662
90.17 0.00814108
90.18 0.00839608
90.19 0.00850276
90.2 0.00846589
90.21 0.00829359
90.22 0.00799816
90.23 0.00759564
90.24 0.00710524
90.25 0.00654851
90.26 0.00594749
90.27 0.00533255
90.28 0.00472776
90.29 0.00415596
90.3 0.00363794
90.31 0.00319161
90.32 0.00283126
90.33 0.00256867
90.34 0.00241628
90.35 0.00236501
90.36 0.00240899
90.37 0.00253733
90.38 0.00273448
90.39 0.00298063
90.4 0.00325234
90.41 0.00352243
90.42 0.00375773
90.43 0.00392917
90.44 0.00400763
90.45 0.00396527
90.46 0.00377662
90.47 0.00341949
90.48 0.00287583
90.49 0.00212415
90.5 0.00115236
90.51 -2.74345e-05
90.52 -0.00140919
90.53 -0.00298071
90.54 -0.00472386
90.55 -0.00661503
90.56 -0.00862567
90.57 -0.0107258
90.58 -0.012874
90.59 -0.0150283
90.6 -0.0171496
90.61 -0.0191997
90.62 -0.0211422
90.63 -0.0229432
90.64 -0.0245731
90.65 -0.0259933
90.66 -0.0271887
90.67 -0.0281555
90.68 -0.0288895
90.69 -0.0293936
90.7 -0.0296773
90.71 -0.0297569
90.72 -0.0296548
90.73 -0.0293893
90.74 -0.0290044
90.75 -0.02854
90.76 -0.0280336
90.77 -0.0275235
90.78 -0.0270472
90.79 -0.0266396
90.8 -0.0263328
90.81 -0.0261669
90.82 -0.026155
90.83 -0.0263086
90.84 -0.0266339
90.85 -0.0271293
90.86 -0.0277855
90.87 -0.0285858
90.88 -0.0295059
90.89 -0.0305207
90.9 -0.0315811
90.91 -0.0326452
90.92 -0.0336681
90.93 -0.0346033
90.94 -0.0354041
90.95 -0.0360253
90.96 -0.0364214
90.97 -0.0365298
90.98 -0.0363401
90.99 -0.0358283
91 -0.0349782
91.01 -0.0337821
91.02 -0.0322416
91.03 -0.0303673
91.04 -0.0281727
91.05 -0.0256747
91.06 -0.0229361
91.07 -0.0200022
91.08 -0.0169241
91.09 -0.0137571
91.1 -0.0105595
91.11 -0.00739056
91.12 -0.00431447
91.13 -0.00139946
91.14 0.00130887
91.15 0.00376401
91.16 0.00592634
91.17 0.00776419
91.18 0.00925472
91.19 0.0103846
91.2 0.0111335
91.21 0.0115071
91.22 0.0115436
91.23 0.0112702
91.24 0.0107221
91.25 0.00994175
91.26 0.00897708
91.27 0.00788047
91.28 0.00670591
91.29 0.00551798
91.3 0.00437483
91.31 0.00332902
91.32 0.00242894
91.33 0.00171745
91.34 0.00123067
91.35 0.000996955
91.36 0.00105614
91.37 0.001408
91.38 0.00204323
91.39 0.00295184
91.4 0.00411504
91.41 0.00550593
91.42 0.00709032
91.43 0.00882786
91.44 0.010678
91.45 0.0125798
91.46 0.0144802
91.47 0.0163281
91.48 0.0180737
91.49 0.0196701
91.5 0.0210748
91.51 0.0222506
91.52 0.02314
91.53 0.0237415
91.54 0.0240436
91.55 0.024041
91.56 0.023737
91.57 0.023143
91.58 0.0222781
91.59 0.0211672
91.6 0.0198274
91.61 0.0183202
91.62 0.0166882
91.63 0.014976
91.64 0.0132295
91.65 0.0114944
91.66 0.00981486
91.67 0.00823494
91.68 0.00680529
91.69 0.00554898
91.7 0.00449222
91.71 0.00365499
91.72 0.00305079
91.73 0.00268643
91.74 0.00256216
91.75 0.0026783
91.76 0.00303052
91.77 0.00358365
91.78 0.00431517
91.79 0.00519925
91.8 0.00620771
91.81 0.00731105
91.82 0.00847945
91.83 0.00968402
91.84 0.0108941
91.85 0.0120834
91.86 0.013231
91.87 0.0143196
91.88 0.0153364
91.89 0.016273
91.9 0.0171256
91.91 0.0178907
91.92 0.0185747
91.93 0.0191911
91.94 0.0197523
91.95 0.0202735
91.96 0.0207711
91.97 0.0212627
91.98 0.0217658
91.99 0.0223003
92 0.0228824
92.01 0.0235236
92.02 0.0242337
92.03 0.025019
92.04 0.0258822
92.05 0.0268223
92.06 0.0278341
92.07 0.0289125
92.08 0.0300399
92.09 0.0311983
92.1 0.0323685
92.11 0.0335296
92.12 0.034659
92.13 0.0357339
92.14 0.0367315
92.15 0.0376193
92.16 0.0383831
92.17 0.0390073
92.18 0.0394777
92.19 0.0397842
92.2 0.0399204
92.21 0.0398844
92.22 0.0396785
92.23 0.0392943
92.24 0.0387608
92.25 0.038094
92.26 0.0373134
92.27 0.0364414
92.28 0.0355024
92.29 0.0345227
92.3 0.0335296
92.31 0.0325541
92.32 0.0316231
92.33 0.0307611
92.34 0.0299902
92.35 0.0293295
92.36 0.0287947
92.37 0.0283974
92.38 0.0281485
92.39 0.0280587
92.4 0.0281138
92.41 0.0283065
92.42 0.0286254
92.43 0.0290548
92.44 0.0295757
92.45 0.0301661
92.46 0.0308021
92.47 0.0314545
92.48 0.0320932
92.49 0.0326906
92.5 0.0332195
92.51 0.033654
92.52 0.0339702
92.53 0.0341464
92.54 0.0341557
92.55 0.0339799
92.56 0.033617
92.57 0.0330603
92.58 0.032307
92.59 0.0313583
92.6 0.0302193
92.61 0.0288986
92.62 0.0273994
92.63 0.0257418
92.64 0.023951
92.65 0.0220469
92.66 0.0200509
92.67 0.0179851
92.68 0.0158717
92.69 0.0137326
92.7 0.0115903
92.71 0.00946648
92.72 0.00737886
92.73 0.0053427
92.74 0.00337081
92.75 0.00147331
92.76 -0.000342469
92.77 -0.00207207
92.78 -0.00370666
92.79 -0.00525347
92.8 -0.00671827
92.81 -0.0081074
92.82 -0.00942908
92.83 -0.010693
92.84 -0.0119101
92.85 -0.0130919
92.86 -0.0142492
92.87 -0.0153967
92.88 -0.0165455
92.89 -0.0177056
92.9 -0.0188856
92.91 -0.0200924
92.92 -0.0213308
92.93 -0.0226041
92.94 -0.0239157
92.95 -0.0252602
92.96 -0.0266329
92.97 -0.028027
92.98 -0.0294338
92.99 -0.0308426
93 -0.0322411
93.01 -0.0336152
93.02 -0.0349463
93.03 -0.0362214
93.04 -0.0374256
93.05 -0.0385444
93.06 -0.039564
93.07 -0.0404718
93.08 -0.0412572
93.09 -0.0419071
93.1 -0.0424087
93.11 -0.0427681
93.12 -0.0429848
93.13 -0.0430612
93.14 -0.0430025
93.15 -0.042817
93.16 -0.0425155
93.17 -0.0421082
93.18 -0.0416115
93.19 -0.0410498
93.2 -0.0404428
93.21 -0.0398112
93.22 -0.0391763
93.23 -0.0385593
93.24 -0.0379808
93.25 -0.0374644
93.26 -0.0370299
93.27 -0.0366894
93.28 -0.0364553
93.29 -0.0363369
93.3 -0.0363401
93.31 -0.0364672
93.32 -0.0367166
93.33 -0.0370901
93.34 -0.0375735
93.35 -0.0381492
93.36 -0.0388006
93.37 -0.0395082
93.38 -0.0402503
93.39 -0.0410035
93.4 -0.041743
93.41 -0.042439
93.42 -0.0430661
93.43 -0.0436019
93.44 -0.0440246
93.45 -0.0443152
93.46 -0.0444577
93.47 -0.0444395
93.48 -0.0442523
93.49 -0.0438768
93.5 -0.0433277
93.51 -0.0426134
93.52 -0.0417449
93.53 -0.0407375
93.54 -0.0396104
93.55 -0.0383862
93.56 -0.0370904
93.57 -0.0357494
93.58 -0.034399
93.59 -0.0330689
93.6 -0.031788
93.61 -0.0305839
93.62 -0.0294816
93.63 -0.0285034
93.64 -0.0276691
93.65 -0.0270056
93.66 -0.0265073
93.67 -0.026176
93.68 -0.0260082
93.69 -0.0259945
93.7 -0.0261202
93.71 -0.0263655
93.72 -0.0267077
93.73 -0.0271181
93.74 -0.0275576
93.75 -0.0279922
93.76 -0.0283867
93.77 -0.0287062
93.78 -0.0289169
93.79 -0.0289873
93.8 -0.0288822
93.81 -0.0285694
93.82 -0.0280427
93.83 -0.0272904
93.84 -0.0263072
93.85 -0.0250947
93.86 -0.0236613
93.87 -0.0220218
93.88 -0.0201905
93.89 -0.018198
93.9 -0.016088
93.91 -0.013898
93.92 -0.0116688
93.93 -0.0094429
93.94 -0.00726327
93.95 -0.00517219
93.96 -0.00321978
93.97 -0.00144467
93.98 0.000127782
93.99 0.00147247
94 0.00257107
94.01 0.00341269
94.02 0.00399435
94.03 0.00432124
94.04 0.00439104
94.05 0.00423867
94.06 0.00390167
94.07 0.00341691
94.08 0.00282666
94.09 0.00217745
94.1 0.00151873
94.11 0.00090141
94.12 0.000388232
94.13 2.69036e-05
94.14 -0.000139278
94.15 -7.02568e-05
94.16 0.000267727
94.17 0.000901005
94.18 0.00184754
94.19 0.00311621
94.2 0.00473601
94.21 0.00666524
94.22 0.00887968
94.23 0.011348
94.24 0.0140307
94.25 0.0168807
94.26 0.0198453
94.27 0.0228668
94.28 0.0258778
94.29 0.0288119
94.3 0.0316081
94.31 0.034208
94.32 0.0365576
94.33 0.0386087
94.34 0.0403206
94.35 0.0416542
94.36 0.0425597
94.37 0.0430589
94.38 0.043153
94.39 0.0428542
94.4 0.042185
94.41 0.0411779
94.42 0.0398747
94.43 0.0383194
94.44 0.0365677
94.45 0.0346988
94.46 0.0327774
94.47 0.0308694
94.48 0.0290393
94.49 0.0273491
94.5 0.0258561
94.51 0.0246236
94.52 0.0237044
94.53 0.0231153
94.54 0.0228779
94.55 0.0230031
94.56 0.0234907
94.57 0.0243295
94.58 0.0254975
94.59 0.0269763
94.6 0.0287162
94.61 0.0306526
94.62 0.0327287
94.63 0.0348835
94.64 0.0370532
94.65 0.0391736
94.66 0.0411815
94.67 0.0430015
94.68 0.0445777
94.69 0.0458693
94.7 0.0468371
94.71 0.0474511
94.72 0.0476912
94.73 0.0475479
94.74 0.0470223
94.75 0.0460991
94.76 0.0448242
94.77 0.0432399
94.78 0.041388
94.79 0.0393171
94.8 0.0370812
94.81 0.0347382
94.82 0.0323481
94.83 0.0299775
94.84 0.0276895
94.85 0.0255383
94.86 0.0235734
94.87 0.0218378
94.88 0.020367
94.89 0.0191875
94.9 0.018317
94.91 0.0177953
94.92 0.0175864
94.93 0.017677
94.94 0.0180443
94.95 0.018658
94.96 0.0194804
94.97 0.0204684
94.98 0.0215747
94.99 0.0227484
95 0.0239274
95.01 0.0250603
95.02 0.0260979
95.03 0.0269944
95.04 0.0277089
95.05 0.0282067
95.06 0.0284534
95.07 0.0284132
95.08 0.0280953
95.09 0.0274979
95.1 0.0266274
95.11 0.0254981
95.12 0.0241315
95.13 0.0225556
95.14 0.0207989
95.15 0.0189003
95.16 0.0169125
95.17 0.0148785
95.18 0.0128412
95.19 0.0108425
95.2 0.00892197
95.21 0.00711557
95.22 0.00546308
95.23 0.0039942
95.24 0.0027195
95.25 0.00165098
95.26 0.000793965
95.27 0.000147117
95.28 -0.000297298
95.29 -0.000552979
95.3 -0.000630276
95.31 -0.000559563
95.32 -0.000375783
95.33 -0.000109389
95.34 0.000207823
95.35 0.000543775
95.36 0.000867158
95.37 0.00114842
95.38 0.00135401
95.39 0.00146146
95.4 0.00145482
95.41 0.00132078
95.42 0.00105113
95.43 0.000642837
95.44 9.80352e-05
95.45 -0.000576207
95.46 -0.0013768
95.47 -0.00227807
95.48 -0.00325822
95.49 -0.00429502
95.5 -0.00536465
95.51 -0.00644252
95.52 -0.00750416
95.53 -0.00852606
95.54 -0.00947869
95.55 -0.0103472
95.56 -0.0111165
95.57 -0.0117751
95.58 -0.0123155
95.59 -0.0127345
95.6 -0.013033
95.61 -0.0132157
95.62 -0.0132839
95.63 -0.0132621
95.64 -0.0131672
95.65 -0.0130184
95.66 -0.0128365
95.67 -0.0126437
95.68 -0.0124623
95.69 -0.0123153
95.7 -0.0122293
95.71 -0.0122198
95.72 -0.0123028
95.73 -0.0124914
95.74 -0.0127954
95.75 -0.0132208
95.76 -0.01377
95.77 -0.014445
95.78 -0.0152442
95.79 -0.0161494
95.8 -0.017148
95.81 -0.0182245
95.82 -0.0193612
95.83 -0.0205389
95.84 -0.021737
95.85 -0.0229336
95.86 -0.0241047
95.87 -0.0252304
95.88 -0.0262919
95.89 -0.027272
95.9 -0.0281557
95.91 -0.0289306
95.92 -0.0295864
95.93 -0.030109
95.94 -0.0304946
95.95 -0.0307482
95.96 -0.0308713
95.97 -0.0308677
95.98 -0.0307435
95.99 -0.0305064
96 -0.0301653
96.01 -0.0297251
96.02 -0.0292008
96.03 -0.0286065
96.04 -0.0279532
96.05 -0.0272513
96.06 -0.0265102
96.07 -0.0257388
96.08 -0.0249446
96.09 -0.0241331
96.1 -0.0233108
96.11 -0.0224816
96.12 -0.0216482
96.13 -0.0208121
96.14 -0.0199742
96.15 -0.0191347
96.16 -0.0182934
96.17 -0.0174498
96.18 -0.0166038
96.19 -0.0157555
96.2 -0.0149054
96.21 -0.0140546
96.22 -0.013205
96.23 -0.0123592
96.24 -0.0115203
96.25 -0.0106941
96.26 -0.00988443
96.27 -0.00909665
96.28 -0.00833626
96.29 -0.00760891
96.3 -0.00692016
96.31 -0.00627528
96.32 -0.00567969
96.33 -0.00514178
96.34 -0.00466009
96.35 -0.00423646
96.36 -0.00387157
96.37 -0.00356487
96.38 -0.00331455
96.39 -0.00311763
96.4 -0.00297104
96.41 -0.00287123
96.42 -0.00280837
96.43 -0.00277574
96.44 -0.00276633
96.45 -0.00277304
96.46 -0.00278898
96.47 -0.00280768
96.48 -0.00282311
96.49 -0.00282978
96.5 -0.00282455
96.51 -0.00280537
96.52 -0.0027716
96.53 -0.00272406
96.54 -0.00266502
96.55 -0.00259812
96.56 -0.00252843
96.57 -0.00246288
96.58 -0.00240862
96.59 -0.00237319
96.6 -0.00236437
96.61 -0.00238985
96.62 -0.00245695
96.63 -0.00257224
96.64 -0.00274482
96.65 -0.00297827
96.66 -0.00327274
96.67 -0.0036289
96.68 -0.00404557
96.69 -0.0045197
96.7 -0.00504637
96.71 -0.00561891
96.72 -0.00623101
96.73 -0.00687006
96.74 -0.00752395
96.75 -0.00818093
96.76 -0.00882891
96.77 -0.00945582
96.78 -0.0100501
96.79 -0.0106009
96.8 -0.0110935
96.81 -0.0115231
96.82 -0.0118851
96.83 -0.0121759
96.84 -0.0123946
96.85 -0.0125426
96.86 -0.0126236
96.87 -0.012644
96.88 -0.0126082
96.89 -0.0125326
96.9 -0.01243
96.91 -0.0123141
96.92 -0.0121993
96.93 -0.0121005
96.94 -0.0120321
96.95 -0.0120084
96.96 -0.0120482
96.97 -0.0121573
96.98 -0.0123441
96.99 -0.0126139
97 -0.0129694
97.01 -0.01341
97.02 -0.0139321
97.03 -0.0145298
97.04 -0.0151954
97.05 -0.0159091
97.06 -0.0166542
97.07 -0.017412
97.08 -0.018162
97.09 -0.0188823
97.1 -0.0195505
97.11 -0.0201411
97.12 -0.0206259
97.13 -0.0209902
97.14 -0.0212159
97.15 -0.0212872
97.16 -0.0211917
97.17 -0.0209204
97.18 -0.020468
97.19 -0.0198257
97.2 -0.0189947
97.21 -0.0179936
97.22 -0.0168347
97.23 -0.0155338
97.24 -0.0141099
97.25 -0.0125852
97.26 -0.010984
97.27 -0.00933106
97.28 -0.00765752
97.29 -0.00599284
97.3 -0.00436365
97.31 -0.0027953
97.32 -0.00131109
97.33 6.82459e-05
97.34 0.00132517
97.35 0.00243595
97.36 0.00339446
97.37 0.00420081
97.38 0.00485466
97.39 0.00535999
97.4 0.00572494
97.41 0.00596148
97.42 0.00608512
97.43 0.00610859
97.44 0.00606063
97.45 0.00596636
97.46 0.00584971
97.47 0.00573481
97.48 0.00564526
97.49 0.00560345
97.5 0.00562989
97.51 0.00575182
97.52 0.00597824
97.53 0.0063189
97.54 0.00678074
97.55 0.00736667
97.56 0.00807562
97.57 0.00890255
97.58 0.00983877
97.59 0.01088
97.6 0.0119994
97.61 0.0131787
97.62 0.0143973
97.63 0.015634
97.64 0.0168665
97.65 0.018073
97.66 0.0192314
97.67 0.020315
97.68 0.0213111
97.69 0.0222052
97.7 0.0229857
97.71 0.0236445
97.72 0.024177
97.73 0.0245822
97.74 0.0248597
97.75 0.0250106
97.76 0.0250542
97.77 0.0250034
97.78 0.024873
97.79 0.0246798
97.8 0.0244418
97.81 0.0241776
97.82 0.0239061
97.83 0.0236476
97.84 0.0234191
97.85 0.023235
97.86 0.0231078
97.87 0.0230472
97.88 0.02306
97.89 0.0231503
97.9 0.0233226
97.91 0.0235741
97.92 0.0238952
97.93 0.0242774
97.94 0.0247105
97.95 0.0251822
97.96 0.025679
97.97 0.026187
97.98 0.0266906
97.99 0.0271742
98 0.0276254
98.01 0.0280329
98.02 0.0283872
98.03 0.0286812
98.04 0.0289104
98.05 0.0290729
98.06 0.0291649
98.07 0.0291936
98.08 0.0291677
98.09 0.029096
98.1 0.0289895
98.11 0.0288604
98.12 0.0287222
98.13 0.0285886
98.14 0.0284762
98.15 0.028398
98.16 0.0283655
98.17 0.0283887
98.18 0.0284754
98.19 0.028631
98.2 0.0288581
98.21 0.0291563
98.22 0.0295282
98.23 0.0299602
98.24 0.0304422
98.25 0.030962
98.26 0.0315053
98.27 0.0320562
98.28 0.0325974
98.29 0.0331109
98.3 0.0335734
98.31 0.0339708
98.32 0.0342876
98.33 0.0345102
98.34 0.0346272
98.35 0.0346302
98.36 0.0345135
98.37 0.0342725
98.38 0.0339012
98.39 0.0334148
98.4 0.0328214
98.41 0.032132
98.42 0.0313601
98.43 0.030521
98.44 0.0296314
98.45 0.0287083
98.46 0.0277705
98.47 0.026837
98.48 0.0259228
98.49 0.0250411
98.5 0.0242025
98.51 0.0234145
98.52 0.0226811
98.53 0.022005
98.54 0.0213823
98.55 0.0208019
98.56 0.0202519
98.57 0.0197172
98.58 0.0191801
98.59 0.0186203
98.6 0.0180162
98.61 0.0173399
98.62 0.0165665
98.63 0.0156775
98.64 0.014653
98.65 0.0134754
98.66 0.0121308
98.67 0.0106089
98.68 0.00890384
98.69 0.00700265
98.7 0.00491692
98.71 0.00266361
98.72 0.000258555
98.73 -0.00227754
98.74 -0.00491951
98.75 -0.0076383
98.76 -0.0104017
98.77 -0.0131728
98.78 -0.015911
98.79 -0.0185795
98.8 -0.0211425
98.81 -0.0235656
98.82 -0.0258175
98.83 -0.0278701
98.84 -0.0296998
98.85 -0.0312648
98.86 -0.0325716
98.87 -0.0336169
98.88 -0.0344015
98.89 -0.0349321
98.9 -0.0352214
98.91 -0.0352875
98.92 -0.0351534
98.93 -0.034833
98.94 -0.0343774
98.95 -0.0338206
98.96 -0.0331979
98.97 -0.0325446
98.98 -0.0318954
98.99 -0.0312831
99 -0.0307389
99.01 -0.0302984
99.02 -0.0299761
99.03 -0.0297874
99.04 -0.0297423
99.05 -0.0298449
99.06 -0.0300937
99.07 -0.0304814
99.08 -0.030998
99.09 -0.031629
99.1 -0.0323424
99.11 -0.0331122
99.12 -0.0339102
99.13 -0.0347069
99.14 -0.0354723
99.15 -0.0361769
99.16 -0.0367884
99.17 -0.0372755
99.18 -0.0376229
99.19 -0.0378133
99.2 -0.0378341
99.21 -0.0376775
99.22 -0.0373412
99.23 -0.0368275
99.24 -0.0361366
99.25 -0.0352824
99.26 -0.0342914
99.27 -0.0331843
99.28 -0.0319847
99.29 -0.0307181
99.3 -0.029411
99.31 -0.0280899
99.32 -0.0267829
99.33 -0.0255169
99.34 -0.0243123
99.35 -0.0231872
99.36 -0.0221559
99.37 -0.0212286
99.38 -0.0204114
99.39 -0.0197059
99.4 -0.0191167
99.41 -0.018631
99.42 -0.0182345
99.43 -0.0179131
99.44 -0.0176502
99.45 -0.0174278
99.46 -0.0172269
99.47 -0.0170286
99.48 -0.0168118
99.49 -0.0165596
99.5 -0.0162584
99.51 -0.0158973
99.52 -0.0154688
99.53 -0.0149689
99.54 -0.014398
99.55 -0.01376
99.56 -0.0130582
99.57 -0.0123112
99.58 -0.0115345
99.59 -0.0107461
99.6 -0.00996566
99.61 -0.00921396
99.62 -0.00851223
99.63 -0.00788199
99.64 -0.00735241
99.65 -0.00693362
99.66 -0.00663985
99.67 -0.00648203
99.68 -0.00646728
99.69 -0.00659865
99.7 -0.00687491
99.71 -0.00729316
99.72 -0.00785018
99.73 -0.00852035
99.74 -0.009286
99.75 -0.0101268
99.76 -0.0110202
99.77 -0.0119426
99.78 -0.0128696
99.79 -0.0137759
99.8 -0.0146344
99.81 -0.0154262
99.82 -0.0161334
99.83 -0.0167416
99.84 -0.0172399
99.85 -0.0176215
99.86 -0.0178838
99.87 -0.0180234
99.88 -0.0180457
99.89 -0.0179676
99.9 -0.0178027
99.91 -0.017567
99.92 -0.0172784
99.93 -0.0169561
99.94 -0.0166197
99.95 -0.0162896
99.96 -0.0159857
99.97 -0.0157232
99.98 -0.0155144
99.99 -0.0153686
100 -0.0152911
100.01 -0.0152833
100.02 -0.0153423
100.03 -0.0154646
100.04 -0.0156352
100.05 -0.015837
100.06 -0.0160516
100.07 -0.0162588
100.08 -0.0164365
100.09 -0.016562
100.1 -0.0166129
100.11 -0.0165585
100.12 -0.0163833
100.13 -0.0160733
100.14 -0.0156163
100.15 -0.0150039
100.16 -0.0142327
100.17 -0.0133038
100.18 -0.0122236
100.19 -0.0109918
100.2 -0.00963784
100.21 -0.00818417
100.22 -0.00665515
100.23 -0.00507793
100.24 -0.00348145
100.25 -0.00189556
100.26 -0.000350165
100.27 0.00111668
100.28 0.00248364
100.29 0.00372812
100.3 0.00483159
100.31 0.00578027
100.32 0.00656562
100.33 0.00718474
100.34 0.00763826
100.35 0.00792508
100.36 0.00807472
100.37 0.00810746
100.38 0.00804783
100.39 0.00792378
100.4 0.00776576
100.41 0.00760567
100.42 0.00747745
100.43 0.00741915
100.44 0.00745705
100.45 0.00761682
100.46 0.00791998
100.47 0.00838303
100.48 0.00901684
100.49 0.00982617
100.5 0.0108157
100.51 0.0119797
100.52 0.0132914
100.53 0.0147294
100.54 0.0162669
100.55 0.0178733
100.56 0.0195145
100.57 0.0211541
100.58 0.0227511
100.59 0.0242635
100.6 0.0256586
100.61 0.0269045
100.62 0.0279734
100.63 0.0288427
100.64 0.0294954
100.65 0.0299212
100.66 0.0301026
100.67 0.03005
100.68 0.0297847
100.69 0.0293257
100.7 0.028698
100.71 0.0279317
100.72 0.0270615
100.73 0.0261248
100.74 0.0251625
100.75 0.0242204
100.76 0.0233382
100.77 0.0225528
100.78 0.0218972
100.79 0.0214001
100.8 0.0210842
100.81 0.0209659
100.82 0.0210725
100.83 0.0213904
100.84 0.021909
100.85 0.0226138
100.86 0.0234834
100.87 0.0244906
100.88 0.0256027
100.89 0.0267831
100.9 0.027991
100.91 0.0291788
100.92 0.0303053
100.93 0.0313309
100.94 0.0322189
100.95 0.0329365
100.96 0.0334566
100.97 0.0337557
100.98 0.0337992
100.99 0.0336028
101 0.0331693
101.01 0.032509
101.02 0.0316399
101.03 0.0305865
101.04 0.0293797
101.05 0.0280538
101.06 0.0266487
101.07 0.0252164
101.08 0.0238007
101.09 0.0224451
101.1 0.021191
101.11 0.0200768
101.12 0.0191365
101.13 0.0184057
101.14 0.0179164
101.15 0.0176674
101.16 0.0176641
101.17 0.017904
101.18 0.0183767
101.19 0.0190647
101.2 0.0199436
101.21 0.0209882
101.22 0.0221594
101.23 0.0234082
101.24 0.0246921
101.25 0.0259677
101.26 0.027192
101.27 0.0283238
101.28 0.0293248
101.29 0.0301502
101.3 0.0307699
101.31 0.0311704
101.32 0.0313372
101.33 0.0312632
101.34 0.0309483
101.35 0.0303995
101.36 0.0296309
101.37 0.0286507
101.38 0.0274952
101.39 0.0262019
101.4 0.0248052
101.41 0.0233413
101.42 0.0218472
101.43 0.0203595
101.44 0.0189133
101.45 0.0175493
101.46 0.0162941
101.47 0.0151689
101.48 0.0141915
101.49 0.0133734
101.5 0.0127207
101.51 0.0122329
101.52 0.0119041
101.53 0.0117346
101.54 0.0116935
101.55 0.0117577
101.56 0.0119025
101.57 0.012101
101.58 0.0123248
101.59 0.0125457
101.6 0.0127359
101.61 0.0128617
101.62 0.012904
101.63 0.0128439
101.64 0.0126663
101.65 0.0123607
101.66 0.011921
101.67 0.0113459
101.68 0.0106369
101.69 0.00979362
101.7 0.00883956
101.71 0.00778979
101.72 0.00666172
101.73 0.00547425
101.74 0.00424702
101.75 0.00299957
101.76 0.00175097
101.77 0.00052071
101.78 -0.000677284
101.79 -0.00183197
101.8 -0.00293567
101.81 -0.00398429
101.82 -0.0049774
101.83 -0.00591817
101.84 -0.00681179
101.85 -0.00766851
101.86 -0.00850375
101.87 -0.00933186
101.88 -0.0101682
101.89 -0.0110286
101.9 -0.0119281
101.91 -0.0128808
101.92 -0.0139027
101.93 -0.0150043
101.94 -0.0161879
101.95 -0.0174554
101.96 -0.0188052
101.97 -0.0202315
101.98 -0.0217247
101.99 -0.0232716
102 -0.0248565
102.01 -0.0264565
102.02 -0.028048
102.03 -0.0296076
102.04 -0.0311113
102.05 -0.0325355
102.06 -0.0338574
102.07 -0.0350565
102.08 -0.036103
102.09 -0.0369877
102.1 -0.0377047
102.11 -0.0382484
102.12 -0.038618
102.13 -0.0388171
102.14 -0.0388541
102.15 -0.0387418
102.16 -0.0384872
102.17 -0.0381224
102.18 -0.0376727
102.19 -0.0371636
102.2 -0.0366212
102.21 -0.036072
102.22 -0.0355417
102.23 -0.0350542
102.24 -0.0346395
102.25 -0.0343107
102.26 -0.0340814
102.27 -0.033961
102.28 -0.0339545
102.29 -0.0340618
102.3 -0.0342786
102.31 -0.0345963
102.32 -0.0350073
102.33 -0.0354846
102.34 -0.0360077
102.35 -0.0365538
102.36 -0.0370987
102.37 -0.0376178
102.38 -0.0380868
102.39 -0.0384804
102.4 -0.0387697
102.41 -0.0389429
102.42 -0.0389856
102.43 -0.038887
102.44 -0.0386406
102.45 -0.0382442
102.46 -0.0376995
102.47 -0.0370084
102.48 -0.0361778
102.49 -0.0352314
102.5 -0.0341859
102.51 -0.0330601
102.52 -0.031874
102.53 -0.0306486
102.54 -0.0294041
102.55 -0.0281612
102.56 -0.0269403
102.57 -0.0257564
102.58 -0.0246218
102.59 -0.0235458
102.6 -0.0225343
102.61 -0.0215894
102.62 -0.0207102
102.63 -0.0198953
102.64 -0.0191352
102.65 -0.0184168
102.66 -0.0177281
102.67 -0.0170555
102.68 -0.0163853
102.69 -0.0157035
102.7 -0.0149974
102.71 -0.0142523
102.72 -0.0134593
102.73 -0.0126135
102.74 -0.0117116
102.75 -0.0107538
102.76 -0.0097434
102.77 -0.00868707
102.78 -0.00759457
102.79 -0.00647777
102.8 -0.00535487
102.81 -0.00424341
102.82 -0.00316145
102.83 -0.0021274
102.84 -0.00115925
102.85 -0.000273909
102.86 0.000513546
102.87 0.00117931
102.88 0.00172271
102.89 0.00213939
102.9 0.00242788
102.91 0.00259063
102.92 0.00263406
102.93 0.00256841
102.94 0.00240712
102.95 0.00216157
102.96 0.00186063
102.97 0.00152574
102.98 0.00117921
102.99 0.000843392
103 0.000539898
103.01 0.00028877
103.02 0.00010904
103.03 2.26383e-05
103.04 3.34049e-05
103.05 0.000147285
103.06 0.000365789
103.07 0.000685889
103.08 0.00110007
103.09 0.00159658
103.1 0.00216104
103.11 0.00277414
103.12 0.00340904
103.13 0.00404202
103.14 0.00464869
103.15 0.00520489
103.16 0.00568765
103.17 0.00607615
103.18 0.00634759
103.19 0.00648381
103.2 0.0064836
103.21 0.00634374
103.22 0.00606642
103.23 0.00565936
103.24 0.00513574
103.25 0.00451392
103.26 0.0038146
103.27 0.00306924
103.28 0.00231254
103.29 0.00157765
103.3 0.000898705
103.31 0.000309717
103.32 -0.000156582
103.33 -0.000469866
103.34 -0.000590498
103.35 -0.000498611
103.36 -0.000185653
103.37 0.000357722
103.38 0.00113421
103.39 0.0021396
103.4 0.00336276
103.41 0.00478582
103.42 0.00639546
103.43 0.00814914
103.44 0.0100066
103.45 0.0119284
103.46 0.0138729
103.47 0.0157973
103.48 0.0176588
103.49 0.0194163
103.5 0.0210159
103.51 0.0224309
103.52 0.0236356
103.53 0.0246083
103.54 0.0253343
103.55 0.0258064
103.56 0.026025
103.57 0.0259981
103.58 0.0257208
103.59 0.0252411
103.6 0.0245895
103.61 0.0238016
103.62 0.0229165
103.63 0.0219763
103.64 0.0210244
103.65 0.0201051
103.66 0.0192705
103.67 0.0185556
103.68 0.0179944
103.69 0.0176155
103.7 0.0174413
103.71 0.0174871
103.72 0.0177605
103.73 0.0182663
103.74 0.0190077
103.75 0.0199494
103.76 0.0210672
103.77 0.0223313
103.78 0.0237062
103.79 0.0251529
103.8 0.0266293
103.81 0.0280902
103.82 0.0294848
103.83 0.0307731
103.84 0.0319166
103.85 0.0328812
103.86 0.0336378
103.87 0.0341636
103.88 0.0344426
103.89 0.0344546
103.9 0.0341964
103.91 0.0336905
103.92 0.0329523
103.93 0.0320033
103.94 0.0308712
103.95 0.0295884
103.96 0.028191
103.97 0.0267159
103.98 0.0252092
103.99 0.0237139
104 0.0222679
104.01 0.0209066
104.02 0.0196612
104.03 0.0185579
104.04 0.0176174
104.05 0.0168668
104.06 0.0163068
104.07 0.0159306
104.08 0.0157306
104.09 0.0156925
104.1 0.0157963
104.11 0.0160169
104.12 0.016325
104.13 0.0166896
104.14 0.0170691
104.15 0.0174271
104.16 0.0177287
104.17 0.017941
104.18 0.018034
104.19 0.0179815
104.2 0.017762
104.21 0.0173415
104.22 0.0167256
104.23 0.0159135
104.24 0.0149091
104.25 0.0137226
104.26 0.0123698
104.27 0.010872
104.28 0.0092545
104.29 0.00754157
104.3 0.00577708
104.31 0.0039951
104.32 0.00223012
104.33 0.000515882
104.34 -0.00111555
104.35 -0.00263482
104.36 -0.0040135
104.37 -0.00521703
104.38 -0.00624208
104.39 -0.00707852
104.4 -0.00772175
104.41 -0.0081727
104.42 -0.00843767
104.43 -0.00852801
104.44 -0.00845586
104.45 -0.00823753
104.46 -0.00790828
104.47 -0.00749407
104.48 -0.00702219
104.49 -0.00652031
104.5 -0.00601568
104.51 -0.00553426
104.52 -0.00510267
104.53 -0.00474587
104.54 -0.00447763
104.55 -0.00431101
104.56 -0.00425492
104.57 -0.00431403
104.58 -0.00448879
104.59 -0.00477559
104.6 -0.00517184
104.61 -0.00566468
104.62 -0.00623472
104.63 -0.00686561
104.64 -0.00753952
104.65 -0.00823783
104.66 -0.00894181
104.67 -0.00963323
104.68 -0.0102921
104.69 -0.0109022
104.7 -0.0114522
104.71 -0.0119318
104.72 -0.0123339
104.73 -0.0126542
104.74 -0.0128913
104.75 -0.0130469
104.76 -0.0131197
104.77 -0.0131212
104.78 -0.0130626
104.79 -0.0129544
104.8 -0.012808
104.81 -0.0126357
104.82 -0.0124494
104.83 -0.0122609
104.84 -0.0120825
104.85 -0.0119237
104.86 -0.0117919
104.87 -0.0116926
104.88 -0.0116293
104.89 -0.0116033
104.9 -0.0116139
104.91 -0.0116582
104.92 -0.0117339
104.93 -0.0118312
104.94 -0.0119422
104.95 -0.0120581
104.96 -0.0121697
104.97 -0.0122677
104.98 -0.0123428
104.99 -0.012386
105 -0.0123858
105.01 -0.0123388
105.02 -0.0122404
105.03 -0.0120871
105.04 -0.0118775
105.05 -0.0116117
105.06 -0.0112913
105.07 -0.0109187
105.08 -0.0104964
105.09 -0.0100345
105.1 -0.00954006
105.11 -0.00902051
105.12 -0.00848375
105.13 -0.00793774
105.14 -0.00739024
105.15 -0.00684902
105.16 -0.00632197
105.17 -0.00581431
105.18 -0.00533081
105.19 -0.00487523
105.2 -0.00445032
105.21 -0.00405785
105.22 -0.00369866
105.23 -0.00337429
105.24 -0.00308426
105.25 -0.00282547
105.26 -0.00259639
105.27 -0.00239535
105.28 -0.0022207
105.29 -0.00207097
105.3 -0.00194498
105.31 -0.00184325
105.32 -0.00176508
105.33 -0.00170966
105.34 -0.00167755
105.35 -0.00166962
105.36 -0.00168697
105.37 -0.00173073
105.38 -0.00180197
105.39 -0.00190346
105.4 -0.00203439
105.41 -0.00219339
105.42 -0.00237914
105.43 -0.00258941
105.44 -0.0028209
105.45 -0.00306927
105.46 -0.00332908
105.47 -0.00359367
105.48 -0.00385451
105.49 -0.00410326
105.5 -0.00433121
105.51 -0.00452944
105.52 -0.00468916
105.53 -0.00480197
105.54 -0.00486023
105.55 -0.00485121
105.56 -0.00477486
105.57 -0.0046287
105.58 -0.00441184
105.59 -0.00412555
105.6 -0.00377349
105.61 -0.00336165
105.62 -0.00289823
105.63 -0.0023914
105.64 -0.00185913
105.65 -0.00131625
105.66 -0.000778934
105.67 -0.000264262
105.68 0.000210246
105.69 0.000627139
105.7 0.000968076
105.71 0.00120956
105.72 0.00134459
105.73 0.00136187
105.74 0.00125277
105.75 0.00101173
105.76 0.000636468
105.77 0.000128208
105.78 -0.000511654
105.79 -0.00127878
105.8 -0.00215138
105.81 -0.00311396
105.82 -0.00414833
105.83 -0.00523414
105.84 -0.00634939
105.85 -0.00747105
105.86 -0.00857402
105.87 -0.00963147
105.88 -0.0106228
105.89 -0.0115281
105.9 -0.0123297
105.91 -0.013013
105.92 -0.0135667
105.93 -0.0139833
105.94 -0.0142521
105.95 -0.0143745
105.96 -0.0143633
105.97 -0.014228
105.98 -0.013982
105.99 -0.0136415
106 -0.0132257
106.01 -0.0127559
106.02 -0.0122542
106.03 -0.0117479
106.04 -0.0112613
106.05 -0.0108165
106.06 -0.0104343
106.07 -0.0101329
106.08 -0.00992764
106.09 -0.00983035
106.1 -0.00985823
106.11 -0.0100091
106.12 -0.0102785
106.13 -0.0106608
106.14 -0.0111463
106.15 -0.0117215
106.16 -0.0123693
106.17 -0.0130701
106.18 -0.0138024
106.19 -0.0145379
106.2 -0.0152517
106.21 -0.0159197
106.22 -0.0165186
106.23 -0.0170266
106.24 -0.0174248
106.25 -0.0176967
106.26 -0.0178149
106.27 -0.0177845
106.28 -0.0176021
106.29 -0.0172687
106.3 -0.0167896
106.31 -0.0161744
106.32 -0.0154364
106.33 -0.0145916
106.34 -0.0136553
106.35 -0.0126595
106.36 -0.0116281
106.37 -0.0105857
106.38 -0.00955654
106.39 -0.00856418
106.4 -0.00763026
106.41 -0.00677617
106.42 -0.00602486
106.43 -0.0053816
106.44 -0.0048539
106.45 -0.00444493
106.46 -0.00415338
106.47 -0.00397355
106.48 -0.00389546
106.49 -0.0039076
106.5 -0.0039923
106.51 -0.00412293
106.52 -0.00427653
106.53 -0.00442886
106.54 -0.0045552
106.55 -0.00463121
106.56 -0.00463371
106.57 -0.00453625
106.58 -0.00431743
106.59 -0.00396859
106.6 -0.00347983
106.61 -0.00284583
106.62 -0.00206609
106.63 -0.00114507
106.64 -9.21762e-05
106.65 0.00108415
106.66 0.00236046
106.67 0.00370831
106.68 0.00510104
106.69 0.00650956
106.7 0.00790317
106.71 0.00925046
106.72 0.0105203
106.73 0.0116729
106.74 0.012682
106.75 0.0135269
106.76 0.0141875
106.77 0.0146486
106.78 0.0148999
106.79 0.014937
106.8 0.0147615
106.81 0.0143651
106.82 0.0137765
106.83 0.0130203
106.84 0.0121221
106.85 0.0111124
106.86 0.0100252
106.87 0.00889778
106.88 0.00776917
106.89 0.00668705
106.9 0.00569152
106.91 0.00482068
106.92 0.00411038
106.93 0.00359296
106.94 0.00329626
106.95 0.00324286
106.96 0.00345066
106.97 0.00395473
106.98 0.00473117
106.99 0.00577419
107 0.00707097
107.01 0.0086018
107.02 0.0103405
107.03 0.0122551
107.04 0.01431
107.05 0.0164654
107.06 0.0186648
107.07 0.0208613
107.08 0.0230071
107.09 0.0250554
107.1 0.0269608
107.11 0.0286811
107.12 0.0301707
107.13 0.0313822
107.14 0.0323068
107.15 0.0329261
107.16 0.033229
107.17 0.0332125
107.18 0.0328813
107.19 0.0322482
107.2 0.0313231
107.21 0.030133
107.22 0.0287302
107.23 0.0271556
107.24 0.0254546
107.25 0.0236756
107.26 0.0218693
107.27 0.020087
107.28 0.0183861
107.29 0.0168213
107.3 0.0154331
107.31 0.0142616
107.32 0.0133406
107.33 0.0126974
107.34 0.012352
107.35 0.012316
107.36 0.0126126
107.37 0.0132258
107.38 0.0141282
107.39 0.0152959
107.4 0.0166973
107.41 0.0182942
107.42 0.0200426
107.43 0.0218937
107.44 0.023795
107.45 0.0256837
107.46 0.0275037
107.47 0.0292017
107.48 0.0307265
107.49 0.0320312
107.5 0.0330741
107.51 0.0338197
107.52 0.0342096
107.53 0.0342482
107.54 0.033931
107.55 0.0332584
107.56 0.0322402
107.57 0.030895
107.58 0.0292503
107.59 0.0273414
107.6 0.0251932
107.61 0.0228812
107.62 0.0204595
107.63 0.0179851
107.64 0.0155165
107.65 0.0131119
107.66 0.010828
107.67 0.00872073
107.68 0.00686124
107.69 0.00527414
107.7 0.0039931
107.71 0.00304337
107.72 0.00244111
107.73 0.00219284
107.74 0.00229528
107.75 0.00274256
107.76 0.00352578
107.77 0.00458511
107.78 0.00587907
107.79 0.00735943
107.8 0.00897241
107.81 0.0106602
107.82 0.0123624
107.83 0.0140139
107.84 0.0155433
107.85 0.0168969
107.86 0.0180219
107.87 0.0188708
107.88 0.0194036
107.89 0.0195883
107.9 0.0194017
107.91 0.0188123
107.92 0.0178147
107.93 0.0164392
107.94 0.0147048
107.95 0.0126397
107.96 0.0102809
107.97 0.00767255
107.98 0.00486534
107.99 0.00190992
108 -0.00112459
108.01 -0.00417156
108.02 -0.00717047
108.03 -0.0100627
108.04 -0.0127932
108.05 -0.0153118
108.06 -0.0175746
108.07 -0.0195224
108.08 -0.021137
108.09 -0.0224107
108.1 -0.0233361
108.11 -0.0239154
108.12 -0.0241604
108.13 -0.0240914
108.14 -0.0237374
108.15 -0.0231172
108.16 -0.0222942
108.17 -0.021321
108.18 -0.0202486
108.19 -0.0191295
108.2 -0.0180163
108.21 -0.0169598
108.22 -0.0160082
108.23 -0.0152225
108.24 -0.01463
108.25 -0.0142592
108.26 -0.0141319
108.27 -0.0142618
108.28 -0.0146542
108.29 -0.0153057
108.3 -0.0162062
108.31 -0.0173541
108.32 -0.0186979
108.33 -0.0202038
108.34 -0.0218329
108.35 -0.023543
108.36 -0.0252897
108.37 -0.0270278
108.38 -0.028711
108.39 -0.0302858
108.4 -0.0317189
108.41 -0.032977
108.42 -0.0340321
108.43 -0.0348631
108.44 -0.0354557
108.45 -0.0358032
108.46 -0.0358997
108.47 -0.0357454
108.48 -0.0353749
108.49 -0.0348118
108.5 -0.0340851
108.51 -0.0332282
108.52 -0.0322783
108.53 -0.0312743
108.54 -0.0302575
108.55 -0.029273
108.56 -0.0283584
108.57 -0.0275478
108.58 -0.026871
108.59 -0.0263522
108.6 -0.0260099
108.61 -0.0258556
108.62 -0.0259042
108.63 -0.0261507
108.64 -0.0265746
108.65 -0.0271578
108.66 -0.0278762
108.67 -0.0287003
108.68 -0.0295962
108.69 -0.0305267
108.7 -0.0314494
108.71 -0.032319
108.72 -0.0330964
108.73 -0.0337437
108.74 -0.0342263
108.75 -0.0345138
108.76 -0.034581
108.77 -0.0344088
108.78 -0.0339648
108.79 -0.0332573
108.8 -0.0322962
108.81 -0.0310923
108.82 -0.0296635
108.83 -0.0280342
108.84 -0.0262344
108.85 -0.024299
108.86 -0.0222623
108.87 -0.0201775
108.88 -0.0180893
108.89 -0.0160411
108.9 -0.0140749
108.91 -0.0122306
108.92 -0.0105439
108.93 -0.00904646
108.94 -0.00778757
108.95 -0.00676559
108.96 -0.00599135
108.97 -0.00546853
108.98 -0.00519355
108.99 -0.00515568
109 -0.00533738
109.01 -0.00571682
109.02 -0.00627399
109.03 -0.00695684
109.04 -0.0077272
109.05 -0.00854471
109.06 -0.00936807
109.07 -0.0101562
109.08 -0.0108695
109.09 -0.0114676
109.1 -0.0119058
109.11 -0.0121659
109.12 -0.0122262
109.13 -0.0120713
109.14 -0.0116924
109.15 -0.0110876
109.16 -0.0102619
109.17 -0.00922022
109.18 -0.00797797
109.19 -0.00657388
109.2 -0.00503787
109.21 -0.00340376
109.22 -0.00170821
109.23 1.03752e-05
109.24 0.00171297
109.25 0.0033567
109.26 0.00489963
109.27 0.00631191
109.28 0.00756455
109.29 0.00863346
109.3 0.0095002
109.31 0.0101525
109.32 0.0105845
109.33 0.0107847
109.34 0.0107664
109.35 0.0105543
109.36 0.0101701
109.37 0.0096403
109.38 0.00899627
109.39 0.00827277
109.4 0.00750713
109.41 0.00674081
109.42 0.00601743
109.43 0.00537485
109.44 0.0048487
109.45 0.0044713
109.46 0.00427072
109.47 0.00426994
109.48 0.00448618
109.49 0.00494962
109.5 0.00564891
109.51 0.00657558
109.52 0.00771854
109.53 0.00906022
109.54 0.010577
109.55 0.01224
109.56 0.0140156
109.57 0.0158699
109.58 0.0177525
109.59 0.0196214
109.6 0.0214349
109.61 0.0231527
109.62 0.0247364
109.63 0.0261513
109.64 0.0273656
109.65 0.028332
109.66 0.0290522
109.67 0.0295155
109.68 0.029718
109.69 0.0296632
109.7 0.0293615
109.71 0.0288305
109.72 0.0280911
109.73 0.0271657
109.74 0.0261071
109.75 0.0249554
109.76 0.0237531
109.77 0.0225448
109.78 0.0213751
109.79 0.0202878
109.8 0.0193299
109.81 0.0185506
109.82 0.0179735
109.83 0.0176257
109.84 0.0175281
109.85 0.0176941
109.86 0.0181298
109.87 0.0188334
109.88 0.0198051
109.89 0.0210286
109.9 0.0224619
109.91 0.0240719
109.92 0.0258197
109.93 0.0276615
109.94 0.0295497
109.95 0.0314343
109.96 0.0332584
109.97 0.0349644
109.98 0.0365062
109.99 0.037838
110 0.038918
110.01 0.0397104
110.02 0.0401853
110.03 0.0403203
110.04 0.0400773
110.05 0.0394611
110.06 0.0384887
110.07 0.037173
110.08 0.0355349
110.09 0.033603
110.1 0.0314126
110.11 0.0290052
110.12 0.0264179
110.13 0.0237158
110.14 0.0209557
110.15 0.0181914
110.16 0.0154758
110.17 0.0128599
110.18 0.0103914
110.19 0.00811366
110.2 0.00608754
110.21 0.00432824
110.22 0.00285506
110.23 0.00168215
110.24 0.00081554
110.25 0.000253062
110.26 -1.54394e-05
110.27 -7.6934e-06
110.28 0.000273756
110.29 0.000768973
110.3 0.00144062
110.31 0.00224751
110.32 0.00314587
110.33 0.00409055
110.34 0.00503636
110.35 0.00593829
110.36 0.00674422
110.37 0.00742187
110.38 0.0079394
110.39 0.00827075
110.4 0.00839624
110.41 0.00830311
110.42 0.00798571
110.43 0.00744047
110.44 0.00666643
110.45 0.00569754
110.46 0.00455655
110.47 0.00327131
110.48 0.00187388
110.49 0.000399487
110.5 -0.00111458
110.51 -0.00262874
110.52 -0.0040994
110.53 -0.00549091
110.54 -0.00677016
110.55 -0.00790783
110.56 -0.00887921
110.57 -0.00966485
110.58 -0.0102511
110.59 -0.0106205
110.6 -0.0107714
110.61 -0.0107212
110.62 -0.0104821
110.63 -0.0100717
110.64 -0.00951209
110.65 -0.00882927
110.66 -0.00805216
110.67 -0.0072098
110.68 -0.00633915
110.69 -0.00547401
110.7 -0.00464422
110.71 -0.00387717
110.72 -0.00319689
110.73 -0.00262333
110.74 -0.00217174
110.75 -0.00186203
110.76 -0.00169293
110.77 -0.0016583
110.78 -0.00175057
110.79 -0.00195716
110.8 -0.00226099
110.81 -0.00264114
110.82 -0.00307362
110.83 -0.00353211
110.84 -0.00398471
110.85 -0.00440358
110.86 -0.00476244
110.87 -0.00503705
110.88 -0.00520617
110.89 -0.00525237
110.9 -0.00516267
110.91 -0.00491511
110.92 -0.00452085
110.93 -0.00398512
110.94 -0.0033179
110.95 -0.00253442
110.96 -0.00165483
110.97 -0.000703526
110.98 0.000291582
110.99 0.0012976
111 0.00227826
111.01 0.00320061
111.02 0.00403238
111.03 0.0047431
111.04 0.00530508
111.05 0.00569437
111.06 0.00588778
111.07 0.00585695
111.08 0.00561132
111.09 0.00515037
111.1 0.00447995
111.11 0.00361219
111.12 0.00256521
111.13 0.00136264
111.14 3.01751e-05
111.15 -0.00139909
111.16 -0.00288023
111.17 -0.00437524
111.18 -0.00584556
111.19 -0.00725318
111.2 -0.00856183
111.21 -0.00973811
111.22 -0.0107446
111.23 -0.0115508
111.24 -0.0121493
111.25 -0.0125287
111.26 -0.0126847
111.27 -0.01262
111.28 -0.0123441
111.29 -0.011873
111.3 -0.0112217
111.31 -0.0104237
111.32 -0.00952098
111.33 -0.00855096
111.34 -0.00755352
111.35 -0.00656977
111.36 -0.00564089
111.37 -0.00480682
111.38 -0.00411619
111.39 -0.00360228
111.4 -0.00328835
111.41 -0.00319672
111.42 -0.00334333
111.43 -0.00373715
111.44 -0.00437994
111.45 -0.00526614
111.46 -0.00639937
111.47 -0.00774417
111.48 -0.00926774
111.49 -0.0109372
111.5 -0.0127153
111.51 -0.0145612
111.52 -0.0164319
111.53 -0.0182833
111.54 -0.0200622
111.55 -0.0217274
111.56 -0.0232408
111.57 -0.0245678
111.58 -0.0256784
111.59 -0.0265489
111.6 -0.0271617
111.61 -0.0275063
111.62 -0.0275528
111.63 -0.0273343
111.64 -0.0268639
111.65 -0.0261612
111.66 -0.025252
111.67 -0.0241675
111.68 -0.0229432
111.69 -0.0216173
111.7 -0.0202313
111.71 -0.0188359
111.72 -0.0174733
111.73 -0.016184
111.74 -0.0150058
111.75 -0.0139729
111.76 -0.0131151
111.77 -0.0124619
111.78 -0.0120444
111.79 -0.0118574
111.8 -0.0119045
111.81 -0.0121824
111.82 -0.0126815
111.83 -0.0133862
111.84 -0.0142748
111.85 -0.0153256
111.86 -0.016507
111.87 -0.0177747
111.88 -0.019092
111.89 -0.0204213
111.9 -0.021725
111.91 -0.0229666
111.92 -0.0241117
111.93 -0.0251209
111.94 -0.0259626
111.95 -0.0266216
111.96 -0.0270805
111.97 -0.0273277
111.98 -0.0273569
111.99 -0.0271676
112 -0.0267647
112.01 -0.0261471
112.02 -0.0253364
112.03 -0.024361
112.04 -0.0232446
112.05 -0.0220138
112.06 -0.0206967
112.07 -0.0193228
112.08 -0.0179217
112.09 -0.0165245
112.1 -0.0151616
112.11 -0.0138578
112.12 -0.012635
112.13 -0.0115118
112.14 -0.0105028
112.15 -0.0096187
112.16 -0.00886587
112.17 -0.00825743
112.18 -0.00778141
112.19 -0.00742853
112.2 -0.00718823
112.21 -0.00704688
112.22 -0.00698825
112.23 -0.00699417
112.24 -0.00704506
112.25 -0.00712103
112.26 -0.00719779
112.27 -0.00725567
112.28 -0.00727644
112.29 -0.00724372
112.3 -0.0071434
112.31 -0.00696402
112.32 -0.00669643
112.33 -0.00632688
112.34 -0.0058624
112.35 -0.00530478
112.36 -0.00465884
112.37 -0.00393219
112.38 -0.00313494
112.39 -0.00227927
112.4 -0.00137852
112.41 -0.000447663
112.42 0.000494029
112.43 0.00143075
112.44 0.00234719
112.45 0.00322903
112.46 0.00406337
112.47 0.00483914
112.48 0.00554512
112.49 0.0061714
112.5 0.00671958
112.51 0.00718912
112.52 0.00758213
112.53 0.00790336
112.54 0.00815994
112.55 0.00836116
112.56 0.00851684
112.57 0.00864093
112.58 0.00874976
112.59 0.00885769
112.6 0.0089791
112.61 0.00912792
112.62 0.00931721
112.63 0.00955872
112.64 0.00986642
112.65 0.0102487
112.66 0.0107077
112.67 0.0112463
112.68 0.0118647
112.69 0.0125604
112.7 0.0133286
112.71 0.014162
112.72 0.015054
112.73 0.0159901
112.74 0.0169552
112.75 0.017935
112.76 0.018915
112.77 0.0198802
112.78 0.0208161
112.79 0.0217088
112.8 0.0225404
112.81 0.0233021
112.82 0.0239866
112.83 0.0245875
112.84 0.0251008
112.85 0.0255251
112.86 0.0258615
112.87 0.0261137
112.88 0.0262815
112.89 0.0263803
112.9 0.0264216
112.91 0.0264173
112.92 0.0263805
112.93 0.0263248
112.94 0.0262639
112.95 0.0262112
112.96 0.0261825
112.97 0.0261876
112.98 0.0262356
112.99 0.0263335
113 0.0264856
113.01 0.0266938
113.02 0.0269573
113.03 0.0272729
113.04 0.0276366
113.05 0.0280342
113.06 0.0284538
113.07 0.0288816
113.08 0.0293022
113.09 0.0296992
113.1 0.0300557
113.11 0.0303529
113.12 0.030569
113.13 0.0306937
113.14 0.0307142
113.15 0.0306196
113.16 0.0304022
113.17 0.0300572
113.18 0.029583
113.19 0.0289771
113.2 0.0282431
113.21 0.027399
113.22 0.0264581
113.23 0.0254365
113.24 0.0243531
113.25 0.0232288
113.26 0.022086
113.27 0.0209495
113.28 0.0198462
113.29 0.0187984
113.3 0.0178278
113.31 0.0169539
113.32 0.0161934
113.33 0.0155601
113.34 0.015064
113.35 0.0147198
113.36 0.0145258
113.37 0.0144721
113.38 0.0145503
113.39 0.0147477
113.4 0.0150475
113.41 0.0154294
113.42 0.0158701
113.43 0.0163438
113.44 0.0168184
113.45 0.0172643
113.46 0.0176529
113.47 0.0179566
113.48 0.0181494
113.49 0.0182078
113.5 0.0181116
113.51 0.017829
113.52 0.0173592
113.53 0.0166992
113.54 0.0158481
113.55 0.0148104
113.56 0.0135956
113.57 0.0122182
113.58 0.0106973
113.59 0.00904699
113.6 0.00730789
113.61 0.00551048
113.62 0.0036864
113.63 0.00186817
113.64 8.82152e-05
113.65 -0.001622
113.66 -0.0032319
113.67 -0.00470115
113.68 -0.00601704
113.69 -0.00716134
113.7 -0.00812058
113.71 -0.0088864
113.72 -0.00945578
113.73 -0.0098311
113.74 -0.0100167
113.75 -0.0100163
113.76 -0.0098635
113.77 -0.00958057
113.78 -0.00919295
113.79 -0.00872854
113.8 -0.00821681
113.81 -0.00768787
113.82 -0.00717297
113.83 -0.00670575
113.84 -0.00631108
113.85 -0.00601201
113.86 -0.00582791
113.87 -0.00577391
113.88 -0.00586044
113.89 -0.00609297
113.9 -0.006478
113.91 -0.00701165
113.92 -0.0076747
113.93 -0.00845199
113.94 -0.00932445
113.95 -0.0102697
113.96 -0.0112629
113.97 -0.0122772
113.98 -0.0132831
113.99 -0.0142494
114 -0.0151502
114.01 -0.0159608
114.02 -0.0166594
114.03 -0.0172274
114.04 -0.0176501
114.05 -0.0179172
114.06 -0.0180122
114.07 -0.0179402
114.08 -0.0177119
114.09 -0.0173372
114.1 -0.0168303
114.11 -0.0162093
114.12 -0.0154953
114.13 -0.0147127
114.14 -0.0138859
114.15 -0.0130477
114.16 -0.012226
114.17 -0.0114476
114.18 -0.0107375
114.19 -0.0101186
114.2 -0.00961073
114.21 -0.00923054
114.22 -0.00900409
114.23 -0.00892846
114.24 -0.00900501
114.25 -0.00923207
114.26 -0.00960361
114.27 -0.0101095
114.28 -0.0107358
114.29 -0.0114654
114.3 -0.0122843
114.31 -0.01316
114.32 -0.0140688
114.33 -0.0149865
114.34 -0.015889
114.35 -0.016753
114.36 -0.017557
114.37 -0.01828
114.38 -0.0188965
114.39 -0.0194005
114.4 -0.0197825
114.41 -0.0200363
114.42 -0.0201597
114.43 -0.0201538
114.44 -0.0200234
114.45 -0.0197736
114.46 -0.0194117
114.47 -0.0189602
114.48 -0.0184347
114.49 -0.0178524
114.5 -0.0172312
114.51 -0.0165892
114.52 -0.0159443
114.53 -0.0153149
114.54 -0.0147197
114.55 -0.0141716
114.56 -0.0136828
114.57 -0.0132629
114.58 -0.0129197
114.59 -0.0126584
114.6 -0.0124816
114.61 -0.0123942
114.62 -0.0123941
114.63 -0.012473
114.64 -0.0126255
114.65 -0.0128445
114.66 -0.0131223
114.67 -0.0134504
114.68 -0.0138198
114.69 -0.0142229
114.7 -0.0146493
114.71 -0.0150894
114.72 -0.0155354
114.73 -0.0159806
114.74 -0.0164187
114.75 -0.0168444
114.76 -0.0172532
114.77 -0.0176397
114.78 -0.0180013
114.79 -0.0183361
114.8 -0.0186421
114.81 -0.0189172
114.82 -0.0191595
114.83 -0.0193671
114.84 -0.0195377
114.85 -0.0196654
114.86 -0.0197497
114.87 -0.0197882
114.88 -0.0197773
114.89 -0.0197135
114.9 -0.019593
114.91 -0.0194121
114.92 -0.0191674
114.93 -0.018849
114.94 -0.0184607
114.95 -0.0180013
114.96 -0.0174704
114.97 -0.016869
114.98 -0.0161992
114.99 -0.0154645
115 -0.0146697
115.01 -0.0138176
115.02 -0.0129219
115.03 -0.0119922
115.04 -0.0110393
115.05 -0.0100745
115.06 -0.00911005
115.07 -0.00815834
115.08 -0.00723252
115.09 -0.00634821
115.1 -0.00551429
115.11 -0.00474069
115.12 -0.0040359
115.13 -0.0034067
115.14 -0.00285791
115.15 -0.00239222
115.16 -0.00201267
115.17 -0.00171999
115.18 -0.00150371
115.19 -0.00135703
115.2 -0.00127116
115.21 -0.0012356
115.22 -0.00123842
115.23 -0.00126659
115.24 -0.0013062
115.25 -0.0013413
115.26 -0.00135744
115.27 -0.00134134
115.28 -0.0012807
115.29 -0.00116456
115.3 -0.000983627
115.31 -0.000730479
115.32 -0.000395304
115.33 2.43007e-05
115.34 0.00052504
115.35 0.00110496
115.36 0.00175997
115.37 0.00248407
115.38 0.00326953
115.39 0.00410719
115.4 0.00498888
115.41 0.00590078
115.42 0.0068301
115.43 0.0077655
115.44 0.00869604
115.45 0.00961153
115.46 0.0105028
115.47 0.0113619
115.48 0.0121787
115.49 0.0129504
115.5 0.0136745
115.51 0.0143498
115.52 0.0149759
115.53 0.0155541
115.54 0.0160867
115.55 0.0165766
115.56 0.0170242
115.57 0.0174368
115.58 0.0178186
115.59 0.0181728
115.6 0.018502
115.61 0.018808
115.62 0.0190915
115.63 0.0193519
115.64 0.0195848
115.65 0.0197893
115.66 0.0199611
115.67 0.0200949
115.68 0.0201849
115.69 0.0202246
115.7 0.0202075
115.71 0.0201262
115.72 0.0199694
115.73 0.0197381
115.74 0.0194291
115.75 0.0190407
115.76 0.0185732
115.77 0.0180291
115.78 0.017413
115.79 0.0167302
115.8 0.0159884
115.81 0.0152044
115.82 0.0143916
115.83 0.0135652
115.84 0.0127417
115.85 0.0119379
115.86 0.0111715
115.87 0.0104621
115.88 0.00982986
115.89 0.00928583
115.9 0.00884268
115.91 0.00851072
115.92 0.00829744
115.93 0.00820725
115.94 0.00824123
115.95 0.00840276
115.96 0.0086848
115.97 0.00907102
115.98 0.00954815
115.99 0.0101001
116 0.0107085
116.01 0.0113529
116.02 0.0120117
116.03 0.0126606
116.04 0.0132748
116.05 0.0138332
116.06 0.0143159
116.07 0.0147052
116.08 0.0149858
116.09 0.0151457
116.1 0.0151765
116.11 0.0150635
116.12 0.014813
116.13 0.0144329
116.14 0.0139313
116.15 0.0133203
116.16 0.0126149
116.17 0.011833
116.18 0.0109948
116.19 0.0101212
116.2 0.00923953
116.21 0.00837326
116.22 0.00754447
116.23 0.00677388
116.24 0.00608015
116.25 0.00547927
116.26 0.0049841
116.27 0.00461572
116.28 0.00436851
116.29 0.00424255
116.3 0.00423432
116.31 0.00433651
116.32 0.0045382
116.33 0.00482536
116.34 0.00518166
116.35 0.00559038
116.36 0.00602497
116.37 0.00646448
116.38 0.00688818
116.39 0.00727628
116.4 0.0076106
116.41 0.00787522
116.42 0.00805509
116.43 0.00813398
116.44 0.00811337
116.45 0.00799171
116.46 0.0077713
116.47 0.00745822
116.48 0.00706207
116.49 0.00659563
116.5 0.00607323
116.51 0.00551352
116.52 0.00493948
116.53 0.00437109
116.54 0.00382814
116.55 0.00332953
116.56 0.00289259
116.57 0.00253236
116.58 0.0022654
116.59 0.00210249
116.6 0.00204264
116.61 0.00208602
116.62 0.00222872
116.63 0.00246286
116.64 0.00277677
116.65 0.00315537
116.66 0.00358204
116.67 0.00403297
116.68 0.00448385
116.69 0.00491165
116.7 0.00529351
116.71 0.00560745
116.72 0.00583324
116.73 0.00595309
116.74 0.00594341
116.75 0.00579688
116.76 0.005512
116.77 0.0050878
116.78 0.00452805
116.79 0.00384127
116.8 0.00304051
116.81 0.00214307
116.82 0.00116595
116.83 0.000140779
116.84 -0.000903773
116.85 -0.00193919
116.86 -0.00293644
116.87 -0.00386693
116.88 -0.00470336
116.89 -0.00542067
116.9 -0.00598215
116.91 -0.00638032
116.92 -0.00660394
116.93 -0.00664546
116.94 -0.00650269
116.95 -0.00617892
116.96 -0.00568292
116.97 -0.00502833
116.98 -0.0042231
116.99 -0.00330682
117 -0.00230722
117.01 -0.00125473
117.02 -0.000181497
117.03 0.0008795
117.04 0.0018955
117.05 0.00283334
117.06 0.00365309
117.07 0.00433643
117.08 0.00486205
117.09 0.00521342
117.1 0.00537925
117.11 0.00535391
117.12 0.00513751
117.13 0.00473143
117.14 0.00414091
117.15 0.00339774
117.16 0.00252453
117.17 0.00154775
117.18 0.000496887
117.19 -0.000596462
117.2 -0.00169959
117.21 -0.00277752
117.22 -0.00379322
117.23 -0.00471922
117.24 -0.00552941
117.25 -0.00620167
117.26 -0.00671854
117.27 -0.00706775
117.28 -0.00724265
117.29 -0.00723384
117.3 -0.0070478
117.31 -0.00670554
117.32 -0.00622444
117.33 -0.00562661
117.34 -0.0049382
117.35 -0.00418859
117.36 -0.00340947
117.37 -0.0026363
117.38 -0.0019064
117.39 -0.00125175
117.4 -0.000702611
117.41 -0.000286292
117.42 -2.63082e-05
117.43 5.83491e-05
117.44 -4.61917e-05
117.45 -0.000363103
117.46 -0.000884807
117.47 -0.00160103
117.48 -0.00250104
117.49 -0.00356863
117.5 -0.00478261
117.51 -0.00611738
117.52 -0.00754369
117.53 -0.00903167
117.54 -0.0105397
117.55 -0.0120321
117.56 -0.0134746
117.57 -0.0148341
117.58 -0.01608
117.59 -0.0171847
117.6 -0.0181248
117.61 -0.0188617
117.62 -0.0193988
117.63 -0.0197296
117.64 -0.0198525
117.65 -0.0197717
117.66 -0.0194965
117.67 -0.0190414
117.68 -0.0184243
117.69 -0.0176595
117.7 -0.0167883
117.71 -0.0158399
117.72 -0.0148446
117.73 -0.0138332
117.74 -0.0128363
117.75 -0.011883
117.76 -0.0110024
117.77 -0.0102269
117.78 -0.00957064
117.79 -0.00904961
117.8 -0.00867558
117.81 -0.00845584
117.82 -0.00839309
117.83 -0.00848558
117.84 -0.00873182
117.85 -0.00912512
117.86 -0.0096411
117.87 -0.0102627
117.88 -0.0109705
117.89 -0.0117438
117.9 -0.0125608
117.91 -0.0133995
117.92 -0.0142372
117.93 -0.0150506
117.94 -0.0158211
117.95 -0.0165322
117.96 -0.0171698
117.97 -0.0177225
117.98 -0.0181814
117.99 -0.018541
118 -0.0187921
118.01 -0.0189361
118.02 -0.01898
118.03 -0.0189283
118.04 -0.0187871
118.05 -0.0185637
118.06 -0.0182663
118.07 -0.0179033
118.08 -0.01748
118.09 -0.0170073
118.1 -0.0164943
118.11 -0.0159472
118.12 -0.0153711
118.13 -0.01477
118.14 -0.0141464
118.15 -0.0135019
118.16 -0.0128356
118.17 -0.0121481
118.18 -0.0114393
118.19 -0.0107083
118.2 -0.00995433
118.21 -0.00917751
118.22 -0.00837865
118.23 -0.00755982
118.24 -0.00672346
118.25 -0.00587691
118.26 -0.00502767
118.27 -0.00418489
118.28 -0.00335946
118.29 -0.00256379
118.3 -0.0018116
118.31 -0.00111779
118.32 -0.000506133
118.33 1.41482e-05
118.34 0.000428467
118.35 0.000723425
118.36 0.000887369
118.37 0.000910941
118.38 0.000787592
118.39 0.000511769
118.4 7.36929e-05
118.41 -0.000508346
118.42 -0.00122488
118.43 -0.00206228
118.44 -0.00300286
118.45 -0.00402516
118.46 -0.00510424
118.47 -0.00621217
118.48 -0.00731491
118.49 -0.00837862
118.5 -0.00937072
118.51 -0.0102589
118.52 -0.0110122
118.53 -0.0116017
118.54 -0.0120013
118.55 -0.0121799
118.56 -0.0121131
118.57 -0.0118031
118.58 -0.011245
118.59 -0.0104395
118.6 -0.00939395
118.61 -0.0081218
118.62 -0.00664259
118.63 -0.00497387
118.64 -0.00315091
118.65 -0.00121835
118.66 0.000784847
118.67 0.00281742
118.68 0.00483688
118.69 0.00680069
118.7 0.00866734
118.71 0.0103867
118.72 0.0119223
118.73 0.0132492
118.74 0.0143427
118.75 0.015184
118.76 0.0157614
118.77 0.0160701
118.78 0.0161126
118.79 0.0158809
118.8 0.0154074
118.81 0.0147237
118.82 0.0138605
118.83 0.0128535
118.84 0.011742
118.85 0.0105684
118.86 0.00937616
118.87 0.00821547
118.88 0.0071313
118.89 0.0061632
118.9 0.00534746
118.91 0.00471559
118.92 0.00429344
118.93 0.00410048
118.94 0.00414921
118.95 0.00446899
118.96 0.00503235
118.97 0.0058273
118.98 0.0068356
118.99 0.00803267
119 0.00938839
119.01 0.0108679
119.02 0.0124333
119.03 0.0140429
119.04 0.0156472
119.05 0.0172047
119.06 0.0186751
119.07 0.0200215
119.08 0.0212103
119.09 0.0222132
119.1 0.0230025
119.11 0.0235476
119.12 0.0238576
119.13 0.0239314
119.14 0.0237751
119.15 0.0234014
119.16 0.0228291
119.17 0.0220829
119.18 0.0211883
119.19 0.0201788
119.2 0.0191003
119.21 0.0179903
119.22 0.0168863
119.23 0.0158248
119.24 0.0148402
119.25 0.0139636
119.26 0.0132291
119.27 0.0126627
119.28 0.0122718
119.29 0.0120654
119.3 0.0120465
119.31 0.0122118
119.32 0.0125521
119.33 0.0130527
119.34 0.0137005
119.35 0.0144663
119.36 0.0153161
119.37 0.0162198
119.38 0.0171464
119.39 0.0180646
119.4 0.0189442
119.41 0.0197568
119.42 0.0204688
119.43 0.0210597
119.44 0.0215158
119.45 0.0218253
119.46 0.0219811
119.47 0.0219814
119.48 0.0218293
119.49 0.0215327
119.5 0.0210943
119.51 0.02054
119.52 0.0198921
119.53 0.0191718
119.54 0.0184018
119.55 0.0176049
119.56 0.0168032
119.57 0.0160176
119.58 0.0152711
119.59 0.0145774
119.6 0.0139475
119.61 0.0133888
119.62 0.0129048
119.63 0.0124948
119.64 0.0121542
119.65 0.0118748
119.66 0.0116483
119.67 0.0114542
119.68 0.0112761
119.69 0.0110964
119.7 0.0108976
119.71 0.0106627
119.72 0.0103759
119.73 0.0100227
119.74 0.00958638
119.75 0.00906639
119.76 0.00846031
119.77 0.00776983
119.78 0.00700081
119.79 0.00616314
119.8 0.00527049
119.81 0.00433942
119.82 0.00339147
119.83 0.00245143
119.84 0.00154245
119.85 0.000687816
119.86 -9.0032e-05
119.87 -0.000770372
119.88 -0.00133509
119.89 -0.00176389
119.9 -0.00204231
119.91 -0.00217385
119.92 -0.00215903
119.93 -0.00200368
119.94 -0.00171899
119.95 -0.00132124
119.96 -0.000831439
119.97 -0.000272834
119.98 0.000321646
119.99 0.000917373
120 0.00148169
120.01 0.00198185
120.02 0.00238616
120.03 0.00266509
120.04 0.00279237
120.05 0.00273386
120.06 0.0024759
120.07 0.00201573
120.08 0.00135039
120.09 0.000483716
120.1 -0.00057365
120.11 -0.00180443
120.12 -0.00318514
120.13 -0.00469317
120.14 -0.00628437
120.15 -0.00791741
120.16 -0.0095518
120.17 -0.0111461
120.18 -0.0126593
120.19 -0.0140522
120.2 -0.0152886
120.21 -0.0163179
120.22 -0.0171262
120.23 -0.0176981
120.24 -0.0180226
120.25 -0.0180971
120.26 -0.0179264
120.27 -0.0175237
120.28 -0.0169097
120.29 -0.0160974
120.3 -0.0151426
120.31 -0.0140859
120.32 -0.0129712
120.33 -0.0118446
120.34 -0.0107528
120.35 -0.00974171
120.36 -0.00885637
120.37 -0.00815328
120.38 -0.00765306
120.39 -0.00738154
120.4 -0.00735673
120.41 -0.00758818
120.42 -0.00807651
120.43 -0.00881326
120.44 -0.00978552
120.45 -0.0109753
120.46 -0.0123291
120.47 -0.0138053
120.48 -0.0153568
120.49 -0.0169332
120.5 -0.018482
120.51 -0.0199503
120.52 -0.0212804
120.53 -0.0224125
120.54 -0.0233139
120.55 -0.0239491
120.56 -0.0242906
120.57 -0.0243197
120.58 -0.0240272
120.59 -0.0234143
120.6 -0.0224788
120.61 -0.0212431
120.62 -0.0197569
120.63 -0.0180611
120.64 -0.0162037
120.65 -0.0142382
120.66 -0.0122222
120.67 -0.0102154
120.68 -0.00828538
120.69 -0.00649707
120.7 -0.00490115
120.71 -0.00354618
120.72 -0.00247358
120.73 -0.00171639
120.74 -0.00129814
120.75 -0.00123211
120.76 -0.001545
120.77 -0.00221241
120.78 -0.00320172
120.79 -0.00448165
120.8 -0.00601209
120.81 -0.00774527
120.82 -0.00962726
120.83 -0.0115996
120.84 -0.0135984
120.85 -0.0155535
120.86 -0.0174042
120.87 -0.0190939
120.88 -0.0205708
120.89 -0.02179
120.9 -0.0227148
120.91 -0.0233174
120.92 -0.0235477
120.93 -0.0234287
120.94 -0.0229688
120.95 -0.0221842
120.96 -0.0211005
120.97 -0.0197522
120.98 -0.0181812
120.99 -0.0164353
121 -0.0145617
121.01 -0.0126326
121.02 -0.0107047
121.03 -0.00883354
121.04 -0.00707192
121.05 -0.00546805
121.06 -0.00406428
121.07 -0.00290014
121.08 -0.00202287
121.09 -0.001428
121.1 -0.00112226
121.11 -0.00110307
121.12 -0.00135882
121.13 -0.00186941
121.14 -0.00260708
121.15 -0.00354166
121.16 -0.00463497
121.17 -0.00582884
121.18 -0.00707671
121.19 -0.00833147
121.2 -0.00954701
121.21 -0.0106796
121.22 -0.0116893
121.23 -0.0125335
121.24 -0.0131761
121.25 -0.0136065
121.26 -0.013811
121.27 -0.0137838
121.28 -0.013526
121.29 -0.0130462
121.3 -0.012359
121.31 -0.0114769
121.32 -0.0104299
121.33 -0.00925704
121.34 -0.00799053
121.35 -0.00666377
121.36 -0.00531005
121.37 -0.00396142
121.38 -0.00264767
121.39 -0.0014008
121.4 -0.000243863
121.41 0.000808719
121.42 0.00174511
121.43 0.00255859
121.44 0.00324748
121.45 0.00381481
121.46 0.00426794
121.47 0.0046111
121.48 0.00486531
121.49 0.00504948
121.5 0.00518085
121.51 0.00527669
121.52 0.00535339
121.53 0.00542567
121.54 0.00550586
121.55 0.0056054
121.56 0.00572894
121.57 0.00587763
121.58 0.0060492
121.59 0.00623781
121.6 0.00643445
121.61 0.00662738
121.62 0.00680282
121.63 0.0069408
121.64 0.00702765
121.65 0.00704843
121.66 0.00698966
121.67 0.0068402
121.68 0.00659195
121.69 0.00624057
121.7 0.00578488
121.71 0.00522236
121.72 0.00457267
121.73 0.00385076
121.74 0.00307589
121.75 0.00227114
121.76 0.00146279
121.77 0.000679457
121.78 -4.68345e-05
121.79 -0.000677371
121.8 -0.00118756
121.81 -0.00155021
121.82 -0.00174136
121.83 -0.00174125
121.84 -0.00153517
121.85 -0.0011142
121.86 -0.000468413
121.87 0.000403721
121.88 0.00147518
121.89 0.00272699
121.9 0.00413407
121.91 0.00566594
121.92 0.00728753
121.93 0.00896027
121.94 0.0106416
121.95 0.0122837
121.96 0.0138449
121.97 0.0152858
121.98 0.0165706
121.99 0.0176676
122 0.0185513
122.01 0.0192023
122.02 0.0195941
122.03 0.0197269
122.04 0.0196168
122.05 0.0192773
122.06 0.0187291
122.07 0.0179998
122.08 0.0171226
122.09 0.0161356
122.1 0.0150788
122.11 0.0140037
122.12 0.0129562
122.13 0.0119792
122.14 0.0111127
122.15 0.0103926
122.16 0.00984952
122.17 0.00950766
122.18 0.00940263
122.19 0.00952944
122.2 0.00988288
122.21 0.0104538
122.22 0.0112255
122.23 0.0121737
122.24 0.0132684
122.25 0.014474
122.26 0.0157537
122.27 0.0170556
122.28 0.0183362
122.29 0.0195535
122.3 0.0206682
122.31 0.0216447
122.32 0.0224525
122.33 0.0230666
122.34 0.0234499
122.35 0.0236143
122.36 0.0235608
122.37 0.0232988
122.38 0.0228452
122.39 0.0222244
122.4 0.0214669
122.41 0.0206076
122.42 0.0196869
122.43 0.0187553
122.44 0.0178557
122.45 0.0170297
122.46 0.0163164
122.47 0.0157503
122.48 0.0153605
122.49 0.0151752
122.5 0.015219
122.51 0.0154809
122.52 0.0159561
122.53 0.0166304
122.54 0.0174817
122.55 0.0184795
122.56 0.0195867
122.57 0.020761
122.58 0.0219489
122.59 0.0230962
122.6 0.0241519
122.61 0.0250659
122.62 0.025791
122.63 0.0262846
122.64 0.0265101
122.65 0.0264214
122.66 0.0259973
122.67 0.0252434
122.68 0.0241604
122.69 0.0227589
122.7 0.0210595
122.71 0.0190916
122.72 0.0168931
122.73 0.0145006
122.74 0.0119768
122.75 0.00938411
122.76 0.00678014
122.77 0.00422267
122.78 0.0017678
122.79 -0.000531869
122.8 -0.00262883
122.81 -0.00446104
122.82 -0.00600589
122.83 -0.00724784
122.84 -0.00817491
122.85 -0.00878513
122.86 -0.00908654
122.87 -0.00909677
122.88 -0.00884237
122.89 -0.00834126
122.9 -0.00765693
122.91 -0.00683982
122.92 -0.00594066
122.93 -0.00501159
122.94 -0.00410446
122.95 -0.0032691
122.96 -0.00255165
122.97 -0.00201246
122.98 -0.00167178
122.99 -0.0015543
123 -0.00167637
123.01 -0.00204543
123.02 -0.00265995
123.03 -0.00350962
123.04 -0.00457794
123.05 -0.0058505
123.06 -0.0072743
123.07 -0.00881086
123.08 -0.0104184
123.09 -0.0120535
123.1 -0.0136726
123.11 -0.0152336
123.12 -0.016694
123.13 -0.0180084
123.14 -0.0191568
123.15 -0.0201181
123.16 -0.0208783
123.17 -0.0214311
123.18 -0.0217779
123.19 -0.0219275
123.2 -0.0218903
123.21 -0.0216865
123.22 -0.0213563
123.23 -0.0209316
123.24 -0.0204465
123.25 -0.019936
123.26 -0.0194344
123.27 -0.0189743
123.28 -0.0185891
123.29 -0.0183067
123.3 -0.0181406
123.31 -0.0181017
123.32 -0.0181941
123.33 -0.0184147
123.34 -0.0187535
123.35 -0.0191939
123.36 -0.019716
123.37 -0.0202866
123.38 -0.0208701
123.39 -0.0214315
123.4 -0.0219349
123.41 -0.0223452
123.42 -0.022629
123.43 -0.0227562
123.44 -0.0226874
123.45 -0.022409
123.46 -0.0219157
123.47 -0.021204
123.48 -0.0202783
123.49 -0.0191511
123.5 -0.0178421
123.51 -0.0163786
123.52 -0.0147873
123.53 -0.0131193
123.54 -0.0114203
123.55 -0.00973596
123.56 -0.00811249
123.57 -0.00659521
123.58 -0.00522683
123.59 -0.00404599
123.6 -0.0031092
123.61 -0.00242453
123.62 -0.00200712
123.63 -0.001865
123.64 -0.00199722
123.65 -0.00239384
123.66 -0.00303611
123.67 -0.00389803
123.68 -0.00495769
123.69 -0.00615262
123.7 -0.00743624
123.71 -0.00875901
123.72 -0.01007
123.73 -0.0113185
123.74 -0.012456
123.75 -0.0134341
123.76 -0.0141961
123.77 -0.0147242
123.78 -0.0149947
123.79 -0.0149926
123.8 -0.014712
123.81 -0.0141562
123.82 -0.0133377
123.83 -0.0122715
123.84 -0.0109818
123.85 -0.00952338
123.86 -0.00793885
123.87 -0.00627472
123.88 -0.00457966
123.89 -0.00290288
123.9 -0.00129245
123.91 0.00019991
123.92 0.00152556
123.93 0.00265772
123.94 0.00356948
123.95 0.0042417
123.96 0.00466358
123.97 0.00483286
123.98 0.00475571
123.99 0.00443535
124 0.0038985
124.01 0.00318595
124.02 0.00233242
124.03 0.00137632
124.04 0.000358279
124.05 -0.000680364
124.06 -0.00169909
124.07 -0.00265355
124.08 -0.00350738
124.09 -0.00423457
124.1 -0.00481296
124.11 -0.00522718
124.12 -0.00546912
124.13 -0.00553804
124.14 -0.00544047
124.15 -0.00517953
124.16 -0.00478578
124.17 -0.00428882
124.18 -0.00371834
124.19 -0.00310656
124.2 -0.00248683
124.21 -0.00189221
124.22 -0.00135414
124.23 -0.000910733
124.24 -0.00058115
124.25 -0.000381786
124.26 -0.000323897
124.27 -0.000412006
124.28 -0.000643679
124.29 -0.00100957
124.3 -0.00149375
124.31 -0.00208125
124.32 -0.00273231
124.33 -0.00341491
124.34 -0.00409462
124.35 -0.00473589
124.36 -0.00530349
124.37 -0.00576399
124.38 -0.00608525
124.39 -0.0062265
124.4 -0.00618198
124.41 -0.0059399
124.42 -0.00549589
124.43 -0.00485334
124.44 -0.00402344
124.45 -0.00302497
124.46 -0.00188121
124.47 -0.000622606
124.48 0.000701744
124.49 0.00204999
124.5 0.00337824
124.51 0.00464214
124.52 0.00579849
124.53 0.00680684
124.54 0.00762337
124.55 0.00820813
124.56 0.00855198
124.57 0.00864143
124.58 0.00847175
124.59 0.00804732
124.6 0.00738156
124.61 0.00649668
124.62 0.00541597
124.63 0.00418188
124.64 0.0028491
124.65 0.00146648
124.66 8.53052e-05
124.67 -0.00124247
124.68 -0.002466
124.69 -0.00353736
124.7 -0.00439935
124.71 -0.00501456
124.72 -0.00536397
124.73 -0.00542903
124.74 -0.00520083
124.75 -0.0046805
124.76 -0.00387926
124.77 -0.00281811
124.78 -0.00151368
124.79 -1.92445e-05
124.8 0.00161168
124.81 0.00332746
124.82 0.00507326
124.83 0.00679295
124.84 0.00843099
124.85 0.00993436
124.86 0.0112356
124.87 0.0123009
124.88 0.0131009
124.89 0.0136117
124.9 0.0138195
124.91 0.0137209
124.92 0.013323
124.93 0.0126432
124.94 0.0116878
124.95 0.0105201
124.96 0.00918665
124.97 0.00773814
124.98 0.00622902
124.99 0.0047156
125 0.00325414
125.01 0.00189975
125.02 0.000721406
125.03 -0.000249166
125.04 -0.000976872
125.05 -0.00143553
125.06 -0.00160877
125.07 -0.0014906
125.08 -0.00108555
125.09 -0.000404242
125.1 0.000541015
125.11 0.00169204
125.12 0.00300583
125.13 0.00443371
125.14 0.00592303
125.15 0.00741915
125.16 0.00886738
125.17 0.0102105
125.18 0.0113881
125.19 0.0123667
125.2 0.0131126
125.21 0.0136011
125.22 0.0138174
125.23 0.013757
125.24 0.0134263
125.25 0.0128327
125.26 0.0120035
125.27 0.0109914
125.28 0.00984146
125.29 0.00860457
125.3 0.00733544
125.31 0.00609073
125.32 0.00492702
125.33 0.00390876
125.34 0.00309132
125.35 0.00251022
125.36 0.00219968
125.37 0.00218447
125.38 0.00247893
125.39 0.00308636
125.4 0.00399876
125.41 0.00521365
125.42 0.0066877
125.43 0.0083691
125.44 0.0102082
125.45 0.012149
125.46 0.0141311
125.47 0.0160913
125.48 0.0179665
125.49 0.0196793
125.5 0.0211746
125.51 0.0224065
125.52 0.0233332
125.53 0.0239228
125.54 0.0241538
125.55 0.0240165
125.56 0.0235128
125.57 0.0226272
125.58 0.0214164
125.59 0.0199227
125.6 0.0181931
125.61 0.0162821
125.62 0.0142496
125.63 0.0121593
125.64 0.0100761
125.65 0.00807787
125.66 0.00622289
125.67 0.00456607
125.68 0.003155
125.69 0.00202854
125.7 0.00121553
125.71 0.000733919
125.72 0.000594258
125.73 0.000815561
125.74 0.00134873
125.75 0.0021646
125.76 0.00322483
125.77 0.00448333
125.78 0.00588796
125.79 0.00738236
125.8 0.0089072
125.81 0.0103956
125.82 0.0117899
125.83 0.0130386
125.84 0.0140962
125.85 0.0149248
125.86 0.0154954
125.87 0.0157888
125.88 0.0157857
125.89 0.0154807
125.9 0.0149066
125.91 0.014087
125.92 0.0130536
125.93 0.0118454
125.94 0.0105069
125.95 0.00908636
125.96 0.00763486
125.97 0.00620931
125.98 0.00485851
125.99 0.00362575
126 0.00254851
126.01 0.00165712
126.02 0.000973625
126.03 0.000511038
126.04 0.000285886
126.05 0.00028582
126.06 0.000483894
126.07 0.000854049
126.08 0.00136283
126.09 0.00197069
126.1 0.00263356
126.11 0.00330449
126.12 0.0039292
126.13 0.00445734
126.14 0.00484685
126.15 0.00505927
126.16 0.00506252
126.17 0.00483225
126.18 0.00435278
126.19 0.00361783
126.2 0.00261095
126.21 0.00136488
126.22 -9.11529e-05
126.23 -0.001724
126.24 -0.00349326
126.25 -0.00535266
126.26 -0.00725171
126.27 -0.00913741
126.28 -0.0109448
126.29 -0.0126235
126.3 -0.0141261
126.31 -0.0154102
126.32 -0.0164404
126.33 -0.0171894
126.34 -0.0176396
126.35 -0.017781
126.36 -0.0175905
126.37 -0.0171127
126.38 -0.0163726
126.39 -0.015404
126.4 -0.0142485
126.41 -0.0129541
126.42 -0.0115733
126.43 -0.010162
126.44 -0.00878441
126.45 -0.00749682
126.46 -0.00635026
126.47 -0.00539039
126.48 -0.00465598
126.49 -0.00417751
126.5 -0.00397611
126.51 -0.00407156
126.52 -0.004475
126.53 -0.00515336
126.54 -0.00608417
126.55 -0.00723579
126.56 -0.00856854
126.57 -0.0100361
126.58 -0.0115872
126.59 -0.0131659
126.6 -0.0147089
126.61 -0.0161604
126.62 -0.0174689
126.63 -0.0185883
126.64 -0.0194787
126.65 -0.0201086
126.66 -0.0204554
126.67 -0.0204904
126.68 -0.0202146
126.69 -0.0196531
126.7 -0.0188267
126.71 -0.0177656
126.72 -0.0165084
126.73 -0.0151005
126.74 -0.0135925
126.75 -0.0120396
126.76 -0.0105058
126.77 -0.00904771
126.78 -0.00771789
126.79 -0.00656425
126.8 -0.00562854
126.81 -0.0049449
126.82 -0.00453868
126.83 -0.0044489
126.84 -0.00466402
126.85 -0.00516984
126.86 -0.00594902
126.87 -0.00697488
126.88 -0.0082123
126.89 -0.00961902
126.9 -0.011147
126.91 -0.0127456
126.92 -0.0143498
126.93 -0.0159047
126.94 -0.0173577
126.95 -0.0186605
126.96 -0.0197697
126.97 -0.0206489
126.98 -0.0212696
126.99 -0.0215833
127 -0.0216087
127.01 -0.0213478
127.02 -0.0208119
127.03 -0.0200214
127.04 -0.0190047
127.05 -0.0177975
127.06 -0.0164396
127.07 -0.0149741
127.08 -0.0134618
127.09 -0.0119517
127.1 -0.0104913
127.11 -0.00912513
127.12 -0.00789346
127.13 -0.00683077
127.14 -0.00597006
127.15 -0.00534408
127.16 -0.00494711
127.17 -0.00478038
127.18 -0.00483684
127.19 -0.00510158
127.2 -0.00555253
127.21 -0.00616146
127.22 -0.00689822
127.23 -0.00772339
127.24 -0.00858975
127.25 -0.00945756
127.26 -0.0102882
127.27 -0.0110458
127.28 -0.0116982
127.29 -0.0122182
127.3 -0.0125765
127.31 -0.0127567
127.32 -0.0127612
127.33 -0.0125913
127.34 -0.0122551
127.35 -0.0117673
127.36 -0.011148
127.37 -0.0104224
127.38 -0.00961624
127.39 -0.00876634
127.4 -0.00790792
127.41 -0.0070726
127.42 -0.00629006
127.43 -0.00558693
127.44 -0.00498563
127.45 -0.00450354
127.46 -0.00416216
127.47 -0.00396091
127.48 -0.00389345
127.49 -0.00395106
127.5 -0.00411919
127.51 -0.00437812
127.52 -0.0047038
127.53 -0.00506886
127.54 -0.00544198
127.55 -0.00578909
127.56 -0.00608042
127.57 -0.00628838
127.58 -0.00638861
127.59 -0.00636107
127.6 -0.00619094
127.61 -0.00586931
127.62 -0.00537927
127.63 -0.00474046
127.64 -0.00396593
127.65 -0.00307404
127.66 -0.00208859
127.67 -0.001038
127.68 4.58416e-05
127.69 0.00112844
127.7 0.00216781
127.71 0.00313028
127.72 0.00398383
127.73 0.00470006
127.74 0.00525544
127.75 0.00563239
127.76 0.00582013
127.77 0.00581183
127.78 0.0056014
127.79 0.00521908
127.8 0.00468672
127.81 0.00403311
127.82 0.0032931
127.83 0.00250648
127.84 0.00171666
127.85 0.000971978
127.86 0.000327524
127.87 -0.000175903
127.88 -0.000497313
127.89 -0.000600584
127.9 -0.000455901
127.91 -4.10007e-05
127.92 0.000657817
127.93 0.00165698
127.94 0.00295363
127.95 0.00451323
127.96 0.00630867
127.97 0.00830407
127.98 0.0104557
127.99 0.0127133
128 0.0150216
128.01 0.0173181
128.02 0.0195346
128.03 0.0216128
128.04 0.0234964
128.05 0.0251341
128.06 0.026481
128.07 0.0275004
128.08 0.0281652
128.09 0.0284334
128.1 0.0283123
128.11 0.0278237
128.12 0.0269878
128.13 0.0258355
128.14 0.0244079
128.15 0.0227548
128.16 0.0209332
128.17 0.0190029
128.18 0.0170434
128.19 0.0151248
128.2 0.0133139
128.21 0.0116739
128.22 0.0102631
128.23 0.00913243
128.24 0.00832424
128.25 0.0079046
128.26 0.00786625
128.27 0.00821138
128.28 0.00893388
128.29 0.0100157
128.3 0.0114272
128.31 0.0131283
128.32 0.01507
128.33 0.0172068
128.34 0.0194514
128.35 0.0217361
128.36 0.0239919
128.37 0.0261509
128.38 0.0281478
128.39 0.0299222
128.4 0.0314165
128.41 0.0325574
128.42 0.0333372
128.43 0.0337338
128.44 0.0337369
128.45 0.0333477
128.46 0.032579
128.47 0.0314547
128.48 0.0300019
128.49 0.0282554
128.5 0.0262913
128.51 0.0241673
128.52 0.0219444
128.53 0.0196852
128.54 0.017452
128.55 0.0153049
128.56 0.0133069
128.57 0.0115187
128.58 0.00997163
128.59 0.00869761
128.6 0.00771921
128.61 0.0070489
128.62 0.00668895
128.63 0.00663154
128.64 0.0068718
128.65 0.00737969
128.66 0.00810459
128.67 0.00900456
128.68 0.010033
128.69 0.0111402
128.7 0.012275
128.71 0.0133868
128.72 0.0144192
128.73 0.0153234
128.74 0.016063
128.75 0.0166053
128.76 0.0169245
128.77 0.0170026
128.78 0.0168298
128.79 0.0164046
128.8 0.015717
128.81 0.0147948
128.82 0.0136679
128.83 0.0123649
128.84 0.0109192
128.85 0.00936762
128.86 0.00774926
128.87 0.00610391
128.88 0.00447518
128.89 0.00290304
128.9 0.00142082
128.91 5.78613e-05
128.92 -0.00116159
128.93 -0.00221903
128.94 -0.00310205
128.95 -0.00380463
128.96 -0.00431027
128.97 -0.00464347
128.98 -0.00481842
128.99 -0.00485329
129 -0.0047703
129.01 -0.00459484
129.02 -0.00435445
129.03 -0.00407776
129.04 -0.00379592
129.05 -0.00353937
129.06 -0.00333358
129.07 -0.00320116
129.08 -0.00316114
129.09 -0.00322852
129.1 -0.00341382
129.11 -0.00372533
129.12 -0.00417167
129.13 -0.00473815
129.14 -0.00541608
129.15 -0.00619308
129.16 -0.00705359
129.17 -0.00797955
129.18 -0.00895111
129.19 -0.00994748
129.2 -0.0109451
129.21 -0.0119221
129.22 -0.0128593
129.23 -0.0137399
129.24 -0.0145491
129.25 -0.0152753
129.26 -0.0159102
129.27 -0.0164444
129.28 -0.016875
129.29 -0.0172103
129.3 -0.0174558
129.31 -0.0176199
129.32 -0.0177134
129.33 -0.0177491
129.34 -0.0177408
129.35 -0.017703
129.36 -0.0176529
129.37 -0.0176066
129.38 -0.017578
129.39 -0.0175795
129.4 -0.0176219
129.41 -0.0177137
129.42 -0.0178614
129.43 -0.0180728
129.44 -0.018347
129.45 -0.0186801
129.46 -0.0190677
129.47 -0.0195032
129.48 -0.0199783
129.49 -0.0204825
129.5 -0.0210044
129.51 -0.0215306
129.52 -0.022046
129.53 -0.022537
129.54 -0.02299
129.55 -0.0233922
129.56 -0.0237313
129.57 -0.0239962
129.58 -0.0241771
129.59 -0.0242566
129.6 -0.0242349
129.61 -0.0241085
129.62 -0.0238745
129.63 -0.0235319
129.64 -0.0230816
129.65 -0.0225262
129.66 -0.0218698
129.67 -0.02111
129.68 -0.0202644
129.69 -0.0193425
129.7 -0.0183548
129.71 -0.0173131
129.72 -0.0162301
129.73 -0.0151195
129.74 -0.0139955
129.75 -0.0128748
129.76 -0.0117735
129.77 -0.0107068
129.78 -0.00968969
129.79 -0.0087367
129.8 -0.00786168
129.81 -0.00707747
129.82 -0.00639851
129.83 -0.00584143
129.84 -0.00540596
129.85 -0.00509757
129.86 -0.00491929
129.87 -0.00487152
129.88 -0.00495186
129.89 -0.00515502
129.9 -0.00547662
129.91 -0.00590644
129.92 -0.0064226
129.93 -0.00700788
129.94 -0.00764277
129.95 -0.00830588
129.96 -0.00897432
129.97 -0.00962427
129.98 -0.0102282
129.99 -0.0107587
130 -0.0111956
130.01 -0.0115177
130.02 -0.0117066
130.03 -0.0117465
130.04 -0.0116254
130.05 -0.0113351
130.06 -0.0108615
130.07 -0.0102101
130.08 -0.00939485
130.09 -0.00842751
130.1 -0.00732455
130.11 -0.00610669
130.12 -0.00479848
130.13 -0.00342772
130.14 -0.00202478
130.15 -0.000626888
130.16 0.000732292
130.17 0.00202031
130.18 0.00320611
130.19 0.00426097
130.2 0.00515941
130.21 0.00588006
130.22 0.00638882
130.23 0.00668788
130.24 0.00677666
130.25 0.0066576
130.26 0.00633937
130.27 0.00583668
130.28 0.0051699
130.29 0.00436455
130.3 0.0034433
130.31 0.00245309
130.32 0.00143076
130.33 0.000413806
130.34 -0.000560383
130.35 -0.0014557
130.36 -0.00223849
130.37 -0.00287737
130.38 -0.00333032
130.39 -0.00359266
130.4 -0.00365222
130.41 -0.00350368
130.42 -0.00314874
130.43 -0.00259614
130.44 -0.00186145
130.45 -0.00096406
130.46 7.28533e-05
130.47 0.00120307
130.48 0.0023897
130.49 0.0035936
130.5 0.0047748
130.51 0.00589374
130.52 0.00691271
130.53 0.00779189
130.54 0.00849183
130.55 0.00899911
130.56 0.00929728
130.57 0.00937715
130.58 0.00923726
130.59 0.00888403
130.6 0.00833164
130.61 0.00759524
130.62 0.00670565
130.63 0.00570846
130.64 0.00464363
130.65 0.0035543
130.66 0.00248528
130.67 0.0014816
130.68 0.000586908
130.69 -0.000147599
130.7 -0.00068298
130.71 -0.000997246
130.72 -0.00106846
130.73 -0.0008827
130.74 -0.000434675
130.75 0.000271931
130.76 0.0012244
130.77 0.00241431
130.78 0.00379967
130.79 0.0053342
130.8 0.00697318
130.81 0.00866729
130.82 0.0103642
130.83 0.01201
130.84 0.0135515
130.85 0.014921
130.86 0.0160758
130.87 0.0169789
130.88 0.017597
130.89 0.0179051
130.9 0.0178875
130.91 0.0175383
130.92 0.0168619
130.93 0.0158465
130.94 0.0145459
130.95 0.0129986
130.96 0.0112484
130.97 0.0093452
130.98 0.00734429
130.99 0.00530422
131 0.00328536
131.01 0.00136143
131.02 -0.000413774
131.03 -0.0019877
131.04 -0.00331382
131.05 -0.00435308
131.06 -0.00507507
131.07 -0.00545898
131.08 -0.00548929
131.09 -0.00514157
131.1 -0.0044593
131.11 -0.00346541
131.12 -0.00219198
131.13 -0.000679251
131.14 0.00102576
131.15 0.00287069
131.16 0.00480013
131.17 0.0067506
131.18 0.00865885
131.19 0.0104695
131.2 0.0121313
131.21 0.0135982
131.22 0.0148312
131.23 0.0157991
131.24 0.0164682
131.25 0.0168176
131.26 0.0168645
131.27 0.0166175
131.28 0.016094
131.29 0.0153195
131.3 0.0143268
131.31 0.0131548
131.32 0.0118425
131.33 0.0104426
131.34 0.00900988
131.35 0.00759154
131.36 0.00623275
131.37 0.00497506
131.38 0.00385516
131.39 0.00290377
131.4 0.0021577
131.41 0.00163002
131.42 0.00131971
131.43 0.00122573
131.44 0.00133951
131.45 0.00164558
131.46 0.0021223
131.47 0.00274288
131.48 0.00348229
131.49 0.00429771
131.5 0.005151
131.51 0.00600734
131.52 0.00683346
131.53 0.00759888
131.54 0.00827695
131.55 0.00884575
131.56 0.00927707
131.57 0.00956911
131.58 0.00972088
131.59 0.00973549
131.6 0.00962173
131.61 0.00939357
131.62 0.00906944
131.63 0.00867128
131.64 0.00822127
131.65 0.00775223
131.66 0.00729022
131.67 0.00685989
131.68 0.00648359
131.69 0.00618036
131.7 0.0059651
131.71 0.00584883
131.72 0.00584508
131.73 0.00594262
131.74 0.00613403
131.75 0.0064067
131.76 0.00674337
131.77 0.0071228
131.78 0.00752061
131.79 0.00790951
131.8 0.00825663
131.81 0.00853575
131.82 0.00872127
131.83 0.00879024
131.84 0.00872342
131.85 0.00850616
131.86 0.00812905
131.87 0.00758333
131.88 0.00686666
131.89 0.00600054
131.9 0.00500105
131.91 0.0038897
131.92 0.00269274
131.93 0.00144029
131.94 0.000165312
131.95 -0.00109535
131.96 -0.0023014
131.97 -0.00341995
131.98 -0.00441955
131.99 -0.00527233
132 -0.00595508
132.01 -0.0064501
132.02 -0.0067459
132.03 -0.00682643
132.04 -0.00669741
132.05 -0.00637891
132.06 -0.00588834
132.07 -0.00524904
132.08 -0.00448953
132.09 -0.00364247
132.1 -0.00274354
132.11 -0.00183178
132.12 -0.00094974
132.13 -0.00013389
132.14 0.000582398
132.15 0.00116979
132.16 0.0016041
132.17 0.00186722
132.18 0.00194785
132.19 0.00182736
132.2 0.00152178
132.21 0.00104786
132.22 0.000425299
132.23 -0.000319916
132.24 -0.00115645
132.25 -0.00204874
132.26 -0.00295828
132.27 -0.00383929
132.28 -0.00465019
132.29 -0.00535351
132.3 -0.00591496
132.31 -0.00630507
132.32 -0.00650042
132.33 -0.00648467
132.34 -0.00624875
132.35 -0.00577227
132.36 -0.00508764
132.37 -0.0042139
132.38 -0.00317803
132.39 -0.00201421
132.4 -0.00076274
132.41 0.000531193
132.42 0.00181812
132.43 0.00303799
132.44 0.00414189
132.45 0.00508185
132.46 0.00581378
132.47 0.00629906
132.48 0.00650596
132.49 0.00641092
132.5 0.00599099
132.51 0.00522671
132.52 0.00415003
132.53 0.00277923
132.54 0.00114238
132.55 -0.000723433
132.56 -0.00277314
132.57 -0.00495498
132.58 -0.00721247
132.59 -0.00947773
132.6 -0.0116847
132.61 -0.0137725
132.62 -0.0156831
132.63 -0.0173632
132.64 -0.0187661
132.65 -0.0198528
132.66 -0.0205752
132.67 -0.0209126
132.68 -0.020877
132.69 -0.0204737
132.7 -0.0197192
132.71 -0.0186404
132.72 -0.017274
132.73 -0.0156651
132.74 -0.0138577
132.75 -0.0119216
132.76 -0.00992579
132.77 -0.00793297
132.78 -0.00600499
132.79 -0.00420078
132.8 -0.00257454
132.81 -0.00117399
132.82 -6.09535e-05
132.83 0.000744698
132.84 0.0012324
132.85 0.00139505
132.86 0.00123643
132.87 0.000771003
132.88 2.3267e-05
132.89 -0.00097308
132.9 -0.00218998
132.91 -0.00355895
132.92 -0.00502308
132.93 -0.006526
132.94 -0.0080108
132.95 -0.00942186
132.96 -0.0107068
132.97 -0.0118182
132.98 -0.0126907
132.99 -0.0133104
133 -0.0136562
133.01 -0.0137161
133.02 -0.0134883
133.03 -0.0129812
133.04 -0.0122129
133.05 -0.0112089
133.06 -0.00999261
133.07 -0.00862885
133.08 -0.00716638
133.09 -0.00565722
133.1 -0.0041549
133.11 -0.00271267
133.12 -0.00138169
133.13 -0.00021355
133.14 0.000733691
133.15 0.00144006
133.16 0.00188039
133.17 0.00203843
133.18 0.00190739
133.19 0.00149003
133.2 0.000798593
133.21 -0.000152996
133.22 -0.00133879
133.23 -0.00270358
133.24 -0.00420372
133.25 -0.00579156
133.26 -0.00741703
133.27 -0.00902932
133.28 -0.0105785
133.29 -0.0120104
133.3 -0.0132746
133.31 -0.0143417
133.32 -0.0151823
133.33 -0.0157748
133.34 -0.0161059
133.35 -0.0161711
133.36 -0.0159742
133.37 -0.0155148
133.38 -0.0148198
133.39 -0.0139288
133.4 -0.0128761
133.41 -0.0117005
133.42 -0.0104435
133.43 -0.00914811
133.44 -0.00785738
133.45 -0.00661872
133.46 -0.005473
133.47 -0.00445169
133.48 -0.00358241
133.49 -0.00288636
133.5 -0.00237775
133.51 -0.00206344
133.52 -0.00194283
133.53 -0.00202183
133.54 -0.00227207
133.55 -0.00266745
133.56 -0.00318068
133.57 -0.00378056
133.58 -0.00443311
133.59 -0.00510295
133.6 -0.00575452
133.61 -0.00634563
133.62 -0.00684639
133.63 -0.00723004
133.64 -0.00747411
133.65 -0.00756172
133.66 -0.00748207
133.67 -0.00723084
133.68 -0.00680972
133.69 -0.00621351
133.7 -0.00547472
133.71 -0.00461453
133.72 -0.00365845
133.73 -0.00263534
133.74 -0.00157635
133.75 -0.00051368
133.76 0.000519638
133.77 0.00148547
133.78 0.00235926
133.79 0.00311732
133.8 0.00374063
133.81 0.00421557
133.82 0.00453436
133.83 0.0046954
133.84 0.00469951
133.85 0.00455264
133.86 0.00428385
133.87 0.00391581
133.88 0.00347529
133.89 0.00299223
133.9 0.00249861
133.91 0.00202738
133.92 0.00161462
133.93 0.00129728
133.94 0.00109943
133.95 0.00104496
133.96 0.00115295
133.97 0.00143696
133.98 0.00190451
133.99 0.0025567
134 0.00339656
134.01 0.00440967
134.02 0.00556761
134.03 0.00684555
134.04 0.00821404
134.05 0.00963986
134.06 0.0110871
134.07 0.0125183
134.08 0.0138898
134.09 0.0151615
134.1 0.0163014
134.11 0.0172786
134.12 0.0180665
134.13 0.0186439
134.14 0.0189955
134.15 0.0191122
134.16 0.0189743
134.17 0.0185994
134.18 0.0180064
134.19 0.0172143
134.2 0.0162474
134.21 0.0151351
134.22 0.0139105
134.23 0.0126097
134.24 0.0112709
134.25 0.00993903
134.26 0.0086525
134.27 0.00744722
134.28 0.00635619
134.29 0.00540853
134.3 0.00462868
134.31 0.00403574
134.32 0.00366344
134.33 0.00349918
134.34 0.00354172
134.35 0.00378426
134.36 0.00421415
134.37 0.00481343
134.38 0.00555941
134.39 0.00642627
134.4 0.0073883
134.41 0.00840266
134.42 0.00943622
134.43 0.010456
134.44 0.01143
134.45 0.0123284
134.46 0.0131242
134.47 0.0137907
134.48 0.0142984
134.49 0.0146445
134.5 0.0148205
134.51 0.0148234
134.52 0.0146552
134.53 0.014323
134.54 0.0138382
134.55 0.013213
134.56 0.0124654
134.57 0.0116275
134.58 0.0107242
134.59 0.00978173
134.6 0.00882662
134.61 0.00788508
134.62 0.00698219
134.63 0.00614499
134.64 0.00539755
134.65 0.0047532
134.66 0.00422539
134.67 0.00382374
134.68 0.00355393
134.69 0.00341759
134.7 0.00341238
134.71 0.00353876
134.72 0.00378379
134.73 0.00412858
134.74 0.00455717
134.75 0.00505161
134.76 0.00559252
134.77 0.00615968
134.78 0.00673262
134.79 0.00728883
134.8 0.00780753
134.81 0.00827186
134.82 0.00866637
134.83 0.00897795
134.84 0.00919611
134.85 0.00931323
134.86 0.00932462
134.87 0.00922004
134.88 0.00900793
134.89 0.0086953
134.9 0.0082896
134.91 0.0078006
134.92 0.00724004
134.93 0.00662134
134.94 0.00595913
134.95 0.00526779
134.96 0.00456699
134.97 0.00387274
134.98 0.00320026
134.99 0.00256386
135 0.00197662
135.01 0.00145001
135.02 0.000994034
135.03 0.000624258
135.04 0.000338602
135.05 0.000139735
135.06 2.80323e-05
135.07 1.60867e-06
135.08 5.64086e-05
135.09 0.000186341
135.1 0.000384345
135.11 0.000643662
135.12 0.000947411
135.13 0.00128335
135.14 0.00163853
135.15 0.00199966
135.16 0.00235336
135.17 0.00268655
135.18 0.0029855
135.19 0.00323526
135.2 0.00342829
135.21 0.00355594
135.22 0.00361121
135.23 0.00358894
135.24 0.00348588
135.25 0.0033008
135.26 0.0030314
135.27 0.00267934
135.28 0.00225479
135.29 0.00176468
135.3 0.00121751
135.31 0.000623106
135.32 -7.5642e-06
135.33 -0.000662738
135.34 -0.00133009
135.35 -0.00199543
135.36 -0.002646
135.37 -0.00327009
135.38 -0.00385689
135.39 -0.00439672
135.4 -0.00488135
135.41 -0.00530416
135.42 -0.00565602
135.43 -0.00593581
135.44 -0.00614589
135.45 -0.00628819
135.46 -0.00636669
135.47 -0.00638733
135.48 -0.00635786
135.49 -0.00628764
135.5 -0.00618599
135.51 -0.00606755
135.52 -0.00594567
135.53 -0.00583316
135.54 -0.00574275
135.55 -0.00568668
135.56 -0.0056763
135.57 -0.00572179
135.58 -0.00583799
135.59 -0.00602733
135.6 -0.00629307
135.61 -0.00663713
135.62 -0.00705905
135.63 -0.00755593
135.64 -0.00812245
135.65 -0.00875102
135.66 -0.00943586
135.67 -0.0101589
135.68 -0.0109063
135.69 -0.0116631
135.7 -0.0124135
135.71 -0.0131412
135.72 -0.0138299
135.73 -0.0144628
135.74 -0.0150176
135.75 -0.0154859
135.76 -0.0158558
135.77 -0.0161171
135.78 -0.0162622
135.79 -0.0162856
135.8 -0.0161847
135.81 -0.0159568
135.82 -0.0155979
135.83 -0.015124
135.84 -0.0145434
135.85 -0.0138667
135.86 -0.0131067
135.87 -0.0122777
135.88 -0.0113957
135.89 -0.0104769
135.9 -0.00954052
135.91 -0.00860667
135.92 -0.00769299
135.93 -0.00681655
135.94 -0.00599348
135.95 -0.00523869
135.96 -0.00456552
135.97 -0.00399029
135.98 -0.00352465
135.99 -0.0031703
136 -0.00293198
136.01 -0.00281215
136.02 -0.00281101
136.03 -0.00292658
136.04 -0.00315473
136.05 -0.00349501
136.06 -0.00393671
136.07 -0.00446526
136.08 -0.00506927
136.09 -0.00573618
136.1 -0.00645249
136.11 -0.00720395
136.12 -0.0079758
136.13 -0.00875231
136.14 -0.00951644
136.15 -0.0102532
136.16 -0.0109483
136.17 -0.0115877
136.18 -0.0121585
136.19 -0.0126487
136.2 -0.0130473
136.21 -0.0133359
136.22 -0.013512
136.23 -0.0135717
136.24 -0.0135106
136.25 -0.0133264
136.26 -0.0130188
136.27 -0.0125894
136.28 -0.0120421
136.29 -0.0113734
136.3 -0.0106022
136.31 -0.00974028
136.32 -0.00880059
136.33 -0.00779805
136.34 -0.00674933
136.35 -0.00567261
136.36 -0.00458741
136.37 -0.00351744
136.38 -0.0024843
136.39 -0.00150917
136.4 -0.000612865
136.41 0.000184583
136.42 0.000864447
136.43 0.00140975
136.44 0.00180314
136.45 0.00202038
136.46 0.0020662
136.47 0.00193596
136.48 0.00162881
136.49 0.00114786
136.5 0.000500347
136.51 -0.000302398
136.52 -0.00124836
136.53 -0.00232107
136.54 -0.00348696
136.55 -0.00471949
136.56 -0.00598969
136.57 -0.00726672
136.58 -0.00851858
136.59 -0.00971279
136.6 -0.0108123
136.61 -0.0117799
136.62 -0.0125928
136.63 -0.0132255
136.64 -0.013656
136.65 -0.0138667
136.66 -0.0138446
136.67 -0.0135819
136.68 -0.0130641
136.69 -0.0122963
136.7 -0.0113012
136.71 -0.0100946
136.72 -0.00869773
136.73 -0.0071364
136.74 -0.00544056
136.75 -0.0036435
136.76 -0.00177943
136.77 0.000107604
136.78 0.00197705
136.79 0.00379113
136.8 0.00551358
136.81 0.00711055
136.82 0.00855152
136.83 0.00981004
136.84 0.0108477
136.85 0.0116577
136.86 0.012236
136.87 0.0125798
136.88 0.012692
136.89 0.0125815
136.9 0.012263
136.91 0.0117562
136.92 0.0110737
136.93 0.0102592
136.94 0.00934668
136.95 0.00837007
136.96 0.00736407
136.97 0.00636339
136.98 0.00540173
136.99 0.00451091
137 0.00373247
137.01 0.00308353
137.02 0.00258412
137.03 0.00224965
137.04 0.0020904
137.05 0.0021114
137.06 0.00231239
137.07 0.00268967
137.08 0.00324469
137.09 0.00394607
137.1 0.00477454
137.11 0.00570785
137.12 0.00672154
137.13 0.00778971
137.14 0.00888585
137.15 0.00998305
137.16 0.0110519
137.17 0.0120694
137.18 0.0130151
137.19 0.0138712
137.2 0.0146235
137.21 0.0152615
137.22 0.0157785
137.23 0.0161673
137.24 0.0164252
137.25 0.0165655
137.26 0.0165963
137.27 0.0165282
137.28 0.0163738
137.29 0.0161471
137.3 0.015863
137.31 0.0155355
137.32 0.0151811
137.33 0.0148156
137.34 0.0144513
137.35 0.0140986
137.36 0.0137658
137.37 0.0134591
137.38 0.0131821
137.39 0.0129379
137.4 0.0127248
137.41 0.0125381
137.42 0.0123729
137.43 0.0122231
137.44 0.0120815
137.45 0.011941
137.46 0.011794
137.47 0.0116326
137.48 0.0114506
137.49 0.0112442
137.5 0.0110106
137.51 0.0107489
137.52 0.0104599
137.53 0.0101464
137.54 0.00981271
137.55 0.00946455
137.56 0.00911116
137.57 0.0087614
137.58 0.00842443
137.59 0.00810946
137.6 0.00782533
137.61 0.00758005
137.62 0.0073804
137.63 0.00723658
137.64 0.00714726
137.65 0.00711242
137.66 0.00712998
137.67 0.0071954
137.68 0.00730173
137.69 0.00743976
137.7 0.00759834
137.71 0.00776384
137.72 0.00792021
137.73 0.0080526
137.74 0.00814616
137.75 0.0081866
137.76 0.00816081
137.77 0.00805735
137.78 0.00786548
137.79 0.00757196
137.8 0.00718163
137.81 0.00669526
137.82 0.00611714
137.83 0.00545509
137.84 0.00472034
137.85 0.00392727
137.86 0.0030925
137.87 0.00223717
137.88 0.00138568
137.89 0.000560528
137.9 -0.000215595
137.91 -0.000920565
137.92 -0.00153357
137.93 -0.00203584
137.94 -0.00240564
137.95 -0.00262628
137.96 -0.00269777
137.97 -0.00261662
137.98 -0.0023839
137.99 -0.00200532
138 -0.0014912
138.01 -0.000856221
138.02 -0.000114976
138.03 0.000706466
138.04 0.00157746
138.05 0.00247022
138.06 0.00335578
138.07 0.00420488
138.08 0.00498878
138.09 0.00568018
138.1 0.00624502
138.11 0.00666243
138.12 0.00691966
138.13 0.007004
138.14 0.00690757
138.15 0.00662765
138.16 0.00616675
138.17 0.00553255
138.18 0.00472685
138.19 0.00377774
138.2 0.00271152
138.21 0.00155384
138.22 0.000332851
138.23 -0.00092154
138.24 -0.00217859
138.25 -0.00340761
138.26 -0.00457121
138.27 -0.0056435
138.28 -0.00660064
138.29 -0.00742147
138.3 -0.00808882
138.31 -0.00858998
138.32 -0.00891698
138.33 -0.00906675
138.34 -0.00902421
138.35 -0.00881467
138.36 -0.00845043
138.37 -0.00794751
138.38 -0.0073253
138.39 -0.00660597
138.4 -0.00581372
138.41 -0.00497388
138.42 -0.00411364
138.43 -0.00326262
138.44 -0.00244546
138.45 -0.00168504
138.46 -0.00100197
138.47 -0.000414033
138.48 6.41077e-05
138.49 0.000418285
138.5 0.000633213
138.51 0.000715363
138.52 0.000665068
138.53 0.000485945
138.54 0.0001846
138.55 -0.000229731
138.56 -0.000745607
138.57 -0.00135237
138.58 -0.002036
138.59 -0.00277542
138.6 -0.00355513
138.61 -0.00435988
138.62 -0.00517506
138.63 -0.00598705
138.64 -0.00678346
138.65 -0.00755161
138.66 -0.00828079
138.67 -0.00896513
138.68 -0.00959886
138.69 -0.0101777
138.7 -0.0106987
138.71 -0.0111602
138.72 -0.0115615
138.73 -0.0118993
138.74 -0.0121755
138.75 -0.012394
138.76 -0.0125562
138.77 -0.0126638
138.78 -0.0127185
138.79 -0.0127217
138.8 -0.0126751
138.81 -0.0125769
138.82 -0.0124308
138.83 -0.0122401
138.84 -0.0120069
138.85 -0.0117338
138.86 -0.0114239
138.87 -0.0110812
138.88 -0.0107101
138.89 -0.010315
138.9 -0.00990444
138.91 -0.00948637
138.92 -0.00906909
138.93 -0.0086615
138.94 -0.008273
138.95 -0.0079132
138.96 -0.00759165
138.97 -0.00732286
138.98 -0.00711182
138.99 -0.00696541
139 -0.00688943
139.01 -0.00688798
139.02 -0.00696322
139.03 -0.00711513
139.04 -0.00734177
139.05 -0.00764412
139.06 -0.00800754
139.07 -0.00842233
139.08 -0.00887681
139.09 -0.00935769
139.1 -0.00985035
139.11 -0.0103394
139.12 -0.0108083
139.13 -0.0112375
139.14 -0.0116141
139.15 -0.0119249
139.16 -0.0121585
139.17 -0.0123058
139.18 -0.0123606
139.19 -0.0123194
139.2 -0.0121795
139.21 -0.0119408
139.22 -0.0116176
139.23 -0.0112201
139.24 -0.0107614
139.25 -0.0102569
139.26 -0.00972364
139.27 -0.0091801
139.28 -0.00864636
139.29 -0.00814408
139.3 -0.00769012
139.31 -0.00730027
139.32 -0.00698785
139.33 -0.0067632
139.34 -0.00663313
139.35 -0.00660056
139.36 -0.0066691
139.37 -0.00683155
139.38 -0.00707268
139.39 -0.00737806
139.4 -0.00772981
139.41 -0.00810721
139.42 -0.00848733
139.43 -0.00884585
139.44 -0.00915329
139.45 -0.00938373
139.46 -0.0095164
139.47 -0.00953126
139.48 -0.00941163
139.49 -0.00914498
139.5 -0.00872357
139.51 -0.00814494
139.52 -0.00740107
139.53 -0.00651077
139.54 -0.00549371
139.55 -0.00437106
139.56 -0.00316874
139.57 -0.00191668
139.58 -0.000647974
139.59 0.000602142
139.6 0.00178934
139.61 0.00287855
139.62 0.00383655
139.63 0.00463238
139.64 0.00523925
139.65 0.00563561
139.66 0.00580599
139.67 0.00574179
139.68 0.0054187
139.69 0.00486866
139.7 0.00410785
139.71 0.00315969
139.72 0.00205441
139.73 0.000828335
139.74 -0.000477181
139.75 -0.00181669
139.76 -0.00313601
139.77 -0.00438396
139.78 -0.0055126
139.79 -0.00647646
139.8 -0.00723403
139.81 -0.00774913
139.82 -0.00799221
139.83 -0.00793421
139.84 -0.00754451
139.85 -0.00684439
139.86 -0.00584142
139.87 -0.00455252
139.88 -0.0030036
139.89 -0.00122887
139.9 0.000730083
139.91 0.00282836
139.92 0.00500899
139.93 0.00720728
139.94 0.00936608
139.95 0.011429
139.96 0.0133423
139.97 0.0150563
139.98 0.0165273
139.99 0.0177041
140 0.018554
140.01 0.019076
140.02 0.0192637
140.03 0.0191211
140.04 0.0186625
140.05 0.0179116
140.06 0.0169014
140.07 0.0156626
140.08 0.0142532
140.09 0.0127356
140.1 0.0111664
140.11 0.00960277
140.12 0.00810157
140.13 0.00671684
140.14 0.0054983
140.15 0.00450728
140.16 0.00377441
140.17 0.00331866
140.18 0.00315589
140.19 0.00329185
140.2 0.00372205
140.21 0.00443195
140.22 0.00539748
140.23 0.00660099
140.24 0.00798259
140.25 0.00949061
140.26 0.0110733
140.27 0.0126764
140.28 0.0142455
140.29 0.0157272
140.3 0.0170714
140.31 0.0182117
140.32 0.0191232
140.33 0.0197778
140.34 0.0201552
140.35 0.0202447
140.36 0.0200454
140.37 0.0195661
140.38 0.0188238
140.39 0.0178283
140.4 0.016641
140.41 0.0153047
140.42 0.0138667
140.43 0.0123776
140.44 0.010889
140.45 0.00945179
140.46 0.00811732
140.47 0.00694411
140.48 0.00596045
140.49 0.00519639
140.5 0.00467373
140.51 0.00440526
140.52 0.00439442
140.53 0.00463519
140.54 0.00511859
140.55 0.00582592
140.56 0.00670718
140.57 0.00772297
140.58 0.00882916
140.59 0.00997851
140.6 0.0111224
140.61 0.0122124
140.62 0.0131964
140.63 0.0140244
140.64 0.0146673
140.65 0.0150963
140.66 0.015291
140.67 0.0152393
140.68 0.0149385
140.69 0.0143951
140.7 0.0136138
140.71 0.0126242
140.72 0.0114703
140.73 0.0101914
140.74 0.00883161
140.75 0.00743788
140.76 0.00605868
140.77 0.00474203
140.78 0.00354373
140.79 0.00250687
140.8 0.00166232
140.81 0.00103792
140.82 0.00065335
140.83 0.000519339
140.84 0.000637236
140.85 0.000998872
140.86 0.00160218
140.87 0.00240472
140.88 0.00336525
140.89 0.0044415
140.9 0.0055863
140.91 0.0067492
140.92 0.00787823
140.93 0.00892171
140.94 0.00981391
140.95 0.0105162
140.96 0.0109919
140.97 0.0112101
140.98 0.0111482
140.99 0.0107932
141 0.0101421
141.01 0.00920183
141.02 0.00796472
141.03 0.0064887
141.04 0.00481111
141.05 0.0029765
141.06 0.00103522
141.07 -0.000958273
141.08 -0.00294717
141.09 -0.00487276
141.1 -0.00666442
141.11 -0.00827727
141.12 -0.00966562
141.13 -0.0107909
141.14 -0.011623
141.15 -0.0121413
141.16 -0.0123353
141.17 -0.0121975
141.18 -0.0117243
141.19 -0.0109641
141.2 -0.00994958
141.21 -0.00872164
141.22 -0.00732806
141.23 -0.00582191
141.24 -0.00425986
141.25 -0.00270253
141.26 -0.00121686
141.27 0.000142854
141.28 0.00132609
141.29 0.0022885
141.3 0.00299334
141.31 0.00341262
141.32 0.00352805
141.33 0.00331682
141.34 0.00278129
141.35 0.00195351
141.36 0.000858432
141.37 -0.000470187
141.38 -0.00199096
141.39 -0.00365629
141.4 -0.00541397
141.41 -0.00720765
141.42 -0.00897353
141.43 -0.0106557
141.44 -0.0122026
141.45 -0.0135677
141.46 -0.0147105
141.47 -0.0155984
141.48 -0.0162073
141.49 -0.016501
141.5 -0.0164878
141.51 -0.0161838
141.52 -0.0156057
141.53 -0.0147787
141.54 -0.0137363
141.55 -0.0125183
141.56 -0.0111698
141.57 -0.00973708
141.58 -0.00828154
141.59 -0.00685532
141.6 -0.00550733
141.61 -0.004283
141.62 -0.00322279
141.63 -0.00236095
141.64 -0.00172448
141.65 -0.00135658
141.66 -0.00124503
141.67 -0.00138774
141.68 -0.00177539
141.69 -0.00239052
141.7 -0.00320822
141.71 -0.0041971
141.72 -0.00532101
141.73 -0.00654303
141.74 -0.00780742
141.75 -0.00906995
141.76 -0.0102873
141.77 -0.0114185
141.78 -0.0124263
141.79 -0.0132781
141.8 -0.0139438
141.81 -0.0143886
141.82 -0.0146171
141.83 -0.014626
141.84 -0.014419
141.85 -0.0140073
141.86 -0.0134084
141.87 -0.0126458
141.88 -0.0117445
141.89 -0.0107367
141.9 -0.00966669
141.91 -0.00857038
141.92 -0.00748346
141.93 -0.00644013
141.94 -0.00547191
141.95 -0.00460673
141.96 -0.00387417
141.97 -0.00329671
141.98 -0.00287794
141.99 -0.00262331
142 -0.0025325
142.01 -0.0025996
142.02 -0.00281367
142.03 -0.00315927
142.04 -0.0036221
142.05 -0.00417626
142.06 -0.00479252
142.07 -0.00544626
142.08 -0.00611329
142.09 -0.00677077
142.1 -0.00739804
142.11 -0.00797738
142.12 -0.00848974
142.13 -0.0089261
142.14 -0.00928359
142.15 -0.00956125
142.16 -0.00976208
142.17 -0.0098927
142.18 -0.00996282
142.19 -0.00998458
142.2 -0.00997032
142.21 -0.00993823
142.22 -0.00990363
142.23 -0.00988002
142.24 -0.00987901
142.25 -0.00990964
142.26 -0.00997779
142.27 -0.0100857
142.28 -0.0102346
142.29 -0.0104147
142.3 -0.0106149
142.31 -0.0108209
142.32 -0.0110156
142.33 -0.0111792
142.34 -0.0112902
142.35 -0.0113265
142.36 -0.0112539
142.37 -0.0110601
142.38 -0.0107269
142.39 -0.0102396
142.4 -0.00958785
142.41 -0.00876593
142.42 -0.00777377
142.43 -0.00661524
142.44 -0.00529243
142.45 -0.00383912
142.46 -0.00228024
142.47 -0.000645823
142.48 0.0010297
142.49 0.00270845
142.5 0.00435013
142.51 0.00591023
142.52 0.00733624
142.53 0.00859519
142.54 0.00965061
142.55 0.0104703
142.56 0.0110276
142.57 0.0113021
142.58 0.0112807
142.59 0.0109474
142.6 0.0102983
142.61 0.00936626
142.62 0.00817315
142.63 0.00674836
142.64 0.00512834
142.65 0.00335568
142.66 0.00147796
142.67 -0.000453406
142.68 -0.00237738
142.69 -0.00423719
142.7 -0.00597967
142.71 -0.00755439
142.72 -0.00891501
142.73 -0.0100207
142.74 -0.0108372
142.75 -0.0113178
142.76 -0.0114494
142.77 -0.0112381
142.78 -0.0106861
142.79 -0.00980484
142.8 -0.00861444
142.81 -0.00714315
142.82 -0.00542662
142.83 -0.00349558
142.84 -0.00141168
142.85 0.000767944
142.86 0.00299012
142.87 0.00520133
142.88 0.0073492
142.89 0.00938395
142.9 0.0112597
142.91 0.0129161
142.92 0.0143295
142.93 0.0154778
142.94 0.0163432
142.95 0.0169159
142.96 0.0171942
142.97 0.0171844
142.98 0.0169005
142.99 0.0163416
143 0.0155612
143.01 0.0145938
143.02 0.0134767
143.03 0.0122496
143.04 0.0109538
143.05 0.00963049
143.06 0.00832033
143.07 0.00706957
143.08 0.00591023
143.09 0.00487189
143.1 0.00397913
143.11 0.00325101
143.12 0.00270075
143.13 0.00233562
143.14 0.00216034
143.15 0.00218117
143.16 0.00237187
143.17 0.00271711
143.18 0.00319769
143.19 0.00379141
143.2 0.00447385
143.21 0.00521928
143.22 0.00600184
143.23 0.00679323
143.24 0.00756707
143.25 0.0083014
143.26 0.008977
143.27 0.00957783
143.28 0.0100913
143.29 0.0105087
143.3 0.0108206
143.31 0.0110244
143.32 0.0111292
143.33 0.0111412
143.34 0.0110695
143.35 0.0109253
143.36 0.0107214
143.37 0.010472
143.38 0.0101907
143.39 0.00989436
143.4 0.00959794
143.41 0.00931402
143.42 0.00905351
143.43 0.00882538
143.44 0.00863641
143.45 0.00849101
143.46 0.00839417
143.47 0.00834364
143.48 0.00833458
143.49 0.00836173
143.5 0.00841805
143.51 0.00849509
143.52 0.00858332
143.53 0.00867254
143.54 0.0087507
143.55 0.00880696
143.56 0.00883191
143.57 0.00881687
143.58 0.00875441
143.59 0.0086386
143.6 0.00846522
143.61 0.00823187
143.62 0.00793274
143.63 0.00757455
143.64 0.00716171
143.65 0.00669975
143.66 0.00619575
143.67 0.00565816
143.68 0.00509656
143.69 0.00452141
143.7 0.00394467
143.71 0.00337885
143.72 0.00283526
143.73 0.00232483
143.74 0.00185787
143.75 0.00144383
143.76 0.00109104
143.77 0.000807514
143.78 0.000604871
143.79 0.000480549
143.8 0.000436404
143.81 0.00047252
143.82 0.000587171
143.83 0.000776841
143.84 0.00103626
143.85 0.00135979
143.86 0.00174052
143.87 0.00216341
143.88 0.0026169
143.89 0.00308839
143.9 0.00356443
143.91 0.00403102
143.92 0.00447383
143.93 0.00487653
143.94 0.00522184
143.95 0.005499
143.96 0.00569564
143.97 0.00580065
143.98 0.00580454
143.99 0.00569965
144 0.0054805
144.01 0.00513822
144.02 0.00467215
144.03 0.00409137
144.04 0.00340163
144.05 0.00261158
144.06 0.00173263
144.07 0.000778913
144.08 -0.000232939
144.09 -0.00128516
144.1 -0.00235342
144.11 -0.00341376
144.12 -0.00444292
144.13 -0.00541736
144.14 -0.00631387
144.15 -0.00711013
144.16 -0.00778539
144.17 -0.00830974
144.18 -0.00867218
144.19 -0.00886515
144.2 -0.00888088
144.21 -0.00871589
144.22 -0.00837119
144.23 -0.00785247
144.24 -0.00717014
144.25 -0.00632828
144.26 -0.00535893
144.27 -0.00428877
144.28 -0.00314534
144.29 -0.00195882
144.3 -0.000761275
144.31 0.000414185
144.32 0.00153429
144.33 0.00255511
144.34 0.00345171
144.35 0.00419733
144.36 0.00476853
144.37 0.00514643
144.38 0.00531735
144.39 0.00527335
144.4 0.00501105
144.41 0.00451761
144.42 0.00382571
144.43 0.00295369
144.44 0.00192548
144.45 0.000770025
144.46 -0.000479525
144.47 -0.0017867
144.48 -0.0031123
144.49 -0.00441058
144.5 -0.00564095
144.51 -0.00676544
144.52 -0.00774894
144.53 -0.00856024
144.54 -0.00917311
144.55 -0.00956717
144.56 -0.00972117
144.57 -0.00961917
144.58 -0.00928025
144.59 -0.00871455
144.6 -0.00793951
144.61 -0.00697939
144.62 -0.00586466
144.63 -0.00463108
144.64 -0.00331728
144.65 -0.00197175
144.66 -0.000643772
144.67 0.00062167
144.68 0.00178107
144.69 0.00279376
144.7 0.00362326
144.71 0.00423846
144.72 0.00460053
144.73 0.00469292
144.74 0.00451942
144.75 0.0040809
144.76 0.00338667
144.77 0.00245419
144.78 0.0013086
144.79 -1.80031e-05
144.8 -0.0014941
144.81 -0.00306646
144.82 -0.00468333
144.83 -0.00629611
144.84 -0.00785613
144.85 -0.00931623
144.86 -0.0106322
144.87 -0.0117644
144.88 -0.0126594
144.89 -0.0133008
144.9 -0.0136762
144.91 -0.0137768
144.92 -0.0136029
144.93 -0.0131632
144.94 -0.0124753
144.95 -0.0115648
144.96 -0.0104507
144.97 -0.00919172
144.98 -0.00783449
144.99 -0.00642672
145 -0.00501755
145.01 -0.00365593
145.02 -0.00238899
145.03 -0.00126077
145.04 -0.000331016
145.05 0.000383823
145.06 0.000860211
145.07 0.00108291
145.08 0.00104548
145.09 0.000750502
145.1 0.000209467
145.11 -0.000560189
145.12 -0.00154144
145.13 -0.00267837
145.14 -0.00392922
145.15 -0.00524828
145.16 -0.00658743
145.17 -0.00789783
145.18 -0.0091315
145.19 -0.0102388
145.2 -0.011166
145.21 -0.0118887
145.22 -0.0123799
145.23 -0.0126205
145.24 -0.0126003
145.25 -0.0123178
145.26 -0.011781
145.27 -0.0109986
145.28 -0.00999422
145.29 -0.00881696
145.3 -0.00750705
145.31 -0.00610935
145.32 -0.00467182
145.33 -0.00324389
145.34 -0.00187481
145.35 -0.000619377
145.36 0.000472944
145.37 0.00137087
145.38 0.00204403
145.39 0.00246991
145.4 0.00263458
145.41 0.00253328
145.42 0.00217056
145.43 0.00154646
145.44 0.000692766
145.45 -0.000348315
145.46 -0.00153777
145.47 -0.00283125
145.48 -0.00418063
145.49 -0.00553555
145.5 -0.00684527
145.51 -0.00804987
145.52 -0.00910268
145.53 -0.00996614
145.54 -0.0106064
145.55 -0.0109971
145.56 -0.0111208
145.57 -0.0109689
145.58 -0.0105426
145.59 -0.00983188
145.6 -0.00887823
145.61 -0.0077164
145.62 -0.00638424
145.63 -0.00492563
145.64 -0.00338905
145.65 -0.00182593
145.66 -0.000288909
145.67 0.00115752
145.68 0.00246728
145.69 0.00359646
145.7 0.00450688
145.71 0.00516769
145.72 0.0055565
145.73 0.00566014
145.74 0.005473
145.75 0.00497896
145.76 0.00422345
145.77 0.00323386
145.78 0.00204561
145.79 0.000700949
145.8 -0.000752413
145.81 -0.00226295
145.82 -0.00377595
145.83 -0.0052284
145.84 -0.00656909
145.85 -0.00775023
145.86 -0.00872946
145.87 -0.00947133
145.88 -0.00994849
145.89 -0.0101427
145.9 -0.010036
145.91 -0.00962044
145.92 -0.00893006
145.93 -0.00798818
145.94 -0.00682673
145.95 -0.00548525
145.96 -0.00400952
145.97 -0.00245002
145.98 -0.000861459
145.99 0.000693968
146 0.00216148
146.01 0.00349063
146.02 0.00463575
146.03 0.00555751
146.04 0.00622427
146.05 0.00661321
146.06 0.00669484
146.07 0.00647001
146.08 0.00596194
146.09 0.00519048
146.1 0.00418482
146.11 0.00298265
146.12 0.00162891
146.13 0.000174361
146.14 -0.00132519
146.15 -0.00280401
146.16 -0.00420323
146.17 -0.00546726
146.18 -0.00654428
146.19 -0.00738795
146.2 -0.00795893
146.21 -0.0082262
146.22 -0.00814139
146.23 -0.00771218
146.24 -0.00694747
146.25 -0.00585956
146.26 -0.00447097
146.27 -0.00281377
146.28 -0.00092858
146.29 0.00113666
146.3 0.00333436
146.31 0.00559052
146.32 0.00784347
146.33 0.0100328
146.34 0.0121
146.35 0.0139902
146.36 0.0156541
146.37 0.0170485
146.38 0.0181069
146.39 0.018834
146.4 0.0192169
146.41 0.0192533
146.42 0.018951
146.43 0.0183279
146.44 0.0174112
146.45 0.0162337
146.46 0.0148276
146.47 0.013265
146.48 0.0115995
146.49 0.00988685
146.5 0.00818334
146.51 0.00654378
146.52 0.00502001
146.53 0.0036647
146.54 0.00253341
146.55 0.00164562
146.56 0.00102541
146.57 0.000688018
146.58 0.000639606
146.59 0.0008772
146.6 0.00138899
146.61 0.00216337
146.62 0.0031742
146.63 0.00437011
146.64 0.00571079
146.65 0.00715244
146.66 0.00864921
146.67 0.0101547
146.68 0.0116234
146.69 0.0130062
146.7 0.0142586
146.71 0.0153516
146.72 0.0162579
146.73 0.016957
146.74 0.0174354
146.75 0.0176869
146.76 0.0177129
146.77 0.0175092
146.78 0.0170984
146.79 0.0165112
146.8 0.0157744
146.81 0.0149187
146.82 0.0139771
146.83 0.0129843
146.84 0.0119749
146.85 0.0109862
146.86 0.0100518
146.87 0.00919859
146.88 0.00844963
146.89 0.00782307
146.9 0.00733166
146.91 0.00698246
146.92 0.00677676
146.93 0.00672123
146.94 0.00679465
146.95 0.00697916
146.96 0.0072551
146.97 0.00759962
146.98 0.00798758
146.99 0.0083925
147 0.00878756
147.01 0.00914065
147.02 0.00942882
147.03 0.00963083
147.04 0.00972866
147.05 0.00970829
147.06 0.00956014
147.07 0.00927933
147.08 0.00886479
147.09 0.0083114
147.1 0.0076419
147.11 0.00687076
147.12 0.00601597
147.13 0.00509836
147.14 0.00414089
147.15 0.00316782
147.16 0.00220459
147.17 0.00128025
147.18 0.000416413
147.19 -0.000366412
147.2 -0.00105058
147.21 -0.00162187
147.22 -0.00206991
147.23 -0.00238852
147.24 -0.00257174
147.25 -0.00261818
147.26 -0.00254474
147.27 -0.00236314
147.28 -0.00208854
147.29 -0.0017391
147.3 -0.00133529
147.31 -0.000899223
147.32 -0.000454631
147.33 -2.79326e-05
147.34 0.000358178
147.35 0.000682843
147.36 0.000927364
147.37 0.00107578
147.38 0.00111534
147.39 0.00103694
147.4 0.000828374
147.41 0.000490184
147.42 3.18486e-05
147.43 -0.000538853
147.44 -0.00121048
147.45 -0.00196828
147.46 -0.00279465
147.47 -0.00366964
147.48 -0.0045718
147.49 -0.00547464
147.5 -0.00635415
147.51 -0.00718754
147.52 -0.00795309
147.53 -0.00863077
147.54 -0.00920275
147.55 -0.00965397
147.56 -0.00996119
147.57 -0.0101234
147.58 -0.0101397
147.59 -0.0100101
147.6 -0.00973843
147.61 -0.00933229
147.62 -0.00880282
147.63 -0.0081644
147.64 -0.0074277
147.65 -0.00662216
147.66 -0.00577068
147.67 -0.00489659
147.68 -0.00402392
147.69 -0.0031768
147.7 -0.00237891
147.71 -0.00165317
147.72 -0.00103162
147.73 -0.000525249
147.74 -0.000149948
147.75 8.13424e-05
147.76 0.000158925
147.77 7.65628e-05
147.78 -0.00016839
147.79 -0.000577177
147.8 -0.00115562
147.81 -0.0018807
147.82 -0.00274011
147.83 -0.00371856
147.84 -0.00479805
147.85 -0.00595832
147.86 -0.00717723
147.87 -0.00843152
147.88 -0.00969438
147.89 -0.0109387
147.9 -0.0121401
147.91 -0.0132749
147.92 -0.014321
147.93 -0.0152579
147.94 -0.0160673
147.95 -0.0167278
147.96 -0.0172215
147.97 -0.0175491
147.98 -0.0177055
147.99 -0.017689
148 -0.0175016
148.01 -0.0171488
148.02 -0.0166396
148.03 -0.0159794
148.04 -0.0151854
148.05 -0.0142831
148.06 -0.0132924
148.07 -0.0122349
148.08 -0.0111332
148.09 -0.0100106
148.1 -0.00889014
148.11 -0.00779739
148.12 -0.00675582
148.13 -0.00578392
148.14 -0.00489913
148.15 -0.00411643
148.16 -0.00344799
148.17 -0.00290296
148.18 -0.00248727
148.19 -0.00221332
148.2 -0.00207374
148.21 -0.00206038
148.22 -0.00216575
148.23 -0.00237971
148.24 -0.00268978
148.25 -0.00308158
148.26 -0.00353921
148.27 -0.0040485
148.28 -0.00458688
148.29 -0.00513632
148.3 -0.00568015
148.31 -0.00620278
148.32 -0.00669006
148.33 -0.00712972
148.34 -0.00751156
148.35 -0.00782079
148.36 -0.00805825
148.37 -0.00822192
148.38 -0.00831204
148.39 -0.00833114
148.4 -0.00828386
148.41 -0.00817666
148.42 -0.00801712
148.43 -0.00781173
148.44 -0.00757498
148.45 -0.00731683
148.46 -0.00704697
148.47 -0.00677437
148.48 -0.006507
148.49 -0.00625144
148.5 -0.00601307
148.51 -0.00579642
148.52 -0.00560087
148.53 -0.00542529
148.54 -0.00526675
148.55 -0.00512065
148.56 -0.00498098
148.57 -0.00484061
148.58 -0.00469111
148.59 -0.00452261
148.6 -0.00432775
148.61 -0.0040991
148.62 -0.00383029
148.63 -0.00351638
148.64 -0.00315421
148.65 -0.00274264
148.66 -0.00228081
148.67 -0.00177246
148.68 -0.00122675
148.69 -0.000652394
148.7 -6.01516e-05
148.71 0.00053745
148.72 0.0011265
148.73 0.00169216
148.74 0.0022161
148.75 0.00268175
148.76 0.0030768
148.77 0.00338858
148.78 0.00360641
148.79 0.00372211
148.8 0.00373043
148.81 0.0036294
148.82 0.00341357
148.83 0.0030932
148.84 0.00268162
148.85 0.00219215
148.86 0.00164133
148.87 0.00104852
148.88 0.000435375
148.89 -0.00017474
148.9 -0.000753254
148.91 -0.00127471
148.92 -0.001716
148.93 -0.00205498
148.94 -0.00227188
148.95 -0.00235001
148.96 -0.00227643
148.97 -0.00204252
148.98 -0.00162932
148.99 -0.00105264
149 -0.000321565
149.01 0.000551207
149.02 0.00154811
149.03 0.00264709
149.04 0.0038222
149.05 0.00504427
149.06 0.00627972
149.07 0.00749113
149.08 0.00864494
149.09 0.00970835
149.1 0.0106504
149.11 0.011443
149.12 0.0120617
149.13 0.0124836
149.14 0.0126783
149.15 0.0126557
149.16 0.012415
149.17 0.0119619
149.18 0.0113085
149.19 0.0104731
149.2 0.00947985
149.21 0.00835547
149.22 0.00713348
149.23 0.0058608
149.24 0.00457717
149.25 0.00332325
149.26 0.00213939
149.27 0.00106443
149.28 0.000134549
149.29 -0.000609852
149.3 -0.00113354
149.31 -0.00142755
149.32 -0.00147813
149.33 -0.00127855
149.34 -0.000829396
149.35 -0.000138595
149.36 0.000778721
149.37 0.00190949
149.38 0.00322082
149.39 0.00466776
149.4 0.00621129
149.41 0.00780933
149.42 0.00941791
149.43 0.0109925
149.44 0.0124891
149.45 0.0138559
149.46 0.0150527
149.47 0.0160515
149.48 0.0168244
149.49 0.0173506
149.5 0.0176156
149.51 0.0176129
149.52 0.0173432
149.53 0.0167967
149.54 0.0160045
149.55 0.0149974
149.56 0.0138054
149.57 0.0124637
149.58 0.0110114
149.59 0.00949037
149.6 0.00794428
149.61 0.00642257
149.62 0.00497093
149.63 0.00362927
149.64 0.0024343
149.65 0.00141811
149.66 0.000607337
149.67 2.24345e-05
149.68 -0.000322846
149.69 -0.000397582
149.7 -0.000227105
149.71 0.000178665
149.72 0.000803836
149.73 0.00162639
149.74 0.0026189
149.75 0.00374934
149.76 0.00498264
149.77 0.00628166
149.78 0.00759775
149.79 0.00889115
149.8 0.0101232
149.81 0.0112574
149.82 0.0122605
149.83 0.0131032
149.84 0.0137568
149.85 0.0141886
149.86 0.014402
149.87 0.0143914
149.88 0.0141574
149.89 0.0137063
149.9 0.0130506
149.91 0.0122074
149.92 0.0111945
149.93 0.0100365
149.94 0.00877414
149.95 0.00743916
149.96 0.0060643
149.97 0.00468247
149.98 0.00332579
149.99 0.00202481
150 0.000812572
150.01 -0.000281854
150.02 -0.00124313
150.03 -0.00205529
150.04 -0.00270695
150.05 -0.0031915
150.06 -0.00350716
150.07 -0.00365682
150.08 -0.00363956
150.09 -0.00347101
150.1 -0.00317424
150.11 -0.00276839
150.12 -0.00227497
150.13 -0.00171725
150.14 -0.00111956
150.15 -0.000506566
150.16 9.50648e-05
150.17 0.000659788
150.18 0.0011667
150.19 0.00159679
150.2 0.00193378
150.21 0.00216448
150.22 0.00227907
150.23 0.00227129
150.24 0.0021285
150.25 0.00185994
150.26 0.00147354
150.27 0.0009779
150.28 0.000384602
150.29 -0.00029219
150.3 -0.00103614
150.31 -0.00182919
150.32 -0.00265299
150.33 -0.00348323
150.34 -0.00429963
150.35 -0.00508267
150.36 -0.00581384
150.37 -0.00647612
150.38 -0.00705436
150.39 -0.00753534
150.4 -0.00789792
150.41 -0.00814509
150.42 -0.00827326
150.43 -0.00828193
150.44 -0.00817377
150.45 -0.00795453
150.46 -0.00763288
150.47 -0.00721904
150.48 -0.00672318
150.49 -0.0061693
150.5 -0.00557532
150.51 -0.0049603
150.52 -0.0043439
150.53 -0.00374591
150.54 -0.00318573
150.55 -0.00268391
150.56 -0.00226277
150.57 -0.00193264
150.58 -0.00170577
150.59 -0.00159167
150.6 -0.00159678
150.61 -0.00172427
150.62 -0.00197388
150.63 -0.00234625
150.64 -0.0028354
150.65 -0.00342282
150.66 -0.00409431
150.67 -0.00483304
150.68 -0.00561995
150.69 -0.00643427
150.7 -0.00725404
150.71 -0.00805463
150.72 -0.00881059
150.73 -0.0095014
150.74 -0.0101071
150.75 -0.0106098
150.76 -0.0109942
150.77 -0.0112484
150.78 -0.011364
150.79 -0.0113272
150.8 -0.0111418
150.81 -0.0108182
150.82 -0.0103654
150.83 -0.00979646
150.84 -0.00912792
150.85 -0.00837971
150.86 -0.0075744
150.87 -0.00673617
150.88 -0.00589554
150.89 -0.00507978
150.9 -0.00431491
150.91 -0.00362562
150.92 -0.00303453
150.93 -0.00256135
150.94 -0.00222228
150.95 -0.00204273
150.96 -0.00201935
150.97 -0.00215121
150.98 -0.00243429
150.99 -0.00285939
151 -0.00341233
151.01 -0.00407427
151.02 -0.00482221
151.03 -0.00563261
151.04 -0.00646759
151.05 -0.0072956
151.06 -0.00808462
151.07 -0.00880298
151.08 -0.00942046
151.09 -0.00990927
151.1 -0.0102433
151.11 -0.0103866
151.12 -0.0103399
151.13 -0.0100952
151.14 -0.00965073
151.15 -0.00901115
151.16 -0.00818748
151.17 -0.00719693
151.18 -0.00606008
151.19 -0.00480225
151.2 -0.00346818
151.21 -0.00209468
151.22 -0.000720643
151.23 0.000614098
151.24 0.00187005
151.25 0.00300928
151.26 0.00399046
151.27 0.00477297
151.28 0.00534276
151.29 0.00568134
151.3 0.00577712
151.31 0.00562585
151.32 0.00523089
151.33 0.00460326
151.34 0.00375284
151.35 0.00270738
151.36 0.00151174
151.37 0.000204043
151.38 -0.00117361
151.39 -0.00257646
151.4 -0.00395844
151.41 -0.00527359
151.42 -0.00646866
151.43 -0.00749902
151.44 -0.00833401
151.45 -0.00894372
151.46 -0.00930505
151.47 -0.00940253
151.48 -0.00922884
151.49 -0.00878511
151.5 -0.00806416
151.51 -0.00709692
151.52 -0.00591902
151.53 -0.00456454
151.54 -0.0030732
151.55 -0.00148914
151.56 0.00014045
151.57 0.00176682
151.58 0.00333307
151.59 0.00479075
151.6 0.00609786
151.61 0.00721607
151.62 0.00811307
151.63 0.0087636
151.64 0.0091502
151.65 0.00926381
151.66 0.00907924
151.67 0.00863017
151.68 0.00793719
151.69 0.00702622
151.7 0.00592976
151.71 0.00468576
151.72 0.00333638
151.73 0.00192644
151.74 0.000505483
151.75 -0.000876012
151.76 -0.00217496
151.77 -0.00335204
151.78 -0.00437297
151.79 -0.00520967
151.8 -0.00584112
151.81 -0.00625048
151.82 -0.00641746
151.83 -0.00636599
151.84 -0.00610915
151.85 -0.00566737
151.86 -0.00506765
151.87 -0.0043425
151.88 -0.00352871
151.89 -0.00266584
151.9 -0.00179953
151.91 -0.000973501
151.92 -0.000226199
151.93 0.000407535
151.94 0.000897784
151.95 0.00122071
151.96 0.0013595
151.97 0.00129733
151.98 0.00103
151.99 0.000578821
152 -3.89056e-05
152.01 -0.000798449
152.02 -0.00166851
152.03 -0.00261226
152.04 -0.00358869
152.05 -0.00455095
152.06 -0.00544796
152.07 -0.00623643
152.08 -0.00687474
152.09 -0.00732539
152.1 -0.00755639
152.11 -0.00754252
152.12 -0.0072664
152.13 -0.00670199
152.14 -0.00585812
152.15 -0.00475688
152.16 -0.00341918
152.17 -0.00187444
152.18 -0.000159694
152.19 0.00168146
152.2 0.00360023
152.21 0.00554181
152.22 0.00744443
152.23 0.00925319
152.24 0.0109157
152.25 0.0123834
152.26 0.0136131
152.27 0.0145682
152.28 0.0152204
152.29 0.0155213
152.3 0.0154855
152.31 0.0151204
152.32 0.0144388
152.33 0.013463
152.34 0.0122243
152.35 0.0107618
152.36 0.00912112
152.37 0.00734596
152.38 0.00550792
152.39 0.00366328
152.4 0.00186749
152.41 0.000173598
152.42 -0.00136939
152.43 -0.00271807
152.44 -0.00383332
152.45 -0.00466365
152.46 -0.00521336
152.47 -0.00547465
152.48 -0.00544927
152.49 -0.00514824
152.5 -0.00459133
152.51 -0.00380622
152.52 -0.00282405
152.53 -0.00168114
152.54 -0.000436979
152.55 0.000861957
152.56 0.00216902
152.57 0.00343904
152.58 0.00462997
152.59 0.00570425
152.6 0.00662424
152.61 0.00735726
152.62 0.00789841
152.63 0.0082408
152.64 0.0083858
152.65 0.00834291
152.66 0.00812918
152.67 0.00776844
152.68 0.00728645
152.69 0.00672147
152.7 0.00611722
152.71 0.00551223
152.72 0.00494447
152.73 0.00444984
152.74 0.00406064
152.75 0.00380428
152.76 0.00371195
152.77 0.00379654
152.78 0.0040561
152.79 0.00448753
152.8 0.00507978
152.81 0.00581429
152.82 0.00666559
152.83 0.00760229
152.84 0.00858879
152.85 0.00957868
152.86 0.0105289
152.87 0.0113981
152.88 0.0121465
152.89 0.012738
152.9 0.0131413
152.91 0.0133311
152.92 0.0132698
152.93 0.0129626
152.94 0.0124151
152.95 0.0116374
152.96 0.0106481
152.97 0.00947417
152.98 0.0081498
152.99 0.0067154
153 0.00521478
153.01 0.00370677
153.02 0.00224198
153.03 0.000869824
153.04 -0.000362819
153.05 -0.00141335
153.06 -0.00224504
153.07 -0.00282723
153.08 -0.00311292
153.09 -0.00311748
153.1 -0.00284182
153.11 -0.00229695
153.12 -0.0015038
153.13 -0.000492533
153.14 0.00069833
153.15 0.0020245
153.16 0.00343431
153.17 0.00486153
153.18 0.00624925
153.19 0.00754127
153.2 0.00868408
153.21 0.00962875
153.22 0.0103328
153.23 0.0107532
153.24 0.0108497
153.25 0.0106308
153.26 0.0100957
153.27 0.00925481
153.28 0.00812992
153.29 0.0067532
153.3 0.00516636
153.31 0.00341531
153.32 0.0015624
153.33 -0.000321063
153.34 -0.0021711
153.35 -0.00392393
153.36 -0.00551818
153.37 -0.00689709
153.38 -0.00801049
153.39 -0.00879885
153.4 -0.00922872
153.41 -0.00929794
153.42 -0.00900125
153.43 -0.008346
153.44 -0.00735201
153.45 -0.00605104
153.46 -0.00448592
153.47 -0.0026996
153.48 -0.000766759
153.49 0.00123724
153.5 0.00324139
153.51 0.00517377
153.52 0.00696399
153.53 0.0085455
153.54 0.0098579
153.55 0.0108213
153.56 0.0114071
153.57 0.0115961
153.58 0.0113736
153.59 0.0107386
153.6 0.00970335
153.61 0.00829354
153.62 0.00654727
153.63 0.00449398
153.64 0.00222136
153.65 -0.000198393
153.66 -0.00269179
153.67 -0.00518279
153.68 -0.0075952
153.69 -0.00985525
153.7 -0.011894
153.71 -0.0136159
153.72 -0.0149937
153.73 -0.015989
153.74 -0.0165755
153.75 -0.0167402
153.76 -0.0164842
153.77 -0.015822
153.78 -0.014778
153.79 -0.0133708
153.8 -0.0116877
153.81 -0.009791
153.82 -0.00774925
153.83 -0.00563544
153.84 -0.00352435
153.85 -0.00149007
153.86 0.000391472
153.87 0.00203606
153.88 0.00340054
153.89 0.00443921
153.9 0.00511779
153.91 0.00541443
153.92 0.00532036
153.93 0.00484009
153.94 0.00397948
153.95 0.00276271
153.96 0.00125773
153.97 -0.00048262
153.98 -0.00239814
153.99 -0.00442336
154 -0.00648982
154.01 -0.00852839
154.02 -0.0104641
154.03 -0.0122244
154.04 -0.0137596
154.05 -0.0150226
154.06 -0.0159764
154.07 -0.016595
154.08 -0.0168641
154.09 -0.016782
154.1 -0.0163401
154.11 -0.0155698
154.12 -0.0145207
154.13 -0.0132367
154.14 -0.011769
154.15 -0.0101744
154.16 -0.00851314
154.17 -0.00684655
154.18 -0.00524329
154.19 -0.00376454
154.2 -0.00245924
154.21 -0.00137098
154.22 -0.000534607
154.23 2.48178e-05
154.24 0.000292835
154.25 0.000265933
154.26 -7.06181e-05
154.27 -0.000677132
154.28 -0.00151827
154.29 -0.00255586
154.3 -0.00374504
154.31 -0.0050359
154.32 -0.00637544
154.33 -0.00770947
154.34 -0.00897435
154.35 -0.010121
154.36 -0.0111055
154.37 -0.0118903
154.38 -0.0124459
154.39 -0.0127517
154.4 -0.0127972
154.41 -0.0125802
154.42 -0.0120891
154.43 -0.0113703
154.44 -0.0104534
154.45 -0.00937547
154.46 -0.00817945
154.47 -0.00691251
154.48 -0.00562432
154.49 -0.00436646
154.5 -0.00319819
154.51 -0.00216096
154.52 -0.00129395
154.53 -0.00062953
154.54 -0.000192006
154.55 3.28454e-06
154.56 -4.94381e-05
154.57 -0.000352774
154.58 -0.00090023
154.59 -0.00164916
154.6 -0.00256643
154.61 -0.00361203
154.62 -0.00474058
154.63 -0.00590292
154.64 -0.00704797
154.65 -0.00811964
154.66 -0.00906035
154.67 -0.00983025
154.68 -0.0103907
154.69 -0.0107104
154.7 -0.0107664
154.71 -0.0105452
154.72 -0.010043
154.73 -0.00925284
154.74 -0.00819582
154.75 -0.0069134
154.76 -0.00544204
154.77 -0.00382535
154.78 -0.00211255
154.79 -0.000356805
154.8 0.00138658
154.81 0.00305409
154.82 0.00458778
154.83 0.00594138
154.84 0.00707166
154.85 0.00794266
154.86 0.00852696
154.87 0.00880662
154.88 0.00877379
154.89 0.00840835
154.9 0.00774238
154.91 0.00680873
154.92 0.00564151
154.93 0.00428259
154.94 0.00278018
154.95 0.00118721
154.96 -0.000440412
154.97 -0.00203867
154.98 -0.00354809
154.99 -0.00491654
155 -0.00609639
155.01 -0.00704643
155.02 -0.00773318
155.03 -0.00813193
155.04 -0.00822748
155.05 -0.00798402
155.06 -0.00743923
155.07 -0.00661018
155.08 -0.0055226
155.09 -0.00421022
155.1 -0.00271352
155.11 -0.0010783
155.12 0.00064627
155.13 0.00240587
155.14 0.0041416
155.15 0.00580365
155.16 0.00734572
155.17 0.00872644
155.18 0.00991065
155.19 0.0108704
155.2 0.0115799
155.21 0.0120134
155.22 0.0121894
155.23 0.0121158
155.24 0.0118084
155.25 0.0112899
155.26 0.0105896
155.27 0.00974149
155.28 0.00878092
155.29 0.00775089
155.3 0.006699
155.31 0.00566491
155.32 0.00468582
155.33 0.00379529
155.34 0.00302215
155.35 0.00238969
155.36 0.00192288
155.37 0.00163387
155.38 0.00151607
155.39 0.00156507
155.4 0.00177038
155.41 0.00211614
155.42 0.00258194
155.43 0.00314379
155.44 0.00377768
155.45 0.00445114
155.46 0.00513378
155.47 0.00579936
155.48 0.00642408
155.49 0.00698748
155.5 0.00747316
155.51 0.0078694
155.52 0.00816259
155.53 0.00835572
155.54 0.00845647
155.55 0.00847424
155.56 0.00842252
155.57 0.00831814
155.58 0.00818042
155.59 0.00803021
155.6 0.00789137
155.61 0.00778598
155.62 0.00773249
155.63 0.00774675
155.64 0.00784104
155.65 0.00802342
155.66 0.00829727
155.67 0.00866098
155.68 0.00911473
155.69 0.00963785
155.7 0.0102128
155.71 0.0108188
155.72 0.0114323
155.73 0.0120276
155.74 0.012578
155.75 0.0130565
155.76 0.0134266
155.77 0.0136735
155.78 0.0137786
155.79 0.0137277
155.8 0.013512
155.81 0.0131282
155.82 0.0125792
155.83 0.0118715
155.84 0.011013
155.85 0.0100382
155.86 0.00897374
155.87 0.00785007
155.88 0.00670047
155.89 0.00556
155.9 0.0044642
155.91 0.00345125
155.92 0.00256227
155.93 0.00181966
155.94 0.00124724
155.95 0.000863266
155.96 0.000679671
155.97 0.000701562
155.98 0.000926942
155.99 0.00135401
156 0.00196707
156.01 0.00273065
156.02 0.00361538
156.03 0.00458743
156.04 0.00560967
156.05 0.00664296
156.06 0.0076475
156.07 0.00857859
156.08 0.00939516
156.09 0.0100684
156.1 0.0105708
156.11 0.0108811
156.12 0.0109845
156.13 0.0108736
156.14 0.0105484
156.15 0.0100042
156.16 0.00926473
156.17 0.00836068
156.18 0.00732094
156.19 0.0061791
156.2 0.00497211
156.21 0.00373901
156.22 0.00251943
156.23 0.00135908
156.24 0.000295013
156.25 -0.000642495
156.26 -0.00142705
156.27 -0.00203847
156.28 -0.00246359
156.29 -0.00269674
156.3 -0.00274002
156.31 -0.00258879
156.32 -0.00227695
156.33 -0.00183221
156.34 -0.00128577
156.35 -0.000673239
156.36 -3.3422e-05
156.37 0.000593206
156.38 0.001166
156.39 0.00163263
156.4 0.00196392
156.41 0.00212927
156.42 0.00210408
156.43 0.0018707
156.44 0.00141928
156.45 0.00074825
156.46 -0.00013776
156.47 -0.0012362
156.48 -0.00250293
156.49 -0.00390564
156.5 -0.00540603
156.51 -0.00696106
156.52 -0.00852439
156.53 -0.010048
156.54 -0.0114806
156.55 -0.0127635
156.56 -0.0138623
156.57 -0.0147403
156.58 -0.0153677
156.59 -0.0157224
156.6 -0.015791
156.61 -0.0155692
156.62 -0.0150527
156.63 -0.0142513
156.64 -0.0132095
156.65 -0.0119613
156.66 -0.0105476
156.67 -0.00901517
156.68 -0.00741458
156.69 -0.00579898
156.7 -0.00422656
156.71 -0.00275714
156.72 -0.00143671
156.73 -0.000308581
156.74 0.000590548
156.75 0.00123186
156.76 0.0015954
156.77 0.00167079
156.78 0.00144098
156.79 0.000923266
156.8 0.000151101
156.81 -0.00084537
156.82 -0.00202835
156.83 -0.00335371
156.84 -0.00477252
156.85 -0.00623276
156.86 -0.00767642
156.87 -0.00904568
156.88 -0.0102918
156.89 -0.0113704
156.9 -0.012243
156.91 -0.0128791
156.92 -0.0132567
156.93 -0.0133633
156.94 -0.0131741
156.95 -0.0127167
156.96 -0.0120157
156.97 -0.0110993
156.98 -0.0100037
156.99 -0.00877182
157 -0.00745145
157.01 -0.00609379
157.02 -0.00475798
157.03 -0.00349918
157.04 -0.00236625
157.05 -0.00140358
157.06 -0.000649299
157.07 -0.000133937
157.08 0.000120751
157.09 0.000100963
157.1 -0.000218996
157.11 -0.000802239
157.12 -0.00162813
157.13 -0.00266681
157.14 -0.00388024
157.15 -0.00522348
157.16 -0.00664622
157.17 -0.00809394
157.18 -0.00950276
157.19 -0.0108163
157.2 -0.0119825
157.21 -0.0129538
157.22 -0.0136888
157.23 -0.0141544
157.24 -0.0143262
157.25 -0.0141806
157.26 -0.0137022
157.27 -0.0129229
157.28 -0.0118634
157.29 -0.0105542
157.3 -0.00903482
157.31 -0.00735256
157.32 -0.00556086
157.33 -0.00371808
157.34 -0.00189264
157.35 -0.000147523
157.36 0.00145908
157.37 0.00287321
157.38 0.00404699
157.39 0.00494027
157.4 0.00552203
157.41 0.00575313
157.42 0.00562632
157.43 0.00516208
157.44 0.00437641
157.45 0.00329621
157.46 0.00195845
157.47 0.000408955
157.48 -0.001299
157.49 -0.00310875
157.5 -0.00494673
157.51 -0.00674525
157.52 -0.00844091
157.53 -0.00997344
157.54 -0.0112876
157.55 -0.0123352
157.56 -0.0130763
157.57 -0.0134534
157.58 -0.0134652
157.59 -0.0131151
157.6 -0.0124099
157.61 -0.0113681
157.62 -0.010019
157.63 -0.00840174
157.64 -0.00656407
157.65 -0.0045515
157.66 -0.00244331
157.67 -0.000305172
157.68 0.00179848
157.69 0.00380466
157.7 0.00565382
157.71 0.00729181
157.72 0.00867145
157.73 0.00972146
157.74 0.0104426
157.75 0.0108196
157.76 0.0108483
157.77 0.0105358
157.78 0.00990033
157.79 0.00897003
157.8 0.00777992
157.81 0.00636485
157.82 0.00480016
157.83 0.003143
157.84 0.00145267
157.85 -0.000211356
157.86 -0.00179133
157.87 -0.00323312
157.88 -0.00448237
157.89 -0.00548119
157.9 -0.00621315
157.91 -0.00665633
157.92 -0.00679881
157.93 -0.00663901
157.94 -0.00618556
157.95 -0.00545689
157.96 -0.00447293
157.97 -0.00326847
157.98 -0.00190305
157.99 -0.000425157
158 0.00111365
158.01 0.00266048
158.02 0.00416297
158.03 0.00557098
158.04 0.00682946
158.05 0.00789213
158.06 0.00873475
158.07 0.00933337
158.08 0.00967291
158.09 0.00974755
158.1 0.00956085
158.11 0.00912556
158.12 0.00845129
158.13 0.00757639
158.14 0.00654776
158.15 0.00540821
158.16 0.00420427
158.17 0.00298457
158.18 0.00179824
158.19 0.000693232
158.2 -0.000273119
158.21 -0.00106149
158.22 -0.00164204
158.23 -0.0019881
158.24 -0.00208089
158.25 -0.00191008
158.26 -0.00147412
158.27 -0.000780231
158.28 0.000174037
158.29 0.00134512
158.3 0.00269615
158.31 0.00418847
158.32 0.00577874
158.33 0.00742027
158.34 0.00906448
158.35 0.0106624
158.36 0.0121526
158.37 0.013495
158.38 0.0146499
158.39 0.0155823
158.4 0.0162639
158.41 0.0166733
158.42 0.0167968
158.43 0.0166271
158.44 0.0161422
158.45 0.0153822
158.46 0.0143667
158.47 0.0131223
158.48 0.0116811
158.49 0.0100802
158.5 0.00836038
158.51 0.00656454
158.52 0.0047403
158.53 0.0029377
158.54 0.00119958
158.55 -0.000433879
158.56 -0.00192616
158.57 -0.00324533
158.58 -0.0043647
158.59 -0.00525626
158.6 -0.00589491
158.61 -0.0062899
158.62 -0.00644098
158.63 -0.0063541
158.64 -0.00604093
158.65 -0.00551841
158.66 -0.00480807
158.67 -0.0039297
158.68 -0.00291354
158.69 -0.00179992
158.7 -0.000620853
158.71 0.000591456
158.72 0.00180547
158.73 0.00299107
158.74 0.00412023
158.75 0.005162
158.76 0.00609245
158.77 0.00689807
158.78 0.00756528
158.79 0.00808458
158.8 0.0084505
158.81 0.00866159
158.82 0.00872017
158.83 0.00862303
158.84 0.00838535
158.85 0.00802474
158.86 0.00755596
158.87 0.00699554
158.88 0.00636132
158.89 0.00567198
158.9 0.00494654
158.91 0.00420412
158.92 0.00346599
158.93 0.00274985
158.94 0.00207175
158.95 0.00144623
158.96 0.000886027
158.97 0.000401928
158.98 2.62356e-06
158.99 -0.000296773
159 -0.000499196
159.01 -0.000604219
159.02 -0.000612598
159.03 -0.000527225
159.04 -0.000353024
159.05 -9.68174e-05
159.06 0.000232879
159.07 0.000631091
159.08 0.00107886
159.09 0.00156338
159.1 0.00207111
159.11 0.00258797
159.12 0.0030997
159.13 0.00359212
159.14 0.00405086
159.15 0.00445805
159.16 0.0048051
159.17 0.00508169
159.18 0.00527918
159.19 0.00539085
159.2 0.00541211
159.21 0.00534067
159.22 0.00517447
159.23 0.00491209
159.24 0.00456635
159.25 0.0041454
159.26 0.00365965
159.27 0.00312154
159.28 0.00254527
159.29 0.00194643
159.3 0.0013421
159.31 0.000751957
159.32 0.000193396
159.33 -0.000316993
159.34 -0.000763717
159.35 -0.00113289
159.36 -0.00141271
159.37 -0.0015939
159.38 -0.0016648
159.39 -0.00162184
159.4 -0.00147173
159.41 -0.00121917
159.42 -0.000872393
159.43 -0.000443059
159.44 5.39918e-05
159.45 0.000601083
159.46 0.00117859
159.47 0.00176104
159.48 0.00232401
159.49 0.00284385
159.5 0.00329732
159.51 0.00366229
159.52 0.00391852
159.53 0.00404834
159.54 0.00402632
159.55 0.00384741
159.56 0.00351047
159.57 0.00301495
159.58 0.00236515
159.59 0.00157025
159.6 0.000644211
159.61 -0.000394501
159.62 -0.00152872
159.63 -0.00272319
159.64 -0.00394698
159.65 -0.00516883
159.66 -0.00635656
159.67 -0.00747801
159.68 -0.00850199
159.69 -0.00939926
159.7 -0.0101265
159.71 -0.0106737
159.72 -0.0110246
159.73 -0.0111676
159.74 -0.0110965
159.75 -0.0108112
159.76 -0.0103175
159.77 -0.00962609
159.78 -0.00874141
159.79 -0.00770579
159.8 -0.00654778
159.81 -0.00529958
159.82 -0.00399614
159.83 -0.00267418
159.84 -0.00137112
159.85 -0.000125754
159.86 0.00101684
159.87 0.00202959
159.88 0.00288411
159.89 0.00355664
159.9 0.00402874
159.91 0.00428782
159.92 0.00432752
159.93 0.00414131
159.94 0.0037288
159.95 0.00311946
159.96 0.00233297
159.97 0.00139399
159.98 0.000331372
159.99 -0.000822721
160 -0.00203382
160.01 -0.00326552
160.02 -0.00447713
160.03 -0.00563325
160.04 -0.00670173
160.05 -0.00765366
160.06 -0.00846421
160.07 -0.00911335
160.08 -0.00958638
160.09 -0.009864
160.1 -0.00994511
160.11 -0.0098426
160.12 -0.00956631
160.13 -0.00913129
160.14 -0.00855716
160.15 -0.00786743
160.16 -0.00708865
160.17 -0.00624754
160.18 -0.00537944
160.19 -0.00451616
160.2 -0.00368638
160.21 -0.00291679
160.22 -0.00223123
160.23 -0.00164993
160.24 -0.00118899
160.25 -0.000870786
160.26 -0.000694408
160.27 -0.000657228
160.28 -0.000754767
160.29 -0.000977975
160.3 -0.00131367
160.31 -0.00174508
160.32 -0.00225257
160.33 -0.00281716
160.34 -0.00340919
160.35 -0.00400465
160.36 -0.00458076
160.37 -0.00511615
160.38 -0.00559169
160.39 -0.00599104
160.4 -0.00630109
160.41 -0.00650239
160.42 -0.00659985
160.43 -0.00659339
160.44 -0.0064869
160.45 -0.00628802
160.46 -0.00600778
160.47 -0.00566006
160.48 -0.0052606
160.49 -0.00482671
160.5 -0.00438137
160.51 -0.00394318
160.52 -0.00352991
160.53 -0.00315783
160.54 -0.002841
160.55 -0.00259083
160.56 -0.00241758
160.57 -0.00233025
160.58 -0.00232335
160.59 -0.00239353
160.6 -0.00253398
160.61 -0.0027347
160.62 -0.00298289
160.63 -0.00326352
160.64 -0.00355975
160.65 -0.00385148
160.66 -0.00411995
160.67 -0.00434783
160.68 -0.00451916
160.69 -0.00461994
160.7 -0.00463875
160.71 -0.0045672
160.72 -0.00439559
160.73 -0.00412268
160.74 -0.00375692
160.75 -0.00330548
160.76 -0.00277902
160.77 -0.00219137
160.78 -0.0015591
160.79 -0.000900894
160.8 -0.000237942
160.81 0.000405978
160.82 0.00100983
160.83 0.00155363
160.84 0.00201902
160.85 0.00238999
160.86 0.0026534
160.87 0.00279956
160.88 0.00281343
160.89 0.00269911
160.9 0.00246347
160.91 0.00211398
160.92 0.00166199
160.93 0.00112238
160.94 0.000513099
160.95 -0.000145418
160.96 -0.000831211
160.97 -0.00151674
160.98 -0.0021781
160.99 -0.00279251
161 -0.0033387
161.01 -0.00379763
161.02 -0.00415312
161.03 -0.00439241
161.04 -0.00449405
161.05 -0.00446527
161.06 -0.00430739
161.07 -0.0040255
161.08 -0.00362891
161.09 -0.00313079
161.1 -0.00254773
161.11 -0.00189891
161.12 -0.00120472
161.13 -0.000494384
161.14 0.000208214
161.15 0.000879556
161.16 0.00149728
161.17 0.00204098
161.18 0.00249286
161.19 0.00283614
161.2 0.0030521
161.21 0.00314421
161.22 0.0031116
161.23 0.00295798
161.24 0.00269155
161.25 0.00232481
161.26 0.00187416
161.27 0.0013582
161.28 0.000801057
161.29 0.000232137
161.3 -0.000322302
161.31 -0.000835739
161.32 -0.00128224
161.33 -0.00163731
161.34 -0.00187864
161.35 -0.00198046
161.36 -0.00192342
161.37 -0.001705
161.38 -0.00131957
161.39 -0.000766462
161.4 -5.00691e-05
161.41 0.000820159
161.42 0.00182992
161.43 0.00296573
161.44 0.00419999
161.45 0.00550014
161.46 0.00683643
161.47 0.00817731
161.48 0.00949025
161.49 0.0107426
161.5 0.0119026
161.51 0.0129297
161.52 0.0137975
161.53 0.0144866
161.54 0.0149775
161.55 0.0152553
161.56 0.0153101
161.57 0.0151372
161.58 0.0147376
161.59 0.0141012
161.6 0.0132545
161.61 0.0122205
161.62 0.011022
161.63 0.00968577
161.64 0.00824227
161.65 0.00672455
161.66 0.0051677
161.67 0.00361104
161.68 0.00209464
161.69 0.000654132
161.7 -0.000676512
161.71 -0.00186576
161.72 -0.00288527
161.73 -0.00371057
161.74 -0.00432121
161.75 -0.00467873
161.76 -0.00479633
161.77 -0.00467123
161.78 -0.00430632
161.79 -0.00371016
161.8 -0.00289678
161.81 -0.00188546
161.82 -0.000698278
161.83 0.000643571
161.84 0.00209242
161.85 0.00361265
161.86 0.00516671
161.87 0.00671586
161.88 0.00822115
161.89 0.00964424
161.9 0.0109443
161.91 0.0120755
161.92 0.0130171
161.93 0.0137429
161.94 0.0142317
161.95 0.0144676
161.96 0.0144406
161.97 0.014147
161.98 0.0135796
161.99 0.0127427
162 0.0116699
162.01 0.0103838
162.02 0.00891285
162.03 0.00729004
162.04 0.00555279
162.05 0.00374186
162.06 0.00190132
162.07 8.20895e-05
162.08 -0.00166958
162.09 -0.00330974
162.1 -0.00479653
162.11 -0.00609133
162.12 -0.00715969
162.13 -0.00797235
162.14 -0.00848781
162.15 -0.00869455
162.16 -0.0085963
162.17 -0.00819329
162.18 -0.00749354
162.19 -0.00651284
162.2 -0.00527441
162.21 -0.0038085
162.22 -0.00214087
162.23 -0.000327776
162.24 0.0015781
162.25 0.00352628
162.26 0.00546455
162.27 0.00734035
162.28 0.00910214
162.29 0.0107008
162.3 0.0120695
162.31 0.0131796
162.32 0.0140019
162.33 0.0145115
162.34 0.0146915
162.35 0.0145339
162.36 0.0140396
162.37 0.0132186
162.38 0.0120627
162.39 0.0106319
162.4 0.00896431
162.41 0.00710352
162.42 0.00509846
162.43 0.00300208
162.44 0.00086989
162.45 -0.00124096
162.46 -0.00326236
162.47 -0.00514436
162.48 -0.00683842
162.49 -0.00830163
162.5 -0.00949804
162.51 -0.0103997
162.52 -0.0109874
162.53 -0.011245
162.54 -0.011154
162.55 -0.0107529
162.56 -0.0100634
162.57 -0.00911589
162.58 -0.0079484
162.59 -0.00660574
162.6 -0.00513793
162.61 -0.00359838
162.62 -0.00204928
162.63 -0.000550901
162.64 0.000842815
162.65 0.00208158
162.66 0.00312037
162.67 0.00392086
162.68 0.00445268
162.69 0.00468116
162.7 0.00459034
162.71 0.00419799
162.72 0.00351528
162.73 0.00256326
162.74 0.00137222
162.75 -1.92584e-05
162.76 -0.00156544
162.77 -0.00321745
162.78 -0.00491109
162.79 -0.00658407
162.8 -0.00817859
162.81 -0.00963889
162.82 -0.0109131
162.83 -0.0119548
162.84 -0.0127248
162.85 -0.0131705
162.86 -0.0132802
162.87 -0.0130561
162.88 -0.012501
162.89 -0.0116284
162.9 -0.0104627
162.91 -0.00903794
162.92 -0.00739696
162.93 -0.00558167
162.94 -0.00366489
162.95 -0.00171151
162.96 0.00021527
162.97 0.00205245
162.98 0.00373928
162.99 0.00521919
163 0.00644165
163.01 0.00733316
163.02 0.00788329
163.03 0.00807425
163.04 0.0078966
163.05 0.00735252
163.06 0.00645577
163.07 0.0052314
163.08 0.00371443
163.09 0.00193152
163.1 -3.4203e-05
163.11 -0.00212186
163.12 -0.00426651
163.13 -0.00640115
163.14 -0.00845883
163.15 -0.0103747
163.16 -0.0120845
163.17 -0.0135096
163.18 -0.0146241
163.19 -0.015393
163.2 -0.0157923
163.21 -0.015809
163.22 -0.0154426
163.23 -0.0147039
163.24 -0.0136073
163.25 -0.0121759
163.26 -0.0104809
163.27 -0.0085755
163.28 -0.0065192
163.29 -0.00437576
163.3 -0.00221134
163.31 -9.23873e-05
163.32 0.00190979
163.33 0.00372299
163.34 0.00530131
163.35 0.00659906
163.36 0.0075797
163.37 0.00821685
163.38 0.00849503
163.39 0.00841001
163.4 0.00795199
163.41 0.00714255
163.42 0.00603047
163.43 0.00465525
163.44 0.00306392
163.45 0.0013094
163.46 -0.000551217
163.47 -0.00245852
163.48 -0.00434815
163.49 -0.00615538
163.5 -0.00782726
163.51 -0.00931555
163.52 -0.0105789
163.53 -0.011584
163.54 -0.0123067
163.55 -0.0127322
163.56 -0.0128337
163.57 -0.0126323
163.58 -0.0121528
163.59 -0.0114203
163.6 -0.010467
163.61 -0.00933164
163.62 -0.00805743
163.63 -0.00669082
163.64 -0.00528012
163.65 -0.0038807
163.66 -0.00253845
163.67 -0.00129497
163.68 -0.000186905
163.69 0.00075523
163.7 0.00150786
163.71 0.00205497
163.72 0.00236756
163.73 0.00246702
163.74 0.00236346
163.75 0.00207325
163.76 0.00161893
163.77 0.00102819
163.78 0.000332691
163.79 -0.00043349
163.8 -0.00123381
163.81 -0.00202697
163.82 -0.00277943
163.83 -0.00346064
163.84 -0.00404413
163.85 -0.00450841
163.86 -0.00483766
163.87 -0.00501912
163.88 -0.00504087
163.89 -0.00491915
163.9 -0.00466432
163.91 -0.00429199
163.92 -0.00382233
163.93 -0.00327905
163.94 -0.00268837
163.95 -0.00207817
163.96 -0.00147974
163.97 -0.00092032
163.98 -0.000423571
163.99 -9.66305e-06
164 0.000305579
164.01 0.000511338
164.02 0.000602256
164.03 0.000573879
164.04 0.000432444
164.05 0.000197224
164.06 -0.000114202
164.07 -0.000480185
164.08 -0.000875908
164.09 -0.00127443
164.1 -0.00164781
164.11 -0.00196382
164.12 -0.00219365
164.13 -0.00231698
164.14 -0.00231488
164.15 -0.00217328
164.16 -0.00188369
164.17 -0.00144366
164.18 -0.000857171
164.19 -0.000126475
164.2 0.000724159
164.21 0.0016666
164.22 0.00267231
164.23 0.00370887
164.24 0.00474108
164.25 0.00573221
164.26 0.00664535
164.27 0.0074329
164.28 0.00806554
164.29 0.00851763
164.3 0.0087664
164.31 0.00879541
164.32 0.00859534
164.33 0.00816451
164.34 0.00750916
164.35 0.00662617
164.36 0.00555811
164.37 0.0043375
164.38 0.00300099
164.39 0.00159014
164.4 0.000150181
164.41 -0.00127147
164.42 -0.00262637
164.43 -0.00385187
164.44 -0.00491156
164.45 -0.00576608
164.46 -0.00638189
164.47 -0.00673241
164.48 -0.00679903
164.49 -0.0065718
164.5 -0.00604566
164.51 -0.00521051
164.52 -0.00411152
164.53 -0.00277691
164.54 -0.00124248
164.55 0.000449405
164.56 0.00225114
164.57 0.00411136
164.58 0.00597508
164.59 0.00777962
164.6 0.00947307
164.61 0.0110066
164.62 0.0123363
164.63 0.0134244
164.64 0.0142409
164.65 0.0147638
164.66 0.0149684
164.67 0.0148449
164.68 0.0144209
164.69 0.013714
164.7 0.0127504
164.71 0.0115636
164.72 0.0101939
164.73 0.00868649
164.74 0.00708846
164.75 0.00545786
164.76 0.00385
164.77 0.00231428
164.78 0.000896892
164.79 -0.000360678
164.8 -0.00142285
164.81 -0.002261
164.82 -0.00283816
164.83 -0.00314734
164.84 -0.00319624
164.85 -0.00299141
164.86 -0.00254742
164.87 -0.0018862
164.88 -0.00103611
164.89 -3.0926e-05
164.9 0.00109714
164.91 0.00229715
164.92 0.00352416
164.93 0.00473678
164.94 0.00589557
164.95 0.00696428
164.96 0.00791104
164.97 0.00870928
164.98 0.00932271
164.99 0.00974933
165 0.00998639
165.01 0.0100354
165.02 0.00990454
165.03 0.00960777
165.04 0.00916448
165.05 0.0085984
165.06 0.00793003
165.07 0.00720045
165.08 0.00644016
165.09 0.00567883
165.1 0.00494449
165.11 0.00426245
165.12 0.00365445
165.13 0.00313882
165.14 0.00273747
165.15 0.00244762
165.16 0.00226988
165.17 0.00219965
165.18 0.00222755
165.19 0.00233994
165.2 0.0025197
165.21 0.00274753
165.22 0.00300092
165.23 0.00325416
165.24 0.00348575
165.25 0.00367584
165.26 0.0038071
165.27 0.00386556
165.28 0.00384122
165.29 0.00372558
165.3 0.00351517
165.31 0.0032212
165.32 0.00285339
165.33 0.00242558
165.34 0.00195518
165.35 0.00146239
165.36 0.000969335
165.37 0.000501169
165.38 8.42505e-05
165.39 -0.000261643
165.4 -0.000517773
165.41 -0.000668835
165.42 -0.000703771
165.43 -0.000616415
165.44 -0.000405962
165.45 -7.11282e-05
165.46 0.000373979
165.47 0.000906931
165.48 0.00150567
165.49 0.00214401
165.5 0.00279249
165.51 0.0034195
165.52 0.00399236
165.53 0.00447052
165.54 0.00482302
165.55 0.00502568
165.56 0.00505569
165.57 0.00489567
165.58 0.00453451
165.59 0.00396806
165.6 0.00319961
165.61 0.00222613
165.62 0.00108064
165.63 -0.000205693
165.64 -0.00159932
165.65 -0.00306133
165.66 -0.00454867
165.67 -0.00601543
165.68 -0.00741442
165.69 -0.00868384
165.7 -0.00978473
165.71 -0.0106778
165.72 -0.011328
165.73 -0.0117072
165.74 -0.0117953
165.75 -0.0115806
165.76 -0.0110603
165.77 -0.0102158
165.78 -0.00909687
165.79 -0.00773274
165.8 -0.00616116
165.81 -0.00442738
165.82 -0.00258284
165.83 -0.000683666
165.84 0.00121002
165.85 0.00302687
165.86 0.00470933
165.87 0.00620186
165.88 0.00745402
165.89 0.00842214
165.9 0.00907079
165.91 0.009374
165.92 0.00930629
165.93 0.0088469
165.94 0.00803229
165.95 0.00688314
165.96 0.00543064
165.97 0.00371555
165.98 0.00178695
165.99 -0.00029921
166 -0.00248303
166.01 -0.00469261
166.02 -0.00685732
166.03 -0.0089135
166.04 -0.0108011
166.05 -0.0124655
166.06 -0.0138594
166.07 -0.0149442
166.08 -0.0156732
166.09 -0.0160284
166.1 -0.0160234
166.11 -0.0156669
166.12 -0.0149783
166.13 -0.013988
166.14 -0.0127358
166.15 -0.0112697
166.16 -0.00963844
166.17 -0.00791302
166.18 -0.00616177
166.19 -0.00444725
166.2 -0.00282999
166.21 -0.00136649
166.22 -0.000107366
166.23 0.00090434
166.24 0.00161165
166.25 0.00200348
166.26 0.0020771
166.27 0.00183362
166.28 0.00128537
166.29 0.000455402
166.3 -0.000623289
166.31 -0.00190897
166.32 -0.00336154
166.33 -0.00490892
166.34 -0.00649012
166.35 -0.00804526
166.36 -0.00951541
166.37 -0.0108447
166.38 -0.011982
166.39 -0.012883
166.4 -0.013482
166.41 -0.013778
166.42 -0.0137579
166.43 -0.013419
166.44 -0.0127695
166.45 -0.0118284
166.46 -0.0106247
166.47 -0.0091948
166.48 -0.00757553
166.49 -0.00584006
166.5 -0.00404547
166.51 -0.00225074
166.52 -0.000514711
166.53 0.00110586
166.54 0.00255826
166.55 0.00379003
166.56 0.00474326
166.57 0.00540724
166.58 0.00576347
166.59 0.00580394
166.6 0.00553138
166.61 0.00495907
166.62 0.00411036
166.63 0.00301109
166.64 0.0017008
166.65 0.000244198
166.66 -0.00130573
166.67 -0.0028934
166.68 -0.00446261
166.69 -0.00595839
166.7 -0.00732892
166.71 -0.00851759
166.72 -0.00947746
166.73 -0.0101882
166.74 -0.0106286
166.75 -0.0107873
166.76 -0.0106631
166.77 -0.0102649
166.78 -0.00961125
166.79 -0.00871866
166.8 -0.00763123
166.81 -0.00640216
166.82 -0.00507939
166.83 -0.00371366
166.84 -0.00235671
166.85 -0.0010594
166.86 0.000130115
166.87 0.00115492
166.88 0.00197969
166.89 0.00258112
166.9 0.00293958
166.91 0.0030448
166.92 0.0028962
166.93 0.00250293
166.94 0.00188351
166.95 0.00105192
166.96 6.00296e-05
166.97 -0.00104547
166.98 -0.00221726
166.99 -0.00340522
167 -0.00455817
167.01 -0.00562573
167.02 -0.00656014
167.03 -0.00729797
167.04 -0.00781456
167.05 -0.00808319
167.06 -0.00808431
167.07 -0.00780774
167.08 -0.0072531
167.09 -0.00642978
167.1 -0.00535592
167.11 -0.00404243
167.12 -0.00255095
167.13 -0.000925606
167.14 0.000784617
167.15 0.00252752
167.16 0.00424949
167.17 0.00589734
167.18 0.00741738
167.19 0.00874611
167.2 0.00985538
167.21 0.0107131
167.22 0.0112956
167.23 0.0115889
167.24 0.0115885
167.25 0.0113001
167.26 0.0107325
167.27 0.00990312
167.28 0.00886705
167.29 0.00766642
167.3 0.00634884
167.31 0.0049658
167.32 0.00357082
167.33 0.00221766
167.34 0.000964244
167.35 -0.000131974
167.36 -0.00103523
167.37 -0.00171052
167.38 -0.00213107
167.39 -0.00227921
167.4 -0.00214703
167.41 -0.00173661
167.42 -0.00104745
167.43 -0.000105864
167.44 0.00104262
167.45 0.00235821
167.46 0.00379508
167.47 0.00530298
167.48 0.00682895
167.49 0.00831916
167.5 0.00971183
167.51 0.0109538
167.52 0.0120046
167.53 0.0128269
167.54 0.0133911
167.55 0.0136766
167.56 0.0136723
167.57 0.0133774
167.58 0.0127811
167.59 0.0119202
167.6 0.0108321
167.61 0.00955518
167.62 0.00813445
167.63 0.00662006
167.64 0.00506563
167.65 0.00352645
167.66 0.00206844
167.67 0.000743894
167.68 -0.000400525
167.69 -0.00132312
167.7 -0.00198967
167.71 -0.0023746
167.72 -0.00246186
167.73 -0.00224554
167.74 -0.00170186
167.75 -0.000877754
167.76 0.000199319
167.77 0.00149369
167.78 0.00296207
167.79 0.00455496
167.8 0.00621824
167.81 0.00789449
167.82 0.00951602
167.83 0.0110261
167.84 0.0123717
167.85 0.0135048
167.86 0.0143842
167.87 0.0149764
167.88 0.0152572
167.89 0.0152053
167.9 0.0147986
167.91 0.0140723
167.92 0.0130462
167.93 0.0117494
167.94 0.0102196
167.95 0.00850225
167.96 0.00664865
167.97 0.0047139
167.98 0.00276295
167.99 0.000859559
168 -0.000939061
168.01 -0.00257916
168.02 -0.00401215
168.03 -0.0051961
168.04 -0.00609708
168.05 -0.0066753
168.06 -0.0069119
168.07 -0.00682173
168.08 -0.00641268
168.09 -0.00570258
168.1 -0.00471859
168.11 -0.00349624
168.12 -0.0020783
168.13 -0.000508067
168.14 0.00115225
168.15 0.00284085
168.16 0.00450173
168.17 0.00608038
168.18 0.00752545
168.19 0.00879029
168.2 0.00983441
168.21 0.0106052
168.22 0.011086
168.23 0.0112715
168.24 0.0111574
168.25 0.0107493
168.26 0.0100613
168.27 0.00911651
168.28 0.00794548
168.29 0.00657351
168.3 0.00505993
168.31 0.00345543
168.32 0.001809
168.33 0.000169942
168.34 -0.00141365
168.35 -0.00289641
168.36 -0.00423712
168.37 -0.00538045
168.38 -0.00631083
168.39 -0.00700933
168.4 -0.00746351
168.41 -0.00766907
168.42 -0.00762979
168.43 -0.0073572
168.44 -0.00686929
168.45 -0.00617702
168.46 -0.00533273
168.47 -0.0043724
168.48 -0.00333471
168.49 -0.00225978
168.5 -0.00118777
168.51 -0.000157553
168.52 0.00079266
168.53 0.00161947
168.54 0.00230338
168.55 0.00282349
168.56 0.00316514
168.57 0.00332031
168.58 0.00328771
168.59 0.00307263
168.6 0.00268233
168.61 0.00212995
168.62 0.00145121
168.63 0.000673313
168.64 -0.000173742
168.65 -0.00105826
168.66 -0.00194802
168.67 -0.00281139
168.68 -0.00361499
168.69 -0.00432684
168.7 -0.0049281
168.71 -0.00540084
168.72 -0.00573225
168.73 -0.00591503
168.74 -0.00594749
168.75 -0.00583361
168.76 -0.00557637
168.77 -0.0051931
168.78 -0.00471015
168.79 -0.00415065
168.8 -0.00354031
168.81 -0.00290642
168.82 -0.00227695
168.83 -0.00167948
168.84 -0.00114558
168.85 -0.00070017
168.86 -0.000360953
168.87 -0.000143974
168.88 -6.0798e-05
168.89 -0.000118151
168.9 -0.000317735
168.91 -0.000656216
168.92 -0.00113431
168.93 -0.00173056
168.94 -0.00242395
168.95 -0.00319349
168.96 -0.0040157
168.97 -0.00486542
168.98 -0.00571669
168.99 -0.00654364
169 -0.00731501
169.01 -0.00800959
169.02 -0.00860832
169.03 -0.00909487
169.04 -0.00945678
169.05 -0.00968584
169.06 -0.00977827
169.07 -0.0097348
169.08 -0.00954844
169.09 -0.00924276
169.1 -0.00883177
169.11 -0.0083323
169.12 -0.00776356
169.13 -0.00714642
169.14 -0.0065026
169.15 -0.0058541
169.16 -0.00522547
169.17 -0.00463596
169.18 -0.00410239
169.19 -0.00363873
169.2 -0.00325556
169.21 -0.00295986
169.22 -0.00275471
169.23 -0.00264124
169.24 -0.00261872
169.25 -0.00267116
169.26 -0.00278662
169.27 -0.00295063
169.28 -0.00314686
169.29 -0.00335775
169.3 -0.00356528
169.31 -0.00375036
169.32 -0.00389313
169.33 -0.00398072
169.34 -0.00400114
169.35 -0.00394548
169.36 -0.00380824
169.37 -0.00358767
169.38 -0.00328586
169.39 -0.00290579
169.4 -0.00245839
169.41 -0.00196166
169.42 -0.00143239
169.43 -0.000889675
169.44 -0.000354213
169.45 0.000152397
169.46 0.000608454
169.47 0.000987615
169.48 0.00126932
169.49 0.00144028
169.5 0.00148716
169.51 0.00140039
169.52 0.00117463
169.53 0.000809052
169.54 0.000307583
169.55 -0.000329073
169.56 -0.00108037
169.57 -0.00192376
169.58 -0.00283683
169.59 -0.00379407
169.6 -0.00476758
169.61 -0.00572787
169.62 -0.0066448
169.63 -0.00748009
169.64 -0.0082071
169.65 -0.00880149
169.66 -0.00924072
169.67 -0.00950627
169.68 -0.00958429
169.69 -0.00946614
169.7 -0.00914872
169.71 -0.00861698
169.72 -0.00789827
169.73 -0.00700941
169.74 -0.005971
169.75 -0.00480829
169.76 -0.00355045
169.77 -0.00222975
169.78 -0.00088073
169.79 0.000456504
169.8 0.00174415
169.81 0.00294774
169.82 0.00403507
169.83 0.00497715
169.84 0.00574905
169.85 0.00633072
169.86 0.00670396
169.87 0.00684541
169.88 0.00677165
169.89 0.0064881
169.9 0.0060063
169.91 0.00534359
169.92 0.00452257
169.93 0.00357047
169.94 0.00251646
169.95 0.00139588
169.96 0.000251592
169.97 -0.000879986
169.98 -0.00196308
169.99 -0.00296365
170 -0.00385041
170.01 -0.00459575
170.02 -0.00516912
170.03 -0.00554744
170.04 -0.00573021
170.05 -0.00571289
170.06 -0.00549717
170.07 -0.00509088
170.08 -0.00450768
170.09 -0.00376663
170.1 -0.002886
170.11 -0.00189834
170.12 -0.000841439
170.13 0.000251488
170.14 0.00134651
170.15 0.00241007
170.16 0.00341003
170.17 0.00431673
170.18 0.00509467
170.19 0.00572318
170.2 0.00619093
170.21 0.00648765
170.22 0.0066089
170.23 0.00655619
170.24 0.00633688
170.25 0.00596391
170.26 0.00544676
170.27 0.00481809
170.28 0.00410825
170.29 0.00334688
170.3 0.00256515
170.31 0.00179472
170.32 0.00106671
170.33 0.00041063
170.34 -0.000135812
170.35 -0.000555231
170.36 -0.000831128
170.37 -0.000950842
170.38 -0.000907281
170.39 -0.000699174
170.4 -0.000331133
170.41 0.000186484
170.42 0.000849239
170.43 0.00162061
170.44 0.00247467
170.45 0.00338245
170.46 0.00431281
170.47 0.00523346
170.48 0.00611208
170.49 0.00691623
170.5 0.00760582
170.51 0.00816288
170.52 0.00856663
170.53 0.00880132
170.54 0.0088568
170.55 0.0087289
170.56 0.00841967
170.57 0.00793372
170.58 0.00727885
170.59 0.00648959
170.6 0.00559182
170.61 0.0046154
170.62 0.00359318
170.63 0.00255997
170.64 0.00155139
170.65 0.000606067
170.66 -0.000235454
170.67 -0.000947311
170.68 -0.00150335
170.69 -0.00188236
170.7 -0.0020688
170.71 -0.00205342
170.72 -0.00183361
170.73 -0.00140473
170.74 -0.00077878
170.75 1.43767e-05
170.76 0.000949866
170.77 0.00199773
170.78 0.00312385
170.79 0.004291
170.8 0.00545999
170.81 0.00658635
170.82 0.00762667
170.83 0.00854614
170.84 0.0093116
170.85 0.00989444
170.86 0.0102717
170.87 0.0104266
170.88 0.0103495
170.89 0.0100219
170.9 0.00946027
170.91 0.00868639
170.92 0.00772178
170.93 0.00659445
170.94 0.00533797
170.95 0.0039905
170.96 0.0025936
170.97 0.00119425
170.98 -0.000158295
170.99 -0.00142069
171 -0.00255204
171.01 -0.00351525
171.02 -0.00427822
171.03 -0.00481489
171.04 -0.00510617
171.05 -0.005116
171.06 -0.00486479
171.07 -0.00436127
171.08 -0.00362056
171.09 -0.00266558
171.1 -0.0015263
171.11 -0.000238932
171.12 0.00115546
171.13 0.00261216
171.14 0.00407352
171.15 0.00549079
171.16 0.00681614
171.17 0.00800418
171.18 0.00901336
171.19 0.00980732
171.2 0.0103514
171.21 0.0106037
171.22 0.0105727
171.23 0.0102549
171.24 0.00965573
171.25 0.00878949
171.26 0.00767888
171.27 0.00635449
171.28 0.00485005
171.29 0.00320919
171.3 0.00149303
171.31 -0.000246826
171.32 -0.00195764
171.33 -0.00358713
171.34 -0.00508505
171.35 -0.00640473
171.36 -0.00749397
171.37 -0.00830904
171.38 -0.00883766
171.39 -0.00906252
171.4 -0.0089754
171.41 -0.00857742
171.42 -0.00787906
171.43 -0.0068999
171.44 -0.0056566
171.45 -0.00419208
171.46 -0.00256224
171.47 -0.000816085
171.48 0.000993826
171.49 0.00281287
171.5 0.004586
171.51 0.00625934
171.52 0.00776882
171.53 0.00906716
171.54 0.0101205
171.55 0.0108965
171.56 0.0113708
171.57 0.0115279
171.58 0.0113612
171.59 0.0108737
171.6 0.0100553
171.61 0.00894666
171.62 0.00758596
171.63 0.00601092
171.64 0.00426503
171.65 0.0023962
171.66 0.000455441
171.67 -0.00150473
171.68 -0.00342418
171.69 -0.00525003
171.7 -0.00693563
171.71 -0.00843852
171.72 -0.00972201
171.73 -0.0107562
171.74 -0.0115185
171.75 -0.0119946
171.76 -0.0121489
171.77 -0.0120146
171.78 -0.0116039
171.79 -0.0109363
171.8 -0.0100382
171.81 -0.00894151
171.82 -0.00768307
171.83 -0.00630235
171.84 -0.00484062
171.85 -0.00335179
171.86 -0.0018789
171.87 -0.000463114
171.88 0.000857417
171.89 0.00204855
171.9 0.00308103
171.91 0.0039264
171.92 0.00455491
171.93 0.00497137
171.94 0.00517258
171.95 0.00516163
171.96 0.00494755
171.97 0.00454477
171.98 0.00397249
171.99 0.00324967
172 0.00240251
172.01 0.00146913
172.02 0.000479168
172.03 -0.00053782
172.04 -0.00155324
172.05 -0.00254032
172.06 -0.00347482
172.07 -0.00433133
172.08 -0.00509008
172.09 -0.00574283
172.1 -0.00628145
172.11 -0.006702
172.12 -0.00700459
172.13 -0.00719309
172.14 -0.00727472
172.15 -0.0072546
172.16 -0.00714863
172.17 -0.00697512
172.18 -0.00674919
172.19 -0.00648612
172.2 -0.00620075
172.21 -0.00590687
172.22 -0.0056168
172.23 -0.00534255
172.24 -0.00509224
172.25 -0.00487058
172.26 -0.00468022
172.27 -0.00452141
172.28 -0.00439215
172.29 -0.00428846
172.3 -0.00420473
172.31 -0.00413454
172.32 -0.00406859
172.33 -0.00399872
172.34 -0.00391737
172.35 -0.00381769
172.36 -0.00369402
172.37 -0.00354224
172.38 -0.00335997
172.39 -0.00314409
172.4 -0.00289955
172.41 -0.00263083
172.42 -0.00234408
172.43 -0.00204716
172.44 -0.00174932
172.45 -0.00146077
172.46 -0.00119249
172.47 -0.000959236
172.48 -0.000769187
172.49 -0.000631588
172.5 -0.00055419
172.51 -0.000542839
172.52 -0.000601129
172.53 -0.000730138
172.54 -0.000929395
172.55 -0.00119794
172.56 -0.00152225
172.57 -0.00189199
172.58 -0.00229456
172.59 -0.0027155
172.6 -0.00313888
172.61 -0.00354787
172.62 -0.00392381
172.63 -0.00424582
172.64 -0.00450066
172.65 -0.0046743
172.66 -0.00475492
172.67 -0.00473344
172.68 -0.00460386
172.69 -0.00436366
172.7 -0.00400963
172.71 -0.00354594
172.72 -0.00298864
172.73 -0.00235076
172.74 -0.00164851
172.75 -0.0009009
172.76 -0.000129134
172.77 0.000643937
172.78 0.00139197
172.79 0.00208791
172.8 0.00270978
172.81 0.00323585
172.82 0.00364656
172.83 0.00392523
172.84 0.00405854
172.85 0.00403709
172.86 0.0038452
172.87 0.00348766
172.88 0.00297532
172.89 0.00231785
172.9 0.00152929
172.91 0.000627679
172.92 -0.000365398
172.93 -0.00142536
172.94 -0.00252611
172.95 -0.00363378
172.96 -0.00471809
172.97 -0.00574989
172.98 -0.00670101
172.99 -0.00754511
173 -0.00825835
173.01 -0.00882008
173.02 -0.00919715
173.03 -0.00938953
173.04 -0.00939224
173.05 -0.0092031
173.06 -0.00882474
173.07 -0.00826455
173.08 -0.00753442
173.09 -0.00665042
173.1 -0.00562118
173.11 -0.00448562
173.12 -0.00326982
173.13 -0.00200154
173.14 -0.000709493
173.15 0.000577384
173.16 0.00183065
173.17 0.00302202
173.18 0.00411696
173.19 0.00509909
173.2 0.0059493
173.21 0.00665195
173.22 0.00719519
173.23 0.00757112
173.24 0.00777591
173.25 0.00780577
173.26 0.00765691
173.27 0.00735122
173.28 0.00690074
173.29 0.00632044
173.3 0.00562779
173.31 0.00484228
173.32 0.00398489
173.33 0.00307666
173.34 0.00214208
173.35 0.00120649
173.36 0.000291531
173.37 -0.000582254
173.38 -0.0013958
173.39 -0.00213188
173.4 -0.00277535
173.41 -0.00330787
173.42 -0.0037175
173.43 -0.00400298
173.44 -0.00415998
173.45 -0.00418686
173.46 -0.00408459
173.47 -0.00385662
173.48 -0.00350878
173.49 -0.00304303
173.5 -0.00247297
173.51 -0.00181538
173.52 -0.00108389
173.53 -0.000293338
173.54 0.000540498
173.55 0.00140118
173.56 0.00227188
173.57 0.00313394
173.58 0.00396905
173.59 0.00476134
173.6 0.00549547
173.61 0.00615717
173.62 0.00673351
173.63 0.00721311
173.64 0.00758639
173.65 0.0078358
173.66 0.00796336
173.67 0.00796864
173.68 0.00785175
173.69 0.00761532
173.7 0.00726461
173.71 0.00680741
173.72 0.00625403
173.73 0.00561054
173.74 0.00490095
173.75 0.00414286
173.76 0.00335495
173.77 0.00255699
173.78 0.00176951
173.79 0.0010133
173.8 0.000309379
173.81 -0.000314112
173.82 -0.000844237
173.83 -0.00126468
173.84 -0.0015615
173.85 -0.00172352
173.86 -0.00174276
173.87 -0.00161469
173.88 -0.00133587
173.89 -0.000900787
173.9 -0.000329664
173.91 0.000365758
173.92 0.00117013
173.93 0.00206479
173.94 0.00302819
173.95 0.0040364
173.96 0.00506335
173.97 0.00607846
173.98 0.00705331
173.99 0.00796108
174 0.00877619
174.01 0.00947507
174.02 0.0100368
174.03 0.010444
174.04 0.0106754
174.05 0.0107181
174.06 0.0105791
174.07 0.0102599
174.08 0.00976723
174.09 0.00911272
174.1 0.0083126
174.11 0.0073874
174.12 0.00635746
174.13 0.00525484
174.14 0.00411425
174.15 0.00296705
174.16 0.00184495
174.17 0.000779133
174.18 -0.00020074
174.19 -0.00106735
174.2 -0.00178614
174.21 -0.00233946
174.22 -0.00271788
174.23 -0.00291225
174.24 -0.00291889
174.25 -0.00273977
174.26 -0.00238243
174.27 -0.00185984
174.28 -0.0011803
174.29 -0.000377453
174.3 0.000518175
174.31 0.00147661
174.32 0.00246597
174.33 0.00345348
174.34 0.00440642
174.35 0.00529317
174.36 0.00607318
174.37 0.00672559
174.38 0.00722994
174.39 0.00756935
174.4 0.00773224
174.41 0.0077126
174.42 0.00751024
174.43 0.00713068
174.44 0.0065703
174.45 0.00586455
174.46 0.0050358
174.47 0.00411025
174.48 0.00311713
174.49 0.00208778
174.5 0.0010546
174.51 5.08544e-05
174.52 -0.000884154
174.53 -0.00172463
174.54 -0.00244492
174.55 -0.00302336
174.56 -0.00344297
174.57 -0.00369197
174.58 -0.00376411
174.59 -0.0036547
174.6 -0.00336133
174.61 -0.00290972
174.62 -0.00231707
174.63 -0.00160505
174.64 -0.00079905
174.65 7.25952e-05
174.66 0.000979575
174.67 0.00188951
174.68 0.00276646
174.69 0.00358062
174.7 0.00430439
174.71 0.00491326
174.72 0.0053866
174.73 0.00570827
174.74 0.00586706
174.75 0.00584885
174.76 0.00565304
174.77 0.00529467
174.78 0.00478487
174.79 0.0041393
174.8 0.00337762
174.81 0.00252275
174.82 0.00160006
174.83 0.00063578
174.84 -0.000338251
174.85 -0.00129345
174.86 -0.00220424
174.87 -0.00304729
174.88 -0.00380233
174.89 -0.00445272
174.9 -0.00498597
174.91 -0.00538473
174.92 -0.00565143
174.93 -0.00579213
174.94 -0.00581365
174.95 -0.00572687
174.96 -0.00554621
174.97 -0.00528901
174.98 -0.00497484
174.99 -0.00462348
175 -0.00426105
175.01 -0.00390919
175.02 -0.00358765
175.03 -0.00331413
175.04 -0.00310364
175.05 -0.0029679
175.06 -0.00291496
175.07 -0.00295724
175.08 -0.00308609
175.09 -0.00329602
175.1 -0.00357822
175.11 -0.00392049
175.12 -0.00430777
175.13 -0.00472277
175.14 -0.00514657
175.15 -0.00555661
175.16 -0.00593302
175.17 -0.0062576
175.18 -0.006514
175.19 -0.00668844
175.2 -0.00677034
175.21 -0.00675278
175.22 -0.00663094
175.23 -0.00640037
175.24 -0.00607614
175.25 -0.00566891
175.26 -0.00519309
175.27 -0.00466631
175.28 -0.00410881
175.29 -0.00354276
175.3 -0.00299262
175.31 -0.00248618
175.32 -0.0020446
175.33 -0.00168852
175.34 -0.00143596
175.35 -0.00130152
175.36 -0.00129579
175.37 -0.00142484
175.38 -0.00169545
175.39 -0.00210459
175.4 -0.00263408
175.41 -0.00326886
175.42 -0.00398949
175.43 -0.00477267
175.44 -0.00559202
175.45 -0.00641888
175.46 -0.0072203
175.47 -0.00796225
175.48 -0.00861678
175.49 -0.0091568
175.5 -0.00955829
175.51 -0.00980113
175.52 -0.00986999
175.53 -0.00975485
175.54 -0.00943918
175.55 -0.00893215
175.56 -0.00825
175.57 -0.00740845
175.58 -0.00642882
175.59 -0.00533747
175.6 -0.00416502
175.61 -0.00294548
175.62 -0.00171736
175.63 -0.00052282
175.64 0.000600657
175.65 0.00161727
175.66 0.00249392
175.67 0.00320126
175.68 0.00371476
175.69 0.00401546
175.7 0.0040698
175.71 0.00389059
175.72 0.00348327
175.73 0.00285795
175.74 0.00203156
175.75 0.00102746
175.76 -0.00012529
175.77 -0.0013928
175.78 -0.00274064
175.79 -0.00411686
175.8 -0.00547921
175.81 -0.00678552
175.82 -0.00799504
175.83 -0.00906967
175.84 -0.00997511
175.85 -0.010679
175.86 -0.0111391
175.87 -0.011358
175.88 -0.0113272
175.89 -0.011046
175.9 -0.0105208
175.91 -0.00976514
175.92 -0.00879937
175.93 -0.00764618
175.94 -0.00633375
175.95 -0.00491255
175.96 -0.0034222
175.97 -0.00190393
175.98 -0.000399269
175.99 0.00105117
176 0.00240895
176.01 0.00363297
176.02 0.00468488
176.03 0.00554911
176.04 0.00620766
176.05 0.00664909
176.06 0.00686883
176.07 0.00686912
176.08 0.00665891
176.09 0.00624496
176.1 0.00565122
176.11 0.00491474
176.12 0.0040663
176.13 0.00313939
176.14 0.00216912
176.15 0.0011911
176.16 0.000240254
176.17 -0.000644634
176.18 -0.00143114
176.19 -0.00209629
176.2 -0.0026192
176.21 -0.00298424
176.22 -0.00318146
176.23 -0.00320675
176.24 -0.00306189
176.25 -0.00274344
176.26 -0.00227365
176.27 -0.00167578
176.28 -0.000972387
176.29 -0.000189088
176.3 0.000646346
176.31 0.00150497
176.32 0.00235764
176.33 0.0031708
176.34 0.00391796
176.35 0.0045765
176.36 0.00512675
176.37 0.00555315
176.38 0.00584475
176.39 0.00599541
176.4 0.006004
176.41 0.00586178
176.42 0.00559154
176.43 0.00520776
176.44 0.00472798
176.45 0.00417278
176.46 0.003565
176.47 0.00292902
176.48 0.00229001
176.49 0.00167721
176.5 0.00111396
176.51 0.000621719
176.52 0.000219306
176.53 -7.76654e-05
176.54 -0.000257243
176.55 -0.00031145
176.56 -0.000233979
176.57 -1.76908e-05
176.58 0.000321312
176.59 0.000773757
176.6 0.00132697
176.61 0.00196537
176.62 0.00267102
176.63 0.00342427
176.64 0.00420454
176.65 0.00498844
176.66 0.00575374
176.67 0.00648104
176.68 0.00715262
176.69 0.00775299
176.7 0.00826928
176.71 0.00869156
176.72 0.00900853
176.73 0.0092151
176.74 0.00931763
176.75 0.00931965
176.76 0.00922747
176.77 0.0090499
176.78 0.00879777
176.79 0.00848355
176.8 0.00811898
176.81 0.00772058
176.82 0.00730475
176.83 0.00688522
176.84 0.00647474
176.85 0.00608475
176.86 0.00572503
176.87 0.00540347
176.88 0.00512907
176.89 0.00490415
176.9 0.00472816
176.91 0.00460001
176.92 0.00451677
176.93 0.00447381
176.94 0.00446514
176.95 0.00448371
176.96 0.00452257
176.97 0.00457153
176.98 0.00462196
176.99 0.00466598
177 0.00469634
177.01 0.00470666
177.02 0.00469159
177.03 0.00464698
177.04 0.00456686
177.05 0.00445234
177.06 0.00430373
177.07 0.00412216
177.08 0.00390979
177.09 0.00366961
177.1 0.0034053
177.11 0.00312094
177.12 0.00281981
177.13 0.00250822
177.14 0.00219036
177.15 0.00187008
177.16 0.00155077
177.17 0.00123528
177.18 0.000925863
177.19 0.000624313
177.2 0.000332478
177.21 5.02066e-05
177.22 -0.000222284
177.23 -0.00048497
177.24 -0.000737869
177.25 -0.000980888
177.26 -0.00121367
177.27 -0.00143514
177.28 -0.00164318
177.29 -0.00183657
177.3 -0.00201262
177.31 -0.00216794
177.32 -0.00229855
177.33 -0.00239994
177.34 -0.00246724
177.35 -0.0024937
177.36 -0.00247244
177.37 -0.00240131
177.38 -0.00227615
177.39 -0.00209366
177.4 -0.00185163
177.41 -0.00154918
177.42 -0.00118696
177.43 -0.000764695
177.44 -0.000287268
177.45 0.000235854
177.46 0.000796308
177.47 0.00138397
177.48 0.00198712
177.49 0.00259267
177.5 0.00318644
177.51 0.00375092
177.52 0.00426951
177.53 0.00472827
177.54 0.00511276
177.55 0.00540963
177.56 0.00560707
177.57 0.00569518
177.58 0.00566636
177.59 0.00550653
177.6 0.00521932
177.61 0.00480977
177.62 0.00428261
177.63 0.0036456
177.64 0.00290943
177.65 0.00208746
177.66 0.00119543
177.67 0.000248317
177.68 -0.000728879
177.69 -0.00171488
177.7 -0.00268887
177.71 -0.00363031
177.72 -0.00451942
177.73 -0.00533783
177.74 -0.00606901
177.75 -0.00668779
177.76 -0.00719174
177.77 -0.00757371
177.78 -0.00782944
177.79 -0.00795813
177.8 -0.00796237
177.81 -0.0078481
177.82 -0.00762358
177.83 -0.00729386
177.84 -0.00688382
177.85 -0.00641013
177.86 -0.00589075
177.87 -0.00534442
177.88 -0.00479003
177.89 -0.0042461
177.9 -0.00373106
177.91 -0.00326531
177.92 -0.00285987
177.93 -0.00252581
177.94 -0.00227142
177.95 -0.00210205
177.96 -0.00201994
177.97 -0.00202424
177.98 -0.00211348
177.99 -0.00228266
178 -0.00251623
178.01 -0.00280223
178.02 -0.00312704
178.03 -0.00347582
178.04 -0.00383302
178.05 -0.00418296
178.06 -0.00450862
178.07 -0.00479323
178.08 -0.00502545
178.09 -0.00519436
178.1 -0.00529121
178.11 -0.00530969
178.12 -0.00524611
178.13 -0.00509947
178.14 -0.00486722
178.15 -0.00455548
178.16 -0.00417531
178.17 -0.00373625
178.18 -0.00324963
178.19 -0.00272823
178.2 -0.00218588
178.21 -0.00163698
178.22 -0.00109765
178.23 -0.000583484
178.24 -0.000107462
178.25 0.000318301
178.26 0.000683223
178.27 0.000978529
178.28 0.00119746
178.29 0.00133543
178.3 0.00138346
178.31 0.00134663
178.32 0.00122936
178.33 0.00103629
178.34 0.000773892
178.35 0.000450196
178.36 7.45495e-05
178.37 -0.000342703
178.38 -0.00079228
178.39 -0.00125924
178.4 -0.00173192
178.41 -0.00219933
178.42 -0.00265106
178.43 -0.00307759
178.44 -0.00347042
178.45 -0.00382216
178.46 -0.00412187
178.47 -0.00436948
178.48 -0.00456219
178.49 -0.00469855
178.5 -0.00477843
178.51 -0.00480291
178.52 -0.00477414
178.53 -0.00469459
178.54 -0.00456532
178.55 -0.00439534
178.56 -0.00418979
178.57 -0.00395413
178.58 -0.00369397
178.59 -0.00341497
178.6 -0.00312277
178.61 -0.00282279
178.62 -0.00252079
178.63 -0.00222226
178.64 -0.00193187
178.65 -0.00165397
178.66 -0.00139259
178.67 -0.00115142
178.68 -0.00093381
178.69 -0.000743851
178.7 -0.000585175
178.71 -0.000458188
178.72 -0.00036456
178.73 -0.000305479
178.74 -0.0002816
178.75 -0.000292991
178.76 -0.000339073
178.77 -0.000420126
178.78 -0.000533757
178.79 -0.000675216
178.8 -0.00084062
178.81 -0.00102525
178.82 -0.00122357
178.83 -0.00142928
178.84 -0.00163538
178.85 -0.00183334
178.86 -0.00201427
178.87 -0.00217019
178.88 -0.00229281
178.89 -0.00237406
178.9 -0.00240635
178.91 -0.00238283
178.92 -0.00229764
178.93 -0.002141
178.94 -0.00191277
178.95 -0.00161375
178.96 -0.0012448
178.97 -0.000808772
178.98 -0.00031057
178.99 0.00024286
179 0.000842591
179.01 0.00147981
179.02 0.00213811
179.03 0.00280286
179.04 0.00345894
179.05 0.00409064
179.06 0.00468208
179.07 0.00521759
179.08 0.00568221
179.09 0.00605265
179.1 0.00632397
179.11 0.00648682
179.12 0.006534
179.13 0.00646105
179.14 0.00626646
179.15 0.0059518
179.16 0.00552086
179.17 0.00497351
179.18 0.00433179
179.19 0.00360977
179.2 0.0028238
179.21 0.00199207
179.22 0.00113419
179.23 0.000270622
179.24 -0.000577152
179.25 -0.00138429
179.26 -0.00213306
179.27 -0.00280585
179.28 -0.00338717
179.29 -0.00386409
179.3 -0.00422666
179.31 -0.00446816
179.32 -0.00458132
179.33 -0.00456233
179.34 -0.00442441
179.35 -0.0041755
179.36 -0.00382661
179.37 -0.00339141
179.38 -0.00288583
179.39 -0.00232748
179.4 -0.00173457
179.41 -0.00112878
179.42 -0.000530963
179.43 4.06764e-05
179.44 0.000569419
179.45 0.00104054
179.46 0.00144177
179.47 0.00176367
179.48 0.00199495
179.49 0.0021336
179.5 0.00218465
179.51 0.00215249
179.52 0.00204452
179.53 0.00187088
179.54 0.00164401
179.55 0.0013782
179.56 0.00108858
179.57 0.000794172
179.58 0.000511912
179.59 0.00025732
179.6 4.46056e-05
179.61 -0.000113858
179.62 -0.000208011
179.63 -0.000230484
179.64 -0.000170712
179.65 -3.23657e-05
179.66 0.00018012
179.67 0.000460803
179.68 0.000800826
179.69 0.00118873
179.7 0.00161088
179.71 0.00205194
179.72 0.00249413
179.73 0.00291875
179.74 0.00330915
179.75 0.00364966
179.76 0.00392617
179.77 0.00412667
179.78 0.00424178
179.79 0.00426481
179.8 0.0041836
179.81 0.00400852
179.82 0.00374427
179.83 0.00339896
179.84 0.00298382
179.85 0.00251287
179.86 0.00200246
179.87 0.0014707
179.88 0.000938912
179.89 0.000428421
179.9 -4.14407e-05
179.91 -0.000452457
179.92 -0.000788182
179.93 -0.00103455
179.94 -0.0011804
179.95 -0.00121491
179.96 -0.0011285
179.97 -0.000930032
179.98 -0.000624094
179.99 -0.000219072
180 0.000273112
180.01 0.000837382
180.02 0.00145599
180.03 0.00210958
180.04 0.00277441
180.05 0.00342658
180.06 0.00404444
180.07 0.00460741
180.08 0.00509667
180.09 0.00549584
180.1 0.00579157
180.11 0.00596796
180.12 0.00601876
180.13 0.00594896
180.14 0.00576193
180.15 0.00546511
180.16 0.00506976
180.17 0.0045906
180.18 0.0040453
180.19 0.00345234
180.2 0.00283726
180.21 0.00222427
180.22 0.00163571
180.23 0.00109297
180.24 0.00061567
180.25 0.000221012
180.26 -7.6894e-05
180.27 -0.000259061
180.28 -0.000324015
180.29 -0.000273488
180.3 -0.000110636
180.31 0.000157146
180.32 0.000518484
180.33 0.000958423
180.34 0.00145896
180.35 0.00200123
180.36 0.00255799
180.37 0.00310574
180.38 0.0036218
180.39 0.00408459
180.4 0.00447445
180.41 0.00477439
180.42 0.00497076
180.43 0.00504211
180.44 0.00499413
180.45 0.00482747
180.46 0.00454706
180.47 0.0041624
180.48 0.00368722
180.49 0.00313906
180.5 0.00253843
180.51 0.00190883
180.52 0.00127989
180.53 0.000677288
180.54 0.000126235
180.55 -0.000349437
180.56 -0.000728195
180.57 -0.000991649
180.58 -0.00112237
180.59 -0.00110151
180.6 -0.000936009
180.61 -0.000627565
180.62 -0.000183298
180.63 0.000384372
180.64 0.00105803
180.65 0.00181574
180.66 0.00263262
180.67 0.00347702
180.68 0.00431391
180.69 0.00511115
180.7 0.00583688
180.71 0.0064606
180.72 0.00695422
180.73 0.00729309
180.74 0.00744834
180.75 0.00740127
180.76 0.00715398
180.77 0.00670477
180.78 0.00605838
180.79 0.00522593
180.8 0.00422471
180.81 0.00307771
180.82 0.00180822
180.83 0.000454712
180.84 -0.00094156
180.85 -0.00234255
180.86 -0.00370955
180.87 -0.00500442
180.88 -0.00619076
180.89 -0.00723517
180.9 -0.00809474
180.91 -0.00874933
180.92 -0.00918768
180.93 -0.00939944
180.94 -0.00938122
180.95 -0.00913677
180.96 -0.00867685
180.97 -0.00801895
180.98 -0.00717513
180.99 -0.00618881
181 -0.00509821
181.01 -0.00394118
181.02 -0.00275752
181.03 -0.00158778
181.04 -0.000471904
181.05 0.000552009
181.06 0.00143431
181.07 0.00215288
181.08 0.00268471
181.09 0.00301187
181.1 0.00312317
181.11 0.00301455
181.12 0.00268919
181.13 0.00215678
181.14 0.00141886
181.15 0.000520184
181.16 -0.000509338
181.17 -0.00163557
181.18 -0.00282129
181.19 -0.00402739
181.2 -0.00521412
181.21 -0.00634093
181.22 -0.0073601
181.23 -0.0082442
181.24 -0.00896468
181.25 -0.0094984
181.26 -0.00982831
181.27 -0.009944
181.28 -0.00984198
181.29 -0.00952024
181.3 -0.00898162
181.31 -0.00826027
181.32 -0.00738026
181.33 -0.00637051
181.34 -0.00526383
181.35 -0.00409585
181.36 -0.00290387
181.37 -0.00172767
181.38 -0.000609859
181.39 0.00041649
181.4 0.00132048
181.41 0.00207554
181.42 0.00266022
181.43 0.00305883
181.44 0.00326184
181.45 0.00325621
181.46 0.00304677
181.47 0.00265459
181.48 0.00209642
181.49 0.00139406
181.5 0.000573596
181.51 -0.000335578
181.52 -0.00130171
181.53 -0.00229115
181.54 -0.00326618
181.55 -0.00419429
181.56 -0.00504599
181.57 -0.00579499
181.58 -0.00641901
181.59 -0.00690044
181.6 -0.00722682
181.61 -0.00737892
181.62 -0.00736396
181.63 -0.00719174
181.64 -0.00687293
181.65 -0.0064229
181.66 -0.00586112
181.67 -0.00521037
181.68 -0.00449595
181.69 -0.00374394
181.7 -0.00298715
181.71 -0.00225293
181.72 -0.00156667
181.73 -0.00095139
181.74 -0.000427024
181.75 -9.8125e-06
181.76 0.00028819
181.77 0.000446646
181.78 0.000475487
181.79 0.000377986
181.8 0.000161522
181.81 -0.000162459
181.82 -0.000578939
181.83 -0.00106993
181.84 -0.00161547
181.85 -0.00219405
181.86 -0.0027785
181.87 -0.00334667
181.88 -0.00387746
181.89 -0.00435162
181.9 -0.00475231
181.91 -0.0050657
181.92 -0.00527907
181.93 -0.0053792
181.94 -0.005372
181.95 -0.00525927
181.96 -0.00504642
181.97 -0.00474217
181.98 -0.00435815
181.99 -0.0039084
182 -0.00340774
182.01 -0.00287427
182.02 -0.00232882
182.03 -0.00178865
182.04 -0.00127011
182.05 -0.000788013
182.06 -0.000355166
182.07 1.80422e-05
182.08 0.000320685
182.09 0.000547042
182.1 0.000699953
182.11 0.00078136
182.12 0.000795932
182.13 0.000750784
182.14 0.000655094
182.15 0.000519659
182.16 0.000355543
182.17 0.000177246
182.18 -1.64285e-06
182.19 -0.000169328
182.2 -0.000315137
182.21 -0.000429938
182.22 -0.000506488
182.23 -0.000539693
182.24 -0.000523556
182.25 -0.000459699
182.26 -0.000352092
182.27 -0.00020533
182.28 -2.58609e-05
182.29 0.000178363
182.3 0.000398295
182.31 0.000624245
182.32 0.000845268
182.33 0.00105123
182.34 0.00123381
182.35 0.00138599
182.36 0.00150243
182.37 0.00157985
182.38 0.00161717
182.39 0.00161563
182.4 0.00157605
182.41 0.00150808
182.42 0.00142023
182.43 0.00132232
182.44 0.00122534
182.45 0.00114097
182.46 0.0010811
182.47 0.00105741
182.48 0.00108583
182.49 0.00117134
182.5 0.00132053
182.51 0.00153755
182.52 0.00182372
182.53 0.00217735
182.54 0.00259362
182.55 0.00306528
182.56 0.00358295
182.57 0.00412785
182.58 0.00468353
182.59 0.00523189
182.6 0.00575369
182.61 0.00622928
182.62 0.00663929
182.63 0.0069625
182.64 0.00717589
182.65 0.00727227
182.66 0.00724124
182.67 0.00707609
182.68 0.00677417
182.69 0.00633721
182.7 0.0057714
182.71 0.00508332
182.72 0.00428809
182.73 0.00341273
182.74 0.00248038
182.75 0.00151692
182.76 0.000550173
182.77 -0.00039086
182.78 -0.00127691
182.79 -0.00207356
182.8 -0.00275049
182.81 -0.00328815
182.82 -0.00366611
182.83 -0.0038681
182.84 -0.00388261
182.85 -0.00370331
182.86 -0.00332938
182.87 -0.00275422
182.88 -0.0019951
182.89 -0.00107609
182.9 -1.88903e-05
182.91 0.00115061
182.92 0.00240306
182.93 0.00370648
182.94 0.00502719
182.95 0.00632685
182.96 0.00756864
182.97 0.00872081
182.98 0.00975356
182.99 0.0106405
183 0.0113593
183.01 0.0118925
183.02 0.0122279
183.03 0.0123407
183.04 0.012246
183.05 0.0119526
183.06 0.0114721
183.07 0.0108208
183.08 0.0100197
183.09 0.00909306
183.1 0.00806843
183.11 0.00697139
183.12 0.0058417
183.13 0.00470991
183.14 0.00360539
183.15 0.00255553
183.16 0.00158505
183.17 0.00071523
183.18 -3.53029e-05
183.19 -0.000642073
183.2 -0.00110901
183.21 -0.00143375
183.22 -0.00161857
183.23 -0.00167013
183.24 -0.00159907
183.25 -0.00141949
183.26 -0.00114676
183.27 -0.000798167
183.28 -0.000401405
183.29 2.25185e-05
183.3 0.000452995
183.31 0.000870552
183.32 0.00125752
183.33 0.00159859
183.34 0.00187903
183.35 0.00208662
183.36 0.00222048
183.37 0.0022792
183.38 0.00226476
183.39 0.00218233
183.4 0.00203992
183.41 0.00184792
183.42 0.00161754
183.43 0.00136399
183.44 0.00110341
183.45 0.0008498
183.46 0.000616314
183.47 0.000414709
183.48 0.000254827
183.49 0.000144172
183.5 9.0827e-05
183.51 9.58151e-05
183.52 0.000155042
183.53 0.000263918
183.54 0.00041519
183.55 0.000599249
183.56 0.000804549
183.57 0.0010181
183.58 0.00122464
183.59 0.00140866
183.6 0.00155681
183.61 0.00165669
183.62 0.00169757
183.63 0.00167095
183.64 0.00157096
183.65 0.00139467
183.66 0.00113637
183.67 0.000805124
183.68 0.000409826
183.69 -3.92116e-05
183.7 -0.000529094
183.71 -0.0010448
183.72 -0.00156972
183.73 -0.00208628
183.74 -0.0025725
183.75 -0.00301176
183.76 -0.00338831
183.77 -0.00368815
183.78 -0.00389982
183.79 -0.00401493
183.8 -0.00402852
183.81 -0.00393899
183.82 -0.00374046
183.83 -0.00345046
183.84 -0.00308025
183.85 -0.00264444
183.86 -0.00216053
183.87 -0.00164833
183.88 -0.00112931
183.89 -0.000626414
183.9 -0.000167079
183.91 0.00022906
183.92 0.000542547
183.93 0.000756517
183.94 0.000857382
183.95 0.000835417
183.96 0.000685223
183.97 0.000402543
183.98 -1.31074e-05
183.99 -0.000542278
184 -0.00117042
184.01 -0.00187886
184.02 -0.00264534
184.03 -0.00344476
184.04 -0.00424989
184.05 -0.00503027
184.06 -0.00575262
184.07 -0.00639118
184.08 -0.00692062
184.09 -0.00731858
184.1 -0.00756655
184.11 -0.00765056
184.12 -0.00756183
184.13 -0.00728815
184.14 -0.00683388
184.15 -0.00621772
184.16 -0.00545538
184.17 -0.00456788
184.18 -0.00358091
184.19 -0.00252419
184.2 -0.00143048
184.21 -0.000336861
184.22 0.000716404
184.23 0.00169403
184.24 0.00256233
184.25 0.00329039
184.26 0.00385114
184.27 0.00422227
184.28 0.00438705
184.29 0.00431818
184.3 0.00402339
184.31 0.00351291
184.32 0.00279823
184.33 0.00189739
184.34 0.000834493
184.35 -0.000361034
184.36 -0.00165526
184.37 -0.00301263
184.38 -0.00438484
184.39 -0.00573032
184.4 -0.00700881
184.41 -0.0081819
184.42 -0.00921419
184.43 -0.0100745
184.44 -0.0107367
184.45 -0.0111577
184.46 -0.0113457
184.47 -0.0112966
184.48 -0.0110133
184.49 -0.0105061
184.5 -0.00979202
184.51 -0.00889462
184.52 -0.00784185
184.53 -0.00666203
184.54 -0.00540691
184.55 -0.00411681
184.56 -0.00283281
184.57 -0.00159546
184.58 -0.000443439
184.59 0.000587662
184.6 0.00146246
184.61 0.00214247
184.62 0.00262176
184.63 0.00288886
184.64 0.00293955
184.65 0.00277695
184.66 0.00241142
184.67 0.00186018
184.68 0.00114227
184.69 0.000286634
184.7 -0.00066159
184.71 -0.00166477
184.72 -0.00268343
184.73 -0.00367757
184.74 -0.00460797
184.75 -0.00543751
184.76 -0.00612473
184.77 -0.00663567
184.78 -0.00695561
184.79 -0.00706863
184.8 -0.00696578
184.81 -0.0066454
184.82 -0.00611321
184.83 -0.00538211
184.84 -0.004463
184.85 -0.0033887
184.86 -0.00219932
184.87 -0.000931447
184.88 0.000375419
184.89 0.0016801
184.9 0.00294107
184.91 0.00411776
184.92 0.00516075
184.93 0.0060367
184.94 0.0067207
184.95 0.0071897
184.96 0.00742718
184.97 0.00742368
184.98 0.0071771
184.99 0.00669278
185 0.00596649
185.01 0.00503498
185.02 0.00392975
185.03 0.00268327
185.04 0.00133222
185.05 -8.36198e-05
185.06 -0.00152258
185.07 -0.00294237
185.08 -0.0042919
185.09 -0.00553372
185.1 -0.00663271
185.11 -0.0075578
185.12 -0.00828325
185.13 -0.00878942
185.14 -0.00906328
185.15 -0.00909763
185.16 -0.00887245
185.17 -0.00842041
185.18 -0.00775756
185.19 -0.00690584
185.2 -0.00589234
185.21 -0.00474839
185.22 -0.00350858
185.23 -0.00220929
185.24 -0.000891
185.25 0.000404568
185.26 0.00164178
185.27 0.0027877
185.28 0.00381301
185.29 0.00469287
185.3 0.00540755
185.31 0.00593756
185.32 0.00626625
185.33 0.00640618
185.34 0.00636271
185.35 0.00614676
185.36 0.00577442
185.37 0.00526629
185.38 0.00464671
185.39 0.00394072
185.4 0.00318033
185.41 0.00240058
185.42 0.00163134
185.43 0.000901213
185.44 0.00023664
185.45 -0.000338909
185.46 -0.000805625
185.47 -0.00114081
185.48 -0.00133323
185.49 -0.00138432
185.5 -0.00129432
185.51 -0.00106842
185.52 -0.000716376
185.53 -0.000252205
185.54 0.000306419
185.55 0.000941992
185.56 0.00162641
185.57 0.00233232
185.58 0.00303454
185.59 0.0037083
185.6 0.00432998
185.61 0.00487793
185.62 0.00533312
185.63 0.00567044
185.64 0.00588266
185.65 0.00596543
185.66 0.00591592
185.67 0.00573563
185.68 0.00543026
185.69 0.0050095
185.7 0.0044867
185.71 0.00387258
185.72 0.003195
185.73 0.00247669
185.74 0.0017405
185.75 0.00100977
185.76 0.000307636
185.77 -0.000343616
185.78 -0.000923216
185.79 -0.00140181
185.8 -0.0017715
185.81 -0.00202013
185.82 -0.0021389
185.83 -0.00212263
185.84 -0.00196982
185.85 -0.00168262
185.86 -0.00126547
185.87 -0.000719235
185.88 -6.81892e-05
185.89 0.000672385
185.9 0.00148515
185.91 0.00235119
185.92 0.00325057
185.93 0.00416283
185.94 0.00506687
185.95 0.00593905
185.96 0.00676166
185.97 0.00751769
185.98 0.00819205
185.99 0.00877186
186 0.00924666
186.01 0.0096086
186.02 0.00984832
186.03 0.00995957
186.04 0.00995104
186.05 0.00982604
186.06 0.00959018
186.07 0.00925114
186.08 0.00881841
186.09 0.00830302
186.1 0.00771457
186.11 0.00706762
186.12 0.0063797
186.13 0.0056648
186.14 0.0049368
186.15 0.00420918
186.16 0.00349481
186.17 0.00280568
186.18 0.00215549
186.19 0.0015545
186.2 0.00100923
186.21 0.000526342
186.22 0.000111053
186.23 -0.000232943
186.24 -0.000503449
186.25 -0.000699747
186.26 -0.000817511
186.27 -0.000862207
186.28 -0.000839743
186.29 -0.000754938
186.3 -0.000613651
186.31 -0.00042266
186.32 -0.000189525
186.33 7.75494e-05
186.34 0.00037119
186.35 0.000679796
186.36 0.00099369
186.37 0.00130369
186.38 0.00160079
186.39 0.0018764
186.4 0.00212241
186.41 0.00233143
186.42 0.00249226
186.43 0.00260285
186.44 0.00265934
186.45 0.00265884
186.46 0.00259976
186.47 0.00248193
186.48 0.00230657
186.49 0.00207608
186.5 0.00179044
186.51 0.00146052
186.52 0.00109316
186.53 0.000696234
186.54 0.000278468
186.55 -0.000150756
186.56 -0.000581629
186.57 -0.00100383
186.58 -0.00140516
186.59 -0.001777
186.6 -0.00211061
186.61 -0.00239815
186.62 -0.00263297
186.63 -0.00280977
186.64 -0.00292479
186.65 -0.00297408
186.66 -0.00295474
186.67 -0.00287332
186.68 -0.00273353
186.69 -0.00254075
186.7 -0.00230194
186.71 -0.00202541
186.72 -0.00172062
186.73 -0.00139766
186.74 -0.00106876
186.75 -0.000746072
186.76 -0.000440575
186.77 -0.000162719
186.78 7.7902e-05
186.79 0.000272859
186.8 0.000415163
186.81 0.000496243
186.82 0.00051276
186.83 0.000466612
186.84 0.000358949
186.85 0.00019297
186.86 -2.6153e-05
186.87 -0.000291428
186.88 -0.000594253
186.89 -0.000925739
186.9 -0.00127269
186.91 -0.00162242
186.92 -0.00196304
186.93 -0.0022829
186.94 -0.00257098
186.95 -0.0028173
186.96 -0.00301326
186.97 -0.00314722
186.98 -0.00321711
186.99 -0.00322224
187 -0.0031629
187.01 -0.00304177
187.02 -0.00286392
187.03 -0.00263667
187.04 -0.00236943
187.05 -0.002072
187.06 -0.00176066
187.07 -0.00144971
187.08 -0.0011536
187.09 -0.00088685
187.1 -0.000663512
187.11 -0.000496721
187.12 -0.000398221
187.13 -0.00038658
187.14 -0.000461839
187.15 -0.000628421
187.16 -0.00088794
187.17 -0.00123902
187.18 -0.00167724
187.19 -0.00219517
187.2 -0.00278315
187.21 -0.003431
187.22 -0.00411686
187.23 -0.00482313
187.24 -0.00553089
187.25 -0.00622038
187.26 -0.00687165
187.27 -0.00746505
187.28 -0.00797964
187.29 -0.00839133
187.3 -0.00869171
187.31 -0.00886883
187.32 -0.00891379
187.33 -0.00882101
187.34 -0.00858849
187.35 -0.00821794
187.36 -0.00771042
187.37 -0.00707276
187.38 -0.00632691
187.39 -0.00548916
187.4 -0.00457842
187.41 -0.00361573
187.42 -0.0026237
187.43 -0.00162594
187.44 -0.000648395
187.45 0.000281937
187.46 0.00114389
187.47 0.00191687
187.48 0.00258256
187.49 0.00312544
187.5 0.00353317
187.51 0.00379696
187.52 0.00390287
187.53 0.00385276
187.54 0.00365661
187.55 0.00332193
187.56 0.00285972
187.57 0.00228422
187.58 0.00161249
187.59 0.000863894
187.6 5.72501e-05
187.61 -0.000780154
187.62 -0.00162379
187.63 -0.00245097
187.64 -0.00323983
187.65 -0.00396995
187.66 -0.00462286
187.67 -0.00518249
187.68 -0.00562592
187.69 -0.00594951
187.7 -0.00614933
187.71 -0.00622299
187.72 -0.00617159
187.73 -0.00599956
187.74 -0.00571452
187.75 -0.00532698
187.76 -0.0048429
187.77 -0.00428698
187.78 -0.00367679
187.79 -0.0030303
187.8 -0.00236589
187.81 -0.0017018
187.82 -0.00105562
187.83 -0.000444109
187.84 0.000112093
187.85 0.000604207
187.86 0.00102228
187.87 0.00135895
187.88 0.00160962
187.89 0.00177246
187.9 0.00184844
187.91 0.00183981
187.92 0.00174854
187.93 0.00159031
187.94 0.00137575
187.95 0.00111685
187.96 0.000826627
187.97 0.000518665
187.98 0.000206658
187.99 -9.53333e-05
188 -0.000372337
188.01 -0.00061399
188.02 -0.00081067
188.03 -0.000954581
188.04 -0.00103997
188.05 -0.00106327
188.06 -0.00102318
188.07 -0.000918186
188.08 -0.000751072
188.09 -0.000531246
188.1 -0.000266196
188.11 3.50627e-05
188.12 0.000362304
188.13 0.000704436
188.14 0.00104987
188.15 0.0013858
188.16 0.00169939
188.17 0.00198055
188.18 0.0022198
188.19 0.00240903
188.2 0.00254178
188.21 0.00261346
188.22 0.00262148
188.23 0.00256124
188.24 0.00243679
188.25 0.00225464
188.26 0.00202094
188.27 0.00174362
188.28 0.00143211
188.29 0.00109713
188.3 0.000750327
188.31 0.00040497
188.32 7.48507e-05
188.33 -0.000227831
188.34 -0.00049144
188.35 -0.000705301
188.36 -0.000860019
188.37 -0.000947773
188.38 -0.000962563
188.39 -0.000893371
188.4 -0.000744557
188.41 -0.000518047
188.42 -0.00021711
188.43 0.000152783
188.44 0.000584076
188.45 0.00106731
188.46 0.00159135
188.47 0.00214514
188.48 0.00271097
188.49 0.00327439
188.5 0.00382075
188.51 0.00433554
188.52 0.00480477
188.53 0.0052154
188.54 0.00555464
188.55 0.00580517
188.56 0.00596565
188.57 0.00603045
188.58 0.0059963
188.59 0.00586236
188.6 0.0056303
188.61 0.00530424
188.62 0.00488883
188.63 0.0043899
188.64 0.00382535
188.65 0.00320809
188.66 0.00255237
188.67 0.00187343
188.68 0.0011871
188.69 0.000509412
188.7 -0.000142387
188.71 -0.000750187
188.72 -0.00130194
188.73 -0.00178537
188.74 -0.00219002
188.75 -0.00250751
188.76 -0.00273182
188.77 -0.00285939
188.78 -0.00288462
188.79 -0.00280914
188.8 -0.00264292
188.81 -0.00239309
188.82 -0.00206892
188.83 -0.00168159
188.84 -0.00124385
188.85 -0.000769648
188.86 -0.0002734
188.87 0.000227437
188.88 0.000717068
188.89 0.00118115
188.9 0.00160638
188.91 0.00198093
188.92 0.00229472
188.93 0.00253981
188.94 0.00270503
188.95 0.0027905
188.96 0.00279863
188.97 0.00273226
188.98 0.00259679
188.99 0.00240001
189 0.0021519
189.01 0.00186428
189.02 0.00154953
189.03 0.00122539
189.04 0.000907409
189.05 0.000610724
189.06 0.000349981
189.07 0.000138853
189.08 -1.04318e-05
189.09 -8.75182e-05
189.1 -7.61166e-05
189.11 2.20423e-05
189.12 0.000208405
189.13 0.000481837
189.14 0.000838114
189.15 0.00126996
189.16 0.00176717
189.17 0.00231709
189.18 0.00290592
189.19 0.00351125
189.2 0.00411406
189.21 0.00469447
189.22 0.00523241
189.23 0.00570812
189.24 0.00610282
189.25 0.00639722
189.26 0.00656748
189.27 0.00661029
189.28 0.00651722
189.29 0.00628338
189.3 0.00590773
189.31 0.00539324
189.32 0.00474687
189.33 0.00397641
189.34 0.00309446
189.35 0.00212847
189.36 0.00110035
189.37 3.43964e-05
189.38 -0.0010433
189.39 -0.00210558
189.4 -0.00312485
189.41 -0.00406984
189.42 -0.00490965
189.43 -0.00562509
189.44 -0.00619535
189.45 -0.00660302
189.46 -0.00683463
189.47 -0.00688111
189.48 -0.0067381
189.49 -0.00639628
189.5 -0.00586401
189.51 -0.00516194
189.52 -0.0043065
189.53 -0.0033184
189.54 -0.00222217
189.55 -0.00104553
189.56 0.00018127
189.57 0.00142524
189.58 0.00264899
189.59 0.00381934
189.6 0.0049047
189.61 0.00587547
189.62 0.00670485
189.63 0.00736956
189.64 0.00785051
189.65 0.00811722
189.66 0.00817127
189.67 0.00801501
189.68 0.00765181
189.69 0.00709055
189.7 0.00634549
189.71 0.00543591
189.72 0.00438558
189.73 0.00321486
189.74 0.00196679
189.75 0.000676287
189.76 -0.000621824
189.77 -0.00189243
189.78 -0.00310108
189.79 -0.00421494
189.8 -0.00520356
189.81 -0.00602236
189.82 -0.00666262
189.83 -0.00710738
189.84 -0.00734495
189.85 -0.00736929
189.86 -0.00718014
189.87 -0.00678307
189.88 -0.00618704
189.89 -0.00539727
189.9 -0.00445364
189.91 -0.00338291
189.92 -0.00221525
189.93 -0.000983433
189.94 0.000278064
189.95 0.00153398
189.96 0.00274735
189.97 0.00387654
189.98 0.00489382
189.99 0.00577107
190 0.00648398
190.01 0.00701278
190.02 0.0073427
190.03 0.00746435
190.04 0.00736632
190.05 0.00704556
190.06 0.00652477
190.07 0.00581816
190.08 0.00494485
190.09 0.00392829
190.1 0.00279559
190.11 0.00157685
190.12 0.000303339
190.13 -0.000987005
190.14 -0.0022579
190.15 -0.0034765
190.16 -0.00461166
190.17 -0.00563476
190.18 -0.0065204
190.19 -0.0072471
190.2 -0.00778648
190.21 -0.00812896
190.22 -0.00827614
190.23 -0.00822758
190.24 -0.00798811
190.25 -0.0075676
190.26 -0.00698067
190.27 -0.00624624
190.28 -0.00537988
190.29 -0.00441607
190.3 -0.00338693
190.31 -0.00232243
190.32 -0.00125308
190.33 -0.000209134
190.34 0.000780242
190.35 0.0016877
190.36 0.00247763
190.37 0.00313401
190.38 0.00364184
190.39 0.0039885
190.4 0.00416592
190.41 0.00417068
190.42 0.00400413
190.43 0.00367219
190.44 0.00317174
190.45 0.00253325
190.46 0.00177638
190.47 0.000923005
190.48 -2.71437e-06
190.49 -0.000974933
190.5 -0.00196685
190.51 -0.00295118
190.52 -0.00389571
190.53 -0.00477662
190.54 -0.00557095
190.55 -0.00625834
190.56 -0.0068215
190.57 -0.00724666
190.58 -0.00752385
190.59 -0.0076442
190.6 -0.00759623
190.61 -0.00739605
190.62 -0.00705092
190.63 -0.00657186
190.64 -0.00597321
190.65 -0.00527231
190.66 -0.00448893
190.67 -0.00364367
190.68 -0.00276098
190.69 -0.00186873
190.7 -0.000990658
190.71 -0.000149798
190.72 0.000632079
190.73 0.00133502
190.74 0.00194138
190.75 0.00243093
190.76 0.00278875
190.77 0.00301382
190.78 0.00310202
190.79 0.00305281
190.8 0.0028692
190.81 0.00255762
190.82 0.00212769
190.83 0.00158708
190.84 0.000954047
190.85 0.000251164
190.86 -0.000502332
190.87 -0.00128618
190.88 -0.0020796
190.89 -0.00286187
190.9 -0.00361278
190.91 -0.00430863
190.92 -0.00493155
190.93 -0.00546825
190.94 -0.00590597
190.95 -0.00623464
190.96 -0.00644705
190.97 -0.00653903
190.98 -0.00650948
190.99 -0.00635139
191 -0.00607732
191.01 -0.00569839
191.02 -0.0052255
191.03 -0.0046717
191.04 -0.0040519
191.05 -0.00338242
191.06 -0.0026806
191.07 -0.00196467
191.08 -0.00125542
191.09 -0.000570491
191.1 7.35312e-05
191.11 0.000661326
191.12 0.00117922
191.13 0.00161551
191.14 0.0019606
191.15 0.00219724
191.16 0.00233087
191.17 0.00236034
191.18 0.0022871
191.19 0.00211522
191.2 0.00185118
191.21 0.00150374
191.22 0.0010829
191.23 0.000598177
191.24 7.00123e-05
191.25 -0.000486445
191.26 -0.00105547
191.27 -0.00162116
191.28 -0.0021678
191.29 -0.00268025
191.3 -0.00314272
191.31 -0.00353777
191.32 -0.00385826
191.33 -0.0040951
191.34 -0.00424122
191.35 -0.00429177
191.36 -0.00424419
191.37 -0.00409823
191.38 -0.00385256
191.39 -0.00350976
191.4 -0.0030829
191.41 -0.00258074
191.42 -0.0020137
191.43 -0.00139356
191.44 -0.000733249
191.45 -4.64585e-05
191.46 0.000652497
191.47 0.00134735
191.48 0.00202353
191.49 0.00266758
191.5 0.00326693
191.51 0.00381017
191.52 0.00428725
191.53 0.00468975
191.54 0.00500576
191.55 0.00523185
191.56 0.00536901
191.57 0.00541697
191.58 0.00537741
191.59 0.00525393
191.6 0.00505195
191.61 0.00477856
191.62 0.0044385
191.63 0.00404569
191.64 0.00361299
191.65 0.00315223
191.66 0.00267564
191.67 0.00219566
191.68 0.00172458
191.69 0.00127431
191.7 0.000859711
191.71 0.000489821
191.72 0.00017301
191.73 -8.31675e-05
191.74 -0.000272675
191.75 -0.000391122
191.76 -0.00043585
191.77 -0.000405981
191.78 -0.000295574
191.79 -0.000114617
191.8 0.000131765
191.81 0.000437233
191.82 0.000794036
191.83 0.00119319
191.84 0.00162467
191.85 0.00207772
191.86 0.00254059
191.87 0.0029997
191.88 0.00344339
191.89 0.00386025
191.9 0.00423947
191.91 0.00457105
191.92 0.00484604
191.93 0.00505538
191.94 0.0051879
191.95 0.00524479
191.96 0.00522364
191.97 0.0051239
191.98 0.00494688
191.99 0.0046958
192 0.00437571
192.01 0.00399175
192.02 0.00355146
192.03 0.00306932
192.04 0.00255672
192.05 0.00202599
192.06 0.00149011
192.07 0.000962468
192.08 0.000456505
192.09 -1.24879e-05
192.1 -0.000429582
192.11 -0.000785391
192.12 -0.00106963
192.13 -0.00127352
192.14 -0.00139001
192.15 -0.001414
192.16 -0.00134249
192.17 -0.00116947
192.18 -0.000897807
192.19 -0.000536307
192.2 -9.15379e-05
192.21 0.000427821
192.22 0.00101114
192.23 0.00164607
192.24 0.00231879
192.25 0.00301471
192.26 0.00371531
192.27 0.00440352
192.28 0.005063
192.29 0.00567783
192.3 0.00623288
192.31 0.00671418
192.32 0.00710925
192.33 0.00739915
192.34 0.0075803
192.35 0.00764933
192.36 0.00760323
192.37 0.00744164
192.38 0.00716688
192.39 0.00678391
192.4 0.00630025
192.41 0.00571864
192.42 0.0050599
192.43 0.0043393
192.44 0.00357261
192.45 0.00277664
192.46 0.00196888
192.47 0.00116701
192.48 0.000388561
192.49 -0.000344087
192.5 -0.00101818
192.51 -0.00161988
192.52 -0.00213727
192.53 -0.00256063
192.54 -0.00288268
192.55 -0.00309874
192.56 -0.00320539
192.57 -0.00319586
192.58 -0.00308375
192.59 -0.00287574
192.6 -0.00258084
192.61 -0.00221014
192.62 -0.0017765
192.63 -0.00129418
192.64 -0.00077802
192.65 -0.000244909
192.66 0.000286831
192.67 0.000801613
192.68 0.00128466
192.69 0.00172238
192.7 0.00210273
192.71 0.00241549
192.72 0.00264945
192.73 0.00279617
192.74 0.00285764
192.75 0.00283342
192.76 0.0027254
192.77 0.00253775
192.78 0.00227673
192.79 0.00195044
192.8 0.00156636
192.81 0.00113691
192.82 0.000676849
192.83 0.000198512
192.84 -0.000285742
192.85 -0.00076391
192.86 -0.0012247
192.87 -0.00165784
192.88 -0.00205167
192.89 -0.00239892
192.9 -0.00269588
192.91 -0.00293925
192.92 -0.00312761
192.93 -0.00326146
192.94 -0.00334309
192.95 -0.00337646
192.96 -0.00336435
192.97 -0.00331625
192.98 -0.0032411
192.99 -0.00314721
193 -0.0030431
193.01 -0.00293721
193.02 -0.00283751
193.03 -0.00275128
193.04 -0.00268692
193.05 -0.00264839
193.06 -0.00263862
193.07 -0.00265932
193.08 -0.00271056
193.09 -0.0027908
193.1 -0.00289696
193.11 -0.00302449
193.12 -0.00316843
193.13 -0.00331971
193.14 -0.00347047
193.15 -0.00361246
193.16 -0.00373733
193.17 -0.00383689
193.18 -0.00390348
193.19 -0.00392987
193.2 -0.00390586
193.21 -0.00383114
193.22 -0.00370312
193.23 -0.00352087
193.24 -0.00328522
193.25 -0.00299873
193.26 -0.00266571
193.27 -0.00229141
193.28 -0.00188215
193.29 -0.00145005
193.3 -0.00100494
193.31 -0.000557271
193.32 -0.000117859
193.33 0.000302495
193.34 0.000693299
193.35 0.00104314
193.36 0.00134031
193.37 0.00158026
193.38 0.00175708
193.39 0.0018665
193.4 0.00190603
193.41 0.00187502
193.42 0.00177463
193.43 0.00160513
193.44 0.00137111
193.45 0.00108287
193.46 0.000748153
193.47 0.000375693
193.48 -2.50409e-05
193.49 -0.000444153
193.5 -0.000871621
193.51 -0.00129696
193.52 -0.00170965
193.53 -0.00210138
193.54 -0.0024647
193.55 -0.00279339
193.56 -0.00308253
193.57 -0.00332864
193.58 -0.0035297
193.59 -0.00368209
193.6 -0.00378844
193.61 -0.00385265
193.62 -0.00387811
193.63 -0.0038691
193.64 -0.00383052
193.65 -0.00376769
193.66 -0.00368608
193.67 -0.0035904
193.68 -0.00348694
193.69 -0.00338034
193.7 -0.00327418
193.71 -0.00317117
193.72 -0.00307303
193.73 -0.00298043
193.74 -0.00289303
193.75 -0.00280964
193.76 -0.00272737
193.77 -0.00264305
193.78 -0.00255302
193.79 -0.0024533
193.8 -0.00233983
193.81 -0.00220869
193.82 -0.00205633
193.83 -0.00187729
193.84 -0.00167193
193.85 -0.00143953
193.86 -0.00118057
193.87 -0.000896841
193.88 -0.000591501
193.89 -0.000269053
193.9 6.47578e-05
193.91 0.000402379
193.92 0.000734696
193.93 0.00105275
193.94 0.0013471
193.95 0.00160813
193.96 0.00182632
193.97 0.00199263
193.98 0.00209701
193.99 0.00212823
194 0.00208549
194.01 0.00196507
194.02 0.00176513
194.03 0.00148593
194.04 0.00112984
194.05 0.000701442
194.06 0.000205332
194.07 -0.000349781
194.08 -0.000948709
194.09 -0.00157876
194.1 -0.00222595
194.11 -0.00287534
194.12 -0.00351141
194.13 -0.00411845
194.14 -0.00467801
194.15 -0.00517325
194.16 -0.00559312
194.17 -0.00592571
194.18 -0.00616096
194.19 -0.00629095
194.2 -0.00631013
194.21 -0.0062155
194.22 -0.00599977
194.23 -0.00566847
194.24 -0.00523165
194.25 -0.00469728
194.26 -0.00407563
194.27 -0.00337891
194.28 -0.00262103
194.29 -0.00181721
194.3 -0.000982679
194.31 -0.000137374
194.32 0.000701216
194.33 0.0015168
194.34 0.0022939
194.35 0.00301824
194.36 0.00367704
194.37 0.00425932
194.38 0.00474819
194.39 0.00514256
194.4 0.00543987
194.41 0.00563851
194.42 0.00573915
194.43 0.00574464
194.44 0.00565984
194.45 0.00549141
194.46 0.00524119
194.47 0.00492678
194.48 0.00455914
194.49 0.00414953
194.5 0.00370948
194.51 0.00325047
194.52 0.00278365
194.53 0.00231967
194.54 0.00187022
194.55 0.0014433
194.56 0.00104609
194.57 0.000684471
194.58 0.00036299
194.59 8.48132e-05
194.6 -0.00014821
194.61 -0.000334573
194.62 -0.00047227
194.63 -0.00056681
194.64 -0.000620812
194.65 -0.000637547
194.66 -0.000620768
194.67 -0.00057454
194.68 -0.000503078
194.69 -0.000410068
194.7 -0.00029946
194.71 -0.000176445
194.72 -4.44729e-05
194.73 9.33938e-05
194.74 0.000234508
194.75 0.00037664
194.76 0.00051796
194.77 0.000656852
194.78 0.000792007
194.79 0.00092273
194.8 0.00104836
194.81 0.00116835
194.82 0.00128221
194.83 0.00138946
194.84 0.00148959
194.85 0.00158159
194.86 0.00166484
194.87 0.00173907
194.88 0.00180363
194.89 0.00185795
194.9 0.00190157
194.91 0.0019342
194.92 0.00195581
194.93 0.00196605
194.94 0.00196611
194.95 0.00195763
194.96 0.00194237
194.97 0.00192259
194.98 0.00190108
194.99 0.00188106
195 0.00186618
195.01 0.00186144
195.02 0.0018709
195.03 0.00189855
195.04 0.00194839
195.05 0.00202412
195.06 0.0021289
195.07 0.00226518
195.08 0.00243455
195.09 0.00264055
195.1 0.00287946
195.11 0.00314864
195.12 0.00344439
195.13 0.00376161
195.14 0.00409381
195.15 0.00443322
195.16 0.00477086
195.17 0.00509461
195.18 0.005394
195.19 0.00565786
195.2 0.00587495
195.21 0.00603434
195.22 0.00612575
195.23 0.00613994
195.24 0.00606772
195.25 0.00589596
195.26 0.00562865
195.27 0.0052647
195.28 0.00480561
195.29 0.00425561
195.3 0.00362171
195.31 0.00291365
195.32 0.00214261
195.33 0.00132324
195.34 0.000477501
195.35 -0.000375405
195.36 -0.00121502
195.37 -0.00202015
195.38 -0.00276939
195.39 -0.00344175
195.4 -0.00401274
195.41 -0.00445903
195.42 -0.00477127
195.43 -0.00493671
195.44 -0.00494588
195.45 -0.00479305
195.46 -0.00447646
195.47 -0.00399857
195.48 -0.00335891
195.49 -0.00257049
195.5 -0.00165722
195.51 -0.000638892
195.52 0.000461371
195.53 0.00161767
195.54 0.00280192
195.55 0.00398459
195.56 0.00513146
195.57 0.00620943
195.58 0.00719096
195.59 0.00804904
195.6 0.00875934
195.61 0.00930093
195.62 0.00965688
195.63 0.00981484
195.64 0.00975199
195.65 0.00947653
195.66 0.00899863
195.67 0.00832829
195.68 0.00748064
195.69 0.00647565
195.7 0.00533763
195.71 0.00409458
195.72 0.00277409
195.73 0.00141812
195.74 6.23522e-05
195.75 -0.00125851
195.76 -0.00251065
195.77 -0.00366209
195.78 -0.00468361
195.79 -0.00554952
195.8 -0.00621952
195.81 -0.00669361
195.82 -0.00696285
195.83 -0.00702366
195.84 -0.00687841
195.85 -0.00653548
195.86 -0.00600897
195.87 -0.00531718
195.88 -0.00447588
195.89 -0.00352933
195.9 -0.00251015
195.91 -0.00145311
195.92 -0.000394211
195.93 0.000630421
195.94 0.00158554
195.95 0.00243502
195.96 0.0031375
195.97 0.00367626
195.98 0.00403077
195.99 0.004186
196 0.0041329
196.01 0.00386872
196.02 0.00339715
196.03 0.00272238
196.04 0.00185688
196.05 0.000837346
196.06 -0.000308003
196.07 -0.00154679
196.08 -0.0028434
196.09 -0.00415997
196.1 -0.0054575
196.11 -0.00669256
196.12 -0.0078213
196.13 -0.00881239
196.14 -0.00963444
196.15 -0.0102606
196.16 -0.0106692
196.17 -0.0108448
196.18 -0.0107782
196.19 -0.0104535
196.2 -0.00988006
196.21 -0.00908182
196.22 -0.00807848
196.23 -0.00689564
196.24 -0.00556418
196.25 -0.00411943
196.26 -0.0026002
196.27 -0.00104844
196.28 0.000487182
196.29 0.00196339
196.3 0.0033393
196.31 0.00457661
196.32 0.0056407
196.33 0.00650155
196.34 0.00713464
196.35 0.00750087
196.36 0.00760319
196.37 0.0074439
196.38 0.00702729
196.39 0.00636462
196.4 0.00547387
196.41 0.00437914
196.42 0.00311002
196.43 0.00169133
196.44 0.000176626
196.45 -0.00139198
196.46 -0.00297247
196.47 -0.00452284
196.48 -0.00600232
196.49 -0.00737247
196.5 -0.00859764
196.51 -0.00962779
196.52 -0.0104535
196.53 -0.0110564
196.54 -0.0114247
196.55 -0.0115532
196.56 -0.0114431
196.57 -0.0111024
196.58 -0.0105424
196.59 -0.00977172
196.6 -0.00883475
196.61 -0.00776151
196.62 -0.00658508
196.63 -0.00534056
196.64 -0.00406403
196.65 -0.00279151
196.66 -0.00155989
196.67 -0.000408886
196.68 0.000635986
196.69 0.00154995
196.7 0.00231292
196.71 0.00290995
196.72 0.00333157
196.73 0.00357389
196.74 0.00363197
196.75 0.00351043
196.76 0.00323348
196.77 0.00281857
196.78 0.00228674
196.79 0.00166185
196.8 0.000969733
196.81 0.000237281
196.82 -0.000507719
196.83 -0.00123553
196.84 -0.00192149
196.85 -0.00254399
196.86 -0.00308461
196.87 -0.00352868
196.88 -0.00386565
196.89 -0.0040893
196.9 -0.00419077
196.91 -0.00417637
196.92 -0.00405818
196.93 -0.00384744
196.94 -0.00355846
196.95 -0.00320801
196.96 -0.00281459
196.97 -0.00239767
196.98 -0.00197807
196.99 -0.00157693
197 -0.00121151
197.01 -0.000896803
197.02 -0.000644984
197.03 -0.00046497
197.04 -0.000362069
197.05 -0.000337782
197.06 -0.000395823
197.07 -0.000523374
197.08 -0.000708895
197.09 -0.000938968
197.1 -0.00119773
197.11 -0.00146752
197.12 -0.00172959
197.13 -0.00196488
197.14 -0.00214863
197.15 -0.00226678
197.16 -0.00230485
197.17 -0.00225114
197.18 -0.00209743
197.19 -0.00183942
197.2 -0.00147704
197.21 -0.00101376
197.22 -0.000452136
197.23 0.000184785
197.24 0.000879307
197.25 0.0016105
197.26 0.00235488
197.27 0.00308713
197.28 0.00378106
197.29 0.00440847
197.3 0.00493613
197.31 0.00534685
197.32 0.005621
197.33 0.00574289
197.34 0.00570144
197.35 0.00549075
197.36 0.00511053
197.37 0.00456133
197.38 0.00385143
197.39 0.00301051
197.4 0.00206239
197.41 0.00103551
197.42 -3.77862e-05
197.43 -0.00112224
197.44 -0.00218069
197.45 -0.00317059
197.46 -0.0040486
197.47 -0.00478354
197.48 -0.0053436
197.49 -0.00570135
197.5 -0.00583474
197.51 -0.00572801
197.52 -0.00537237
197.53 -0.00475259
197.54 -0.00388033
197.55 -0.00278279
197.56 -0.00148361
197.57 -1.33619e-05
197.58 0.00159116
197.59 0.00328792
197.6 0.00503076
197.61 0.00676695
197.62 0.00844035
197.63 0.0100013
197.64 0.0114021
197.65 0.0125982
197.66 0.0135505
197.67 0.0142258
197.68 0.0145984
197.69 0.0146242
197.7 0.0143148
197.71 0.0136802
197.72 0.0127332
197.73 0.0114959
197.74 0.00999932
197.75 0.00828249
197.76 0.00639139
197.77 0.00437159
197.78 0.00229506
197.79 0.000221773
197.8 -0.0017888
197.81 -0.00367846
197.82 -0.00539204
197.83 -0.00687904
197.84 -0.00809404
197.85 -0.00896857
197.86 -0.00950428
197.87 -0.0096855
197.88 -0.00950702
197.89 -0.00897427
197.9 -0.00810324
197.91 -0.0069201
197.92 -0.00545693
197.93 -0.00374731
197.94 -0.00186722
197.95 0.000125222
197.96 0.00216835
197.97 0.0041988
197.98 0.00615335
197.99 0.00797084
198 0.00958712
198.01 0.0109338
198.02 0.0119836
198.03 0.0127028
198.04 0.013068
198.05 0.0130662
198.06 0.0126954
198.07 0.011965
198.08 0.0108828
198.09 0.00947762
198.1 0.00781211
198.11 0.00593605
198.12 0.00390549
198.13 0.00178114
198.14 -0.00037347
198.15 -0.00249394
198.16 -0.00450862
198.17 -0.00634962
198.18 -0.00796811
198.19 -0.00931686
198.2 -0.010357
198.21 -0.0110589
198.22 -0.0114036
198.23 -0.0113826
198.24 -0.0109767
198.25 -0.0102122
198.26 -0.00912952
198.27 -0.00776499
198.28 -0.00616312
198.29 -0.00437542
198.3 -0.0024587
198.31 -0.000473378
198.32 0.00151411
198.33 0.00343495
198.34 0.00523017
198.35 0.0068451
198.36 0.0082311
198.37 0.00934698
198.38 0.0101602
198.39 0.0106477
198.4 0.0107672
198.41 0.0105427
198.42 0.00998984
198.43 0.00912961
198.44 0.00799219
198.45 0.00661608
198.46 0.00504677
198.47 0.00333533
198.48 0.00153381
198.49 -0.000287203
198.5 -0.00207023
198.51 -0.00375988
198.52 -0.00530432
198.53 -0.00665688
198.54 -0.00777745
198.55 -0.00863076
198.56 -0.00916803
198.57 -0.00940188
198.58 -0.00932998
198.59 -0.00895965
198.6 -0.00830753
198.61 -0.00739892
198.62 -0.00626691
198.63 -0.00494832
198.64 -0.00348593
198.65 -0.00194343
198.66 -0.000372257
198.67 0.001176
198.68 0.0026512
198.69 0.00400618
198.7 0.00519827
198.71 0.00618267
198.72 0.00691869
198.73 0.0073998
198.74 0.00761402
198.75 0.00755802
198.76 0.00723712
198.77 0.00666499
198.78 0.0058631
198.79 0.00485239
198.8 0.00367099
198.81 0.00237012
198.82 0.000993151
198.83 -0.000414842
198.84 -0.00180855
198.85 -0.00314386
198.86 -0.00437921
198.87 -0.00546699
198.88 -0.00637301
198.89 -0.0070783
198.9 -0.00756452
198.91 -0.0078206
198.92 -0.00784299
198.93 -0.00763556
198.94 -0.0072094
198.95 -0.00656999
198.96 -0.00575229
198.97 -0.00479252
198.98 -0.00372439
198.99 -0.0025842
199 -0.00140961
199.01 -0.000238426
199.02 0.000892611
199.03 0.00194033
199.04 0.0028756
199.05 0.00367421
199.06 0.00431557
199.07 0.00478475
199.08 0.00507288
199.09 0.0051772
199.1 0.00510101
199.11 0.00483871
199.12 0.00442147
199.13 0.00387067
199.14 0.00320998
199.15 0.0024658
199.16 0.00166627
199.17 0.000840279
199.18 1.6552e-05
199.19 -0.000772188
199.2 -0.00150214
199.21 -0.00215198
199.22 -0.00270421
199.23 -0.00314561
199.24 -0.00346761
199.25 -0.00366641
199.26 -0.00374112
199.27 -0.00369032
199.28 -0.00353514
199.29 -0.0032899
199.3 -0.00297181
199.31 -0.00260029
199.32 -0.00219612
199.33 -0.00178065
199.34 -0.00137581
199.35 -0.00100508
199.36 -0.000685051
199.37 -0.000430558
199.38 -0.000253235
199.39 -0.000161105
199.4 -0.000158325
199.41 -0.000245075
199.42 -0.000420701
199.43 -0.000677928
199.44 -0.000999821
199.45 -0.00137183
199.46 -0.00177718
199.47 -0.0021975
199.48 -0.00261355
199.49 -0.00300595
199.5 -0.00335279
199.51 -0.00363463
199.52 -0.00383882
199.53 -0.00395324
199.54 -0.0039689
199.55 -0.00388032
199.56 -0.00368574
199.57 -0.00338717
199.58 -0.00298469
199.59 -0.00249177
199.6 -0.00192525
199.61 -0.00130092
199.62 -0.000636683
199.63 4.81528e-05
199.64 0.000733474
199.65 0.00139908
199.66 0.00202096
199.67 0.00258106
199.68 0.00306455
199.69 0.00345812
199.7 0.00375144
199.71 0.00393744
199.72 0.00401257
199.73 0.00397681
199.74 0.00382482
199.75 0.00357256
199.76 0.00323199
199.77 0.0028161
199.78 0.00233989
199.79 0.00181978
199.8 0.00127298
199.81 0.000716919
199.82 0.000170924
199.83 -0.000348765
199.84 -0.000828333
199.85 -0.00125615
199.86 -0.00162314
199.87 -0.00192308
199.88 -0.00215273
199.89 -0.00231117
199.9 -0.0023963
199.91 -0.0024207
199.92 -0.0023929
199.93 -0.00232341
199.94 -0.00222423
199.95 -0.0021083
199.96 -0.00198893
199.97 -0.00187974
199.98 -0.00179559
199.99 -0.00174612
200 -0.00173995
