0 0
0.01 -0.00183411
0.02 -0.00360193
0.03 -0.00524494
0.04 -0.00670857
0.05 -0.00794385
0.06 -0.008909
0.07 -0.00957066
0.08 -0.00990093
0.09 -0.00985967
0.1 -0.00947648
0.11 -0.00876232
0.12 -0.00773883
0.13 -0.00643769
0.14 -0.00489975
0.15 -0.00317388
0.16 -0.00131384
0.17 0.00061643
0.18 0.00254356
0.19 0.00440314
0.2 0.00613215
0.21 0.00767096
0.22 0.00896517
0.23 0.00996745
0.24 0.0106261
0.25 0.0108996
0.26 0.010795
0.27 0.0103095
0.28 0.00945236
0.29 0.00824498
0.3 0.00672053
0.31 0.00492303
0.32 0.00289889
0.33 0.000718664
0.34 -0.00153648
0.35 -0.00379272
0.36 -0.00597451
0.37 -0.0080068
0.38 -0.00981746
0.39 -0.0113395
0.4 -0.0124892
0.41 -0.0132178
0.42 -0.0135041
0.43 -0.0133246
0.44 -0.0126703
0.45 -0.0115462
0.46 -0.00997229
0.47 -0.00798311
0.48 -0.00560504
0.49 -0.00292317
0.5 -2.2686e-05
0.51 0.00301326
0.52 0.00609514
0.53 0.00912952
0.54 0.0120218
0.55 0.0146788
0.56 0.0169778
0.57 0.0188515
0.58 0.0202364
0.59 0.0210752
0.6 0.0213249
0.61 0.0209582
0.62 0.0199642
0.63 0.0183492
0.64 0.0160834
0.65 0.0132667
0.66 0.00996177
0.67 0.00624126
0.68 0.00218945
0.69 -0.00210036
0.7 -0.00652847
0.71 -0.0109912
0.72 -0.0153681
0.73 -0.0195579
0.74 -0.023467
0.75 -0.0270113
0.76 -0.030118
0.77 -0.0327281
0.78 -0.0347978
0.79 -0.0362892
0.8 -0.0371549
0.81 -0.0374531
0.82 -0.0372102
0.83 -0.0364677
0.84 -0.0352795
0.85 -0.0337103
0.86 -0.0318328
0.87 -0.0297197
0.88 -0.0274534
0.89 -0.0251256
0.9 -0.0228068
0.91 -0.0205583
0.92 -0.0184296
0.93 -0.0164564
0.94 -0.014658
0.95 -0.0130429
0.96 -0.0115932
0.97 -0.0102595
0.98 -0.0089857
0.99 -0.00770019
1 -0.0063179
1.01 -0.00474327
1.02 -0.00287358
1.03 -0.00057522
1.04 0.00226774
1.05 0.00573355
1.06 0.00990926
1.07 0.0148668
1.08 0.0206592
1.09 0.0273167
1.1 0.0348443
1.11 0.0432713
1.12 0.0525082
1.13 0.0624355
1.14 0.0729335
1.15 0.0838547
1.16 0.0950256
1.17 0.106251
1.18 0.117316
1.19 0.127945
1.2 0.137897
1.21 0.146945
1.22 0.154857
1.23 0.161415
1.24 0.166418
1.25 0.169689
1.26 0.17108
1.27 0.170293
1.28 0.167409
1.29 0.16243
1.3 0.155375
1.31 0.14631
1.32 0.135341
1.33 0.12262
1.34 0.108332
1.35 0.0925899
1.36 0.0758056
1.37 0.0582573
1.38 0.0402381
1.39 0.0220482
1.4 0.00398782
1.41 -0.0136504
1.42 -0.0305766
1.43 -0.0464369
1.44 -0.0610779
1.45 -0.0743149
1.46 -0.0860025
1.47 -0.0960374
1.48 -0.104361
1.49 -0.110959
1.5 -0.115823
1.51 -0.118955
1.52 -0.120605
1.53 -0.120929
1.54 -0.12011
1.55 -0.118356
1.56 -0.115886
1.57 -0.112931
1.58 -0.109722
1.59 -0.10651
1.6 -0.103517
1.61 -0.100931
1.62 -0.0989116
1.63 -0.0975908
1.64 -0.0970655
1.65 -0.0973968
1.66 -0.0986513
1.67 -0.100815
1.68 -0.103785
1.69 -0.107476
1.7 -0.111776
1.71 -0.116549
1.72 -0.121644
1.73 -0.126901
1.74 -0.132145
1.75 -0.137195
1.76 -0.141905
1.77 -0.146142
1.78 -0.149799
1.79 -0.152794
1.8 -0.155073
1.81 -0.156618
1.82 -0.157391
1.83 -0.15748
1.84 -0.156988
1.85 -0.156026
1.86 -0.154726
1.87 -0.153238
1.88 -0.15172
1.89 -0.150338
1.9 -0.149287
1.91 -0.148709
1.92 -0.148724
1.93 -0.149427
1.94 -0.150883
1.95 -0.153117
1.96 -0.15611
1.97 -0.159799
1.98 -0.164115
1.99 -0.168826
2 -0.173716
2.01 -0.178534
2.02 -0.182992
2.03 -0.186774
2.04 -0.189544
2.05 -0.190944
2.06 -0.190439
2.07 -0.187828
2.08 -0.182798
2.09 -0.175067
2.1 -0.164396
2.11 -0.1506
2.12 -0.133549
2.13 -0.113121
2.14 -0.0891239
2.15 -0.061936
2.16 -0.0317372
2.17 0.00121712
2.18 0.0365988
2.19 0.0740119
2.2 0.113
2.21 0.153066
2.22 0.193609
2.23 0.233966
2.24 0.273531
2.25 0.311695
2.26 0.347857
2.27 0.381439
2.28 0.411898
2.29 0.438565
2.3 0.46089
2.31 0.478736
2.32 0.491829
2.33 0.499978
2.34 0.503076
2.35 0.501108
2.36 0.494144
2.37 0.482089
2.38 0.465259
2.39 0.444209
2.4 0.419332
2.41 0.391076
2.42 0.359932
2.43 0.326426
2.44 0.291104
2.45 0.254474
2.46 0.217192
2.47 0.179833
2.48 0.142898
2.49 0.106856
2.5 0.0721262
2.51 0.0390778
2.52 0.00802207
2.53 -0.0206001
2.54 -0.0467163
2.55 -0.0702697
2.56 -0.0912129
2.57 -0.109556
2.58 -0.125363
2.59 -0.138745
2.6 -0.149854
2.61 -0.158708
2.62 -0.165709
2.63 -0.171112
2.64 -0.175161
2.65 -0.178098
2.66 -0.180159
2.67 -0.18157
2.68 -0.182536
2.69 -0.18323
2.7 -0.183845
2.71 -0.1845
2.72 -0.185287
2.73 -0.186265
2.74 -0.187466
2.75 -0.188891
2.76 -0.19052
2.77 -0.192311
2.78 -0.194179
2.79 -0.196041
2.8 -0.197806
2.81 -0.199373
2.82 -0.200643
2.83 -0.201516
2.84 -0.201884
2.85 -0.201619
2.86 -0.200684
2.87 -0.199016
2.88 -0.196561
2.89 -0.19328
2.9 -0.189145
2.91 -0.184139
2.92 -0.178227
2.93 -0.171388
2.94 -0.163692
2.95 -0.15516
2.96 -0.145814
2.97 -0.135681
2.98 -0.124791
2.99 -0.113174
3 -0.100828
3.01 -0.0877866
3.02 -0.0741172
3.03 -0.0598536
3.04 -0.0450315
3.05 -0.0296899
3.06 -0.0138725
3.07 0.00237037
3.08 0.0189992
3.09 0.0359297
3.1 0.0530673
3.11 0.0703203
3.12 0.0875854
3.13 0.104747
3.14 0.121678
3.15 0.13824
3.16 0.154238
3.17 0.169521
3.18 0.183946
3.19 0.197353
3.2 0.209583
3.21 0.220485
3.22 0.229919
3.23 0.237757
3.24 0.243737
3.25 0.247882
3.26 0.250164
3.27 0.250551
3.28 0.249045
3.29 0.245673
3.3 0.240499
3.31 0.233612
3.32 0.224993
3.33 0.214953
3.34 0.203675
3.35 0.191356
3.36 0.178204
3.37 0.164438
3.38 0.150282
3.39 0.135958
3.4 0.121707
3.41 0.107737
3.42 0.0942279
3.43 0.0813339
3.44 0.069182
3.45 0.0578682
3.46 0.0474556
3.47 0.0379905
3.48 0.0295205
3.49 0.0219212
3.5 0.0151139
3.51 0.00899199
3.52 0.00342531
3.53 -0.0017352
3.54 -0.00665189
3.55 -0.0114977
3.56 -0.016467
3.57 -0.0217255
3.58 -0.0274217
3.59 -0.0336841
3.6 -0.0406165
3.61 -0.0482923
3.62 -0.0567514
3.63 -0.0660291
3.64 -0.0760913
3.65 -0.086808
3.66 -0.0980568
3.67 -0.109679
3.68 -0.121484
3.69 -0.133252
3.7 -0.14474
3.71 -0.155645
3.72 -0.165664
3.73 -0.174553
3.74 -0.182046
3.75 -0.187893
3.76 -0.191864
3.77 -0.193757
3.78 -0.193405
3.79 -0.190515
3.8 -0.185077
3.81 -0.177146
3.82 -0.166746
3.83 -0.153947
3.84 -0.13887
3.85 -0.121678
3.86 -0.102579
3.87 -0.0817078
3.88 -0.0594667
3.89 -0.0361975
3.9 -0.0122214
3.91 0.0121324
3.92 0.0365345
3.93 0.0606623
3.94 0.0842083
3.95 0.106783
3.96 0.128181
3.97 0.148194
3.98 0.166645
3.99 0.183398
4 0.19836
4.01 0.211481
4.02 0.222753
4.03 0.23204
4.04 0.239605
4.05 0.245564
4.06 0.250057
4.07 0.253245
4.08 0.255306
4.09 0.256427
4.1 0.256788
4.11 0.25655
4.12 0.255944
4.13 0.255124
4.14 0.254219
4.15 0.253332
4.16 0.252536
4.17 0.251877
4.18 0.251368
4.19 0.25099
4.2 0.250676
4.21 0.250343
4.22 0.249885
4.23 0.249177
4.24 0.24808
4.25 0.246448
4.26 0.244099
4.27 0.240847
4.28 0.236603
4.29 0.231248
4.3 0.224683
4.31 0.216833
4.32 0.207651
4.33 0.197122
4.34 0.185195
4.35 0.171928
4.36 0.157476
4.37 0.141957
4.38 0.125515
4.39 0.108319
4.4 0.0905571
4.41 0.0724343
4.42 0.0541698
4.43 0.0360136
4.44 0.0181884
4.45 0.000904814
4.46 -0.0156388
4.47 -0.031261
4.48 -0.045801
4.49 -0.0591224
4.5 -0.0710122
4.51 -0.0814447
4.52 -0.090413
4.53 -0.097902
4.54 -0.103924
4.55 -0.108519
4.56 -0.111749
4.57 -0.113695
4.58 -0.114367
4.59 -0.113969
4.6 -0.11264
4.61 -0.110502
4.62 -0.107675
4.63 -0.104273
4.64 -0.100398
4.65 -0.0961418
4.66 -0.0915539
4.67 -0.0867217
4.68 -0.0816797
4.69 -0.0764426
4.7 -0.0710065
4.71 -0.0653511
4.72 -0.0594411
4.73 -0.0532269
4.74 -0.0466158
4.75 -0.039576
4.76 -0.032047
4.77 -0.0239729
4.78 -0.0153063
4.79 -0.00601259
4.8 0.00392704
4.81 0.0145242
4.82 0.0257897
4.83 0.0376186
4.84 0.0499333
4.85 0.0626313
4.86 0.0755853
4.87 0.088645
4.88 0.10164
4.89 0.114365
4.9 0.126576
4.91 0.138078
4.92 0.148652
4.93 0.158083
4.94 0.166161
4.95 0.172688
4.96 0.177483
4.97 0.180296
4.98 0.180953
4.99 0.179466
5 0.175773
5.01 0.169844
5.02 0.161689
5.03 0.151352
5.04 0.138915
5.05 0.124393
5.06 0.107979
5.07 0.0899483
5.08 0.0705121
5.09 0.0499018
5.1 0.0283647
5.11 0.00615915
5.12 -0.0164513
5.13 -0.039194
5.14 -0.0617761
5.15 -0.083948
5.16 -0.10548
5.17 -0.126161
5.18 -0.145804
5.19 -0.164247
5.2 -0.181355
5.21 -0.196904
5.22 -0.210897
5.23 -0.223327
5.24 -0.234182
5.25 -0.243477
5.26 -0.251251
5.27 -0.257564
5.28 -0.262494
5.29 -0.266027
5.3 -0.268383
5.31 -0.269689
5.32 -0.270061
5.33 -0.269616
5.34 -0.268468
5.35 -0.266725
5.36 -0.264488
5.37 -0.261818
5.38 -0.258839
5.39 -0.255617
5.4 -0.252207
5.41 -0.248652
5.42 -0.244984
5.43 -0.241224
5.44 -0.237388
5.45 -0.233476
5.46 -0.229497
5.47 -0.22545
5.48 -0.221332
5.49 -0.217142
5.5 -0.212882
5.51 -0.208555
5.52 -0.204169
5.53 -0.199738
5.54 -0.195288
5.55 -0.190843
5.56 -0.186436
5.57 -0.1821
5.58 -0.177874
5.59 -0.173798
5.6 -0.169918
5.61 -0.166285
5.62 -0.16292
5.63 -0.159852
5.64 -0.157104
5.65 -0.15469
5.66 -0.152617
5.67 -0.15088
5.68 -0.14948
5.69 -0.148388
5.7 -0.147551
5.71 -0.146923
5.72 -0.146448
5.73 -0.146067
5.74 -0.145712
5.75 -0.145314
5.76 -0.14479
5.77 -0.144064
5.78 -0.143076
5.79 -0.141765
5.8 -0.140079
5.81 -0.137974
5.82 -0.135419
5.83 -0.132394
5.84 -0.128856
5.85 -0.124835
5.86 -0.120368
5.87 -0.115488
5.88 -0.110239
5.89 -0.104678
5.9 -0.0988656
5.91 -0.0928707
5.92 -0.0867611
5.93 -0.0806231
5.94 -0.0745269
5.95 -0.0685354
5.96 -0.0627034
5.97 -0.0570752
5.98 -0.0516824
5.99 -0.046542
6 -0.0416785
6.01 -0.0370481
6.02 -0.0326126
6.03 -0.0283178
6.04 -0.0240934
6.05 -0.0198537
6.06 -0.0155002
6.07 -0.0109204
6.08 -0.00595431
6.09 -0.000500513
6.1 0.00556603
6.11 0.012368
6.12 0.0200222
6.13 0.0286359
6.14 0.038304
6.15 0.0491292
6.16 0.0612488
6.17 0.0746031
6.18 0.0892015
6.19 0.105029
6.2 0.122043
6.21 0.140177
6.22 0.159337
6.23 0.179431
6.24 0.200324
6.25 0.221788
6.26 0.243637
6.27 0.265671
6.28 0.287677
6.29 0.309434
6.3 0.330716
6.31 0.351256
6.32 0.370788
6.33 0.389139
6.34 0.406103
6.35 0.42149
6.36 0.435125
6.37 0.44685
6.38 0.456531
6.39 0.463927
6.4 0.468963
6.41 0.471675
6.42 0.472028
6.43 0.470007
6.44 0.465621
6.45 0.458903
6.46 0.449904
6.47 0.438551
6.48 0.425022
6.49 0.409497
6.5 0.392098
6.51 0.372957
6.52 0.352217
6.53 0.330028
6.54 0.306547
6.55 0.28186
6.56 0.256218
6.57 0.229814
6.58 0.20282
6.59 0.175408
6.6 0.147752
6.61 0.120024
6.62 0.0923957
6.63 0.0650772
6.64 0.0382299
6.65 0.0120157
6.66 -0.0134037
6.67 -0.0378713
6.68 -0.0612349
6.69 -0.0833485
6.7 -0.10407
6.71 -0.123109
6.72 -0.14049
6.73 -0.156105
6.74 -0.169862
6.75 -0.181683
6.76 -0.191505
6.77 -0.199283
6.78 -0.204962
6.79 -0.208386
6.8 -0.209754
6.81 -0.209106
6.82 -0.206502
6.83 -0.202025
6.84 -0.195775
6.85 -0.187875
6.86 -0.178427
6.87 -0.167542
6.88 -0.155503
6.89 -0.142494
6.9 -0.128706
6.91 -0.114337
6.92 -0.0995867
6.93 -0.0846534
6.94 -0.0697408
6.95 -0.0550652
6.96 -0.0407994
6.97 -0.0271059
6.98 -0.0141316
6.99 -0.00200578
7 0.00916154
7.01 0.0192807
7.02 0.0282247
7.03 0.0359424
7.04 0.0424711
7.05 0.0478109
7.06 0.0519815
7.07 0.0550206
7.08 0.0569816
7.09 0.057932
7.1 0.0578985
7.11 0.0570026
7.12 0.0553758
7.13 0.0531169
7.14 0.050325
7.15 0.0470979
7.16 0.0435295
7.17 0.0397078
7.18 0.0357068
7.19 0.0316136
7.2 0.0274936
7.21 0.0233977
7.22 0.0193671
7.23 0.0154335
7.24 0.0116197
7.25 0.00794049
7.26 0.00441657
7.27 0.00103995
7.28 -0.00219356
7.29 -0.00528798
7.3 -0.00824784
7.31 -0.0110768
7.32 -0.0137761
7.33 -0.0163441
7.34 -0.01876
7.35 -0.0210243
7.36 -0.0231202
7.37 -0.0250256
7.38 -0.0267136
7.39 -0.0281535
7.4 -0.0293118
7.41 -0.0301501
7.42 -0.0305994
7.43 -0.0306561
7.44 -0.0302898
7.45 -0.0294753
7.46 -0.0281944
7.47 -0.0264368
7.48 -0.0242022
7.49 -0.0214917
7.5 -0.0183047
7.51 -0.0147159
7.52 -0.010775
7.53 -0.00654362
7.54 -0.00209486
7.55 0.00248795
7.56 0.0071126
7.57 0.0116743
7.58 0.0160496
7.59 0.0201363
7.6 0.0238276
7.61 0.0270201
7.62 0.0296162
7.63 0.0315268
7.64 0.0326739
7.65 0.0329537
7.66 0.0323024
7.67 0.0307403
7.68 0.0282596
7.69 0.024872
7.7 0.0206102
7.71 0.0155267
7.72 0.00969404
7.73 0.0031729
7.74 -0.00390374
7.75 -0.0113794
7.76 -0.0191141
7.77 -0.026958
7.78 -0.0347545
7.79 -0.0423437
7.8 -0.0495649
7.81 -0.0562141
7.82 -0.0621426
7.83 -0.0672295
7.84 -0.0713494
7.85 -0.0743931
7.86 -0.0762694
7.87 -0.0769076
7.88 -0.0762589
7.89 -0.0741915
7.9 -0.0707852
7.91 -0.0660949
7.92 -0.0601716
7.93 -0.0530886
7.94 -0.0449406
7.95 -0.0358417
7.96 -0.0259235
7.97 -0.0152856
7.98 -0.00415967
7.99 0.0072773
8 0.0188483
8.01 0.0303733
8.02 0.0416722
8.03 0.0525675
8.04 0.0628854
8.05 0.0723765
8.06 0.080951
8.07 0.0884731
8.08 0.0948225
8.09 0.0998965
8.1 0.10361
8.11 0.1059
8.12 0.106697
8.13 0.105871
8.14 0.103553
8.15 0.0997639
8.16 0.0945476
8.17 0.0879663
8.18 0.0801007
8.19 0.071049
8.2 0.0609002
8.21 0.0497556
8.22 0.0378379
8.23 0.0253025
8.24 0.0123135
8.25 -0.000958329
8.26 -0.0143373
8.27 -0.027645
8.28 -0.0406855
8.29 -0.0532494
8.3 -0.0651818
8.31 -0.0763174
8.32 -0.0864994
8.33 -0.0955823
8.34 -0.103433
8.35 -0.109934
8.36 -0.114906
8.37 -0.118257
8.38 -0.120005
8.39 -0.120112
8.4 -0.118566
8.41 -0.115375
8.42 -0.110575
8.43 -0.10422
8.44 -0.0963083
8.45 -0.0869943
8.46 -0.0764661
8.47 -0.0648756
8.48 -0.0523933
8.49 -0.0392063
8.5 -0.0255157
8.51 -0.0115337
8.52 0.0025069
8.53 0.0163519
8.54 0.0297733
8.55 0.0425471
8.56 0.054456
8.57 0.0652931
8.58 0.0748648
8.59 0.0829945
8.6 0.0893755
8.61 0.0939804
8.62 0.0967307
8.63 0.0975522
8.64 0.0963995
8.65 0.093257
8.66 0.0881393
8.67 0.0810905
8.68 0.0720111
8.69 0.0611935
8.7 0.0487754
8.71 0.0349123
8.72 0.0197795
8.73 0.00356852
8.74 -0.013516
8.75 -0.0312643
8.76 -0.0494704
8.77 -0.0678575
8.78 -0.0862101
8.79 -0.10432
8.8 -0.121991
8.81 -0.139041
8.82 -0.155305
8.83 -0.170616
8.84 -0.184778
8.85 -0.197773
8.86 -0.209532
8.87 -0.220011
8.88 -0.229189
8.89 -0.237071
8.9 -0.243682
8.91 -0.249028
8.92 -0.253144
8.93 -0.256196
8.94 -0.258277
8.95 -0.259491
8.96 -0.259949
8.97 -0.25976
8.98 -0.259037
8.99 -0.257873
9 -0.256379
9.01 -0.254666
9.02 -0.252815
9.03 -0.250891
9.04 -0.248945
9.05 -0.247014
9.06 -0.245118
9.07 -0.243265
9.08 -0.241441
9.09 -0.239617
9.1 -0.237753
9.11 -0.235799
9.12 -0.233694
9.13 -0.231372
9.14 -0.22876
9.15 -0.225752
9.16 -0.222278
9.17 -0.218275
9.18 -0.213674
9.19 -0.208411
9.2 -0.20243
9.21 -0.195682
9.22 -0.188131
9.23 -0.179679
9.24 -0.170363
9.25 -0.160197
9.26 -0.149192
9.27 -0.13737
9.28 -0.124761
9.29 -0.111409
9.3 -0.0973645
9.31 -0.0826332
9.32 -0.067342
9.33 -0.0515688
9.34 -0.0353907
9.35 -0.0188879
9.36 -0.00214234
9.37 0.0147629
9.38 0.0317446
9.39 0.048712
9.4 0.0655787
9.41 0.0822669
9.42 0.0987019
9.43 0.114812
9.44 0.130528
9.45 0.145787
9.46 0.160518
9.47 0.174619
9.48 0.188083
9.49 0.200865
9.5 0.21292
9.51 0.224212
9.52 0.234707
9.53 0.244378
9.54 0.253178
9.55 0.261048
9.56 0.268041
9.57 0.274156
9.58 0.279394
9.59 0.283765
9.6 0.287287
9.61 0.289984
9.62 0.291857
9.63 0.292933
9.64 0.293306
9.65 0.29303
9.66 0.292161
9.67 0.29076
9.68 0.288895
9.69 0.286632
9.7 0.284027
9.71 0.281159
9.72 0.278111
9.73 0.274945
9.74 0.271718
9.75 0.268484
9.76 0.265285
9.77 0.262157
9.78 0.259131
9.79 0.256219
9.8 0.253417
9.81 0.250714
9.82 0.248086
9.83 0.2455
9.84 0.24291
9.85 0.240262
9.86 0.237482
9.87 0.234499
9.88 0.231242
9.89 0.227637
9.9 0.223609
9.91 0.219088
9.92 0.214006
9.93 0.208304
9.94 0.20187
9.95 0.194714
9.96 0.186823
9.97 0.178191
9.98 0.168827
9.99 0.158756
10 0.148021
10.01 0.136681
10.02 0.124766
10.03 0.112426
10.04 0.0997703
10.05 0.0869135
10.06 0.0739809
10.07 0.0611037
10.08 0.0484163
10.09 0.0360585
10.1 0.0242142
10.11 0.0129775
10.12 0.00246572
10.13 -0.00721503
10.14 -0.015972
10.15 -0.0237276
10.16 -0.0304214
10.17 -0.0359863
10.18 -0.0403329
10.19 -0.0435495
10.2 -0.0456548
10.21 -0.0466854
10.22 -0.0466948
10.23 -0.0457512
10.24 -0.0439361
10.25 -0.0413193
10.26 -0.037992
10.27 -0.0341134
10.28 -0.0297932
10.29 -0.0251408
10.3 -0.0202624
10.31 -0.0152587
10.32 -0.0102226
10.33 -0.00524296
10.34 -0.000400384
10.35 0.00425308
10.36 0.00867579
10.37 0.0128403
10.38 0.0167331
10.39 0.0203547
10.4 0.0237179
10.41 0.0268361
10.42 0.0297531
10.43 0.0325234
10.44 0.0351974
10.45 0.0378291
10.46 0.0404735
10.47 0.0431847
10.48 0.046014
10.49 0.0490215
10.5 0.0522433
10.51 0.0557019
10.52 0.0594149
10.53 0.0633889
10.54 0.0676184
10.55 0.0720858
10.56 0.0767613
10.57 0.0816126
10.58 0.0865697
10.59 0.0915642
10.6 0.0965225
10.61 0.101364
10.62 0.106002
10.63 0.110347
10.64 0.114307
10.65 0.117735
10.66 0.120575
10.67 0.122743
10.68 0.124157
10.69 0.124743
10.7 0.124431
10.71 0.123164
10.72 0.120886
10.73 0.117457
10.74 0.112947
10.75 0.10734
10.76 0.100628
10.77 0.0928136
10.78 0.08391
10.79 0.0739387
10.8 0.0629144
10.81 0.0508114
10.82 0.0377655
10.83 0.0238309
10.84 0.00906819
10.85 -0.00645695
10.86 -0.0226737
10.87 -0.039507
10.88 -0.0568903
10.89 -0.0747513
10.9 -0.092965
10.91 -0.111442
10.92 -0.130092
10.93 -0.148821
10.94 -0.167534
10.95 -0.186135
10.96 -0.204515
10.97 -0.222558
10.98 -0.240183
10.99 -0.257293
11 -0.273797
11.01 -0.289605
11.02 -0.30463
11.03 -0.318792
11.04 -0.331961
11.05 -0.344063
11.06 -0.355084
11.07 -0.364973
11.08 -0.373686
11.09 -0.381192
11.1 -0.387467
11.11 -0.3925
11.12 -0.39621
11.13 -0.398641
11.14 -0.399861
11.15 -0.399904
11.16 -0.398808
11.17 -0.396622
11.18 -0.393403
11.19 -0.389211
11.2 -0.38405
11.21 -0.378041
11.22 -0.371279
11.23 -0.363834
11.24 -0.355776
11.25 -0.347172
11.26 -0.338082
11.27 -0.328566
11.28 -0.318644
11.29 -0.308392
11.3 -0.297851
11.31 -0.287049
11.32 -0.276008
11.33 -0.26474
11.34 -0.253254
11.35 -0.241552
11.36 -0.229609
11.37 -0.217439
11.38 -0.205032
11.39 -0.19238
11.4 -0.179473
11.41 -0.166301
11.42 -0.152861
11.43 -0.139147
11.44 -0.125143
11.45 -0.110883
11.46 -0.0963836
11.47 -0.0816676
11.48 -0.0667644
11.49 -0.0517095
11.5 -0.0365445
11.51 -0.0213162
11.52 -0.00608194
11.53 0.00909792
11.54 0.0241651
11.55 0.0390601
11.56 0.0537233
11.57 0.0680966
11.58 0.0821236
11.59 0.0957365
11.6 0.108867
11.61 0.121499
11.62 0.133598
11.63 0.145134
11.64 0.156083
11.65 0.166429
11.66 0.17616
11.67 0.185243
11.68 0.193675
11.69 0.201494
11.7 0.208712
11.71 0.215339
11.72 0.221391
11.73 0.226881
11.74 0.231825
11.75 0.236206
11.76 0.240044
11.77 0.243372
11.78 0.246194
11.79 0.248514
11.8 0.250331
11.81 0.25164
11.82 0.252435
11.83 0.252667
11.84 0.252345
11.85 0.25147
11.86 0.250029
11.87 0.248007
11.88 0.245392
11.89 0.242172
11.9 0.238339
11.91 0.233837
11.92 0.228704
11.93 0.222955
11.94 0.216598
11.95 0.209647
11.96 0.202117
11.97 0.194031
11.98 0.185414
11.99 0.176249
12 0.166616
12.01 0.15655
12.02 0.146086
12.03 0.13526
12.04 0.124106
12.05 0.112656
12.06 0.100942
12.07 0.0889732
12.08 0.0768015
12.09 0.0644502
12.1 0.0519399
12.11 0.039289
12.12 0.0265136
12.13 0.0136286
12.14 0.000646493
12.15 -0.0124229
12.16 -0.0255566
12.17 -0.0387375
12.18 -0.0519454
12.19 -0.0651566
12.2 -0.0783421
12.21 -0.0914678
12.22 -0.104489
12.23 -0.117347
12.24 -0.129994
12.25 -0.142368
12.26 -0.154402
12.27 -0.166023
12.28 -0.177153
12.29 -0.187709
12.3 -0.197577
12.31 -0.206644
12.32 -0.214867
12.33 -0.222162
12.34 -0.228451
12.35 -0.23366
12.36 -0.237724
12.37 -0.240584
12.38 -0.242127
12.39 -0.242317
12.4 -0.241193
12.41 -0.238748
12.42 -0.234985
12.43 -0.229923
12.44 -0.22359
12.45 -0.216031
12.46 -0.207227
12.47 -0.197283
12.48 -0.18632
12.49 -0.174419
12.5 -0.16167
12.51 -0.148166
12.52 -0.134003
12.53 -0.119279
12.54 -0.104064
12.55 -0.0884871
12.56 -0.0726526
12.57 -0.0566493
12.58 -0.0405617
12.59 -0.0244692
12.6 -0.00844595
12.61 0.00743904
12.62 0.023099
12.63 0.0384851
12.64 0.0535467
12.65 0.0682336
12.66 0.0824988
12.67 0.0962975
12.68 0.109586
12.69 0.122323
12.7 0.134403
12.71 0.145839
12.72 0.156589
12.73 0.166613
12.74 0.175869
12.75 0.184314
12.76 0.191908
12.77 0.198604
12.78 0.204289
12.79 0.209011
12.8 0.212747
12.81 0.215476
12.82 0.217186
12.83 0.217874
12.84 0.217545
12.85 0.216194
12.86 0.213798
12.87 0.210474
12.88 0.206275
12.89 0.201262
12.9 0.195507
12.91 0.189091
12.92 0.182103
12.93 0.174627
12.94 0.166763
12.95 0.158645
12.96 0.150377
12.97 0.142061
12.98 0.133794
12.99 0.125669
13 0.117769
13.01 0.110187
13.02 0.102993
13.03 0.0962184
13.04 0.0898964
13.05 0.0840461
13.06 0.0786723
13.07 0.0737656
13.08 0.0693034
13.09 0.065272
13.1 0.0616114
13.11 0.0582469
13.12 0.0551143
13.13 0.0521446
13.14 0.0492665
13.15 0.0464083
13.16 0.0435007
13.17 0.0404666
13.18 0.0372469
13.19 0.0337981
13.2 0.0300832
13.21 0.0260776
13.22 0.021769
13.23 0.0171586
13.24 0.0122611
13.25 0.00708653
13.26 0.00169849
13.27 -0.00384277
13.28 -0.00947147
13.29 -0.0151131
13.3 -0.020686
13.31 -0.0261035
13.32 -0.0312758
13.33 -0.0360716
13.34 -0.0404225
13.35 -0.0442448
13.36 -0.0474575
13.37 -0.0499861
13.38 -0.0517645
13.39 -0.0527354
13.4 -0.0528474
13.41 -0.0519803
13.42 -0.0501944
13.43 -0.047478
13.44 -0.0438305
13.45 -0.0392612
13.46 -0.0337897
13.47 -0.0274441
13.48 -0.0202476
13.49 -0.0121962
13.5 -0.00341161
13.51 0.0060495
13.52 0.0161259
13.53 0.0267528
13.54 0.0378623
13.55 0.049384
13.56 0.0612529
13.57 0.0733968
13.58 0.0857157
13.59 0.0981311
13.6 0.110563
13.61 0.122931
13.62 0.13515
13.63 0.147135
13.64 0.158782
13.65 0.169982
13.66 0.180663
13.67 0.190734
13.68 0.200101
13.69 0.208671
13.7 0.216352
13.71 0.223054
13.72 0.228628
13.73 0.232986
13.74 0.236104
13.75 0.237916
13.76 0.238361
13.77 0.237393
13.78 0.234976
13.79 0.231085
13.8 0.225618
13.81 0.218624
13.82 0.210185
13.83 0.200342
13.84 0.189152
13.85 0.176688
13.86 0.163039
13.87 0.148304
13.88 0.132533
13.89 0.115915
13.9 0.0986086
13.91 0.0807533
13.92 0.0624937
13.93 0.0439753
13.94 0.0253432
13.95 0.00673914
13.96 -0.0116741
13.97 -0.0297689
13.98 -0.0474296
13.99 -0.0645493
14 -0.0810334
14.01 -0.0967998
14.02 -0.11178
14.03 -0.125919
14.04 -0.139084
14.05 -0.151334
14.06 -0.162656
14.07 -0.173048
14.08 -0.182516
14.09 -0.191076
14.1 -0.19875
14.11 -0.205556
14.12 -0.211464
14.13 -0.216584
14.14 -0.220953
14.15 -0.224603
14.16 -0.22757
14.17 -0.229885
14.18 -0.231578
14.19 -0.232663
14.2 -0.233137
14.21 -0.23307
14.22 -0.232483
14.23 -0.231397
14.24 -0.229833
14.25 -0.227813
14.26 -0.225361
14.27 -0.222491
14.28 -0.219223
14.29 -0.21562
14.3 -0.21172
14.31 -0.207566
14.32 -0.203207
14.33 -0.198693
14.34 -0.194081
14.35 -0.189429
14.36 -0.184808
14.37 -0.180278
14.38 -0.175902
14.39 -0.171736
14.4 -0.167835
14.41 -0.164248
14.42 -0.161016
14.43 -0.158199
14.44 -0.155816
14.45 -0.153864
14.46 -0.152345
14.47 -0.151248
14.48 -0.150554
14.49 -0.15023
14.5 -0.150236
14.51 -0.150535
14.52 -0.15105
14.53 -0.151705
14.54 -0.152429
14.55 -0.153147
14.56 -0.153785
14.57 -0.154268
14.58 -0.154525
14.59 -0.154463
14.6 -0.154035
14.61 -0.153198
14.62 -0.151913
14.63 -0.150152
14.64 -0.147895
14.65 -0.145137
14.66 -0.141882
14.67 -0.138101
14.68 -0.133867
14.69 -0.129218
14.7 -0.124198
14.71 -0.118855
14.72 -0.113245
14.73 -0.107422
14.74 -0.101444
14.75 -0.0953646
14.76 -0.0892522
14.77 -0.0831574
14.78 -0.0771263
14.79 -0.0712
14.8 -0.0654134
14.81 -0.0597954
14.82 -0.0543726
14.83 -0.0491772
14.84 -0.0442036
14.85 -0.0394581
14.86 -0.0349439
14.87 -0.0306617
14.88 -0.0266112
14.89 -0.0227919
14.9 -0.019211
14.91 -0.0158812
14.92 -0.0127912
14.93 -0.00994969
14.94 -0.00736862
14.95 -0.00506325
14.96 -0.00305184
14.97 -0.00135497
14.98 -9.63549e-06
14.99 0.000952334
15 0.00153033
15.01 0.0017063
15.02 0.00146671
15.03 0.000804067
15.04 -0.000281465
15.05 -0.00178066
15.06 -0.00369325
15.07 -0.00598026
15.08 -0.00857686
15.09 -0.0114245
15.1 -0.0144523
15.11 -0.0175778
15.12 -0.0207074
15.13 -0.0237386
15.14 -0.0265396
15.15 -0.0289862
15.16 -0.0309676
15.17 -0.0323653
15.18 -0.0330646
15.19 -0.0329571
15.2 -0.0319437
15.21 -0.0299377
15.22 -0.0267808
15.23 -0.0224727
15.24 -0.0170093
15.25 -0.010382
15.26 -0.00260484
15.27 0.00628548
15.28 0.0162296
15.29 0.0271463
15.3 0.039
15.31 0.0515882
15.32 0.064759
15.33 0.0783578
15.34 0.0922199
15.35 0.106174
15.36 0.120046
15.37 0.133661
15.38 0.14679
15.39 0.159303
15.4 0.17105
15.41 0.181897
15.42 0.191728
15.43 0.200443
15.44 0.207963
15.45 0.214216
15.46 0.219062
15.47 0.222603
15.48 0.224848
15.49 0.225824
15.5 0.225575
15.51 0.224159
15.52 0.221646
15.53 0.218093
15.54 0.213546
15.55 0.208175
15.56 0.202071
15.57 0.195322
15.58 0.188015
15.59 0.18023
15.6 0.172041
15.61 0.163502
15.62 0.154669
15.63 0.145611
15.64 0.136366
15.65 0.126966
15.66 0.117437
15.67 0.107801
15.68 0.0980772
15.69 0.0882808
15.7 0.0784339
15.71 0.0685633
15.72 0.0586973
15.73 0.0488707
15.74 0.0391263
15.75 0.0295156
15.76 0.0200992
15.77 0.010968
15.78 0.00220776
15.79 -0.00610339
15.8 -0.0138692
15.81 -0.0209883
15.82 -0.027356
15.83 -0.0328668
15.84 -0.0374167
15.85 -0.0408229
15.86 -0.0430277
15.87 -0.0439819
15.88 -0.0436174
15.89 -0.0418811
15.9 -0.0387364
15.91 -0.0341658
15.92 -0.0281714
15.93 -0.0206628
15.94 -0.0117842
15.95 -0.00163052
15.96 0.00970761
15.97 0.0221206
15.98 0.0354814
15.99 0.049647
16 0.0644614
16.01 0.0797865
16.02 0.0953875
16.03 0.11108
16.04 0.126682
16.05 0.142012
16.06 0.156891
16.07 0.171148
16.08 0.184617
16.09 0.197048
16.1 0.208384
16.11 0.218506
16.12 0.227309
16.13 0.234707
16.14 0.240629
16.15 0.245022
16.16 0.247822
16.17 0.248906
16.18 0.248405
16.19 0.246334
16.2 0.242721
16.21 0.23761
16.22 0.231054
16.23 0.223117
16.24 0.213837
16.25 0.203258
16.26 0.191562
16.27 0.178849
16.28 0.165222
16.29 0.15079
16.3 0.135664
16.31 0.119961
16.32 0.103785
16.33 0.0872649
16.34 0.0705483
16.35 0.0537561
16.36 0.0370086
16.37 0.0204241
16.38 0.00411825
16.39 -0.0117969
16.4 -0.027182
16.41 -0.0419266
16.42 -0.0559632
16.43 -0.0692089
16.44 -0.0815903
16.45 -0.093045
16.46 -0.103522
16.47 -0.112984
16.48 -0.121336
16.49 -0.128599
16.5 -0.134814
16.51 -0.140001
16.52 -0.144191
16.53 -0.147426
16.54 -0.149761
16.55 -0.151258
16.56 -0.151935
16.57 -0.15192
16.58 -0.15131
16.59 -0.15019
16.6 -0.14864
16.61 -0.146739
16.62 -0.144561
16.63 -0.142173
16.64 -0.139625
16.65 -0.136979
16.66 -0.134272
16.67 -0.131528
16.68 -0.128759
16.69 -0.125964
16.7 -0.123134
16.71 -0.120248
16.72 -0.117265
16.73 -0.114155
16.74 -0.110875
16.75 -0.107384
16.76 -0.103639
16.77 -0.0995987
16.78 -0.0952291
16.79 -0.0904969
16.8 -0.0853535
16.81 -0.0798253
16.82 -0.073919
16.83 -0.0676543
16.84 -0.0610641
16.85 -0.0541948
16.86 -0.0471052
16.87 -0.0398644
16.88 -0.03256
16.89 -0.0252933
16.9 -0.0181605
16.91 -0.0112608
16.92 -0.00469365
16.93 0.00144397
16.94 0.00706009
16.95 0.0120457
16.96 0.0162993
16.97 0.0198026
16.98 0.0225116
16.99 0.0243979
17 0.0254493
17.01 0.0256704
17.02 0.025082
17.03 0.023686
17.04 0.0215379
17.05 0.0187444
17.06 0.0153814
17.07 0.0115318
17.08 0.00728333
17.09 0.00272536
17.1 -0.00205353
17.11 -0.00697177
17.12 -0.0119395
17.13 -0.0168839
17.14 -0.0217483
17.15 -0.0264884
17.16 -0.0310726
17.17 -0.0354829
17.18 -0.0397148
17.19 -0.0437648
17.2 -0.0476632
17.21 -0.0514453
17.22 -0.0551484
17.23 -0.058814
17.24 -0.062485
17.25 -0.0662032
17.26 -0.0700061
17.27 -0.073936
17.28 -0.0780064
17.29 -0.0822217
17.3 -0.0865742
17.31 -0.0910413
17.32 -0.0955846
17.33 -0.10015
17.34 -0.104669
17.35 -0.109036
17.36 -0.113157
17.37 -0.116926
17.38 -0.12023
17.39 -0.122952
17.4 -0.124977
17.41 -0.126193
17.42 -0.126489
17.43 -0.125676
17.44 -0.12377
17.45 -0.120715
17.46 -0.116479
17.47 -0.111051
17.48 -0.104445
17.49 -0.0967009
17.5 -0.0878631
17.51 -0.0779691
17.52 -0.0672222
17.53 -0.0557571
17.54 -0.0437252
17.55 -0.031291
17.56 -0.018628
17.57 -0.00591477
17.58 0.00665955
17.59 0.0188862
17.6 0.0306107
17.61 0.0416803
17.62 0.0519582
17.63 0.0613271
17.64 0.0696906
17.65 0.076976
17.66 0.0830854
17.67 0.0879757
17.68 0.091719
17.69 0.0943429
17.7 0.0958954
17.71 0.0964422
17.72 0.0960638
17.73 0.0948518
17.74 0.0928714
17.75 0.0902452
17.76 0.0871093
17.77 0.0835619
17.78 0.0796933
17.79 0.0755831
17.8 0.0712983
17.81 0.0668911
17.82 0.0623937
17.83 0.0578293
17.84 0.0532014
17.85 0.0484962
17.86 0.0436869
17.87 0.0387363
17.88 0.0335993
17.89 0.0282258
17.9 0.0225381
17.91 0.0164978
17.92 0.0100696
17.93 0.00322087
17.94 -0.00406881
17.95 -0.0118049
17.96 -0.019976
17.97 -0.0285527
17.98 -0.0375125
17.99 -0.0467501
18 -0.0561716
18.01 -0.0656703
18.02 -0.0751254
18.03 -0.0844046
18.04 -0.0933672
18.05 -0.101867
18.06 -0.109684
18.07 -0.116726
18.08 -0.12286
18.09 -0.127967
18.1 -0.131942
18.11 -0.134703
18.12 -0.136186
18.13 -0.136339
18.14 -0.13505
18.15 -0.132457
18.16 -0.12861
18.17 -0.123583
18.18 -0.117473
18.19 -0.110401
18.2 -0.102505
18.21 -0.0939284
18.22 -0.0848313
18.23 -0.0754386
18.24 -0.065928
18.25 -0.0564753
18.26 -0.0472507
18.27 -0.0384146
18.28 -0.0301144
18.29 -0.0225102
18.3 -0.0157481
18.31 -0.00987091
18.32 -0.00494368
18.33 -0.00100939
18.34 0.001911
18.35 0.00381763
18.36 0.00473038
18.37 0.00464317
18.38 0.00361484
18.39 0.00176431
18.4 -0.000830138
18.41 -0.00408376
18.42 -0.0079082
18.43 -0.0122142
18.44 -0.0169139
18.45 -0.0219371
18.46 -0.0271901
18.47 -0.0325908
18.48 -0.0380769
18.49 -0.0435944
18.5 -0.0490971
18.51 -0.0545458
18.52 -0.0599078
18.53 -0.0651449
18.54 -0.0702351
18.55 -0.0751587
18.56 -0.079892
18.57 -0.0844088
18.58 -0.0886788
18.59 -0.0926663
18.6 -0.0963292
18.61 -0.0995816
18.62 -0.102385
18.63 -0.10468
18.64 -0.106394
18.65 -0.107448
18.66 -0.107763
18.67 -0.107253
18.68 -0.105836
18.69 -0.103329
18.7 -0.0997437
18.71 -0.0950203
18.72 -0.0891065
18.73 -0.0819642
18.74 -0.0735711
18.75 -0.0639227
18.76 -0.0530256
18.77 -0.0408159
18.78 -0.0274707
18.79 -0.0130713
18.8 0.0022822
18.81 0.0184715
18.82 0.0353627
18.83 0.052808
18.84 0.0706536
18.85 0.0887285
18.86 0.106832
18.87 0.124794
18.88 0.142446
18.89 0.15963
18.9 0.176195
18.91 0.192003
18.92 0.206901
18.93 0.220733
18.94 0.23348
18.95 0.245077
18.96 0.255479
18.97 0.26466
18.98 0.272611
18.99 0.27934
19 0.284819
19.01 0.28907
19.02 0.292209
19.03 0.294287
19.04 0.29536
19.05 0.295486
19.06 0.294721
19.07 0.293117
19.08 0.290682
19.09 0.287467
19.1 0.283541
19.11 0.278928
19.12 0.273644
19.13 0.267698
19.14 0.261093
19.15 0.253828
19.16 0.245852
19.17 0.237182
19.18 0.227835
19.19 0.217813
19.2 0.207121
19.21 0.195774
19.22 0.183796
19.23 0.171221
19.24 0.15806
19.25 0.144413
19.26 0.130369
19.27 0.116018
19.28 0.101461
19.29 0.0868091
19.3 0.0721828
19.31 0.0577074
19.32 0.0435494
19.33 0.0298278
19.34 0.0166658
19.35 0.00418372
19.36 -0.00750702
19.37 -0.0183065
19.38 -0.0281287
19.39 -0.0369017
19.4 -0.0444607
19.41 -0.0508819
19.42 -0.0561545
19.43 -0.0602865
19.44 -0.0633043
19.45 -0.0652508
19.46 -0.0661843
19.47 -0.066165
19.48 -0.0652207
19.49 -0.0635246
19.5 -0.0611723
19.51 -0.058261
19.52 -0.0548861
19.53 -0.0511391
19.54 -0.0471049
19.55 -0.0428561
19.56 -0.038458
19.57 -0.0339772
19.58 -0.029453
19.59 -0.0249126
19.6 -0.0203715
19.61 -0.0158345
19.62 -0.0112971
19.63 -0.00674641
19.64 -0.0021617
19.65 0.00247656
19.66 0.00718867
19.67 0.0119922
19.68 0.0168999
19.69 0.0219172
19.7 0.0270407
19.71 0.0322599
19.72 0.0375444
19.73 0.0428496
19.74 0.0481233
19.75 0.0533025
19.76 0.0583142
19.77 0.0630774
19.78 0.067505
19.79 0.0714746
19.8 0.0748927
19.81 0.0776891
19.82 0.0797823
19.83 0.0811
19.84 0.0815819
19.85 0.0811822
19.86 0.0798719
19.87 0.0775736
19.88 0.0743417
19.89 0.0702362
19.9 0.065311
19.91 0.059639
19.92 0.0533102
19.93 0.0464305
19.94 0.0391182
19.95 0.0314869
19.96 0.0237057
19.97 0.015916
19.98 0.00825175
19.99 0.000840894
20 -0.00619869
20.01 -0.0127625
20.02 -0.0187624
20.03 -0.0240635
20.04 -0.0286763
20.05 -0.0325839
20.06 -0.0357903
20.07 -0.0383223
20.08 -0.0402291
20.09 -0.0415807
20.1 -0.0424631
20.11 -0.042962
20.12 -0.0432394
20.13 -0.0434232
20.14 -0.0436451
20.15 -0.0440376
20.16 -0.0447291
20.17 -0.0458405
20.18 -0.0474942
20.19 -0.0498337
20.2 -0.0528885
20.21 -0.0567131
20.22 -0.0613412
20.23 -0.0667848
20.24 -0.0730342
20.25 -0.0800587
20.26 -0.0878286
20.27 -0.0962898
20.28 -0.105305
20.29 -0.114774
20.3 -0.124589
20.31 -0.134635
20.32 -0.144795
20.33 -0.154953
20.34 -0.164988
20.35 -0.174779
20.36 -0.184241
20.37 -0.193292
20.38 -0.201865
20.39 -0.209907
20.4 -0.217379
20.41 -0.224255
20.42 -0.230492
20.43 -0.236098
20.44 -0.241115
20.45 -0.245564
20.46 -0.249474
20.47 -0.252874
20.48 -0.255795
20.49 -0.258268
20.5 -0.260289
20.51 -0.261894
20.52 -0.263106
20.53 -0.263925
20.54 -0.264342
20.55 -0.264337
20.56 -0.263882
20.57 -0.262938
20.58 -0.261416
20.59 -0.259289
20.6 -0.256516
20.61 -0.253044
20.62 -0.24882
20.63 -0.2438
20.64 -0.237944
20.65 -0.231227
20.66 -0.223553
20.67 -0.214996
20.68 -0.205585
20.69 -0.195357
20.7 -0.184369
20.71 -0.172692
20.72 -0.160417
20.73 -0.147647
20.74 -0.134477
20.75 -0.121086
20.76 -0.107612
20.77 -0.0941986
20.78 -0.0809887
20.79 -0.0681236
20.8 -0.0557378
20.81 -0.0439668
20.82 -0.0329866
20.83 -0.0228353
20.84 -0.0135876
20.85 -0.00529759
20.86 0.00200141
20.87 0.00829809
20.88 0.0136029
20.89 0.017924
20.9 0.0212759
20.91 0.0238043
20.92 0.0255977
20.93 0.026757
20.94 0.0273921
20.95 0.0276191
20.96 0.0275564
20.97 0.0273198
20.98 0.0270354
20.99 0.0268176
21 0.0267607
21.01 0.0269466
21.02 0.0274432
21.03 0.0283029
21.04 0.0295627
21.05 0.0312646
21.06 0.0334134
21.07 0.0359752
21.08 0.038925
21.09 0.0422274
21.1 0.0458389
21.11 0.0497096
21.12 0.0537866
21.13 0.0580221
21.14 0.0623546
21.15 0.0667313
21.16 0.071112
21.17 0.0754645
21.18 0.079766
21.19 0.0840036
21.2 0.0881752
21.21 0.0922856
21.22 0.0963585
21.23 0.100423
21.24 0.104515
21.25 0.108672
21.26 0.112937
21.27 0.117351
21.28 0.121956
21.29 0.126808
21.3 0.131923
21.31 0.137315
21.32 0.14299
21.33 0.148944
21.34 0.155158
21.35 0.1616
21.36 0.168226
21.37 0.17498
21.38 0.181773
21.39 0.188519
21.4 0.195127
21.41 0.201497
21.42 0.207526
21.43 0.213111
21.44 0.218144
21.45 0.222462
21.46 0.22603
21.47 0.228768
21.48 0.230611
21.49 0.231505
21.5 0.231416
21.51 0.230324
21.52 0.228206
21.53 0.225019
21.54 0.220883
21.55 0.215849
21.56 0.209983
21.57 0.203364
21.58 0.196081
21.59 0.188233
21.6 0.179911
21.61 0.171224
21.62 0.162309
21.63 0.153272
21.64 0.144213
21.65 0.135225
21.66 0.126393
21.67 0.117793
21.68 0.109503
21.69 0.101587
21.7 0.0940625
21.71 0.0869555
21.72 0.0802794
21.73 0.0740368
21.74 0.0682211
21.75 0.0628172
21.76 0.0578236
21.77 0.0532049
21.78 0.0489124
21.79 0.0449133
21.8 0.0411746
21.81 0.0376644
21.82 0.0343534
21.83 0.0312151
21.84 0.028236
21.85 0.0253913
21.86 0.0226631
21.87 0.0200427
21.88 0.0175249
21.89 0.0151076
21.9 0.0127909
21.91 0.0105762
21.92 0.0084735
21.93 0.00647768
21.94 0.00458523
21.95 0.00279218
21.96 0.00109107
21.97 -0.000529516
21.98 -0.00208529
21.99 -0.00359634
22 -0.00508772
22.01 -0.00659246
22.02 -0.00814276
22.03 -0.00977276
22.04 -0.0115177
22.05 -0.0134125
22.06 -0.0154909
22.07 -0.0177843
22.08 -0.020345
22.09 -0.0231711
22.1 -0.0262758
22.11 -0.0296645
22.12 -0.033334
22.13 -0.0372725
22.14 -0.0414589
22.15 -0.0458655
22.16 -0.0504615
22.17 -0.0551798
22.18 -0.0599653
22.19 -0.0647572
22.2 -0.0694909
22.21 -0.0740996
22.22 -0.0785156
22.23 -0.0826644
22.24 -0.0864599
22.25 -0.0898657
22.26 -0.0928319
22.27 -0.095317
22.28 -0.0972891
22.29 -0.0987269
22.3 -0.0996202
22.31 -0.0999501
22.32 -0.0997197
22.33 -0.0989901
22.34 -0.0977988
22.35 -0.0961926
22.36 -0.0942265
22.37 -0.0919623
22.38 -0.0894669
22.39 -0.0868063
22.4 -0.084062
22.41 -0.0813128
22.42 -0.0786272
22.43 -0.0760694
22.44 -0.073698
22.45 -0.0715646
22.46 -0.0697126
22.47 -0.0681979
22.48 -0.0670401
22.49 -0.06624
22.5 -0.0658013
22.51 -0.0657184
22.52 -0.0659776
22.53 -0.0665571
22.54 -0.0674289
22.55 -0.0685755
22.56 -0.069942
22.57 -0.0714803
22.58 -0.0731477
22.59 -0.0749015
22.6 -0.0766999
22.61 -0.0785033
22.62 -0.0802748
22.63 -0.0819729
22.64 -0.0835706
22.65 -0.0850447
22.66 -0.0863749
22.67 -0.0875451
22.68 -0.0885424
22.69 -0.0893569
22.7 -0.0899811
22.71 -0.0903891
22.72 -0.0905936
22.73 -0.0905895
22.74 -0.0903701
22.75 -0.0899267
22.76 -0.0892485
22.77 -0.0883219
22.78 -0.0871277
22.79 -0.0856199
22.8 -0.0838
22.81 -0.0816419
22.82 -0.0791179
22.83 -0.0761987
22.84 -0.0728547
22.85 -0.0690568
22.86 -0.0647671
22.87 -0.0599279
22.88 -0.0545588
22.89 -0.0486451
22.9 -0.0421786
22.91 -0.0351581
22.92 -0.0275903
22.93 -0.0194904
22.94 -0.010867
22.95 -0.00174075
22.96 0.0078097
22.97 0.0177321
22.98 0.0279664
22.99 0.0384457
23 0.0490969
23.01 0.0598423
23.02 0.0705975
23.03 0.0812671
23.04 0.0917674
23.05 0.102016
23.06 0.111934
23.07 0.121445
23.08 0.130479
23.09 0.138975
23.1 0.146838
23.11 0.154025
23.12 0.160526
23.13 0.166315
23.14 0.171374
23.15 0.175695
23.16 0.17928
23.17 0.182136
23.18 0.184235
23.19 0.185629
23.2 0.186371
23.21 0.186496
23.22 0.186042
23.23 0.185049
23.24 0.183558
23.25 0.18161
23.26 0.179214
23.27 0.176436
23.28 0.17332
23.29 0.169896
23.3 0.166194
23.31 0.162237
23.32 0.158044
23.33 0.153633
23.34 0.148999
23.35 0.14417
23.36 0.139153
23.37 0.133955
23.38 0.12858
23.39 0.12303
23.4 0.117311
23.41 0.111424
23.42 0.105362
23.43 0.0991476
23.44 0.0927908
23.45 0.0863035
23.46 0.0797001
23.47 0.072997
23.48 0.0662131
23.49 0.0593685
23.5 0.0524852
23.51 0.0455912
23.52 0.0387101
23.53 0.0318649
23.54 0.0250776
23.55 0.0183683
23.56 0.0117546
23.57 0.00525438
23.58 -0.00111475
23.59 -0.00735551
23.6 -0.0134668
23.61 -0.0194522
23.62 -0.0253204
23.63 -0.0310845
23.64 -0.0367624
23.65 -0.0423748
23.66 -0.04795
23.67 -0.0535211
23.68 -0.0591194
23.69 -0.0647772
23.7 -0.070527
23.71 -0.0764001
23.72 -0.0824261
23.73 -0.0886416
23.74 -0.0950714
23.75 -0.101722
23.76 -0.108603
23.77 -0.115717
23.78 -0.12306
23.79 -0.130618
23.8 -0.138371
23.81 -0.146298
23.82 -0.15435
23.83 -0.162475
23.84 -0.170618
23.85 -0.178719
23.86 -0.18671
23.87 -0.194521
23.88 -0.202078
23.89 -0.209275
23.9 -0.216041
23.91 -0.222312
23.92 -0.228016
23.93 -0.233083
23.94 -0.237452
23.95 -0.241067
23.96 -0.243881
23.97 -0.24578
23.98 -0.246795
23.99 -0.246924
24 -0.246162
24.01 -0.244517
24.02 -0.242006
24.03 -0.238658
24.04 -0.234511
24.05 -0.229547
24.06 -0.223898
24.07 -0.217631
24.08 -0.210817
24.09 -0.203529
24.1 -0.195843
24.11 -0.187838
24.12 -0.179586
24.13 -0.171155
24.14 -0.162634
24.15 -0.154088
24.16 -0.145571
24.17 -0.137133
24.18 -0.128814
24.19 -0.120647
24.2 -0.112657
24.21 -0.10487
24.22 -0.0972741
24.23 -0.0898652
24.24 -0.0826305
24.25 -0.0755516
24.26 -0.068605
24.27 -0.0617632
24.28 -0.0549981
24.29 -0.0482768
24.3 -0.0415649
24.31 -0.0348351
24.32 -0.0280637
24.33 -0.0212321
24.34 -0.0143274
24.35 -0.00734347
24.36 -0.000278514
24.37 0.00685691
24.38 0.0140395
24.39 0.0212428
24.4 0.0284329
24.41 0.0355693
24.42 0.042606
24.43 0.0494924
24.44 0.0561594
24.45 0.0625461
24.46 0.0686056
24.47 0.0742827
24.48 0.0795253
24.49 0.0842851
24.5 0.0885198
24.51 0.0921934
24.52 0.0952355
24.53 0.0976468
24.54 0.0994377
24.55 0.100609
24.56 0.101169
24.57 0.101137
24.58 0.100541
24.59 0.0994135
24.6 0.0977611
24.61 0.0956658
24.62 0.0931894
24.63 0.0903872
24.64 0.0873154
24.65 0.0840309
24.66 0.0805892
24.67 0.0770438
24.68 0.0734445
24.69 0.0698454
24.7 0.0662873
24.71 0.0628053
24.72 0.0594293
24.73 0.0561838
24.74 0.0530884
24.75 0.0501584
24.76 0.0474223
24.77 0.0448707
24.78 0.0425086
24.79 0.0403398
24.8 0.0383678
24.81 0.0365968
24.82 0.0350325
24.83 0.0336861
24.84 0.0325857
24.85 0.0317272
24.86 0.0311284
24.87 0.0308105
24.88 0.0307975
24.89 0.0311155
24.9 0.0317927
24.91 0.0328691
24.92 0.0343956
24.93 0.0363692
24.94 0.0388129
24.95 0.041745
24.96 0.0451781
24.97 0.0491177
24.98 0.0535614
24.99 0.0585163
25 0.0639681
25.01 0.0698527
25.02 0.0761264
25.03 0.0827355
25.04 0.0896169
25.05 0.0966987
25.06 0.103902
25.07 0.111138
25.08 0.118304
25.09 0.125306
25.1 0.13205
25.11 0.138445
25.12 0.144402
25.13 0.149839
25.14 0.154681
25.15 0.158817
25.16 0.162203
25.17 0.164824
25.18 0.166652
25.19 0.167674
25.2 0.167889
25.21 0.16731
25.22 0.165962
25.23 0.163832
25.24 0.16101
25.25 0.157576
25.26 0.153595
25.27 0.14914
25.28 0.144287
25.29 0.139112
25.3 0.133693
25.31 0.128095
25.32 0.122407
25.33 0.116695
25.34 0.111017
25.35 0.105422
25.36 0.0999495
25.37 0.0946334
25.38 0.0894972
25.39 0.0845768
25.4 0.0798609
25.41 0.0753491
25.42 0.0710357
25.43 0.0669111
25.44 0.0629626
25.45 0.059176
25.46 0.0555377
25.47 0.0520435
25.48 0.0486687
25.49 0.0454049
25.5 0.0422469
25.51 0.0391937
25.52 0.036248
25.53 0.0334162
25.54 0.0307112
25.55 0.0281547
25.56 0.0257513
25.57 0.0235156
25.58 0.0214615
25.59 0.0196008
25.6 0.0179421
25.61 0.0164894
25.62 0.0152476
25.63 0.0142137
25.64 0.013357
25.65 0.0126528
25.66 0.0120694
25.67 0.0115675
25.68 0.0111013
25.69 0.0106195
25.7 0.0100603
25.71 0.00935577
25.72 0.00845098
25.73 0.00728797
25.74 0.00581237
25.75 0.00397548
25.76 0.00173633
25.77 -0.000936459
25.78 -0.00408932
25.79 -0.00772209
25.8 -0.0118043
25.81 -0.0163104
25.82 -0.0212
25.83 -0.0264176
25.84 -0.0318936
25.85 -0.0375456
25.86 -0.0432778
25.87 -0.0489705
25.88 -0.0545099
25.89 -0.0597805
25.9 -0.0646666
25.91 -0.0690545
25.92 -0.0728361
25.93 -0.0759116
25.94 -0.0781218
25.95 -0.0794358
25.96 -0.0798154
25.97 -0.0792252
25.98 -0.0776491
25.99 -0.0750917
26 -0.0715779
26.01 -0.0671533
26.02 -0.0618113
26.03 -0.055717
26.04 -0.0489793
26.05 -0.0417132
26.06 -0.0340438
26.07 -0.026103
26.08 -0.0180266
26.09 -0.00995143
26.1 -0.00203659
26.11 0.00559497
26.12 0.0128276
26.13 0.019558
26.14 0.025697
26.15 0.0311717
26.16 0.0359262
26.17 0.03991
26.18 0.0430488
26.19 0.0454092
26.2 0.0470089
26.21 0.0478801
26.22 0.0480678
26.23 0.0476271
26.24 0.0466213
26.25 0.0451069
26.26 0.043144
26.27 0.0408384
26.28 0.0382568
26.29 0.0354604
26.3 0.0325027
26.31 0.0294279
26.32 0.02627
26.33 0.02305
26.34 0.0197784
26.35 0.0164565
26.36 0.0130721
26.37 0.009604
26.38 0.0060237
26.39 0.00229724
26.4 -0.00161275
26.41 -0.00575837
26.42 -0.0101813
26.43 -0.0149034
26.44 -0.0199516
26.45 -0.0253454
26.46 -0.0310948
26.47 -0.0371994
26.48 -0.043648
26.49 -0.0504357
26.5 -0.0575139
26.51 -0.0648233
26.52 -0.0723068
26.53 -0.0798996
26.54 -0.0875306
26.55 -0.0951251
26.56 -0.102606
26.57 -0.109879
26.58 -0.116871
26.59 -0.123524
26.6 -0.129779
26.61 -0.135591
26.62 -0.140923
26.63 -0.145753
26.64 -0.150072
26.65 -0.153843
26.66 -0.157126
26.67 -0.159963
26.68 -0.162402
26.69 -0.164498
26.7 -0.166316
26.71 -0.167927
26.72 -0.169403
26.73 -0.170822
26.74 -0.172264
26.75 -0.173797
26.76 -0.175477
26.77 -0.177354
26.78 -0.179463
26.79 -0.181826
26.8 -0.184456
26.81 -0.187366
26.82 -0.190506
26.83 -0.19384
26.84 -0.197316
26.85 -0.200871
26.86 -0.204435
26.87 -0.207929
26.88 -0.211263
26.89 -0.214328
26.9 -0.217053
26.91 -0.219359
26.92 -0.221171
26.93 -0.222425
26.94 -0.223067
26.95 -0.223055
26.96 -0.222339
26.97 -0.220881
26.98 -0.218734
26.99 -0.215915
27 -0.212458
27.01 -0.208407
27.02 -0.203815
27.03 -0.198746
27.04 -0.193251
27.05 -0.18741
27.06 -0.181315
27.07 -0.175036
27.08 -0.168635
27.09 -0.162168
27.1 -0.155682
27.11 -0.149211
27.12 -0.14278
27.13 -0.136396
27.14 -0.13005
27.15 -0.123719
27.16 -0.117371
27.17 -0.11096
27.18 -0.104431
27.19 -0.097723
27.2 -0.0907461
27.21 -0.0834327
27.22 -0.0757222
27.23 -0.0675501
27.24 -0.0588582
27.25 -0.0495973
27.26 -0.0397294
27.27 -0.0292296
27.28 -0.0180356
27.29 -0.00619626
27.3 0.00625011
27.31 0.0192612
27.32 0.032779
27.33 0.0467307
27.34 0.06103
27.35 0.0755793
27.36 0.0902744
27.37 0.104978
27.38 0.119571
27.39 0.133934
27.4 0.147951
27.41 0.161509
27.42 0.174505
27.43 0.186838
27.44 0.19835
27.45 0.209038
27.46 0.21885
27.47 0.227748
27.48 0.235709
27.49 0.242724
27.5 0.2488
27.51 0.253941
27.52 0.25812
27.53 0.261457
27.54 0.264002
27.55 0.265809
27.56 0.266934
27.57 0.267437
27.58 0.267373
27.59 0.266784
27.6 0.265703
27.61 0.264208
27.62 0.262334
27.63 0.260107
27.64 0.257544
27.65 0.254656
27.66 0.251446
27.67 0.247897
27.68 0.243988
27.69 0.239726
27.7 0.235093
27.71 0.230069
27.72 0.224637
27.73 0.218781
27.74 0.212487
27.75 0.205726
27.76 0.198497
27.77 0.19083
27.78 0.18274
27.79 0.174249
27.8 0.165388
27.81 0.156197
27.82 0.14672
27.83 0.136999
27.84 0.127105
27.85 0.117109
27.86 0.107076
27.87 0.0970716
27.88 0.0871624
27.89 0.077412
27.9 0.0678816
27.91 0.0586534
27.92 0.04977
27.93 0.0412688
27.94 0.0331877
27.95 0.0255578
27.96 0.0184031
27.97 0.0117409
27.98 0.00558182
27.99 -2.47455e-05
28 -0.00511836
28.01 -0.00971207
28.02 -0.0138158
28.03 -0.0174421
28.04 -0.0206056
28.05 -0.0233222
28.06 -0.0256079
28.07 -0.0274393
28.08 -0.0288741
28.09 -0.0299277
28.1 -0.0306141
28.11 -0.0309466
28.12 -0.0309379
28.13 -0.0306005
28.14 -0.0299442
28.15 -0.02896
28.16 -0.0276915
28.17 -0.0261563
28.18 -0.024374
28.19 -0.0223672
28.2 -0.0201617
28.21 -0.0177862
28.22 -0.0152706
28.23 -0.0126485
28.24 -0.00996837
28.25 -0.00727008
28.26 -0.00459448
28.27 -0.00198254
28.28 0.000525701
28.29 0.00289221
28.3 0.00507483
28.31 0.00703302
28.32 0.00875492
28.33 0.010223
28.34 0.0114269
28.35 0.0123638
28.36 0.013039
28.37 0.0134657
28.38 0.0136559
28.39 0.0136408
28.4 0.0134692
28.41 0.0131824
28.42 0.012826
28.43 0.0124475
28.44 0.0120955
28.45 0.0118176
28.46 0.0116681
28.47 0.0116903
28.48 0.0119116
28.49 0.0123572
28.5 0.0130435
28.51 0.0139771
28.52 0.0151544
28.53 0.016561
28.54 0.0181844
28.55 0.0199768
28.56 0.0218863
28.57 0.0238602
28.58 0.02584
28.59 0.0277631
28.6 0.0295649
28.61 0.0311811
28.62 0.0325246
28.63 0.033549
28.64 0.0342101
28.65 0.0344684
28.66 0.0342945
28.67 0.0336712
28.68 0.0325937
28.69 0.0310704
28.7 0.0290864
28.71 0.0267182
28.72 0.0240179
28.73 0.0210448
28.74 0.0178667
28.75 0.014558
28.76 0.0111968
28.77 0.00786376
28.78 0.0046554
28.79 0.0016417
28.8 -0.0011102
28.81 -0.00354228
28.82 -0.00560773
28.83 -0.0072726
28.84 -0.00851708
28.85 -0.00932941
28.86 -0.00969517
28.87 -0.00967973
28.88 -0.00932689
28.89 -0.00869336
28.9 -0.00784707
28.91 -0.00686498
28.92 -0.00583068
28.93 -0.0048353
28.94 -0.00398306
28.95 -0.00335565
28.96 -0.00303249
28.97 -0.00308439
28.98 -0.00357103
28.99 -0.00453879
29 -0.00601893
29.01 -0.00804764
29.02 -0.0106301
29.03 -0.0137101
29.04 -0.0172462
29.05 -0.0211812
29.06 -0.0254434
29.07 -0.0299486
29.08 -0.0346028
29.09 -0.0393015
29.1 -0.0439247
29.11 -0.0483649
29.12 -0.0525197
29.13 -0.0562929
29.14 -0.059598
29.15 -0.0623604
29.16 -0.0645201
29.17 -0.06599
29.18 -0.0667622
29.19 -0.066858
29.2 -0.0662939
29.21 -0.0651045
29.22 -0.0633419
29.23 -0.0610737
29.24 -0.0583812
29.25 -0.0553389
29.26 -0.0520765
29.27 -0.0487081
29.28 -0.0453407
29.29 -0.0420791
29.3 -0.0390226
29.31 -0.0362618
29.32 -0.0338764
29.33 -0.0319762
29.34 -0.0305803
29.35 -0.0297127
29.36 -0.0293856
29.37 -0.0295932
29.38 -0.030313
29.39 -0.031506
29.4 -0.0331188
29.41 -0.0351135
29.42 -0.0373709
29.43 -0.0398062
29.44 -0.0423313
29.45 -0.0448572
29.46 -0.0472977
29.47 -0.0495719
29.48 -0.0516037
29.49 -0.0533015
29.5 -0.0546419
29.51 -0.0555931
29.52 -0.0561388
29.53 -0.0562787
29.54 -0.0560284
29.55 -0.0554185
29.56 -0.054488
29.57 -0.0532879
29.58 -0.0519125
29.59 -0.0504392
29.6 -0.0489507
29.61 -0.0475316
29.62 -0.0462661
29.63 -0.0452351
29.64 -0.0445269
29.65 -0.0442269
29.66 -0.0443674
29.67 -0.0449895
29.68 -0.0461206
29.69 -0.0477737
29.7 -0.0499476
29.71 -0.0526266
29.72 -0.0558015
29.73 -0.0594265
29.74 -0.0634209
29.75 -0.0677207
29.76 -0.0722555
29.77 -0.0769505
29.78 -0.0817291
29.79 -0.0865151
29.8 -0.0912265
29.81 -0.0957875
29.82 -0.100141
29.83 -0.104234
29.84 -0.108024
29.85 -0.111479
29.86 -0.114576
29.87 -0.117303
29.88 -0.119634
29.89 -0.121592
29.9 -0.123206
29.91 -0.124498
29.92 -0.125496
29.93 -0.126231
29.94 -0.126732
29.95 -0.127029
29.96 -0.127138
29.97 -0.127093
29.98 -0.126913
29.99 -0.126607
30 -0.126175
30.01 -0.12561
30.02 -0.124898
30.03 -0.124016
30.04 -0.122912
30.05 -0.121566
30.06 -0.119937
30.07 -0.117984
30.08 -0.115663
30.09 -0.112932
30.1 -0.10975
30.11 -0.106082
30.12 -0.101848
30.13 -0.0970794
30.14 -0.0917652
30.15 -0.0859068
30.16 -0.079516
30.17 -0.0726154
30.18 -0.0652382
30.19 -0.0574216
30.2 -0.0492
30.21 -0.0406722
30.22 -0.0319073
30.23 -0.0229793
30.24 -0.0139649
30.25 -0.00494182
30.26 0.00401333
30.27 0.0128205
30.28 0.021394
30.29 0.0296837
30.3 0.0376368
30.31 0.0452089
30.32 0.0523657
30.33 0.0590828
30.34 0.0653456
30.35 0.0711308
30.36 0.0764361
30.37 0.0813034
30.38 0.085754
30.39 0.0898142
30.4 0.0935141
30.41 0.096886
30.42 0.0999623
30.43 0.102762
30.44 0.105319
30.45 0.10767
30.46 0.109833
30.47 0.11182
30.48 0.113637
30.49 0.115285
30.5 0.116756
30.51 0.118022
30.52 0.11907
30.53 0.119882
30.54 0.120434
30.55 0.120696
30.56 0.120645
30.57 0.120254
30.58 0.119504
30.59 0.118347
30.6 0.116797
30.61 0.11486
30.62 0.112547
30.63 0.109874
30.64 0.106869
30.65 0.103569
30.66 0.100016
30.67 0.0962528
30.68 0.0923589
30.69 0.0884022
30.7 0.084451
30.71 0.0805748
30.72 0.0768423
30.73 0.0733194
30.74 0.0700674
30.75 0.0671781
30.76 0.0646669
30.77 0.0625674
30.78 0.0609014
30.79 0.0596788
30.8 0.058897
30.81 0.0585404
30.82 0.0585852
30.83 0.0590145
30.84 0.0597406
30.85 0.0607022
30.86 0.0618315
30.87 0.0630556
30.88 0.0642987
30.89 0.0654851
30.9 0.0665357
30.91 0.0673626
30.92 0.0679152
30.93 0.068141
30.94 0.0679978
30.95 0.0674554
30.96 0.0664965
30.97 0.0651169
30.98 0.0633127
30.99 0.0610998
31 0.0585441
31.01 0.0556959
31.02 0.0526155
31.03 0.0493715
31.04 0.0460387
31.05 0.042696
31.06 0.0394314
31.07 0.0363362
31.08 0.033482
31.09 0.0309391
31.1 0.0287701
31.11 0.0270278
31.12 0.0257543
31.13 0.0249795
31.14 0.0247515
31.15 0.0250631
31.16 0.02588
31.17 0.0271764
31.18 0.0289148
31.19 0.0310468
31.2 0.0335147
31.21 0.0362533
31.22 0.0392004
31.23 0.0422642
31.24 0.0453627
31.25 0.0484207
31.26 0.0513661
31.27 0.0541316
31.28 0.0566563
31.29 0.0588875
31.3 0.0607505
31.31 0.0622319
31.32 0.0633171
31.33 0.0639959
31.34 0.0642685
31.35 0.064145
31.36 0.0636441
31.37 0.0627927
31.38 0.0615974
31.39 0.0601289
31.4 0.0584315
31.41 0.0565488
31.42 0.0545241
31.43 0.0523991
31.44 0.0502118
31.45 0.047996
31.46 0.0457818
31.47 0.043591
31.48 0.0414358
31.49 0.039321
31.5 0.0372439
31.51 0.0351942
31.52 0.0331555
31.53 0.0311043
31.54 0.029007
31.55 0.0268329
31.56 0.0245482
31.57 0.0221182
31.58 0.0195093
31.59 0.01669
31.6 0.0136325
31.61 0.0103054
31.62 0.00667911
31.63 0.00276421
31.64 -0.00143964
31.65 -0.00592457
31.66 -0.0106744
31.67 -0.0156644
31.68 -0.0208623
31.69 -0.0262328
31.7 -0.0317247
31.71 -0.0372749
31.72 -0.0428258
31.73 -0.0483169
31.74 -0.0536864
31.75 -0.0588726
31.76 -0.0638152
31.77 -0.0684378
31.78 -0.0726827
31.79 -0.0765187
31.8 -0.0799068
31.81 -0.0828158
31.82 -0.0852226
31.83 -0.0871135
31.84 -0.0884835
31.85 -0.0893038
31.86 -0.0896059
31.87 -0.0894317
31.88 -0.0888122
31.89 -0.0877851
31.9 -0.0863937
31.91 -0.0846857
31.92 -0.0827123
31.93 -0.0805142
31.94 -0.0781623
31.95 -0.0757139
31.96 -0.0732194
31.97 -0.0707258
31.98 -0.0682755
31.99 -0.0659059
32 -0.063648
32.01 -0.0615405
32.02 -0.0595906
32.03 -0.0578056
32.04 -0.0561871
32.05 -0.0547297
32.06 -0.0534219
32.07 -0.0522461
32.08 -0.0511796
32.09 -0.0502005
32.1 -0.0492672
32.11 -0.0483462
32.12 -0.0474033
32.13 -0.0464038
32.14 -0.0453143
32.15 -0.044103
32.16 -0.0427387
32.17 -0.0411801
32.18 -0.0394211
32.19 -0.0374463
32.2 -0.0352458
32.21 -0.0328149
32.22 -0.0301545
32.23 -0.0272709
32.24 -0.0241707
32.25 -0.0208621
32.26 -0.0173828
32.27 -0.0137573
32.28 -0.0100135
32.29 -0.00618073
32.3 -0.00228993
32.31 0.00162775
32.32 0.00554022
32.33 0.00941332
32.34 0.0132204
32.35 0.0169368
32.36 0.0205411
32.37 0.0240152
32.38 0.0273451
32.39 0.0305202
32.4 0.0335263
32.41 0.03636
32.42 0.0390314
32.43 0.0415451
32.44 0.0439081
32.45 0.0461294
32.46 0.0482191
32.47 0.0501879
32.48 0.0520401
32.49 0.0537884
32.5 0.0554447
32.51 0.0570141
32.52 0.0584986
32.53 0.0598968
32.54 0.0612037
32.55 0.0624102
32.56 0.0634938
32.57 0.0644397
32.58 0.0652296
32.59 0.0658384
32.6 0.0662383
32.61 0.0663993
32.62 0.0662898
32.63 0.0658776
32.64 0.0651003
32.65 0.0639463
32.66 0.0623933
32.67 0.0604164
32.68 0.0579946
32.69 0.0551115
32.7 0.0517564
32.71 0.0479244
32.72 0.0435724
32.73 0.0387533
32.74 0.0334866
32.75 0.0277957
32.76 0.0217106
32.77 0.0152674
32.78 0.00850778
32.79 0.0014768
32.8 -0.00578852
32.81 -0.0132089
32.82 -0.0207277
32.83 -0.0282875
32.84 -0.0358307
32.85 -0.0433007
32.86 -0.0506431
32.87 -0.0578019
32.88 -0.0647095
32.89 -0.0713391
32.9 -0.0776536
32.91 -0.0836215
32.92 -0.089217
32.93 -0.0944206
32.94 -0.0992187
32.95 -0.103591
32.96 -0.107519
32.97 -0.111038
32.98 -0.114155
32.99 -0.116885
33 -0.119246
33.01 -0.121255
33.02 -0.122936
33.03 -0.124301
33.04 -0.125371
33.05 -0.12619
33.06 -0.126782
33.07 -0.127168
33.08 -0.127371
33.09 -0.127411
33.1 -0.127305
33.11 -0.127063
33.12 -0.1267
33.13 -0.126232
33.14 -0.125667
33.15 -0.125013
33.16 -0.124271
33.17 -0.123444
33.18 -0.122532
33.19 -0.121528
33.2 -0.120431
33.21 -0.11924
33.22 -0.117948
33.23 -0.116551
33.24 -0.115039
33.25 -0.113405
33.26 -0.11164
33.27 -0.109723
33.28 -0.107649
33.29 -0.105412
33.3 -0.102998
33.31 -0.100396
33.32 -0.0975935
33.33 -0.0945778
33.34 -0.0913363
33.35 -0.087834
33.36 -0.084077
33.37 -0.0800573
33.38 -0.0757659
33.39 -0.0711954
33.4 -0.0663409
33.41 -0.0612
33.42 -0.0557733
33.43 -0.0500381
33.44 -0.0440322
33.45 -0.0377692
33.46 -0.0312672
33.47 -0.0245487
33.48 -0.0176405
33.49 -0.0105742
33.5 -0.003384
33.51 0.00389268
33.52 0.0112027
33.53 0.0185008
33.54 0.0257404
33.55 0.0328742
33.56 0.0398551
33.57 0.0466372
33.58 0.0531699
33.59 0.0593936
33.6 0.0652919
33.61 0.0708346
33.62 0.075997
33.63 0.0807604
33.64 0.0851131
33.65 0.0890498
33.66 0.0925571
33.67 0.0956335
33.68 0.0983211
33.69 0.100641
33.7 0.102617
33.71 0.10428
33.72 0.105659
33.73 0.106787
33.74 0.107686
33.75 0.108392
33.76 0.108942
33.77 0.10936
33.78 0.109666
33.79 0.109871
33.8 0.109983
33.81 0.110002
33.82 0.109913
33.83 0.109704
33.84 0.109357
33.85 0.108845
33.86 0.108137
33.87 0.107199
33.88 0.105994
33.89 0.104485
33.9 0.102609
33.91 0.100345
33.92 0.0976761
33.93 0.0945803
33.94 0.0910447
33.95 0.087065
33.96 0.0826469
33.97 0.0778068
33.98 0.0725421
33.99 0.066924
34 0.0610111
34.01 0.054866
34.02 0.04856
34.03 0.0421724
34.04 0.0357883
34.05 0.0294973
34.06 0.0234177
34.07 0.017632
34.08 0.0122275
34.09 0.0072875
34.1 0.0028877
34.11 -0.000905481
34.12 -0.00403678
34.13 -0.00645853
34.14 -0.00807674
34.15 -0.00894846
34.16 -0.00907904
34.17 -0.00848904
34.18 -0.00721381
34.19 -0.00530254
34.2 -0.00281701
34.21 0.000177849
34.22 0.0036167
34.23 0.00736939
34.24 0.0113422
34.25 0.0154403
34.26 0.01957
34.27 0.0236413
34.28 0.0275705
34.29 0.0312731
34.3 0.034666
34.31 0.0377148
34.32 0.0403822
34.33 0.0426448
34.34 0.0444934
34.35 0.0459328
34.36 0.046981
34.37 0.0476553
34.38 0.047999
34.39 0.0480859
34.4 0.0479761
34.41 0.0477338
34.42 0.047426
34.43 0.0471192
34.44 0.0468779
34.45 0.0467716
34.46 0.0468583
34.47 0.0471742
34.48 0.0477511
34.49 0.0486097
34.5 0.0497586
34.51 0.0511944
34.52 0.0529014
34.53 0.0548659
34.54 0.0570365
34.55 0.0593555
34.56 0.0617667
34.57 0.0642081
34.58 0.0666148
34.59 0.0689203
34.6 0.0710594
34.61 0.0729473
34.62 0.0745347
34.63 0.0757789
34.64 0.0766407
34.65 0.077091
34.66 0.0771119
34.67 0.0766968
34.68 0.0758508
34.69 0.0745555
34.7 0.0728754
34.71 0.0708544
34.72 0.0685398
34.73 0.0659855
34.74 0.0632504
34.75 0.0603959
34.76 0.0574843
34.77 0.0545832
34.78 0.0517541
34.79 0.0490485
34.8 0.0465107
34.81 0.044177
34.82 0.042074
34.83 0.0402185
34.84 0.0386196
34.85 0.0372899
34.86 0.0361895
34.87 0.0352916
34.88 0.0345607
34.89 0.033954
34.9 0.0334229
34.91 0.0329142
34.92 0.0323699
34.93 0.0317222
34.94 0.0309189
34.95 0.0299078
34.96 0.0286406
34.97 0.0270753
34.98 0.0251763
34.99 0.0229159
35 0.0202601
35.01 0.0171874
35.02 0.0137226
35.03 0.00987429
35.04 0.00565908
35.05 0.00110082
35.06 -0.00377025
35.07 -0.00891856
35.08 -0.0143137
35.09 -0.0199072
35.1 -0.0256421
35.11 -0.0314727
35.12 -0.0373544
35.13 -0.0432437
35.14 -0.0490998
35.15 -0.0548845
35.16 -0.0605549
35.17 -0.0660789
35.18 -0.0714347
35.19 -0.0765997
35.2 -0.0815546
35.21 -0.0862831
35.22 -0.0907715
35.23 -0.0950079
35.24 -0.0989622
35.25 -0.102635
35.26 -0.106026
35.27 -0.109124
35.28 -0.11192
35.29 -0.114402
35.3 -0.116561
35.31 -0.118382
35.32 -0.119823
35.33 -0.120893
35.34 -0.121586
35.35 -0.12189
35.36 -0.121796
35.37 -0.121296
35.38 -0.120386
35.39 -0.119065
35.4 -0.117298
35.41 -0.115133
35.42 -0.112587
35.43 -0.10968
35.44 -0.106438
35.45 -0.10289
35.46 -0.0990729
35.47 -0.095024
35.48 -0.090775
35.49 -0.0863924
35.5 -0.0819231
35.51 -0.077414
35.52 -0.0729107
35.53 -0.0684564
35.54 -0.0640912
35.55 -0.0598533
35.56 -0.055785
35.57 -0.0518975
35.58 -0.0482059
35.59 -0.0447181
35.6 -0.0414348
35.61 -0.0383496
35.62 -0.0354496
35.63 -0.0327203
35.64 -0.0301402
35.65 -0.0276693
35.66 -0.0252772
35.67 -0.0229324
35.68 -0.0206042
35.69 -0.0182639
35.7 -0.0158863
35.71 -0.0134476
35.72 -0.0109314
35.73 -0.00833527
35.74 -0.00566117
35.75 -0.00291915
35.76 -0.000127421
35.77 0.00268781
35.78 0.00549287
35.79 0.008242
35.8 0.010883
35.81 0.0133675
35.82 0.0156421
35.83 0.0176529
35.84 0.019347
35.85 0.0206743
35.86 0.0215896
35.87 0.0220209
35.88 0.0219496
35.89 0.0213711
35.9 0.0202754
35.91 0.0186636
35.92 0.0165478
35.93 0.0139512
35.94 0.0109075
35.95 0.00743293
35.96 0.00361004
35.97 -0.000490537
35.98 -0.00480144
35.99 -0.00925164
36 -0.0137684
36.01 -0.0182791
36.02 -0.0227136
36.03 -0.0269873
36.04 -0.0310472
36.05 -0.0348445
36.06 -0.0383382
36.07 -0.0414975
36.08 -0.0443023
36.09 -0.046744
36.1 -0.0488241
36.11 -0.0505242
36.12 -0.0519051
36.13 -0.0530006
36.14 -0.0538512
36.15 -0.0545029
36.16 -0.055005
36.17 -0.0554087
36.18 -0.0557645
36.19 -0.0561257
36.2 -0.0565384
36.21 -0.0570391
36.22 -0.0576566
36.23 -0.0584107
36.24 -0.0593119
36.25 -0.0603605
36.26 -0.0615493
36.27 -0.062861
36.28 -0.0642537
36.29 -0.0656876
36.3 -0.0671163
36.31 -0.0684876
36.32 -0.0697458
36.33 -0.0708333
36.34 -0.0716815
36.35 -0.0722205
36.36 -0.0724144
36.37 -0.0722181
36.38 -0.0715935
36.39 -0.0705111
36.4 -0.0689507
36.41 -0.0669021
36.42 -0.0643415
36.43 -0.061281
36.44 -0.0577681
36.45 -0.0538339
36.46 -0.0495176
36.47 -0.0448647
36.48 -0.0399259
36.49 -0.0347555
36.5 -0.0294023
36.51 -0.0239331
36.52 -0.0184087
36.53 -0.0128795
36.54 -0.00739128
36.55 -0.00198378
36.56 0.00331008
36.57 0.00846486
36.58 0.0134507
36.59 0.0182651
36.6 0.022912
36.61 0.0273981
36.62 0.0317357
36.63 0.0359424
36.64 0.0400393
36.65 0.0440502
36.66 0.0479966
36.67 0.0519091
36.68 0.0558104
36.69 0.0597191
36.7 0.063649
36.71 0.0676088
36.72 0.0716009
36.73 0.0756216
36.74 0.0796603
36.75 0.0836956
36.76 0.0877029
36.77 0.0916521
36.78 0.0955084
36.79 0.099234
36.8 0.102788
36.81 0.106128
36.82 0.109187
36.83 0.111945
36.84 0.114369
36.85 0.116425
36.86 0.118089
36.87 0.119339
36.88 0.120163
36.89 0.120544
36.9 0.120459
36.91 0.11995
36.92 0.119032
36.93 0.117726
36.94 0.116058
36.95 0.114056
36.96 0.111752
36.97 0.109172
36.98 0.106345
36.99 0.103321
37 0.10013
37.01 0.0968007
37.02 0.0933557
37.03 0.0898145
37.04 0.0861915
37.05 0.0824938
37.06 0.0787256
37.07 0.074891
37.08 0.0709861
37.09 0.0670043
37.1 0.0629372
37.11 0.0587751
37.12 0.0545086
37.13 0.050123
37.14 0.0456132
37.15 0.0409826
37.16 0.0362338
37.17 0.0313746
37.18 0.026418
37.19 0.0213831
37.2 0.0162946
37.21 0.0111838
37.22 0.00609184
37.23 0.0010606
37.24 -0.00386545
37.25 -0.00863944
37.26 -0.0132133
37.27 -0.0175392
37.28 -0.0215705
37.29 -0.0252331
37.3 -0.0285034
37.31 -0.0313555
37.32 -0.0337623
37.33 -0.035704
37.34 -0.0371681
37.35 -0.0381504
37.36 -0.0386542
37.37 -0.0386499
37.38 -0.0381971
37.39 -0.0373271
37.4 -0.0360718
37.41 -0.0344675
37.42 -0.0325537
37.43 -0.0303712
37.44 -0.0279612
37.45 -0.0253501
37.46 -0.022597
37.47 -0.0197357
37.48 -0.0167953
37.49 -0.0137997
37.5 -0.0107668
37.51 -0.00770833
37.52 -0.0046298
37.53 -0.00152892
37.54 0.00159938
37.55 0.00476623
37.56 0.00798609
37.57 0.0112757
37.58 0.0146528
37.59 0.0181347
37.6 0.0217407
37.61 0.0254914
37.62 0.0293849
37.63 0.0334235
37.64 0.037603
37.65 0.0419126
37.66 0.0463345
37.67 0.0508435
37.68 0.0554082
37.69 0.059985
37.7 0.0645254
37.71 0.0689796
37.72 0.0732949
37.73 0.0774167
37.74 0.0812902
37.75 0.0848618
37.76 0.0880608
37.77 0.0908344
37.78 0.0931617
37.79 0.0950106
37.8 0.0963567
37.81 0.0971844
37.82 0.0974869
37.83 0.0972664
37.84 0.0965038
37.85 0.0952334
37.86 0.093504
37.87 0.0913503
37.88 0.0888119
37.89 0.0859315
37.9 0.0827541
37.91 0.0793245
37.92 0.0756742
37.93 0.0718577
37.94 0.0679161
37.95 0.0638789
37.96 0.0597697
37.97 0.0556045
37.98 0.0513921
37.99 0.047134
38 0.0428191
38.01 0.0384368
38.02 0.0339691
38.03 0.0293936
38.04 0.0246851
38.05 0.0198174
38.06 0.0147655
38.07 0.00950627
38.08 0.00399767
38.09 -0.00175201
38.1 -0.00774608
38.11 -0.0139801
38.12 -0.0204404
38.13 -0.0271035
38.14 -0.033936
38.15 -0.0408953
38.16 -0.047929
38.17 -0.0549637
38.18 -0.0619305
38.19 -0.0687553
38.2 -0.0753612
38.21 -0.08167
38.22 -0.0876044
38.23 -0.0930796
38.24 -0.0979884
38.25 -0.102309
38.26 -0.10599
38.27 -0.108994
38.28 -0.111294
38.29 -0.112876
38.3 -0.113741
38.31 -0.11388
38.32 -0.113299
38.33 -0.112091
38.34 -0.110308
38.35 -0.108014
38.36 -0.105277
38.37 -0.102175
38.38 -0.0987869
38.39 -0.0951865
38.4 -0.0914612
38.41 -0.0876958
38.42 -0.0839577
38.43 -0.0803059
38.44 -0.07679
38.45 -0.0734486
38.46 -0.0703086
38.47 -0.067397
38.48 -0.064713
38.49 -0.062235
38.5 -0.0599409
38.51 -0.0577997
38.52 -0.0557725
38.53 -0.0538153
38.54 -0.0518803
38.55 -0.0499134
38.56 -0.0478625
38.57 -0.0456851
38.58 -0.0433436
38.59 -0.0408084
38.6 -0.0380588
38.61 -0.0350851
38.62 -0.0318887
38.63 -0.0284682
38.64 -0.0248659
38.65 -0.0211257
38.66 -0.0172975
38.67 -0.0134399
38.68 -0.00961931
38.69 -0.00590705
38.7 -0.00237781
38.71 0.000862332
38.72 0.00375488
38.73 0.00623406
38.74 0.00823865
38.75 0.0097166
38.76 0.0106268
38.77 0.0109406
38.78 0.0106413
38.79 0.00967107
38.8 0.00810798
38.81 0.00598396
38.82 0.00334452
38.83 0.000247544
38.84 -0.00323828
38.85 -0.00703536
38.86 -0.0110613
38.87 -0.0152275
38.88 -0.0194251
38.89 -0.0235656
38.9 -0.0275644
38.91 -0.0313437
38.92 -0.0348343
38.93 -0.0379779
38.94 -0.040717
38.95 -0.0429967
38.96 -0.0448324
38.97 -0.0462243
38.98 -0.0471872
38.99 -0.0477494
39 -0.047952
39.01 -0.0478472
39.02 -0.0474897
39.03 -0.0469532
39.04 -0.0463267
39.05 -0.0456859
39.06 -0.0451056
39.07 -0.0446571
39.08 -0.0444061
39.09 -0.0444105
39.1 -0.0447356
39.11 -0.0454214
39.12 -0.046473
39.13 -0.0478976
39.14 -0.0496889
39.15 -0.0518267
39.16 -0.0542779
39.17 -0.0569976
39.18 -0.059939
39.19 -0.0630232
39.2 -0.0661688
39.21 -0.0692983
39.22 -0.0723322
39.23 -0.0751909
39.24 -0.0777977
39.25 -0.0800804
39.26 -0.0819401
39.27 -0.0833337
39.28 -0.0842277
39.29 -0.0845895
39.3 -0.0843984
39.31 -0.0836466
39.32 -0.0823388
39.33 -0.0804917
39.34 -0.078093
39.35 -0.0752233
39.36 -0.0719401
39.37 -0.0683002
39.38 -0.0643659
39.39 -0.0602029
39.4 -0.0558783
39.41 -0.051459
39.42 -0.0470124
39.43 -0.0426063
39.44 -0.038294
39.45 -0.0341218
39.46 -0.0301277
39.47 -0.0263406
39.48 -0.0227805
39.49 -0.0194596
39.5 -0.016398
39.51 -0.0135635
39.52 -0.0109384
39.53 -0.00849761
39.54 -0.00621061
39.55 -0.00404227
39.56 -0.00195442
39.57 9.27462e-05
39.58 0.00214359
39.59 0.00423895
39.6 0.00641392
39.61 0.00869945
39.62 0.0111213
39.63 0.0136993
39.64 0.0164465
39.65 0.0193746
39.66 0.0224876
39.67 0.025763
39.68 0.0291837
39.69 0.0327259
39.7 0.0363602
39.71 0.0400521
39.72 0.0437629
39.73 0.0474479
39.74 0.0510566
39.75 0.054546
39.76 0.057872
39.77 0.0609921
39.78 0.0638663
39.79 0.0664583
39.8 0.068736
39.81 0.0706518
39.82 0.0721868
39.83 0.0733426
39.84 0.0741122
39.85 0.074495
39.86 0.0744973
39.87 0.0741316
39.88 0.0734169
39.89 0.0723577
39.9 0.0710003
39.91 0.0693911
39.92 0.0675702
39.93 0.0655811
39.94 0.0634698
39.95 0.061284
39.96 0.0590725
39.97 0.0568901
39.98 0.0547885
39.99 0.0528136
40 0.0510093
40.01 0.0494166
40.02 0.0480727
40.03 0.0470104
40.04 0.0462578
40.05 0.0458696
40.06 0.0458355
40.07 0.0461616
40.08 0.0468511
40.09 0.0479004
40.1 0.0492998
40.11 0.0510335
40.12 0.0530804
40.13 0.0554368
40.14 0.0580385
40.15 0.0608474
40.16 0.0638217
40.17 0.0669165
40.18 0.0700848
40.19 0.0732784
40.2 0.0764477
40.21 0.0795346
40.22 0.0824959
40.23 0.0852888
40.24 0.0878736
40.25 0.0902153
40.26 0.0922839
40.27 0.094055
40.28 0.0955012
40.29 0.0965946
40.3 0.0973551
40.31 0.0977853
40.32 0.0978943
40.33 0.0976971
40.34 0.097214
40.35 0.0964703
40.36 0.0954873
40.37 0.0942973
40.38 0.0929491
40.39 0.0914785
40.4 0.0899211
40.41 0.0883113
40.42 0.0866814
40.43 0.0850609
40.44 0.0834783
40.45 0.0819571
40.46 0.0805102
40.47 0.0791473
40.48 0.0778726
40.49 0.0766846
40.5 0.075577
40.51 0.0745382
40.52 0.0735548
40.53 0.0726033
40.54 0.071659
40.55 0.0706977
40.56 0.0696942
40.57 0.0686237
40.58 0.0674625
40.59 0.066189
40.6 0.0647737
40.61 0.0632068
40.62 0.0614823
40.63 0.0595953
40.64 0.0575461
40.65 0.0553399
40.66 0.0529869
40.67 0.050502
40.68 0.0478965
40.69 0.0452038
40.7 0.0424517
40.71 0.0396679
40.72 0.0368812
40.73 0.0341201
40.74 0.0314122
40.75 0.0287831
40.76 0.0262674
40.77 0.0238754
40.78 0.0216208
40.79 0.0195124
40.8 0.0175542
40.81 0.0157449
40.82 0.0140781
40.83 0.0125433
40.84 0.011132
40.85 0.00981169
40.86 0.00855831
40.87 0.00734568
40.88 0.0061461
40.89 0.00493131
40.9 0.00367338
40.91 0.0023435
40.92 0.000908859
40.93 -0.000645812
40.94 -0.00233822
40.95 -0.00418214
40.96 -0.00618711
40.97 -0.00835834
40.98 -0.0106967
40.99 -0.0132041
41 -0.0158775
41.01 -0.0186946
41.02 -0.0216414
41.03 -0.0247022
41.04 -0.0278598
41.05 -0.0310964
41.06 -0.0343944
41.07 -0.0377384
41.08 -0.0411114
41.09 -0.0444981
41.1 -0.0478877
41.11 -0.0512722
41.12 -0.0546459
41.13 -0.0580056
41.14 -0.0613504
41.15 -0.0646806
41.16 -0.067999
41.17 -0.0713091
41.18 -0.0746138
41.19 -0.077915
41.2 -0.0812131
41.21 -0.0845061
41.22 -0.0877892
41.23 -0.0910518
41.24 -0.0942802
41.25 -0.0974577
41.26 -0.100562
41.27 -0.103568
41.28 -0.106445
41.29 -0.109161
41.3 -0.111679
41.31 -0.113939
41.32 -0.115914
41.33 -0.117569
41.34 -0.118868
41.35 -0.119777
41.36 -0.120265
41.37 -0.120307
41.38 -0.119885
41.39 -0.118939
41.4 -0.117506
41.41 -0.115595
41.42 -0.113217
41.43 -0.110395
41.44 -0.107155
41.45 -0.103535
41.46 -0.0995745
41.47 -0.0953
41.48 -0.0907966
41.49 -0.08612
41.5 -0.0813272
41.51 -0.0764749
41.52 -0.0716185
41.53 -0.0668102
41.54 -0.0620999
41.55 -0.0575436
41.56 -0.0531666
41.57 -0.0489952
41.58 -0.0450481
41.59 -0.0413356
41.6 -0.0378599
41.61 -0.0346155
41.62 -0.031595
41.63 -0.0287854
41.64 -0.0261453
41.65 -0.0236454
41.66 -0.0212539
41.67 -0.0189384
41.68 -0.0166671
41.69 -0.0144103
41.7 -0.0121404
41.71 -0.00983346
41.72 -0.0074765
41.73 -0.00506283
41.74 -0.00259325
41.75 -7.6495e-05
41.76 0.0024708
41.77 0.00502437
41.78 0.00754951
41.79 0.0100027
41.8 0.0123415
41.81 0.0145185
41.82 0.0164841
41.83 0.0181883
41.84 0.0195822
41.85 0.0206197
41.86 0.0212312
41.87 0.0213878
41.88 0.0210777
41.89 0.0202825
41.9 0.0189932
41.91 0.0172105
41.92 0.0149452
41.93 0.0122179
41.94 0.0090296
41.95 0.00544661
41.96 0.00152919
41.97 -0.00266695
41.98 -0.00708093
41.99 -0.0116483
42 -0.0163024
42.01 -0.0209766
42.02 -0.0255958
42.03 -0.0300952
42.04 -0.0344185
42.05 -0.0385149
42.06 -0.0423402
42.07 -0.0458582
42.08 -0.0490408
42.09 -0.0518687
42.1 -0.0542944
42.11 -0.0563521
42.12 -0.0580492
42.13 -0.0593994
42.14 -0.060422
42.15 -0.0611406
42.16 -0.0615823
42.17 -0.0617742
42.18 -0.0617315
42.19 -0.0615053
42.2 -0.0611224
42.21 -0.0606068
42.22 -0.0599785
42.23 -0.0592532
42.24 -0.0584416
42.25 -0.0575478
42.26 -0.0565677
42.27 -0.0555027
42.28 -0.054344
42.29 -0.0530793
42.3 -0.0516943
42.31 -0.050173
42.32 -0.0484992
42.33 -0.046651
42.34 -0.044607
42.35 -0.0423685
42.36 -0.0399289
42.37 -0.0372861
42.38 -0.0344433
42.39 -0.0314086
42.4 -0.0281958
42.41 -0.0248178
42.42 -0.021301
42.43 -0.0176837
42.44 -0.0139987
42.45 -0.0102815
42.46 -0.00656906
42.47 -0.00289885
42.48 0.000692403
42.49 0.00416132
42.5 0.00747402
42.51 0.0106088
42.52 0.013544
42.53 0.0162633
42.54 0.0187569
42.55 0.0210211
42.56 0.0230589
42.57 0.0248651
42.58 0.0264656
42.59 0.0278883
42.6 0.0291584
42.61 0.0303042
42.62 0.0313562
42.63 0.0323454
42.64 0.0333024
42.65 0.0342584
42.66 0.035242
42.67 0.0362747
42.68 0.0373732
42.69 0.0385487
42.7 0.0398064
42.71 0.0411454
42.72 0.0425587
42.73 0.0440374
42.74 0.0455553
42.75 0.047088
42.76 0.0486078
42.77 0.0500845
42.78 0.0514865
42.79 0.0527822
42.8 0.0539402
42.81 0.0549144
42.82 0.0556949
42.83 0.0562627
42.84 0.0566046
42.85 0.0567135
42.86 0.056589
42.87 0.0562378
42.88 0.0556701
42.89 0.0548955
42.9 0.0539593
42.91 0.0528939
42.92 0.0517359
42.93 0.0505247
42.94 0.0493013
42.95 0.0481073
42.96 0.0469863
42.97 0.0459856
42.98 0.0451333
42.99 0.0444579
43 0.0439822
43.01 0.0437221
43.02 0.0436865
43.03 0.0438764
43.04 0.0442939
43.05 0.0449266
43.06 0.0457388
43.07 0.0467019
43.08 0.0477821
43.09 0.0489414
43.1 0.0501388
43.11 0.0513316
43.12 0.052472
43.13 0.0535125
43.14 0.0544164
43.15 0.0551484
43.16 0.0556776
43.17 0.055979
43.18 0.0560336
43.19 0.0558294
43.2 0.0553445
43.21 0.0545891
43.22 0.0535835
43.23 0.0523443
43.24 0.0508939
43.25 0.0492595
43.26 0.0474721
43.27 0.045566
43.28 0.0435735
43.29 0.0415397
43.3 0.0395026
43.31 0.0374969
43.32 0.0355549
43.33 0.0337054
43.34 0.0319737
43.35 0.0303804
43.36 0.0289566
43.37 0.0277022
43.38 0.0266207
43.39 0.0257132
43.4 0.0249765
43.41 0.0244038
43.42 0.0239852
43.43 0.0237082
43.44 0.0235695
43.45 0.0235393
43.46 0.0236012
43.47 0.0237386
43.48 0.0239357
43.49 0.0241773
43.5 0.0244494
43.51 0.0247394
43.52 0.0250351
43.53 0.0253252
43.54 0.0256009
43.55 0.0258539
43.56 0.0260768
43.57 0.0262622
43.58 0.0264024
43.59 0.0264883
43.6 0.0265066
43.61 0.026452
43.62 0.0263139
43.63 0.0260807
43.64 0.0257404
43.65 0.0252802
43.66 0.0246873
43.67 0.023944
43.68 0.0230328
43.69 0.0219542
43.7 0.0207016
43.71 0.0192718
43.72 0.0176653
43.73 0.0158872
43.74 0.0139477
43.75 0.0118569
43.76 0.00963893
43.77 0.00733034
43.78 0.00496561
43.79 0.00258446
43.8 0.000231312
43.81 -0.00204549
43.82 -0.00419467
43.83 -0.0061494
43.84 -0.00785217
43.85 -0.00925897
43.86 -0.0103206
43.87 -0.0109923
43.88 -0.011235
43.89 -0.0110171
43.9 -0.0103152
43.91 -0.00908062
43.92 -0.00733104
43.93 -0.00509267
43.94 -0.00238774
43.95 0.000750144
43.96 0.00427637
43.97 0.00813599
43.98 0.0122647
43.99 0.0165998
44 0.0210409
44.01 0.0255001
44.02 0.0298905
44.03 0.0341251
44.04 0.0381187
44.05 0.0417899
44.06 0.0450635
44.07 0.0478223
44.08 0.0500452
44.09 0.0516911
44.1 0.0527277
44.11 0.0531356
44.12 0.0529088
44.13 0.0520543
44.14 0.0505894
44.15 0.0484982
44.16 0.0458849
44.17 0.0428047
44.18 0.0393206
44.19 0.0355014
44.2 0.03142
44.21 0.0271507
44.22 0.0227674
44.23 0.018347
44.24 0.0139646
44.25 0.00968047
44.26 0.00554722
44.27 0.0016085
44.28 -0.00210175
44.29 -0.00555982
44.3 -0.00874473
44.31 -0.0116426
44.32 -0.014282
44.33 -0.0166807
44.34 -0.0188644
44.35 -0.0208646
44.36 -0.0227181
44.37 -0.0244644
44.38 -0.0261438
44.39 -0.0278019
44.4 -0.0294806
44.41 -0.0312144
44.42 -0.0330327
44.43 -0.0349588
44.44 -0.0370089
44.45 -0.0391916
44.46 -0.0415142
44.47 -0.0439668
44.48 -0.0465262
44.49 -0.0491688
44.5 -0.051865
44.51 -0.0545802
44.52 -0.0572759
44.53 -0.0599113
44.54 -0.0624351
44.55 -0.0648039
44.56 -0.0669825
44.57 -0.0689354
44.58 -0.0706313
44.59 -0.0720449
44.6 -0.0731568
44.61 -0.0739545
44.62 -0.0744084
44.63 -0.0745384
44.64 -0.0743628
44.65 -0.0738986
44.66 -0.0731687
44.67 -0.0722008
44.68 -0.0710265
44.69 -0.0696803
44.7 -0.0681899
44.71 -0.0666057
44.72 -0.0649654
44.73 -0.0633029
44.74 -0.0616493
44.75 -0.0600319
44.76 -0.0584741
44.77 -0.056994
44.78 -0.0556151
44.79 -0.0543362
44.8 -0.0531594
44.81 -0.0520821
44.82 -0.0510977
44.83 -0.0501962
44.84 -0.0493647
44.85 -0.0485891
44.86 -0.0478548
44.87 -0.0471411
44.88 -0.0464324
44.89 -0.045715
44.9 -0.0449769
44.91 -0.0442087
44.92 -0.0434039
44.93 -0.0425581
44.94 -0.0416692
44.95 -0.0407437
44.96 -0.0397879
44.97 -0.0388107
44.98 -0.0378224
44.99 -0.0368353
45 -0.0358622
45.01 -0.0349176
45.02 -0.0340171
45.03 -0.0331706
45.04 -0.0323881
45.05 -0.0316781
45.06 -0.031047
45.07 -0.0304987
45.08 -0.0300352
45.09 -0.0296602
45.1 -0.0293716
45.11 -0.0291607
45.12 -0.0290224
45.13 -0.0289511
45.14 -0.0289409
45.15 -0.0289865
45.16 -0.0290835
45.17 -0.0292316
45.18 -0.0294288
45.19 -0.0296744
45.2 -0.0299715
45.21 -0.0303258
45.22 -0.0307446
45.23 -0.031237
45.24 -0.0318132
45.25 -0.0324916
45.26 -0.0332805
45.27 -0.0341868
45.28 -0.0352184
45.29 -0.0363808
45.3 -0.0376762
45.31 -0.0391027
45.32 -0.0406538
45.33 -0.0423258
45.34 -0.0440918
45.35 -0.0459259
45.36 -0.0477987
45.37 -0.0496761
45.38 -0.0515193
45.39 -0.0532858
45.4 -0.0549305
45.41 -0.0563862
45.42 -0.0576164
45.43 -0.0585767
45.44 -0.0592243
45.45 -0.0595204
45.46 -0.0594321
45.47 -0.0589329
45.48 -0.0580021
45.49 -0.05659
45.5 -0.0547403
45.51 -0.0524651
45.52 -0.0497862
45.53 -0.0467353
45.54 -0.0433531
45.55 -0.0396885
45.56 -0.0357947
45.57 -0.0317301
45.58 -0.0275795
45.59 -0.0234113
45.6 -0.0192941
45.61 -0.0152945
45.62 -0.0114752
45.63 -0.00789363
45.64 -0.0046093
45.65 -0.00168142
45.66 0.000882566
45.67 0.00306499
45.68 0.00485972
45.69 0.0062723
45.7 0.00731975
45.71 0.00803
45.72 0.00843072
45.73 0.00857103
45.74 0.00852414
45.75 0.00835073
45.76 0.0081146
45.77 0.00788069
45.78 0.00771296
45.79 0.00767247
45.8 0.00782784
45.81 0.00823322
45.82 0.00891847
45.83 0.00991291
45.84 0.0112353
45.85 0.0128933
45.86 0.0148834
45.87 0.0171912
45.88 0.0198087
45.89 0.0226878
45.9 0.0257741
45.91 0.0290172
45.92 0.0323628
45.93 0.0357539
45.94 0.0391332
45.95 0.0424449
45.96 0.0456237
45.97 0.0486252
45.98 0.0514141
45.99 0.0539612
46 0.0562462
46.01 0.0582596
46.02 0.0600018
46.03 0.0614838
46.04 0.0627077
46.05 0.0637259
46.06 0.0645807
46.07 0.0653174
46.08 0.0659856
46.09 0.0666374
46.1 0.0673255
46.11 0.0681008
46.12 0.069029
46.13 0.0701414
46.14 0.0714713
46.15 0.0730437
46.16 0.0748739
46.17 0.076967
46.18 0.0793171
46.19 0.0819103
46.2 0.0847327
46.21 0.0877246
46.22 0.0908395
46.23 0.0940243
46.24 0.0972208
46.25 0.100368
46.26 0.103403
46.27 0.106259
46.28 0.108858
46.29 0.111162
46.3 0.113124
46.31 0.114708
46.32 0.115885
46.33 0.116636
46.34 0.116955
46.35 0.116831
46.36 0.116268
46.37 0.115321
46.38 0.114026
46.39 0.112424
46.4 0.110566
46.41 0.108503
46.42 0.106291
46.43 0.103983
46.44 0.10164
46.45 0.0993159
46.46 0.0970541
46.47 0.0948909
46.48 0.0928543
46.49 0.0909631
46.5 0.0892261
46.51 0.0876502
46.52 0.0862184
46.53 0.0849008
46.54 0.0836654
46.55 0.0824727
46.56 0.0812772
46.57 0.0800286
46.58 0.0786743
46.59 0.0771452
46.6 0.0753896
46.61 0.0733635
46.62 0.071023
46.63 0.0683307
46.64 0.0652569
46.65 0.0617808
46.66 0.0578913
46.67 0.0535535
46.68 0.0488062
46.69 0.0436783
46.7 0.0382008
46.71 0.032413
46.72 0.0263618
46.73 0.0200999
46.74 0.0136852
46.75 0.00717562
46.76 0.000647371
46.77 -0.00583688
46.78 -0.0122169
46.79 -0.0184356
46.8 -0.0244405
46.81 -0.0301844
46.82 -0.0356243
46.83 -0.040693
46.84 -0.0453944
46.85 -0.0497098
46.86 -0.0536275
46.87 -0.0571416
46.88 -0.060252
46.89 -0.0629631
46.9 -0.0652764
46.91 -0.0671796
46.92 -0.0687182
46.93 -0.069906
46.94 -0.0707564
46.95 -0.0712819
46.96 -0.0714934
46.97 -0.0713997
46.98 -0.0709987
46.99 -0.0702827
47 -0.0692749
47.01 -0.0679756
47.02 -0.0663839
47.03 -0.064499
47.04 -0.0623201
47.05 -0.0598482
47.06 -0.0570745
47.07 -0.0540014
47.08 -0.0506571
47.09 -0.0470576
47.1 -0.0432239
47.11 -0.0391824
47.12 -0.0349651
47.13 -0.0306095
47.14 -0.0261556
47.15 -0.0216578
47.16 -0.0171717
47.17 -0.0127508
47.18 -0.00845005
47.19 -0.00432396
47.2 -0.000425564
47.21 0.00319507
47.22 0.00646828
47.23 0.00935978
47.24 0.0118499
47.25 0.0139152
47.26 0.015541
47.27 0.0167216
47.28 0.017461
47.29 0.0177719
47.3 0.017647
47.31 0.0171423
47.32 0.016306
47.33 0.015182
47.34 0.0138182
47.35 0.0122651
47.36 0.010574
47.37 0.00879505
47.38 0.00697598
47.39 0.00516625
47.4 0.00340187
47.41 0.00171103
47.42 0.000113508
47.43 -0.00138001
47.44 -0.00276825
47.45 -0.00405942
47.46 -0.00526549
47.47 -0.00642397
47.48 -0.00756999
47.49 -0.00874456
47.5 -0.00999306
47.51 -0.0113634
47.52 -0.0129044
47.53 -0.0146667
47.54 -0.0167191
47.55 -0.0190793
47.56 -0.0217778
47.57 -0.0248364
47.58 -0.0282669
47.59 -0.0320702
47.6 -0.0362359
47.61 -0.0407491
47.62 -0.0455871
47.63 -0.0506765
47.64 -0.0559602
47.65 -0.0613726
47.66 -0.0668412
47.67 -0.0722884
47.68 -0.0776338
47.69 -0.0827863
47.7 -0.0876484
47.71 -0.0921577
47.72 -0.0962452
47.73 -0.09985
47.74 -0.102921
47.75 -0.105418
47.76 -0.107314
47.77 -0.108563
47.78 -0.109163
47.79 -0.109161
47.8 -0.108584
47.81 -0.107471
47.82 -0.105871
47.83 -0.103841
47.84 -0.101446
47.85 -0.0987424
47.86 -0.095817
47.87 -0.0927546
47.88 -0.0896262
47.89 -0.0864986
47.9 -0.0834328
47.91 -0.0804823
47.92 -0.0776919
47.93 -0.0751123
47.94 -0.0727607
47.95 -0.070642
47.96 -0.0687559
47.97 -0.0670921
47.98 -0.0656306
47.99 -0.0643428
48 -0.063193
48.01 -0.0621443
48.02 -0.0611399
48.03 -0.0601308
48.04 -0.0590697
48.05 -0.0579112
48.06 -0.0566136
48.07 -0.0551402
48.08 -0.0534609
48.09 -0.0515296
48.1 -0.0493528
48.11 -0.0469282
48.12 -0.0442611
48.13 -0.0413655
48.14 -0.0382633
48.15 -0.0349841
48.16 -0.0315627
48.17 -0.0280358
48.18 -0.024461
48.19 -0.0208853
48.2 -0.0173556
48.21 -0.0139176
48.22 -0.0106141
48.23 -0.00748404
48.24 -0.00456524
48.25 -0.00190246
48.26 0.000503463
48.27 0.00264167
48.28 0.00450904
48.29 0.00611013
48.3 0.00745678
48.31 0.00856755
48.32 0.0094615
48.33 0.0101648
48.34 0.0107261
48.35 0.0111818
48.36 0.0115692
48.37 0.0119252
48.38 0.0122854
48.39 0.0126826
48.4 0.01315
48.41 0.0137165
48.42 0.0143959
48.43 0.0152008
48.44 0.0161377
48.45 0.0172072
48.46 0.0184042
48.47 0.0197186
48.48 0.0211399
48.49 0.0226456
48.5 0.0242087
48.51 0.025805
48.52 0.0274097
48.53 0.028998
48.54 0.0305465
48.55 0.0320337
48.56 0.0334349
48.57 0.0347363
48.58 0.0359307
48.59 0.0370129
48.6 0.0379817
48.61 0.0388406
48.62 0.0395976
48.63 0.040264
48.64 0.0408504
48.65 0.0413806
48.66 0.0418763
48.67 0.042358
48.68 0.0428466
48.69 0.0433621
48.7 0.0439228
48.71 0.044545
48.72 0.0452495
48.73 0.0460404
48.74 0.046922
48.75 0.047895
48.76 0.0489562
48.77 0.0500983
48.78 0.0513099
48.79 0.0525766
48.8 0.0538821
48.81 0.0552007
48.82 0.05651
48.83 0.0577867
48.84 0.0590074
48.85 0.0601491
48.86 0.06119
48.87 0.0621081
48.88 0.0628734
48.89 0.0634825
48.9 0.0639241
48.91 0.0641904
48.92 0.0642768
48.93 0.0641824
48.94 0.0639091
48.95 0.0634584
48.96 0.0628307
48.97 0.0620501
48.98 0.0611296
48.99 0.0600831
49 0.0589258
49.01 0.0576733
49.02 0.0563413
49.03 0.0549435
49.04 0.053495
49.05 0.0520136
49.06 0.0505121
49.07 0.0490019
49.08 0.0474935
49.09 0.0459961
49.1 0.0445178
49.11 0.0430676
49.12 0.041653
49.13 0.0402783
49.14 0.038949
49.15 0.0376704
49.16 0.0364477
49.17 0.0352861
49.18 0.0341909
49.19 0.0331721
49.2 0.0322341
49.21 0.0313789
49.22 0.0306112
49.23 0.0299347
49.24 0.0293525
49.25 0.028866
49.26 0.0284755
49.27 0.0281856
49.28 0.0279875
49.29 0.0278715
49.3 0.0278282
49.31 0.0278455
49.32 0.0279085
49.33 0.0280002
49.34 0.0281009
49.35 0.0281861
49.36 0.0282312
49.37 0.028212
49.38 0.0281041
49.39 0.027883
49.4 0.0275257
49.41 0.0270106
49.42 0.0263187
49.43 0.0254144
49.44 0.0243026
49.45 0.0229776
49.46 0.0214375
49.47 0.0196852
49.48 0.0177293
49.49 0.0155833
49.5 0.0132648
49.51 0.0107872
49.52 0.00819505
49.53 0.00552048
49.54 0.00279838
49.55 6.54837e-05
49.56 -0.00264056
49.57 -0.00528219
49.58 -0.00782033
49.59 -0.0102085
49.6 -0.0124251
49.61 -0.014444
49.62 -0.0162442
49.63 -0.01781
49.64 -0.019132
49.65 -0.0202073
49.66 -0.021032
49.67 -0.021609
49.68 -0.0219731
49.69 -0.0221474
49.7 -0.0221604
49.71 -0.0220446
49.72 -0.0218356
49.73 -0.0215715
49.74 -0.0212923
49.75 -0.0210427
49.76 -0.0208605
49.77 -0.0207807
49.78 -0.0208345
49.79 -0.0210485
49.8 -0.0214441
49.81 -0.0220367
49.82 -0.0228466
49.83 -0.0238733
49.84 -0.0251009
49.85 -0.026516
49.86 -0.0280991
49.87 -0.0298247
49.88 -0.0316621
49.89 -0.0335761
49.9 -0.0355278
49.91 -0.0374699
49.92 -0.0393587
49.93 -0.0411515
49.94 -0.0428069
49.95 -0.0442858
49.96 -0.045552
49.97 -0.0465733
49.98 -0.0472994
49.99 -0.0477219
50 -0.0478327
50.01 -0.0476231
50.02 -0.0470911
50.03 -0.0462405
50.04 -0.0450812
50.05 -0.0436286
50.06 -0.0418804
50.07 -0.039886
50.08 -0.0376773
50.09 -0.0352857
50.1 -0.0327443
50.11 -0.0300871
50.12 -0.0273479
50.13 -0.0245598
50.14 -0.0217553
50.15 -0.0189672
50.16 -0.0162209
50.17 -0.0135383
50.18 -0.0109375
50.19 -0.00843285
50.2 -0.00603434
50.21 -0.00374964
50.22 -0.0015895
50.23 0.000458186
50.24 0.00239862
50.25 0.00423963
50.26 0.0059912
50.27 0.00766486
50.28 0.00927315
50.29 0.0108281
50.3 0.0123419
50.31 0.0138303
50.32 0.0153039
50.33 0.0167715
50.34 0.0182401
50.35 0.0197141
50.36 0.0211954
50.37 0.0226835
50.38 0.0241745
50.39 0.0256612
50.4 0.0271349
50.41 0.0285842
50.42 0.0299961
50.43 0.031356
50.44 0.0326479
50.45 0.0338502
50.46 0.0349431
50.47 0.0359143
50.48 0.0367476
50.49 0.0374275
50.5 0.0379402
50.51 0.0382737
50.52 0.0384177
50.53 0.0383522
50.54 0.0380758
50.55 0.0375944
50.56 0.0369089
50.57 0.036023
50.58 0.034943
50.59 0.0336777
50.6 0.0322385
50.61 0.0306284
50.62 0.028872
50.63 0.0269912
50.64 0.0250043
50.65 0.0229307
50.66 0.02079
50.67 0.0186016
50.68 0.0163847
50.69 0.014158
50.7 0.0119406
50.71 0.00974758
50.72 0.00759185
50.73 0.00548422
50.74 0.00343312
50.75 0.00144454
50.76 -0.000478067
50.77 -0.00232732
50.78 -0.00411124
50.79 -0.00583413
50.8 -0.00750183
50.81 -0.00912164
50.82 -0.010702
50.83 -0.0122521
50.84 -0.0137811
50.85 -0.015298
50.86 -0.0168126
50.87 -0.0183316
50.88 -0.0198599
50.89 -0.0214003
50.9 -0.0229528
50.91 -0.024515
50.92 -0.0260813
50.93 -0.0276415
50.94 -0.0291834
50.95 -0.0306921
50.96 -0.0321504
50.97 -0.0335388
50.98 -0.0348368
50.99 -0.0360226
51 -0.0370694
51.01 -0.0379471
51.02 -0.0386458
51.03 -0.0391477
51.04 -0.0394385
51.05 -0.0395072
51.06 -0.0393472
51.07 -0.0389571
51.08 -0.0383308
51.09 -0.0374765
51.1 -0.0364235
51.11 -0.0351938
51.12 -0.0338147
51.13 -0.0323184
51.14 -0.0307415
51.15 -0.029124
51.16 -0.0275115
51.17 -0.0259542
51.18 -0.0244966
51.19 -0.0231823
51.2 -0.0220528
51.21 -0.0211459
51.22 -0.0204949
51.23 -0.0201273
51.24 -0.0200852
51.25 -0.0203725
51.26 -0.0209817
51.27 -0.0219076
51.28 -0.0231363
51.29 -0.0246454
51.3 -0.0264047
51.31 -0.0283763
51.32 -0.0305255
51.33 -0.0327872
51.34 -0.0351035
51.35 -0.0374179
51.36 -0.0396732
51.37 -0.0418132
51.38 -0.0437844
51.39 -0.0455374
51.4 -0.0470012
51.41 -0.0481582
51.42 -0.048985
51.43 -0.0494646
51.44 -0.0495899
51.45 -0.0493641
51.46 -0.0488006
51.47 -0.0479223
51.48 -0.0467384
51.49 -0.0453227
51.5 -0.043725
51.51 -0.0420005
51.52 -0.0402081
51.53 -0.0384087
51.54 -0.0366632
51.55 -0.0350332
51.56 -0.0335922
51.57 -0.0323778
51.58 -0.031431
51.59 -0.030784
51.6 -0.0304589
51.61 -0.0304673
51.62 -0.0308095
51.63 -0.0314821
51.64 -0.0324739
51.65 -0.0337253
51.66 -0.0351915
51.67 -0.0368196
51.68 -0.0385497
51.69 -0.0403172
51.7 -0.0420541
51.71 -0.0436851
51.72 -0.0451291
51.73 -0.0463289
51.74 -0.0472254
51.75 -0.0477664
51.76 -0.0479081
51.77 -0.0476163
51.78 -0.0468676
51.79 -0.0456261
51.8 -0.0438911
51.81 -0.0417001
51.82 -0.0390769
51.83 -0.0360549
51.84 -0.0326765
51.85 -0.0289915
51.86 -0.0250551
51.87 -0.020919
51.88 -0.0166567
51.89 -0.0123375
51.9 -0.008021
51.91 -0.00376334
51.92 0.000384557
51.93 0.00437825
51.94 0.00818083
51.95 0.0117462
51.96 0.0150637
51.97 0.0181311
51.98 0.0209484
51.99 0.0235239
52 0.0258731
52.01 0.028018
52.02 0.0299852
52.03 0.0317954
52.04 0.0334947
52.05 0.0351183
52.06 0.0366976
52.07 0.0382615
52.08 0.0398346
52.09 0.0414368
52.1 0.0430818
52.11 0.044782
52.12 0.0465323
52.13 0.0483248
52.14 0.0501457
52.15 0.0519753
52.16 0.0537895
52.17 0.0555604
52.18 0.057257
52.19 0.0588357
52.2 0.0602735
52.21 0.0615422
52.22 0.0626173
52.23 0.0634789
52.24 0.0641131
52.25 0.0645127
52.26 0.064673
52.27 0.0645893
52.28 0.0642973
52.29 0.0638207
52.3 0.0631896
52.31 0.0624392
52.32 0.0616089
52.33 0.0607409
52.34 0.0598802
52.35 0.0590765
52.36 0.0583689
52.37 0.0577934
52.38 0.05738
52.39 0.0571521
52.4 0.0571251
52.41 0.0573054
52.42 0.0576989
52.43 0.058293
52.44 0.0590525
52.45 0.0599452
52.46 0.0609314
52.47 0.0619653
52.48 0.0629961
52.49 0.0639702
52.5 0.0648231
52.51 0.0654952
52.52 0.0659416
52.53 0.0661174
52.54 0.0659846
52.55 0.0655136
52.56 0.0646848
52.57 0.0634894
52.58 0.0619063
52.59 0.0599653
52.6 0.0577069
52.61 0.05517
52.62 0.052403
52.63 0.0494622
52.64 0.0464104
52.65 0.0433144
52.66 0.0402513
52.67 0.0372955
52.68 0.0345118
52.69 0.0319604
52.7 0.029694
52.71 0.0277562
52.72 0.0261795
52.73 0.0249843
52.74 0.0242133
52.75 0.0238259
52.76 0.0237961
52.77 0.0240889
52.78 0.0246581
52.79 0.0254472
52.8 0.026392
52.81 0.0274218
52.82 0.028456
52.83 0.0294125
52.84 0.0302184
52.85 0.0308058
52.86 0.0311139
52.87 0.0310913
52.88 0.0306977
52.89 0.0299
52.9 0.0286548
52.91 0.0270019
52.92 0.0249608
52.93 0.022565
52.94 0.0198616
52.95 0.0169089
52.96 0.0137758
52.97 0.010538
52.98 0.00728639
52.99 0.00411224
53 0.00109917
53.01 -0.00167292
53.02 -0.00413052
53.03 -0.00620891
53.04 -0.00785436
53.05 -0.0090069
53.06 -0.0096258
53.07 -0.00973378
53.08 -0.00933883
53.09 -0.00846426
53.1 -0.00714798
53.11 -0.00544117
53.12 -0.00340663
53.13 -0.00110807
53.14 0.00136382
53.15 0.00391213
53.16 0.00645175
53.17 0.00889967
53.18 0.0111778
53.19 0.0132153
53.2 0.0149515
53.21 0.0163132
53.22 0.0172704
53.23 0.0178198
53.24 0.017959
53.25 0.017701
53.26 0.0170729
53.27 0.0161155
53.28 0.0148809
53.29 0.0134205
53.3 0.011822
53.31 0.0101657
53.32 0.00852691
53.33 0.00697939
53.34 0.005592
53.35 0.0044263
53.36 0.00353406
53.37 0.00298435
53.38 0.00278164
53.39 0.00292885
53.4 0.00341835
53.41 0.00422715
53.42 0.00531746
53.43 0.00663789
53.44 0.00812499
53.45 0.00970659
53.46 0.0112852
53.47 0.0127745
53.48 0.0140874
53.49 0.0151391
53.5 0.01585
53.51 0.0161483
53.52 0.0159685
53.53 0.0152148
53.54 0.0139025
53.55 0.0120186
53.56 0.00956692
53.57 0.00656838
53.58 0.00306056
53.59 -0.000903446
53.6 -0.00526281
53.61 -0.0099473
53.62 -0.0148363
53.63 -0.0198343
53.64 -0.024843
53.65 -0.0297651
53.66 -0.034507
53.67 -0.038982
53.68 -0.0431002
53.69 -0.0467759
53.7 -0.0499877
53.71 -0.0527061
53.72 -0.0549188
53.73 -0.0566315
53.74 -0.0578671
53.75 -0.0586649
53.76 -0.0590659
53.77 -0.0591441
53.78 -0.0590015
53.79 -0.0587256
53.8 -0.0584082
53.81 -0.0581413
53.82 -0.0580145
53.83 -0.0581116
53.84 -0.058528
53.85 -0.05933
53.86 -0.0605493
53.87 -0.062215
53.88 -0.0643393
53.89 -0.0669162
53.9 -0.0699219
53.91 -0.0733153
53.92 -0.0770571
53.93 -0.0810543
53.94 -0.0852107
53.95 -0.0894324
53.96 -0.0936205
53.97 -0.0976739
53.98 -0.101493
53.99 -0.104982
54 -0.108015
54.01 -0.110534
54.02 -0.112487
54.03 -0.113831
54.04 -0.11454
54.05 -0.114604
54.06 -0.114032
54.07 -0.112853
54.08 -0.111064
54.09 -0.108778
54.1 -0.106076
54.11 -0.103043
54.12 -0.0997715
54.13 -0.0963575
54.14 -0.0928975
54.15 -0.0894854
54.16 -0.0862304
54.17 -0.0832024
54.18 -0.0804655
54.19 -0.0780696
54.2 -0.0760487
54.21 -0.07442
54.22 -0.0731833
54.23 -0.0723263
54.24 -0.0718342
54.25 -0.0716226
54.26 -0.0716265
54.27 -0.0717704
54.28 -0.0719715
54.29 -0.0721423
54.3 -0.0721939
54.31 -0.0720314
54.32 -0.0715494
54.33 -0.0706924
54.34 -0.0693993
54.35 -0.0676222
54.36 -0.0653283
54.37 -0.0625008
54.38 -0.0591396
54.39 -0.055243
54.4 -0.0508385
54.41 -0.0460099
54.42 -0.040822
54.43 -0.0353504
54.44 -0.029679
54.45 -0.0238972
54.46 -0.0180971
54.47 -0.012379
54.48 -0.00684241
54.49 -0.00156309
54.5 0.00338846
54.51 0.0079534
54.52 0.0120863
54.53 0.0157563
54.54 0.0189482
54.55 0.0216334
54.56 0.0238428
54.57 0.0256286
54.58 0.0270366
54.59 0.0281236
54.6 0.0289547
54.61 0.0296011
54.62 0.0301371
54.63 0.0306405
54.64 0.0311927
54.65 0.0318602
54.66 0.0327008
54.67 0.0337623
54.68 0.0350806
54.69 0.0366788
54.7 0.0385661
54.71 0.040761
54.72 0.0432207
54.73 0.0459067
54.74 0.0487736
54.75 0.051766
54.76 0.0548215
54.77 0.0578722
54.78 0.0608476
54.79 0.0636557
54.8 0.0662373
54.81 0.068531
54.82 0.0704827
54.83 0.0720479
54.84 0.0731934
54.85 0.0738979
54.86 0.0741494
54.87 0.0739177
54.88 0.0732652
54.89 0.0722251
54.9 0.0708409
54.91 0.0691653
54.92 0.0672583
54.93 0.0651847
54.94 0.0630117
54.95 0.0608133
54.96 0.0586618
54.97 0.0566177
54.98 0.054735
54.99 0.0530588
55 0.051625
55.01 0.0504581
55.02 0.0495811
55.03 0.0490048
55.04 0.0486979
55.05 0.0486385
55.06 0.0487954
55.07 0.04913
55.08 0.0495981
55.09 0.0501515
55.1 0.0507397
55.11 0.051307
55.12 0.0518061
55.13 0.0521961
55.14 0.0524428
55.15 0.0525202
55.16 0.0524113
55.17 0.0521088
55.18 0.0516055
55.19 0.0509193
55.2 0.0500831
55.21 0.0491293
55.22 0.0480969
55.23 0.0470301
55.24 0.0459764
55.25 0.0449843
55.26 0.0441122
55.27 0.0434054
55.28 0.0428983
55.29 0.0426219
55.3 0.042598
55.31 0.0428391
55.32 0.0433464
55.33 0.0441104
55.34 0.0451264
55.35 0.0463438
55.36 0.0477144
55.37 0.0491861
55.38 0.0507008
55.39 0.0521957
55.4 0.0536057
55.41 0.0548657
55.42 0.0558877
55.43 0.056627
55.44 0.0570363
55.45 0.0570756
55.46 0.0567157
55.47 0.0559396
55.48 0.0547434
55.49 0.0531352
55.5 0.0511046
55.51 0.0487303
55.52 0.0460625
55.53 0.0431612
55.54 0.0400945
55.55 0.0369366
55.56 0.033765
55.57 0.0306608
55.58 0.0277191
55.59 0.0250047
55.6 0.0225816
55.61 0.0205047
55.62 0.0188171
55.63 0.0175497
55.64 0.0167192
55.65 0.0163396
55.66 0.0164154
55.67 0.0168843
55.68 0.0177035
55.69 0.0188186
55.7 0.0201653
55.71 0.0216719
55.72 0.0232612
55.73 0.0248504
55.74 0.026348
55.75 0.0276786
55.76 0.0287721
55.77 0.0295668
55.78 0.0300112
55.79 0.0300654
55.8 0.0297029
55.81 0.0288892
55.82 0.0276286
55.83 0.0259616
55.84 0.0239205
55.85 0.0215494
55.86 0.0189024
55.87 0.0160421
55.88 0.013037
55.89 0.00995929
55.9 0.00689248
55.91 0.00390944
55.92 0.00107574
55.93 -0.00155012
55.94 -0.00391878
55.95 -0.00599162
55.96 -0.00774208
55.97 -0.00913135
55.98 -0.0101774
55.99 -0.0109051
56 -0.0113428
56.01 -0.0115298
56.02 -0.0115153
56.03 -0.011356
56.04 -0.0111141
56.05 -0.0108592
56.06 -0.0106648
56.07 -0.0105941
56.08 -0.0107052
56.09 -0.011049
56.1 -0.0116668
56.11 -0.0125895
56.12 -0.0138356
56.13 -0.0154421
56.14 -0.0173664
56.15 -0.0195833
56.16 -0.0220559
56.17 -0.0247359
56.18 -0.0275653
56.19 -0.0304783
56.2 -0.0334029
56.21 -0.0362509
56.22 -0.0389472
56.23 -0.0414192
56.24 -0.0435994
56.25 -0.0454277
56.26 -0.0468531
56.27 -0.0478363
56.28 -0.0483398
56.29 -0.0483222
56.3 -0.0478254
56.31 -0.0468674
56.32 -0.0454799
56.33 -0.0437067
56.34 -0.0416025
56.35 -0.0392312
56.36 -0.0366598
56.37 -0.0339692
56.38 -0.0312497
56.39 -0.0285777
56.4 -0.026026
56.41 -0.0236613
56.42 -0.0215423
56.43 -0.0197174
56.44 -0.0182397
56.45 -0.0171388
56.46 -0.0164032
56.47 -0.016027
56.48 -0.0159911
56.49 -0.016264
56.5 -0.0168032
56.51 -0.0175568
56.52 -0.0184704
56.53 -0.0194684
56.54 -0.0204763
56.55 -0.0214264
56.56 -0.0222537
56.57 -0.0228979
56.58 -0.023306
56.59 -0.0234339
56.6 -0.0232247
56.61 -0.0226676
56.62 -0.0217667
56.63 -0.020529
56.64 -0.0189738
56.65 -0.0171328
56.66 -0.0150485
56.67 -0.012773
56.68 -0.0103612
56.69 -0.00789456
56.7 -0.00544553
56.71 -0.00308502
56.72 -0.000882325
56.73 0.00109696
56.74 0.00279307
56.75 0.0041539
56.76 0.00509844
56.77 0.00562548
56.78 0.00572028
56.79 0.00537692
56.8 0.00460142
56.81 0.0034113
56.82 0.00183481
56.83 -9.13363e-05
56.84 -0.00234414
56.85 -0.00483666
56.86 -0.00751128
56.87 -0.0103084
56.88 -0.0131685
56.89 -0.0160342
56.9 -0.018852
56.91 -0.0215715
56.92 -0.0241389
56.93 -0.0265325
56.94 -0.0287311
56.95 -0.0307231
56.96 -0.0325065
56.97 -0.0340884
56.98 -0.0354849
56.99 -0.0367157
57 -0.0378089
57.01 -0.0388118
57.02 -0.0397628
57.03 -0.0407014
57.04 -0.0416661
57.05 -0.0426931
57.06 -0.0438146
57.07 -0.0450625
57.08 -0.0464614
57.09 -0.0480134
57.1 -0.0497201
57.11 -0.051574
57.12 -0.0535592
57.13 -0.0556516
57.14 -0.0578193
57.15 -0.0600239
57.16 -0.0622153
57.17 -0.064344
57.18 -0.0663605
57.19 -0.0682151
57.2 -0.0698601
57.21 -0.0712508
57.22 -0.0723476
57.23 -0.0730947
57.24 -0.0734726
57.25 -0.0734786
57.26 -0.0731063
57.27 -0.0723589
57.28 -0.0712487
57.29 -0.0697969
57.3 -0.0680329
57.31 -0.0659757
57.32 -0.0636871
57.33 -0.0612219
57.34 -0.0586309
57.35 -0.0559657
57.36 -0.0532772
57.37 -0.0506142
57.38 -0.0480215
57.39 -0.0455515
57.4 -0.0432314
57.41 -0.0410838
57.42 -0.0391246
57.43 -0.0373613
57.44 -0.0357929
57.45 -0.0344101
57.46 -0.0331959
57.47 -0.0321375
57.48 -0.0311873
57.49 -0.0303094
57.5 -0.0294647
57.51 -0.0286127
57.52 -0.0277125
57.53 -0.0267243
57.54 -0.0256095
57.55 -0.0243186
57.56 -0.0228366
57.57 -0.0211424
57.58 -0.0192214
57.59 -0.0170661
57.6 -0.0146762
57.61 -0.0120582
57.62 -0.00922116
57.63 -0.00617624
57.64 -0.00296628
57.65 0.000378467
57.66 0.00382457
57.67 0.00733653
57.68 0.0108779
57.69 0.0144123
57.7 0.0179022
57.71 0.0213083
57.72 0.0246049
57.73 0.0277669
57.74 0.0307736
57.75 0.033609
57.76 0.0362617
57.77 0.0387251
57.78 0.0409884
57.79 0.0430521
57.8 0.044933
57.81 0.0466398
57.82 0.048183
57.83 0.0495744
57.84 0.0508263
57.85 0.0519506
57.86 0.0529523
57.87 0.0538434
57.88 0.0546364
57.89 0.0553362
57.9 0.0559455
57.91 0.0564648
57.92 0.0568924
57.93 0.0572251
57.94 0.0574508
57.95 0.0575671
57.96 0.0575715
57.97 0.0574589
57.98 0.0572254
57.99 0.0568688
58 0.0563895
58.01 0.0557902
58.02 0.0550684
58.03 0.0542419
58.04 0.0533259
58.05 0.052337
58.06 0.0512939
58.07 0.0502182
58.08 0.0491326
58.09 0.0480612
58.1 0.0470339
58.11 0.0460728
58.12 0.0451987
58.13 0.0444305
58.14 0.0437833
58.15 0.0432683
58.16 0.0428918
58.17 0.0426556
58.18 0.042567
58.19 0.0426015
58.2 0.0427427
58.21 0.0429691
58.22 0.0432552
58.23 0.0435716
58.24 0.0438863
58.25 0.0441645
58.26 0.0443631
58.27 0.0444523
58.28 0.044401
58.29 0.0441811
58.3 0.0437692
58.31 0.0431471
58.32 0.0423027
58.33 0.0412246
58.34 0.0399056
58.35 0.0383738
58.36 0.0366478
58.37 0.0347533
58.38 0.0327223
58.39 0.0305925
58.4 0.0284062
58.41 0.0262106
58.42 0.024061
58.43 0.0220063
58.44 0.0200941
58.45 0.0183697
58.46 0.0168746
58.47 0.0156452
58.48 0.0147117
58.49 0.0141146
58.5 0.0138694
58.51 0.0139649
58.52 0.0143974
58.53 0.0151543
58.54 0.0162152
58.55 0.0175517
58.56 0.0191285
58.57 0.0209143
58.58 0.0228515
58.59 0.0248827
58.6 0.026956
58.61 0.0290192
58.62 0.0310207
58.63 0.0329115
58.64 0.0346459
58.65 0.0361653
58.66 0.0374412
58.67 0.0384512
58.68 0.0391747
58.69 0.0395982
58.7 0.0397156
58.71 0.0395276
58.72 0.0390416
58.73 0.0382481
58.74 0.0371898
58.75 0.035895
58.76 0.0343919
58.77 0.0327107
58.78 0.0308834
58.79 0.0289423
58.8 0.0269193
58.81 0.024843
58.82 0.0227492
58.83 0.0206633
58.84 0.0186078
58.85 0.016602
58.86 0.0146615
58.87 0.0127986
58.88 0.0110237
58.89 0.00935077
58.9 0.00777495
58.91 0.00629736
58.92 0.00491761
58.93 0.00363421
58.94 0.00244506
58.95 0.00134782
58.96 0.000342197
58.97 -0.000568918
58.98 -0.00139387
58.99 -0.00213345
59 -0.00278805
59.01 -0.00335782
59.02 -0.00384301
59.03 -0.00424423
59.04 -0.00456019
59.05 -0.00479149
59.06 -0.00494841
59.07 -0.00503787
59.08 -0.00506923
59.09 -0.00505449
59.1 -0.00500845
59.11 -0.00494864
59.12 -0.0048966
59.13 -0.00487832
59.14 -0.00491794
59.15 -0.0050412
59.16 -0.00527417
59.17 -0.00564237
59.18 -0.00616993
59.19 -0.00687853
59.2 -0.00779898
59.21 -0.00894335
59.22 -0.0103104
59.23 -0.0119013
59.24 -0.0137108
59.25 -0.0157264
59.26 -0.0179284
59.27 -0.02029
59.28 -0.0227832
59.29 -0.0253577
59.3 -0.0279628
59.31 -0.0305477
59.32 -0.0330583
59.33 -0.0354395
59.34 -0.0376358
59.35 -0.0395938
59.36 -0.0412357
59.37 -0.042531
59.38 -0.0434484
59.39 -0.0439597
59.4 -0.0440458
59.41 -0.0436981
59.42 -0.0429189
59.43 -0.0417216
59.44 -0.0400976
59.45 -0.0381216
59.46 -0.0358443
59.47 -0.0333225
59.48 -0.03062
59.49 -0.0278063
59.5 -0.0249543
59.51 -0.0221391
59.52 -0.0194519
59.53 -0.0169579
59.54 -0.0147214
59.55 -0.012799
59.56 -0.0112379
59.57 -0.0100746
59.58 -0.00933316
59.59 -0.00903203
59.6 -0.00919634
59.61 -0.00977014
59.62 -0.0107212
59.63 -0.0120053
59.64 -0.0135671
59.65 -0.0153424
59.66 -0.0172595
59.67 -0.0192411
59.68 -0.0211976
59.69 -0.0230459
59.7 -0.0247096
59.71 -0.0261182
59.72 -0.0272084
59.73 -0.027927
59.74 -0.0282321
59.75 -0.0280765
59.76 -0.027436
59.77 -0.026341
59.78 -0.0248097
59.79 -0.0228741
59.8 -0.0205798
59.81 -0.0179839
59.82 -0.0151539
59.83 -0.0121617
59.84 -0.00910082
59.85 -0.00606356
59.86 -0.00313492
59.87 -0.000397243
59.88 0.00207238
59.89 0.00420444
59.9 0.00593916
59.91 0.00719726
59.92 0.00795366
59.93 0.00820745
59.94 0.00795575
59.95 0.00721032
59.96 0.00599705
59.97 0.00435493
59.98 0.00233476
59.99 -2.1554e-05
60 -0.0026206
60.01 -0.00537952
60.02 -0.0082209
60.03 -0.0110676
60.04 -0.0138452
60.05 -0.0164848
60.06 -0.0189249
60.07 -0.0210877
60.08 -0.0229495
60.09 -0.0244889
60.1 -0.025694
60.11 -0.0265669
60.12 -0.0271229
60.13 -0.0273897
60.14 -0.0274066
60.15 -0.0272081
60.16 -0.0268767
60.17 -0.0264761
60.18 -0.0260719
60.19 -0.0257297
60.2 -0.0255126
60.21 -0.0254783
60.22 -0.0256799
60.23 -0.0261832
60.24 -0.0269924
60.25 -0.0281207
60.26 -0.0295676
60.27 -0.0313182
60.28 -0.0333441
60.29 -0.0356033
60.3 -0.0380447
60.31 -0.0406019
60.32 -0.0431871
60.33 -0.0457206
60.34 -0.0481199
60.35 -0.0503027
60.36 -0.0521893
60.37 -0.0537058
60.38 -0.0547693
60.39 -0.0553039
60.4 -0.0553004
60.41 -0.0547348
60.42 -0.053599
60.43 -0.0519014
60.44 -0.0496669
60.45 -0.0469366
60.46 -0.0437494
60.47 -0.040183
60.48 -0.0363447
60.49 -0.0323264
60.5 -0.028226
60.51 -0.0241439
60.52 -0.0201799
60.53 -0.0164304
60.54 -0.0130081
60.55 -0.00999683
60.56 -0.00744782
60.57 -0.00541091
60.58 -0.00391936
60.59 -0.00298875
60.6 -0.00261642
60.61 -0.00278137
60.62 -0.00347605
60.63 -0.00461636
60.64 -0.00611349
60.65 -0.00788161
60.66 -0.00982542
60.67 -0.0118431
60.68 -0.0138295
60.69 -0.0156794
60.7 -0.0172634
60.71 -0.0184931
60.72 -0.0192906
60.73 -0.0195862
60.74 -0.0193257
60.75 -0.0184718
60.76 -0.0170059
60.77 -0.0149281
60.78 -0.0122054
60.79 -0.00893457
60.8 -0.00517918
60.81 -0.00101433
60.82 0.00347184
60.83 0.00818074
60.84 0.0130063
60.85 0.0178377
60.86 0.0225428
60.87 0.0270155
60.88 0.031155
60.89 0.0348704
60.9 0.0380831
60.91 0.0407295
60.92 0.0427624
60.93 0.0441417
60.94 0.0448146
60.95 0.0448489
60.96 0.0442767
60.97 0.0431473
60.98 0.0415257
60.99 0.0394904
61 0.037131
61.01 0.0345418
61.02 0.0318331
61.03 0.0291247
61.04 0.0265188
61.05 0.0241121
61.06 0.0219929
61.07 0.0202385
61.08 0.0189125
61.09 0.0180844
61.1 0.0177975
61.11 0.0180324
61.12 0.018781
61.13 0.0200176
61.14 0.0217004
61.15 0.0237723
61.16 0.0261632
61.17 0.0287997
61.18 0.0315787
61.19 0.0343941
61.2 0.0371489
61.21 0.0397481
61.22 0.0421008
61.23 0.0441235
61.24 0.0457423
61.25 0.046862
61.26 0.0474444
61.27 0.0474776
61.28 0.046949
61.29 0.0458621
61.3 0.0442367
61.31 0.0421079
61.32 0.0395249
61.33 0.036525
61.34 0.0332102
61.35 0.0296721
61.36 0.0259976
61.37 0.0222761
61.38 0.0185967
61.39 0.0150455
61.4 0.0117033
61.41 0.00867414
61.42 0.00600403
61.43 0.00373866
61.44 0.00191456
61.45 0.000554814
61.46 -0.00033113
61.47 -0.000747342
61.48 -0.000710797
61.49 -0.000211713
61.5 0.000662981
61.51 0.00186275
61.52 0.00333079
61.53 0.00500584
61.54 0.00682442
61.55 0.00872292
61.56 0.0106392
61.57 0.012507
61.58 0.0142755
61.59 0.0159022
61.6 0.0173534
61.61 0.0186053
61.62 0.0196438
61.63 0.020465
61.64 0.0210704
61.65 0.0214673
61.66 0.0216974
61.67 0.0217927
61.68 0.0217904
61.69 0.0217311
61.7 0.0216573
61.71 0.0216114
61.72 0.0216378
61.73 0.0217811
61.74 0.0220671
61.75 0.02252
61.76 0.0231562
61.77 0.0239841
61.78 0.0250031
61.79 0.0262041
61.8 0.0275755
61.81 0.0290879
61.82 0.030698
61.83 0.0323653
61.84 0.0340448
61.85 0.0356889
61.86 0.0372483
61.87 0.0386743
61.88 0.0399069
61.89 0.0409011
61.9 0.0416281
61.91 0.0420579
61.92 0.0421683
61.93 0.0419454
61.94 0.0413844
61.95 0.0404895
61.96 0.0392527
61.97 0.037713
61.98 0.0359116
61.99 0.033887
62 0.0316832
62.01 0.0293484
62.02 0.0269333
62.03 0.0244899
62.04 0.0220757
62.05 0.0197429
62.06 0.0175354
62.07 0.0154926
62.08 0.0136472
62.09 0.0120246
62.1 0.010642
62.11 0.00950827
62.12 0.00864627
62.13 0.00802321
62.14 0.00761894
62.15 0.00740749
62.16 0.00735651
62.17 0.00742835
62.18 0.00758129
62.19 0.00777088
62.2 0.00794589
62.21 0.0080585
62.22 0.00806568
62.23 0.00792777
62.24 0.00760975
62.25 0.00708223
62.26 0.00632237
62.27 0.00530996
62.28 0.00402013
62.29 0.00247554
62.3 0.00068572
62.31 -0.00133243
62.32 -0.00355515
62.33 -0.00595256
62.34 -0.00848956
62.35 -0.0111285
62.36 -0.0138241
62.37 -0.0165253
62.38 -0.0191873
62.39 -0.0217665
62.4 -0.0242213
62.41 -0.0265131
62.42 -0.0286074
62.43 -0.0304644
62.44 -0.0320529
62.45 -0.0333703
62.46 -0.0344062
62.47 -0.0351566
62.48 -0.0356237
62.49 -0.0358155
62.5 -0.0357455
62.51 -0.03542
62.52 -0.0348663
62.53 -0.0341223
62.54 -0.0332164
62.55 -0.0321786
62.56 -0.0310395
62.57 -0.0298291
62.58 -0.0285766
62.59 -0.0273101
62.6 -0.0260575
62.61 -0.0248408
62.62 -0.0236778
62.63 -0.0225831
62.64 -0.0215676
62.65 -0.0206384
62.66 -0.0197993
62.67 -0.0190576
62.68 -0.0184051
62.69 -0.0178338
62.7 -0.017336
62.71 -0.0169021
62.72 -0.0165217
62.73 -0.0161834
62.74 -0.0158758
62.75 -0.0155884
62.76 -0.0153083
62.77 -0.0150259
62.78 -0.0147332
62.79 -0.0144235
62.8 -0.014092
62.81 -0.0137355
62.82 -0.0133524
62.83 -0.0129408
62.84 -0.0125055
62.85 -0.0120505
62.86 -0.011581
62.87 -0.0111035
62.88 -0.0106254
62.89 -0.0101551
62.9 -0.00970196
62.91 -0.00927852
62.92 -0.00889308
62.93 -0.00855566
62.94 -0.00827626
62.95 -0.00806473
62.96 -0.00793063
62.97 -0.00788316
62.98 -0.00793347
62.99 -0.00809598
63 -0.00837035
63.01 -0.0087628
63.02 -0.0092786
63.03 -0.00992186
63.04 -0.0106955
63.05 -0.011601
63.06 -0.012643
63.07 -0.0138234
63.08 -0.0151299
63.09 -0.0165568
63.1 -0.0180966
63.11 -0.0197401
63.12 -0.0214759
63.13 -0.0232909
63.14 -0.0251725
63.15 -0.0271021
63.16 -0.0290583
63.17 -0.0310219
63.18 -0.0329729
63.19 -0.0348912
63.2 -0.0367564
63.21 -0.0385487
63.22 -0.0402426
63.23 -0.0418201
63.24 -0.0432698
63.25 -0.0445783
63.26 -0.0457351
63.27 -0.0467325
63.28 -0.0475655
63.29 -0.0482327
63.3 -0.0487242
63.31 -0.0490528
63.32 -0.0492317
63.33 -0.049272
63.34 -0.0491871
63.35 -0.048992
63.36 -0.0487031
63.37 -0.0483374
63.38 -0.0479084
63.39 -0.0474379
63.4 -0.0469415
63.41 -0.046432
63.42 -0.0459193
63.43 -0.0454103
63.44 -0.0449084
63.45 -0.0444133
63.46 -0.0439202
63.47 -0.0434194
63.48 -0.0428982
63.49 -0.0423405
63.5 -0.0417274
63.51 -0.0410376
63.52 -0.0402486
63.53 -0.0393358
63.54 -0.0382609
63.55 -0.0370141
63.56 -0.0355759
63.57 -0.0339303
63.58 -0.032065
63.59 -0.0299727
63.6 -0.0276515
63.61 -0.0251016
63.62 -0.0223211
63.63 -0.0193468
63.64 -0.0162031
63.65 -0.0129201
63.66 -0.00953329
63.67 -0.00608262
63.68 -0.00261158
63.69 0.000831558
63.7 0.00419081
63.71 0.00742159
63.72 0.0104788
63.73 0.0133206
63.74 0.0159096
63.75 0.0182141
63.76 0.0202094
63.77 0.0218642
63.78 0.0231643
63.79 0.0241319
63.8 0.0247789
63.81 0.0251261
63.82 0.025203
63.83 0.0250472
63.84 0.024703
63.85 0.024216
63.86 0.0236495
63.87 0.023067
63.88 0.0225267
63.89 0.0220851
63.9 0.0217959
63.91 0.0217076
63.92 0.0218624
63.93 0.0223143
63.94 0.0230809
63.95 0.0241639
63.96 0.0255636
63.97 0.0272689
63.98 0.0292572
63.99 0.0314947
64 0.0339373
64.01 0.0365389
64.02 0.0392224
64.03 0.041916
64.04 0.0445477
64.05 0.047044
64.06 0.0493321
64.07 0.0513421
64.08 0.0530092
64.09 0.0542357
64.1 0.0550018
64.11 0.055278
64.12 0.0550422
64.13 0.0542864
64.14 0.0530161
64.15 0.0512515
64.16 0.0490261
64.17 0.0463516
64.18 0.0433358
64.19 0.0400504
64.2 0.0365758
64.21 0.0329978
64.22 0.0294059
64.23 0.0258904
64.24 0.0225433
64.25 0.0194762
64.26 0.0167485
64.27 0.0144253
64.28 0.0125602
64.29 0.0111928
64.3 0.010348
64.31 0.0100348
64.32 0.0102581
64.33 0.0110159
64.34 0.0122252
64.35 0.0138288
64.36 0.0157568
64.37 0.0179283
64.38 0.0202545
64.39 0.0226403
64.4 0.0249825
64.41 0.0271669
64.42 0.0291031
64.43 0.0307032
64.44 0.0318888
64.45 0.032593
64.46 0.0327627
64.47 0.03236
64.48 0.0313351
64.49 0.0296836
64.5 0.0274558
64.51 0.0246878
64.52 0.0214322
64.53 0.017757
64.54 0.0137431
64.55 0.00948311
64.56 0.00507567
64.57 0.0006443
64.58 -0.003696
64.59 -0.00783681
64.6 -0.0116739
64.61 -0.0151102
64.62 -0.0180585
64.63 -0.0204438
64.64 -0.0221573
64.65 -0.0231791
64.66 -0.0235048
64.67 -0.0231297
64.68 -0.0220676
64.69 -0.0203495
64.7 -0.0180232
64.71 -0.0151521
64.72 -0.0117805
64.73 -0.00803783
64.74 -0.00402973
64.75 0.000141008
64.76 0.00436956
64.77 0.00855196
64.78 0.012588
64.79 0.0163841
64.8 0.0198172
64.81 0.0228395
64.82 0.025396
64.83 0.0274452
64.84 0.0289612
64.85 0.0299345
64.86 0.0303715
64.87 0.030291
64.88 0.0296931
64.89 0.0286785
64.9 0.0273107
64.91 0.0256617
64.92 0.0238097
64.93 0.0218366
64.94 0.0198253
64.95 0.0178597
64.96 0.016033
64.97 0.0144099
64.98 0.0130509
64.99 0.0120057
65 0.0113124
65.01 0.0109961
65.02 0.0110689
65.03 0.0115406
65.04 0.0124081
65.05 0.0136143
65.06 0.0151182
65.07 0.0168697
65.08 0.0188107
65.09 0.0208775
65.1 0.0230026
65.11 0.0251134
65.12 0.0271316
65.13 0.0289937
65.14 0.03064
65.15 0.0320178
65.16 0.0330823
65.17 0.0337984
65.18 0.034141
65.19 0.0340741
65.2 0.0335982
65.21 0.032741
65.22 0.0315217
65.23 0.0299685
65.24 0.0281172
65.25 0.0260103
65.26 0.0236948
65.27 0.0212143
65.28 0.0186318
65.29 0.0160042
65.3 0.0133808
65.31 0.0108073
65.32 0.00832463
65.33 0.00596771
65.34 0.00376474
65.35 0.00175136
65.36 -6.87156e-05
65.37 -0.00169581
65.38 -0.00313349
65.39 -0.00439203
65.4 -0.0054877
65.41 -0.00644179
65.42 -0.00727954
65.43 -0.00802366
65.44 -0.00871352
65.45 -0.00937959
65.46 -0.0100501
65.47 -0.010751
65.48 -0.0115046
65.49 -0.0123291
65.5 -0.013238
65.51 -0.0142485
65.52 -0.0153529
65.53 -0.0165465
65.54 -0.0178193
65.55 -0.0191563
65.56 -0.0205381
65.57 -0.0219419
65.58 -0.0233416
65.59 -0.024704
65.6 -0.0260017
65.61 -0.0272067
65.62 -0.0282925
65.63 -0.0292349
65.64 -0.0300126
65.65 -0.0306082
65.66 -0.0310033
65.67 -0.0311785
65.68 -0.031146
65.69 -0.030908
65.7 -0.0304712
65.71 -0.0298466
65.72 -0.0290489
65.73 -0.0280962
65.74 -0.0270051
65.75 -0.0257978
65.76 -0.0245067
65.77 -0.0231555
65.78 -0.0217678
65.79 -0.0203657
65.8 -0.0189699
65.81 -0.0175987
65.82 -0.0162707
65.83 -0.0150007
65.84 -0.0137962
65.85 -0.0126641
65.86 -0.011609
65.87 -0.0106329
65.88 -0.00973604
65.89 -0.00891721
65.9 -0.00817848
65.91 -0.00751505
65.92 -0.00692095
65.93 -0.0063937
65.94 -0.00593163
65.95 -0.00553416
65.96 -0.00520198
65.97 -0.00493718
65.98 -0.00474872
65.99 -0.0046389
66 -0.00461164
66.01 -0.00467357
66.02 -0.00483153
66.03 -0.00509215
66.04 -0.00546138
66.05 -0.00594396
66.06 -0.0065529
66.07 -0.00728094
66.08 -0.00812392
66.09 -0.0090768
66.1 -0.0101315
66.11 -0.011277
66.12 -0.0124991
66.13 -0.0137812
66.14 -0.0151058
66.15 -0.0164462
66.16 -0.0177795
66.17 -0.0190826
66.18 -0.0203327
66.19 -0.0215082
66.2 -0.0225893
66.21 -0.0235577
66.22 -0.0243879
66.23 -0.0250818
66.24 -0.0256354
66.25 -0.0260496
66.26 -0.0263304
66.27 -0.0264892
66.28 -0.0265421
66.29 -0.026509
66.3 -0.0264144
66.31 -0.026294
66.32 -0.0261794
66.33 -0.0261032
66.34 -0.0260984
66.35 -0.026197
66.36 -0.0264292
66.37 -0.0268276
66.38 -0.027424
66.39 -0.0282231
66.4 -0.0292347
66.41 -0.030462
66.42 -0.0319009
66.43 -0.0335402
66.44 -0.0353612
66.45 -0.0373439
66.46 -0.0394532
66.47 -0.0416412
66.48 -0.0438649
66.49 -0.0460776
66.5 -0.0482309
66.51 -0.0502757
66.52 -0.0521637
66.53 -0.0538354
66.54 -0.0552453
66.55 -0.0563672
66.56 -0.0571715
66.57 -0.057636
66.58 -0.0577465
66.59 -0.0574975
66.6 -0.056892
66.61 -0.0559202
66.62 -0.0546168
66.63 -0.0530235
66.64 -0.0511764
66.65 -0.0491173
66.66 -0.0468923
66.67 -0.0445502
66.68 -0.0421411
66.69 -0.0397171
66.7 -0.0373318
66.71 -0.0350289
66.72 -0.0328465
66.73 -0.0308166
66.74 -0.0289638
66.75 -0.0273047
66.76 -0.0258472
66.77 -0.0246079
66.78 -0.0235591
66.79 -0.0226788
66.8 -0.0219401
66.81 -0.0213095
66.82 -0.0207482
66.83 -0.0202138
66.84 -0.0196612
66.85 -0.019034
66.86 -0.0182906
66.87 -0.0173896
66.88 -0.0162941
66.89 -0.0149731
66.9 -0.0134024
66.91 -0.0115658
66.92 -0.00945199
66.93 -0.00704335
66.94 -0.0043767
66.95 -0.00147365
66.96 0.00163599
66.97 0.00491495
66.98 0.00831969
66.99 0.0118017
67 0.0153079
67.01 0.0187765
67.02 0.0221522
67.03 0.0253828
67.04 0.0284198
67.05 0.0312197
67.06 0.0337454
67.07 0.0359675
67.08 0.0378523
67.09 0.039379
67.1 0.0405684
67.11 0.0414302
67.12 0.0419831
67.13 0.0422543
67.14 0.0422787
67.15 0.0420975
67.16 0.0417517
67.17 0.0412979
67.18 0.0407959
67.19 0.0402972
67.2 0.0398511
67.21 0.0395036
67.22 0.0392953
67.23 0.0392603
67.24 0.0394389
67.25 0.0398456
67.26 0.0404793
67.27 0.0413374
67.28 0.0424081
67.29 0.0436707
67.3 0.0450967
67.31 0.0466501
67.32 0.0482921
67.33 0.0499666
67.34 0.0516218
67.35 0.0532071
67.36 0.0546726
67.37 0.0559713
67.38 0.0570598
67.39 0.0579005
67.4 0.0584367
67.41 0.0586635
67.42 0.0585734
67.43 0.0581632
67.44 0.0574391
67.45 0.0564164
67.46 0.055119
67.47 0.053579
67.48 0.0518195
67.49 0.0499087
67.5 0.047897
67.51 0.0458362
67.52 0.0437788
67.53 0.0417764
67.54 0.0398782
67.55 0.0381307
67.56 0.0365934
67.57 0.0352829
67.58 0.0342229
67.59 0.0334287
67.6 0.0329068
67.61 0.0326551
67.62 0.0326629
67.63 0.0329156
67.64 0.0333965
67.65 0.0340526
67.66 0.034845
67.67 0.0357318
67.68 0.0366686
67.69 0.0376108
67.7 0.0385146
67.71 0.0393347
67.72 0.0400249
67.73 0.0405596
67.74 0.0409136
67.75 0.0410683
67.76 0.0410126
67.77 0.0407428
67.78 0.0402627
67.79 0.0395755
67.8 0.0386995
67.81 0.0376712
67.82 0.0365201
67.83 0.0352796
67.84 0.0339849
67.85 0.0326728
67.86 0.0313793
67.87 0.0301438
67.88 0.0290011
67.89 0.0279754
67.9 0.0270881
67.91 0.0263551
67.92 0.0257857
67.93 0.0253829
67.94 0.025143
67.95 0.0250653
67.96 0.0251259
67.97 0.0252971
67.98 0.0255524
67.99 0.0258617
68 0.026193
68.01 0.0265134
68.02 0.02679
68.03 0.0269829
68.04 0.0270652
68.05 0.0270139
68.06 0.0268092
68.07 0.0264364
68.08 0.0258862
68.09 0.0251552
68.1 0.0242459
68.11 0.0231522
68.12 0.021903
68.13 0.0205191
68.14 0.0190228
68.15 0.0174391
68.16 0.0157946
68.17 0.0141163
68.18 0.0124307
68.19 0.0107663
68.2 0.00914455
68.21 0.00758248
68.22 0.00609264
68.23 0.00468243
68.24 0.00335371
68.25 0.00210274
68.26 0.000920975
68.27 -0.000204257
68.28 -0.00129902
68.29 -0.0023873
68.3 -0.00349583
68.31 -0.00465311
68.32 -0.00588816
68.33 -0.00722937
68.34 -0.00870732
68.35 -0.0103554
68.36 -0.0121814
68.37 -0.0141976
68.38 -0.0164104
68.39 -0.0188191
68.4 -0.0214158
68.41 -0.0241853
68.42 -0.0271096
68.43 -0.0301576
68.44 -0.0332828
68.45 -0.0364427
68.46 -0.0395908
68.47 -0.0426775
68.48 -0.045652
68.49 -0.0484631
68.5 -0.0510484
68.51 -0.053355
68.52 -0.0553536
68.53 -0.0570095
68.54 -0.0582953
68.55 -0.059192
68.56 -0.0596893
68.57 -0.0597865
68.58 -0.0594695
68.59 -0.058769
68.6 -0.0577302
68.61 -0.0563912
68.62 -0.0547971
68.63 -0.0529996
68.64 -0.0510547
68.65 -0.0490221
68.66 -0.0469652
68.67 -0.0449528
68.68 -0.0430437
68.69 -0.0412923
68.7 -0.0397476
68.71 -0.0384517
68.72 -0.0374388
68.73 -0.036734
68.74 -0.0363811
68.75 -0.0363619
68.76 -0.036664
68.77 -0.0372705
68.78 -0.0381549
68.79 -0.0392821
68.8 -0.0406098
68.81 -0.042089
68.82 -0.0436701
68.83 -0.0452817
68.84 -0.0468648
68.85 -0.0483611
68.86 -0.0497147
68.87 -0.050873
68.88 -0.0517888
68.89 -0.0524187
68.9 -0.0526998
68.91 -0.0526362
68.92 -0.0522142
68.93 -0.0514294
68.94 -0.0502867
68.95 -0.0488001
68.96 -0.0469922
68.97 -0.044888
68.98 -0.0425141
68.99 -0.0399377
69 -0.0372064
69.01 -0.0343708
69.02 -0.0314824
69.03 -0.0285925
69.04 -0.0257505
69.05 -0.0230074
69.06 -0.0204152
69.07 -0.0180024
69.08 -0.0157981
69.09 -0.0138249
69.1 -0.0120976
69.11 -0.0106241
69.12 -0.00940474
69.13 -0.0084432
69.14 -0.00772688
69.15 -0.0072215
69.16 -0.00690212
69.17 -0.00674011
69.18 -0.00670418
69.19 -0.00676151
69.2 -0.00687887
69.21 -0.00702342
69.22 -0.00716032
69.23 -0.00726112
69.24 -0.00730207
69.25 -0.00726371
69.26 -0.0071313
69.27 -0.0068951
69.28 -0.00655051
69.29 -0.00609097
69.3 -0.00552675
69.31 -0.00487205
69.32 -0.00414113
69.33 -0.00335126
69.34 -0.00252189
69.35 -0.00167387
69.36 -0.000828591
69.37 -1.06692e-05
69.38 0.000759541
69.39 0.00146512
69.4 0.00209132
69.41 0.00262661
69.42 0.00306308
69.43 0.00339673
69.44 0.00362754
69.45 0.00375109
69.46 0.00378458
69.47 0.00374092
69.48 0.00363498
69.49 0.0034839
69.5 0.00330652
69.51 0.00312263
69.52 0.00295232
69.53 0.00282013
69.54 0.00274218
69.55 0.00273418
69.56 0.00280914
69.57 0.00297687
69.58 0.00324364
69.59 0.00361184
69.6 0.00408128
69.61 0.00465217
69.62 0.00530554
69.63 0.00602757
69.64 0.00680132
69.65 0.00760728
69.66 0.00842395
69.67 0.00922849
69.68 0.00999585
69.69 0.0106972
69.7 0.0113132
69.71 0.0118236
69.72 0.0122103
69.73 0.0124583
69.74 0.0125562
69.75 0.0124962
69.76 0.0122688
69.77 0.0118715
69.78 0.0113209
69.79 0.0106276
69.8 0.00980603
69.81 0.00887457
69.82 0.00785467
69.83 0.00677051
69.84 0.00564789
69.85 0.00451843
69.86 0.00341233
69.87 0.0023579
69.88 0.00138252
69.89 0.000512029
69.9 -0.000229913
69.91 -0.000822417
69.92 -0.00123655
69.93 -0.00146112
69.94 -0.00149378
69.95 -0.00132988
69.96 -0.000969064
69.97 -0.000415307
69.98 0.000323242
69.99 0.00123447
70 0.00231277
70.01 0.00352913
70.02 0.00485687
70.03 0.00627137
70.04 0.0077464
70.05 0.00925475
70.06 0.0107688
70.07 0.012261
70.08 0.0136984
70.09 0.0150568
70.1 0.0163139
70.11 0.0174492
70.12 0.0184447
70.13 0.0192857
70.14 0.0199609
70.15 0.0204622
70.16 0.0207677
70.17 0.0208943
70.18 0.0208462
70.19 0.0206305
70.2 0.0202574
70.21 0.0197401
70.22 0.0190942
70.23 0.0183369
70.24 0.0174825
70.25 0.0165621
70.26 0.0155977
70.27 0.0146117
70.28 0.013626
70.29 0.0126621
70.3 0.01174
70.31 0.0108802
70.32 0.0101056
70.33 0.00942482
70.34 0.00884905
70.35 0.00838648
70.36 0.00804228
70.37 0.00781847
70.38 0.00771392
70.39 0.00772786
70.4 0.00785564
70.41 0.0080787
70.42 0.00838387
70.43 0.00875585
70.44 0.00917765
70.45 0.00963099
70.46 0.0100968
70.47 0.0105547
70.48 0.0109827
70.49 0.0113635
70.5 0.0116806
70.51 0.0119195
70.52 0.0120681
70.53 0.0121172
70.54 0.0120605
70.55 0.0118893
70.56 0.0116061
70.57 0.0112213
70.58 0.0107436
70.59 0.0101853
70.6 0.00956178
70.61 0.00889114
70.62 0.00819381
70.63 0.00749327
70.64 0.00681582
70.65 0.00618528
70.66 0.00562501
70.67 0.0051572
70.68 0.0048022
70.69 0.00457785
70.7 0.00449882
70.71 0.00458925
70.72 0.00484663
70.73 0.00526884
70.74 0.00585228
70.75 0.00658854
70.76 0.00746452
70.77 0.00846266
70.78 0.00956133
70.79 0.0107397
70.8 0.0119605
70.81 0.0131927
70.82 0.0144046
70.83 0.0155648
70.84 0.0166428
70.85 0.0176098
70.86 0.0184396
70.87 0.0190934
70.88 0.0195687
70.89 0.019855
70.9 0.0199476
70.91 0.0198481
70.92 0.0195647
70.93 0.019112
70.94 0.0185089
70.95 0.0177768
70.96 0.0169611
70.97 0.0160986
70.98 0.0152292
70.99 0.0143945
71 0.0136368
71.01 0.0129977
71.02 0.0125219
71.03 0.0122584
71.04 0.0122249
71.05 0.0124452
71.06 0.0129359
71.07 0.0137055
71.08 0.0147541
71.09 0.0160728
71.1 0.0176522
71.11 0.0194665
71.12 0.0214627
71.13 0.0235963
71.14 0.0258164
71.15 0.0280666
71.16 0.0302871
71.17 0.032416
71.18 0.0343798
71.19 0.0361097
71.2 0.0375572
71.21 0.0386711
71.22 0.0394073
71.23 0.03973
71.24 0.0396132
71.25 0.0390418
71.26 0.0379834
71.27 0.0364602
71.28 0.0345123
71.29 0.0321742
71.3 0.0294907
71.31 0.0265166
71.32 0.0233149
71.33 0.0199555
71.34 0.016513
71.35 0.0130781
71.36 0.00973114
71.37 0.00654891
71.38 0.00360399
71.39 0.000962927
71.4 -0.00131568
71.41 -0.00318288
71.42 -0.00455963
71.43 -0.0054524
71.44 -0.00585853
71.45 -0.00578227
71.46 -0.00524123
71.47 -0.00426598
71.48 -0.0028992
71.49 -0.00119449
71.5 0.000805235
71.51 0.00299586
71.52 0.00529943
71.53 0.00763591
71.54 0.00992477
71.55 0.0120873
71.56 0.0140487
71.57 0.0157373
71.58 0.01706
71.59 0.0179948
71.6 0.0185052
71.61 0.0185673
71.62 0.0181701
71.63 0.0173161
71.64 0.0160205
71.65 0.0143031
71.66 0.0121865
71.67 0.0097546
71.68 0.00706667
71.69 0.0041877
71.7 0.00118657
71.71 -0.00186621
71.72 -0.00490073
71.73 -0.00784481
71.74 -0.0106241
71.75 -0.0131917
71.76 -0.0155028
71.77 -0.017523
71.78 -0.0192285
71.79 -0.0206076
71.8 -0.0216597
71.81 -0.0223831
71.82 -0.0228007
71.83 -0.0229645
71.84 -0.0229167
71.85 -0.0227061
71.86 -0.022386
71.87 -0.0220123
71.88 -0.0216412
71.89 -0.0213339
71.9 -0.0211463
71.91 -0.0211192
71.92 -0.0212884
71.93 -0.0216807
71.94 -0.0223126
71.95 -0.0231899
71.96 -0.0243072
71.97 -0.0256619
71.98 -0.0272143
71.99 -0.0289187
72 -0.0307287
72.01 -0.0325915
72.02 -0.03445
72.03 -0.0362447
72.04 -0.0379157
72.05 -0.0393862
72.06 -0.040609
72.07 -0.0415423
72.08 -0.0421491
72.09 -0.0424022
72.1 -0.042286
72.11 -0.0417963
72.12 -0.0409419
72.13 -0.0397147
72.14 -0.0381817
72.15 -0.0363923
72.16 -0.0344025
72.17 -0.0322759
72.18 -0.030082
72.19 -0.0278938
72.2 -0.025786
72.21 -0.0238531
72.22 -0.0221539
72.23 -0.0207495
72.24 -0.0196924
72.25 -0.0190242
72.26 -0.0187745
72.27 -0.0189595
72.28 -0.0195879
72.29 -0.0206745
72.3 -0.0221522
72.31 -0.023978
72.32 -0.0260972
72.33 -0.0284447
72.34 -0.0309471
72.35 -0.033525
72.36 -0.0360931
72.37 -0.0385535
72.38 -0.0408269
72.39 -0.0428379
72.4 -0.0445187
72.41 -0.0458117
72.42 -0.0466714
72.43 -0.0470657
72.44 -0.0469583
72.45 -0.0463386
72.46 -0.0452544
72.47 -0.0437385
72.48 -0.0418382
72.49 -0.0396135
72.5 -0.0371351
72.51 -0.0344826
72.52 -0.031742
72.53 -0.0290149
72.54 -0.0263945
72.55 -0.0239668
72.56 -0.0218121
72.57 -0.0200018
72.58 -0.0185963
72.59 -0.0176432
72.6 -0.0172071
72.61 -0.0172922
72.62 -0.0178761
72.63 -0.0189384
72.64 -0.0204429
72.65 -0.022338
72.66 -0.0245593
72.67 -0.0270303
72.68 -0.0296715
72.69 -0.0323722
72.7 -0.0350332
72.71 -0.0375596
72.72 -0.0398596
72.73 -0.0418481
72.74 -0.0434487
72.75 -0.0445965
72.76 -0.0451928
72.77 -0.0452375
72.78 -0.0447219
72.79 -0.0436473
72.8 -0.0420318
72.81 -0.0399096
72.82 -0.0373304
72.83 -0.0343573
72.84 -0.0310416
72.85 -0.0275063
72.86 -0.0238433
72.87 -0.0201464
72.88 -0.016509
72.89 -0.0130213
72.9 -0.00976724
72.91 -0.00682577
72.92 -0.00429677
72.93 -0.00219813
72.94 -0.000562084
72.95 0.000595064
72.96 0.0012733
72.97 0.00148875
72.98 0.00127302
72.99 0.000664979
73 -0.000287619
73.01 -0.00148339
73.02 -0.00284344
73.03 -0.00428405
73.04 -0.0057195
73.05 -0.00706488
73.06 -0.00823889
73.07 -0.00915583
73.08 -0.00973186
73.09 -0.00993185
73.1 -0.00971615
73.11 -0.00905916
73.12 -0.00794994
73.13 -0.00639235
73.14 -0.00440472
73.15 -0.00200295
73.16 0.000764798
73.17 0.00381954
73.18 0.00709624
73.19 0.0105244
73.2 0.0140304
73.21 0.0175406
73.22 0.0209833
73.23 0.0242804
73.24 0.0273674
73.25 0.0302026
73.26 0.0327489
73.27 0.0349817
73.28 0.0368893
73.29 0.0384731
73.3 0.0397473
73.31 0.0407215
73.32 0.0414496
73.33 0.0419892
73.34 0.0423959
73.35 0.0427298
73.36 0.0430532
73.37 0.0434278
73.38 0.0439126
73.39 0.0445786
73.4 0.045465
73.41 0.0466025
73.42 0.0480138
73.43 0.0497088
73.44 0.0516847
73.45 0.0539251
73.46 0.0564008
73.47 0.0590836
73.48 0.0618984
73.49 0.0647801
73.5 0.067659
73.51 0.0704608
73.52 0.0731099
73.53 0.0755313
73.54 0.0776523
73.55 0.0793679
73.56 0.0806541
73.57 0.0814678
73.58 0.0817784
73.59 0.0815693
73.6 0.0808382
73.61 0.0795981
73.62 0.0778689
73.63 0.0756674
73.64 0.0730906
73.65 0.0702051
73.66 0.067086
73.67 0.0638137
73.68 0.060472
73.69 0.0571449
73.7 0.053919
73.71 0.050887
73.72 0.0481073
73.73 0.0456359
73.74 0.0435165
73.75 0.0417789
73.76 0.0404385
73.77 0.0394954
73.78 0.038949
73.79 0.038772
73.8 0.0388957
73.81 0.0392636
73.82 0.03981
73.83 0.0404627
73.84 0.0411454
73.85 0.0417806
73.86 0.0422821
73.87 0.0425699
73.88 0.0425882
73.89 0.0422848
73.9 0.0416195
73.91 0.0405652
73.92 0.0391098
73.93 0.037256
73.94 0.0349995
73.95 0.0323888
73.96 0.029487
73.97 0.0263547
73.98 0.0230617
73.99 0.0196846
74 0.0163044
74.01 0.0130033
74.02 0.00988008
74.03 0.00701016
74.04 0.00445583
74.05 0.0022732
74.06 0.000505851
74.07 -0.000816887
74.08 -0.00168111
74.09 -0.00208898
74.1 -0.00202356
74.11 -0.00155724
74.12 -0.000748184
74.13 0.000338771
74.14 0.00162831
74.15 0.00303721
74.16 0.00447711
74.17 0.00585762
74.18 0.00706613
74.19 0.00802624
74.2 0.0086629
74.21 0.00891168
74.22 0.00872138
74.23 0.00805599
74.24 0.00689617
74.25 0.00523518
74.26 0.00305406
74.27 0.000435805
74.28 -0.00256537
74.29 -0.00588063
74.3 -0.00942868
74.31 -0.0131184
74.32 -0.0168517
74.33 -0.0205232
74.34 -0.0240105
74.35 -0.0272224
74.36 -0.0300693
74.37 -0.0324723
74.38 -0.0343662
74.39 -0.0357016
74.4 -0.0364469
74.41 -0.0365693
74.42 -0.0360602
74.43 -0.0349922
74.44 -0.0334163
74.45 -0.0314012
74.46 -0.0290307
74.47 -0.0264017
74.48 -0.0236211
74.49 -0.0208059
74.5 -0.0180884
74.51 -0.0155843
74.52 -0.0134021
74.53 -0.011641
74.54 -0.0103877
74.55 -0.00971334
74.56 -0.0096709
74.57 -0.0103329
74.58 -0.0116996
74.59 -0.0137266
74.6 -0.016377
74.61 -0.0195931
74.62 -0.0232983
74.63 -0.0273992
74.64 -0.0317886
74.65 -0.0363515
74.66 -0.0409413
74.67 -0.0454249
74.68 -0.0496762
74.69 -0.0535746
74.7 -0.0570095
74.71 -0.0598832
74.72 -0.0621139
74.73 -0.0635776
74.74 -0.0642755
74.75 -0.0642069
74.76 -0.0633801
74.77 -0.0618255
74.78 -0.0595953
74.79 -0.0567613
74.8 -0.053413
74.81 -0.0496267
74.82 -0.0455656
74.83 -0.0413571
74.84 -0.0371286
74.85 -0.0330066
74.86 -0.0291123
74.87 -0.0255584
74.88 -0.0224479
74.89 -0.0199214
74.9 -0.0179973
74.91 -0.0167181
74.92 -0.0161051
74.93 -0.0161577
74.94 -0.0168537
74.95 -0.0181505
74.96 -0.0199938
74.97 -0.0223258
74.98 -0.0250057
74.99 -0.0279272
75 -0.0309774
75.01 -0.0340402
75.02 -0.0370001
75.03 -0.0397458
75.04 -0.0421622
75.05 -0.0441289
75.06 -0.0455956
75.07 -0.046504
75.08 -0.0468142
75.09 -0.0465056
75.1 -0.0455772
75.11 -0.0440474
75.12 -0.0419327
75.13 -0.0392855
75.14 -0.0362121
75.15 -0.0327964
75.16 -0.0291312
75.17 -0.0253151
75.18 -0.0214487
75.19 -0.0176319
75.2 -0.0139726
75.21 -0.0105692
75.22 -0.00748892
75.23 -0.00479377
75.24 -0.00253077
75.25 -0.000730747
75.26 0.000592377
75.27 0.00144173
75.28 0.00181027
75.29 0.00175236
75.3 0.0013374
75.31 0.000629694
75.32 -0.000297375
75.33 -0.00136402
75.34 -0.00248695
75.35 -0.00358231
75.36 -0.00455442
75.37 -0.00532565
75.38 -0.00583312
75.39 -0.00602181
75.4 -0.0058493
75.41 -0.00528713
75.42 -0.0043217
75.43 -0.00295461
75.44 -0.00117135
75.45 0.000962837
75.46 0.0033957
75.47 0.00606891
75.48 0.00891514
75.49 0.0118604
75.5 0.0148268
75.51 0.0177347
75.52 0.0204848
75.53 0.0230113
75.54 0.0252487
75.55 0.0271402
75.56 0.0286403
75.57 0.0297158
75.58 0.0303467
75.59 0.0305222
75.6 0.0302173
75.61 0.0294975
75.62 0.0283993
75.63 0.0269704
75.64 0.0252673
75.65 0.0233535
75.66 0.0212971
75.67 0.0191686
75.68 0.0170458
75.69 0.0149999
75.7 0.0130917
75.71 0.0113743
75.72 0.00989144
75.73 0.00867615
75.74 0.00774952
75.75 0.00713046
75.76 0.00682238
75.77 0.00678633
75.78 0.00699189
75.79 0.00739858
75.8 0.00795742
75.81 0.00861279
75.82 0.00930446
75.83 0.00996556
75.84 0.0105246
75.85 0.0109242
75.86 0.0111101
75.87 0.0110351
75.88 0.0106609
75.89 0.0099594
75.9 0.008914
75.91 0.0075002
75.92 0.00573427
75.93 0.00365427
75.94 0.00129495
75.95 -0.00129842
75.96 -0.00407136
75.97 -0.0069619
75.98 -0.00990243
75.99 -0.0128151
76 -0.0156199
76.01 -0.0182469
76.02 -0.0206288
76.03 -0.0227043
76.04 -0.0244192
76.05 -0.025729
76.06 -0.0265994
76.07 -0.0269685
76.08 -0.0268559
76.09 -0.026275
76.1 -0.0252424
76.11 -0.0237858
76.12 -0.0219437
76.13 -0.0197634
76.14 -0.0172997
76.15 -0.0145987
76.16 -0.0117508
76.17 -0.00882397
76.18 -0.00588453
76.19 -0.00299605
76.2 -0.000217858
76.21 0.00239661
76.22 0.00479995
76.23 0.00692892
76.24 0.00877842
76.25 0.0103323
76.26 0.0115842
76.27 0.0125376
76.28 0.0132053
76.29 0.0136082
76.3 0.0137714
76.31 0.0137203
76.32 0.0135146
76.33 0.0131973
76.34 0.0128124
76.35 0.0124041
76.36 0.0120143
76.37 0.0116821
76.38 0.0114459
76.39 0.0113433
76.4 0.0113888
76.41 0.0115977
76.42 0.0119778
76.43 0.0125306
76.44 0.0132504
76.45 0.0141258
76.46 0.0151443
76.47 0.0162832
76.48 0.0175081
76.49 0.0187905
76.5 0.020101
76.51 0.0214095
76.52 0.0226873
76.53 0.0239074
76.54 0.0250399
76.55 0.026062
76.56 0.026962
76.57 0.0277281
76.58 0.0283533
76.59 0.0288347
76.6 0.0291738
76.61 0.0293757
76.62 0.029441
76.63 0.029386
76.64 0.0292285
76.65 0.0289825
76.66 0.0286621
76.67 0.0282811
76.68 0.0278519
76.69 0.0273851
76.7 0.0268873
76.71 0.026366
76.72 0.0258245
76.73 0.0252622
76.74 0.0246764
76.75 0.0240616
76.76 0.023411
76.77 0.0227159
76.78 0.0219618
76.79 0.0211425
76.8 0.0202504
76.81 0.0192787
76.82 0.0182225
76.83 0.0170798
76.84 0.0158513
76.85 0.0145415
76.86 0.0131521
76.87 0.0117035
76.88 0.0102117
76.89 0.00869556
76.9 0.00717687
76.91 0.00567929
76.92 0.00422789
76.93 0.00284946
76.94 0.00157964
76.95 0.000435394
76.96 -0.000561731
76.97 -0.00139322
76.98 -0.00204433
76.99 -0.00250469
77 -0.00276877
77.01 -0.00283178
77.02 -0.00268942
77.03 -0.00236857
77.04 -0.00188576
77.05 -0.00126207
77.06 -0.000522488
77.07 0.000304822
77.08 0.00118939
77.09 0.00209912
77.1 0.00299774
77.11 0.00385291
77.12 0.00463574
77.13 0.00532038
77.14 0.00588491
77.15 0.00631206
77.16 0.00658984
77.17 0.00670457
77.18 0.00665557
77.19 0.00645828
77.2 0.0061254
77.21 0.00567481
77.22 0.00512899
77.23 0.00451423
77.24 0.00385968
77.25 0.00319774
77.26 0.00256424
77.27 0.00199027
77.28 0.00150478
77.29 0.00113369
77.3 0.000898919
77.31 0.000817529
77.32 0.000900989
77.33 0.00116669
77.34 0.00160549
77.35 0.00220307
77.36 0.002944
77.37 0.00380695
77.38 0.00476536
77.39 0.00578828
77.4 0.00684126
77.41 0.00788379
77.42 0.00887457
77.43 0.00977637
77.44 0.0105535
77.45 0.0111734
77.46 0.0116076
77.47 0.0118327
77.48 0.0118316
77.49 0.011571
77.5 0.0110694
77.51 0.0103344
77.52 0.00937936
77.53 0.00822453
77.54 0.00689672
77.55 0.00542841
77.56 0.00385643
77.57 0.00222046
77.58 0.000573106
77.59 -0.00104165
77.6 -0.00258071
77.61 -0.00400316
77.62 -0.00527166
77.63 -0.00635359
77.64 -0.00721806
77.65 -0.00782816
77.66 -0.00819139
77.67 -0.00830497
77.68 -0.00817421
77.69 -0.00781228
77.7 -0.00723992
77.71 -0.00648474
77.72 -0.00557723
77.73 -0.00455657
77.74 -0.00347618
77.75 -0.00238121
77.76 -0.00131739
77.77 -0.000329569
77.78 0.000539725
77.79 0.00125163
77.8 0.00176307
77.81 0.00203942
77.82 0.00207334
77.83 0.00185354
77.84 0.00137688
77.85 0.000648468
77.86 -0.000318471
77.87 -0.00150304
77.88 -0.0028855
77.89 -0.00442539
77.9 -0.00607359
77.91 -0.00778645
77.92 -0.00951828
77.93 -0.0112228
77.94 -0.0128544
77.95 -0.0143702
77.96 -0.0157181
77.97 -0.016865
77.98 -0.0177898
77.99 -0.0184729
78 -0.0189024
78.01 -0.0190745
78.02 -0.0189939
78.03 -0.0186728
78.04 -0.0181167
78.05 -0.0173684
78.06 -0.0164677
78.07 -0.015454
78.08 -0.0143698
78.09 -0.0132601
78.1 -0.0121704
78.11 -0.0111452
78.12 -0.0102402
78.13 -0.00948885
78.14 -0.00892254
78.15 -0.00856791
78.16 -0.00844465
78.17 -0.00856498
78.18 -0.0089333
78.19 -0.00954603
78.2 -0.0104135
78.21 -0.0114906
78.22 -0.0127504
78.23 -0.0141602
78.24 -0.0156828
78.25 -0.0172776
78.26 -0.0189021
78.27 -0.0205122
78.28 -0.0220565
78.29 -0.0234969
78.3 -0.0247973
78.31 -0.0259258
78.32 -0.0268565
78.33 -0.0275698
78.34 -0.0280529
78.35 -0.0282946
78.36 -0.0282852
78.37 -0.0280534
78.38 -0.0276161
78.39 -0.0269961
78.4 -0.0262213
78.41 -0.0253234
78.42 -0.0243368
78.43 -0.0232974
78.44 -0.0222457
78.45 -0.0212199
78.46 -0.0202528
78.47 -0.0193737
78.48 -0.0186073
78.49 -0.0179731
78.5 -0.0174847
78.51 -0.017157
78.52 -0.0169908
78.53 -0.016971
78.54 -0.0170844
78.55 -0.0173125
78.56 -0.017632
78.57 -0.0180159
78.58 -0.0184341
78.59 -0.0188533
78.6 -0.0192371
78.61 -0.0195546
78.62 -0.0197767
78.63 -0.019878
78.64 -0.0198368
78.65 -0.019637
78.66 -0.0192678
78.67 -0.0187124
78.68 -0.0179813
78.69 -0.0170895
78.7 -0.0160531
78.71 -0.0148937
78.72 -0.0136379
78.73 -0.0123165
78.74 -0.0109631
78.75 -0.00961699
78.76 -0.00831795
78.77 -0.00710145
78.78 -0.00600099
78.79 -0.0050468
78.8 -0.00426478
78.81 -0.00367551
78.82 -0.00329354
78.83 -0.00314734
78.84 -0.00321725
78.85 -0.00349384
78.86 -0.00396192
78.87 -0.00459965
78.88 -0.00537918
78.89 -0.00626744
78.9 -0.00722728
78.91 -0.00821662
78.92 -0.00918689
78.93 -0.0100955
78.94 -0.0109013
78.95 -0.0115654
78.96 -0.0120531
78.97 -0.0123345
78.98 -0.0123813
78.99 -0.0121595
79 -0.0116808
79.01 -0.0109457
79.02 -0.0099627
79.03 -0.00874795
79.04 -0.00732513
79.05 -0.00572467
79.06 -0.00397996
79.07 -0.0021335
79.08 -0.000240362
79.09 0.00165217
79.1 0.00349638
79.11 0.00524558
79.12 0.00685552
79.13 0.00828579
79.14 0.00949072
79.15 0.010434
79.16 0.0111087
79.17 0.0115025
79.18 0.0116118
79.19 0.0114413
79.2 0.0110042
79.21 0.0103218
79.22 0.00941321
79.23 0.00832075
79.24 0.00709663
79.25 0.00578702
79.26 0.00444074
79.27 0.00310781
79.28 0.001838
79.29 0.000679373
79.3 -0.000310132
79.31 -0.00109077
79.32 -0.00163502
79.33 -0.00191653
79.34 -0.00191651
79.35 -0.0016243
79.36 -0.00103753
79.37 -0.000162229
79.38 0.00100711
79.39 0.0024304
79.4 0.00407106
79.41 0.00589325
79.42 0.00785656
79.43 0.00991726
79.44 0.0120297
79.45 0.0141475
79.46 0.0162176
79.47 0.0181963
79.48 0.020045
79.49 0.0217296
79.5 0.0232215
79.51 0.0244986
79.52 0.0255458
79.53 0.0263549
79.54 0.0269019
79.55 0.0272191
79.56 0.027321
79.57 0.0272283
79.58 0.0269666
79.59 0.0265655
79.6 0.0260578
79.61 0.0254775
79.62 0.0248609
79.63 0.0242482
79.64 0.0236717
79.65 0.0231605
79.66 0.0227401
79.67 0.0224309
79.68 0.0222481
79.69 0.0222047
79.7 0.0223111
79.71 0.0225531
79.72 0.0229211
79.73 0.0234005
79.74 0.0239722
79.75 0.0246131
79.76 0.0252975
79.77 0.0259969
79.78 0.0266787
79.79 0.0273136
79.8 0.0278749
79.81 0.0283379
79.82 0.0286812
79.83 0.0288875
79.84 0.0289437
79.85 0.028834
79.86 0.0285551
79.87 0.0281191
79.88 0.0275343
79.89 0.0268139
79.9 0.0259753
79.91 0.0250389
79.92 0.0240282
79.93 0.022967
79.94 0.0218854
79.95 0.0208113
79.96 0.0197692
79.97 0.0187817
79.98 0.0178684
79.99 0.0170457
80 0.0163256
80.01 0.0157243
80.02 0.0152397
80.03 0.014866
80.04 0.0145961
80.05 0.0144187
80.06 0.0143192
80.07 0.0142795
80.08 0.0142795
80.09 0.0142972
80.1 0.0143068
80.11 0.0142863
80.12 0.0142152
80.13 0.0140753
80.14 0.0138512
80.15 0.0135309
80.16 0.0131067
80.17 0.0125649
80.18 0.011917
80.19 0.0111705
80.2 0.0103364
80.21 0.00942988
80.22 0.0084694
80.23 0.00747646
80.24 0.00647476
80.25 0.0054933
80.26 0.00455781
80.27 0.00369288
80.28 0.00292152
80.29 0.00226432
80.3 0.00173871
80.31 0.00135833
80.32 0.00113546
80.33 0.0010849
80.34 0.00119223
80.35 0.00145101
80.36 0.00185003
80.37 0.00237367
80.38 0.00300237
80.39 0.00371323
80.4 0.00448164
80.41 0.00527807
80.42 0.00607059
80.43 0.0068313
80.44 0.00753343
80.45 0.00815227
80.46 0.00866591
80.47 0.00905591
80.48 0.00930162
80.49 0.00939006
80.5 0.00932553
80.51 0.00910894
80.52 0.00874595
80.53 0.00824664
80.54 0.00762515
80.55 0.00689909
80.56 0.00608557
80.57 0.00521087
80.58 0.0043026
80.59 0.00338466
80.6 0.00248022
80.61 0.00161084
80.62 0.000795802
80.63 5.13956e-05
80.64 -0.000603461
80.65 -0.00116212
80.66 -0.00162393
80.67 -0.00198956
80.68 -0.00226382
80.69 -0.00245538
80.7 -0.0025764
80.71 -0.00264193
80.72 -0.0026678
80.73 -0.00267708
80.74 -0.00269013
80.75 -0.00272611
80.76 -0.00280297
80.77 -0.00293672
80.78 -0.00314066
80.79 -0.00342484
80.8 -0.00380352
80.81 -0.00427146
80.82 -0.00482446
80.83 -0.00545501
80.84 -0.0061515
80.85 -0.00689862
80.86 -0.00767782
80.87 -0.00846801
80.88 -0.00924266
80.89 -0.00997715
80.9 -0.0106478
80.91 -0.0112321
80.92 -0.0117096
80.93 -0.0120629
80.94 -0.0122783
80.95 -0.0123446
80.96 -0.0122461
80.97 -0.0119984
80.98 -0.0116097
80.99 -0.0110935
81 -0.0104687
81.01 -0.00975932
81.02 -0.00899341
81.03 -0.00820311
81.04 -0.0074277
81.05 -0.00670508
81.06 -0.00607198
81.07 -0.00556426
81.08 -0.00521583
81.09 -0.00505755
81.1 -0.00511616
81.11 -0.00542281
81.12 -0.00600169
81.13 -0.00684503
81.14 -0.00795371
81.15 -0.00932146
81.16 -0.0109349
81.17 -0.0127739
81.18 -0.0148117
81.19 -0.0170223
81.2 -0.019363
81.21 -0.0217832
81.22 -0.0242383
81.23 -0.0266821
81.24 -0.0290685
81.25 -0.0313524
81.26 -0.0334911
81.27 -0.0354319
81.28 -0.0371401
81.29 -0.0385957
81.3 -0.0397772
81.31 -0.0406701
81.32 -0.0412671
81.33 -0.0415681
81.34 -0.0415803
81.35 -0.0412994
81.36 -0.0407613
81.37 -0.0400011
81.38 -0.0390512
81.39 -0.0379472
81.4 -0.0367277
81.41 -0.0354325
81.42 -0.0341018
81.43 -0.0327786
81.44 -0.0315033
81.45 -0.0303097
81.46 -0.0292274
81.47 -0.0282813
81.48 -0.0274913
81.49 -0.0268713
81.5 -0.0264294
81.51 -0.0261849
81.52 -0.0261164
81.53 -0.0262127
81.54 -0.0264584
81.55 -0.0268341
81.56 -0.0273169
81.57 -0.0278808
81.58 -0.0284985
81.59 -0.0291405
81.6 -0.0297737
81.61 -0.0303703
81.62 -0.0309046
81.63 -0.0313531
81.64 -0.0316952
81.65 -0.0319141
81.66 -0.0319937
81.67 -0.0319151
81.68 -0.0316857
81.69 -0.0313055
81.7 -0.0307782
81.71 -0.0301113
81.72 -0.029315
81.73 -0.0284026
81.74 -0.0273867
81.75 -0.0262828
81.76 -0.0251159
81.77 -0.0239041
81.78 -0.0226652
81.79 -0.0214163
81.8 -0.0201734
81.81 -0.0189506
81.82 -0.0177622
81.83 -0.0166201
81.84 -0.0155297
81.85 -0.0144962
81.86 -0.0135223
81.87 -0.0126088
81.88 -0.0117542
81.89 -0.0109556
81.9 -0.0102106
81.91 -0.00951208
81.92 -0.00885064
81.93 -0.00821867
81.94 -0.0076083
81.95 -0.00701159
81.96 -0.00642086
81.97 -0.00582884
81.98 -0.00522788
81.99 -0.00461172
82 -0.00397576
82.01 -0.00331598
82.02 -0.00262932
82.03 -0.00191359
82.04 -0.00116752
82.05 -0.000390663
82.06 0.00041893
82.07 0.00125824
82.08 0.00212469
82.09 0.00301579
82.1 0.00392851
82.11 0.00485931
82.12 0.00580424
82.13 0.00675887
82.14 0.00771839
82.15 0.00867669
82.16 0.00962815
82.17 0.0105669
82.18 0.0114869
82.19 0.0123817
82.2 0.0132452
82.21 0.0140709
82.22 0.0148477
82.23 0.0155739
82.24 0.0162441
82.25 0.0168539
82.26 0.0173998
82.27 0.0178793
82.28 0.0182914
82.29 0.0186356
82.3 0.0189095
82.31 0.0191232
82.32 0.0192831
82.33 0.0193971
82.34 0.0194753
82.35 0.0195292
82.36 0.0195721
82.37 0.019619
82.38 0.0196883
82.39 0.0197959
82.4 0.019958
82.41 0.0201906
82.42 0.0205084
82.43 0.0209252
82.44 0.0214523
82.45 0.0221036
82.46 0.0228889
82.47 0.0238024
82.48 0.0248425
82.49 0.0260034
82.5 0.0272755
82.51 0.0286452
82.52 0.0300951
82.53 0.0316058
82.54 0.0331498
82.55 0.0346966
82.56 0.0362172
82.57 0.0376813
82.58 0.0390583
82.59 0.0403182
82.6 0.0414324
82.61 0.0423626
82.62 0.0430866
82.63 0.0435932
82.64 0.0438687
82.65 0.0439045
82.66 0.0436979
82.67 0.0432519
82.68 0.0425753
82.69 0.0416686
82.7 0.0405649
82.71 0.0392966
82.72 0.0378947
82.73 0.0363932
82.74 0.0348292
82.75 0.0332411
82.76 0.031668
82.77 0.0301558
82.78 0.028741
82.79 0.0274557
82.8 0.0263291
82.81 0.0253856
82.82 0.0246439
82.83 0.0241167
82.84 0.0238104
82.85 0.0237451
82.86 0.0238917
82.87 0.0242344
82.88 0.0247523
82.89 0.0254196
82.9 0.0262062
82.91 0.0270783
82.92 0.028
82.93 0.0289314
82.94 0.0298314
82.95 0.0306642
82.96 0.0313967
82.97 0.0319993
82.98 0.0324467
82.99 0.0327186
83 0.0327966
83.01 0.0326597
83.02 0.0323227
83.03 0.0317908
83.04 0.0310752
83.05 0.0301921
83.06 0.0291625
83.07 0.028011
83.08 0.0267631
83.09 0.0254495
83.1 0.0241065
83.11 0.0227633
83.12 0.0214477
83.13 0.0201846
83.14 0.0189954
83.15 0.0178972
83.16 0.0169071
83.17 0.016034
83.18 0.0152721
83.19 0.0146164
83.2 0.014057
83.21 0.0135792
83.22 0.0131647
83.23 0.0127918
83.24 0.0124363
83.25 0.0120697
83.26 0.0116664
83.27 0.0112026
83.28 0.0106567
83.29 0.0100102
83.3 0.0092486
83.31 0.00836176
83.32 0.00733601
83.33 0.00617698
83.34 0.00489624
83.35 0.00350618
83.36 0.00202401
83.37 0.000471225
83.38 -0.00112719
83.39 -0.00274361
83.4 -0.00434551
83.41 -0.00590073
83.42 -0.00738083
83.43 -0.00875909
83.44 -0.0100119
83.45 -0.0111196
83.46 -0.0120675
83.47 -0.0128464
83.48 -0.0134375
83.49 -0.0138591
83.5 -0.0141235
83.51 -0.0142473
83.52 -0.0142524
83.53 -0.0141653
83.54 -0.0140164
83.55 -0.0138387
83.56 -0.0136708
83.57 -0.0135497
83.58 -0.0135085
83.59 -0.013578
83.6 -0.0137848
83.61 -0.0141508
83.62 -0.0146918
83.63 -0.0154199
83.64 -0.0163504
83.65 -0.0174603
83.66 -0.0187353
83.67 -0.0201541
83.68 -0.0216891
83.69 -0.0233069
83.7 -0.0249699
83.71 -0.0266358
83.72 -0.0282541
83.73 -0.0297815
83.74 -0.0311757
83.75 -0.0323972
83.76 -0.0334108
83.77 -0.0341865
83.78 -0.0347013
83.79 -0.0349284
83.8 -0.0348532
83.81 -0.0344962
83.82 -0.033869
83.83 -0.0329914
83.84 -0.031891
83.85 -0.0306021
83.86 -0.029165
83.87 -0.0276218
83.88 -0.0260268
83.89 -0.0244346
83.9 -0.0228937
83.91 -0.0214506
83.92 -0.0201479
83.93 -0.0190229
83.94 -0.0181062
83.95 -0.0174363
83.96 -0.0170229
83.97 -0.0168601
83.98 -0.0169418
83.99 -0.017253
84 -0.0177702
84.01 -0.0184619
84.02 -0.01929
84.03 -0.0202143
84.04 -0.0211776
84.05 -0.0221277
84.06 -0.0230147
84.07 -0.0237909
84.08 -0.0244117
84.09 -0.024838
84.1 -0.0250371
84.11 -0.0249615
84.12 -0.0246127
84.13 -0.0239911
84.14 -0.0231027
84.15 -0.0219635
84.16 -0.0205991
84.17 -0.0190439
84.18 -0.0173398
84.19 -0.0155308
84.2 -0.013685
84.21 -0.0118598
84.22 -0.0101129
84.23 -0.00850095
84.24 -0.00707777
84.25 -0.00589219
84.26 -0.00498924
84.27 -0.00443282
84.28 -0.00421907
84.29 -0.00436059
84.3 -0.00485923
84.31 -0.0057059
84.32 -0.00688081
84.33 -0.00835402
84.34 -0.0100905
84.35 -0.0120496
84.36 -0.0141557
84.37 -0.0163488
84.38 -0.0185668
84.39 -0.0207465
84.4 -0.0228264
84.41 -0.0247481
84.42 -0.0264497
84.43 -0.0278702
84.44 -0.0289886
84.45 -0.0297779
84.46 -0.0302216
84.47 -0.0303138
84.48 -0.0300593
84.49 -0.0294733
84.5 -0.028569
84.51 -0.027382
84.52 -0.0259728
84.53 -0.0243903
84.54 -0.0226871
84.55 -0.0209182
84.56 -0.0191388
84.57 -0.0174027
84.58 -0.015768
84.59 -0.0142842
84.6 -0.0129838
84.61 -0.0118961
84.62 -0.0110413
84.63 -0.0104303
84.64 -0.0100644
84.65 -0.00993558
84.66 -0.0100396
84.67 -0.0103392
84.68 -0.0107925
84.69 -0.0113594
84.7 -0.0119954
84.71 -0.0126536
84.72 -0.0132862
84.73 -0.0138461
84.74 -0.014276
84.75 -0.0145389
84.76 -0.0146037
84.77 -0.0144438
84.78 -0.0140402
84.79 -0.0133824
84.8 -0.0124684
84.81 -0.0113049
84.82 -0.00988748
84.83 -0.00826156
84.84 -0.0064606
84.85 -0.0045213
84.86 -0.00248461
84.87 -0.000394224
84.88 0.00170486
84.89 0.00376768
84.9 0.00573941
84.91 0.00758549
84.92 0.00927169
84.93 0.0107695
84.94 0.012057
84.95 0.0131194
84.96 0.0139492
84.97 0.0145432
84.98 0.0148941
84.99 0.0150376
85 0.0149952
85.01 0.0147934
85.02 0.0144621
85.03 0.0140343
85.04 0.0135439
85.05 0.0130253
85.06 0.0125152
85.07 0.0120451
85.08 0.0116411
85.09 0.0113246
85.1 0.0111122
85.11 0.0110145
85.12 0.0110366
85.13 0.0111821
85.14 0.011446
85.15 0.0118083
85.16 0.0122523
85.17 0.0127581
85.18 0.0133031
85.19 0.0138635
85.2 0.0144152
85.21 0.0149318
85.22 0.0153888
85.23 0.0157697
85.24 0.0160595
85.25 0.0162473
85.26 0.016327
85.27 0.0162966
85.28 0.0161592
85.29 0.0159165
85.3 0.015584
85.31 0.0151812
85.32 0.0147258
85.33 0.0142375
85.34 0.0137365
85.35 0.013243
85.36 0.0127759
85.37 0.0123565
85.38 0.0119982
85.39 0.0117097
85.4 0.011497
85.41 0.0113618
85.42 0.0113017
85.43 0.01131
85.44 0.0113764
85.45 0.0114896
85.46 0.0116281
85.47 0.011773
85.48 0.0119053
85.49 0.0120063
85.5 0.0120589
85.51 0.0120481
85.52 0.0119622
85.53 0.011785
85.54 0.0115218
85.55 0.0111763
85.56 0.0107569
85.57 0.0102775
85.58 0.00975687
85.59 0.00921825
85.6 0.00868899
85.61 0.00820561
85.62 0.00779865
85.63 0.00750017
85.64 0.00734114
85.65 0.00735012
85.66 0.00755203
85.67 0.0079669
85.68 0.00861367
85.69 0.00951362
85.7 0.010646
85.71 0.0120007
85.72 0.0135591
85.73 0.015295
85.74 0.0171746
85.75 0.0191577
85.76 0.0211983
85.77 0.0232397
85.78 0.0252249
85.79 0.0270994
85.8 0.0288098
85.81 0.0303051
85.82 0.031539
85.83 0.0324711
85.84 0.0330522
85.85 0.0332516
85.86 0.0330765
85.87 0.0325253
85.88 0.0316068
85.89 0.0303409
85.9 0.0287573
85.91 0.0268953
85.92 0.0247928
85.93 0.0225148
85.94 0.0201322
85.95 0.0177086
85.96 0.0153086
85.97 0.0129957
85.98 0.0108301
85.99 0.008867
86 0.00717471
86.01 0.00578736
86.02 0.00472398
86.03 0.0040011
86.04 0.0036238
86.05 0.00358555
86.06 0.00386849
86.07 0.00444406
86.08 0.00529056
86.09 0.00634021
86.1 0.00753301
86.11 0.00880991
86.12 0.0101096
86.13 0.0113706
86.14 0.0125335
86.15 0.0135431
86.16 0.0143276
86.17 0.0148605
86.18 0.015114
86.19 0.0150696
86.2 0.01472
86.21 0.0140697
86.22 0.0131347
86.23 0.0119414
86.24 0.0105107
86.25 0.00891542
86.26 0.00721009
86.27 0.00545408
86.28 0.00370934
86.29 0.00203821
86.3 0.000501164
86.31 -0.000841772
86.32 -0.00191851
86.33 -0.0027065
86.34 -0.003176
86.35 -0.00330859
86.36 -0.00309788
86.37 -0.00254995
86.38 -0.00168327
86.39 -0.000521716
86.4 0.000898852
86.41 0.00250406
86.42 0.00423303
86.43 0.00601941
86.44 0.00779351
86.45 0.00948473
86.46 0.0110239
86.47 0.012335
86.48 0.0133457
86.49 0.0140219
86.5 0.0143256
86.51 0.014231
86.52 0.0137249
86.53 0.0128079
86.54 0.0114941
86.55 0.00979436
86.56 0.00775579
86.57 0.00545063
86.58 0.0029418
86.59 0.000299417
86.6 -0.00240154
86.61 -0.00508362
86.62 -0.00766941
86.63 -0.0100688
86.64 -0.0122086
86.65 -0.0140356
86.66 -0.0154994
86.67 -0.0165612
86.68 -0.0171949
86.69 -0.0173881
86.7 -0.0171423
86.71 -0.0164432
86.72 -0.015345
86.73 -0.0139024
86.74 -0.0121693
86.75 -0.0102083
86.76 -0.0080881
86.77 -0.00588141
86.78 -0.00366254
86.79 -0.00151624
86.8 0.00048615
86.81 0.00228344
86.82 0.00382187
86.83 0.00505783
86.84 0.00595917
86.85 0.00650623
86.86 0.00669227
86.87 0.00649049
86.88 0.00595744
86.89 0.00512738
86.9 0.00404361
86.91 0.00275771
86.92 0.00132752
86.93 -0.000185076
86.94 -0.00171603
86.95 -0.00319243
86.96 -0.00455503
86.97 -0.00575132
86.98 -0.00673674
86.99 -0.0074764
87 -0.00794642
87.01 -0.00813478
87.02 -0.00803627
87.03 -0.00765082
87.04 -0.00702867
87.05 -0.00620835
87.06 -0.0052378
87.07 -0.00417259
87.08 -0.00307388
87.09 -0.00200616
87.1 -0.00104029
87.11 -0.000253171
87.12 0.000304011
87.13 0.000579784
87.14 0.00053164
87.15 0.000127768
87.16 -0.000651583
87.17 -0.00181315
87.18 -0.00336606
87.19 -0.00528946
87.2 -0.00752574
87.21 -0.0100266
87.22 -0.0127332
87.23 -0.0155786
87.24 -0.0184893
87.25 -0.021388
87.26 -0.0241866
87.27 -0.0267995
87.28 -0.0291598
87.29 -0.0312033
87.3 -0.0328756
87.31 -0.0341336
87.32 -0.0349477
87.33 -0.0353024
87.34 -0.0351668
87.35 -0.0345769
87.36 -0.0335811
87.37 -0.032227
87.38 -0.0305743
87.39 -0.0286935
87.4 -0.0266635
87.41 -0.0245689
87.42 -0.0225065
87.43 -0.0205718
87.44 -0.0188481
87.45 -0.0174132
87.46 -0.0163361
87.47 -0.0156743
87.48 -0.0154725
87.49 -0.0157603
87.5 -0.0165978
87.51 -0.0179368
87.52 -0.0197496
87.53 -0.0219968
87.54 -0.0246243
87.55 -0.0275649
87.56 -0.03074
87.57 -0.0340625
87.58 -0.037434
87.59 -0.0407448
87.6 -0.0438983
87.61 -0.0468014
87.62 -0.0493677
87.63 -0.0515193
87.64 -0.0531898
87.65 -0.0543173
87.66 -0.0548207
87.67 -0.0547285
87.68 -0.0540392
87.69 -0.0527676
87.7 -0.0509448
87.71 -0.0486164
87.72 -0.0458415
87.73 -0.0426825
87.74 -0.0392153
87.75 -0.0355541
87.76 -0.0317887
87.77 -0.0280096
87.78 -0.0243044
87.79 -0.0207554
87.8 -0.0174375
87.81 -0.0144293
87.82 -0.0117972
87.83 -0.00955884
87.84 -0.00773658
87.85 -0.00633821
87.86 -0.00535699
87.87 -0.00477228
87.88 -0.00455057
87.89 -0.00466023
87.9 -0.00503759
87.91 -0.00560333
87.92 -0.00628907
87.93 -0.00702423
87.94 -0.00773848
87.95 -0.00836416
87.96 -0.00883851
87.97 -0.00908965
87.98 -0.0090716
87.99 -0.00875865
88 -0.00812859
88.01 -0.00717132
88.02 -0.00588912
88.03 -0.00429626
88.04 -0.0024184
88.05 -0.000276307
88.06 0.00206677
88.07 0.00455078
88.08 0.00711731
88.09 0.00970521
88.1 0.0122527
88.11 0.0146996
88.12 0.0169892
88.13 0.0190482
88.14 0.0208449
88.15 0.022349
88.16 0.0235372
88.17 0.0243966
88.18 0.0249252
88.19 0.0251316
88.2 0.0250346
88.21 0.024639
88.22 0.0240124
88.23 0.0232005
88.24 0.0222533
88.25 0.0212239
88.26 0.0201669
88.27 0.0191359
88.28 0.0181839
88.29 0.017373
88.3 0.0167354
88.31 0.016304
88.32 0.0161034
88.33 0.0161494
88.34 0.0164483
88.35 0.0169972
88.36 0.0177886
88.37 0.0188113
88.38 0.0200163
88.39 0.0213674
88.4 0.0228234
88.41 0.0243396
88.42 0.0258695
88.43 0.0273663
88.44 0.0287803
88.45 0.0300598
88.46 0.0311735
88.47 0.0320897
88.48 0.0327836
88.49 0.0332376
88.5 0.0334419
88.51 0.0333946
88.52 0.0330911
88.53 0.0325452
88.54 0.0317924
88.55 0.0308601
88.56 0.0297809
88.57 0.0285905
88.58 0.0273271
88.59 0.0260299
88.6 0.0247401
88.61 0.0234995
88.62 0.0223412
88.63 0.0212948
88.64 0.0203849
88.65 0.0196308
88.66 0.0190457
88.67 0.0186368
88.68 0.0184168
88.69 0.0183728
88.7 0.0184872
88.71 0.0187434
88.72 0.019121
88.73 0.0195963
88.74 0.0201435
88.75 0.0207355
88.76 0.0213445
88.77 0.0219407
88.78 0.0224995
88.79 0.0229997
88.8 0.0234231
88.81 0.0237555
88.82 0.0239869
88.83 0.0241112
88.84 0.0241173
88.85 0.0240179
88.86 0.0238212
88.87 0.0235377
88.88 0.0231808
88.89 0.0227657
88.9 0.0223088
88.91 0.0218273
88.92 0.0213389
88.93 0.0208614
88.94 0.020409
88.95 0.0199932
88.96 0.0196233
88.97 0.0193055
88.98 0.0190428
88.99 0.0188358
89 0.0186842
89.01 0.0185762
89.02 0.0185024
89.03 0.018451
89.04 0.0184086
89.05 0.0183607
89.06 0.0182922
89.07 0.0181864
89.08 0.0180248
89.09 0.0177967
89.1 0.0174904
89.11 0.0170963
89.12 0.0166066
89.13 0.0160164
89.14 0.015323
89.15 0.0145223
89.16 0.0136152
89.17 0.0126132
89.18 0.0115233
89.19 0.0103544
89.2 0.00911643
89.21 0.00782035
89.22 0.00647765
89.23 0.0050988
89.24 0.00369687
89.25 0.00228433
89.26 0.000871241
89.27 -0.0005333
89.28 -0.00192127
89.29 -0.00328575
89.3 -0.00462092
89.31 -0.00591956
89.32 -0.00717826
89.33 -0.00839528
89.34 -0.00956804
89.35 -0.0106942
89.36 -0.0117715
89.37 -0.0127975
89.38 -0.0137694
89.39 -0.0146794
89.4 -0.0155262
89.41 -0.0163069
89.42 -0.0170166
89.43 -0.0176501
89.44 -0.018202
89.45 -0.0186668
89.46 -0.0190396
89.47 -0.0193069
89.48 -0.0194721
89.49 -0.0195344
89.5 -0.0194933
89.51 -0.0193501
89.52 -0.019108
89.53 -0.0187724
89.54 -0.018351
89.55 -0.0178473
89.56 -0.0172818
89.57 -0.0166691
89.58 -0.0160247
89.59 -0.0153657
89.6 -0.0147095
89.61 -0.0140739
89.62 -0.0134767
89.63 -0.0129405
89.64 -0.0124759
89.65 -0.012095
89.66 -0.0118074
89.67 -0.0116195
89.68 -0.0115341
89.69 -0.0115504
89.7 -0.0116659
89.71 -0.0118759
89.72 -0.0121597
89.73 -0.0125013
89.74 -0.0128815
89.75 -0.013279
89.76 -0.0136707
89.77 -0.0140327
89.78 -0.0143381
89.79 -0.014558
89.8 -0.0146746
89.81 -0.014669
89.82 -0.0145251
89.83 -0.014231
89.84 -0.0137789
89.85 -0.0131659
89.86 -0.0123873
89.87 -0.0114508
89.88 -0.0103788
89.89 -0.00918977
89.9 -0.00790673
89.91 -0.00655631
89.92 -0.00516826
89.93 -0.00377455
89.94 -0.00241209
89.95 -0.0011183
89.96 7.57277e-05
89.97 0.00113957
89.98 0.00204579
89.99 0.0027709
90 0.0032961
90.01 0.00360796
90.02 0.00368344
90.03 0.00353065
90.04 0.00316324
90.05 0.00259427
90.06 0.00184278
90.07 0.000933379
90.08 -0.000104434
90.09 -0.00123706
90.1 -0.00242926
90.11 -0.00363435
90.12 -0.00481142
90.13 -0.00592109
90.14 -0.00692565
90.15 -0.00779017
90.16 -0.00848352
90.17 -0.00897934
90.18 -0.00923495
90.19 -0.00925442
90.2 -0.0090332
90.21 -0.00857204
90.22 -0.00787867
90.23 -0.0069676
90.24 -0.0058597
90.25 -0.00458109
90.26 -0.00315453
90.27 -0.00163279
90.28 -5.5572e-05
90.29 0.0015357
90.3 0.003099
90.31 0.00459288
90.32 0.00597758
90.33 0.00721314
90.34 0.00825094
90.35 0.00907664
90.36 0.00966861
90.37 0.0100112
90.38 0.0100954
90.39 0.0099185
90.4 0.00948445
90.41 0.00879698
90.42 0.00786459
90.43 0.00672782
90.44 0.00541381
90.45 0.00395323
90.46 0.00237939
90.47 0.000727273
90.48 -0.000967525
90.49 -0.0026686
90.5 -0.00433736
90.51 -0.00594268
90.52 -0.00745686
90.53 -0.00885608
90.54 -0.010121
90.55 -0.0112371
90.56 -0.0121949
90.57 -0.0129817
90.58 -0.0135995
90.59 -0.0140631
90.6 -0.0143836
90.61 -0.0145759
90.62 -0.014658
90.63 -0.0146508
90.64 -0.0145764
90.65 -0.0144572
90.66 -0.0143207
90.67 -0.0141912
90.68 -0.0140899
90.69 -0.014036
90.7 -0.0140458
90.71 -0.0141327
90.72 -0.0143065
90.73 -0.0145803
90.74 -0.0149512
90.75 -0.015414
90.76 -0.0159622
90.77 -0.016586
90.78 -0.0172722
90.79 -0.018005
90.8 -0.0187664
90.81 -0.0195355
90.82 -0.0202887
90.83 -0.0210046
90.84 -0.0216619
90.85 -0.0222404
90.86 -0.0227212
90.87 -0.023087
90.88 -0.0233229
90.89 -0.0234016
90.9 -0.0233274
90.91 -0.0230951
90.92 -0.0227024
90.93 -0.0221502
90.94 -0.0214429
90.95 -0.0205877
90.96 -0.0195932
90.97 -0.0184639
90.98 -0.0172275
90.99 -0.0159012
91 -0.0145038
91.01 -0.0130549
91.02 -0.0115748
91.03 -0.0100839
91.04 -0.00860316
91.05 -0.00715585
91.06 -0.00575926
91.07 -0.00443024
91.08 -0.00318395
91.09 -0.0020336
91.1 -0.000990299
91.11 -6.28507e-05
91.12 0.000737929
91.13 0.00140379
91.14 0.00194198
91.15 0.0023539
91.16 0.00264325
91.17 0.00281585
91.18 0.00287952
91.19 0.00284384
91.2 0.00271647
91.21 0.00251103
91.22 0.00224591
91.23 0.00193544
91.24 0.00159429
91.25 0.00123721
91.26 0.000878728
91.27 0.000532873
91.28 0.00021516
91.29 -6.11844e-05
91.3 -0.000286694
91.31 -0.000452212
91.32 -0.000550223
91.33 -0.000574971
91.34 -0.000522535
91.35 -0.000390873
91.36 -0.000174349
91.37 0.000121764
91.38 0.000491192
91.39 0.000928525
91.4 0.00142693
91.41 0.00197837
91.42 0.00257379
91.43 0.00320336
91.44 0.00385786
91.45 0.00452411
91.46 0.00519119
91.47 0.00584893
91.48 0.00648774
91.49 0.00709878
91.5 0.00767422
91.51 0.0082073
91.52 0.00868761
91.53 0.00911497
91.54 0.0094872
91.55 0.00980312
91.56 0.0100628
91.57 0.0102676
91.58 0.0104197
91.59 0.0105224
91.6 0.0105759
91.61 0.0105898
91.62 0.010569
91.63 0.010519
91.64 0.0104449
91.65 0.0103519
91.66 0.0102447
91.67 0.0101275
91.68 0.0100043
91.69 0.00987909
91.7 0.00975443
91.71 0.0096325
91.72 0.00951496
91.73 0.00940311
91.74 0.00929798
91.75 0.00920068
91.76 0.00911252
91.77 0.00903393
91.78 0.00896616
91.79 0.00891082
91.8 0.00886994
91.81 0.00884606
91.82 0.0088422
91.83 0.00886301
91.84 0.00891355
91.85 0.00899668
91.86 0.0091169
91.87 0.00927867
91.88 0.00948623
91.89 0.0097434
91.9 0.0100533
91.91 0.0104212
91.92 0.0108479
91.93 0.0113302
91.94 0.0118661
91.95 0.012452
91.96 0.0130825
91.97 0.0137506
91.98 0.0144476
91.99 0.0151639
92 0.015886
92.01 0.0166005
92.02 0.0172941
92.03 0.0179531
92.04 0.0185641
92.05 0.0191141
92.06 0.0195912
92.07 0.0199778
92.08 0.020269
92.09 0.0204611
92.1 0.0205509
92.11 0.0205382
92.12 0.0204256
92.13 0.0202188
92.14 0.0199268
92.15 0.019556
92.16 0.0191282
92.17 0.0186615
92.18 0.0181747
92.19 0.0176882
92.2 0.0172226
92.21 0.0167986
92.22 0.0164364
92.23 0.0161644
92.24 0.015992
92.25 0.0159324
92.26 0.0159954
92.27 0.0161871
92.28 0.0165094
92.29 0.0169599
92.3 0.0175327
92.31 0.0182237
92.32 0.0190054
92.33 0.0198576
92.34 0.0207568
92.35 0.0216767
92.36 0.0225893
92.37 0.0234653
92.38 0.0242731
92.39 0.0249754
92.4 0.0255511
92.41 0.0259759
92.42 0.0262292
92.43 0.0262946
92.44 0.0261602
92.45 0.0258194
92.46 0.0252641
92.47 0.0244937
92.48 0.0235337
92.49 0.0224008
92.5 0.0211169
92.51 0.0197079
92.52 0.0182036
92.53 0.0166362
92.54 0.0150403
92.55 0.0134555
92.56 0.0119174
92.57 0.0104586
92.58 0.00910928
92.59 0.00789565
92.6 0.00683967
92.61 0.00595812
92.62 0.00527326
92.63 0.00478663
92.64 0.00448739
92.65 0.00436631
92.66 0.00440818
92.67 0.00459222
92.68 0.0048927
92.69 0.00527973
92.7 0.00572137
92.71 0.00617582
92.72 0.00660502
92.73 0.00697276
92.74 0.00724428
92.75 0.00738742
92.76 0.00737359
92.77 0.0071787
92.78 0.00676632
92.79 0.00613617
92.8 0.00528703
92.81 0.00422058
92.82 0.00294506
92.83 0.00147506
92.84 -0.000168937
92.85 -0.00196109
92.86 -0.00387894
92.87 -0.0058745
92.88 -0.00790994
92.89 -0.00994689
92.9 -0.0119469
92.91 -0.0138726
92.92 -0.0156885
92.93 -0.0173617
92.94 -0.018846
92.95 -0.0201336
92.96 -0.021208
92.97 -0.0220588
92.98 -0.0226817
92.99 -0.0230784
93 -0.023257
93.01 -0.0232279
93.02 -0.023
93.03 -0.0226145
93.04 -0.0220992
93.05 -0.0214842
93.06 -0.0208014
93.07 -0.0200832
93.08 -0.0193616
93.09 -0.0186691
93.1 -0.0180397
93.11 -0.0174958
93.12 -0.0170583
93.13 -0.0167438
93.14 -0.0165644
93.15 -0.0165274
93.16 -0.0166351
93.17 -0.0168909
93.18 -0.0172894
93.19 -0.0178105
93.2 -0.0184393
93.21 -0.0191583
93.22 -0.0199479
93.23 -0.0207873
93.24 -0.0216552
93.25 -0.0225293
93.26 -0.0233866
93.27 -0.024208
93.28 -0.0249769
93.29 -0.0256788
93.3 -0.0263019
93.31 -0.0268373
93.32 -0.0272788
93.33 -0.0276166
93.34 -0.0278532
93.35 -0.027994
93.36 -0.0280433
93.37 -0.0280066
93.38 -0.0278907
93.39 -0.0277031
93.4 -0.0274516
93.41 -0.0271402
93.42 -0.02678
93.43 -0.0263788
93.44 -0.0259422
93.45 -0.0254748
93.46 -0.0249801
93.47 -0.0244607
93.48 -0.0239184
93.49 -0.0233525
93.5 -0.0227653
93.51 -0.0221577
93.52 -0.0215305
93.53 -0.0208853
93.54 -0.0202242
93.55 -0.0195507
93.56 -0.0188693
93.57 -0.0181866
93.58 -0.017511
93.59 -0.0168519
93.6 -0.0162194
93.61 -0.0156248
93.62 -0.0150803
93.63 -0.014598
93.64 -0.014191
93.65 -0.0138785
93.66 -0.0136637
93.67 -0.0135546
93.68 -0.0135572
93.69 -0.0136746
93.7 -0.013907
93.71 -0.0142514
93.72 -0.0147036
93.73 -0.015257
93.74 -0.0158896
93.75 -0.0165838
93.76 -0.0173197
93.77 -0.0180749
93.78 -0.0188252
93.79 -0.0195455
93.8 -0.0202074
93.81 -0.0207801
93.82 -0.0212441
93.83 -0.0215778
93.84 -0.0217627
93.85 -0.0217835
93.86 -0.0216291
93.87 -0.0212927
93.88 -0.0207634
93.89 -0.0200436
93.9 -0.0191518
93.91 -0.018101
93.92 -0.0169081
93.93 -0.0155938
93.94 -0.0141815
93.95 -0.012697
93.96 -0.0111664
93.97 -0.00962125
93.98 -0.00809024
93.99 -0.00659858
94 -0.00516917
94.01 -0.00382184
94.02 -0.00257269
94.03 -0.0014337
94.04 -0.000420877
94.05 0.000468314
94.06 0.00124045
94.07 0.00190296
94.08 0.00246726
94.09 0.00294823
94.1 0.00336351
94.11 0.00373271
94.12 0.00407624
94.13 0.00441874
94.14 0.0047805
94.15 0.00517955
94.16 0.00563128
94.17 0.0061477
94.18 0.00673692
94.19 0.0074027
94.2 0.00815086
94.21 0.00896784
94.22 0.00984209
94.23 0.0107584
94.24 0.0116982
94.25 0.0126398
94.26 0.0135599
94.27 0.0144335
94.28 0.0152274
94.29 0.0159234
94.3 0.0165008
94.31 0.0169424
94.32 0.017235
94.33 0.0173706
94.34 0.0173464
94.35 0.0171631
94.36 0.0168219
94.37 0.0163523
94.38 0.0157766
94.39 0.0151218
94.4 0.014419
94.41 0.0137025
94.42 0.0130089
94.43 0.0123783
94.44 0.0118557
94.45 0.0114707
94.46 0.0112539
94.47 0.0112314
94.48 0.0114235
94.49 0.0118435
94.5 0.0124976
94.51 0.0133933
94.52 0.0145222
94.53 0.0158507
94.54 0.0173512
94.55 0.0189896
94.56 0.0207256
94.57 0.0225144
94.58 0.0243077
94.59 0.0260499
94.6 0.0276843
94.61 0.029165
94.62 0.0304469
94.63 0.0314901
94.64 0.0322611
94.65 0.0327336
94.66 0.0328904
94.67 0.032702
94.68 0.0321815
94.69 0.0313541
94.7 0.030243
94.71 0.0288802
94.72 0.0273055
94.73 0.0255654
94.74 0.0237117
94.75 0.0217997
94.76 0.0198957
94.77 0.0180579
94.78 0.0163404
94.79 0.0147934
94.8 0.0134612
94.81 0.0123806
94.82 0.0115802
94.83 0.0111062
94.84 0.010943
94.85 0.0110827
94.86 0.0115102
94.87 0.0122009
94.88 0.0131209
94.89 0.0142283
94.9 0.015475
94.91 0.0168105
94.92 0.018165
94.93 0.0194809
94.94 0.0207022
94.95 0.0217759
94.96 0.0226543
94.97 0.0232961
94.98 0.0236646
94.99 0.0237118
95 0.023451
95.01 0.0228817
95.02 0.0220137
95.03 0.0208673
95.04 0.0194724
95.05 0.0178672
95.06 0.0160946
95.07 0.0142061
95.08 0.0122696
95.09 0.0103419
95.1 0.00847939
95.11 0.00673587
95.12 0.00516074
95.13 0.00379726
95.14 0.00269105
95.15 0.00187901
95.16 0.00135921
95.17 0.0011357
95.18 0.00120206
95.19 0.00154159
95.2 0.00212803
95.21 0.00292642
95.22 0.00390017
95.23 0.00499461
95.24 0.00614811
95.25 0.00730608
95.26 0.00841425
95.27 0.00942058
95.28 0.0102772
95.29 0.0109419
95.3 0.0113648
95.31 0.011522
95.32 0.011409
95.33 0.0110217
95.34 0.0103664
95.35 0.00945947
95.36 0.00832668
95.37 0.00700216
95.38 0.00551989
95.39 0.00393916
95.4 0.0023156
95.41 0.000701989
95.42 -0.00084948
95.43 -0.00228913
95.44 -0.00357167
95.45 -0.00465791
95.46 -0.00549519
95.47 -0.00607522
95.48 -0.00639151
95.49 -0.00644392
95.5 -0.00624268
95.51 -0.00580806
95.52 -0.00516971
95.53 -0.0043656
95.54 -0.00343389
95.55 -0.00244081
95.56 -0.00144113
95.57 -0.000489876
95.58 0.000359081
95.59 0.00105507
95.6 0.00155255
95.61 0.0018111
95.62 0.00177476
95.63 0.00144866
95.64 0.000825602
95.65 -9.04346e-05
95.66 -0.00128432
95.67 -0.00273017
95.68 -0.00439213
95.69 -0.00622764
95.7 -0.00818587
95.71 -0.0101947
95.72 -0.0121926
95.73 -0.0141175
95.74 -0.0159084
95.75 -0.0175084
95.76 -0.0188661
95.77 -0.019928
95.78 -0.020644
95.79 -0.021014
95.8 -0.0210291
95.81 -0.0206928
95.82 -0.0200208
95.83 -0.019041
95.84 -0.0177922
95.85 -0.0163164
95.86 -0.0146765
95.87 -0.0129496
95.88 -0.0112041
95.89 -0.00950962
95.9 -0.00793441
95.91 -0.00654335
95.92 -0.00539535
95.93 -0.00455962
95.94 -0.0040789
95.95 -0.00396555
95.96 -0.00423318
95.97 -0.00488191
95.98 -0.00589823
95.99 -0.00725527
96 -0.00891358
96.01 -0.0108347
96.02 -0.0129417
96.03 -0.0151558
96.04 -0.017402
96.05 -0.0196029
96.06 -0.0216809
96.07 -0.0235612
96.08 -0.0251742
96.09 -0.0264278
96.1 -0.0272841
96.11 -0.027713
96.12 -0.0276898
96.13 -0.0272043
96.14 -0.0262604
96.15 -0.0248767
96.16 -0.0230856
96.17 -0.0209049
96.18 -0.0184272
96.19 -0.0157249
96.2 -0.0128734
96.21 -0.00995247
96.22 -0.00704382
96.23 -0.00422839
96.24 -0.00158398
96.25 0.000786918
96.26 0.00284155
96.27 0.00452918
96.28 0.0058112
96.29 0.00666226
96.3 0.00707091
96.31 0.00703983
96.32 0.00658061
96.33 0.00569778
96.34 0.00447297
96.35 0.00296064
96.36 0.00122323
96.37 -0.000671004
96.38 -0.00265039
96.39 -0.00464226
96.4 -0.00657217
96.41 -0.00835898
96.42 -0.00994867
96.43 -0.0112904
96.44 -0.0123433
96.45 -0.0130781
96.46 -0.0134772
96.47 -0.0135356
96.48 -0.0132494
96.49 -0.0126328
96.5 -0.0117398
96.51 -0.0106123
96.52 -0.00929946
96.53 -0.00785615
96.54 -0.00634069
96.55 -0.00481268
96.56 -0.00333591
96.57 -0.00197341
96.58 -0.000771377
96.59 0.000228312
96.6 0.000992409
96.61 0.00149732
96.62 0.00172978
96.63 0.00168718
96.64 0.00136237
96.65 0.000782204
96.66 -1.33206e-05
96.67 -0.000987506
96.68 -0.00209766
96.69 -0.00329683
96.7 -0.00453574
96.71 -0.00576466
96.72 -0.00692791
96.73 -0.00797901
96.74 -0.00888176
96.75 -0.00960513
96.76 -0.0101262
96.77 -0.010431
96.78 -0.0105148
96.79 -0.0103823
96.8 -0.0100325
96.81 -0.00950474
96.82 -0.00883402
96.83 -0.00805761
96.84 -0.00721699
96.85 -0.00635611
96.86 -0.00551956
96.87 -0.0047507
96.88 -0.00410371
96.89 -0.00360632
96.9 -0.00328547
96.91 -0.00316084
96.92 -0.00324344
96.93 -0.00353511
96.94 -0.0040283
96.95 -0.00470745
96.96 -0.00555775
96.97 -0.00652749
96.98 -0.00757611
96.99 -0.00865864
97 -0.00972746
97.01 -0.0107342
97.02 -0.0116318
97.03 -0.0123724
97.04 -0.0129011
97.05 -0.0132006
97.06 -0.0132488
97.07 -0.0130332
97.08 -0.0125514
97.09 -0.0118114
97.1 -0.0108317
97.11 -0.00963548
97.12 -0.00825891
97.13 -0.00676355
97.14 -0.00520216
97.15 -0.0036314
97.16 -0.00210975
97.17 -0.000695294
97.18 0.000556408
97.19 0.00158341
97.2 0.00233299
97.21 0.00278504
97.22 0.00291707
97.23 0.00271819
97.24 0.00218978
97.25 0.00134578
97.26 0.000212502
97.27 -0.001183
97.28 -0.00278209
97.29 -0.00451349
97.3 -0.00631058
97.31 -0.0081022
97.32 -0.00981498
97.33 -0.0113759
97.34 -0.012715
97.35 -0.0137444
97.36 -0.0144112
97.37 -0.0146816
97.38 -0.0145235
97.39 -0.0139188
97.4 -0.0128634
97.41 -0.0113683
97.42 -0.00945936
97.43 -0.0071512
97.44 -0.00452547
97.45 -0.00165769
97.46 0.00137594
97.47 0.00449255
97.48 0.00760528
97.49 0.010626
97.5 0.0134681
97.51 0.0160192
97.52 0.0182197
97.53 0.0200101
97.54 0.0213407
97.55 0.0221757
97.56 0.0224946
97.57 0.0222935
97.58 0.0215837
97.59 0.0203509
97.6 0.0186926
97.61 0.0166695
97.62 0.0143538
97.63 0.0118268
97.64 0.00917669
97.65 0.00649522
97.66 0.00387728
97.67 0.00143432
97.68 -0.000756599
97.69 -0.00262009
97.7 -0.00409166
97.71 -0.00511971
97.72 -0.00566712
97.73 -0.00571238
97.74 -0.00523772
97.75 -0.00423208
97.76 -0.00276468
97.77 -0.00088059
97.78 0.0013623
97.79 0.00389522
97.8 0.00664093
97.81 0.00951626
97.82 0.0124331
97.83 0.015293
97.84 0.0180111
97.85 0.0205106
97.86 0.0227232
97.87 0.0245911
97.88 0.0260688
97.89 0.0271244
97.9 0.027719
97.91 0.0278503
97.92 0.0275568
97.93 0.026868
97.94 0.0258254
97.95 0.0244816
97.96 0.0228977
97.97 0.0211413
97.98 0.0192826
97.99 0.0174059
98 0.0155861
98.01 0.0138901
98.02 0.0123782
98.03 0.0111023
98.04 0.010104
98.05 0.00941362
98.06 0.0090732
98.07 0.00907208
98.08 0.00939065
98.09 0.0100068
98.1 0.0108876
98.11 0.011991
98.12 0.0132673
98.13 0.0146615
98.14 0.0161148
98.15 0.0175581
98.16 0.0189329
98.17 0.0201857
98.18 0.021269
98.19 0.022143
98.2 0.0227769
98.21 0.0231503
98.22 0.0232275
98.23 0.0230367
98.24 0.022594
98.25 0.0219241
98.26 0.0210608
98.27 0.0200452
98.28 0.0189241
98.29 0.0177483
98.3 0.0165757
98.31 0.0154623
98.32 0.0144568
98.33 0.0136029
98.34 0.0129377
98.35 0.0124899
98.36 0.0122789
98.37 0.0123189
98.38 0.0126223
98.39 0.0131543
98.4 0.0138902
98.41 0.0147963
98.42 0.0158309
98.43 0.0169459
98.44 0.018089
98.45 0.0192022
98.46 0.0202202
98.47 0.0210924
98.48 0.0217701
98.49 0.0222108
98.5 0.0223797
98.51 0.0222515
98.52 0.021811
98.53 0.0210406
98.54 0.0199454
98.55 0.0185645
98.56 0.0169292
98.57 0.0150797
98.58 0.0130641
98.59 0.0109368
98.6 0.00875603
98.61 0.00658623
98.62 0.00449521
98.63 0.00253917
98.64 0.000769878
98.65 -0.000767952
98.66 -0.0020383
98.67 -0.00301525
98.68 -0.00368398
98.69 -0.00402111
98.7 -0.00404873
98.71 -0.00380082
98.72 -0.00331152
98.73 -0.00262456
98.74 -0.00179169
98.75 -0.000870858
98.76 7.58696e-05
98.77 0.000976402
98.78 0.00176317
98.79 0.00237768
98.8 0.00276616
98.81 0.00288255
98.82 0.00269027
98.83 0.00216368
98.84 0.00128915
98.85 3.50165e-05
98.86 -0.00155523
98.87 -0.00345044
98.88 -0.00561137
98.89 -0.00798836
98.9 -0.010523
98.91 -0.0131498
98.92 -0.0157989
98.93 -0.0183855
98.94 -0.020837
98.95 -0.0230852
98.96 -0.0250674
98.97 -0.0267289
98.98 -0.0280248
98.99 -0.0289217
99 -0.0293928
99.01 -0.0293998
99.02 -0.0289895
99.03 -0.028185
99.04 -0.0270223
99.05 -0.0255487
99.06 -0.0238216
99.07 -0.0219064
99.08 -0.0198734
99.09 -0.017804
99.1 -0.0157815
99.11 -0.0138789
99.12 -0.012164
99.13 -0.0106979
99.14 -0.00953201
99.15 -0.00870714
99.16 -0.00826609
99.17 -0.00823402
99.18 -0.00858501
99.19 -0.00930316
99.2 -0.0103595
99.21 -0.0117129
99.22 -0.0133117
99.23 -0.0150954
99.24 -0.016999
99.25 -0.0189407
99.26 -0.0208415
99.27 -0.0226292
99.28 -0.0242355
99.29 -0.0255984
99.3 -0.0266639
99.31 -0.0273882
99.32 -0.027715
99.33 -0.0276324
99.34 -0.0271524
99.35 -0.0262855
99.36 -0.0250551
99.37 -0.0234968
99.38 -0.0216568
99.39 -0.0195906
99.4 -0.0173539
99.41 -0.0150299
99.42 -0.0126934
99.43 -0.0104146
99.44 -0.00826062
99.45 -0.0062935
99.46 -0.00456817
99.47 -0.00313052
99.48 -0.0020456
99.49 -0.00131505
99.5 -0.000942074
99.51 -0.000922569
99.52 -0.00124027
99.53 -0.00186749
99.54 -0.00276632
99.55 -0.00389006
99.56 -0.00519601
99.57 -0.00660406
99.58 -0.00805211
99.59 -0.00947901
99.6 -0.0108261
99.61 -0.0120393
99.62 -0.0130713
99.63 -0.0138809
99.64 -0.0144156
99.65 -0.0146807
99.66 -0.0146719
99.67 -0.0143967
99.68 -0.0138735
99.69 -0.0131313
99.7 -0.0122085
99.71 -0.0111495
99.72 -0.0100081
99.73 -0.00885118
99.74 -0.00773689
99.75 -0.00672213
99.76 -0.00586057
99.77 -0.00520051
99.78 -0.00478294
99.79 -0.00464935
99.8 -0.00483373
99.81 -0.00532405
99.82 -0.00611564
99.83 -0.00719177
99.84 -0.00852405
99.85 -0.0100733
99.86 -0.0117906
99.87 -0.0136211
99.88 -0.0154935
99.89 -0.017334
99.9 -0.019074
99.91 -0.0206457
99.92 -0.0219854
99.93 -0.0230349
99.94 -0.0237443
99.95 -0.0240504
99.96 -0.0239261
99.97 -0.0233761
99.98 -0.0224005
99.99 -0.0210133
100 -0.0192416
100.01 -0.0171252
100.02 -0.0147153
100.03 -0.0120623
100.04 -0.00925267
100.05 -0.00637018
100.06 -0.00349417
100.07 -0.000704376
100.08 0.0019215
100.09 0.00431027
100.1 0.00639555
100.11 0.00808735
100.12 0.00935709
100.13 0.0101816
100.14 0.0105434
100.15 0.0104393
100.16 0.00988009
100.17 0.0088907
100.18 0.00750912
100.19 0.00575958
100.2 0.00373761
100.21 0.00151704
100.22 -0.000825828
100.23 -0.00321133
100.24 -0.0055589
100.25 -0.00778951
100.26 -0.00982749
100.27 -0.0115726
100.28 -0.0129869
100.29 -0.0140227
100.3 -0.0146443
100.31 -0.0148286
100.32 -0.0145658
100.33 -0.0138598
100.34 -0.0127218
100.35 -0.0111571
100.36 -0.00924605
100.37 -0.00704166
100.38 -0.00460491
100.39 -0.00200251
100.4 0.000695104
100.41 0.00341603
100.42 0.00608592
100.43 0.00862328
100.44 0.0109708
100.45 0.013074
100.46 0.0148872
100.47 0.0163746
100.48 0.0175115
100.49 0.0182843
100.5 0.0186777
100.51 0.018695
100.52 0.0183822
100.53 0.0177718
100.54 0.0169048
100.55 0.0158293
100.56 0.0145985
100.57 0.0132692
100.58 0.011901
100.59 0.01056
100.6 0.00930336
100.61 0.00818262
100.62 0.00724353
100.63 0.00652503
100.64 0.0060581
100.65 0.00586505
100.66 0.00597701
100.67 0.00639024
100.68 0.00708558
100.69 0.00804648
100.7 0.00924832
100.71 0.0106594
100.72 0.012242
100.73 0.0139537
100.74 0.0157511
100.75 0.0175771
100.76 0.0193815
100.77 0.0211173
100.78 0.0227403
100.79 0.0242099
100.8 0.0254903
100.81 0.0265516
100.82 0.0273476
100.83 0.0278782
100.84 0.028139
100.85 0.0281291
100.86 0.0278545
100.87 0.0273277
100.88 0.026567
100.89 0.0255961
100.9 0.0244284
100.91 0.0231161
100.92 0.0216945
100.93 0.0201999
100.94 0.018669
100.95 0.0171378
100.96 0.0156413
100.97 0.014213
100.98 0.0128939
100.99 0.0117029
101 0.0106615
101.01 0.00978718
101.02 0.00909285
101.03 0.00858687
101.04 0.00827306
101.05 0.00815468
101.06 0.00823722
101.07 0.00849565
101.08 0.00891692
101.09 0.009485
101.1 0.0101812
101.11 0.0109848
101.12 0.0118734
101.13 0.0128246
101.14 0.0138125
101.15 0.0148088
101.16 0.0157894
101.17 0.0167312
101.18 0.0176121
101.19 0.0184117
101.2 0.0191115
101.21 0.0196894
101.22 0.0201284
101.23 0.0204251
101.24 0.0205719
101.25 0.0205647
101.26 0.0204025
101.27 0.0200874
101.28 0.0196251
101.29 0.0190173
101.3 0.0182792
101.31 0.0174327
101.32 0.0164957
101.33 0.0154885
101.34 0.0144333
101.35 0.0133537
101.36 0.0122742
101.37 0.0112229
101.38 0.0102265
101.39 0.00930739
101.4 0.00848731
101.41 0.00778576
101.42 0.00721941
101.43 0.00680151
101.44 0.00654149
101.45 0.00645766
101.46 0.0065403
101.47 0.00678065
101.48 0.00716865
101.49 0.00768951
101.5 0.00832406
101.51 0.00904903
101.52 0.0098376
101.53 0.0106602
101.54 0.0114789
101.55 0.0122599
101.56 0.0129696
101.57 0.0135752
101.58 0.0140454
101.59 0.0143518
101.6 0.0144688
101.61 0.0143543
101.62 0.014013
101.63 0.0134369
101.64 0.0126238
101.65 0.011578
101.66 0.0103103
101.67 0.00883792
101.68 0.00718148
101.69 0.00536211
101.7 0.00342927
101.71 0.0014206
101.72 -0.000623768
101.73 -0.00266228
101.74 -0.00465319
101.75 -0.00655572
101.76 -0.00832688
101.77 -0.00991994
101.78 -0.0113152
101.79 -0.0124885
101.8 -0.0134222
101.81 -0.014105
101.82 -0.0145333
101.83 -0.0147104
101.84 -0.0146381
101.85 -0.0143318
101.86 -0.0138313
101.87 -0.0131672
101.88 -0.0123741
101.89 -0.0114902
101.9 -0.0105555
101.91 -0.00961084
101.92 -0.00870015
101.93 -0.00786699
101.94 -0.0071442
101.95 -0.00656209
101.96 -0.00614568
101.97 -0.00591395
101.98 -0.00587934
101.99 -0.00604738
102 -0.00642867
102.01 -0.00700811
102.02 -0.00776166
102.03 -0.00866741
102.04 -0.00969858
102.05 -0.0108246
102.06 -0.0120121
102.07 -0.0132263
102.08 -0.0144289
102.09 -0.0155827
102.1 -0.0166568
102.11 -0.0176237
102.12 -0.0184604
102.13 -0.0191493
102.14 -0.0196785
102.15 -0.0200427
102.16 -0.0202292
102.17 -0.0202589
102.18 -0.0201488
102.19 -0.0199191
102.2 -0.019594
102.21 -0.0192017
102.22 -0.0187723
102.23 -0.0183376
102.24 -0.0179347
102.25 -0.0175937
102.26 -0.0173415
102.27 -0.0172013
102.28 -0.0171917
102.29 -0.0173256
102.3 -0.0176096
102.31 -0.0180456
102.32 -0.0186378
102.33 -0.0193583
102.34 -0.0201866
102.35 -0.0210975
102.36 -0.0220609
102.37 -0.0230435
102.38 -0.0240097
102.39 -0.0249209
102.4 -0.0257315
102.41 -0.026412
102.42 -0.0269315
102.43 -0.0272632
102.44 -0.0273859
102.45 -0.0272843
102.46 -0.02695
102.47 -0.0263739
102.48 -0.0255555
102.49 -0.0245256
102.5 -0.0233052
102.51 -0.0219218
102.52 -0.0204074
102.53 -0.0187984
102.54 -0.0171335
102.55 -0.0154546
102.56 -0.0138077
102.57 -0.0122319
102.58 -0.0107629
102.59 -0.00943228
102.6 -0.00826617
102.61 -0.00728469
102.62 -0.00650109
102.63 -0.00593288
102.64 -0.00557487
102.65 -0.0054074
102.66 -0.00541308
102.67 -0.00556831
102.68 -0.0058442
102.69 -0.00620761
102.7 -0.00662242
102.71 -0.00704905
102.72 -0.00744465
102.73 -0.00777264
102.74 -0.00799963
102.75 -0.00809648
102.76 -0.00803936
102.77 -0.00781072
102.78 -0.00740001
102.79 -0.0067896
102.8 -0.00599702
102.81 -0.00504023
102.82 -0.00394055
102.83 -0.00272578
102.84 -0.00142934
102.85 -8.91661e-05
102.86 0.00125361
102.87 0.00254823
102.88 0.003751
102.89 0.00482081
102.9 0.00571924
102.91 0.00641234
102.92 0.00687189
102.93 0.00707644
102.94 0.00701124
102.95 0.00664509
102.96 0.0060097
102.97 0.00511884
102.98 0.00399457
102.99 0.00266663
103 0.00117165
103.01 -0.000448004
103.02 -0.00214576
103.03 -0.00386777
103.04 -0.00555633
103.05 -0.00716016
103.06 -0.00863002
103.07 -0.00992021
103.08 -0.01099
103.09 -0.0118047
103.1 -0.0123288
103.11 -0.0125277
103.12 -0.0124141
103.13 -0.0119886
103.14 -0.0112606
103.15 -0.010248
103.16 -0.00897683
103.17 -0.00748002
103.18 -0.00579116
103.19 -0.00395693
103.2 -0.00203641
103.21 -7.90383e-05
103.22 0.00186575
103.23 0.00374991
103.24 0.00552826
103.25 0.00715974
103.26 0.00859765
103.27 0.00980956
103.28 0.0107842
103.29 0.0115084
103.3 0.0119769
103.31 0.0121921
103.32 0.0121639
103.33 0.0119089
103.34 0.0114392
103.35 0.010792
103.36 0.0100085
103.37 0.00912467
103.38 0.00817807
103.39 0.00720662
103.4 0.00624737
103.41 0.00533537
103.42 0.00451075
103.43 0.00380014
103.44 0.0032236
103.45 0.00279807
103.46 0.00253491
103.47 0.00243981
103.48 0.00251286
103.49 0.00274883
103.5 0.00314958
103.51 0.00368753
103.52 0.00434166
103.53 0.00509053
103.54 0.00591088
103.55 0.00677854
103.56 0.00766925
103.57 0.00855943
103.58 0.00942268
103.59 0.0102398
103.6 0.010994
103.61 0.0116714
103.62 0.0122615
103.63 0.0127569
103.64 0.0131537
103.65 0.01345
103.66 0.0136403
103.67 0.0137386
103.68 0.0137521
103.69 0.0136893
103.7 0.0135596
103.71 0.0133732
103.72 0.0131404
103.73 0.0128708
103.74 0.0125733
103.75 0.0122593
103.76 0.0119365
103.77 0.0116113
103.78 0.0112897
103.79 0.0109762
103.8 0.0106752
103.81 0.0103909
103.82 0.0101279
103.83 0.00988871
103.84 0.00967718
103.85 0.00949781
103.86 0.00935576
103.87 0.00925702
103.88 0.00920835
103.89 0.00922024
103.9 0.00930256
103.91 0.0094604
103.92 0.00970194
103.93 0.0100348
103.94 0.0104655
103.95 0.0109991
103.96 0.0116383
103.97 0.0123893
103.98 0.0132469
103.99 0.0141993
104 0.0152352
104.01 0.0163395
104.02 0.0174932
104.03 0.0186731
104.04 0.0198527
104.05 0.0209977
104.06 0.022073
104.07 0.0230455
104.08 0.0238801
104.09 0.0245425
104.1 0.0249997
104.11 0.0252215
104.12 0.0251811
104.13 0.0248326
104.14 0.0241767
104.15 0.0232117
104.16 0.0219377
104.17 0.0203626
104.18 0.0185028
104.19 0.0163826
104.2 0.0140345
104.21 0.0114852
104.22 0.00880229
104.23 0.00604059
104.24 0.00325736
104.25 0.000512441
104.26 -0.00213337
104.27 -0.00461994
104.28 -0.0068885
104.29 -0.00885515
104.3 -0.0104959
104.31 -0.0117721
104.32 -0.0126543
104.33 -0.0131228
104.34 -0.0131688
104.35 -0.0127944
104.36 -0.0120074
104.37 -0.0108099
104.38 -0.00927451
104.39 -0.00744873
104.4 -0.00538834
104.41 -0.00315588
104.42 -0.000818961
104.43 0.00155165
104.44 0.00388088
104.45 0.00608455
104.46 0.00809943
104.47 0.00986419
104.48 0.0113249
104.49 0.0124364
104.5 0.0131641
104.51 0.0134845
104.52 0.0133697
104.53 0.0128135
104.54 0.011858
104.55 0.0105315
104.56 0.00887304
104.57 0.00693149
104.58 0.00476375
104.59 0.00243323
104.6 6.71038e-06
104.61 -0.00243566
104.62 -0.00481947
104.63 -0.00707711
104.64 -0.00914555
104.65 -0.0109683
104.66 -0.012497
104.67 -0.013693
104.68 -0.0145043
104.69 -0.0149239
104.7 -0.0149642
104.71 -0.0146357
104.72 -0.0139606
104.73 -0.012972
104.74 -0.0117121
104.75 -0.0102315
104.76 -0.00857975
104.77 -0.00683365
104.78 -0.00506157
104.79 -0.00332766
104.8 -0.00169388
104.81 -0.000217967
104.82 0.00104833
104.83 0.00206092
104.84 0.00275723
104.85 0.00313292
104.86 0.00318062
104.87 0.00290012
104.88 0.0023023
104.89 0.00140872
104.9 0.000250768
104.91 -0.00113139
104.92 -0.00270246
104.93 -0.00438664
104.94 -0.00612572
104.95 -0.00786027
104.96 -0.00953125
104.97 -0.0110819
104.98 -0.0124597
104.99 -0.013615
105 -0.014484
105.01 -0.0150584
105.02 -0.0153189
105.03 -0.0152565
105.04 -0.0148722
105.05 -0.0141771
105.06 -0.0131921
105.07 -0.011942
105.08 -0.0104569
105.09 -0.00880246
105.1 -0.00702869
105.11 -0.00518866
105.12 -0.0033367
105.13 -0.00152665
105.14 0.000189758
105.15 0.00175815
105.16 0.00312493
105.17 0.00426538
105.18 0.00515238
105.19 0.00576704
105.2 0.00609915
105.21 0.00614719
105.22 0.00591821
105.23 0.00541639
105.24 0.00466588
105.25 0.00371135
105.26 0.00258811
105.27 0.00133511
105.28 -6.38902e-06
105.29 -0.0013942
105.3 -0.00278663
105.31 -0.00413951
105.32 -0.00541227
105.33 -0.0065751
105.34 -0.00760161
105.35 -0.00847125
105.36 -0.00916969
105.37 -0.00968899
105.38 -0.0100275
105.39 -0.0101783
105.4 -0.0101598
105.41 -0.00999378
105.42 -0.00969996
105.43 -0.00930107
105.44 -0.00882166
105.45 -0.0082871
105.46 -0.00772255
105.47 -0.00715331
105.48 -0.00660342
105.49 -0.00609112
105.5 -0.00563099
105.51 -0.00523357
105.52 -0.00490517
105.53 -0.00464784
105.54 -0.00445949
105.55 -0.00433923
105.56 -0.00427107
105.57 -0.00424199
105.58 -0.00423764
105.59 -0.00424263
105.6 -0.00424139
105.61 -0.00421896
105.62 -0.00416154
105.63 -0.00405246
105.64 -0.00388733
105.65 -0.00366146
105.66 -0.00337378
105.67 -0.00302694
105.68 -0.00262733
105.69 -0.00218486
105.7 -0.00171241
105.71 -0.00122685
105.72 -0.000748795
105.73 -0.00029772
105.74 0.000106529
105.75 0.000444536
105.76 0.000698129
105.77 0.00085116
105.78 0.000886699
105.79 0.000788399
105.8 0.000559574
105.81 0.000199359
105.82 -0.000288659
105.83 -0.00089646
105.84 -0.00161176
105.85 -0.00241834
105.86 -0.00329845
105.87 -0.00422741
105.88 -0.00517607
105.89 -0.00611839
105.9 -0.00702821
105.91 -0.00788007
105.92 -0.00865011
105.93 -0.00931689
105.94 -0.00985501
105.95 -0.010249
105.96 -0.010496
105.97 -0.0105916
105.98 -0.0105365
105.99 -0.0103362
106 -0.0100007
106.01 -0.00954454
106.02 -0.00898082
106.03 -0.00833671
106.04 -0.00764025
106.05 -0.00691711
106.06 -0.00619346
106.07 -0.00549503
106.08 -0.00484631
106.09 -0.00426966
106.1 -0.00379283
106.11 -0.00342835
106.12 -0.00318486
106.13 -0.00306894
106.14 -0.00308263
106.15 -0.00322338
106.16 -0.00348426
106.17 -0.00385428
106.18 -0.00432554
106.19 -0.00487118
106.2 -0.0054695
106.21 -0.00609864
106.22 -0.00673615
106.23 -0.00735979
106.24 -0.00794833
106.25 -0.00848224
106.26 -0.00893581
106.27 -0.00930127
106.28 -0.00956877
106.29 -0.00973205
106.3 -0.00978864
106.31 -0.00973982
106.32 -0.00959044
106.33 -0.00934774
106.34 -0.00901755
106.35 -0.00862174
106.36 -0.00817541
106.37 -0.00769443
106.38 -0.00719477
106.39 -0.00669177
106.4 -0.00619955
106.41 -0.00573115
106.42 -0.00529921
106.43 -0.00490826
106.44 -0.00456175
106.45 -0.00426
106.46 -0.00400026
106.47 -0.00377685
106.48 -0.00358149
106.49 -0.00340389
106.5 -0.00323043
106.51 -0.00304672
106.52 -0.00283921
106.53 -0.00259481
106.54 -0.00230157
106.55 -0.0019493
106.56 -0.00153015
106.57 -0.00103565
106.58 -0.000463569
106.59 0.000179622
106.6 0.000887866
106.61 0.00165163
106.62 0.0024581
106.63 0.00329159
106.64 0.00413395
106.65 0.00496333
106.66 0.005756
106.67 0.00649117
106.68 0.00714807
106.69 0.00770738
106.7 0.00815203
106.71 0.00846783
106.72 0.00864416
106.73 0.00866404
106.74 0.0085316
106.75 0.00825517
106.76 0.00784327
106.77 0.00730904
106.78 0.00666992
106.79 0.00594723
106.8 0.00516553
106.81 0.00435173
106.82 0.00353978
106.83 0.0027599
106.84 0.0020414
106.85 0.00141226
106.86 0.000898216
106.87 0.000521966
106.88 0.000302365
106.89 0.000270803
106.9 0.000421738
106.91 0.000756705
106.92 0.00127299
106.93 0.00196246
106.94 0.00281183
106.95 0.00380304
106.96 0.00491427
106.97 0.00612536
106.98 0.00739623
106.99 0.00869638
107 0.00999475
107.01 0.0112607
107.02 0.012465
107.03 0.0135806
107.04 0.0145814
107.05 0.0154363
107.06 0.0161408
107.07 0.0166851
107.08 0.0170645
107.09 0.0172797
107.1 0.017336
107.11 0.0172437
107.12 0.0170138
107.13 0.0166619
107.14 0.0162191
107.15 0.0157089
107.16 0.0151556
107.17 0.0145839
107.18 0.0140177
107.19 0.0134792
107.2 0.0129911
107.21 0.0125734
107.22 0.0122355
107.23 0.011986
107.24 0.011829
107.25 0.0117646
107.26 0.0117886
107.27 0.0118931
107.28 0.0120694
107.29 0.0123004
107.3 0.0125658
107.31 0.0128469
107.32 0.0131245
107.33 0.0133798
107.34 0.0135944
107.35 0.0137522
107.36 0.0138337
107.37 0.0138287
107.38 0.0137331
107.39 0.0135435
107.4 0.0132606
107.41 0.0128887
107.42 0.0124358
107.43 0.0119135
107.44 0.011333
107.45 0.0107161
107.46 0.0100828
107.47 0.00945279
107.48 0.00884579
107.49 0.00828091
107.5 0.00777592
107.51 0.0073466
107.52 0.00701486
107.53 0.00678444
107.54 0.00665988
107.55 0.00664307
107.56 0.0067321
107.57 0.00692126
107.58 0.00720132
107.59 0.00755978
107.6 0.00798595
107.61 0.0084543
107.62 0.00894543
107.63 0.00943928
107.64 0.00991578
107.65 0.0103556
107.66 0.0107407
107.67 0.0110542
107.68 0.011275
107.69 0.0113998
107.7 0.0114226
107.71 0.0113406
107.72 0.0111546
107.73 0.010869
107.74 0.0104913
107.75 0.0100304
107.76 0.00949717
107.77 0.00891288
107.78 0.00829379
107.79 0.00765657
107.8 0.00701765
107.81 0.00639259
107.82 0.0057955
107.83 0.0052402
107.84 0.00473871
107.85 0.00429426
107.86 0.00390976
107.87 0.00358492
107.88 0.00331631
107.89 0.00309757
107.9 0.00291967
107.91 0.00277204
107.92 0.00263985
107.93 0.00250716
107.94 0.00235919
107.95 0.00218144
107.96 0.00196031
107.97 0.00168374
107.98 0.00134173
107.99 0.000922319
108 0.000422125
108.01 -0.000156129
108.02 -0.000809466
108.03 -0.00153154
108.04 -0.0023128
108.05 -0.00314076
108.06 -0.00400038
108.07 -0.00487428
108.08 -0.00574107
108.09 -0.00658098
108.1 -0.00737469
108.11 -0.00810372
108.12 -0.00875103
108.13 -0.00930176
108.14 -0.00974374
108.15 -0.0100578
108.16 -0.0102464
108.17 -0.010311
108.18 -0.0102554
108.19 -0.010087
108.2 -0.00981705
108.21 -0.00946038
108.22 -0.00903476
108.23 -0.00855803
108.24 -0.00805884
108.25 -0.00756098
108.26 -0.00708815
108.27 -0.00666351
108.28 -0.00630893
108.29 -0.00604433
108.3 -0.00588768
108.31 -0.00586524
108.32 -0.00597605
108.33 -0.00622575
108.34 -0.00661585
108.35 -0.00714374
108.36 -0.00780277
108.37 -0.00858254
108.38 -0.00947078
108.39 -0.0104546
108.4 -0.0115055
108.41 -0.0126025
108.42 -0.0137233
108.43 -0.0148458
108.44 -0.0159481
108.45 -0.0170095
108.46 -0.0180086
108.47 -0.0189235
108.48 -0.0197452
108.49 -0.020463
108.5 -0.0210694
108.51 -0.0215601
108.52 -0.0219337
108.53 -0.0221918
108.54 -0.0223343
108.55 -0.0223669
108.56 -0.0223049
108.57 -0.0221583
108.58 -0.0219376
108.59 -0.0216537
108.6 -0.0213174
108.61 -0.0209385
108.62 -0.0205246
108.63 -0.0200843
108.64 -0.0196248
108.65 -0.01915
108.66 -0.0186623
108.67 -0.0181624
108.68 -0.0176497
108.69 -0.0171226
108.7 -0.0165774
108.71 -0.0160115
108.72 -0.0154229
108.73 -0.0148096
108.74 -0.0141706
108.75 -0.0135063
108.76 -0.0128188
108.77 -0.012112
108.78 -0.0113913
108.79 -0.0106668
108.8 -0.00994907
108.81 -0.00925044
108.82 -0.00858446
108.83 -0.00796576
108.84 -0.00740946
108.85 -0.00693068
108.86 -0.00655326
108.87 -0.00628431
108.88 -0.00613342
108.89 -0.00610872
108.9 -0.00621518
108.91 -0.00645419
108.92 -0.00682325
108.93 -0.00731573
108.94 -0.00793068
108.95 -0.00863988
108.96 -0.00942357
108.97 -0.0102586
108.98 -0.011119
108.99 -0.0119765
109 -0.0128017
109.01 -0.0135631
109.02 -0.0142207
109.03 -0.0147526
109.04 -0.0151329
109.05 -0.0153396
109.06 -0.0153545
109.07 -0.0151641
109.08 -0.0147604
109.09 -0.0141363
109.1 -0.013285
109.11 -0.0122347
109.12 -0.0110022
109.13 -0.00961
109.14 -0.00808535
109.15 -0.00645961
109.16 -0.00476739
109.17 -0.00304598
109.18 -0.00133855
109.19 0.000315336
109.2 0.00187906
109.21 0.00331848
109.22 0.00460292
109.23 0.00570614
109.24 0.00660711
109.25 0.00727989
109.26 0.00771385
109.27 0.00792013
109.28 0.00790466
109.29 0.0076797
109.3 0.00726349
109.31 0.00667958
109.32 0.00595611
109.33 0.0051206
109.34 0.00421401
109.35 0.00327678
109.36 0.00234511
109.37 0.00145408
109.38 0.000636614
109.39 -7.75117e-05
109.4 -0.000662593
109.41 -0.0010859
109.42 -0.00133725
109.43 -0.00141295
109.44 -0.00131068
109.45 -0.00103404
109.46 -0.000592207
109.47 4.88906e-07
109.48 0.000725211
109.49 0.00156635
109.5 0.00248847
109.51 0.00346216
109.52 0.00445941
109.53 0.00545273
109.54 0.00641616
109.55 0.00732616
109.56 0.00816244
109.57 0.00889893
109.58 0.00953156
109.59 0.010055
109.6 0.0104685
109.61 0.0107759
109.62 0.0109858
109.63 0.0111109
109.64 0.0111671
109.65 0.0111711
109.66 0.0111502
109.67 0.0111264
109.68 0.0111212
109.69 0.0111548
109.7 0.0112455
109.71 0.0114085
109.72 0.011657
109.73 0.0120044
109.74 0.0124452
109.75 0.012976
109.76 0.0135884
109.77 0.0142697
109.78 0.0150028
109.79 0.0157672
109.8 0.0165388
109.81 0.017288
109.82 0.0179883
109.83 0.0186132
109.84 0.0191379
109.85 0.0195399
109.86 0.0197999
109.87 0.0199029
109.88 0.0198312
109.89 0.0195772
109.9 0.0191529
109.91 0.0185666
109.92 0.0178321
109.93 0.0169684
109.94 0.0159997
109.95 0.0149539
109.96 0.0138618
109.97 0.0127617
109.98 0.0116899
109.99 0.0106805
110 0.00976558
110.01 0.00897464
110.02 0.00833305
110.03 0.00786135
110.04 0.00758704
110.05 0.0075131
110.06 0.00763295
110.07 0.00793973
110.08 0.00841985
110.09 0.00905332
110.1 0.00981437
110.11 0.0106722
110.12 0.011594
110.13 0.0125345
110.14 0.0134529
110.15 0.0143102
110.16 0.0150687
110.17 0.0156936
110.18 0.0161539
110.19 0.0164241
110.2 0.0164646
110.21 0.0162791
110.22 0.0158666
110.23 0.0152312
110.24 0.0143848
110.25 0.0133463
110.26 0.0121414
110.27 0.0108017
110.28 0.00935743
110.29 0.00786241
110.3 0.00635907
110.31 0.00489034
110.32 0.00349805
110.33 0.00222154
110.34 0.00109629
110.35 0.000155162
110.36 -0.000560042
110.37 -0.00105085
110.38 -0.00131005
110.39 -0.00133862
110.4 -0.00114575
110.41 -0.000748558
110.42 -0.000171593
110.43 0.00055662
110.44 0.00140044
110.45 0.0023069
110.46 0.00323158
110.47 0.0041291
110.48 0.0049547
110.49 0.0056658
110.5 0.00622353
110.51 0.00658638
110.52 0.00671819
110.53 0.00661357
110.54 0.00626299
110.55 0.00566575
110.56 0.00483015
110.57 0.0037733
110.58 0.0025207
110.59 0.00109968
110.6 -0.000444537
110.61 -0.00205736
110.62 -0.00368913
110.63 -0.00528836
110.64 -0.00680339
110.65 -0.00818415
110.66 -0.0093838
110.67 -0.0103448
110.68 -0.0110322
110.69 -0.0114294
110.7 -0.0115194
110.71 -0.0112945
110.72 -0.0107568
110.73 -0.00991867
110.74 -0.00880162
110.75 -0.0074215
110.76 -0.00583318
110.77 -0.00409111
110.78 -0.00224761
110.79 -0.000358495
110.8 0.00151874
110.81 0.0033267
110.82 0.00500992
110.83 0.00649787
110.84 0.00775229
110.85 0.00873882
110.86 0.00942833
110.87 0.00980107
110.88 0.0098473
110.89 0.00956761
110.9 0.00897288
110.91 0.00805873
110.92 0.00688598
110.93 0.00549657
110.94 0.00393751
110.95 0.00226098
110.96 0.00052262
110.97 -0.0012202
110.98 -0.00290956
110.99 -0.00447528
111 -0.00587313
111.01 -0.00705882
111.02 -0.00799532
111.03 -0.00865411
111.04 -0.00901598
111.05 -0.00907174
111.06 -0.00881706
111.07 -0.00824665
111.08 -0.0074092
111.09 -0.00633707
111.1 -0.00507043
111.11 -0.00365599
111.12 -0.00214551
111.13 -0.000594077
111.14 0.000939272
111.15 0.00238841
111.16 0.00370141
111.17 0.00482878
111.18 0.00572679
111.19 0.00635883
111.2 0.00669652
111.21 0.00672059
111.22 0.00640785
111.23 0.00575464
111.24 0.00479283
111.25 0.00354453
111.26 0.00204054
111.27 0.000319282
111.28 -0.00157436
111.29 -0.00359049
111.3 -0.00567635
111.31 -0.00776887
111.32 -0.00981014
111.33 -0.0117472
111.34 -0.0135307
111.35 -0.0151163
111.36 -0.0164662
111.37 -0.0175496
111.38 -0.0183243
111.39 -0.0187852
111.4 -0.0189403
111.41 -0.0187963
111.42 -0.0183685
111.43 -0.01768
111.44 -0.0167612
111.45 -0.0156484
111.46 -0.0143746
111.47 -0.0129978
111.48 -0.0115685
111.49 -0.0101335
111.5 -0.00873863
111.51 -0.00742685
111.52 -0.00623727
111.53 -0.00520395
111.54 -0.00437353
111.55 -0.00375374
111.56 -0.00335491
111.57 -0.00318206
111.58 -0.00323288
111.59 -0.003498
111.6 -0.00396148
111.61 -0.00460163
111.62 -0.00540352
111.63 -0.00631824
111.64 -0.00731166
111.65 -0.00834828
111.66 -0.00939236
111.67 -0.0104091
111.68 -0.0113658
111.69 -0.0122311
111.7 -0.0129679
111.71 -0.0135647
111.72 -0.0140065
111.73 -0.0142839
111.74 -0.0143933
111.75 -0.0143364
111.76 -0.0141203
111.77 -0.013754
111.78 -0.0132492
111.79 -0.0126378
111.8 -0.0119431
111.81 -0.0111902
111.82 -0.0104051
111.83 -0.00961371
111.84 -0.00884122
111.85 -0.00811347
111.86 -0.00745576
111.87 -0.00688254
111.88 -0.00640776
111.89 -0.00604157
111.9 -0.00579014
111.91 -0.00565569
111.92 -0.00563659
111.93 -0.00573245
111.94 -0.00593361
111.95 -0.00622234
111.96 -0.0065845
111.97 -0.00700442
111.98 -0.00746546
111.99 -0.00795065
112 -0.00844322
112.01 -0.00892579
112.02 -0.00938222
112.03 -0.00980044
112.04 -0.01017
112.05 -0.0104829
112.06 -0.0107333
112.07 -0.010918
112.08 -0.011036
112.09 -0.0110839
112.1 -0.0110685
112.11 -0.0109966
112.12 -0.0108746
112.13 -0.0107094
112.14 -0.0105084
112.15 -0.0102792
112.16 -0.0100286
112.17 -0.00976238
112.18 -0.00948722
112.19 -0.00920729
112.2 -0.00892515
112.21 -0.008642
112.22 -0.00835761
112.23 -0.00807049
112.24 -0.00777797
112.25 -0.0074752
112.26 -0.00715822
112.27 -0.00682232
112.28 -0.00646272
112.29 -0.0060749
112.3 -0.00565492
112.31 -0.00519967
112.32 -0.00470686
112.33 -0.00417244
112.34 -0.00360099
112.35 -0.00299498
112.36 -0.00235843
112.37 -0.00169672
112.38 -0.00101659
112.39 -0.000325872
112.4 0.000366541
112.41 0.00104969
112.42 0.00171382
112.43 0.00234925
112.44 0.00294672
112.45 0.00349762
112.46 0.00399436
112.47 0.00443054
112.48 0.00479914
112.49 0.0050939
112.5 0.00531835
112.51 0.00547313
112.52 0.00556066
112.53 0.00558502
112.54 0.00555189
112.55 0.0054683
112.56 0.00534107
112.57 0.00518008
112.58 0.00499761
112.59 0.00480381
112.6 0.00460882
112.61 0.00442251
112.62 0.00425419
112.63 0.00411243
112.64 0.00400708
112.65 0.00394505
112.66 0.00392967
112.67 0.0039646
112.68 0.00405222
112.69 0.00419363
112.7 0.00438874
112.71 0.00463633
112.72 0.0049374
112.73 0.00528689
112.74 0.00567925
112.75 0.00611022
112.76 0.00657523
112.77 0.00706952
112.78 0.00758827
112.79 0.00812672
112.8 0.00868102
112.81 0.00924541
112.82 0.00981529
112.83 0.0103866
112.84 0.0109553
112.85 0.0115176
112.86 0.0120698
112.87 0.0126078
112.88 0.013126
112.89 0.0136211
112.9 0.0140892
112.91 0.0145259
112.92 0.0149265
112.93 0.0152865
112.94 0.0156009
112.95 0.0158652
112.96 0.0160691
112.97 0.0162137
112.98 0.0162956
112.99 0.0163123
113 0.0162621
113.01 0.0161445
113.02 0.0159604
113.03 0.0157111
113.04 0.0153965
113.05 0.0150279
113.06 0.0146128
113.07 0.0141601
113.08 0.0136799
113.09 0.0131839
113.1 0.0126844
113.11 0.0121953
113.12 0.0117329
113.13 0.0113097
113.14 0.0109385
113.15 0.0106314
113.16 0.0103988
113.17 0.0102497
113.18 0.0101905
113.19 0.0102293
113.2 0.0103698
113.21 0.010604
113.22 0.0109269
113.23 0.0113303
113.24 0.0118033
113.25 0.0123324
113.26 0.0129016
113.27 0.013493
113.28 0.0140844
113.29 0.0146539
113.3 0.0151807
113.31 0.0156441
113.32 0.0160244
113.33 0.0163037
113.34 0.0164661
113.35 0.0164896
113.36 0.0163664
113.37 0.0160962
113.38 0.0156774
113.39 0.0151126
113.4 0.0144084
113.41 0.0135753
113.42 0.0126278
113.43 0.0115782
113.44 0.0104544
113.45 0.00928284
113.46 0.00808892
113.47 0.00689894
113.48 0.00573938
113.49 0.00463609
113.5 0.00361358
113.51 0.00270473
113.52 0.00192356
113.53 0.00128368
113.54 0.00079649
113.55 0.000469049
113.56 0.00030387
113.57 0.000298822
113.58 0.000447182
113.59 0.000750085
113.6 0.00117721
113.61 0.00170824
113.62 0.00232059
113.63 0.00298943
113.64 0.00368841
113.65 0.00439046
113.66 0.00506819
113.67 0.00568849
113.68 0.00623008
113.69 0.00667146
113.7 0.00699428
113.71 0.0071838
113.72 0.0072293
113.73 0.00712433
113.74 0.00686391
113.75 0.00644173
113.76 0.00587785
113.77 0.00518371
113.78 0.00437413
113.79 0.00346685
113.8 0.00248188
113.81 0.00144083
113.82 0.000365952
113.83 -0.000717731
113.84 -0.00178619
113.85 -0.00281889
113.86 -0.00379729
113.87 -0.00470533
113.88 -0.00552989
113.89 -0.00626107
113.9 -0.00688794
113.91 -0.00740607
113.92 -0.00782256
113.93 -0.00814185
113.94 -0.00837125
113.95 -0.00852049
113.96 -0.00860126
113.97 -0.00862665
113.98 -0.0086091
113.99 -0.00856492
114 -0.00850946
114.01 -0.0084551
114.02 -0.00841266
114.03 -0.00839089
114.04 -0.00839618
114.05 -0.00843235
114.06 -0.00850248
114.07 -0.00860327
114.08 -0.00872873
114.09 -0.00887163
114.1 -0.00902278
114.11 -0.00917143
114.12 -0.00930577
114.13 -0.00941352
114.14 -0.00947844
114.15 -0.00949015
114.16 -0.00943964
114.17 -0.00931891
114.18 -0.00912233
114.19 -0.00884698
114.2 -0.00849297
114.21 -0.00806356
114.22 -0.00755984
114.23 -0.00699841
114.24 -0.00639324
114.25 -0.0057601
114.26 -0.00511686
114.27 -0.00448294
114.28 -0.00387869
114.29 -0.00332489
114.3 -0.00285066
114.31 -0.00246937
114.32 -0.00219783
114.33 -0.00205026
114.34 -0.00203776
114.35 -0.00216784
114.36 -0.00244409
114.37 -0.00286783
114.38 -0.00344361
114.39 -0.00414857
114.4 -0.00496859
114.41 -0.0058859
114.42 -0.00687954
114.43 -0.00792593
114.44 -0.00899953
114.45 -0.0100728
114.46 -0.011114
114.47 -0.0120968
114.48 -0.0129958
114.49 -0.0137879
114.5 -0.0144529
114.51 -0.0149737
114.52 -0.0153377
114.53 -0.0155297
114.54 -0.0155418
114.55 -0.0153864
114.56 -0.0150705
114.57 -0.0146055
114.58 -0.0140067
114.59 -0.0132934
114.6 -0.0124881
114.61 -0.0116136
114.62 -0.0107003
114.63 -0.00977909
114.64 -0.00887748
114.65 -0.00802209
114.66 -0.0072378
114.67 -0.00654706
114.68 -0.00596927
114.69 -0.00552883
114.7 -0.00523545
114.71 -0.00509009
114.72 -0.00509436
114.73 -0.00524526
114.74 -0.00553538
114.75 -0.00595315
114.76 -0.00648323
114.77 -0.00711229
114.78 -0.00781208
114.79 -0.00855645
114.8 -0.00932071
114.81 -0.0100799
114.82 -0.0108094
114.83 -0.0114859
114.84 -0.0120879
114.85 -0.0125868
114.86 -0.0129721
114.87 -0.0132337
114.88 -0.0133634
114.89 -0.0133575
114.9 -0.0132161
114.91 -0.012943
114.92 -0.0125462
114.93 -0.0120273
114.94 -0.0114127
114.95 -0.0107203
114.96 -0.00996914
114.97 -0.00917975
114.98 -0.00837308
114.99 -0.00757006
115 -0.00679131
115.01 -0.00606132
115.02 -0.00539419
115.03 -0.00480415
115.04 -0.00430267
115.05 -0.00389819
115.06 -0.00359588
115.07 -0.00339764
115.08 -0.003304
115.09 -0.00331552
115.1 -0.00341564
115.11 -0.00359352
115.12 -0.00383615
115.13 -0.00412873
115.14 -0.0044552
115.15 -0.0047987
115.16 -0.00514151
115.17 -0.00546411
115.18 -0.00575078
115.19 -0.00598693
115.2 -0.00615965
115.21 -0.00625805
115.22 -0.00627357
115.23 -0.00620012
115.24 -0.00603016
115.25 -0.00576186
115.26 -0.00540303
115.27 -0.00495866
115.28 -0.00443598
115.29 -0.00384432
115.3 -0.00319473
115.31 -0.00249968
115.32 -0.00177173
115.33 -0.00102727
115.34 -0.000282066
115.35 0.000449747
115.36 0.00115468
115.37 0.00182025
115.38 0.0024353
115.39 0.00299029
115.4 0.00347257
115.41 0.00387848
115.42 0.00420748
115.43 0.004459
115.44 0.00463478
115.45 0.00473879
115.46 0.0047772
115.47 0.00475815
115.48 0.00468876
115.49 0.00458474
115.5 0.00446017
115.51 0.00432899
115.52 0.00420568
115.53 0.00410485
115.54 0.00404096
115.55 0.00402786
115.56 0.00408533
115.57 0.00422057
115.58 0.00444241
115.59 0.00475827
115.6 0.00517331
115.61 0.00569013
115.62 0.00630867
115.63 0.00702626
115.64 0.00784534
115.65 0.00874689
115.66 0.00971892
115.67 0.0107469
115.68 0.0118138
115.69 0.0129006
115.7 0.0139869
115.71 0.0150498
115.72 0.0160607
115.73 0.0169989
115.74 0.0178417
115.75 0.0185672
115.76 0.0191552
115.77 0.0195875
115.78 0.0198484
115.79 0.0199203
115.8 0.0197842
115.81 0.0194499
115.82 0.0189175
115.83 0.0181916
115.84 0.0172815
115.85 0.0162006
115.86 0.0149668
115.87 0.0135984
115.88 0.0121219
115.89 0.010575
115.9 0.00898972
115.91 0.00739972
115.92 0.00583961
115.93 0.00434411
115.94 0.00294717
115.95 0.00168919
115.96 0.000603814
115.97 -0.00029043
115.98 -0.000972402
115.99 -0.00142594
116 -0.0016404
116.01 -0.00161109
116.02 -0.00133952
116.03 -0.000819958
116.04 -7.44942e-05
116.05 0.000866051
116.06 0.00197452
116.07 0.00321885
116.08 0.00456281
116.09 0.0059669
116.1 0.00738934
116.11 0.00878207
116.12 0.0100986
116.13 0.0112982
116.14 0.0123423
116.15 0.0131957
116.16 0.0138282
116.17 0.014215
116.18 0.0143381
116.19 0.0141622
116.2 0.0137042
116.21 0.0129742
116.22 0.011986
116.23 0.0107605
116.24 0.00932599
116.25 0.00771657
116.26 0.00597194
116.27 0.00413182
116.28 0.0022564
116.29 0.000395216
116.3 -0.00140234
116.31 -0.00308814
116.32 -0.00461662
116.33 -0.00594615
116.34 -0.00703792
116.35 -0.00783663
116.36 -0.00834332
116.37 -0.00854455
116.38 -0.00843526
116.39 -0.0080189
116.4 -0.00730743
116.41 -0.00632096
116.42 -0.005083
116.43 -0.00361998
116.44 -0.00199331
116.45 -0.000249158
116.46 0.00156321
116.47 0.0033929
116.48 0.00518881
116.49 0.00690111
116.5 0.00847696
116.51 0.00986226
116.52 0.0110303
116.53 0.0119514
116.54 0.0126034
116.55 0.0129723
116.56 0.0130523
116.57 0.0128463
116.58 0.012354
116.59 0.0115949
116.6 0.0106126
116.61 0.00944124
116.62 0.00812019
116.63 0.00669244
116.64 0.0052035
116.65 0.00369987
116.66 0.002232
116.67 0.000849119
116.68 -0.000410504
116.69 -0.00151171
116.7 -0.00242518
116.71 -0.00312829
116.72 -0.00360575
116.73 -0.00385001
116.74 -0.00384612
116.75 -0.00361255
116.76 -0.00317439
116.77 -0.00255571
116.78 -0.00178642
116.79 -0.000901218
116.8 6.1584e-05
116.81 0.00106132
116.82 0.00205257
116.83 0.00299032
116.84 0.00383593
116.85 0.00455399
116.86 0.00511361
116.87 0.00548939
116.88 0.00566229
116.89 0.00562016
116.9 0.00533818
116.91 0.00483867
116.92 0.00413537
116.93 0.00324682
116.94 0.00219776
116.95 0.00101834
116.96 -0.00025691
116.97 -0.00159019
116.98 -0.00293917
116.99 -0.0042582
117 -0.00550755
117.01 -0.00664967
117.02 -0.00765029
117.03 -0.00847954
117.04 -0.00911283
117.05 -0.00952826
117.06 -0.00969695
117.07 -0.00963433
117.08 -0.00934396
117.09 -0.00883616
117.1 -0.00812761
117.11 -0.00724072
117.12 -0.00620289
117.13 -0.0050434
117.14 -0.00379698
117.15 -0.00250879
117.16 -0.00121586
117.17 4.55679e-05
117.18 0.00124112
117.19 0.00233932
117.2 0.00331251
117.21 0.00413119
117.22 0.0047719
117.23 0.00523335
117.24 0.00551057
117.25 0.00560446
117.26 0.00552151
117.27 0.00527338
117.28 0.00487637
117.29 0.00434542
117.3 0.00370728
117.31 0.0029941
117.32 0.00223255
117.33 0.0014492
117.34 0.000669606
117.35 -8.26061e-05
117.36 -0.000786523
117.37 -0.00141964
117.38 -0.00196888
117.39 -0.00242874
117.4 -0.00279561
117.41 -0.00307042
117.42 -0.0032584
117.43 -0.00336879
117.44 -0.00341431
117.45 -0.00340824
117.46 -0.00337284
117.47 -0.00332862
117.48 -0.00329505
117.49 -0.00329104
117.5 -0.00333404
117.51 -0.00343936
117.52 -0.00361946
117.53 -0.00389107
117.54 -0.00425325
117.55 -0.00470479
117.56 -0.00524151
117.57 -0.00585511
117.58 -0.00653341
117.59 -0.00726076
117.6 -0.00801855
117.61 -0.00878464
117.62 -0.00953361
117.63 -0.0102423
117.64 -0.0108879
117.65 -0.0114487
117.66 -0.0119054
117.67 -0.0122409
117.68 -0.0124406
117.69 -0.0124826
117.7 -0.0123755
117.71 -0.0121199
117.72 -0.0117215
117.73 -0.0111901
117.74 -0.0105401
117.75 -0.00978976
117.76 -0.00895957
117.77 -0.00807353
117.78 -0.00716414
117.79 -0.00625864
117.8 -0.00538419
117.81 -0.00456697
117.82 -0.00383134
117.83 -0.00319907
117.84 -0.00269307
117.85 -0.00233396
117.86 -0.00212215
117.87 -0.00206182
117.88 -0.00215226
117.89 -0.00238788
117.9 -0.00275848
117.91 -0.00324954
117.92 -0.00384631
117.93 -0.00452499
117.94 -0.00525552
117.95 -0.00601199
117.96 -0.00676789
117.97 -0.00749699
117.98 -0.00817413
117.99 -0.00877604
118 -0.00927563
118.01 -0.00965496
118.02 -0.00990582
118.03 -0.0100199
118.04 -0.00999324
118.05 -0.0098265
118.06 -0.00952469
118.07 -0.00909699
118.08 -0.00854985
118.09 -0.00790603
118.1 -0.00718883
118.11 -0.00641982
118.12 -0.00562173
118.13 -0.00481775
118.14 -0.00403075
118.15 -0.00328261
118.16 -0.00259977
118.17 -0.00199809
118.18 -0.00149078
118.19 -0.00108907
118.2 -0.000800799
118.21 -0.00063023
118.22 -0.000578096
118.23 -0.000641716
118.24 -0.00082458
118.25 -0.00110755
118.26 -0.00147803
118.27 -0.00192257
118.28 -0.00242645
118.29 -0.00297421
118.3 -0.0035502
118.31 -0.00413906
118.32 -0.00472472
118.33 -0.00529321
118.34 -0.00583316
118.35 -0.00633508
118.36 -0.00679145
118.37 -0.00719679
118.38 -0.00754761
118.39 -0.00784143
118.4 -0.00807451
118.41 -0.00825344
118.42 -0.00838098
118.43 -0.00846054
118.44 -0.00849583
118.45 -0.00849053
118.46 -0.00844798
118.47 -0.00836997
118.48 -0.00825692
118.49 -0.00811194
118.5 -0.00793449
118.51 -0.00772298
118.52 -0.00747485
118.53 -0.00718672
118.54 -0.00685464
118.55 -0.00647234
118.56 -0.00603396
118.57 -0.00553897
118.58 -0.00498467
118.59 -0.00436964
118.6 -0.003694
118.61 -0.00295974
118.62 -0.00217087
118.63 -0.00133157
118.64 -0.000451784
118.65 0.00045499
118.66 0.00137566
118.67 0.00229545
118.68 0.00319824
118.69 0.00406704
118.7 0.00488444
118.71 0.00562781
118.72 0.00628052
118.73 0.00683056
118.74 0.00726533
118.75 0.00757481
118.76 0.00775206
118.77 0.00779356
118.78 0.00769956
118.79 0.00746494
118.8 0.00710566
118.81 0.006638
118.82 0.00607833
118.83 0.00544617
118.84 0.00476368
118.85 0.0040551
118.86 0.00334597
118.87 0.00266699
118.88 0.00204466
118.89 0.00150313
118.9 0.00106493
118.91 0.000749851
118.92 0.000574261
118.93 0.000550559
118.94 0.000686719
118.95 0.00100192
118.96 0.00147777
118.97 0.0021061
118.98 0.00287445
118.99 0.00376605
119 0.00476028
119.01 0.00583331
119.02 0.00695903
119.03 0.00810834
119.04 0.00924799
119.05 0.0103495
119.06 0.0113855
119.07 0.012331
119.08 0.0131635
119.09 0.0138644
119.1 0.0144157
119.11 0.0147976
119.12 0.0150179
119.13 0.0150777
119.14 0.0149828
119.15 0.0147435
119.16 0.0143745
119.17 0.013894
119.18 0.0133209
119.19 0.0126793
119.2 0.0120001
119.21 0.0113081
119.22 0.010628
119.23 0.00998253
119.24 0.0093924
119.25 0.00887529
119.26 0.00844976
119.27 0.00812782
119.28 0.0079093
119.29 0.00779461
119.3 0.00777987
119.31 0.00785713
119.32 0.00801477
119.33 0.00823803
119.34 0.00851128
119.35 0.00881224
119.36 0.00911878
119.37 0.00941094
119.38 0.00966968
119.39 0.00987765
119.4 0.0100199
119.41 0.0100846
119.42 0.010057
119.43 0.00993613
119.44 0.00972529
119.45 0.00942931
119.46 0.0090569
119.47 0.00862039
119.48 0.00813525
119.49 0.00761947
119.5 0.00709371
119.51 0.00658168
119.52 0.00610447
119.53 0.00568205
119.54 0.00533266
119.55 0.00507201
119.56 0.00491261
119.57 0.00486318
119.58 0.00493886
119.59 0.00512914
119.6 0.00542733
119.61 0.00582319
119.62 0.0063023
119.63 0.00684652
119.64 0.00743461
119.65 0.00804289
119.66 0.00864309
119.67 0.0092079
119.68 0.00971222
119.69 0.0101325
119.7 0.0104479
119.71 0.0106405
119.72 0.0106969
119.73 0.0106059
119.74 0.0103533
119.75 0.00995463
119.76 0.0094181
119.77 0.00875718
119.78 0.00799004
119.79 0.00713906
119.8 0.00623003
119.81 0.00529137
119.82 0.00435661
119.83 0.00345785
119.84 0.00262434
119.85 0.00188326
119.86 0.00125864
119.87 0.00077042
119.88 0.000433647
119.89 0.000264283
119.9 0.000268983
119.91 0.00043324
119.92 0.000746234
119.93 0.00119109
119.94 0.00174534
119.95 0.00238165
119.96 0.00306864
119.97 0.00377087
119.98 0.00444711
119.99 0.00506016
120 0.00557457
120.01 0.00595724
120.02 0.00617872
120.03 0.00621432
120.04 0.00604505
120.05 0.0056443
120.06 0.00501276
120.07 0.00416269
120.08 0.00310558
120.09 0.00186022
120.1 0.000452128
120.11 -0.0010871
120.12 -0.0027208
120.13 -0.00440908
120.14 -0.00610103
120.15 -0.00775089
120.16 -0.00931477
120.17 -0.0107509
120.18 -0.0120211
120.19 -0.013092
120.2 -0.013936
120.21 -0.0145101
120.22 -0.0148195
120.23 -0.0148654
120.24 -0.0146536
120.25 -0.014198
120.26 -0.0135205
120.27 -0.0126499
120.28 -0.0116213
120.29 -0.010467
120.3 -0.00924628
120.31 -0.00800502
120.32 -0.00678915
120.33 -0.00564307
120.34 -0.00460819
120.35 -0.00372145
120.36 -0.00301613
120.37 -0.00253504
120.38 -0.00227603
120.39 -0.00224543
120.4 -0.00244099
120.41 -0.002852
120.42 -0.00345965
120.43 -0.00423772
120.44 -0.00515565
120.45 -0.00617635
120.46 -0.00724678
120.47 -0.0083225
120.48 -0.00935878
120.49 -0.0103123
120.5 -0.0111427
120.51 -0.0118142
120.52 -0.0122896
120.53 -0.0125371
120.54 -0.0125569
120.55 -0.0123448
120.56 -0.0119059
120.57 -0.0112537
120.58 -0.0104106
120.59 -0.00940646
120.6 -0.00827436
120.61 -0.00706194
120.62 -0.00582269
120.63 -0.00460539
120.64 -0.0034589
120.65 -0.00243044
120.66 -0.00156379
120.67 -0.00089766
120.68 -0.000479093
120.69 -0.000330941
120.7 -0.000455954
120.71 -0.00085747
120.72 -0.00152883
120.73 -0.00245345
120.74 -0.00360523
120.75 -0.00494934
120.76 -0.00645019
120.77 -0.00804683
120.78 -0.00968035
120.79 -0.0112941
120.8 -0.0128309
120.81 -0.0142353
120.82 -0.0154553
120.83 -0.0164444
120.84 -0.0171382
120.85 -0.017521
120.86 -0.0175797
120.87 -0.0173065
120.88 -0.0167049
120.89 -0.0157894
120.9 -0.0145858
120.91 -0.0131295
120.92 -0.0114508
120.93 -0.0096255
120.94 -0.00771445
120.95 -0.00578016
120.96 -0.0038864
120.97 -0.00209598
120.98 -0.000468598
120.99 0.000940151
121 0.00205439
121.01 0.00286021
121.02 0.00333233
121.03 0.00345711
121.04 0.00323312
121.05 0.00267127
121.06 0.00179463
121.07 0.000633965
121.08 -0.000775973
121.09 -0.00235612
121.1 -0.00404411
121.11 -0.00577312
121.12 -0.00747409
121.13 -0.00907817
121.14 -0.010519
121.15 -0.0117274
121.16 -0.012631
121.17 -0.0132045
121.18 -0.0134166
121.19 -0.0132486
121.2 -0.0126951
121.21 -0.0117642
121.22 -0.010478
121.23 -0.00886042
121.24 -0.0069604
121.25 -0.00485727
121.26 -0.00261944
121.27 -0.000321378
121.28 0.00195879
121.29 0.00414184
121.3 0.00615014
121.31 0.00789377
121.32 0.00929896
121.33 0.0103236
121.34 0.0109247
121.35 0.0110724
121.36 0.0107516
121.37 0.00996229
121.38 0.00872016
121.39 0.00703207
121.4 0.00496224
121.41 0.00258794
121.42 -1.81764e-05
121.43 -0.00277459
121.44 -0.00559345
121.45 -0.00838325
121.46 -0.0110517
121.47 -0.013486
121.48 -0.0156034
121.49 -0.0173347
121.5 -0.0186158
121.51 -0.0193956
121.52 -0.0196377
121.53 -0.0193217
121.54 -0.0184438
121.55 -0.0169718
121.56 -0.014982
121.57 -0.0125312
121.58 -0.00968287
121.59 -0.00651284
121.6 -0.00310667
121.61 0.000442671
121.62 0.00403767
121.63 0.00756412
121.64 0.0109221
121.65 0.0140201
121.66 0.0167743
121.67 0.0191116
121.68 0.0209711
121.69 0.0223065
121.7 0.0230811
121.71 0.0232351
121.72 0.0228262
121.73 0.0218775
121.74 0.0204277
121.75 0.0185298
121.76 0.0162492
121.77 0.0136616
121.78 0.0108481
121.79 0.00790074
121.8 0.0049278
121.81 0.00201993
121.82 -0.000736023
121.83 -0.00325956
121.84 -0.0054789
121.85 -0.00733293
121.86 -0.00875747
121.87 -0.00970025
121.88 -0.0101724
121.89 -0.0101718
121.9 -0.00971059
121.91 -0.00881468
121.92 -0.00752262
121.93 -0.00588399
121.94 -0.00394756
121.95 -0.00178695
121.96 0.000510822
121.97 0.00287227
121.98 0.00522443
121.99 0.00749718
122 0.00962534
122.01 0.0115506
122.02 0.0132061
122.03 0.0145522
122.04 0.0155738
122.05 0.016256
122.06 0.0165955
122.07 0.0166002
122.08 0.0162885
122.09 0.0156882
122.1 0.0148209
122.11 0.0137447
122.12 0.0125161
122.13 0.011186
122.14 0.00980629
122.15 0.00842781
122.16 0.00709846
122.17 0.00586188
122.18 0.00476935
122.19 0.00384577
122.2 0.00311017
122.21 0.00257604
122.22 0.00224868
122.23 0.00212541
122.24 0.0021961
122.25 0.00244391
122.26 0.00285829
122.27 0.00339575
122.28 0.00402445
122.29 0.0047122
122.3 0.00542679
122.31 0.00613733
122.32 0.00681544
122.33 0.00743602
122.34 0.00797019
122.35 0.00841026
122.36 0.00874831
122.37 0.00898226
122.38 0.00911566
122.39 0.00915733
122.4 0.0091207
122.41 0.00902241
122.42 0.00888228
122.43 0.00872736
122.44 0.00858007
122.45 0.00846195
122.46 0.00839255
122.47 0.00838843
122.48 0.00846224
122.49 0.00862461
122.5 0.00888213
122.51 0.0092247
122.52 0.0096432
122.53 0.0101234
122.54 0.0106465
122.55 0.0111898
122.56 0.0117278
122.57 0.0122303
122.58 0.0126641
122.59 0.013004
122.6 0.0132246
122.61 0.0133037
122.62 0.0132232
122.63 0.0129703
122.64 0.0125383
122.65 0.0119174
122.66 0.0111166
122.67 0.010159
122.68 0.00906564
122.69 0.00786309
122.7 0.0065829
122.71 0.00526048
122.72 0.00393389
122.73 0.00264741
122.74 0.00144392
122.75 0.000358966
122.76 -0.00057381
122.77 -0.0013255
122.78 -0.00187307
122.79 -0.00220036
122.8 -0.00229882
122.81 -0.00215113
122.82 -0.00177916
122.83 -0.0012067
122.84 -0.000459433
122.85 0.00043006
122.86 0.0014234
122.87 0.00247763
122.88 0.00354671
122.89 0.00457589
122.9 0.00551596
122.91 0.00632263
122.92 0.00695508
122.93 0.00737799
122.94 0.00756282
122.95 0.00748901
122.96 0.00714477
122.97 0.00650103
122.98 0.00559438
122.99 0.00444405
123 0.00307785
123.01 0.00153161
123.02 -0.000152035
123.03 -0.00192497
123.04 -0.00373505
123.05 -0.00552107
123.06 -0.0072266
123.07 -0.00880001
123.08 -0.0101938
123.09 -0.0113661
123.1 -0.0122826
123.11 -0.0129173
123.12 -0.0132471
123.13 -0.0132497
123.14 -0.0129558
123.15 -0.0123831
123.16 -0.0115592
123.17 -0.0105207
123.18 -0.00931218
123.19 -0.00798433
123.2 -0.0065925
123.21 -0.005202
123.22 -0.00387505
123.23 -0.00266819
123.24 -0.00163393
123.25 -0.000818884
123.26 -0.000262036
123.27 6.69707e-06
123.28 -4.7168e-05
123.29 -0.000434221
123.3 -0.00113175
123.31 -0.00212245
123.32 -0.00337803
123.33 -0.00486004
123.34 -0.0065211
123.35 -0.00830646
123.36 -0.0101556
123.37 -0.0119951
123.38 -0.0137575
123.39 -0.0153789
123.4 -0.0167994
123.41 -0.0179648
123.42 -0.0188285
123.43 -0.0193534
123.44 -0.0194864
123.45 -0.0192279
123.46 -0.0185901
123.47 -0.0175868
123.48 -0.016244
123.49 -0.0145991
123.5 -0.0127001
123.51 -0.0106038
123.52 -0.00836869
123.53 -0.00607978
123.54 -0.00381124
123.55 -0.00163463
123.56 0.000381133
123.57 0.00217203
123.58 0.00368109
123.59 0.0048603
123.6 0.00563508
123.61 0.00601205
123.62 0.00598418
123.63 0.00555518
123.64 0.00474189
123.65 0.00357376
123.66 0.00209184
123.67 0.000346479
123.68 -0.00161372
123.69 -0.00369656
123.7 -0.00583037
123.71 -0.00794202
123.72 -0.00995938
123.73 -0.0118136
123.74 -0.0134416
123.75 -0.014782
123.76 -0.0157628
123.77 -0.0163762
123.78 -0.0166022
123.79 -0.0164339
123.8 -0.015877
123.81 -0.0149502
123.82 -0.0136841
123.83 -0.0121132
123.84 -0.010285
123.85 -0.00828068
123.86 -0.00616563
123.87 -0.00400791
123.88 -0.00187615
123.89 0.000162797
123.9 0.00204605
123.91 0.00370593
123.92 0.00508341
123.93 0.00615493
123.94 0.0068946
123.95 0.00728822
123.96 0.00733358
123.97 0.00704037
123.98 0.00642968
123.99 0.00552024
124 0.00436096
124.01 0.00301559
124.02 0.00153967
124.03 -7.94622e-06
124.04 -0.00156721
124.05 -0.003079
124.06 -0.00448722
124.07 -0.00572775
124.08 -0.00675651
124.09 -0.00754557
124.1 -0.00807086
124.11 -0.00831877
124.12 -0.00828649
124.13 -0.00798201
124.14 -0.00742364
124.15 -0.00662477
124.16 -0.00563868
124.17 -0.00451556
124.18 -0.00330498
124.19 -0.0020594
124.2 -0.000832254
124.21 0.00032413
124.22 0.00136043
124.23 0.00221419
124.24 0.0028578
124.25 0.00326565
124.26 0.00341935
124.27 0.00331047
124.28 0.00294092
124.29 0.00232282
124.3 0.00147807
124.31 0.000421835
124.32 -0.000783025
124.33 -0.00208984
124.34 -0.00344775
124.35 -0.00480344
124.36 -0.00610309
124.37 -0.00729437
124.38 -0.008326
124.39 -0.0091345
124.4 -0.00969984
124.41 -0.00999568
124.42 -0.0100052
124.43 -0.00972196
124.44 -0.0091498
124.45 -0.00830314
124.46 -0.00720135
124.47 -0.0058711
124.48 -0.00437489
124.49 -0.00276224
124.5 -0.00108711
124.51 0.000594006
124.52 0.00222403
124.53 0.00374733
124.54 0.00510426
124.55 0.00623651
124.56 0.00711703
124.57 0.00771653
124.58 0.0080155
124.59 0.00800496
124.6 0.00768679
124.61 0.00707373
124.62 0.00617782
124.63 0.00503611
124.64 0.00370659
124.65 0.00223958
124.66 0.000690514
124.67 -0.000881977
124.68 -0.002418
124.69 -0.00385848
124.7 -0.00513495
124.71 -0.00619284
124.72 -0.00699574
124.73 -0.00750897
124.74 -0.00770749
124.75 -0.0075767
124.76 -0.007113
124.77 -0.00632387
124.78 -0.00520798
124.79 -0.00381139
124.8 -0.00218341
124.81 -0.000371853
124.82 0.00156936
124.83 0.003582
124.84 0.0056054
124.85 0.00757849
124.86 0.00942788
124.87 0.0110999
124.88 0.0125475
124.89 0.0137291
124.9 0.0146116
124.91 0.0151715
124.92 0.0153956
124.93 0.0152815
124.94 0.0148076
124.95 0.014025
124.96 0.0129658
124.97 0.0116683
124.98 0.0101775
124.99 0.00854377
125 0.00682115
125.01 0.00506548
125.02 0.00334006
125.03 0.00170011
125.04 0.000194541
125.05 -0.00113329
125.06 -0.00224692
125.07 -0.00311779
125.08 -0.00372604
125.09 -0.00405608
125.1 -0.00408929
125.11 -0.00385855
125.12 -0.00338223
125.13 -0.00268631
125.14 -0.00180331
125.15 -0.000771017
125.16 0.000368946
125.17 0.00157312
125.18 0.00279228
125.19 0.00397902
125.2 0.00509275
125.21 0.00609694
125.22 0.00696033
125.23 0.00765786
125.24 0.0081714
125.25 0.00848195
125.26 0.00858335
125.27 0.00849343
125.28 0.00822532
125.29 0.00779847
125.3 0.00723776
125.31 0.00657252
125.32 0.00583533
125.33 0.00506067
125.34 0.00428866
125.35 0.00355501
125.36 0.00289167
125.37 0.00232726
125.38 0.00188608
125.39 0.00158737
125.4 0.00144469
125.41 0.00147634
125.42 0.00167804
125.43 0.00203766
125.44 0.00254332
125.45 0.00317806
125.46 0.00392056
125.47 0.00474603
125.48 0.00562717
125.49 0.00653501
125.5 0.00743594
125.51 0.00830131
125.52 0.00910498
125.53 0.00982363
125.54 0.0104375
125.55 0.0109309
125.56 0.0112929
125.57 0.0115048
125.58 0.0115764
125.59 0.011514
125.6 0.0113261
125.61 0.0110251
125.62 0.0106267
125.63 0.0101488
125.64 0.0096108
125.65 0.00903096
125.66 0.00843495
125.67 0.00784162
125.68 0.00726796
125.69 0.00672858
125.7 0.00623518
125.71 0.00579621
125.72 0.00541749
125.73 0.00510515
125.74 0.00485135
125.75 0.00465069
125.76 0.00449526
125.77 0.00437521
125.78 0.00427938
125.79 0.00419589
125.8 0.00411264
125.81 0.00401676
125.82 0.00389895
125.83 0.00375183
125.84 0.00357049
125.85 0.00335273
125.86 0.00309931
125.87 0.00281391
125.88 0.00250251
125.89 0.00217514
125.9 0.00184513
125.91 0.00152568
125.92 0.0012309
125.93 0.000975029
125.94 0.000771825
125.95 0.000633776
125.96 0.000575464
125.97 0.000606029
125.98 0.000725415
125.99 0.000934096
126 0.00122873
126.01 0.00160208
126.02 0.00204311
126.03 0.00253724
126.04 0.00306759
126.05 0.00361032
126.06 0.00414154
126.07 0.00463784
126.08 0.00507585
126.09 0.00543311
126.1 0.00568898
126.11 0.00582548
126.12 0.00581778
126.13 0.0056607
126.14 0.00535386
126.15 0.00489798
126.16 0.00429905
126.17 0.00356825
126.18 0.00272173
126.19 0.00178012
126.2 0.000764327
126.21 -0.000290287
126.22 -0.00135255
126.23 -0.00239171
126.24 -0.00337739
126.25 -0.00428067
126.26 -0.00507523
126.27 -0.00573835
126.28 -0.00623631
126.29 -0.00656959
126.3 -0.0067337
126.31 -0.0067296
126.32 -0.00656476
126.33 -0.00625291
126.34 -0.00581374
126.35 -0.00527181
126.36 -0.00465366
126.37 -0.00400221
126.38 -0.00335308
126.39 -0.00274257
126.4 -0.00220625
126.41 -0.00177768
126.42 -0.00148704
126.43 -0.00136327
126.44 -0.00143968
126.45 -0.00171388
126.46 -0.00218998
126.47 -0.00286429
126.48 -0.00372527
126.49 -0.00475368
126.5 -0.00592311
126.51 -0.00720269
126.52 -0.00855172
126.53 -0.00991949
126.54 -0.0112602
126.55 -0.0125272
126.56 -0.0136746
126.57 -0.0146588
126.58 -0.0154406
126.59 -0.0159746
126.6 -0.0162266
126.61 -0.0161939
126.62 -0.0158683
126.63 -0.0152513
126.64 -0.0143539
126.65 -0.0131967
126.66 -0.0118094
126.67 -0.010222
126.68 -0.00848777
126.69 -0.00666751
126.7 -0.00481696
126.71 -0.00299381
126.72 -0.00125581
126.73 0.000341107
126.74 0.00174472
126.75 0.00288978
126.76 0.00374056
126.77 0.00427701
126.78 0.00448034
126.79 0.0043424
126.8 0.00386607
126.81 0.00306527
126.82 0.00196463
126.83 0.000581571
126.84 -0.00101996
126.85 -0.00278118
126.86 -0.00464396
126.87 -0.00654662
126.88 -0.00842598
126.89 -0.0102194
126.9 -0.0118669
126.91 -0.0132905
126.92 -0.014454
126.93 -0.0153213
126.94 -0.015864
126.95 -0.0160646
126.96 -0.0159167
126.97 -0.015426
126.98 -0.0146094
126.99 -0.013469
127 -0.0120775
127.01 -0.0104837
127.02 -0.00874294
127.03 -0.00691552
127.04 -0.00506436
127.05 -0.00325305
127.06 -0.00154567
127.07 -1.85703e-05
127.08 0.00128732
127.09 0.00232907
127.1 0.00307318
127.11 0.00349672
127.12 0.0035881
127.13 0.00334749
127.14 0.00277956
127.15 0.00189598
127.16 0.000757284
127.17 -0.000591508
127.18 -0.00209806
127.19 -0.00370457
127.2 -0.00534982
127.21 -0.00697134
127.22 -0.00850223
127.23 -0.00987328
127.24 -0.0110391
127.25 -0.0119558
127.26 -0.0125888
127.27 -0.0129138
127.28 -0.0129178
127.29 -0.0125998
127.3 -0.0119566
127.31 -0.0110137
127.32 -0.00982309
127.33 -0.00842953
127.34 -0.00688548
127.35 -0.00524913
127.36 -0.00358242
127.37 -0.00194875
127.38 -0.000420236
127.39 0.000938645
127.4 0.00207959
127.41 0.00295785
127.42 0.00353816
127.43 0.00379609
127.44 0.00371903
127.45 0.00330676
127.46 0.00255015
127.47 0.00149234
127.48 0.00018146
127.49 -0.00133375
127.5 -0.0029962
127.51 -0.0047424
127.52 -0.00650462
127.53 -0.0082132
127.54 -0.00978305
127.55 -0.0111505
127.56 -0.0122588
127.57 -0.0130572
127.58 -0.0135049
127.59 -0.0135727
127.6 -0.0132442
127.61 -0.0125165
127.62 -0.0113655
127.63 -0.00985566
127.64 -0.00802953
127.65 -0.00593926
127.66 -0.00364682
127.67 -0.00122212
127.68 0.0012593
127.69 0.00371799
127.7 0.00605767
127.71 0.00820557
127.72 0.0100911
127.73 0.0116513
127.74 0.0128338
127.75 0.0135977
127.76 0.0139157
127.77 0.0137667
127.78 0.0131259
127.79 0.0120528
127.8 0.0105832
127.81 0.00876683
127.82 0.00666526
127.83 0.00435034
127.84 0.00190186
127.85 -0.000593552
127.86 -0.0030356
127.87 -0.00533453
127.88 -0.00740682
127.89 -0.00917543
127.9 -0.0105723
127.91 -0.0115407
127.92 -0.0120368
127.93 -0.0120098
127.94 -0.0114383
127.95 -0.0103589
127.96 -0.0087946
127.97 -0.0067837
127.98 -0.00437888
127.99 -0.00164545
128 0.00134061
128.01 0.00449913
128.02 0.0077264
128.03 0.0109222
128.04 0.0139945
128.05 0.016855
128.06 0.0194221
128.07 0.021623
128.08 0.0233964
128.09 0.0246602
128.1 0.0253946
128.11 0.0256026
128.12 0.0252869
128.13 0.024466
128.14 0.0231742
128.15 0.0214599
128.16 0.0193841
128.17 0.0170023
128.18 0.0144205
128.19 0.011732
128.2 0.00902592
128.21 0.00639106
128.22 0.00391276
128.23 0.00167046
128.24 -0.000264792
128.25 -0.00179494
128.26 -0.00289895
128.27 -0.00355029
128.28 -0.00373325
128.29 -0.00344739
128.3 -0.00270739
128.31 -0.00154239
128.32 5.33521e-06
128.33 0.00190715
128.34 0.00405878
128.35 0.00638612
128.36 0.00881019
128.37 0.0112497
128.38 0.0136236
128.39 0.0158536
128.4 0.0178629
128.41 0.0195585
128.42 0.0209069
128.43 0.0218661
128.44 0.0224066
128.45 0.0225121
128.46 0.02218
128.47 0.0214212
128.48 0.0202505
128.49 0.0186905
128.5 0.0168204
128.51 0.0146979
128.52 0.0123871
128.53 0.00995668
128.54 0.0074776
128.55 0.00502101
128.56 0.00266186
128.57 0.000476801
128.58 -0.00148371
128.59 -0.00317082
128.6 -0.00454507
128.61 -0.00557738
128.62 -0.00624963
128.63 -0.0065549
128.64 -0.00648045
128.65 -0.00604327
128.66 -0.0052893
128.67 -0.0042539
128.68 -0.00297945
128.69 -0.00151381
128.7 9.1364e-05
128.71 0.00178238
128.72 0.00350384
128.73 0.0051963
128.74 0.00681019
128.75 0.0083017
128.76 0.009633
128.77 0.0107731
128.78 0.0116985
128.79 0.0123936
128.8 0.0128333
128.81 0.0130297
128.82 0.0129986
128.83 0.0127557
128.84 0.0123221
128.85 0.0117234
128.86 0.0109883
128.87 0.0101477
128.88 0.00922968
128.89 0.00827331
128.9 0.00730879
128.91 0.00636231
128.92 0.00545641
128.93 0.00460933
128.94 0.00383462
128.95 0.0031409
128.96 0.0025399
128.97 0.00202188
128.98 0.00157999
128.99 0.00120418
129 0.000881462
129.01 0.000596771
129.02 0.000333827
129.03 7.59488e-05
129.04 -0.00019537
129.05 -0.000494437
129.06 -0.00083298
129.07 -0.00121976
129.08 -0.0016601
129.09 -0.00215563
129.1 -0.00270413
129.11 -0.00330027
129.12 -0.00393536
129.13 -0.00459214
129.14 -0.00525463
129.15 -0.00590504
129.16 -0.00652452
129.17 -0.00709398
129.18 -0.00759492
129.19 -0.00800707
129.2 -0.00831014
129.21 -0.00849913
129.22 -0.00856648
129.23 -0.00850867
129.24 -0.00832651
129.25 -0.0080252
129.26 -0.00761431
129.27 -0.0071042
129.28 -0.00651389
129.29 -0.00587016
129.3 -0.00519667
129.31 -0.00451863
129.32 -0.00386196
129.33 -0.00325237
129.34 -0.00271452
129.35 -0.00227746
129.36 -0.0019625
129.37 -0.0017807
129.38 -0.00174344
129.39 -0.0018575
129.4 -0.00212486
129.41 -0.00254253
129.42 -0.00310271
129.43 -0.00380054
129.44 -0.00461257
129.45 -0.00551333
129.46 -0.00647896
129.47 -0.00748359
129.48 -0.0085002
129.49 -0.0095015
129.5 -0.0104608
129.51 -0.0113456
129.52 -0.0121347
129.53 -0.0128106
129.54 -0.0133576
129.55 -0.0137644
129.56 -0.0140239
129.57 -0.0141336
129.58 -0.0140954
129.59 -0.0139037
129.6 -0.0135818
129.61 -0.0131457
129.62 -0.0126128
129.63 -0.0120026
129.64 -0.011336
129.65 -0.0106346
129.66 -0.00991999
129.67 -0.00921541
129.68 -0.00854058
129.69 -0.00791195
129.7 -0.0073433
129.71 -0.00684535
129.72 -0.00642551
129.73 -0.00608784
129.74 -0.00583412
129.75 -0.00566721
129.76 -0.00557377
129.77 -0.00554529
129.78 -0.00557134
129.79 -0.00564011
129.8 -0.00573894
129.81 -0.00585493
129.82 -0.00597532
129.83 -0.00608682
129.84 -0.00617927
129.85 -0.00624458
129.86 -0.00627677
129.87 -0.00627214
129.88 -0.00622941
129.89 -0.00614958
129.9 -0.00603481
129.91 -0.0058904
129.92 -0.00572557
129.93 -0.00554855
129.94 -0.00536817
129.95 -0.00519341
129.96 -0.00503292
129.97 -0.00489452
129.98 -0.00478648
129.99 -0.00471424
130 -0.00467878
130.01 -0.00468046
130.02 -0.00471737
130.03 -0.00478539
130.04 -0.00487831
130.05 -0.00498807
130.06 -0.00510482
130.07 -0.00521623
130.08 -0.00531061
130.09 -0.00537649
130.1 -0.00540295
130.11 -0.00538014
130.12 -0.00529975
130.13 -0.00515549
130.14 -0.00493837
130.15 -0.00465053
130.16 -0.00429621
130.17 -0.00388066
130.18 -0.00341195
130.19 -0.00290077
130.2 -0.00236009
130.21 -0.00180477
130.22 -0.00125262
130.23 -0.000722178
130.24 -0.000230359
130.25 0.000206646
130.26 0.000574069
130.27 0.000859204
130.28 0.00105198
130.29 0.00114548
130.3 0.00112636
130.31 0.00100533
130.32 0.000788172
130.33 0.000484138
130.34 0.000106194
130.35 -0.000329337
130.36 -0.000803249
130.37 -0.00129399
130.38 -0.00177543
130.39 -0.00222246
130.4 -0.00261148
130.41 -0.00292007
130.42 -0.00312785
130.43 -0.00321722
130.44 -0.00317416
130.45 -0.00298589
130.46 -0.0026381
130.47 -0.00214361
130.48 -0.00150874
130.49 -0.000744925
130.5 0.00013146
130.51 0.00109956
130.52 0.00213459
130.53 0.00320878
130.54 0.00428823
130.55 0.00533866
130.56 0.00632816
130.57 0.00722586
130.58 0.00800292
130.59 0.00863361
130.6 0.00909618
130.61 0.00936514
130.62 0.0094256
130.63 0.0092845
130.64 0.00894434
130.65 0.00841398
130.66 0.00770854
130.67 0.00684896
130.68 0.00586149
130.69 0.00477346
130.7 0.00362512
130.71 0.00245804
130.72 0.00131058
130.73 0.000220969
130.74 -0.000774008
130.75 -0.00164015
130.76 -0.00234698
130.77 -0.00285492
130.78 -0.00314878
130.79 -0.00322292
130.8 -0.00307235
130.81 -0.0026993
130.82 -0.00211319
130.83 -0.00133042
130.84 -0.000373908
130.85 0.000736342
130.86 0.001954
130.87 0.00323752
130.88 0.00454601
130.89 0.00583745
130.9 0.00707
130.91 0.00820329
130.92 0.00919977
130.93 0.0100077
130.94 0.0106107
130.95 0.0109899
130.96 0.0111311
130.97 0.0110277
130.98 0.0106808
130.99 0.0100989
131 0.00929721
131.01 0.00828234
131.02 0.00710579
131.03 0.00580257
131.04 0.00441156
131.05 0.00297423
131.06 0.00153338
131.07 0.000131825
131.08 -0.0011872
131.09 -0.00237212
131.1 -0.00339656
131.11 -0.00423159
131.12 -0.0048542
131.13 -0.00524793
131.14 -0.00540332
131.15 -0.0053181
131.16 -0.00499137
131.17 -0.00442611
131.18 -0.00365972
131.19 -0.0027175
131.2 -0.00162937
131.21 -0.0004289
131.22 0.000847852
131.23 0.0021635
131.24 0.00347914
131.25 0.00475306
131.26 0.00595204
131.27 0.00704612
131.28 0.00800966
131.29 0.0088221
131.3 0.00946842
131.31 0.00993947
131.32 0.0102233
131.33 0.0103235
131.34 0.0102589
131.35 0.0100439
131.36 0.00969706
131.37 0.00924058
131.38 0.0086989
131.39 0.00809799
131.4 0.00746391
131.41 0.00682626
131.42 0.00620998
131.43 0.0056362
131.44 0.00512266
131.45 0.00468318
131.46 0.00432715
131.47 0.00405935
131.48 0.00388601
131.49 0.00379736
131.5 0.0037812
131.51 0.00382411
131.52 0.0039097
131.53 0.00401935
131.54 0.00413307
131.55 0.00423041
131.56 0.00428663
131.57 0.00428417
131.58 0.00420794
131.59 0.00404545
131.6 0.00378801
131.61 0.00343121
131.62 0.0029752
131.63 0.00242487
131.64 0.00178286
131.65 0.00107301
131.66 0.000314512
131.67 -0.000470547
131.68 -0.00125759
131.69 -0.00202041
131.7 -0.00273213
131.71 -0.00336533
131.72 -0.0038836
131.73 -0.00427235
131.74 -0.00451282
131.75 -0.00459051
131.76 -0.00449575
131.77 -0.00422431
131.78 -0.00377759
131.79 -0.00315976
131.8 -0.00237651
131.81 -0.00146112
131.82 -0.000438172
131.83 0.000663592
131.84 0.00181216
131.85 0.00297319
131.86 0.00411109
131.87 0.00518708
131.88 0.00615901
131.89 0.00699955
131.9 0.00768049
131.91 0.0081781
131.92 0.00847401
131.93 0.0085558
131.94 0.00841753
131.95 0.00805068
131.96 0.00746205
131.97 0.00667999
131.98 0.0057265
131.99 0.00462909
132 0.00341994
132.01 0.00213496
132.02 0.000812719
132.03 -0.000504262
132.04 -0.00177061
132.05 -0.00294798
132.06 -0.00400024
132.07 -0.00489501
132.08 -0.00560462
132.09 -0.00610701
132.1 -0.00638645
132.11 -0.00641811
132.12 -0.00620914
132.13 -0.00577443
132.14 -0.00512805
132.15 -0.00429058
132.16 -0.00328845
132.17 -0.00215316
132.18 -0.000920254
132.19 0.000373156
132.2 0.00167896
132.21 0.00295525
132.22 0.00416235
132.23 0.0052629
132.24 0.00622289
132.25 0.00701276
132.26 0.00760827
132.27 0.00797053
132.28 0.00810546
132.29 0.00801192
132.3 0.00769364
132.31 0.00716108
132.32 0.00643097
132.33 0.00552579
132.34 0.00447265
132.35 0.00329542
132.36 0.00204315
132.37 0.000752425
132.38 -0.000539804
132.39 -0.00179736
132.4 -0.00298597
132.41 -0.00407431
132.42 -0.00503274
132.43 -0.00582575
132.44 -0.00644887
132.45 -0.00689206
132.46 -0.00715137
132.47 -0.00722899
132.48 -0.00713301
132.49 -0.00687705
132.5 -0.00647663
132.51 -0.00595202
132.52 -0.00534048
132.53 -0.0046711
132.54 -0.00397406
132.55 -0.00327961
132.56 -0.00261703
132.57 -0.00201358
132.58 -0.00149766
132.59 -0.0010945
132.6 -0.000813631
132.61 -0.000664978
132.62 -0.000653132
132.63 -0.000777227
132.64 -0.00103102
132.65 -0.00140318
132.66 -0.00188175
132.67 -0.00244346
132.68 -0.00305912
132.69 -0.00370242
132.7 -0.00434582
132.71 -0.0049615
132.72 -0.00552241
132.73 -0.0060032
132.74 -0.00637357
132.75 -0.00661497
132.76 -0.00671773
132.77 -0.00667301
132.78 -0.00647723
132.79 -0.00613234
132.8 -0.00564572
132.81 -0.0050301
132.82 -0.00429657
132.83 -0.0034755
132.84 -0.00259645
132.85 -0.00168864
132.86 -0.000783054
132.87 8.86548e-05
132.88 0.000895139
132.89 0.00160642
132.9 0.0021822
132.91 0.00260521
132.92 0.00285844
132.93 0.00292801
132.94 0.0028056
132.95 0.00248883
132.96 0.00198135
132.97 0.00129289
132.98 0.000424834
132.99 -0.00058348
133 -0.00170468
133.01 -0.00290806
133.02 -0.00415996
133.03 -0.00542482
133.04 -0.00666616
133.05 -0.00784694
133.06 -0.00892091
133.07 -0.00986258
133.08 -0.0106441
133.09 -0.0112421
133.1 -0.0116388
133.11 -0.0118222
133.12 -0.0117866
133.13 -0.0115285
133.14 -0.0110447
133.15 -0.0103679
133.16 -0.0095195
133.17 -0.00852607
133.18 -0.00741861
133.19 -0.00623167
133.2 -0.00500235
133.21 -0.00377034
133.22 -0.00258029
133.23 -0.00146935
133.24 -0.00047239
133.25 0.000379235
133.26 0.00105866
133.27 0.00154436
133.28 0.0018208
133.29 0.00186918
133.3 0.00168538
133.31 0.00128841
133.32 0.000691628
133.33 -8.51858e-05
133.34 -0.00101639
133.35 -0.00207122
133.36 -0.00321472
133.37 -0.00440925
133.38 -0.00560866
133.39 -0.00676999
133.4 -0.00785313
133.41 -0.00882001
133.42 -0.00963578
133.43 -0.0102699
133.44 -0.0106972
133.45 -0.0108822
133.46 -0.0108203
133.47 -0.0105159
133.48 -0.00997334
133.49 -0.00920442
133.5 -0.0082282
133.51 -0.00707043
133.52 -0.00576294
133.53 -0.00433705
133.54 -0.00284541
133.55 -0.00133489
133.56 0.000148613
133.57 0.0015592
133.58 0.00285238
133.59 0.00398637
133.6 0.00492335
133.61 0.00560704
133.62 0.00602897
133.63 0.00617376
133.64 0.00603189
133.65 0.00560208
133.66 0.00489154
133.67 0.00391583
133.68 0.0026979
133.69 0.0012528
133.7 -0.000356833
133.71 -0.00208617
133.72 -0.0038861
133.73 -0.00570457
133.74 -0.00748798
133.75 -0.00918264
133.76 -0.0107333
133.77 -0.0120721
133.78 -0.0131678
133.79 -0.0139827
133.8 -0.0144855
133.81 -0.0146532
133.82 -0.0144712
133.83 -0.0139338
133.84 -0.0130356
133.85 -0.0117762
133.86 -0.0102055
133.87 -0.00835577
133.88 -0.00626656
133.89 -0.00398384
133.9 -0.00155871
133.91 0.000953859
133.92 0.00349528
133.93 0.00599923
133.94 0.00840719
133.95 0.0106646
133.96 0.0127208
133.97 0.0145305
133.98 0.0160548
133.99 0.0172623
134 0.0181117
134.01 0.0185878
134.02 0.0187047
134.03 0.0184682
134.04 0.0178931
134.05 0.017002
134.06 0.0158256
134.07 0.0144008
134.08 0.0127606
134.09 0.010963
134.1 0.00906625
134.11 0.00712192
134.12 0.00518138
134.13 0.00329439
134.14 0.0015078
134.15 -0.00013564
134.16 -0.00158247
134.17 -0.00280753
134.18 -0.00379285
134.19 -0.00452291
134.2 -0.00498979
134.21 -0.00519311
134.22 -0.00513979
134.23 -0.00484364
134.24 -0.00430763
134.25 -0.00357652
134.26 -0.00268434
134.27 -0.001665
134.28 -0.000554309
134.29 0.000611149
134.3 0.0017952
134.31 0.00296317
134.32 0.00407539
134.33 0.00510617
134.34 0.00603253
134.35 0.00683637
134.36 0.00750499
134.37 0.00803133
134.38 0.0084139
134.39 0.00865542
134.4 0.00875554
134.41 0.00874148
134.42 0.00863133
134.43 0.0084459
134.44 0.00820785
134.45 0.00794071
134.46 0.00766793
134.47 0.00741273
134.48 0.00719981
134.49 0.00704439
134.5 0.00695971
134.51 0.00695486
134.52 0.00703441
134.53 0.00719825
134.54 0.00744159
134.55 0.00775695
134.56 0.00813069
134.57 0.00854019
134.58 0.00896469
134.59 0.00938149
134.6 0.00976674
134.61 0.0100964
134.62 0.0103473
134.63 0.0104924
134.64 0.0105096
134.65 0.01039
134.66 0.0101236
134.67 0.00970512
134.68 0.0091343
134.69 0.00841643
134.7 0.00756213
134.71 0.00658152
134.72 0.0055001
134.73 0.0043489
134.74 0.00315702
134.75 0.00195602
134.76 0.000778914
134.77 -0.000340864
134.78 -0.00137055
134.79 -0.00226877
134.8 -0.00300905
134.81 -0.0035721
134.82 -0.00393951
134.83 -0.0040984
134.84 -0.00404201
134.85 -0.00376999
134.86 -0.00328857
134.87 -0.00259612
134.88 -0.00172647
134.89 -0.000709588
134.9 0.000423625
134.91 0.00163831
134.92 0.00289662
134.93 0.00415885
134.94 0.00538465
134.95 0.00652353
134.96 0.00754092
134.97 0.00840336
134.98 0.00908107
134.99 0.00954952
135 0.00979025
135.01 0.00979144
135.02 0.00954747
135.03 0.00903912
135.04 0.00830177
135.05 0.0073538
135.06 0.00621988
135.07 0.0049303
135.08 0.00352007
135.09 0.00202787
135.1 0.000495011
135.11 -0.0010311
135.12 -0.00250525
135.13 -0.0038867
135.14 -0.00513755
135.15 -0.00622381
135.16 -0.00711647
135.17 -0.00779226
135.18 -0.00822772
135.19 -0.00840145
135.2 -0.00833006
135.21 -0.00801999
135.22 -0.00748466
135.23 -0.00674399
135.24 -0.00582381
135.25 -0.00475502
135.26 -0.00356974
135.27 -0.00230947
135.28 -0.00102104
135.29 0.000255151
135.3 0.00147959
135.31 0.00261489
135.32 0.0036268
135.33 0.00448528
135.34 0.00515507
135.35 0.00561532
135.36 0.00586357
135.37 0.00589487
135.38 0.00571082
135.39 0.00531948
135.4 0.00473498
135.41 0.00397697
135.42 0.00306242
135.43 0.0020276
135.44 0.00091022
135.45 -0.000255834
135.46 -0.00143599
135.47 -0.00259606
135.48 -0.00370328
135.49 -0.00472728
135.5 -0.00563086
135.51 -0.00639458
135.52 -0.00700416
135.53 -0.0074476
135.54 -0.00771826
135.55 -0.00781499
135.56 -0.00774198
135.57 -0.00750849
135.58 -0.00711726
135.59 -0.00659933
135.6 -0.00597885
135.61 -0.0052803
135.62 -0.0045298
135.63 -0.00375413
135.64 -0.00297999
135.65 -0.00223313
135.66 -0.00154485
135.67 -0.000933145
135.68 -0.000415787
135.69 -7.13657e-06
135.7 0.000282243
135.71 0.000445745
135.72 0.000480739
135.73 0.000387263
135.74 0.000161085
135.75 -0.00017728
135.76 -0.000616202
135.77 -0.00114185
135.78 -0.00173878
135.79 -0.0023905
135.8 -0.00308006
135.81 -0.00379073
135.82 -0.00450486
135.83 -0.00520631
135.84 -0.00588198
135.85 -0.00652067
135.86 -0.00711324
135.87 -0.00765274
135.88 -0.00813433
135.89 -0.00855321
135.9 -0.00890652
135.91 -0.0091995
135.92 -0.0094345
135.93 -0.00961477
135.94 -0.00974407
135.95 -0.00982633
135.96 -0.00986532
135.97 -0.00986263
135.98 -0.00982066
135.99 -0.00974302
136 -0.00963006
136.01 -0.00948108
136.02 -0.00929439
136.03 -0.00906747
136.04 -0.00879716
136.05 -0.00847701
136.06 -0.00810371
136.07 -0.00767625
136.08 -0.00719232
136.09 -0.0066508
136.1 -0.00605204
136.11 -0.00539817
136.12 -0.00469334
136.13 -0.00394137
136.14 -0.00315383
136.15 -0.0023434
136.16 -0.00152341
136.17 -0.000708949
136.18 8.34604e-05
136.19 0.000836299
136.2 0.00153155
136.21 0.00214369
136.22 0.00265851
136.23 0.003062
136.24 0.00334069
136.25 0.00348374
136.26 0.00348344
136.27 0.00333568
136.28 0.00304021
136.29 0.00258825
136.3 0.00200165
136.31 0.00129479
136.32 0.00048478
136.33 -0.000407747
136.34 -0.00135917
136.35 -0.00234346
136.36 -0.00333284
136.37 -0.00429358
136.38 -0.00519726
136.39 -0.00601656
136.4 -0.0067262
136.41 -0.0073037
136.42 -0.00773019
136.43 -0.0079911
136.44 -0.00807377
136.45 -0.00796136
136.46 -0.00767134
136.47 -0.00721166
136.48 -0.00659572
136.49 -0.00584202
136.5 -0.00497367
136.51 -0.00401774
136.52 -0.00300383
136.53 -0.00196743
136.54 -0.000946297
136.55 2.57674e-05
136.56 0.000916119
136.57 0.00169435
136.58 0.00233327
136.59 0.00280985
136.6 0.00309826
136.61 0.00318106
136.62 0.00306461
136.63 0.00275048
136.64 0.00224668
136.65 0.00156745
136.66 0.000732953
136.67 -0.000231348
136.68 -0.00129873
136.69 -0.00243022
136.7 -0.00358423
136.71 -0.00472269
136.72 -0.00580751
136.73 -0.00680177
136.74 -0.00767085
136.75 -0.00838358
136.76 -0.00890009
136.77 -0.009202
136.78 -0.00928239
136.79 -0.00913397
136.8 -0.00875627
136.81 -0.00815571
136.82 -0.00734531
136.83 -0.00634441
136.84 -0.00516773
136.85 -0.00385734
136.86 -0.00245189
136.87 -0.000988403
136.88 0.000494777
136.89 0.00195917
136.9 0.00336742
136.91 0.00468441
136.92 0.00586523
136.93 0.00688991
136.94 0.00773948
136.95 0.00839933
136.96 0.00886126
136.97 0.00912368
136.98 0.00919164
136.99 0.00907647
137 0.00878115
137.01 0.00834708
137.02 0.00780229
137.03 0.00717759
137.04 0.00650579
137.05 0.00582051
137.06 0.00515497
137.07 0.00454166
137.08 0.00401869
137.09 0.003605
137.1 0.00331981
137.11 0.00317681
137.12 0.00318366
137.13 0.00334175
137.14 0.00364611
137.15 0.00408823
137.16 0.00465533
137.17 0.00531364
137.18 0.0060358
137.19 0.00679129
137.2 0.00754756
137.21 0.00827116
137.22 0.00892902
137.23 0.00948522
137.24 0.00990373
137.25 0.0101676
137.26 0.0102579
137.27 0.0101618
137.28 0.00987256
137.29 0.00939021
137.3 0.00872157
137.31 0.00787319
137.32 0.00686706
137.33 0.00573957
137.34 0.00452248
137.35 0.00325132
137.36 0.00196426
137.37 0.000700879
137.38 -0.000499093
137.39 -0.00158902
137.4 -0.00253022
137.41 -0.00329605
137.42 -0.00386036
137.43 -0.00420294
137.44 -0.0043103
137.45 -0.00417614
137.46 -0.00380162
137.47 -0.00318036
137.48 -0.00234027
137.49 -0.00131297
137.5 -0.000128835
137.51 0.00117676
137.52 0.00256451
137.53 0.00399241
137.54 0.00541709
137.55 0.00678779
137.56 0.00806148
137.57 0.00920068
137.58 0.0101712
137.59 0.0109441
137.6 0.0114968
137.61 0.0118135
137.62 0.0118857
137.63 0.0116905
137.64 0.0112578
137.65 0.0106056
137.66 0.0097565
137.67 0.00873923
137.68 0.00758744
137.69 0.00633864
137.7 0.00503293
137.71 0.0037147
137.72 0.00242994
137.73 0.0012181
137.74 0.000115618
137.75 -0.000845231
137.76 -0.00163734
137.77 -0.0022396
137.78 -0.00263404
137.79 -0.00279881
137.8 -0.002753
137.81 -0.00250529
137.82 -0.0020711
137.83 -0.00147193
137.84 -0.000734606
137.85 0.000109668
137.86 0.0010274
137.87 0.00197916
137.88 0.00292283
137.89 0.00382205
137.9 0.00464255
137.91 0.00535336
137.92 0.00592778
137.93 0.00634436
137.94 0.00658012
137.95 0.00662194
137.96 0.00647975
137.97 0.00615958
137.98 0.00567391
137.99 0.00504126
138 0.0042855
138.01 0.00343502
138.02 0.00252031
138.03 0.00158075
138.04 0.000654773
138.05 -0.000222434
138.06 -0.00101728
138.07 -0.00169893
138.08 -0.00224039
138.09 -0.00261941
138.1 -0.00280705
138.11 -0.00279734
138.12 -0.00259458
138.13 -0.00220305
138.14 -0.00163355
138.15 -0.000903123
138.16 -3.44323e-05
138.17 0.00094492
138.18 0.00200663
138.19 0.00310791
138.2 0.00421017
138.21 0.00527629
138.22 0.00627006
138.23 0.00715721
138.24 0.00790662
138.25 0.00849119
138.26 0.00887083
138.27 0.00904248
138.28 0.00899978
138.29 0.00874031
138.3 0.00826813
138.31 0.00759351
138.32 0.00673264
138.33 0.00570696
138.34 0.0045316
138.35 0.00325299
138.36 0.00190411
138.37 0.000519107
138.38 -0.000867644
138.39 -0.00222264
138.4 -0.0035143
138.41 -0.00471256
138.42 -0.00578086
138.43 -0.00670852
138.44 -0.00748118
138.45 -0.00808985
138.46 -0.00853101
138.47 -0.00880654
138.48 -0.00892345
138.49 -0.00889053
138.5 -0.00871857
138.51 -0.00843888
138.52 -0.00807371
138.53 -0.0076467
138.54 -0.00718194
138.55 -0.00670305
138.56 -0.00623225
138.57 -0.00579119
138.58 -0.00540009
138.59 -0.00506944
138.6 -0.00480775
138.61 -0.00461919
138.62 -0.00450357
138.63 -0.00445644
138.64 -0.00446935
138.65 -0.00453187
138.66 -0.00462701
138.67 -0.0047347
138.68 -0.0048362
138.69 -0.00491245
138.7 -0.00494499
138.71 -0.00491679
138.72 -0.00481314
138.73 -0.00461674
138.74 -0.00432059
138.75 -0.0039258
138.76 -0.00343432
138.77 -0.00285284
138.78 -0.00219276
138.79 -0.00146992
138.8 -0.000704205
138.81 8.05037e-05
138.82 0.000854023
138.83 0.00158758
138.84 0.00225228
138.85 0.0028196
138.86 0.00326245
138.87 0.00355621
138.88 0.00367966
138.89 0.00359951
138.9 0.00331562
138.91 0.00282702
138.92 0.00213541
138.93 0.00124896
138.94 0.000182257
138.95 -0.00104391
138.96 -0.00240295
138.97 -0.00386927
138.98 -0.00539407
138.99 -0.00693665
139 -0.008455
139.01 -0.00990644
139.02 -0.0112488
139.03 -0.0124419
139.04 -0.0134472
139.05 -0.0142091
139.06 -0.0147199
139.07 -0.0149602
139.08 -0.0149176
139.09 -0.0145876
139.1 -0.0139736
139.11 -0.0130871
139.12 -0.0119437
139.13 -0.0105588
139.14 -0.00898856
139.15 -0.00727396
139.16 -0.00546039
139.17 -0.00359663
139.18 -0.00173349
139.19 7.76069e-05
139.2 0.0017816
139.21 0.00331817
139.22 0.00465173
139.23 0.00574393
139.24 0.00656272
139.25 0.00708333
139.26 0.00728891
139.27 0.0071711
139.28 0.00671741
139.29 0.00593317
139.3 0.00485749
139.31 0.00351792
139.32 0.00194908
139.33 0.000191821
139.34 -0.00170795
139.35 -0.0037005
139.36 -0.00573276
139.37 -0.00774403
139.38 -0.00968006
139.39 -0.0114904
139.4 -0.0131279
139.41 -0.0145503
139.42 -0.015721
139.43 -0.0166099
139.44 -0.0171739
139.45 -0.0174064
139.46 -0.0173141
139.47 -0.0169009
139.48 -0.0161787
139.49 -0.0151669
139.5 -0.0138921
139.51 -0.0123867
139.52 -0.0106773
139.53 -0.00882099
139.54 -0.0068679
139.55 -0.00486502
139.56 -0.00285953
139.57 -0.000897583
139.58 0.000976826
139.59 0.00272296
139.6 0.00428687
139.61 0.0056476
139.62 0.00678308
139.63 0.00767549
139.64 0.00831362
139.65 0.00869299
139.66 0.00881579
139.67 0.00869061
139.68 0.00831059
139.69 0.00772167
139.7 0.00694987
139.71 0.00602484
139.72 0.00497912
139.73 0.00384724
139.74 0.0026648
139.75 0.00146776
139.76 0.000296249
139.77 -0.000816191
139.78 -0.00183944
139.79 -0.00274665
139.8 -0.00351483
139.81 -0.00412526
139.82 -0.00456381
139.83 -0.00481685
139.84 -0.00486987
139.85 -0.00473866
139.86 -0.00442943
139.87 -0.00395266
139.88 -0.00332278
139.89 -0.00255764
139.9 -0.00167806
139.91 -0.00070493
139.92 0.000335579
139.93 0.00141146
139.94 0.00249619
139.95 0.0035635
139.96 0.00458803
139.97 0.00554582
139.98 0.00641484
139.99 0.00716944
140 0.00778996
140.01 0.00826933
140.02 0.00859785
140.03 0.0087693
140.04 0.00878105
140.05 0.00863405
140.06 0.00833278
140.07 0.00787715
140.08 0.00728258
140.09 0.0065699
140.1 0.0057564
140.11 0.00486154
140.12 0.00390659
140.13 0.00291419
140.14 0.00190789
140.15 0.000914171
140.16 -4.07607e-05
140.17 -0.000934088
140.18 -0.00174374
140.19 -0.00244925
140.2 -0.00303215
140.21 -0.00347644
140.22 -0.00376885
140.23 -0.00388522
140.24 -0.00382913
140.25 -0.0036012
140.26 -0.00320273
140.27 -0.00263876
140.28 -0.00191792
140.29 -0.0010524
140.3 -5.76667e-05
140.31 0.00105628
140.32 0.00225621
140.33 0.00351764
140.34 0.00481519
140.35 0.00612247
140.36 0.00741269
140.37 0.00865925
140.38 0.00983583
140.39 0.0109073
140.4 0.0118592
140.41 0.0126725
140.42 0.0133316
140.43 0.0138246
140.44 0.0141435
140.45 0.0142847
140.46 0.0142457
140.47 0.0140213
140.48 0.0136367
140.49 0.0131062
140.5 0.0124479
140.51 0.0116829
140.52 0.0108348
140.53 0.00992949
140.54 0.00899371
140.55 0.00805809
140.56 0.00715137
140.57 0.00629914
140.58 0.00552492
140.59 0.00484945
140.6 0.00429009
140.61 0.00386029
140.62 0.00357502
140.63 0.00344121
140.64 0.00344878
140.65 0.00359118
140.66 0.00385715
140.67 0.00423107
140.68 0.00469338
140.69 0.00522118
140.7 0.00578953
140.71 0.00636693
140.72 0.00692317
140.73 0.00742994
140.74 0.00786005
140.75 0.00818833
140.76 0.00839249
140.77 0.00845391
140.78 0.00834745
140.79 0.00806811
140.8 0.00761901
140.81 0.00700326
140.82 0.00622962
140.83 0.00531244
140.84 0.00427126
140.85 0.00313036
140.86 0.00191509
140.87 0.000664696
140.88 -0.000584797
140.89 -0.00179797
140.9 -0.00293945
140.91 -0.00397505
140.92 -0.00487281
140.93 -0.0056041
140.94 -0.00612585
140.95 -0.00643277
140.96 -0.00651547
140.97 -0.00636882
140.98 -0.00599449
140.99 -0.00540114
141 -0.00460425
141.01 -0.00362584
141.02 -0.00248177
141.03 -0.00122437
141.04 0.000107822
141.05 0.0014733
141.06 0.00282879
141.07 0.0041305
141.08 0.00533542
141.09 0.00640056
141.1 0.00727122
141.11 0.00792873
141.12 0.00834741
141.13 0.00850834
141.14 0.00840006
141.15 0.00801897
141.16 0.00736963
141.17 0.00645907
141.18 0.00529843
141.19 0.0039368
141.2 0.00240998
141.21 0.000759097
141.22 -0.000970555
141.23 -0.00273085
141.24 -0.0044722
141.25 -0.0061408
141.26 -0.00767946
141.27 -0.00904909
141.28 -0.0102104
141.29 -0.0111299
141.3 -0.0117813
141.31 -0.0121461
141.32 -0.012214
141.33 -0.0119699
141.34 -0.011422
141.35 -0.0106048
141.36 -0.0095448
141.37 -0.00827608
141.38 -0.00683899
141.39 -0.00527912
141.4 -0.00364588
141.41 -0.00199306
141.42 -0.000380228
141.43 0.00114069
141.44 0.00252123
141.45 0.00371723
141.46 0.00469019
141.47 0.00540847
141.48 0.00584828
141.49 0.00597301
141.5 0.0057897
141.51 0.00531276
141.52 0.00455703
141.53 0.00354615
141.54 0.00231179
141.55 0.000892772
141.56 -0.000666115
141.57 -0.00231859
141.58 -0.00400066
141.59 -0.00565682
141.6 -0.00723377
141.61 -0.00868049
141.62 -0.00994988
141.63 -0.0110002
141.64 -0.0117963
141.65 -0.0122823
141.66 -0.0124648
141.67 -0.0123386
141.68 -0.0119064
141.69 -0.0111806
141.7 -0.0101828
141.71 -0.00894334
141.72 -0.00749929
141.73 -0.0058864
141.74 -0.00417434
141.75 -0.00241738
141.76 -0.000671428
141.77 0.00100769
141.78 0.00256591
141.79 0.00395261
141.8 0.0051175
141.81 0.00600113
141.82 0.00659276
141.83 0.00687187
141.84 0.00682746
141.85 0.00645846
141.86 0.00577375
141.87 0.00479196
141.88 0.00353401
141.89 0.00203187
141.9 0.000349548
141.91 -0.00146217
141.92 -0.0033484
141.93 -0.00525182
141.94 -0.00711436
141.95 -0.00887897
141.96 -0.0104827
141.97 -0.0118664
141.98 -0.0129973
141.99 -0.0138405
142 -0.0143699
142.01 -0.0145688
142.02 -0.0144302
142.03 -0.0139575
142.04 -0.0131479
142.05 -0.0120306
142.06 -0.0106547
142.07 -0.00906166
142.08 -0.00729944
142.09 -0.00542097
142.1 -0.00348256
142.11 -0.00154226
142.12 0.000334353
142.13 0.00208638
142.14 0.0036643
142.15 0.00502173
142.16 0.00611903
142.17 0.00692438
142.18 0.00741479
142.19 0.00757663
142.2 0.00738075
142.21 0.00685345
142.22 0.00602056
142.23 0.00490898
142.24 0.00355371
142.25 0.00199672
142.26 0.0002857
142.27 -0.0015274
142.28 -0.00338709
142.29 -0.00522872
142.3 -0.00699711
142.31 -0.0086402
142.32 -0.01011
142.33 -0.0113642
142.34 -0.0123669
142.35 -0.01309
142.36 -0.0134827
142.37 -0.0135651
142.38 -0.0133379
142.39 -0.0128106
142.4 -0.0120016
142.41 -0.0109369
142.42 -0.00964967
142.43 -0.00817743
142.44 -0.00655854
142.45 -0.00485648
142.46 -0.00312051
142.47 -0.00139989
142.48 0.000257603
142.49 0.00180707
142.5 0.00320778
142.51 0.00441906
142.52 0.00539794
142.53 0.00613877
142.54 0.00662899
142.55 0.00686391
142.56 0.00684675
142.57 0.00658829
142.58 0.00610646
142.59 0.00541954
142.6 0.00455692
142.61 0.00356656
142.62 0.00248669
142.63 0.00135728
142.64 0.000218709
142.65 -0.000889473
142.66 -0.00192979
142.67 -0.00286154
142.68 -0.00365064
142.69 -0.00427922
142.7 -0.00472966
142.71 -0.0049907
142.72 -0.00505764
142.73 -0.00493235
142.74 -0.00462306
142.75 -0.00413496
142.76 -0.00349399
142.77 -0.00273218
142.78 -0.00187808
142.79 -0.000962621
142.8 -1.80863e-05
142.81 0.00092303
142.82 0.0018291
142.83 0.00266376
142.84 0.00340051
142.85 0.00401934
142.86 0.0045029
142.87 0.00483898
142.88 0.00502082
142.89 0.00504728
142.9 0.0049228
142.91 0.00464655
142.92 0.00424485
142.93 0.00374015
142.94 0.00315585
142.95 0.00251798
142.96 0.00185419
142.97 0.0011928
142.98 0.000561865
142.99 -4.00488e-06
143 -0.000483772
143.01 -0.000857116
143.02 -0.00110733
143.03 -0.00122217
143.04 -0.00119427
143.05 -0.00102139
143.06 -0.000705525
143.07 -0.000244196
143.08 0.000335379
143.09 0.00101517
143.1 0.0017736
143.11 0.00258626
143.12 0.00342674
143.13 0.00426753
143.14 0.00507985
143.15 0.00583032
143.16 0.00649676
143.17 0.00705704
143.18 0.00749243
143.19 0.00778819
143.2 0.00793411
143.21 0.00792475
143.22 0.0077551
143.23 0.00742481
143.24 0.00695548
143.25 0.00636209
143.26 0.00566356
143.27 0.00488211
143.28 0.00404256
143.29 0.00317149
143.3 0.00229752
143.31 0.00145215
143.32 0.000661802
143.33 -4.90009e-05
143.34 -0.000658377
143.35 -0.00114776
143.36 -0.00150247
143.37 -0.00171213
143.38 -0.00176269
143.39 -0.00165484
143.4 -0.00140054
143.41 -0.00100919
143.42 -0.000494345
143.43 0.000126749
143.44 0.000833727
143.45 0.00160378
143.46 0.00241321
143.47 0.00323231
143.48 0.00403447
143.49 0.00479522
143.5 0.00549178
143.51 0.00610372
143.52 0.00661361
143.53 0.00700744
143.54 0.00726473
143.55 0.00738648
143.56 0.00737489
143.57 0.00723339
143.58 0.00696941
143.59 0.00659405
143.6 0.00612164
143.61 0.00556925
143.62 0.00495246
143.63 0.00429883
143.64 0.00363045
143.65 0.00296867
143.66 0.00233399
143.67 0.00174547
143.68 0.00122013
143.69 0.000772537
143.7 0.000423945
143.71 0.000173759
143.72 2.59648e-05
143.73 -1.89427e-05
143.74 3.61249e-05
143.75 0.000185045
143.76 0.000418783
143.77 0.000726524
143.78 0.00109747
143.79 0.00150987
143.8 0.00194745
143.81 0.0023937
143.82 0.00283241
143.83 0.00324828
143.84 0.00362733
143.85 0.00395592
143.86 0.00422009
143.87 0.00441677
143.88 0.00454164
143.89 0.00459302
143.9 0.00457187
143.91 0.0044816
143.92 0.00432787
143.93 0.00411656
143.94 0.00385683
143.95 0.0035627
143.96 0.00324519
143.97 0.00291548
143.98 0.00258435
143.99 0.00226184
144 0.00195687
144.01 0.00167841
144.02 0.00143285
144.03 0.00122222
144.04 0.00104798
144.05 0.000909654
144.06 0.00080494
144.07 0.000729925
144.08 0.000679329
144.09 0.00064748
144.1 0.000626073
144.11 0.000607114
144.12 0.000583543
144.13 0.000548918
144.14 0.000497789
144.15 0.000426007
144.16 0.000330997
144.17 0.000210279
144.18 6.63983e-05
144.19 -9.65189e-05
144.2 -0.000273235
144.21 -0.000456888
144.22 -0.000639255
144.23 -0.000811083
144.24 -0.000962484
144.25 -0.00107996
144.26 -0.00115494
144.27 -0.00117922
144.28 -0.00114548
144.29 -0.00104823
144.3 -0.000884158
144.31 -0.000652527
144.32 -0.000355341
144.33 7.58002e-06
144.34 0.000421647
144.35 0.000875221
144.36 0.0013544
144.37 0.00184309
144.38 0.00232341
144.39 0.00277631
144.4 0.00318161
144.41 0.00351191
144.42 0.00375347
144.43 0.00388946
144.44 0.00390547
144.45 0.00379009
144.46 0.0035355
144.47 0.00313794
144.48 0.00259545
144.49 0.00190583
144.5 0.00109193
144.51 0.000169505
144.52 -0.000841405
144.53 -0.00191689
144.54 -0.00302978
144.55 -0.00415033
144.56 -0.00524526
144.57 -0.00627613
144.58 -0.00721308
144.59 -0.00802567
144.6 -0.00868597
144.61 -0.00916951
144.62 -0.00945612
144.63 -0.00953077
144.64 -0.0093746
144.65 -0.0089817
144.66 -0.00837035
144.67 -0.0075526
144.68 -0.00654706
144.69 -0.00537855
144.7 -0.00407759
144.71 -0.00267961
144.72 -0.00122338
144.73 0.000242284
144.74 0.00167054
144.75 0.00301684
144.76 0.00423784
144.77 0.00529269
144.78 0.00614431
144.79 0.00676062
144.8 0.00709679
144.81 0.00714115
144.82 0.00689351
144.83 0.00635288
144.84 0.00552683
144.85 0.00443144
144.86 0.003091
144.87 0.00153749
144.88 -0.000200301
144.89 -0.00206218
144.9 -0.00399382
144.91 -0.00594174
144.92 -0.00785093
144.93 -0.00966644
144.94 -0.0113349
144.95 -0.0128062
144.96 -0.014009
144.97 -0.0149209
144.98 -0.0155143
144.99 -0.0157672
145 -0.0156671
145.01 -0.015211
145.02 -0.0144057
145.03 -0.0132673
145.04 -0.011795
145.05 -0.0100583
145.06 -0.00810125
145.07 -0.0059741
145.08 -0.00373207
145.09 -0.00143372
145.1 0.000860646
145.11 0.00308896
145.12 0.00517719
145.13 0.00707754
145.14 0.00874087
145.15 0.0101246
145.16 0.0111941
145.17 0.011923
145.18 0.0122948
145.19 0.0122932
145.2 0.0119046
145.21 0.0111718
145.22 0.0101189
145.23 0.00877852
145.24 0.00719062
145.25 0.00540116
145.26 0.00346088
145.27 0.00142231
145.28 -0.000653023
145.29 -0.0027042
145.3 -0.00467806
145.31 -0.00652498
145.32 -0.00820027
145.33 -0.00966541
145.34 -0.010889
145.35 -0.0118337
145.36 -0.0124828
145.37 -0.0128462
145.38 -0.0129282
145.39 -0.0127417
145.4 -0.012307
145.41 -0.0116512
145.42 -0.0108074
145.43 -0.00980645
145.44 -0.00869794
145.45 -0.00753058
145.46 -0.00634731
145.47 -0.00518974
145.48 -0.00409672
145.49 -0.00310321
145.5 -0.00223917
145.51 -0.00154119
145.52 -0.00102071
145.53 -0.000681971
145.54 -0.00052639
145.55 -0.000548245
145.56 -0.000735032
145.57 -0.00106803
145.58 -0.00152308
145.59 -0.00207667
145.6 -0.00268672
145.61 -0.00331717
145.62 -0.00393284
145.63 -0.00449922
145.64 -0.00498372
145.65 -0.00535683
145.66 -0.00559312
145.67 -0.00565555
145.68 -0.00554387
145.69 -0.00525203
145.7 -0.00477991
145.71 -0.00413399
145.72 -0.00332717
145.73 -0.00237832
145.74 -0.00131099
145.75 -0.000149764
145.76 0.0010617
145.77 0.00228815
145.78 0.00349334
145.79 0.00464122
145.8 0.00569711
145.81 0.00662885
145.82 0.00740436
145.83 0.00798644
145.84 0.00837061
145.85 0.00854553
145.86 0.00850625
145.87 0.00825431
145.88 0.00779767
145.89 0.00715041
145.9 0.00632769
145.91 0.00535219
145.92 0.0042653
145.93 0.00309958
145.94 0.00188943
145.95 0.000669932
145.96 -0.000524281
145.97 -0.00166011
145.98 -0.00270195
145.99 -0.00361821
146 -0.00439287
146.01 -0.00500973
146.02 -0.00545818
146.03 -0.00573346
146.04 -0.00583668
146.05 -0.00577465
146.06 -0.00555207
146.07 -0.0051903
146.08 -0.0047183
146.09 -0.00416116
146.1 -0.00354607
146.11 -0.0029013
146.12 -0.00225514
146.13 -0.00163493
146.14 -0.00107104
146.15 -0.000586311
146.16 -0.000196625
146.17 8.48057e-05
146.18 0.000249716
146.19 0.000295064
146.2 0.000223112
146.21 4.13251e-05
146.22 -0.000244283
146.23 -0.000608881
146.24 -0.00102891
146.25 -0.00148012
146.26 -0.00193633
146.27 -0.0023704
146.28 -0.00275528
146.29 -0.00306494
146.3 -0.00326441
146.31 -0.00333938
146.32 -0.00327467
146.33 -0.00305871
146.34 -0.00268497
146.35 -0.00215239
146.36 -0.00146542
146.37 -0.000633751
146.38 0.000337909
146.39 0.00141424
146.4 0.00257001
146.41 0.00377665
146.42 0.00500318
146.43 0.00621717
146.44 0.0073857
146.45 0.00847491
146.46 0.009443
146.47 0.0102699
146.48 0.0109319
146.49 0.01141
146.5 0.0116899
146.51 0.0117632
146.52 0.0116269
146.53 0.0112792
146.54 0.0107208
146.55 0.00998317
146.56 0.00908687
146.57 0.00805701
146.58 0.00692218
146.59 0.00571368
146.6 0.00446455
146.61 0.00320973
146.62 0.00198765
146.63 0.000830363
146.64 -0.00023258
146.65 -0.00117482
146.66 -0.00197389
146.67 -0.00261182
146.68 -0.00307549
146.69 -0.0033478
146.7 -0.00342613
146.71 -0.0033237
146.72 -0.00304921
146.73 -0.00261578
146.74 -0.00204047
146.75 -0.00134357
146.76 -0.000547894
146.77 0.000324971
146.78 0.00124477
146.79 0.00218335
146.8 0.00311636
146.81 0.00402115
146.82 0.00487741
146.83 0.00566773
146.84 0.006378
146.85 0.00699058
146.86 0.00750276
146.87 0.00791508
146.88 0.00822912
146.89 0.00844979
146.9 0.0085849
146.91 0.00864467
146.92 0.00864117
146.93 0.00858464
146.94 0.00849379
146.95 0.00838301
146.96 0.00826505
146.97 0.0081512
146.98 0.00805079
146.99 0.00797082
147 0.00791563
147.01 0.00788916
147.02 0.00788694
147.03 0.00790399
147.04 0.00793287
147.05 0.00796391
147.06 0.00798563
147.07 0.00798525
147.08 0.00794887
147.09 0.00785727
147.1 0.00770112
147.11 0.00746886
147.12 0.0071508
147.13 0.00673967
147.14 0.00623103
147.15 0.0056236
147.16 0.00491773
147.17 0.00411461
147.18 0.00323208
147.19 0.00228353
147.2 0.00128531
147.21 0.000256387
147.22 -0.00078221
147.23 -0.00180796
147.24 -0.0027956
147.25 -0.00371664
147.26 -0.00455136
147.27 -0.0052788
147.28 -0.00588029
147.29 -0.00634001
147.3 -0.00664556
147.31 -0.00678841
147.32 -0.00675691
147.33 -0.00654959
147.34 -0.00618174
147.35 -0.0056635
147.36 -0.00500912
147.37 -0.00423668
147.38 -0.00336754
147.39 -0.00242583
147.4 -0.00143672
147.41 -0.00043191
147.42 0.000558622
147.43 0.00150732
147.44 0.00238788
147.45 0.003176
147.46 0.00385005
147.47 0.00439169
147.48 0.00477563
147.49 0.00499605
147.5 0.00505309
147.51 0.00494655
147.52 0.00468076
147.53 0.00426441
147.54 0.00371026
147.55 0.00303472
147.56 0.002251
147.57 0.00138973
147.58 0.000477287
147.59 -0.000461194
147.6 -0.00140038
147.61 -0.00231551
147.62 -0.00318305
147.63 -0.0039814
147.64 -0.00468186
147.65 -0.00527469
147.66 -0.00574898
147.67 -0.00609671
147.68 -0.00631377
147.69 -0.00639998
147.7 -0.00635897
147.71 -0.00619774
147.72 -0.00591772
147.73 -0.00554476
147.74 -0.00509526
147.75 -0.00458738
147.76 -0.00404037
147.77 -0.00347404
147.78 -0.00290809
147.79 -0.00236213
147.8 -0.00185845
147.81 -0.00141065
147.82 -0.00103203
147.83 -0.000733308
147.84 -0.000522348
147.85 -0.000404051
147.86 -0.000380287
147.87 -0.000452295
147.88 -0.00061967
147.89 -0.000868249
147.9 -0.00118862
147.91 -0.0015695
147.92 -0.00199818
147.93 -0.00246095
147.94 -0.00294357
147.95 -0.00343139
147.96 -0.0039086
147.97 -0.00436216
147.98 -0.00478053
147.99 -0.00515379
148 -0.00547389
148.01 -0.00573481
148.02 -0.0059327
148.03 -0.0060627
148.04 -0.00612563
148.05 -0.0061279
148.06 -0.00607445
148.07 -0.00597184
148.08 -0.00582798
148.09 -0.0056518
148.1 -0.00545294
148.11 -0.00524125
148.12 -0.00502822
148.13 -0.00482385
148.14 -0.00463692
148.15 -0.00447523
148.16 -0.00434536
148.17 -0.00425244
148.18 -0.00420005
148.19 -0.00419328
148.2 -0.00423014
148.21 -0.00430764
148.22 -0.00442241
148.23 -0.00456964
148.24 -0.00474327
148.25 -0.00493619
148.26 -0.0051405
148.27 -0.00534718
148.28 -0.00554639
148.29 -0.00572936
148.3 -0.00588766
148.31 -0.0060134
148.32 -0.00609952
148.33 -0.00613993
148.34 -0.00612968
148.35 -0.00605963
148.36 -0.00593275
148.37 -0.00574882
148.38 -0.00550895
148.39 -0.00521568
148.4 -0.00487295
148.41 -0.004486
148.42 -0.00406097
148.43 -0.0036036
148.44 -0.00312571
148.45 -0.00263632
148.46 -0.00214477
148.47 -0.0016606
148.48 -0.00119326
148.49 -0.000751919
148.5 -0.000346152
148.51 1.26661e-05
148.52 0.00032056
148.53 0.000571713
148.54 0.000761504
148.55 0.000886613
148.56 0.000945095
148.57 0.000936427
148.58 0.000859458
148.59 0.000714698
148.6 0.000510757
148.61 0.000253
148.62 -5.20255e-05
148.63 -0.000396722
148.64 -0.000772594
148.65 -0.00117043
148.66 -0.00158054
148.67 -0.00199155
148.68 -0.00239266
148.69 -0.00277389
148.7 -0.00312565
148.71 -0.00343895
148.72 -0.00370559
148.73 -0.00391839
148.74 -0.00406768
148.75 -0.004149
148.76 -0.00416216
148.77 -0.00410575
148.78 -0.00397993
148.79 -0.00378642
148.8 -0.00352847
148.81 -0.00321079
148.82 -0.00283629
148.83 -0.00241514
148.84 -0.0019576
148.85 -0.00147293
148.86 -0.000970935
148.87 -0.000461691
148.88 4.4705e-05
148.89 0.000538393
148.9 0.00100753
148.91 0.00144408
148.92 0.00184116
148.93 0.00219263
148.94 0.00249375
148.95 0.00274127
148.96 0.00293353
148.97 0.00307047
148.98 0.00314899
148.99 0.00317717
149 0.00316034
149.01 0.00310455
149.02 0.00301687
149.03 0.00290515
149.04 0.00277774
149.05 0.00264323
149.06 0.00251114
149.07 0.00239006
149.08 0.0022873
149.09 0.00220924
149.1 0.00216107
149.11 0.00214659
149.12 0.0021681
149.13 0.00222684
149.14 0.00232412
149.15 0.00245383
149.16 0.0026115
149.17 0.00279132
149.18 0.00298633
149.19 0.00318864
149.2 0.00338975
149.21 0.00358031
149.22 0.0037496
149.23 0.00389015
149.24 0.00399443
149.25 0.004056
149.26 0.00406977
149.27 0.0040323
149.28 0.00394191
149.29 0.00379695
149.3 0.00359909
149.31 0.00335642
149.32 0.00307567
149.33 0.00276535
149.34 0.0024355
149.35 0.00209744
149.36 0.00176342
149.37 0.00144782
149.38 0.00116539
149.39 0.000927777
149.4 0.000746754
149.41 0.000632882
149.42 0.000595118
149.43 0.000640467
149.44 0.000773688
149.45 0.00100269
149.46 0.00132447
149.47 0.00173179
149.48 0.00221814
149.49 0.00277446
149.5 0.00338924
149.51 0.00404885
149.52 0.00473783
149.53 0.00543891
149.54 0.00613159
149.55 0.00679731
149.56 0.00741793
149.57 0.00797605
149.58 0.00845543
149.59 0.00884155
149.6 0.00912195
149.61 0.00927604
149.62 0.00930475
149.63 0.00920643
149.64 0.00898088
149.65 0.00863111
149.66 0.00816326
149.67 0.00758644
149.68 0.00691254
149.69 0.00614932
149.7 0.00532272
149.71 0.00445121
149.72 0.00355401
149.73 0.00265079
149.74 0.00176115
149.75 0.000904115
149.76 9.82814e-05
149.77 -0.000632802
149.78 -0.0012801
149.79 -0.00183199
149.8 -0.00227944
149.81 -0.00261616
149.82 -0.0028387
149.83 -0.00294645
149.84 -0.00293928
149.85 -0.00281639
149.86 -0.00259442
149.87 -0.00228298
149.88 -0.00189336
149.89 -0.00143807
149.9 -0.000930487
149.91 -0.000384455
149.92 0.000186475
149.93 0.000767519
149.94 0.00134448
149.95 0.00190571
149.96 0.00244088
149.97 0.00294108
149.98 0.00339898
149.99 0.00380887
150 0.00416419
150.01 0.00446164
150.02 0.00470338
150.03 0.00488984
150.04 0.00502248
150.05 0.00510354
150.06 0.00513584
150.07 0.00512254
150.08 0.0050647
150.09 0.00496645
150.1 0.00483254
150.11 0.00466546
150.12 0.00446725
150.13 0.00423944
150.14 0.00398312
150.15 0.00369894
150.16 0.00338537
150.17 0.00304362
150.18 0.00267477
150.19 0.00227926
150.2 0.00185793
150.21 0.00141219
150.22 0.00094422
150.23 0.00045707
150.24 -4.60241e-05
150.25 -0.000558369
150.26 -0.00107328
150.27 -0.00158341
150.28 -0.00208055
150.29 -0.00255578
150.3 -0.00299975
150.31 -0.00340289
150.32 -0.00375019
150.33 -0.00403615
150.34 -0.00425313
150.35 -0.00439427
150.36 -0.00445421
150.37 -0.00442936
150.38 -0.00431816
150.39 -0.00412096
150.4 -0.00383353
150.41 -0.00347019
150.42 -0.00303925
150.43 -0.00255122
150.44 -0.0020186
150.45 -0.00145558
150.46 -0.000877692
150.47 -0.000301688
150.48 0.000252345
150.49 0.000768042
150.5 0.00122938
150.51 0.00162158
150.52 0.00193157
150.53 0.00214847
150.54 0.00226397
150.55 0.00226965
150.56 0.00215828
150.57 0.0019396
150.58 0.00161873
150.59 0.00120398
150.6 0.000706619
150.61 0.000140628
150.62 -0.000477757
150.63 -0.00113106
150.64 -0.00179779
150.65 -0.00245608
150.66 -0.00308623
150.67 -0.00366938
150.68 -0.00418816
150.69 -0.0046273
150.7 -0.00497408
150.71 -0.00521334
150.72 -0.00533864
150.73 -0.00535355
150.74 -0.00526028
150.75 -0.00506478
150.76 -0.00477664
150.77 -0.00440874
150.78 -0.00397687
150.79 -0.00349767
150.8 -0.00299492
150.81 -0.00249157
150.82 -0.00200909
150.83 -0.00156844
150.84 -0.00118928
150.85 -0.000889304
150.86 -0.000683584
150.87 -0.000592611
150.88 -0.000619672
150.89 -0.000765124
150.9 -0.00102788
150.91 -0.00140254
150.92 -0.00187957
150.93 -0.00244548
150.94 -0.00308324
150.95 -0.00377534
150.96 -0.00449309
150.97 -0.00521142
150.98 -0.0059053
150.99 -0.00654988
151 -0.0071213
151.01 -0.00759754
151.02 -0.00795916
151.03 -0.0081758
151.04 -0.00824754
151.05 -0.00816787
151.06 -0.0079347
151.07 -0.00755079
151.08 -0.00702373
151.09 -0.00636575
151.1 -0.0055925
151.11 -0.00471917
151.12 -0.00378017
151.13 -0.00280195
151.14 -0.00181238
151.15 -0.000839823
151.16 8.77642e-05
151.17 0.00094372
151.18 0.00170098
151.19 0.00232919
151.2 0.00281954
151.21 0.00315973
151.22 0.00334228
151.23 0.00336483
151.24 0.00323022
151.25 0.00294638
151.26 0.00252215
151.27 0.00197338
151.28 0.00133116
151.29 0.000620461
151.3 -0.000131591
151.31 -0.000896612
151.32 -0.0016459
151.33 -0.00235139
151.34 -0.00298221
151.35 -0.00351059
151.36 -0.00392081
151.37 -0.00419716
151.38 -0.0043286
151.39 -0.0043091
151.4 -0.00413785
151.41 -0.00381931
151.42 -0.00335599
151.43 -0.00276665
151.44 -0.00207693
151.45 -0.00130999
151.46 -0.000491715
151.47 0.000350124
151.48 0.00118682
151.49 0.00198968
151.5 0.00272481
151.51 0.0033661
151.52 0.00389332
151.53 0.0042879
151.54 0.00453557
151.55 0.00462685
151.56 0.00455729
151.57 0.00432768
151.58 0.00393236
151.59 0.00339361
151.6 0.00273105
151.61 0.00196513
151.62 0.00111951
151.63 0.000220258
151.64 -0.000705006
151.65 -0.00162802
151.66 -0.00251547
151.67 -0.00334106
151.68 -0.00408101
151.69 -0.00471434
151.7 -0.00522374
151.71 -0.00559612
151.72 -0.00582297
151.73 -0.00589998
151.74 -0.00581509
151.75 -0.00558988
151.76 -0.00523573
151.77 -0.00476791
151.78 -0.004205
151.79 -0.00356822
151.8 -0.00288064
151.81 -0.00216639
151.82 -0.00145225
151.83 -0.000763523
151.84 -0.00012192
151.85 0.000453226
151.86 0.000945567
151.87 0.00134224
151.88 0.00163425
151.89 0.0018136
151.9 0.00187492
151.91 0.00183062
151.92 0.0016888
151.93 0.00146093
151.94 0.00116135
151.95 0.000806656
151.96 0.00041502
151.97 5.56522e-06
151.98 -0.000400159
151.99 -0.000783039
152 -0.00112644
152.01 -0.00141588
152.02 -0.00163959
152.03 -0.00178891
152.04 -0.00185859
152.05 -0.00184289
152.06 -0.00174468
152.07 -0.00157425
152.08 -0.00134098
152.09 -0.00105697
152.1 -0.000736485
152.11 -0.000395403
152.12 -5.05137e-05
152.13 0.000279247
152.14 0.000575863
152.15 0.000825036
152.16 0.00101392
152.17 0.00113227
152.18 0.00117286
152.19 0.00113189
152.2 0.00100915
152.21 0.000802762
152.22 0.000525108
152.23 0.000189523
152.24 -0.000189687
152.25 -0.000595754
152.26 -0.00101004
152.27 -0.00141273
152.28 -0.00178352
152.29 -0.00209623
152.3 -0.00233426
152.31 -0.00248186
152.32 -0.00252525
152.33 -0.00245391
152.34 -0.00226106
152.35 -0.00194401
152.36 -0.00150435
152.37 -0.00093746
152.38 -0.000266534
152.39 0.000493064
152.4 0.0013227
152.41 0.00220083
152.42 0.00310363
152.43 0.0040058
152.44 0.00488078
152.45 0.00569582
152.46 0.00642933
152.47 0.00705899
152.48 0.00756531
152.49 0.0079323
152.5 0.00814803
152.51 0.00820504
152.52 0.00809713
152.53 0.00781829
152.54 0.00738954
152.55 0.00682371
152.56 0.00613779
152.57 0.00535242
152.58 0.0044912
152.59 0.00358001
152.6 0.00264635
152.61 0.00172165
152.62 0.000834363
152.63 1.02486e-05
152.64 -0.00072722
152.65 -0.00135757
152.66 -0.00186398
152.67 -0.00223374
152.68 -0.00245183
152.69 -0.00251364
152.7 -0.0024297
152.71 -0.00220713
152.72 -0.00185733
152.73 -0.00139556
152.74 -0.000840384
152.75 -0.000212962
152.76 0.000465072
152.77 0.00116576
152.78 0.00186293
152.79 0.00253327
152.8 0.00315509
152.81 0.00370908
152.82 0.00417891
152.83 0.00455174
152.84 0.00481087
152.85 0.0049557
152.86 0.00499006
152.87 0.00491855
152.88 0.00474967
152.89 0.00449544
152.9 0.00417087
152.91 0.0037934
152.92 0.00338112
152.93 0.00295843
152.94 0.00254626
152.95 0.00216416
152.96 0.00183023
152.97 0.00156045
152.98 0.00136806
152.99 0.00126315
153 0.00126133
153.01 0.00135679
153.02 0.00154674
153.03 0.00182534
153.04 0.00218317
153.05 0.00260765
153.06 0.00308344
153.07 0.0035931
153.08 0.00411686
153.09 0.00463178
153.1 0.00511793
153.11 0.00555616
153.12 0.00592875
153.13 0.00622006
153.14 0.00641703
153.15 0.00650783
153.16 0.00647793
153.17 0.00633424
153.18 0.00607834
153.19 0.00571546
153.2 0.00525422
153.21 0.00470632
153.22 0.00408613
153.23 0.00340915
153.24 0.00269413
153.25 0.00196415
153.26 0.00123853
153.27 0.000536107
153.28 -0.000125412
153.29 -0.000729975
153.3 -0.00126368
153.31 -0.00171152
153.32 -0.00206241
153.33 -0.0023168
153.34 -0.00247315
153.35 -0.00253295
153.36 -0.0025006
153.37 -0.0023831
153.38 -0.00218968
153.39 -0.00192871
153.4 -0.00161465
153.41 -0.00126395
153.42 -0.000890151
153.43 -0.000506426
153.44 -0.000125157
153.45 0.000242504
153.46 0.000586973
153.47 0.000898145
153.48 0.00117076
153.49 0.00140289
153.5 0.00159352
153.51 0.00174352
153.52 0.0018555
153.53 0.00193348
153.54 0.00198252
153.55 0.00200711
153.56 0.00201509
153.57 0.00201275
153.58 0.00200517
153.59 0.0019964
153.6 0.00198915
153.61 0.00198461
153.62 0.00198225
153.63 0.00197945
153.64 0.00197158
153.65 0.00195276
153.66 0.00191583
153.67 0.00185274
153.68 0.00175489
153.69 0.0016136
153.7 0.00142064
153.71 0.00116214
153.72 0.000837818
153.73 0.000444197
153.74 -1.991e-05
153.75 -0.000553035
153.76 -0.00115084
153.77 -0.00180601
153.78 -0.00250863
153.79 -0.00324661
153.8 -0.00399959
153.81 -0.00474928
153.82 -0.0054758
153.83 -0.00615834
153.84 -0.00677582
153.85 -0.0073076
153.86 -0.00773143
153.87 -0.00802121
153.88 -0.00817139
153.89 -0.0081714
153.9 -0.00801468
153.91 -0.00769916
153.92 -0.00722749
153.93 -0.00660723
153.94 -0.00584676
153.95 -0.00496214
153.96 -0.00398485
153.97 -0.00294111
153.98 -0.00186017
153.99 -0.000773468
154 0.000286282
154.01 0.00128604
154.02 0.00218769
154.03 0.0029559
154.04 0.00356901
154.05 0.00400402
154.06 0.0042427
154.07 0.00427225
154.08 0.0040859
154.09 0.00368319
154.1 0.00305863
154.11 0.00223059
154.12 0.00122825
154.13 7.74438e-05
154.14 -0.00119106
154.15 -0.00254243
154.16 -0.00393875
154.17 -0.00534011
154.18 -0.0067004
154.19 -0.00797635
154.2 -0.00913124
154.21 -0.0101303
154.22 -0.010943
154.23 -0.0115439
154.24 -0.0119139
154.25 -0.0120403
154.26 -0.0118971
154.27 -0.0115032
154.28 -0.0108743
154.29 -0.010028
154.3 -0.00898847
154.31 -0.00778563
154.32 -0.00645409
154.33 -0.00503226
154.34 -0.00356052
154.35 -0.00208938
154.36 -0.000661303
154.37 0.000683111
154.38 0.00190607
154.39 0.0029737
154.4 0.00385706
154.41 0.00453182
154.42 0.00495974
154.43 0.00515303
154.44 0.00511072
154.45 0.00483891
154.46 0.00435048
154.47 0.00366463
154.48 0.00280618
154.49 0.00180291
154.5 0.000684878
154.51 -0.000499772
154.52 -0.00171335
154.53 -0.00291821
154.54 -0.0040779
154.55 -0.0051583
154.56 -0.00612863
154.57 -0.00695777
154.58 -0.00761538
154.59 -0.00809712
154.6 -0.00839448
154.61 -0.00850506
154.62 -0.00843243
154.63 -0.0081859
154.64 -0.00778
154.65 -0.00722912
154.66 -0.00655729
154.67 -0.00579924
154.68 -0.00498303
154.69 -0.00413741
154.7 -0.00329076
154.71 -0.00247015
154.72 -0.00170044
154.73 -0.00100831
154.74 -0.000413522
154.75 7.47064e-05
154.76 0.00044807
154.77 0.000702963
154.78 0.000840423
154.79 0.000865898
154.8 0.000788866
154.81 0.00061758
154.82 0.000372658
154.83 7.56385e-05
154.84 -0.000254067
154.85 -0.000596792
154.86 -0.000933433
154.87 -0.00124621
154.88 -0.00151937
154.89 -0.00173495
154.9 -0.00188515
154.91 -0.00196563
154.92 -0.00197438
154.93 -0.00191298
154.94 -0.00178652
154.95 -0.00160319
154.96 -0.00137391
154.97 -0.0011101
154.98 -0.000830311
154.99 -0.00055026
155 -0.000285071
155.01 -4.89277e-05
155.02 0.000145624
155.03 0.000288311
155.04 0.000371668
155.05 0.000385008
155.06 0.00033457
155.07 0.000224274
155.08 6.15825e-05
155.09 -0.000142678
155.1 -0.000374698
155.11 -0.000618195
155.12 -0.000854746
155.13 -0.00106097
155.14 -0.00121831
155.15 -0.00130813
155.16 -0.0013134
155.17 -0.00121954
155.18 -0.00101512
155.19 -0.000692505
155.2 -0.000245579
155.21 0.00033022
155.22 0.001018
155.23 0.00180559
155.24 0.00267625
155.25 0.00360906
155.26 0.00457955
155.27 0.00556041
155.28 0.00652055
155.29 0.00742432
155.3 0.00824321
155.31 0.00894854
155.32 0.00951413
155.33 0.0099172
155.34 0.0101394
155.35 0.0101673
155.36 0.00998395
155.37 0.00958722
155.38 0.0089948
155.39 0.00821982
155.4 0.00728154
155.41 0.00620488
155.42 0.00501977
155.43 0.00376027
155.44 0.00246374
155.45 0.00117507
155.46 -6.45895e-05
155.47 -0.00121636
155.48 -0.00224359
155.49 -0.00311302
155.5 -0.00379595
155.51 -0.00426922
155.52 -0.00449924
155.53 -0.00448547
155.54 -0.0042343
155.55 -0.00375281
155.56 -0.00305544
155.57 -0.00216362
155.58 -0.00110515
155.59 8.66914e-05
155.6 0.00137861
155.61 0.00271892
155.62 0.0040628
155.63 0.00536698
155.64 0.00658947
155.65 0.00769092
155.66 0.00863595
155.67 0.00939429
155.68 0.0099202
155.69 0.0102149
155.7 0.0102722
155.71 0.0100922
155.72 0.00968303
155.73 0.0090605
155.74 0.0082474
155.75 0.00727216
155.76 0.0061619
155.77 0.00497098
155.78 0.00374135
155.79 0.00251596
155.8 0.00133735
155.81 0.000246191
155.82 -0.000720084
155.83 -0.0015253
155.84 -0.00212759
155.85 -0.0025217
155.86 -0.00269615
155.87 -0.00264727
155.88 -0.00237926
155.89 -0.0019041
155.9 -0.00124106
155.91 -0.000412259
155.92 0.000551779
155.93 0.00160258
155.94 0.00270006
155.95 0.00380261
155.96 0.00486855
155.97 0.0058576
155.98 0.00673231
155.99 0.00745202
156 0.00798263
156.01 0.00831332
156.02 0.00843136
156.03 0.00833176
156.04 0.00801736
156.05 0.00749879
156.06 0.00679407
156.07 0.0059211
156.08 0.00491625
156.09 0.00382355
156.1 0.00268255
156.11 0.00153459
156.12 0.000421221
156.13 -0.000617226
156.14 -0.00154312
156.15 -0.00231143
156.16 -0.0028957
156.17 -0.00328114
156.18 -0.00345495
156.19 -0.00341213
156.2 -0.00315578
156.21 -0.002697
156.22 -0.00205453
156.23 -0.00124454
156.24 -0.000311677
156.25 0.000702268
156.26 0.00175584
156.27 0.00280566
156.28 0.00380795
156.29 0.00472011
156.3 0.00550221
156.31 0.00610098
156.32 0.00649713
156.33 0.00667089
156.34 0.00660815
156.35 0.00630315
156.36 0.00575867
156.37 0.00498615
156.38 0.0040053
156.39 0.00282873
156.4 0.00151288
156.41 9.89568e-05
156.42 -0.00136784
156.43 -0.00283983
156.44 -0.00426845
156.45 -0.00560593
156.46 -0.00680476
156.47 -0.00780583
156.48 -0.00858773
156.49 -0.0091232
156.5 -0.00939304
156.51 -0.00938677
156.52 -0.0091031
156.53 -0.00855005
156.54 -0.00773942
156.55 -0.00668867
156.56 -0.00545242
156.57 -0.00407233
156.58 -0.00259507
156.59 -0.00107081
156.6 0.000448498
156.61 0.00191077
156.62 0.00325999
156.63 0.00443913
156.64 0.00541511
156.65 0.00615404
156.66 0.00662994
156.67 0.00682557
156.68 0.00673308
156.69 0.00635426
156.7 0.00568851
156.71 0.00475895
156.72 0.00361149
156.73 0.00228466
156.74 0.000823012
156.75 -0.000724416
156.76 -0.00230571
156.77 -0.00386781
156.78 -0.00535097
156.79 -0.0067007
156.8 -0.00787575
156.81 -0.00883763
156.82 -0.00955523
156.83 -0.0100058
156.84 -0.0101758
156.85 -0.0100611
156.86 -0.00964866
156.87 -0.00896857
156.88 -0.00805542
156.89 -0.00694341
156.9 -0.00567344
156.91 -0.00429167
156.92 -0.00284798
156.93 -0.00139423
156.94 9.68795e-06
156.95 0.00131143
156.96 0.00246579
156.97 0.00343205
156.98 0.00417625
156.99 0.00467226
157 0.00490273
157.01 0.00485966
157.02 0.00451981
157.03 0.00392125
157.04 0.00308805
157.05 0.00205085
157.06 0.000847361
157.07 -0.00047892
157.08 -0.00188024
157.09 -0.00330607
157.1 -0.00469758
157.11 -0.00600362
157.12 -0.00717772
157.13 -0.00817826
157.14 -0.00896992
157.15 -0.00952486
157.16 -0.00982377
157.17 -0.00985176
157.18 -0.0095919
157.19 -0.0090779
157.2 -0.00833038
157.21 -0.0073784
157.22 -0.00625845
157.23 -0.00501323
157.24 -0.00369012
157.25 -0.00234038
157.26 -0.00102296
157.27 0.000210114
157.28 0.00131106
157.29 0.00223671
157.3 0.00295006
157.31 0.00342157
157.32 0.00363035
157.33 0.00355337
157.34 0.00318539
157.35 0.00255385
157.36 0.00167955
157.37 0.00059249
157.38 -0.000669169
157.39 -0.00206027
157.4 -0.00353016
157.41 -0.0050225
157.42 -0.00647307
157.43 -0.0078249
157.44 -0.00902424
157.45 -0.0100216
157.46 -0.0107736
157.47 -0.0112442
157.48 -0.0114065
157.49 -0.0112215
157.5 -0.0106936
157.51 -0.00984172
157.52 -0.00868416
157.53 -0.00724971
157.54 -0.00557689
157.55 -0.00371273
157.56 -0.00171147
157.57 0.000368138
157.58 0.00245146
157.59 0.00447182
157.6 0.00636523
157.61 0.00807074
157.62 0.00953241
157.63 0.0107012
157.64 0.0115363
157.65 0.0119726
157.66 0.0120184
157.67 0.0116728
157.68 0.0109424
157.69 0.00984547
157.7 0.00841188
157.71 0.00668191
157.72 0.00470508
157.73 0.00252622
157.74 0.000234038
157.75 -0.00210312
157.76 -0.0044154
157.77 -0.00663353
157.78 -0.00869097
157.79 -0.0105259
157.8 -0.012079
157.81 -0.0132745
157.82 -0.0141034
157.83 -0.0145421
157.84 -0.014579
157.85 -0.0142144
157.86 -0.0134607
157.87 -0.0123419
157.88 -0.0108859
157.89 -0.00912826
157.9 -0.00714864
157.91 -0.00500769
157.92 -0.00277034
157.93 -0.000503769
157.94 0.00172466
157.95 0.00384946
157.96 0.00580086
157.97 0.00751033
157.98 0.00894276
157.99 0.0100608
158 0.0108372
158.01 0.0112556
158.02 0.0113109
158.03 0.0110095
158.04 0.0103534
158.05 0.00937372
158.06 0.00812729
158.07 0.00666081
158.08 0.00502711
158.09 0.00328351
158.1 0.00148996
158.11 -0.000292833
158.12 -0.00199753
158.13 -0.00356229
158.14 -0.00493987
158.15 -0.00608639
158.16 -0.00696587
158.17 -0.00755118
158.18 -0.0078248
158.19 -0.00777916
158.2 -0.00739494
158.21 -0.00670095
158.22 -0.0057304
158.23 -0.00451546
158.24 -0.00309546
158.25 -0.0015155
158.26 0.000174951
158.27 0.00192371
158.28 0.00367342
158.29 0.00536605
158.3 0.00695196
158.31 0.00838557
158.32 0.00962674
158.33 0.0106419
158.34 0.0114049
158.35 0.0118977
158.36 0.0120839
158.37 0.0119895
158.38 0.0116257
158.39 0.0110101
158.4 0.0101678
158.41 0.00912979
158.42 0.00793263
158.43 0.00661624
158.44 0.00522174
158.45 0.0038041
158.46 0.00240727
158.47 0.00107334
158.48 -0.000158693
158.49 -0.00125403
158.5 -0.00218303
158.51 -0.00291817
158.52 -0.00342782
158.53 -0.00371954
158.54 -0.00379187
158.55 -0.00365024
158.56 -0.00330661
158.57 -0.00277891
158.58 -0.00209036
158.59 -0.00126556
158.6 -0.00033554
158.61 0.000656712
158.62 0.00167637
158.63 0.00268871
158.64 0.00366022
158.65 0.00455953
158.66 0.00535833
158.67 0.00602598
158.68 0.00653812
158.69 0.00688853
158.7 0.00706875
158.71 0.00707568
158.72 0.0069115
158.73 0.00658344
158.74 0.00610335
158.75 0.00548096
158.76 0.00473979
158.77 0.00390895
158.78 0.00301309
158.79 0.00207782
158.8 0.00112898
158.81 0.000191826
158.82 -0.00070967
158.83 -0.00154829
158.84 -0.00230436
158.85 -0.00296416
158.86 -0.00351517
158.87 -0.00394839
158.88 -0.00425838
158.89 -0.00444323
158.9 -0.00450436
158.91 -0.00443755
158.92 -0.00425781
158.93 -0.00397795
158.94 -0.00360982
158.95 -0.00316651
158.96 -0.00266184
158.97 -0.00210993
158.98 -0.0015247
158.99 -0.000918779
159 -0.000307066
159.01 0.000299489
159.02 0.000891656
159.03 0.00146184
159.04 0.00200413
159.05 0.00251425
159.06 0.00298947
159.07 0.00342487
159.08 0.00382413
159.09 0.00418828
159.1 0.00451899
159.11 0.00481823
159.12 0.00508808
159.13 0.00533043
159.14 0.00554647
159.15 0.00573524
159.16 0.00589904
159.17 0.00603709
159.18 0.00614779
159.19 0.00622876
159.2 0.00627692
159.21 0.00628869
159.22 0.00625899
159.23 0.00618092
159.24 0.00605369
159.25 0.00587375
159.26 0.00563824
159.27 0.00534518
159.28 0.00499371
159.29 0.00458425
159.3 0.00411671
159.31 0.00359361
159.32 0.00302382
159.33 0.00241417
159.34 0.00177285
159.35 0.00110936
159.36 0.000434247
159.37 -0.000241098
159.38 -0.000903543
159.39 -0.00153915
159.4 -0.00213658
159.41 -0.00268433
159.42 -0.00317167
159.43 -0.00358906
159.44 -0.00392833
159.45 -0.00418297
159.46 -0.00434277
159.47 -0.00440681
159.48 -0.00437873
159.49 -0.00426063
159.5 -0.00405668
159.51 -0.00377304
159.52 -0.00341769
159.53 -0.00300024
159.54 -0.00252888
159.55 -0.00201941
159.56 -0.00148627
159.57 -0.000942838
159.58 -0.000402527
159.59 0.00012154
159.6 0.000616841
159.61 0.00107174
159.62 0.00147068
159.63 0.00180734
159.64 0.00207547
159.65 0.00226966
159.66 0.00238633
159.67 0.0024237
159.68 0.00238182
159.69 0.00226248
159.7 0.00206248
159.71 0.00179424
159.72 0.00146472
159.73 0.00108164
159.74 0.000653574
159.75 0.000189795
159.76 -0.000299999
159.77 -0.000805923
159.78 -0.00131755
159.79 -0.00182387
159.8 -0.00231566
159.81 -0.00278425
159.82 -0.00322172
159.83 -0.00362095
159.84 -0.00397574
159.85 -0.00427985
159.86 -0.00452531
159.87 -0.00471339
159.88 -0.00484224
159.89 -0.00491105
159.9 -0.00492
159.91 -0.00487025
159.92 -0.00476385
159.93 -0.00460218
159.94 -0.00438752
159.95 -0.00412822
159.96 -0.00382951
159.97 -0.00349719
159.98 -0.00313751
159.99 -0.00275715
160 -0.00236306
160.01 -0.00196248
160.02 -0.00156367
160.03 -0.00117425
160.04 -0.000801355
160.05 -0.000451915
160.06 -0.00013248
160.07 0.000150875
160.08 0.000392666
160.09 0.000585359
160.1 0.000724997
160.11 0.000810977
160.12 0.00084155
160.13 0.000816063
160.14 0.000735009
160.15 0.000600049
160.16 0.000414015
160.17 0.000178084
160.18 -0.000100415
160.19 -0.000413599
160.2 -0.000754352
160.21 -0.00111488
160.22 -0.00148685
160.23 -0.00186166
160.24 -0.00223056
160.25 -0.00258315
160.26 -0.00291117
160.27 -0.00320748
160.28 -0.00346543
160.29 -0.00367941
160.3 -0.00384501
160.31 -0.00395918
160.32 -0.00402031
160.33 -0.00402365
160.34 -0.00397527
160.35 -0.00387905
160.36 -0.00373968
160.37 -0.00356313
160.38 -0.00335643
160.39 -0.0031275
160.4 -0.00288488
160.41 -0.00263793
160.42 -0.00239678
160.43 -0.00217009
160.44 -0.00196591
160.45 -0.00179141
160.46 -0.00165267
160.47 -0.00155444
160.48 -0.00150056
160.49 -0.00149601
160.5 -0.00153638
160.51 -0.00161939
160.52 -0.00174113
160.53 -0.00189611
160.54 -0.00207746
160.55 -0.00227714
160.56 -0.00248617
160.57 -0.00269379
160.58 -0.00288953
160.59 -0.00306364
160.6 -0.00320686
160.61 -0.00331074
160.62 -0.00336795
160.63 -0.00337253
160.64 -0.00331794
160.65 -0.00319999
160.66 -0.00302225
160.67 -0.00278658
160.68 -0.00249682
160.69 -0.00215865
160.7 -0.00177945
160.71 -0.00136807
160.72 -0.000934072
160.73 -0.000489945
160.74 -4.83294e-05
160.75 0.000379165
160.76 0.000781256
160.77 0.00114737
160.78 0.00146799
160.79 0.00173499
160.8 0.00193794
160.81 0.00207325
160.82 0.00214136
160.83 0.00214244
160.84 0.00207879
160.85 0.00195479
160.86 0.00177676
160.87 0.00155269
160.88 0.00129016
160.89 0.00100264
160.9 0.000702525
160.91 0.000401395
160.92 0.000110649
160.93 -0.000158918
160.94 -0.000397497
160.95 -0.000596618
160.96 -0.000745106
160.97 -0.000841066
160.98 -0.000882964
160.99 -0.000870696
161 -0.000806358
161.01 -0.000694168
161.02 -0.000540313
161.03 -0.000352718
161.04 -0.000139412
161.05 8.58504e-05
161.06 0.000311725
161.07 0.00052683
161.08 0.00072008
161.09 0.000881123
161.1 0.00100074
161.11 0.00107083
161.12 0.00108037
161.13 0.0010309
161.14 0.00092151
161.15 0.000753706
161.16 0.000531344
161.17 0.000260548
161.18 -5.04882e-05
161.19 -0.000392116
161.2 -0.00075262
161.21 -0.00111698
161.22 -0.00147206
161.23 -0.00180474
161.24 -0.00210242
161.25 -0.00235352
161.26 -0.00254789
161.27 -0.00267501
161.28 -0.00272565
161.29 -0.00270152
161.3 -0.00260236
161.31 -0.00243068
161.32 -0.00219164
161.33 -0.00189295
161.34 -0.00154461
161.35 -0.00115748
161.36 -0.000746533
161.37 -0.000328403
161.38 8.20806e-05
161.39 0.00047039
161.4 0.000822885
161.41 0.00112738
161.42 0.00137369
161.43 0.00155013
161.44 0.00165224
161.45 0.00168216
161.46 0.00164231
161.47 0.00153847
161.48 0.00137965
161.49 0.00117791
161.5 0.000947927
161.51 0.000707097
161.52 0.000476601
161.53 0.000276226
161.54 0.000125414
161.55 4.28086e-05
161.56 4.54695e-05
161.57 0.000148122
161.58 0.000362452
161.59 0.000706251
161.6 0.00117614
161.61 0.00176746
161.62 0.00247331
161.63 0.00328185
161.64 0.00417643
161.65 0.0051359
161.66 0.00613505
161.67 0.00714339
161.68 0.00812556
161.69 0.00904825
161.7 0.00987783
161.71 0.0105813
161.72 0.0111276
161.73 0.0114882
161.74 0.0116385
161.75 0.0115351
161.76 0.0111874
161.77 0.0105898
161.78 0.00974414
161.79 0.00865964
161.8 0.00735296
161.81 0.00584807
161.82 0.00417411
161.83 0.00236336
161.84 0.000473714
161.85 -0.00144706
161.86 -0.00334843
161.87 -0.00517847
161.88 -0.00688537
161.89 -0.00841889
161.9 -0.00972507
161.91 -0.0107439
161.92 -0.0114578
161.93 -0.0118393
161.94 -0.0118697
161.95 -0.0115392
161.96 -0.0108482
161.97 -0.00980671
161.98 -0.00842373
161.99 -0.00672621
162 -0.00477583
162.01 -0.00262121
162.02 -0.000317536
162.03 0.00207495
162.04 0.00449251
162.05 0.0068697
162.06 0.00913264
162.07 0.0112094
162.08 0.0130477
162.09 0.0145953
162.1 0.0158075
162.11 0.0166487
162.12 0.0170931
162.13 0.017126
162.14 0.0167192
162.15 0.0158928
162.16 0.0146859
162.17 0.013132
162.18 0.0112744
162.19 0.00916521
162.2 0.00686397
162.21 0.00443564
162.22 0.00195008
162.23 -0.0005116
162.24 -0.00287819
162.25 -0.00508278
162.26 -0.00706332
162.27 -0.00876444
162.28 -0.0101391
162.29 -0.0111499
162.3 -0.0117359
162.31 -0.0119097
162.32 -0.0116781
162.33 -0.0110533
162.34 -0.0100597
162.35 -0.00873231
162.36 -0.00711641
162.37 -0.00526577
162.38 -0.00323069
162.39 -0.00109964
162.4 0.0010573
162.41 0.00317026
162.42 0.00517105
162.43 0.00699524
162.44 0.00858407
162.45 0.00988362
162.46 0.0108203
162.47 0.0113925
162.48 0.0115828
162.49 0.0113856
162.5 0.0108076
162.51 0.00986739
162.52 0.00859508
162.53 0.00702633
162.54 0.00520256
162.55 0.00320577
162.56 0.00110012
162.57 -0.00104692
162.58 -0.00316667
162.59 -0.00519143
162.6 -0.00705648
162.61 -0.00869339
162.62 -0.0100338
162.63 -0.0110519
162.64 -0.0117161
162.65 -0.0120063
162.66 -0.011914
162.67 -0.0114431
162.68 -0.0106092
162.69 -0.00942674
162.7 -0.00793594
162.71 -0.00620534
162.72 -0.00429198
162.73 -0.00225865
162.74 -0.000171921
162.75 0.00189993
162.76 0.00388904
162.77 0.00571827
162.78 0.00732131
162.79 0.00865294
162.8 0.00966942
162.81 0.0103369
162.82 0.0106327
162.83 0.0105454
162.84 0.0100761
162.85 0.00921418
162.86 0.00800128
162.87 0.00648742
162.88 0.00471962
162.89 0.00275272
162.9 0.000647727
162.91 -0.00153016
162.92 -0.00371351
162.93 -0.0058245
162.94 -0.00779493
162.95 -0.00956614
162.96 -0.0110844
162.97 -0.012304
162.98 -0.0131886
162.99 -0.0137124
163 -0.0138608
163.01 -0.0135972
163.02 -0.012964
163.03 -0.0119879
163.04 -0.0107021
163.05 -0.00914926
163.06 -0.0073799
163.07 -0.00545094
163.08 -0.00342374
163.09 -0.00136567
163.1 0.000650308
163.11 0.00256182
163.12 0.00431044
163.13 0.00584347
163.14 0.00711553
163.15 0.0080899
163.16 0.00873473
163.17 0.00900822
163.18 0.00893624
163.19 0.00852705
163.2 0.00779953
163.21 0.00678244
163.22 0.00551347
163.23 0.00403788
163.24 0.00240457
163.25 0.000671457
163.26 -0.00109177
163.27 -0.00282629
163.28 -0.00447506
163.29 -0.0059846
163.3 -0.00730666
163.31 -0.00839975
163.32 -0.00921946
163.33 -0.00973242
163.34 -0.00994341
163.35 -0.00985059
163.36 -0.00946232
163.37 -0.00879674
163.38 -0.00788119
163.39 -0.00675116
163.4 -0.00544305
163.41 -0.00401191
163.42 -0.00251882
163.43 -0.00101802
163.44 0.000436348
163.45 0.00179204
163.46 0.00300041
163.47 0.00401799
163.48 0.0047919
163.49 0.00529592
163.5 0.0055211
163.51 0.00545885
163.52 0.00511034
163.53 0.00448635
163.54 0.00360698
163.55 0.00250091
163.56 0.00119368
163.57 -0.000257408
163.58 -0.00179843
163.59 -0.00337749
163.6 -0.00494134
163.61 -0.00643707
163.62 -0.00781384
163.63 -0.00902446
163.64 -0.010006
163.65 -0.0107353
163.66 -0.01119
163.67 -0.0113531
163.68 -0.0112167
163.69 -0.0107824
163.7 -0.0100612
163.71 -0.00907309
163.72 -0.00782645
163.73 -0.00638376
163.74 -0.00478906
163.75 -0.00309014
163.76 -0.00133774
163.77 0.000415957
163.78 0.00211903
163.79 0.00372007
163.8 0.00515548
163.81 0.00639496
163.82 0.00740444
163.83 0.00815729
163.84 0.008635
163.85 0.00882774
163.86 0.0087345
163.87 0.00835777
163.88 0.00770087
163.89 0.00681211
163.9 0.0057242
163.91 0.00447552
163.92 0.00310878
163.93 0.00166967
163.94 0.000205415
163.95 -0.00123448
163.96 -0.00259649
163.97 -0.00384074
163.98 -0.00492987
163.99 -0.00583216
164 -0.00652245
164.01 -0.00698278
164.02 -0.00720288
164.03 -0.00716986
164.04 -0.00688794
164.05 -0.00638569
164.06 -0.00568463
164.07 -0.00481227
164.08 -0.00380109
164.09 -0.00268741
164.1 -0.0015102
164.11 -0.000310766
164.12 0.000865241
164.13 0.00197864
164.14 0.00299394
164.15 0.00387961
164.16 0.00460904
164.17 0.0051613
164.18 0.00552172
164.19 0.00566849
164.2 0.00560825
164.21 0.0053546
164.22 0.00492074
164.23 0.00432555
164.24 0.00359282
164.25 0.00275041
164.26 0.00182921
164.27 0.000861181
164.28 -0.000113752
164.29 -0.00106158
164.3 -0.00195086
164.31 -0.00275287
164.32 -0.00344243
164.33 -0.00399871
164.34 -0.00440579
164.35 -0.00463792
164.36 -0.00470385
164.37 -0.00460698
164.38 -0.0043546
164.39 -0.00395893
164.4 -0.00343658
164.41 -0.00280784
164.42 -0.00209576
164.43 -0.00132271
164.44 -0.000522793
164.45 0.000277803
164.46 0.001054
164.47 0.00178267
164.48 0.00244344
164.49 0.0030193
164.5 0.00349562
164.51 0.0038555
164.52 0.00410446
164.53 0.00424388
164.54 0.00427948
164.55 0.00422097
164.56 0.00408154
164.57 0.0038773
164.58 0.00362585
164.59 0.00334804
164.6 0.00306733
164.61 0.00280344
164.62 0.00257474
164.63 0.0023975
164.64 0.00228522
164.65 0.00224806
164.66 0.00229567
164.67 0.00243211
164.68 0.00264928
164.69 0.00294014
164.7 0.00329372
164.71 0.00369556
164.72 0.00412823
164.73 0.00457195
164.74 0.00500367
164.75 0.00539817
164.76 0.00573426
164.77 0.00599126
164.78 0.00615051
164.79 0.00619614
164.8 0.00611579
164.81 0.00590111
164.82 0.00553969
164.83 0.00503663
164.84 0.00440435
164.85 0.00365472
164.86 0.00280414
164.87 0.00187313
164.88 0.000885712
164.89 -0.000131268
164.9 -0.00114672
164.91 -0.00212732
164.92 -0.00304321
164.93 -0.00386559
164.94 -0.00456772
164.95 -0.00512582
164.96 -0.00551992
164.97 -0.00573449
164.98 -0.00574225
164.99 -0.00555229
165 -0.00516966
165.01 -0.00460231
165.02 -0.00386376
165.03 -0.00297278
165.04 -0.00195281
165.05 -0.000831335
165.06 0.000364651
165.07 0.00159233
165.08 0.0028171
165.09 0.00400464
165.1 0.00512168
165.11 0.00613711
165.12 0.00702285
165.13 0.00775319
165.14 0.00829275
165.15 0.00864328
165.16 0.00879777
165.17 0.00875516
165.18 0.00852036
165.19 0.00810406
165.2 0.00752234
165.21 0.00679369
165.22 0.00593947
165.23 0.00500011
165.24 0.00400686
165.25 0.00299208
165.26 0.00198815
165.27 0.00102648
165.28 0.000136485
165.29 -0.000651368
165.3 -0.00130789
165.31 -0.00182314
165.32 -0.00218536
165.33 -0.00238835
165.34 -0.00243156
165.35 -0.00232009
165.36 -0.00206446
165.37 -0.00167537
165.38 -0.00117472
165.39 -0.000594119
165.4 3.93446e-05
165.41 0.00069691
165.42 0.00134917
165.43 0.00196708
165.44 0.00252301
165.45 0.00298541
165.46 0.00333103
165.47 0.00354706
165.48 0.00362147
165.49 0.00354748
165.5 0.00332385
165.51 0.00295487
165.52 0.0024503
165.53 0.00181813
165.54 0.00108518
165.55 0.000279679
165.56 -0.000571048
165.57 -0.00143769
165.58 -0.00228991
165.59 -0.00309746
165.6 -0.00383115
165.61 -0.00445383
165.62 -0.00494581
165.63 -0.0052904
165.64 -0.00547369
165.65 -0.00548722
165.66 -0.00532831
165.67 -0.00500025
165.68 -0.00451226
165.69 -0.00386777
165.7 -0.00310188
165.71 -0.00224178
165.72 -0.00131709
165.73 -0.000360128
165.74 0.000595086
165.75 0.00151399
165.76 0.00236225
165.77 0.0030949
165.78 0.00369092
165.79 0.00412598
165.8 0.00438078
165.81 0.00444179
165.82 0.00430174
165.83 0.00396006
165.84 0.00342018
165.85 0.00268429
165.86 0.00178997
165.87 0.000763839
165.88 -0.00036249
165.89 -0.00155336
165.9 -0.00277015
165.91 -0.00397239
165.92 -0.00511643
165.93 -0.00615294
165.94 -0.00704906
165.95 -0.00777097
165.96 -0.0082896
165.97 -0.00858168
165.98 -0.0086305
165.99 -0.00842661
166 -0.00795852
166.01 -0.00722848
166.02 -0.00626816
166.03 -0.00510089
166.04 -0.00375686
166.05 -0.00227233
166.06 -0.000688642
166.07 0.000948907
166.08 0.00259003
166.09 0.00417875
166.1 0.00566635
166.11 0.00700613
166.12 0.00815478
166.13 0.00907374
166.14 0.00973035
166.15 0.0100989
166.16 0.0101415
166.17 0.00985645
166.18 0.00925681
166.19 0.00835291
166.2 0.00716367
166.21 0.00571617
166.22 0.004045
166.23 0.00219128
166.24 0.000195265
166.25 -0.00187963
166.26 -0.00397611
166.27 -0.00603949
166.28 -0.00801581
166.29 -0.00985329
166.3 -0.0115039
166.31 -0.0129244
166.32 -0.0140523
166.33 -0.0148758
166.34 -0.0153795
166.35 -0.0155528
166.36 -0.0153942
166.37 -0.0149112
166.38 -0.0141203
166.39 -0.013046
166.4 -0.0116996
166.41 -0.0101485
166.42 -0.0084387
166.43 -0.00661937
166.44 -0.00474205
166.45 -0.00285914
166.46 -0.00102242
166.47 0.00071702
166.48 0.00229689
166.49 0.00368677
166.5 0.0048529
166.51 0.00576865
166.52 0.00641517
166.53 0.00678184
166.54 0.00686648
166.55 0.00666973
166.56 0.00619324
166.57 0.00548256
166.58 0.00456791
166.59 0.00348508
166.6 0.00227429
166.61 0.000978897
166.62 -0.00035592
166.63 -0.00168276
166.64 -0.00294997
166.65 -0.00411692
166.66 -0.00514602
166.67 -0.00600466
166.68 -0.00666617
166.69 -0.00711056
166.7 -0.00732504
166.71 -0.00729379
166.72 -0.00701808
166.73 -0.0065227
166.74 -0.00582618
166.75 -0.00495339
166.76 -0.00393461
166.77 -0.00280463
166.78 -0.0016016
166.79 -0.000366422
166.8 0.00085393
166.81 0.00201775
166.82 0.00308652
166.83 0.00402486
166.84 0.00480162
166.85 0.00539076
166.86 0.00577212
166.87 0.00591625
166.88 0.00582489
166.89 0.00550719
166.9 0.00497206
166.91 0.00423506
166.92 0.00331785
166.93 0.00224754
166.94 0.00105581
166.95 -0.00022586
166.96 -0.00155014
166.97 -0.00287595
166.98 -0.00416393
166.99 -0.00537594
167 -0.00647615
167.01 -0.00743209
167.02 -0.0082155
167.03 -0.00878328
167.04 -0.00913396
167.05 -0.00925923
167.06 -0.00915557
167.07 -0.00882584
167.08 -0.00827912
167.09 -0.00753035
167.1 -0.00659927
167.11 -0.00549924
167.12 -0.00427733
167.13 -0.00296605
167.14 -0.0015997
167.15 -0.000213364
167.16 0.00115808
167.17 0.00248095
167.18 0.0037219
167.19 0.00484191
167.2 0.00582431
167.21 0.00664957
167.22 0.00730297
167.23 0.00777486
167.24 0.00806082
167.25 0.00816155
167.26 0.00807802
167.27 0.0078145
167.28 0.00739944
167.29 0.00685158
167.3 0.00619233
167.31 0.00544511
167.32 0.0046345
167.33 0.00378556
167.34 0.00292345
167.35 0.00207491
167.36 0.00126203
167.37 0.000503833
167.38 -0.000183464
167.39 -0.000786838
167.4 -0.00129665
167.41 -0.00170674
167.42 -0.00200917
167.43 -0.00220527
167.44 -0.00230456
167.45 -0.00231406
167.46 -0.00224299
167.47 -0.00210228
167.48 -0.00190404
167.49 -0.00166106
167.5 -0.00138505
167.51 -0.00109076
167.52 -0.000790732
167.53 -0.000494988
167.54 -0.000211895
167.55 5.20783e-05
167.56 0.000292499
167.57 0.000507022
167.58 0.000693505
167.59 0.00085534
167.6 0.000996926
167.61 0.00112333
167.62 0.00124065
167.63 0.00135557
167.64 0.00147504
167.65 0.00160582
167.66 0.00175608
167.67 0.0019301
167.68 0.00213124
167.69 0.00236154
167.7 0.0026213
167.71 0.00290893
167.72 0.00322101
167.73 0.00355229
167.74 0.00389626
167.75 0.00424245
167.76 0.00458114
167.77 0.00490191
167.78 0.00519406
167.79 0.005447
167.8 0.0056507
167.81 0.00579542
167.82 0.00586748
167.83 0.00586687
167.84 0.00579023
167.85 0.00563654
167.86 0.00540723
167.87 0.00510625
167.88 0.00474003
167.89 0.00431636
167.9 0.00384504
167.91 0.00334356
167.92 0.00282644
167.93 0.00230908
167.94 0.0018073
167.95 0.00133685
167.96 0.000912853
167.97 0.000551815
167.98 0.00026983
167.99 7.2421e-05
168 -3.32318e-05
168.01 -4.27868e-05
168.02 4.50564e-05
168.03 0.000228448
168.04 0.000502377
168.05 0.000862017
168.06 0.00129525
168.07 0.00178345
168.08 0.0023104
168.09 0.00285827
168.1 0.00340811
168.11 0.00394047
168.12 0.00443596
168.13 0.0048716
168.14 0.00522872
168.15 0.00549473
168.16 0.00565697
168.17 0.00570564
168.18 0.00563413
168.19 0.00543924
168.2 0.00512133
168.21 0.00467659
168.22 0.00411842
168.23 0.00346211
168.24 0.00272214
168.25 0.00191552
168.26 0.0010613
168.27 0.000180061
168.28 -0.000706725
168.29 -0.00157414
168.3 -0.00239964
168.31 -0.00316338
168.32 -0.00384681
168.33 -0.00443356
168.34 -0.00490988
168.35 -0.00526502
168.36 -0.00549151
168.37 -0.00557287
168.38 -0.00552061
168.39 -0.00533962
168.4 -0.00503715
168.41 -0.00462348
168.42 -0.00411165
168.43 -0.00351704
168.44 -0.00285667
168.45 -0.00214679
168.46 -0.0014129
168.47 -0.000674536
168.48 4.92369e-05
168.49 0.000740364
168.5 0.00138226
168.51 0.00196025
168.52 0.00246049
168.53 0.00286638
168.54 0.00317814
168.55 0.00339221
168.56 0.00350787
168.57 0.00352716
168.58 0.00345474
168.59 0.0032976
168.6 0.00306298
168.61 0.00276017
168.62 0.00240684
168.63 0.00201603
168.64 0.00160107
168.65 0.00117517
168.66 0.000751063
168.67 0.000340574
168.68 -4.43035e-05
168.69 -0.000392763
168.7 -0.000699382
168.71 -0.000959037
168.72 -0.00116854
168.73 -0.00132663
168.74 -0.00143392
168.75 -0.00149275
168.76 -0.001505
168.77 -0.00147693
168.78 -0.00141727
168.79 -0.0013333
168.8 -0.00123275
168.81 -0.00112349
168.82 -0.00101324
168.83 -0.000909353
168.84 -0.000819753
168.85 -0.000750548
168.86 -0.000705854
168.87 -0.000689185
168.88 -0.000702889
168.89 -0.000748135
168.9 -0.00082495
168.91 -0.000932291
168.92 -0.0010701
168.93 -0.00123367
168.94 -0.00141865
168.95 -0.00162092
168.96 -0.00183611
168.97 -0.00205969
168.98 -0.00228719
168.99 -0.0025143
169 -0.0027363
169.01 -0.00294957
169.02 -0.00315109
169.03 -0.00333823
169.04 -0.00350883
169.05 -0.00366113
169.06 -0.00379379
169.07 -0.00390574
169.08 -0.00399392
169.09 -0.00405968
169.1 -0.00410238
169.11 -0.00412127
169.12 -0.00411549
169.13 -0.00408398
169.14 -0.00402551
169.15 -0.00393832
169.16 -0.00381824
169.17 -0.00366617
169.18 -0.00348043
169.19 -0.0032595
169.2 -0.00300214
169.21 -0.00270753
169.22 -0.00237547
169.23 -0.00200571
169.24 -0.001598
169.25 -0.00115799
169.26 -0.000689651
169.27 -0.000198156
169.28 0.000310039
169.29 0.000827232
169.3 0.00134454
169.31 0.00185129
169.32 0.00233452
169.33 0.00278333
169.34 0.00318574
169.35 0.00352972
169.36 0.00380356
169.37 0.00399617
169.38 0.0040975
169.39 0.00409386
169.4 0.00397672
169.41 0.00374722
169.42 0.0034033
169.43 0.00294552
169.44 0.00237711
169.45 0.00170409
169.46 0.00093529
169.47 7.81492e-05
169.48 -0.000849815
169.49 -0.00182818
169.5 -0.00283819
169.51 -0.00385961
169.52 -0.00487119
169.53 -0.00585116
169.54 -0.00677773
169.55 -0.00762302
169.56 -0.0083678
169.57 -0.00899653
169.58 -0.00949357
169.59 -0.00984603
169.6 -0.0100441
169.61 -0.0100815
169.62 -0.00995544
169.63 -0.00965401
169.64 -0.00919344
169.65 -0.00858624
169.66 -0.00784532
169.67 -0.00698678
169.68 -0.00602945
169.69 -0.00499453
169.7 -0.00390499
169.71 -0.0027845
169.72 -0.00166275
169.73 -0.000564544
169.74 0.000486329
169.75 0.00146753
169.76 0.00235873
169.77 0.0031421
169.78 0.0038021
169.79 0.00431405
169.8 0.00468293
169.81 0.00490546
169.82 0.00498213
169.83 0.00491716
169.84 0.00471833
169.85 0.00439671
169.86 0.00396479
169.87 0.00343496
169.88 0.00283516
169.89 0.00218567
169.9 0.00150755
169.91 0.000821979
169.92 0.000149762
169.93 -0.000489284
169.94 -0.00107485
169.95 -0.0015859
169.96 -0.00201301
169.97 -0.00234562
169.98 -0.00257612
169.99 -0.00270003
170 -0.00271607
170.01 -0.00262604
170.02 -0.00243095
170.03 -0.00213787
170.04 -0.00176353
170.05 -0.00132063
170.06 -0.00082351
170.07 -0.000287713
170.08 0.000270475
170.09 0.000834486
170.1 0.00138651
170.11 0.00190881
170.12 0.00238761
170.13 0.00280998
170.14 0.00316478
170.15 0.0034429
170.16 0.00363745
170.17 0.00374385
170.18 0.00375405
170.19 0.0036711
170.2 0.00350128
170.21 0.00324966
170.22 0.0029232
170.23 0.00253054
170.24 0.00208174
170.25 0.00158796
170.26 0.00105965
170.27 0.000512437
170.28 -4.01626e-05
170.29 -0.000585562
170.3 -0.00111159
170.31 -0.00160671
170.32 -0.00206026
170.33 -0.00246262
170.34 -0.00279943
170.35 -0.00306762
170.36 -0.00326257
170.37 -0.00338034
170.38 -0.00341841
170.39 -0.00337574
170.4 -0.00325266
170.41 -0.00305089
170.42 -0.00276622
170.43 -0.00241093
170.44 -0.00199065
170.45 -0.00151193
170.46 -0.000982173
170.47 -0.000409589
170.48 0.000196968
170.49 0.000828249
170.5 0.00147449
170.51 0.00212343
170.52 0.00276473
170.53 0.00338805
170.54 0.00398318
170.55 0.00454017
170.56 0.0050495
170.57 0.00550073
170.58 0.00588122
170.59 0.00618845
170.6 0.00641647
170.61 0.00656056
170.62 0.00661741
170.63 0.00658522
170.64 0.00646377
170.65 0.00625164
170.66 0.00595007
170.67 0.00557028
170.68 0.00511946
170.69 0.00460642
170.7 0.00404148
170.71 0.00343633
170.72 0.00280382
170.73 0.00215775
170.74 0.00151444
170.75 0.000889172
170.76 0.000296432
170.77 -0.000249819
170.78 -0.000736511
170.79 -0.00115182
170.8 -0.00148553
170.81 -0.00172366
170.82 -0.00186118
170.83 -0.0018989
170.84 -0.00183646
170.85 -0.00167619
170.86 -0.0014232
170.87 -0.00108528
170.88 -0.000672745
170.89 -0.000194952
170.9 0.000328954
170.91 0.000880426
170.92 0.00144164
170.93 0.00199415
170.94 0.00251937
170.95 0.00299914
170.96 0.00341628
170.97 0.00374743
170.98 0.00398294
170.99 0.0041137
171 0.00413213
171.01 0.00403383
171.02 0.00381791
171.03 0.00348702
171.04 0.00304741
171.05 0.00250066
171.06 0.00187023
171.07 0.0011734
171.08 0.000429305
171.09 -0.000341026
171.1 -0.00111519
171.11 -0.00187006
171.12 -0.00258209
171.13 -0.00322061
171.14 -0.00376928
171.15 -0.00420945
171.16 -0.00452519
171.17 -0.00470384
171.18 -0.00473642
171.19 -0.00461798
171.2 -0.00434523
171.21 -0.00391286
171.22 -0.00334257
171.23 -0.00264744
171.24 -0.0018443
171.25 -0.0009533
171.26 2.62563e-06
171.27 0.000998382
171.28 0.00200695
171.29 0.00299718
171.3 0.00394138
171.31 0.00481363
171.32 0.00558986
171.33 0.00624852
171.34 0.00677129
171.35 0.00714358
171.36 0.0073481
171.37 0.0073757
171.38 0.00723614
171.39 0.00693421
171.4 0.00647928
171.41 0.00588511
171.42 0.00516938
171.43 0.00435325
171.44 0.00345808
171.45 0.00251406
171.46 0.00155233
171.47 0.000600841
171.48 -0.00031301
171.49 -0.00116314
171.5 -0.00192555
171.51 -0.00257904
171.52 -0.00309668
171.53 -0.00346727
171.54 -0.00368712
171.55 -0.00375252
171.56 -0.00366449
171.57 -0.00342875
171.58 -0.00305546
171.59 -0.00255893
171.6 -0.00195074
171.61 -0.00126026
171.62 -0.000514061
171.63 0.000262281
171.64 0.00104245
171.65 0.0018002
171.66 0.00251014
171.67 0.00314848
171.68 0.00368384
171.69 0.00410366
171.7 0.00439507
171.71 0.00454802
171.72 0.00455673
171.73 0.00441979
171.74 0.00414019
171.75 0.00372516
171.76 0.00317487
171.77 0.0025184
171.78 0.00177434
171.79 0.00096358
171.8 0.000108676
171.81 -0.000766845
171.82 -0.00163921
171.83 -0.00248452
171.84 -0.00327463
171.85 -0.00399249
171.86 -0.00462088
171.87 -0.00514556
171.88 -0.00555566
171.89 -0.00584392
171.9 -0.00600681
171.91 -0.00604174
171.92 -0.00594688
171.93 -0.00574009
171.94 -0.00543248
171.95 -0.00503774
171.96 -0.00457161
171.97 -0.00405133
171.98 -0.00349505
171.99 -0.00292125
172 -0.00235029
172.01 -0.00180006
172.02 -0.00128596
172.03 -0.00082139
172.04 -0.000417381
172.05 -8.23355e-05
172.06 0.000178167
172.07 0.000357799
172.08 0.000456687
172.09 0.000482625
172.1 0.00044171
172.11 0.000342197
172.12 0.000194116
172.13 8.842e-06
172.14 -0.000201375
172.15 -0.000423854
172.16 -0.000644326
172.17 -0.000850625
172.18 -0.00103217
172.19 -0.00117991
172.2 -0.00128659
172.21 -0.00134706
172.22 -0.00135839
172.23 -0.00131651
172.24 -0.0012257
172.25 -0.00109182
172.26 -0.000921212
172.27 -0.000721904
172.28 -0.000503274
172.29 -0.000275693
172.3 -5.01111e-05
172.31 0.000160354
172.32 0.000344734
172.33 0.000493392
172.34 0.000597614
172.35 0.000650197
172.36 0.000645721
172.37 0.00058077
172.38 0.000454063
172.39 0.000261041
172.4 1.09015e-05
172.41 -0.000290256
172.42 -0.000634816
172.43 -0.00101352
172.44 -0.00141577
172.45 -0.00182995
172.46 -0.00224376
172.47 -0.0026423
172.48 -0.00301361
172.49 -0.00334617
172.5 -0.0036295
172.51 -0.00385445
172.52 -0.00401351
172.53 -0.00410103
172.54 -0.00411197
172.55 -0.00403986
172.56 -0.00389212
172.57 -0.00367197
172.58 -0.00338456
172.59 -0.0030368
172.6 -0.00263715
172.61 -0.00219535
172.62 -0.00172151
172.63 -0.00122754
172.64 -0.000727205
172.65 -0.000232038
172.66 0.000246881
172.67 0.000699194
172.68 0.00111553
172.69 0.0014877
172.7 0.00180653
172.71 0.00206521
172.72 0.00226342
172.73 0.00239935
172.74 0.00247266
172.75 0.00248444
172.76 0.00243708
172.77 0.00233407
172.78 0.00217739
172.79 0.0019733
172.8 0.00172998
172.81 0.00145349
172.82 0.00114992
172.83 0.000825253
172.84 0.000485219
172.85 0.000135143
172.86 -0.000220184
172.87 -0.000575883
172.88 -0.000928218
172.89 -0.00127418
172.9 -0.00161129
172.91 -0.00193753
172.92 -0.00225125
172.93 -0.00255111
172.94 -0.00283471
172.95 -0.00310167
172.96 -0.00335127
172.97 -0.00358233
172.98 -0.00379352
172.99 -0.00398332
173 -0.00415002
173.01 -0.00429171
173.02 -0.00440376
173.03 -0.00448594
173.04 -0.00453651
173.05 -0.00455353
173.06 -0.00453531
173.07 -0.00448056
173.08 -0.00438846
173.09 -0.00425878
173.1 -0.00408838
173.11 -0.00388247
173.12 -0.00364328
173.13 -0.00337384
173.14 -0.00307796
173.15 -0.00276014
173.16 -0.00242552
173.17 -0.00207961
173.18 -0.00172858
173.19 -0.00137937
173.2 -0.00103788
173.21 -0.000709678
173.22 -0.000399773
173.23 -0.000112437
173.24 0.000148979
173.25 0.000381489
173.26 0.000582461
173.27 0.000754577
173.28 0.000899599
173.29 0.00102052
173.3 0.00112147
173.31 0.00120759
173.32 0.00128481
173.33 0.00135981
173.34 0.00144038
173.35 0.00153336
173.36 0.00164508
173.37 0.00178114
173.38 0.00194612
173.39 0.00214328
173.4 0.00237431
173.41 0.00264068
173.42 0.00294004
173.43 0.00326615
173.44 0.0036126
173.45 0.0039711
173.46 0.00433168
173.47 0.00468291
173.48 0.00501227
173.49 0.0053035
173.5 0.00554196
173.51 0.0057159
173.52 0.00581286
173.53 0.00582169
173.54 0.00573308
173.55 0.00553995
173.56 0.00523792
173.57 0.00481783
173.58 0.00428701
173.59 0.00365491
173.6 0.00293123
173.61 0.00212905
173.62 0.00126465
173.63 0.000357206
173.64 -0.000571685
173.65 -0.00149619
173.66 -0.00238896
173.67 -0.00322459
173.68 -0.0039779
173.69 -0.00462483
173.7 -0.00514313
173.71 -0.00551319
173.72 -0.00571865
173.73 -0.00572939
173.74 -0.00555352
173.75 -0.00519018
173.76 -0.00464271
173.77 -0.0039197
173.78 -0.00303497
173.79 -0.0020073
173.8 -0.000859532
173.81 0.000385739
173.82 0.00168597
173.83 0.00300716
173.84 0.00431384
173.85 0.00557007
173.86 0.0067404
173.87 0.00779097
173.88 0.00868712
173.89 0.00938686
173.9 0.00988096
173.91 0.0101526
173.92 0.010191
173.93 0.00999145
173.94 0.00955618
173.95 0.00889387
173.96 0.00801403
173.97 0.00693368
173.98 0.00569604
173.99 0.0043342
174 0.0028851
174.01 0.00138848
174.02 -0.000114183
174.03 -0.00158092
174.04 -0.00296542
174.05 -0.00422153
174.06 -0.00531876
174.07 -0.00622615
174.08 -0.0069181
174.09 -0.00737513
174.1 -0.0075845
174.11 -0.00754062
174.12 -0.00723216
174.13 -0.00667229
174.14 -0.00589074
174.15 -0.00491194
174.16 -0.00376609
174.17 -0.00248828
174.18 -0.00111749
174.19 0.000304626
174.2 0.00173249
174.21 0.00311749
174.22 0.0044179
174.23 0.00559484
174.24 0.0066134
174.25 0.00744365
174.26 0.00806161
174.27 0.00844992
174.28 0.00857952
174.29 0.00846191
174.3 0.00810954
174.31 0.00753663
174.32 0.00676435
174.33 0.00582012
174.34 0.00473679
174.35 0.0035516
174.36 0.00230339
174.37 0.0010436
174.38 -0.00018413
174.39 -0.00133792
174.4 -0.00237829
174.41 -0.00326943
174.42 -0.00398034
174.43 -0.00448566
174.44 -0.00474327
174.45 -0.00476483
174.46 -0.00454857
174.47 -0.00410054
174.48 -0.00343438
174.49 -0.00257098
174.5 -0.00153781
174.51 -0.000366951
174.52 0.000906482
174.53 0.00222861
174.54 0.00355519
174.55 0.00484143
174.56 0.0060434
174.57 0.00711936
174.58 0.0080311
174.59 0.00873956
174.6 0.00920289
174.61 0.00941749
174.62 0.00937177
174.63 0.00906209
174.64 0.00849287
174.65 0.00767656
174.66 0.00663324
174.67 0.0053841
174.68 0.00396284
174.69 0.00242197
174.7 0.000805148
174.71 -0.000841557
174.72 -0.00247099
174.73 -0.00403635
174.74 -0.00549265
174.75 -0.00678879
174.76 -0.0078822
174.77 -0.00875087
174.78 -0.00937131
174.79 -0.00972751
174.8 -0.00981143
174.81 -0.00962323
174.82 -0.00917127
174.83 -0.00845837
174.84 -0.00751712
174.85 -0.00638944
174.86 -0.00511271
174.87 -0.00372862
174.88 -0.00228186
174.89 -0.000818789
174.9 0.000614012
174.91 0.00196249
174.92 0.00318289
174.93 0.00423985
174.94 0.00510106
174.95 0.00574055
174.96 0.00613949
174.97 0.00628669
174.98 0.00617896
174.99 0.00580121
175 0.00518555
175.01 0.00435816
175.02 0.00334756
175.03 0.00218789
175.04 0.000917899
175.05 -0.000420369
175.06 -0.00178283
175.07 -0.00311856
175.08 -0.00438199
175.09 -0.00553232
175.1 -0.0065324
175.11 -0.00735007
175.12 -0.00795911
175.13 -0.00834009
175.14 -0.00847925
175.15 -0.00835125
175.16 -0.00798443
175.17 -0.00739193
175.18 -0.00659416
175.19 -0.0056181
175.2 -0.00449644
175.21 -0.00326659
175.22 -0.00196909
175.23 -0.00065057
175.24 0.000639986
175.25 0.0018595
175.26 0.00296713
175.27 0.00392561
175.28 0.00470236
175.29 0.00527053
175.3 0.00560241
175.31 0.00567475
175.32 0.0055005
175.33 0.00508411
175.34 0.0044378
175.35 0.0035811
175.36 0.00254035
175.37 0.00134785
175.38 3.78734e-05
175.39 -0.00134379
175.4 -0.00274662
175.41 -0.00412558
175.42 -0.00543618
175.43 -0.00663578
175.44 -0.00768495
175.45 -0.00854867
175.46 -0.00918432
175.47 -0.00956846
175.48 -0.00969722
175.49 -0.00956427
175.5 -0.00917127
175.51 -0.00852781
175.52 -0.00765118
175.53 -0.00656583
175.54 -0.00529342
175.55 -0.00388122
175.56 -0.00237723
175.57 -0.000826298
175.58 0.000725068
175.59 0.00223013
175.6 0.00364329
175.61 0.0049214
175.62 0.00600861
175.63 0.00687747
175.64 0.00750516
175.65 0.00787175
175.66 0.00796486
175.67 0.00778003
175.68 0.00732081
175.69 0.00659865
175.7 0.00561294
175.71 0.00441276
175.72 0.00303444
175.73 0.00151674
175.74 -9.76779e-05
175.75 -0.00176349
175.76 -0.003434
175.77 -0.00506239
175.78 -0.00659022
175.79 -0.00798059
175.8 -0.00919568
175.81 -0.0102028
175.82 -0.0109755
175.83 -0.0114938
175.84 -0.0117452
175.85 -0.0117213
175.86 -0.0114056
175.87 -0.0108342
175.88 -0.010026
175.89 -0.00900655
175.9 -0.0078067
175.91 -0.00646211
175.92 -0.00501193
175.93 -0.00349728
175.94 -0.00196488
175.95 -0.000461538
175.96 0.000971954
175.97 0.00229759
175.98 0.00348119
175.99 0.00449336
176 0.00531026
176.01 0.00590587
176.02 0.00626248
176.03 0.00639132
176.04 0.00629662
176.05 0.00598914
176.06 0.00548574
176.07 0.00480883
176.08 0.00398558
176.09 0.00304315
176.1 0.00202011
176.11 0.000958286
176.12 -0.000105891
176.13 -0.00113668
176.14 -0.0021001
176.15 -0.0029649
176.16 -0.00370349
176.17 -0.00428244
176.18 -0.00468527
176.19 -0.00490699
176.2 -0.00494236
176.21 -0.00479207
176.22 -0.00446266
176.23 -0.00396617
176.24 -0.00331976
176.25 -0.00253761
176.26 -0.00165415
176.27 -0.00070177
176.28 0.000288955
176.29 0.00128671
176.3 0.0022604
176.31 0.00318013
176.32 0.00401806
176.33 0.00473845
176.34 0.00532598
176.35 0.00576668
176.36 0.00604967
176.37 0.00616918
176.38 0.00612468
176.39 0.00592083
176.4 0.00556724
176.41 0.00506683
176.42 0.00445265
176.43 0.00374781
176.44 0.00297733
176.45 0.00216788
176.46 0.00134697
176.47 0.000542014
176.48 -0.000220017
176.49 -0.000906309
176.5 -0.00149994
176.51 -0.00198302
176.52 -0.00234162
176.53 -0.00256617
176.54 -0.00265174
176.55 -0.00259817
176.56 -0.00240756
176.57 -0.00208263
176.58 -0.00164852
176.59 -0.00112294
176.6 -0.000526561
176.61 0.000117777
176.62 0.000785793
176.63 0.00145261
176.64 0.00209202
176.65 0.00267592
176.66 0.00318536
176.67 0.00360215
176.68 0.00391157
176.69 0.00410287
176.7 0.00416963
176.71 0.00411007
176.72 0.00392207
176.73 0.00361306
176.74 0.00320314
176.75 0.00270923
176.76 0.00215164
176.77 0.00155339
176.78 0.000939508
176.79 0.000336191
176.8 -0.000226538
176.81 -0.000719898
176.82 -0.0011219
176.83 -0.00141125
176.84 -0.00157
176.85 -0.00158423
176.86 -0.00144455
176.87 -0.00114659
176.88 -0.000681102
176.89 -6.10902e-05
176.9 0.000695216
176.91 0.00156997
176.92 0.00254075
176.93 0.00358119
176.94 0.00466165
176.95 0.00575004
176.96 0.00680802
176.97 0.0077994
176.98 0.00869159
176.99 0.00945315
177 0.0100555
177.01 0.0104738
177.02 0.0106877
177.03 0.0106822
177.04 0.0104272
177.05 0.009939
177.06 0.00922539
177.07 0.00829816
177.08 0.00717548
177.09 0.0058815
177.1 0.00444574
177.11 0.00290229
177.12 0.00128653
177.13 -0.000350154
177.14 -0.00196507
177.15 -0.00351533
177.16 -0.00495903
177.17 -0.00625645
177.18 -0.00737119
177.19 -0.00826791
177.2 -0.00889982
177.21 -0.00926737
177.22 -0.0093587
177.23 -0.00916935
177.24 -0.00870249
177.25 -0.00796887
177.26 -0.00698669
177.27 -0.00577627
177.28 -0.00436398
177.29 -0.00280478
177.3 -0.00114131
177.31 0.000580592
177.32 0.00231317
177.33 0.00400804
177.34 0.00561751
177.35 0.00708929
177.36 0.00837164
177.37 0.00943678
177.38 0.010254
177.39 0.0107993
177.4 0.0110562
177.41 0.011016
177.42 0.0106783
177.43 0.0100374
177.44 0.00911168
177.45 0.00794151
177.46 0.006559
177.47 0.00500221
177.48 0.00331406
177.49 0.00154119
177.5 -0.000267399
177.51 -0.00205761
177.52 -0.00377413
177.53 -0.00537064
177.54 -0.0068035
177.55 -0.00803382
177.56 -0.00902856
177.57 -0.00976146
177.58 -0.0102138
177.59 -0.0103533
177.6 -0.010192
177.61 -0.00974642
177.62 -0.00903283
177.63 -0.00807536
177.64 -0.00690507
177.65 -0.0055591
177.66 -0.00407961
177.67 -0.00250927
177.68 -0.000907512
177.69 0.000674952
177.7 0.00218957
177.71 0.00359002
177.72 0.00483357
177.73 0.00588233
177.74 0.00670433
177.75 0.00724834
177.76 0.00752032
177.77 0.00751413
177.78 0.00723106
177.79 0.00668077
177.8 0.00588107
177.81 0.00485733
177.82 0.00364057
177.83 0.00226034
177.84 0.000777764
177.85 -0.000760291
177.86 -0.00230529
177.87 -0.00380851
177.88 -0.00522244
177.89 -0.00650227
177.9 -0.007603
177.91 -0.00847285
177.92 -0.0090992
177.93 -0.00946216
177.94 -0.00954991
177.95 -0.0093591
177.96 -0.00889497
177.97 -0.00817119
177.98 -0.00720295
177.99 -0.00601604
178 -0.00466396
178.01 -0.00318916
178.02 -0.001638
178.03 -5.93527e-05
178.04 0.0014968
178.05 0.00298094
178.06 0.00433819
178.07 0.00551689
178.08 0.00648626
178.09 0.00721454
178.1 0.00767725
178.11 0.00785791
178.12 0.00774862
178.13 0.00735032
178.14 0.00665834
178.15 0.00569754
178.16 0.004509
178.17 0.00312823
178.18 0.00159677
178.19 -3.89868e-05
178.2 -0.0017292
178.21 -0.00342205
178.22 -0.00505834
178.23 -0.00658301
178.24 -0.00795045
178.25 -0.00911775
178.26 -0.0100478
178.27 -0.0107107
178.28 -0.011084
178.29 -0.0111543
178.3 -0.0108931
178.31 -0.0103249
178.32 -0.00947251
178.33 -0.00836071
178.34 -0.00702217
178.35 -0.0054965
178.36 -0.00382916
178.37 -0.00207005
178.38 -0.000273583
178.39 0.00149765
178.4 0.00318952
178.41 0.00475042
178.42 0.00613257
178.43 0.00729336
178.44 0.00819667
178.45 0.00881327
178.46 0.00909228
178.47 0.00905381
178.48 0.00869865
178.49 0.00803702
178.5 0.0070883
178.51 0.00588047
178.52 0.0044493
178.53 0.00283548
178.54 0.00108306
178.55 -0.000740051
178.56 -0.00257897
178.57 -0.00437838
178.58 -0.00608414
178.59 -0.00764488
178.6 -0.00901355
178.61 -0.0101417
178.62 -0.0109786
178.63 -0.0115177
178.64 -0.0117437
178.65 -0.0116502
178.66 -0.0112405
178.67 -0.0105271
178.68 -0.00953153
178.69 -0.00827552
178.7 -0.0067964
178.71 -0.0051546
178.72 -0.00339939
178.73 -0.00158312
178.74 0.000240403
178.75 0.00201748
178.76 0.00369613
178.77 0.00521797
178.78 0.00653352
178.79 0.00761432
178.8 0.00843145
178.81 0.00896411
178.82 0.00920027
178.83 0.00913693
178.84 0.00878014
178.85 0.00812903
178.86 0.00721712
178.87 0.00608774
178.88 0.00477954
178.89 0.00333623
178.9 0.00180512
178.91 0.000235713
178.92 -0.00132182
178.93 -0.00281014
178.94 -0.00418056
178.95 -0.00539304
178.96 -0.00641113
178.97 -0.00720489
178.98 -0.00775171
178.99 -0.00803697
179 -0.00805437
179.01 -0.00778427
179.02 -0.00725827
179.03 -0.0065008
179.04 -0.00553925
179.05 -0.00440713
179.06 -0.00314297
179.07 -0.0017891
179.08 -0.000390242
179.09 0.00100335
179.1 0.00234287
179.11 0.00358572
179.12 0.00469287
179.13 0.00563005
179.14 0.00636887
179.15 0.00688756
179.16 0.00716965
179.17 0.00718817
179.18 0.00696817
179.19 0.00652042
179.2 0.00586294
179.21 0.00502039
179.22 0.00402319
179.23 0.00290654
179.24 0.00170849
179.25 0.000472621
179.26 -0.000752981
179.27 -0.00192699
179.28 -0.00301017
179.29 -0.00396665
179.3 -0.00476501
179.31 -0.0053793
179.32 -0.00578283
179.33 -0.00595419
179.34 -0.00590394
179.35 -0.00563574
179.36 -0.0051605
179.37 -0.00449593
179.38 -0.00366597
179.39 -0.00269993
179.4 -0.00162875
179.41 -0.000493845
179.42 0.000659848
179.43 0.00179255
179.44 0.00286538
179.45 0.00384163
179.46 0.00468794
179.47 0.00537541
179.48 0.00586929
179.49 0.00615296
179.5 0.00622594
179.51 0.00608653
179.52 0.00574021
179.53 0.00519946
179.54 0.00448336
179.55 0.00361699
179.56 0.00262484
179.57 0.00155011
179.58 0.000434723
179.59 -0.000681767
179.6 -0.00175957
179.61 -0.00275998
179.62 -0.0036466
179.63 -0.00438658
179.64 -0.00493578
179.65 -0.00528046
179.66 -0.0054097
179.67 -0.00531579
179.68 -0.00499834
179.69 -0.00446428
179.7 -0.0037277
179.71 -0.00280947
179.72 -0.00172542
179.73 -0.000524507
179.74 0.000754228
179.75 0.00207023
179.76 0.00338128
179.77 0.00464478
179.78 0.00581907
179.79 0.00686427
179.8 0.00772545
179.81 0.00838593
179.82 0.00882158
179.83 0.00901484
179.84 0.00895539
179.85 0.00864044
179.86 0.0080749
179.87 0.00726809
179.88 0.00622707
179.89 0.00500031
179.9 0.00362165
179.91 0.00212968
179.92 0.000566663
179.93 -0.00102269
179.94 -0.00259249
179.95 -0.00409406
179.96 -0.00547296
179.97 -0.00669407
179.98 -0.00772116
179.99 -0.00852332
180 -0.00907587
180.01 -0.00936103
180.02 -0.00936845
180.03 -0.00908491
180.04 -0.00851058
180.05 -0.00767771
180.06 -0.00660807
180.07 -0.00532993
180.08 -0.00387723
180.09 -0.00228865
180.1 -0.000606485
180.11 0.00112452
180.12 0.00285204
180.13 0.00452828
180.14 0.00610926
180.15 0.00755384
180.16 0.00882485
180.17 0.00989003
180.18 0.0107229
180.19 0.0112866
180.2 0.0115734
180.21 0.011589
180.22 0.0113361
180.23 0.0108249
180.24 0.0100719
180.25 0.00909987
180.26 0.00793692
180.27 0.00660676
180.28 0.00515766
180.29 0.00363304
180.3 0.00207338
180.31 0.000519181
180.32 -0.000990048
180.33 -0.00241686
180.34 -0.0037268
180.35 -0.00487428
180.36 -0.00584214
180.37 -0.00661318
180.38 -0.00717365
180.39 -0.00751571
180.4 -0.00763744
180.41 -0.00754281
180.42 -0.00724131
180.43 -0.00673066
180.44 -0.00605081
180.45 -0.00522641
180.46 -0.00428453
180.47 -0.00325436
180.48 -0.0021664
180.49 -0.0010516
180.5 5.92203e-05
180.51 0.00113114
180.52 0.00213833
180.53 0.003057
180.54 0.00386676
180.55 0.00455103
180.56 0.00509739
180.57 0.00549772
180.58 0.00574522
180.59 0.00583218
180.6 0.00577643
180.61 0.00558746
180.62 0.0052781
180.63 0.00486401
180.64 0.00436314
180.65 0.0037951
180.66 0.00317979
180.67 0.00254002
180.68 0.00189947
180.69 0.00127792
180.7 0.000693655
180.71 0.00016298
180.72 -0.000300162
180.73 -0.00068452
180.74 -0.000977619
180.75 -0.00117285
180.76 -0.00127382
180.77 -0.00128223
180.78 -0.00120266
180.79 -0.00104238
180.8 -0.000811047
180.81 -0.000520339
180.82 -0.000181837
180.83 0.000187342
180.84 0.000569834
180.85 0.000950074
180.86 0.00131278
180.87 0.00164339
180.88 0.00192842
180.89 0.00215589
180.9 0.00231032
180.91 0.00238536
180.92 0.00237785
180.93 0.00228479
180.94 0.00210558
180.95 0.00184202
180.96 0.00149826
180.97 0.0010806
180.98 0.000592916
180.99 5.04954e-05
181 -0.000533456
181.01 -0.00114599
181.02 -0.00177342
181.03 -0.00240165
181.04 -0.00301654
181.05 -0.00360425
181.06 -0.00414668
181.07 -0.00463402
181.08 -0.00505595
181.09 -0.00540332
181.1 -0.00566872
181.11 -0.00584662
181.12 -0.00593349
181.13 -0.00592759
181.14 -0.00582108
181.15 -0.00562619
181.16 -0.00534799
181.17 -0.00499333
181.18 -0.00457068
181.19 -0.00408987
181.2 -0.00356192
181.21 -0.00299838
181.22 -0.00241157
181.23 -0.00181719
181.24 -0.001228
181.25 -0.000656399
181.26 -0.000114141
181.27 0.000387918
181.28 0.000840072
181.29 0.00123219
181.3 0.00155377
181.31 0.00180452
181.32 0.00198149
181.33 0.00208357
181.34 0.00211147
181.35 0.00206764
181.36 0.00195625
181.37 0.00178083
181.38 0.00154824
181.39 0.00127071
181.4 0.000957573
181.41 0.000618719
181.42 0.000264376
181.43 -9.51931e-05
181.44 -0.000449961
181.45 -0.000789215
181.46 -0.00110315
181.47 -0.00138508
181.48 -0.00162879
181.49 -0.00182947
181.5 -0.00198381
181.51 -0.00209009
181.52 -0.0021482
181.53 -0.00215686
181.54 -0.00212076
181.55 -0.00204635
181.56 -0.00193947
181.57 -0.00180691
181.58 -0.00165618
181.59 -0.00149526
181.6 -0.00133231
181.61 -0.00117644
181.62 -0.00103579
181.63 -0.000916986
181.64 -0.000825907
181.65 -0.000767242
181.66 -0.000744343
181.67 -0.00075909
181.68 -0.000811814
181.69 -0.000904203
181.7 -0.00103026
181.71 -0.00118483
181.72 -0.00136198
181.73 -0.00155467
181.74 -0.00175497
181.75 -0.00195435
181.76 -0.00214398
181.77 -0.00231231
181.78 -0.00245197
181.79 -0.0025553
181.8 -0.00261562
181.81 -0.00262751
181.82 -0.00258706
181.83 -0.00249203
181.84 -0.00234152
181.85 -0.00213297
181.86 -0.00187529
181.87 -0.00157418
181.88 -0.00123704
181.89 -0.00087278
181.9 -0.000491558
181.91 -0.000104513
181.92 0.000276176
181.93 0.000636031
181.94 0.000963846
181.95 0.00124839
181.96 0.00147943
181.97 0.00164807
181.98 0.00174705
181.99 0.00177109
182 0.00171439
182.01 0.00157359
182.02 0.00135618
182.03 0.00106675
182.04 0.000712167
182.05 0.000301467
182.06 -0.000154393
182.07 -0.000642825
182.08 -0.00115011
182.09 -0.0016595
182.1 -0.00215486
182.11 -0.0026211
182.12 -0.00304375
182.13 -0.00340937
182.14 -0.00370599
182.15 -0.00392348
182.16 -0.00404858
182.17 -0.00407658
182.18 -0.00400916
182.19 -0.00384689
182.2 -0.00359306
182.21 -0.00325368
182.22 -0.00283724
182.23 -0.0023545
182.24 -0.0018155
182.25 -0.00123833
182.26 -0.000640255
182.27 -3.74011e-05
182.28 0.000554093
182.29 0.00111855
182.3 0.00164126
182.31 0.00210888
182.32 0.00250375
182.33 0.00282001
182.34 0.0030528
182.35 0.00319856
182.36 0.00325654
182.37 0.00322872
182.38 0.00311981
182.39 0.002937
182.4 0.0026848
182.41 0.00238132
182.42 0.00204023
182.43 0.00167558
182.44 0.00130187
182.45 0.000933515
182.46 0.000584369
182.47 0.000267399
182.48 -1.04152e-06
182.49 -0.000215394
182.5 -0.000369047
182.51 -0.000457894
182.52 -0.000480466
182.53 -0.000437972
182.54 -0.000334244
182.55 -0.000174873
182.56 3.3663e-05
182.57 0.000275888
182.58 0.000539528
182.59 0.000811374
182.6 0.00107778
182.61 0.00132519
182.62 0.00154065
182.63 0.00171081
182.64 0.00182197
182.65 0.00186983
182.66 0.00184922
182.67 0.00175766
182.68 0.00159558
182.69 0.0013663
182.7 0.00107604
182.71 0.000732206
182.72 0.000347105
182.73 -6.20821e-05
182.74 -0.00047972
182.75 -0.000889112
182.76 -0.00127306
182.77 -0.00161444
182.78 -0.00189685
182.79 -0.00210063
182.8 -0.00221115
182.81 -0.00222199
182.82 -0.00212588
182.83 -0.00191882
182.84 -0.00160033
182.85 -0.00117356
182.86 -0.000645286
182.87 -2.09568e-05
182.88 0.000681326
182.89 0.00144091
182.9 0.00223818
182.91 0.00305168
182.92 0.0038588
182.93 0.00463642
182.94 0.0053616
182.95 0.00600515
182.96 0.00654849
182.97 0.0069762
182.98 0.0072739
182.99 0.00743078
183 0.00743994
183.01 0.00729867
183.02 0.00700864
183.03 0.00656435
183.04 0.00598827
183.05 0.00529763
183.06 0.00451122
183.07 0.00365079
183.08 0.00274048
183.09 0.00180612
183.1 0.000874447
183.11 -2.20716e-05
183.12 -0.000858093
183.13 -0.00160939
183.14 -0.00225407
183.15 -0.00277327
183.16 -0.00315175
183.17 -0.00337833
183.18 -0.0034447
183.19 -0.00333596
183.2 -0.00307048
183.21 -0.00265667
183.22 -0.00210727
183.23 -0.00143903
183.24 -0.000672153
183.25 0.000170262
183.26 0.00106338
183.27 0.0019786
183.28 0.00288482
183.29 0.00375498
183.3 0.00456318
183.31 0.00528542
183.32 0.00590031
183.33 0.00638966
183.34 0.0067339
183.35 0.00691685
183.36 0.00694321
183.37 0.0068126
183.38 0.00652909
183.39 0.00610102
183.4 0.00554071
183.41 0.00486401
183.42 0.00408638
183.43 0.00323148
183.44 0.00232791
183.45 0.00139983
183.46 0.000471502
183.47 -0.000433445
183.48 -0.0012927
183.49 -0.0020859
183.5 -0.00278944
183.51 -0.00338819
183.52 -0.00387527
183.53 -0.00424366
183.54 -0.00449012
183.55 -0.00461511
183.56 -0.00462266
183.57 -0.00452014
183.58 -0.0043119
183.59 -0.00401646
183.6 -0.00365225
183.61 -0.00323595
183.62 -0.00278493
183.63 -0.00231667
183.64 -0.00184823
183.65 -0.00139561
183.66 -0.000976859
183.67 -0.000603585
183.68 -0.000284808
183.69 -2.75721e-05
183.7 0.000163811
183.71 0.00028779
183.72 0.000345506
183.73 0.000340627
183.74 0.000274545
183.75 0.00016101
183.76 1.02073e-05
183.77 -0.000167122
183.78 -0.000359716
183.79 -0.000556263
183.8 -0.000745869
183.81 -0.000918372
183.82 -0.00106182
183.83 -0.00117123
183.84 -0.00124171
183.85 -0.00127041
183.86 -0.00125658
183.87 -0.00120159
183.88 -0.00110878
183.89 -0.000982938
183.9 -0.00082989
183.91 -0.000660549
183.92 -0.000483887
183.93 -0.000309219
183.94 -0.00014579
183.95 -2.35407e-06
183.96 0.000113223
183.97 0.000193204
183.98 0.000230369
183.99 0.000224557
184 0.000175035
184.01 8.31547e-05
184.02 -4.76597e-05
184.03 -0.00021202
184.04 -0.000402755
184.05 -0.000611468
184.06 -0.000827055
184.07 -0.00103772
184.08 -0.00123242
184.09 -0.00140035
184.1 -0.00153134
184.11 -0.0016164
184.12 -0.00164803
184.13 -0.00161742
184.14 -0.00152127
184.15 -0.00136226
184.16 -0.00114274
184.17 -0.00086771
184.18 -0.000544716
184.19 -0.000183704
184.2 0.000203258
184.21 0.000602094
184.22 0.000995293
184.23 0.00136631
184.24 0.00169884
184.25 0.00197696
184.26 0.00218577
184.27 0.00231186
184.28 0.00234391
184.29 0.00226486
184.3 0.0020739
184.31 0.00177185
184.32 0.00136042
184.33 0.000844815
184.34 0.00023378
184.35 -0.000460624
184.36 -0.00122327
184.37 -0.00203897
184.38 -0.00288174
184.39 -0.00372894
184.4 -0.00455778
184.41 -0.00534527
184.42 -0.00606897
184.43 -0.00670766
184.44 -0.00724199
184.45 -0.00764166
184.46 -0.00790425
184.47 -0.00802067
184.48 -0.00798559
184.49 -0.00779788
184.5 -0.00746067
184.51 -0.00698131
184.52 -0.00637004
184.53 -0.00563477
184.54 -0.00480647
184.55 -0.0039071
184.56 -0.00296066
184.57 -0.00199249
184.58 -0.00102853
184.59 -9.45678e-05
184.6 0.000782726
184.61 0.00157329
184.62 0.00226158
184.63 0.00283052
184.64 0.00326665
184.65 0.00356051
184.66 0.00370689
184.67 0.003705
184.68 0.00355378
184.69 0.00325819
184.7 0.00284073
184.71 0.00231776
184.72 0.00170867
184.73 0.00103521
184.74 0.000320848
184.75 -0.000409954
184.76 -0.00113094
184.77 -0.00181456
184.78 -0.00243897
184.79 -0.00298383
184.8 -0.00343151
184.81 -0.00376764
184.82 -0.00398151
184.83 -0.00406635
184.84 -0.00401198
184.85 -0.00382276
184.86 -0.00351102
184.87 -0.00308723
184.88 -0.00256531
184.89 -0.00196218
184.9 -0.00129723
184.91 -0.000591693
184.92 0.000131611
184.93 0.000846426
184.94 0.00152974
184.95 0.0021601
184.96 0.00271777
184.97 0.0031853
184.98 0.00354803
184.99 0.00379449
185 0.0039062
185.01 0.00388692
185.02 0.00373958
185.03 0.00346846
185.04 0.00308139
185.05 0.00258953
185.06 0.00200698
185.07 0.00135035
185.08 0.000634943
185.09 -0.000112406
185.1 -0.000870307
185.11 -0.00161767
185.12 -0.0023339
185.13 -0.00299945
185.14 -0.00359635
185.15 -0.0041082
185.16 -0.00451134
185.17 -0.00480413
185.18 -0.00497953
185.19 -0.00503359
185.2 -0.00496553
185.21 -0.00477762
185.22 -0.00447507
185.23 -0.00406423
185.24 -0.00355032
185.25 -0.00295516
185.26 -0.00229327
185.27 -0.00158037
185.28 -0.00083293
185.29 -6.77795e-05
185.3 0.000698317
185.31 0.00144813
185.32 0.00216306
185.33 0.00283035
185.34 0.0034374
185.35 0.00397328
185.36 0.00442886
185.37 0.00479691
185.38 0.00507217
185.39 0.00524737
185.4 0.00531924
185.41 0.00529452
185.42 0.00517582
185.43 0.0049673
185.44 0.00467453
185.45 0.00430433
185.46 0.00386463
185.47 0.0033616
185.48 0.00280649
185.49 0.00221254
185.5 0.00159053
185.51 0.00095156
185.52 0.000306895
185.53 -0.00033213
185.54 -0.00095423
185.55 -0.00154575
185.56 -0.00209533
185.57 -0.00259372
185.58 -0.00303111
185.59 -0.00339838
185.6 -0.00368724
185.61 -0.00389034
185.62 -0.00400149
185.63 -0.00400811
185.64 -0.00391161
185.65 -0.00371298
185.66 -0.00341261
185.67 -0.00301278
185.68 -0.00251778
185.69 -0.00193398
185.7 -0.00126983
185.71 -0.000530807
185.72 0.000263799
185.73 0.00109832
185.74 0.0019564
185.75 0.00282036
185.76 0.00367155
185.77 0.00449072
185.78 0.00525843
185.79 0.00594663
185.8 0.00654268
185.81 0.00703001
185.82 0.00739394
185.83 0.00762222
185.84 0.00770545
185.85 0.00763747
185.86 0.00741406
185.87 0.00702496
185.88 0.00649031
185.89 0.00582036
185.9 0.00502927
185.91 0.0041349
185.92 0.00315846
185.93 0.00212408
185.94 0.00105824
185.95 -7.58307e-06
185.96 -0.00104188
185.97 -0.00201529
185.98 -0.00289924
185.99 -0.00366682
186 -0.00429357
186.01 -0.00475827
186.02 -0.00503691
186.03 -0.00510978
186.04 -0.00498267
186.05 -0.00465482
186.06 -0.00413122
186.07 -0.00342258
186.08 -0.00254524
186.09 -0.00152083
186.1 -0.0003717
186.11 0.000867555
186.12 0.00215578
186.13 0.00345591
186.14 0.00472964
186.15 0.00593848
186.16 0.0070449
186.17 0.00801338
186.18 0.00879982
186.19 0.00937583
186.2 0.00972705
186.21 0.00983777
186.22 0.00969884
186.23 0.00930816
186.24 0.00867083
186.25 0.00779916
186.26 0.00669916
186.27 0.00540925
186.28 0.00396908
186.29 0.00241664
186.3 0.000793784
186.31 -0.000854995
186.32 -0.00248375
186.33 -0.00404642
186.34 -0.00548543
186.35 -0.00676187
186.36 -0.00784058
186.37 -0.00868954
186.38 -0.009283
186.39 -0.0096023
186.4 -0.00963645
186.41 -0.00938262
186.42 -0.00882082
186.43 -0.00799209
186.44 -0.00692171
186.45 -0.00564014
186.46 -0.00418413
186.47 -0.00259568
186.48 -0.000920815
186.49 0.000791603
186.5 0.00248512
186.51 0.00410733
186.52 0.00561062
186.53 0.00695082
186.54 0.00808847
186.55 0.00899004
186.56 0.00962888
186.57 0.00998101
186.58 0.010016
186.59 0.00975783
186.6 0.00921523
186.61 0.00840526
186.62 0.00735278
186.63 0.00608975
186.64 0.00465419
186.65 0.00308678
186.66 0.00143651
186.67 -0.000238643
186.68 -0.00188924
186.69 -0.00346703
186.7 -0.0049264
186.71 -0.00622572
186.72 -0.0073286
186.73 -0.0081947
186.74 -0.00879447
186.75 -0.00912882
186.76 -0.00919312
186.77 -0.00899115
186.78 -0.00853486
186.79 -0.00784396
186.8 -0.00694523
186.81 -0.00586448
186.82 -0.00464629
186.83 -0.00334141
186.84 -0.00199448
186.85 -0.000650707
186.86 0.000645503
186.87 0.001852
186.88 0.00293022
186.89 0.00383397
186.9 0.00453762
186.91 0.00502779
186.92 0.00529255
186.93 0.00532778
186.94 0.00513717
186.95 0.00473209
186.96 0.00413113
186.97 0.0033487
186.98 0.00242865
186.99 0.00141131
187 0.000335914
187.01 -0.000756651
187.02 -0.00182527
187.03 -0.00282996
187.04 -0.00373325
187.05 -0.00448685
187.06 -0.00507056
187.07 -0.00546485
187.08 -0.00565533
187.09 -0.00563492
187.1 -0.0054041
187.11 -0.0049709
187.12 -0.00435062
187.13 -0.00355153
187.14 -0.00262155
187.15 -0.001595
187.16 -0.000509694
187.17 0.00059417
187.18 0.00167543
187.19 0.00269331
187.2 0.00360721
187.21 0.00436701
187.22 0.00495228
187.23 0.0053385
187.24 0.00550773
187.25 0.00544922
187.26 0.00515983
187.27 0.00464417
187.28 0.00390997
187.29 0.0029693
187.3 0.00186644
187.31 0.000634776
187.32 -0.00068777
187.33 -0.00205996
187.34 -0.00343855
187.35 -0.00477974
187.36 -0.00603613
187.37 -0.00715859
187.38 -0.00811675
187.39 -0.00887965
187.4 -0.00942244
187.41 -0.0097272
187.42 -0.00978354
187.43 -0.00958896
187.44 -0.00913797
187.45 -0.00844517
187.46 -0.00754619
187.47 -0.00647
187.48 -0.00525115
187.49 -0.00392867
187.5 -0.00254481
187.51 -0.00114369
187.52 0.000225841
187.53 0.00151546
187.54 0.00268626
187.55 0.00370206
187.56 0.00453191
187.57 0.0051511
187.58 0.00554196
187.59 0.00569438
187.6 0.00558946
187.61 0.00524478
187.62 0.00468296
187.63 0.00392652
187.64 0.00300438
187.65 0.00195085
187.66 0.000804521
187.67 -0.000392979
187.68 -0.00159536
187.69 -0.0027544
187.7 -0.00382835
187.71 -0.00477851
187.72 -0.00557042
187.73 -0.00617499
187.74 -0.00656947
187.75 -0.00673814
187.76 -0.00665067
187.77 -0.00632899
187.78 -0.00578413
187.79 -0.00503322
187.8 -0.00410032
187.81 -0.00301568
187.82 -0.00181476
187.83 -0.000536875
187.84 0.000774179
187.85 0.00206798
187.86 0.00330119
187.87 0.00443227
187.88 0.0054229
187.89 0.00623913
187.9 0.00685257
187.91 0.00723696
187.92 0.00736092
187.93 0.00723831
187.94 0.00687184
187.95 0.00627205
187.96 0.00545694
187.97 0.00445147
187.98 0.00328669
187.99 0.00199644
188 0.000622724
188.01 -0.000782683
188.02 -0.00217542
188.03 -0.00351156
188.04 -0.00474896
188.05 -0.00584862
188.06 -0.00677585
188.07 -0.00749199
188.08 -0.00796796
188.09 -0.00820197
188.1 -0.00818754
188.11 -0.00792592
188.12 -0.00742604
188.13 -0.00670417
188.14 -0.00578339
188.15 -0.00468568
188.16 -0.00345144
188.17 -0.00212759
188.18 -0.000755538
188.19 0.000622197
188.2 0.00196334
188.21 0.00322719
188.22 0.00437583
188.23 0.00536365
188.24 0.0061636
188.25 0.00675979
188.26 0.00713756
188.27 0.00728938
188.28 0.00721497
188.29 0.00692128
188.3 0.00642219
188.31 0.00572574
188.32 0.00487148
188.33 0.00389564
188.34 0.00283361
188.35 0.00172311
188.36 0.000602951
188.37 -0.000488149
188.38 -0.00151285
188.39 -0.00242447
188.4 -0.00319751
188.41 -0.00380796
188.42 -0.00423617
188.43 -0.00446865
188.44 -0.00449846
188.45 -0.00432535
188.46 -0.00395572
188.47 -0.00338572
188.48 -0.0026552
188.49 -0.00178935
188.5 -0.000817612
188.51 0.000227352
188.52 0.00131067
188.53 0.00239641
188.54 0.00344785
188.55 0.00442155
188.56 0.00528942
188.57 0.00602345
188.58 0.0066
188.59 0.00700057
188.6 0.0072123
188.61 0.00722832
188.62 0.00704338
188.63 0.0066541
188.64 0.00608841
188.65 0.00536446
188.66 0.00450516
188.67 0.00353739
188.68 0.00249117
188.69 0.0013987
188.7 0.000294187
188.71 -0.000784127
188.72 -0.00180351
188.73 -0.00273389
188.74 -0.00354821
188.75 -0.00422325
188.76 -0.00474021
188.77 -0.0050853
188.78 -0.00524124
188.79 -0.0052044
188.8 -0.00498838
188.81 -0.00460237
188.82 -0.0040605
188.83 -0.00338133
188.84 -0.00258721
188.85 -0.00170359
188.86 -0.000756327
188.87 0.000220527
188.88 0.00119494
188.89 0.00213789
188.9 0.00302182
188.91 0.00382139
188.92 0.00451418
188.93 0.00508128
188.94 0.0054969
188.95 0.00575589
188.96 0.00585756
188.97 0.00580163
188.98 0.00559228
188.99 0.00523795
189 0.00475096
189.01 0.00414705
189.02 0.00343841
189.03 0.00265475
189.04 0.0018205
189.05 0.000959026
189.06 9.37376e-05
189.07 -0.000752643
189.08 -0.00155867
189.09 -0.00230476
189.1 -0.00296488
189.11 -0.00353069
189.12 -0.00399194
189.13 -0.00434121
189.14 -0.00457438
189.15 -0.00469061
189.16 -0.00469217
189.17 -0.00458363
189.18 -0.0043648
189.19 -0.00405648
189.2 -0.00367083
189.21 -0.00322125
189.22 -0.00272185
189.23 -0.00218705
189.24 -0.00163109
189.25 -0.00106772
189.26 -0.000511282
189.27 2.67299e-05
189.28 0.000536836
189.29 0.00101129
189.3 0.00144418
189.31 0.00183143
189.32 0.00217076
189.33 0.00246012
189.34 0.00269875
189.35 0.00289259
189.36 0.00304507
189.37 0.00316034
189.38 0.00324294
189.39 0.00329754
189.4 0.00332864
189.41 0.00333974
189.42 0.00333445
189.43 0.00331646
189.44 0.00328742
189.45 0.00324803
189.46 0.00319805
189.47 0.00313633
189.48 0.00306091
189.49 0.00296814
189.5 0.00285458
189.51 0.00271766
189.52 0.00255402
189.53 0.00236059
189.54 0.00213481
189.55 0.00187485
189.56 0.00157979
189.57 0.00124763
189.58 0.000881217
189.59 0.000484875
189.6 6.30278e-05
189.61 -0.000378573
189.62 -0.000832941
189.63 -0.00129199
189.64 -0.00174669
189.65 -0.00218546
189.66 -0.00259777
189.67 -0.00297373
189.68 -0.0033033
189.69 -0.00357701
189.7 -0.00378629
189.71 -0.0039237
189.72 -0.00398325
189.73 -0.00395305
189.74 -0.00383722
189.75 -0.00363681
189.76 -0.00335408
189.77 -0.00299341
189.78 -0.00256129
189.79 -0.00206619
189.8 -0.00151841
189.81 -0.00092711
189.82 -0.000310946
189.83 0.000315624
189.84 0.000937566
189.85 0.00153965
189.86 0.00210686
189.87 0.00262473
189.88 0.00307885
189.89 0.00345022
189.9 0.00373461
189.91 0.00392405
189.92 0.00401286
189.93 0.00399778
189.94 0.0038781
189.95 0.00365574
189.96 0.00333298
189.97 0.00291314
189.98 0.00241361
189.99 0.00184634
190 0.0012251
190.01 0.000565089
190.02 -0.000117416
190.03 -0.000805443
190.04 -0.00148068
190.05 -0.00212317
190.06 -0.00271762
190.07 -0.00324895
190.08 -0.00370359
190.09 -0.00406988
190.1 -0.0043383
190.11 -0.00450181
190.12 -0.00455061
190.13 -0.00448268
190.14 -0.00430571
190.15 -0.00402439
190.16 -0.00364608
190.17 -0.00318069
190.18 -0.00264045
190.19 -0.00203958
190.2 -0.00139236
190.21 -0.000719145
190.22 -3.98338e-05
190.23 0.000627141
190.24 0.00126354
190.25 0.00185181
190.26 0.00237546
190.27 0.0028196
190.28 0.00316377
190.29 0.00340048
190.3 0.00352508
190.31 0.00353307
190.32 0.00342298
190.33 0.00319642
190.34 0.00285813
190.35 0.00241583
190.36 0.00187339
190.37 0.00125196
190.38 0.000569148
190.39 -0.000157238
190.4 -0.000907993
190.41 -0.00166302
190.42 -0.00240181
190.43 -0.00310402
190.44 -0.00374276
190.45 -0.0043033
190.46 -0.00476965
190.47 -0.00512782
190.48 -0.00536645
190.49 -0.00547722
190.5 -0.00545509
190.51 -0.00529755
190.52 -0.00499551
190.53 -0.00456808
190.54 -0.00402505
190.55 -0.00337945
190.56 -0.00264722
190.57 -0.00184684
190.58 -0.0009989
190.59 -0.000125561
190.6 0.0007474
190.61 0.00159455
190.62 0.00239259
190.63 0.00311919
190.64 0.00375361
190.65 0.00427722
190.66 0.00467405
190.67 0.00492665
190.68 0.00501905
190.69 0.00495663
190.7 0.00473883
190.71 0.00436914
190.72 0.00385511
190.73 0.00320816
190.74 0.00244334
190.75 0.00157568
190.76 0.000628188
190.77 -0.000369538
190.78 -0.00139205
190.79 -0.00241301
190.8 -0.00340592
190.81 -0.00434474
190.82 -0.00520466
190.83 -0.00595594
190.84 -0.00657658
190.85 -0.00705479
190.86 -0.00737754
190.87 -0.00753574
190.88 -0.00752453
190.89 -0.00734338
190.9 -0.00699618
190.91 -0.0064814
190.92 -0.00581834
190.93 -0.00502929
190.94 -0.0041343
190.95 -0.00315606
190.96 -0.00211934
190.97 -0.00105028
190.98 2.42662e-05
190.99 0.00107369
191 0.00207053
191.01 0.00299114
191.02 0.00381357
191.03 0.0045187
191.04 0.00509068
191.05 0.00551736
191.06 0.00579058
191.07 0.00589213
191.08 0.00583549
191.09 0.00562778
191.1 0.00527833
191.11 0.00480007
191.12 0.00420915
191.13 0.00352443
191.14 0.00276686
191.15 0.00195639
191.16 0.00112343
191.17 0.000291522
191.18 -0.000516444
191.19 -0.00127886
191.2 -0.00197596
191.21 -0.00259039
191.22 -0.00310618
191.23 -0.00350296
191.24 -0.00378249
191.25 -0.00394142
191.26 -0.00397999
191.27 -0.00390201
191.28 -0.00371465
191.29 -0.00342812
191.3 -0.00305358
191.31 -0.00260452
191.32 -0.00210457
191.33 -0.00157195
191.34 -0.00102532
191.35 -0.000483203
191.36 3.65651e-05
191.37 0.000517389
191.38 0.000941895
191.39 0.00129419
191.4 0.00156828
191.41 0.00175735
191.42 0.00185754
191.43 0.00186797
191.44 0.00179072
191.45 0.0016307
191.46 0.00139225
191.47 0.00108658
191.48 0.000729797
191.49 0.000335501
191.5 -8.17221e-05
191.51 -0.000506809
191.52 -0.000924694
191.53 -0.00132077
191.54 -0.00167843
191.55 -0.00198469
191.56 -0.00223087
191.57 -0.0024088
191.58 -0.00251255
191.59 -0.00253857
191.6 -0.00248573
191.61 -0.00235531
191.62 -0.00214588
191.63 -0.00186736
191.64 -0.0015298
191.65 -0.00114268
191.66 -0.00071666
191.67 -0.00026316
191.68 0.00020596
191.69 0.000678812
191.7 0.00114224
191.71 0.001585
191.72 0.00199766
191.73 0.00237201
191.74 0.00270133
191.75 0.0029806
191.76 0.00320655
191.77 0.00337767
191.78 0.0034891
191.79 0.00354814
191.8 0.00355867
191.81 0.00352555
191.82 0.00345457
191.83 0.00335221
191.84 0.00322534
191.85 0.00308088
191.86 0.00292536
191.87 0.00276651
191.88 0.0026098
191.89 0.00245974
191.9 0.00231977
191.91 0.00219214
191.92 0.00207787
191.93 0.001977
191.94 0.0018886
191.95 0.00180891
191.96 0.00173441
191.97 0.00166087
191.98 0.00158364
191.99 0.00149788
192 0.00139879
192.01 0.00128121
192.02 0.00114
192.03 0.000973568
192.04 0.000780087
192.05 0.000558921
192.06 0.000310757
192.07 3.76583e-05
192.08 -0.00025691
192.09 -0.00056856
192.1 -0.000890386
192.11 -0.00121397
192.12 -0.00153091
192.13 -0.00183214
192.14 -0.0021082
192.15 -0.00234949
192.16 -0.00254658
192.17 -0.00268714
192.18 -0.00276252
192.19 -0.00276841
192.2 -0.00269939
192.21 -0.00255162
192.22 -0.00232305
192.23 -0.00201351
192.24 -0.00162481
192.25 -0.00115614
192.26 -0.000616734
192.27 -1.72898e-05
192.28 0.000632354
192.29 0.00132085
192.3 0.0020356
192.31 0.00276299
192.32 0.00348875
192.33 0.00419574
192.34 0.00486873
192.35 0.00549389
192.36 0.00605776
192.37 0.00654793
192.38 0.00695335
192.39 0.00726454
192.4 0.00747387
192.41 0.0075656
192.42 0.00754494
192.43 0.00741225
192.44 0.00716905
192.45 0.00681902
192.46 0.006368
192.47 0.00582379
192.48 0.00519589
192.49 0.00448973
192.5 0.00372632
192.51 0.00291956
192.52 0.00208403
192.53 0.00123474
192.54 0.000386785
192.55 -0.000444952
192.56 -0.00124549
192.57 -0.00199659
192.58 -0.00268894
192.59 -0.00331171
192.6 -0.0038556
192.61 -0.00431306
192.62 -0.00467835
192.63 -0.00494772
192.64 -0.00511686
192.65 -0.00518131
192.66 -0.00515112
192.67 -0.00503075
192.68 -0.0048264
192.69 -0.00454583
192.7 -0.00419821
192.71 -0.00379388
192.72 -0.00334291
192.73 -0.00285799
192.74 -0.00235439
192.75 -0.00184468
192.76 -0.00134123
192.77 -0.000855969
192.78 -0.000400118
192.79 1.60552e-05
192.8 0.000380647
192.81 0.000684933
192.82 0.000925717
192.83 0.0010989
192.84 0.00120217
192.85 0.00123501
192.86 0.00119876
192.87 0.00109652
192.88 0.000929771
192.89 0.000707221
192.9 0.000439429
192.91 0.000135692
192.92 -0.000193769
192.93 -0.00053807
192.94 -0.000885946
192.95 -0.00122604
192.96 -0.00154504
192.97 -0.00183209
192.98 -0.00207821
192.99 -0.00227496
193 -0.00241533
193.01 -0.00249389
193.02 -0.00250695
193.03 -0.00245274
193.04 -0.0023259
193.05 -0.00213374
193.06 -0.0018819
193.07 -0.00157674
193.08 -0.00122628
193.09 -0.000839997
193.1 -0.000428542
193.11 -3.48076e-06
193.12 0.000421973
193.13 0.000834243
193.14 0.00122118
193.15 0.00157121
193.16 0.0018737
193.17 0.00211927
193.18 0.00230009
193.19 0.00240955
193.2 0.00243704
193.21 0.00238792
193.22 0.00226315
193.23 0.0020659
193.24 0.0018015
193.25 0.00147732
193.26 0.00110255
193.27 0.000687397
193.28 0.000243608
193.29 -0.000212715
193.3 -0.000668205
193.31 -0.00110956
193.32 -0.00152395
193.33 -0.00189947
193.34 -0.00222549
193.35 -0.00249095
193.36 -0.0026858
193.37 -0.00281001
193.38 -0.00286186
193.39 -0.00284212
193.4 -0.00275413
193.41 -0.00260366
193.42 -0.00239878
193.43 -0.00214822
193.44 -0.00186511
193.45 -0.00156536
193.46 -0.00126318
193.47 -0.000973072
193.48 -0.000709304
193.49 -0.000485423
193.5 -0.000313736
193.51 -0.000208823
193.52 -0.000179281
193.53 -0.000227439
193.54 -0.00035569
193.55 -0.000563372
193.56 -0.000846688
193.57 -0.00119872
193.58 -0.00160957
193.59 -0.0020686
193.6 -0.00255701
193.61 -0.00305572
193.62 -0.00354581
193.63 -0.00400753
193.64 -0.00442101
193.65 -0.00476684
193.66 -0.00502677
193.67 -0.00517508
193.68 -0.00520263
193.69 -0.00510147
193.7 -0.00486493
193.71 -0.00449027
193.72 -0.00397895
193.73 -0.00333667
193.74 -0.00257348
193.75 -0.00169547
193.76 -0.000731722
193.77 0.000294365
193.78 0.00135761
193.79 0.00243068
193.8 0.00348476
193.81 0.00449042
193.82 0.00541816
193.83 0.00622675
193.84 0.00689868
193.85 0.00741112
193.86 0.00774492
193.87 0.00788517
193.88 0.00782182
193.89 0.00755002
193.9 0.00706763
193.91 0.00636749
193.92 0.00548089
193.93 0.00442631
193.94 0.00322711
193.95 0.00191095
193.96 0.000509148
193.97 -0.000944132
193.98 -0.00241212
193.99 -0.00385216
194 -0.00522655
194.01 -0.00649956
194.02 -0.00763773
194.03 -0.00861078
194.04 -0.00939244
194.05 -0.0099612
194.06 -0.0102919
194.07 -0.0103676
194.08 -0.0102004
194.09 -0.00979424
194.1 -0.00915905
194.11 -0.00831086
194.12 -0.00727121
194.13 -0.00606665
194.14 -0.0047231
194.15 -0.00327973
194.16 -0.0017804
194.17 -0.000263547
194.18 0.00123224
194.19 0.00266921
194.2 0.00401149
194.21 0.005226
194.22 0.0062721
194.23 0.00712604
194.24 0.00777574
194.25 0.00820847
194.26 0.00841747
194.27 0.00840206
194.28 0.00816757
194.29 0.00772514
194.3 0.00707881
194.31 0.00626189
194.32 0.00530612
194.33 0.00424118
194.34 0.00309908
194.35 0.0019132
194.36 0.000717361
194.37 -0.00045514
194.38 -0.00156514
194.39 -0.00258455
194.4 -0.00348872
194.41 -0.00425599
194.42 -0.00486915
194.43 -0.00531579
194.44 -0.00558853
194.45 -0.00568508
194.46 -0.005592
194.47 -0.0053346
194.48 -0.00492654
194.49 -0.00438463
194.5 -0.00372889
194.51 -0.00298186
194.52 -0.0021678
194.53 -0.00131188
194.54 -0.000440845
194.55 0.000417234
194.56 0.00123924
194.57 0.00200419
194.58 0.00269381
194.59 0.00329296
194.6 0.00379
194.61 0.00417468
194.62 0.00443589
194.63 0.00458319
194.64 0.0046207
194.65 0.00455578
194.66 0.00439864
194.67 0.00416188
194.68 0.00385995
194.69 0.00350752
194.7 0.00312178
194.71 0.00272227
194.72 0.00232459
194.73 0.00194308
194.74 0.00159035
194.75 0.00127689
194.76 0.00101077
194.77 0.000799835
194.78 0.000647418
194.79 0.000549668
194.8 0.000503171
194.81 0.000502127
194.82 0.000538663
194.83 0.000603227
194.84 0.00068503
194.85 0.000772177
194.86 0.000851351
194.87 0.000911098
194.88 0.000941116
194.89 0.000932529
194.9 0.000878303
194.91 0.000773585
194.92 0.000615969
194.93 0.000402294
194.94 0.00013806
194.95 -0.000168761
194.96 -0.000509473
194.97 -0.00087316
194.98 -0.00124703
194.99 -0.00161685
195 -0.00196739
195.01 -0.00227897
195.02 -0.00253661
195.03 -0.00272657
195.04 -0.00283581
195.05 -0.00285323
195.06 -0.00277019
195.07 -0.00258087
195.08 -0.00228268
195.09 -0.00186687
195.1 -0.00134772
195.11 -0.000734991
195.12 -4.08336e-05
195.13 0.000719455
195.14 0.00152779
195.15 0.00236374
195.16 0.00320502
195.17 0.004024
195.18 0.00479661
195.19 0.00549926
195.2 0.00610946
195.21 0.00660652
195.22 0.00697219
195.23 0.00719127
195.24 0.00724975
195.25 0.00712774
195.26 0.00683703
195.27 0.00638018
195.28 0.00576436
195.29 0.00500137
195.3 0.0041073
195.31 0.00310228
195.32 0.00200844
195.33 0.000852914
195.34 -0.000328703
195.35 -0.00150576
195.36 -0.00264711
195.37 -0.00372198
195.38 -0.00470079
195.39 -0.00555599
195.4 -0.00625632
195.41 -0.00677432
195.42 -0.00710369
195.43 -0.00723346
195.44 -0.00715785
195.45 -0.00687653
195.46 -0.00639467
195.47 -0.00572289
195.48 -0.00486939
195.49 -0.00385826
195.5 -0.00272431
195.51 -0.0014971
195.52 -0.000208972
195.53 0.00110586
195.54 0.00241215
195.55 0.00367464
195.56 0.004852
195.57 0.00590992
195.58 0.00682273
195.59 0.00756539
195.6 0.00811739
195.61 0.00846334
195.62 0.00859342
195.63 0.00850373
195.64 0.00818086
195.65 0.00764508
195.66 0.00691768
195.67 0.00601941
195.68 0.00497586
195.69 0.00381673
195.7 0.00257507
195.71 0.00128638
195.72 -1.0001e-05
195.73 -0.0012724
195.74 -0.00246433
195.75 -0.00355133
195.76 -0.00450189
195.77 -0.0052883
195.78 -0.00588749
195.79 -0.00628171
195.8 -0.00643724
195.81 -0.00636969
195.82 -0.00608219
195.83 -0.00558362
195.84 -0.00488911
195.85 -0.00401965
195.86 -0.00300152
195.87 -0.00186493
195.88 -0.000641604
195.89 0.000620096
195.9 0.00188073
195.91 0.00310054
195.92 0.00424053
195.93 0.00526363
195.94 0.00613578
195.95 0.00682253
195.96 0.00728412
195.97 0.00751745
195.98 0.00751091
195.99 0.00725965
196 0.00676584
196.01 0.00603862
196.02 0.00509394
196.03 0.00394877
196.04 0.00262949
196.05 0.00118368
196.06 -0.000350314
196.07 -0.00193123
196.08 -0.00351608
196.09 -0.0050613
196.1 -0.00652401
196.11 -0.00785587
196.12 -0.00901244
196.13 -0.00996837
196.14 -0.0106964
196.15 -0.0111752
196.16 -0.0113906
196.17 -0.0113351
196.18 -0.011009
196.19 -0.010406
196.2 -0.00954703
196.21 -0.00846725
196.22 -0.00719617
196.23 -0.00576858
196.24 -0.0042236
196.25 -0.00260358
196.26 -0.000952959
196.27 0.000678861
196.28 0.00224258
196.29 0.0036964
196.3 0.0050011
196.31 0.00612177
196.32 0.00702876
196.33 0.0076985
196.34 0.00811416
196.35 0.00824468
196.36 0.00810452
196.37 0.00770622
196.38 0.00706398
196.39 0.0061987
196.4 0.00513736
196.41 0.00391221
196.42 0.00255981
196.43 0.00111583
196.44 -0.000366513
196.45 -0.00184374
196.46 -0.0032738
196.47 -0.00461653
196.48 -0.00583479
196.49 -0.00689545
196.5 -0.00776967
196.51 -0.00841345
196.52 -0.00883088
196.53 -0.00901405
196.54 -0.00896185
196.55 -0.00867993
196.56 -0.00818037
196.57 -0.00748129
196.58 -0.00660395
196.59 -0.00556941
196.6 -0.00442495
196.61 -0.00320538
196.62 -0.00194683
196.63 -0.000685593
196.64 0.000542903
196.65 0.00170515
196.66 0.0027671
196.67 0.00369328
196.68 0.00446994
196.69 0.00508092
196.7 0.00551547
196.71 0.00576849
196.72 0.00584043
196.73 0.00573719
196.74 0.00546391
196.75 0.00503507
196.76 0.00448095
196.77 0.00382462
196.78 0.00309116
196.79 0.00230683
196.8 0.00149809
196.81 0.000690787
196.82 -8.82289e-05
196.83 -0.000814246
196.84 -0.0014704
196.85 -0.00204195
196.86 -0.00251813
196.87 -0.00289232
196.88 -0.00316214
196.89 -0.00332932
196.9 -0.00339401
196.91 -0.00336929
196.92 -0.0032716
196.93 -0.00311593
196.94 -0.00291872
196.95 -0.0026972
196.96 -0.00246861
196.97 -0.00224946
196.98 -0.00205768
196.99 -0.00190615
197 -0.00180384
197.01 -0.00175734
197.02 -0.0017698
197.03 -0.00184091
197.04 -0.00196684
197.05 -0.00214043
197.06 -0.00235362
197.07 -0.0025893
197.08 -0.00283167
197.09 -0.00306422
197.1 -0.00326985
197.11 -0.00343167
197.12 -0.00353367
197.13 -0.00356146
197.14 -0.0034935
197.15 -0.00332865
197.16 -0.00306215
197.17 -0.00269283
197.18 -0.00222346
197.19 -0.00166083
197.2 -0.00101563
197.21 -0.000301708
197.22 0.000465391
197.23 0.00125883
197.24 0.00205595
197.25 0.00283303
197.26 0.00356605
197.27 0.00423158
197.28 0.00480758
197.29 0.00527154
197.3 0.00559768
197.31 0.00578282
197.32 0.00581906
197.33 0.00570322
197.34 0.00543699
197.35 0.00502699
197.36 0.00448467
197.37 0.00382285
197.38 0.00306118
197.39 0.00223167
197.4 0.0013611
197.41 0.00047791
197.42 -0.000388739
197.43 -0.00120992
197.44 -0.00195793
197.45 -0.0026017
197.46 -0.00311493
197.47 -0.00348582
197.48 -0.00370153
197.49 -0.00375441
197.5 -0.00364229
197.51 -0.00336865
197.52 -0.00294252
197.53 -0.00237156
197.54 -0.00168
197.55 -0.000898379
197.56 -5.45569e-05
197.57 0.000821225
197.58 0.00169733
197.59 0.00254177
197.6 0.00332332
197.61 0.00400434
197.62 0.00455913
197.63 0.00496917
197.64 0.00521764
197.65 0.00529321
197.66 0.00519042
197.67 0.00491001
197.68 0.00445892
197.69 0.00383896
197.7 0.00308125
197.71 0.00221401
197.72 0.00126651
197.73 0.000271253
197.74 -0.000737026
197.75 -0.00172249
197.76 -0.0026494
197.77 -0.00347163
197.78 -0.00416269
197.79 -0.00469596
197.8 -0.00504882
197.81 -0.00520419
197.82 -0.00515121
197.83 -0.00488565
197.84 -0.00440941
197.85 -0.00371478
197.86 -0.0028399
197.87 -0.00180851
197.88 -0.000649686
197.89 0.000603046
197.9 0.00191271
197.91 0.00324002
197.92 0.0045436
197.93 0.00577448
197.94 0.00689704
197.95 0.00787608
197.96 0.00868052
197.97 0.00928437
197.98 0.00966754
197.99 0.00981648
198 0.00971801
198.01 0.00936264
198.02 0.00877775
198.03 0.00797977
198.04 0.00699143
198.05 0.00584108
198.06 0.00456176
198.07 0.00319021
198.08 0.00176532
198.09 0.00033269
198.1 -0.00106433
198.11 -0.00238681
198.12 -0.00359855
198.13 -0.00466713
198.14 -0.00556488
198.15 -0.00626968
198.16 -0.00675432
198.17 -0.00700941
198.18 -0.00704453
198.19 -0.00686549
198.2 -0.00648446
198.21 -0.00591955
198.22 -0.00519408
198.23 -0.00433579
198.24 -0.00337159
198.25 -0.00234193
198.26 -0.00128538
198.27 -0.000236562
198.28 0.000771239
198.29 0.00170713
198.3 0.00254354
198.31 0.0032571
198.32 0.00381758
198.33 0.00421821
198.34 0.00445659
198.35 0.00453237
198.36 0.00445078
198.37 0.00422234
198.38 0.00386235
198.39 0.00339023
198.4 0.00282317
198.41 0.00219564
198.42 0.00153572
198.43 0.000870516
198.44 0.000226363
198.45 -0.000372084
198.46 -0.000902708
198.47 -0.00134667
198.48 -0.00167794
198.49 -0.00189575
198.5 -0.00199566
198.51 -0.00197782
198.52 -0.00184705
198.53 -0.00161263
198.54 -0.00128785
198.55 -0.000888898
198.56 -0.00043317
198.57 5.10758e-05
198.58 0.000541142
198.59 0.00101432
198.6 0.00144875
198.61 0.00182425
198.62 0.00212306
198.63 0.00232825
198.64 0.00242206
198.65 0.00240598
198.66 0.00227833
198.67 0.00204183
198.68 0.00170339
198.69 0.00127389
198.7 0.000767746
198.71 0.000201057
198.72 -0.00040511
198.73 -0.00102537
198.74 -0.00163758
198.75 -0.00221988
198.76 -0.00275145
198.77 -0.0032133
198.78 -0.00358896
198.79 -0.00386007
198.8 -0.00401504
198.81 -0.00405473
198.82 -0.00397857
198.83 -0.00379017
198.84 -0.00349717
198.85 -0.00311095
198.86 -0.0026462
198.87 -0.00211803
198.88 -0.0015496
198.89 -0.000964596
198.9 -0.000384516
198.91 0.000169559
198.92 0.000677746
198.93 0.00112209
198.94 0.0014872
198.95 0.00175388
198.96 0.00191655
198.97 0.00197443
198.98 0.00192787
198.99 0.0017813
199 0.001543
199.01 0.00122478
199.02 0.000841583
199.03 0.000408586
199.04 -4.97815e-05
199.05 -0.000512071
199.06 -0.000957626
199.07 -0.00136647
199.08 -0.00172009
199.09 -0.00200212
199.1 -0.00219902
199.11 -0.00229111
199.12 -0.00228025
199.13 -0.00216592
199.14 -0.00195103
199.15 -0.00164265
199.16 -0.00125174
199.17 -0.00079286
199.18 -0.000283502
199.19 0.000256807
199.2 0.000801377
199.21 0.00132736
199.22 0.00181201
199.23 0.00223351
199.24 0.00257181
199.25 0.00280934
199.26 0.00292971
199.27 0.00291292
199.28 0.0027637
199.29 0.0024814
199.3 0.00207003
199.31 0.00153828
199.32 0.000899246
199.33 0.000170112
199.34 -0.000629616
199.35 -0.00147521
199.36 -0.00233557
199.37 -0.00318333
199.38 -0.00399089
199.39 -0.0047313
199.4 -0.00537918
199.41 -0.00591151
199.42 -0.00630236
199.43 -0.00653096
199.44 -0.00659531
199.45 -0.0064898
199.46 -0.00621391
199.47 -0.00577224
199.48 -0.00517436
199.49 -0.00443461
199.5 -0.00356644
199.51 -0.00259599
199.52 -0.00155525
199.53 -0.00047226
199.54 0.00062375
199.55 0.00170329
199.56 0.00273746
199.57 0.00369888
199.58 0.00455473
199.59 0.00528337
199.6 0.00587122
199.61 0.00630519
199.62 0.00657682
199.63 0.00668243
199.64 0.00662315
199.65 0.00640479
199.66 0.00602739
199.67 0.00551472
199.68 0.0048889
199.69 0.00417091
199.7 0.00338359
199.71 0.00255088
199.72 0.00169704
199.73 0.000845866
199.74 2.39944e-05
199.75 -0.000748189
199.76 -0.00145361
199.77 -0.00207796
199.78 -0.00261037
199.79 -0.00304366
199.8 -0.00337442
199.81 -0.00360295
199.82 -0.00372396
199.83 -0.00375526
199.84 -0.00370747
199.85 -0.00359319
199.86 -0.00342659
199.87 -0.00322277
199.88 -0.00299713
199.89 -0.00276478
199.9 -0.00254176
199.91 -0.00234052
199.92 -0.00217103
199.93 -0.00204074
199.94 -0.00195436
199.95 -0.0019137
199.96 -0.00191766
199.97 -0.00196303
199.98 -0.00204412
199.99 -0.00214838
200 -0.00226461
