0 0
0.01 0.00145089
0.02 0.00283092
0.03 0.00407837
0.04 0.00513719
0.05 0.00595942
0.06 0.00650713
0.07 0.00675412
0.08 0.00668327
0.09 0.00627196
0.1 0.00556541
0.11 0.00459352
0.12 0.00339786
0.13 0.00203001
0.14 0.000549508
0.15 -0.000978556
0.16 -0.002484
0.17 -0.00388639
0.18 -0.00512417
0.19 -0.00613965
0.2 -0.00688397
0.21 -0.00731927
0.22 -0.00742038
0.23 -0.00717612
0.24 -0.00657846
0.25 -0.00564039
0.26 -0.00442028
0.27 -0.00296711
0.28 -0.0013409
0.29 0.000389536
0.3 0.0021492
0.31 0.00385992
0.32 0.00543363
0.33 0.00678484
0.34 0.00785448
0.35 0.00858631
0.36 0.00893687
0.37 0.00887763
0.38 0.00839659
0.39 0.00749931
0.4 0.00618837
0.41 0.00451969
0.42 0.00257085
0.43 0.000417499
0.44 -0.00185305
0.45 -0.0041448
0.46 -0.00635653
0.47 -0.00838556
0.48 -0.0101045
0.49 -0.0114224
0.5 -0.0122681
0.51 -0.0125763
0.52 -0.0123
0.53 -0.0114127
0.54 -0.00991028
0.55 -0.00781217
0.56 -0.00512119
0.57 -0.00195093
0.58 0.00159509
0.59 0.00540397
0.6 0.00934684
0.61 0.0132827
0.62 0.0170627
0.63 0.0205347
0.64 0.023491
0.65 0.0258187
0.66 0.0273929
0.67 0.0281039
0.68 0.0278639
0.69 0.0266108
0.7 0.0243105
0.71 0.0209532
0.72 0.0164821
0.73 0.0110639
0.74 0.00479584
0.75 -0.0021968
0.76 -0.00976386
0.77 -0.0177339
0.78 -0.0259191
0.79 -0.0341159
0.8 -0.0420829
0.81 -0.0496168
0.82 -0.0565195
0.83 -0.0626059
0.84 -0.0677084
0.85 -0.071682
0.86 -0.0744084
0.87 -0.0757566
0.88 -0.0756097
0.89 -0.0740485
0.9 -0.0710911
0.91 -0.0667881
0.92 -0.0612205
0.93 -0.0544969
0.94 -0.0467496
0.95 -0.0381014
0.96 -0.0287302
0.97 -0.0188637
0.98 -0.00868223
0.99 0.00163678
1 0.0119236
1.01 0.0220209
1.02 0.0317877
1.03 0.0410733
1.04 0.0497724
1.05 0.0578389
1.06 0.06523
1.07 0.0719269
1.08 0.0779343
1.09 0.083278
1.1 0.0880018
1.11 0.0921317
1.12 0.0957632
1.13 0.0989917
1.14 0.101893
1.15 0.10454
1.16 0.106997
1.17 0.109314
1.18 0.11153
1.19 0.113656
1.2 0.115695
1.21 0.117621
1.22 0.11939
1.23 0.120936
1.24 0.12218
1.25 0.123025
1.26 0.123367
1.27 0.123029
1.28 0.121935
1.29 0.119985
1.3 0.117081
1.31 0.113137
1.32 0.108089
1.33 0.101891
1.34 0.0945255
1.35 0.085889
1.36 0.076145
1.37 0.0653688
1.38 0.0536644
1.39 0.0411623
1.4 0.0280171
1.41 0.0144038
1.42 0.000512111
1.43 -0.0134396
1.44 -0.0272229
1.45 -0.0406334
1.46 -0.0534748
1.47 -0.0655651
1.48 -0.0767411
1.49 -0.0868641
1.5 -0.0957928
1.51 -0.103377
1.52 -0.10967
1.53 -0.114669
1.54 -0.118406
1.55 -0.120946
1.56 -0.122383
1.57 -0.12284
1.58 -0.122439
1.59 -0.121343
1.6 -0.119784
1.61 -0.117942
1.62 -0.115996
1.63 -0.114118
1.64 -0.112466
1.65 -0.111181
1.66 -0.110407
1.67 -0.110247
1.68 -0.110728
1.69 -0.111876
1.7 -0.113684
1.71 -0.116117
1.72 -0.119113
1.73 -0.122585
1.74 -0.126444
1.75 -0.130546
1.76 -0.134746
1.77 -0.138911
1.78 -0.142912
1.79 -0.146632
1.8 -0.149966
1.81 -0.152829
1.82 -0.15512
1.83 -0.156825
1.84 -0.157961
1.85 -0.158555
1.86 -0.158661
1.87 -0.15836
1.88 -0.157751
1.89 -0.156952
1.9 -0.156098
1.91 -0.155339
1.92 -0.154804
1.93 -0.154613
1.94 -0.154864
1.95 -0.155633
1.96 -0.156965
1.97 -0.158867
1.98 -0.161351
1.99 -0.164279
2 -0.167515
2.01 -0.170883
2.02 -0.174167
2.03 -0.17711
2.04 -0.179423
2.05 -0.180785
2.06 -0.180716
2.07 -0.178972
2.08 -0.175219
2.09 -0.16914
2.1 -0.160445
2.11 -0.148882
2.12 -0.134249
2.13 -0.116339
2.14 -0.0948615
2.15 -0.0700964
2.16 -0.0421352
2.17 -0.0111505
2.18 0.022604
2.19 0.0587955
2.2 0.097016
2.21 0.136819
2.22 0.177637
2.23 0.218768
2.24 0.259581
2.25 0.299424
2.26 0.33764
2.27 0.373578
2.28 0.406614
2.29 0.435986
2.3 0.461033
2.31 0.481513
2.32 0.497054
2.33 0.507374
2.34 0.512284
2.35 0.511697
2.36 0.505629
2.37 0.493916
2.38 0.47686
2.39 0.455044
2.4 0.428883
2.41 0.39887
2.42 0.365555
2.43 0.32954
2.44 0.29146
2.45 0.251921
2.46 0.211703
2.47 0.171495
2.48 0.131909
2.49 0.0935158
2.5 0.0568306
2.51 0.0223054
2.52 -0.00968
2.53 -0.0385842
2.54 -0.064336
2.55 -0.0868861
2.56 -0.106202
2.57 -0.122328
2.58 -0.135384
2.59 -0.145552
2.6 -0.153075
2.61 -0.158055
2.62 -0.161038
2.63 -0.162399
2.64 -0.1625
2.65 -0.161698
2.66 -0.160339
2.67 -0.158744
2.68 -0.157206
2.69 -0.156028
2.7 -0.155395
2.71 -0.155452
2.72 -0.156296
2.73 -0.157967
2.74 -0.160458
2.75 -0.163715
2.76 -0.167648
2.77 -0.172143
2.78 -0.176972
2.79 -0.181943
2.8 -0.186849
2.81 -0.19148
2.82 -0.195626
2.83 -0.199089
2.84 -0.201659
2.85 -0.203105
2.86 -0.203368
2.87 -0.202353
2.88 -0.199993
2.89 -0.196261
2.9 -0.191157
2.91 -0.184717
2.92 -0.176961
2.93 -0.167959
2.94 -0.157905
2.95 -0.14693
2.96 -0.135172
2.97 -0.122774
2.98 -0.109877
2.99 -0.0966198
3 -0.0831226
3.01 -0.0695121
3.02 -0.0558925
3.03 -0.0423382
3.04 -0.0289044
3.05 -0.015627
3.06 -0.00252414
3.07 0.0104022
3.08 0.0231549
3.09 0.0357624
3.1 0.0482604
3.11 0.0606789
3.12 0.073045
3.13 0.0853791
3.14 0.0976909
3.15 0.109976
3.16 0.122209
3.17 0.134344
3.18 0.146319
3.19 0.158052
3.2 0.169441
3.21 0.180367
3.22 0.190698
3.23 0.200289
3.24 0.2089
3.25 0.216425
3.26 0.222728
3.27 0.22767
3.28 0.231122
3.29 0.232976
3.3 0.233147
3.31 0.231573
3.32 0.228054
3.33 0.222759
3.34 0.215737
3.35 0.207062
3.36 0.19684
3.37 0.185205
3.38 0.172319
3.39 0.158359
3.4 0.143474
3.41 0.127978
3.42 0.112094
3.43 0.0960452
3.44 0.0800472
3.45 0.0643058
3.46 0.0490095
3.47 0.0343406
3.48 0.0205016
3.49 0.00754655
3.5 -0.00444921
3.51 -0.0154421
3.52 -0.0254201
3.53 -0.0344018
3.54 -0.0424342
3.55 -0.0495652
3.56 -0.0558716
3.57 -0.0615277
3.58 -0.0666577
3.59 -0.0713903
3.6 -0.0758534
3.61 -0.0801688
3.62 -0.0844468
3.63 -0.0887872
3.64 -0.093272
3.65 -0.0979403
3.66 -0.102808
3.67 -0.107863
3.68 -0.113064
3.69 -0.118343
3.7 -0.123602
3.71 -0.128708
3.72 -0.133501
3.73 -0.137829
3.74 -0.141522
3.75 -0.144407
3.76 -0.146311
3.77 -0.147068
3.78 -0.146522
3.79 -0.144433
3.8 -0.140723
3.81 -0.135358
3.82 -0.128288
3.83 -0.119491
3.84 -0.108983
3.85 -0.0968102
3.86 -0.0830547
3.87 -0.0677252
3.88 -0.0510668
3.89 -0.0332866
3.9 -0.0145805
3.91 0.00483962
3.92 0.0247501
3.93 0.0449213
3.94 0.0651223
3.95 0.0850891
3.96 0.104602
3.97 0.123465
3.98 0.141497
3.99 0.158539
4 0.17446
4.01 0.18915
4.02 0.202529
4.03 0.214406
4.04 0.224894
4.05 0.234
4.06 0.24175
4.07 0.248193
4.08 0.253394
4.09 0.25743
4.1 0.260376
4.11 0.262264
4.12 0.263283
4.13 0.263527
4.14 0.263086
4.15 0.26204
4.16 0.260461
4.17 0.25841
4.18 0.255925
4.19 0.253022
4.2 0.249752
4.21 0.246122
4.22 0.242125
4.23 0.237749
4.24 0.23297
4.25 0.227762
4.26 0.222074
4.27 0.215858
4.28 0.209114
4.29 0.201815
4.3 0.193942
4.31 0.185481
4.32 0.176429
4.33 0.166791
4.34 0.156556
4.35 0.145753
4.36 0.13445
4.37 0.122694
4.38 0.110543
4.39 0.0980586
4.4 0.0853111
4.41 0.0723741
4.42 0.0593224
4.43 0.0462467
4.44 0.0332294
4.45 0.0203471
4.46 0.00767394
4.47 -0.00471928
4.48 -0.0167658
4.49 -0.0284034
4.5 -0.039536
4.51 -0.0501259
4.52 -0.060138
4.53 -0.0695275
4.54 -0.0782524
4.55 -0.086273
4.56 -0.093551
4.57 -0.10005
4.58 -0.105659
4.59 -0.110396
4.6 -0.114236
4.61 -0.117143
4.62 -0.119081
4.63 -0.120014
4.64 -0.119909
4.65 -0.118734
4.66 -0.116356
4.67 -0.112854
4.68 -0.108221
4.69 -0.102453
4.7 -0.0955592
4.71 -0.0875581
4.72 -0.0784827
4.73 -0.0683728
4.74 -0.0572161
4.75 -0.0451894
4.76 -0.0323898
4.77 -0.0189296
4.78 -0.00493518
4.79 0.00945404
4.8 0.0240873
4.81 0.0388026
4.82 0.0534081
4.83 0.0677268
4.84 0.081586
4.85 0.0948146
4.86 0.107247
4.87 0.118726
4.88 0.129103
4.89 0.138203
4.9 0.145843
4.91 0.152016
4.92 0.156644
4.93 0.159673
4.94 0.161067
4.95 0.160813
4.96 0.158918
4.97 0.155341
4.98 0.150115
4.99 0.143399
5 0.135274
5.01 0.125836
5.02 0.115188
5.03 0.103443
5.04 0.0907183
5.05 0.077095
5.06 0.0627193
5.07 0.0477502
5.08 0.0323051
5.09 0.016497
5.1 0.000433603
5.11 -0.0157838
5.12 -0.0320603
5.13 -0.0483001
5.14 -0.0644135
5.15 -0.0803276
5.16 -0.0959733
5.17 -0.111286
5.18 -0.126204
5.19 -0.14067
5.2 -0.154628
5.21 -0.167972
5.22 -0.180677
5.23 -0.192701
5.24 -0.203991
5.25 -0.214495
5.26 -0.224161
5.27 -0.23294
5.28 -0.240785
5.29 -0.247561
5.3 -0.253306
5.31 -0.258002
5.32 -0.261626
5.33 -0.264167
5.34 -0.265624
5.35 -0.266007
5.36 -0.265336
5.37 -0.263556
5.38 -0.260821
5.39 -0.257199
5.4 -0.252767
5.41 -0.247615
5.42 -0.241844
5.43 -0.235562
5.44 -0.228881
5.45 -0.221914
5.46 -0.214814
5.47 -0.207703
5.48 -0.200696
5.49 -0.193904
5.5 -0.187426
5.51 -0.181353
5.52 -0.175776
5.53 -0.170789
5.54 -0.166397
5.55 -0.162625
5.56 -0.159481
5.57 -0.156955
5.58 -0.155023
5.59 -0.153646
5.6 -0.152785
5.61 -0.152377
5.62 -0.152315
5.63 -0.152516
5.64 -0.152893
5.65 -0.15336
5.66 -0.153831
5.67 -0.154223
5.68 -0.15445
5.69 -0.154436
5.7 -0.154136
5.71 -0.153505
5.72 -0.152513
5.73 -0.151142
5.74 -0.149385
5.75 -0.147249
5.76 -0.144729
5.77 -0.141867
5.78 -0.138713
5.79 -0.135309
5.8 -0.131703
5.81 -0.127943
5.82 -0.124078
5.83 -0.120154
5.84 -0.116214
5.85 -0.112298
5.86 -0.108435
5.87 -0.104644
5.88 -0.100933
5.89 -0.0973029
5.9 -0.0937454
5.91 -0.090242
5.92 -0.086766
5.93 -0.0832774
5.94 -0.0797349
5.95 -0.0760932
5.96 -0.0723042
5.97 -0.0683189
5.98 -0.0640881
5.99 -0.0595647
6 -0.0546677
6.01 -0.0493863
6.02 -0.0436882
6.03 -0.0375456
6.04 -0.0309368
6.05 -0.0238463
6.06 -0.0162643
6.07 -0.0081823
6.08 0.000441167
6.09 0.00955515
6.1 0.0191523
6.11 0.0292239
6.12 0.0397603
6.13 0.0507524
6.14 0.0621919
6.15 0.0740808
6.16 0.0864402
6.17 0.0992317
6.18 0.112453
6.19 0.126104
6.2 0.140183
6.21 0.154686
6.22 0.169607
6.23 0.184946
6.24 0.200696
6.25 0.2168
6.26 0.233218
6.27 0.249896
6.28 0.266766
6.29 0.283747
6.3 0.300739
6.31 0.317616
6.32 0.334224
6.33 0.35042
6.34 0.366037
6.35 0.380898
6.36 0.394817
6.37 0.407599
6.38 0.419047
6.39 0.428868
6.4 0.436859
6.41 0.442912
6.42 0.446858
6.43 0.448548
6.44 0.447855
6.45 0.444678
6.46 0.438944
6.47 0.430438
6.48 0.419246
6.49 0.405495
6.5 0.389257
6.51 0.370644
6.52 0.3498
6.53 0.326903
6.54 0.302161
6.55 0.275702
6.56 0.247908
6.57 0.219095
6.58 0.189554
6.59 0.159586
6.6 0.129495
6.61 0.0995781
6.62 0.0701276
6.63 0.0415133
6.64 0.0139544
6.65 -0.012324
6.66 -0.0371153
6.67 -0.0602414
6.68 -0.0815542
6.69 -0.100937
6.7 -0.1183
6.71 -0.133387
6.72 -0.146382
6.73 -0.157299
6.74 -0.166173
6.75 -0.173065
6.76 -0.178056
6.77 -0.181241
6.78 -0.182708
6.79 -0.182475
6.8 -0.180813
6.81 -0.177852
6.82 -0.173717
6.83 -0.168534
6.84 -0.162422
6.85 -0.155494
6.86 -0.147838
6.87 -0.139532
6.88 -0.130715
6.89 -0.121465
6.9 -0.111854
6.91 -0.101947
6.92 -0.0918052
6.93 -0.0814851
6.94 -0.0710395
6.95 -0.0605285
6.96 -0.0500151
6.97 -0.0395572
6.98 -0.0292155
6.99 -0.0190546
7 -0.00914221
7.01 0.000450042
7.02 0.00962397
7.03 0.0182922
7.04 0.0263979
7.05 0.033865
7.06 0.04062
7.07 0.046594
7.08 0.0517246
7.09 0.055958
7.1 0.05919
7.11 0.0614088
7.12 0.0626365
7.13 0.062873
7.14 0.0621337
7.15 0.0604496
7.16 0.0578671
7.17 0.0544477
7.18 0.050217
7.19 0.0453105
7.2 0.0398495
7.21 0.0339434
7.22 0.0277071
7.23 0.0212588
7.24 0.0147175
7.25 0.0082
7.26 0.00183977
7.27 -0.0042585
7.28 -0.0100033
7.29 -0.0153121
7.3 -0.0201153
7.31 -0.0243571
7.32 -0.0279961
7.33 -0.0310056
7.34 -0.0333104
7.35 -0.0349752
7.36 -0.0360194
7.37 -0.036471
7.38 -0.0363677
7.39 -0.0357548
7.4 -0.0346832
7.41 -0.0332045
7.42 -0.0313522
7.43 -0.0292189
7.44 -0.026859
7.45 -0.0243232
7.46 -0.0216578
7.47 -0.0189041
7.48 -0.0160978
7.49 -0.0132691
7.5 -0.010445
7.51 -0.00764557
7.52 -0.00488583
7.53 -0.00217796
7.54 0.000467408
7.55 0.00303992
7.56 0.0055283
7.57 0.00791535
7.58 0.0101778
7.59 0.0123007
7.6 0.0142575
7.61 0.0160168
7.62 0.017542
7.63 0.0187927
7.64 0.0197244
7.65 0.020272
7.66 0.0203768
7.67 0.0200135
7.68 0.0191395
7.69 0.0177171
7.7 0.0157168
7.71 0.0131183
7.72 0.00991327
7.73 0.00607394
7.74 0.00163245
7.75 -0.003344
7.76 -0.00879811
7.77 -0.0146556
7.78 -0.0208256
7.79 -0.0272016
7.8 -0.0336632
7.81 -0.0400645
7.82 -0.0462474
7.83 -0.0520643
7.84 -0.0573634
7.85 -0.0619943
7.86 -0.065812
7.87 -0.0686803
7.88 -0.0704763
7.89 -0.0709916
7.9 -0.070205
7.91 -0.0680839
7.92 -0.0645976
7.93 -0.059743
7.94 -0.0535462
7.95 -0.0460629
7.96 -0.0373781
7.97 -0.0275178
7.98 -0.0167302
7.99 -0.00519479
8 0.00689805
8.01 0.0193412
8.02 0.0319152
8.03 0.0443921
8.04 0.0565393
8.05 0.068051
8.06 0.0787428
8.07 0.0884065
8.08 0.0968506
8.09 0.103905
8.1 0.109423
8.11 0.113286
8.12 0.11538
8.13 0.115516
8.14 0.11383
8.15 0.110339
8.16 0.105093
8.17 0.0981741
8.18 0.0896915
8.19 0.0797828
8.2 0.0685806
8.21 0.0562393
8.22 0.0430532
8.23 0.0292362
8.24 0.0150098
8.25 0.00059911
8.26 -0.0137714
8.27 -0.0278818
8.28 -0.0414937
8.29 -0.0543672
8.3 -0.0663523
8.31 -0.0772853
8.32 -0.0870226
8.33 -0.0954421
8.34 -0.102444
8.35 -0.107953
8.36 -0.111837
8.37 -0.114066
8.38 -0.11472
8.39 -0.11382
8.4 -0.111409
8.41 -0.10755
8.42 -0.102324
8.43 -0.0958271
8.44 -0.0881059
8.45 -0.0793296
8.46 -0.0696793
8.47 -0.0593007
8.48 -0.0483457
8.49 -0.0369715
8.5 -0.0253381
8.51 -0.0136073
8.52 -0.00195749
8.53 0.00943732
8.54 0.0204237
8.55 0.0308511
8.56 0.0405752
8.57 0.0494596
8.58 0.0573767
8.59 0.0642093
8.6 0.0697406
8.61 0.0739563
8.62 0.0767984
8.63 0.0782062
8.64 0.0781348
8.65 0.0765558
8.66 0.0734579
8.67 0.0688473
8.68 0.0626048
8.69 0.0549213
8.7 0.0458634
8.71 0.0355101
8.72 0.0239562
8.73 0.0113108
8.74 -0.00230383
8.75 -0.0167605
8.76 -0.031957
8.77 -0.0476665
8.78 -0.0637321
8.79 -0.0799943
8.8 -0.0962939
8.81 -0.112474
8.82 -0.128382
8.83 -0.14386
8.84 -0.158725
8.85 -0.17289
8.86 -0.186246
8.87 -0.198697
8.88 -0.210164
8.89 -0.220584
8.9 -0.22991
8.91 -0.238074
8.92 -0.245021
8.93 -0.250836
8.94 -0.255537
8.95 -0.259159
8.96 -0.261745
8.97 -0.263352
8.98 -0.264042
8.99 -0.263851
9 -0.262855
9.01 -0.261179
9.02 -0.2589
9.03 -0.256095
9.04 -0.252837
9.05 -0.249195
9.06 -0.245231
9.07 -0.240991
9.08 -0.236531
9.09 -0.231901
9.1 -0.227132
9.11 -0.222246
9.12 -0.217255
9.13 -0.212166
9.14 -0.206975
9.15 -0.201665
9.16 -0.196221
9.17 -0.190624
9.18 -0.184847
9.19 -0.178859
9.2 -0.172627
9.21 -0.166115
9.22 -0.159288
9.23 -0.152078
9.24 -0.144465
9.25 -0.136424
9.26 -0.127923
9.27 -0.118932
9.28 -0.109427
9.29 -0.0993861
9.3 -0.088793
9.31 -0.0775838
9.32 -0.0658014
9.33 -0.0534531
9.34 -0.0405486
9.35 -0.0271049
9.36 -0.0131468
9.37 0.00129287
9.38 0.0161743
9.39 0.0314786
9.4 0.0471031
9.41 0.0629794
9.42 0.0790308
9.43 0.0951731
9.44 0.111315
9.45 0.127361
9.46 0.143202
9.47 0.158701
9.48 0.173767
9.49 0.188294
9.5 0.202173
9.51 0.215304
9.52 0.227587
9.53 0.238935
9.54 0.249235
9.55 0.258364
9.56 0.266344
9.57 0.273137
9.58 0.278722
9.59 0.283096
9.6 0.28627
9.61 0.288276
9.62 0.28912
9.63 0.288853
9.64 0.287628
9.65 0.285542
9.66 0.282703
9.67 0.279228
9.68 0.275242
9.69 0.270872
9.7 0.266239
9.71 0.261485
9.72 0.256739
9.73 0.252109
9.74 0.24769
9.75 0.243561
9.76 0.239786
9.77 0.23641
9.78 0.233483
9.79 0.230995
9.8 0.228909
9.81 0.227181
9.82 0.225751
9.83 0.224539
9.84 0.223452
9.85 0.222385
9.86 0.221206
9.87 0.219785
9.88 0.218004
9.89 0.215741
9.9 0.212885
9.91 0.209331
9.92 0.204989
9.93 0.199786
9.94 0.193584
9.95 0.186416
9.96 0.17829
9.97 0.169224
9.98 0.15926
9.99 0.148463
10 0.13692
10.01 0.124739
10.02 0.112007
10.03 0.098928
10.04 0.0856581
10.05 0.0723582
10.06 0.0591929
10.07 0.0463262
10.08 0.0339175
10.09 0.0221258
10.1 0.0111651
10.11 0.00109794
10.12 -0.00797361
10.13 -0.0159678
10.14 -0.0228247
10.15 -0.0285073
10.16 -0.0330018
10.17 -0.0362921
10.18 -0.0383486
10.19 -0.0393211
10.2 -0.0392833
10.21 -0.0383243
10.22 -0.0365455
10.23 -0.0340575
10.24 -0.0309772
10.25 -0.0274123
10.26 -0.0234841
10.27 -0.0193371
10.28 -0.0150776
10.29 -0.0108022
10.3 -0.00659571
10.31 -0.00252924
10.32 0.00134069
10.33 0.00496089
10.34 0.00830184
10.35 0.0113704
10.36 0.0141741
10.37 0.0167332
10.38 0.0190795
10.39 0.0212537
10.4 0.0233039
10.41 0.0252825
10.42 0.0272533
10.43 0.0292746
10.44 0.0313995
10.45 0.0336765
10.46 0.0361477
10.47 0.0388476
10.48 0.0418018
10.49 0.0450449
10.5 0.0485712
10.51 0.0523642
10.52 0.0564058
10.53 0.0606682
10.54 0.0651146
10.55 0.0697001
10.56 0.0743733
10.57 0.0790743
10.58 0.0837329
10.59 0.0882837
10.6 0.0926608
10.61 0.0967979
10.62 0.10063
10.63 0.104094
10.64 0.107128
10.65 0.109626
10.66 0.11157
10.67 0.112915
10.68 0.113616
10.69 0.113633
10.7 0.112926
10.71 0.111462
10.72 0.109205
10.73 0.10605
10.74 0.102048
10.75 0.0971768
10.76 0.0914171
10.77 0.0847521
10.78 0.0771682
10.79 0.0686554
10.8 0.0591932
10.81 0.0487163
10.82 0.0373109
10.83 0.0249901
10.84 0.0117749
10.85 -0.00230557
10.86 -0.0172126
10.87 -0.0328978
10.88 -0.0493202
10.89 -0.0664299
10.9 -0.0840917
10.91 -0.102212
10.92 -0.120687
10.93 -0.139405
10.94 -0.158244
10.95 -0.177078
10.96 -0.195762
10.97 -0.214139
10.98 -0.232082
10.99 -0.249456
11 -0.266132
11.01 -0.281986
11.02 -0.296902
11.03 -0.310776
11.04 -0.323451
11.05 -0.334844
11.06 -0.344951
11.07 -0.35373
11.08 -0.361154
11.09 -0.367214
11.1 -0.371917
11.11 -0.375287
11.12 -0.377282
11.13 -0.377995
11.14 -0.377541
11.15 -0.375993
11.16 -0.373433
11.17 -0.369948
11.18 -0.365625
11.19 -0.360553
11.2 -0.354774
11.21 -0.348412
11.22 -0.341557
11.23 -0.334277
11.24 -0.326628
11.25 -0.31866
11.26 -0.31041
11.27 -0.301906
11.28 -0.293147
11.29 -0.28416
11.3 -0.274947
11.31 -0.265502
11.32 -0.255812
11.33 -0.245862
11.34 -0.235636
11.35 -0.225114
11.36 -0.21425
11.37 -0.203059
11.38 -0.191535
11.39 -0.179673
11.4 -0.167479
11.41 -0.154961
11.42 -0.142136
11.43 -0.129026
11.44 -0.115644
11.45 -0.102051
11.46 -0.0882896
11.47 -0.0744042
11.48 -0.0604422
11.49 -0.0464521
11.5 -0.0324825
11.51 -0.0185832
11.52 -0.00481022
11.53 0.0088017
11.54 0.0222162
11.55 0.0354018
11.56 0.0483317
11.57 0.0609846
11.58 0.0733438
11.59 0.0853862
11.6 0.0970922
11.61 0.108478
11.62 0.119539
11.63 0.130273
11.64 0.140676
11.65 0.150745
11.66 0.16047
11.67 0.169825
11.68 0.178788
11.69 0.187359
11.7 0.195511
11.71 0.203215
11.72 0.210436
11.73 0.217137
11.74 0.223276
11.75 0.228774
11.76 0.233592
11.77 0.237714
11.78 0.241104
11.79 0.243729
11.8 0.24556
11.81 0.246578
11.82 0.246773
11.83 0.246084
11.84 0.244556
11.85 0.242233
11.86 0.239149
11.87 0.235344
11.88 0.230868
11.89 0.225777
11.9 0.220135
11.91 0.213976
11.92 0.207407
11.93 0.200507
11.94 0.193341
11.95 0.185972
11.96 0.178454
11.97 0.170832
11.98 0.163143
11.99 0.155406
12 0.147636
12.01 0.139827
12.02 0.13196
12.03 0.124007
12.04 0.115926
12.05 0.107666
12.06 0.0991688
12.07 0.0903373
12.08 0.0811304
12.09 0.071485
12.1 0.0613423
12.11 0.0506512
12.12 0.0393711
12.13 0.0274743
12.14 0.0149384
12.15 0.00172864
12.16 -0.0120725
12.17 -0.0264162
12.18 -0.0412337
12.19 -0.0564363
12.2 -0.0719171
12.21 -0.0875524
12.22 -0.1032
12.23 -0.118684
12.24 -0.133845
12.25 -0.148518
12.26 -0.16254
12.27 -0.175748
12.28 -0.18799
12.29 -0.199123
12.3 -0.208965
12.31 -0.217368
12.32 -0.224322
12.33 -0.229766
12.34 -0.233664
12.35 -0.236001
12.36 -0.23679
12.37 -0.236064
12.38 -0.233809
12.39 -0.23012
12.4 -0.225164
12.41 -0.219053
12.42 -0.211907
12.43 -0.203853
12.44 -0.195018
12.45 -0.18553
12.46 -0.175485
12.47 -0.16502
12.48 -0.154255
12.49 -0.143272
12.5 -0.132141
12.51 -0.120911
12.52 -0.109618
12.53 -0.0982793
12.54 -0.0868914
12.55 -0.0754415
12.56 -0.0639047
12.57 -0.0522467
12.58 -0.0404287
12.59 -0.0284107
12.6 -0.0161547
12.61 -0.00362861
12.62 0.00921723
12.63 0.02237
12.64 0.0358176
12.65 0.0495339
12.66 0.0634744
12.67 0.0775748
12.68 0.0917517
12.69 0.105903
12.7 0.119882
12.71 0.133556
12.72 0.146778
12.73 0.159394
12.74 0.171245
12.75 0.182175
12.76 0.192035
12.77 0.200668
12.78 0.207831
12.79 0.213534
12.8 0.217699
12.81 0.220273
12.82 0.221232
12.83 0.220582
12.84 0.21836
12.85 0.2146
12.86 0.209335
12.87 0.202811
12.88 0.195181
12.89 0.186619
12.9 0.177313
12.91 0.167464
12.92 0.157276
12.93 0.14696
12.94 0.136743
12.95 0.12682
12.96 0.117365
12.97 0.108529
12.98 0.10044
12.99 0.0931997
13 0.08688
13.01 0.0815672
13.02 0.0772765
13.03 0.0739269
13.04 0.0714615
13.05 0.0697967
13.06 0.0688258
13.07 0.0684222
13.08 0.0684439
13.09 0.0687446
13.1 0.0691408
13.11 0.0694629
13.12 0.0695578
13.13 0.0692823
13.14 0.0685077
13.15 0.0671233
13.16 0.0650396
13.17 0.0621342
13.18 0.0583966
13.19 0.0538435
13.2 0.0484941
13.21 0.042393
13.22 0.0356089
13.23 0.0282319
13.24 0.0203712
13.25 0.0121334
13.26 0.00369308
13.27 -0.00479743
13.28 -0.0131895
13.29 -0.0213356
13.3 -0.0290927
13.31 -0.0363264
13.32 -0.0429129
13.33 -0.0486623
13.34 -0.0535417
13.35 -0.0574842
13.36 -0.0604361
13.37 -0.062362
13.38 -0.0632441
13.39 -0.0630818
13.4 -0.0618845
13.41 -0.0595935
13.42 -0.0563496
13.43 -0.0522031
13.44 -0.0472107
13.45 -0.0414326
13.46 -0.0349303
13.47 -0.027765
13.48 -0.0199861
13.49 -0.0116177
13.5 -0.00275928
13.51 0.00654492
13.52 0.0162556
13.53 0.0263382
13.54 0.0367615
13.55 0.0474971
13.56 0.0585246
13.57 0.0698231
13.58 0.0813405
13.59 0.0930399
13.6 0.104878
13.61 0.116803
13.62 0.128754
13.63 0.140659
13.64 0.152426
13.65 0.163944
13.66 0.175115
13.67 0.185823
13.68 0.195943
13.69 0.205344
13.7 0.213894
13.71 0.221458
13.72 0.227836
13.73 0.23289
13.74 0.236557
13.75 0.238734
13.76 0.239331
13.77 0.238278
13.78 0.235524
13.79 0.23104
13.8 0.224711
13.81 0.216612
13.82 0.206858
13.83 0.195525
13.84 0.182711
13.85 0.168536
13.86 0.15314
13.87 0.136678
13.88 0.119267
13.89 0.101151
13.9 0.08254
13.91 0.0636207
13.92 0.0445792
13.93 0.025595
13.94 0.00683875
13.95 -0.0115315
13.96 -0.0293141
13.97 -0.0464146
13.98 -0.0627372
13.99 -0.0781994
14 -0.0927392
14.01 -0.106314
14.02 -0.118902
14.03 -0.130498
14.04 -0.141017
14.05 -0.150587
14.06 -0.15925
14.07 -0.167054
14.08 -0.174054
14.09 -0.180308
14.1 -0.185874
14.11 -0.190804
14.12 -0.19511
14.13 -0.198896
14.14 -0.202202
14.15 -0.205058
14.16 -0.20749
14.17 -0.209512
14.18 -0.211133
14.19 -0.212346
14.2 -0.213121
14.21 -0.213482
14.22 -0.213416
14.23 -0.212914
14.24 -0.211964
14.25 -0.21056
14.26 -0.2087
14.27 -0.206374
14.28 -0.203583
14.29 -0.200379
14.3 -0.196795
14.31 -0.192871
14.32 -0.188656
14.33 -0.184209
14.34 -0.179593
14.35 -0.174877
14.36 -0.170144
14.37 -0.165475
14.38 -0.160944
14.39 -0.156624
14.4 -0.152582
14.41 -0.148878
14.42 -0.145564
14.43 -0.14271
14.44 -0.14034
14.45 -0.138451
14.46 -0.137045
14.47 -0.136112
14.48 -0.135626
14.49 -0.135552
14.5 -0.135845
14.51 -0.136463
14.52 -0.137322
14.53 -0.138341
14.54 -0.139445
14.55 -0.140557
14.56 -0.141599
14.57 -0.1425
14.58 -0.143189
14.59 -0.143575
14.6 -0.143618
14.61 -0.143276
14.62 -0.142516
14.63 -0.141313
14.64 -0.139651
14.65 -0.137527
14.66 -0.134944
14.67 -0.131877
14.68 -0.128388
14.69 -0.12451
14.7 -0.120274
14.71 -0.115718
14.72 -0.110882
14.73 -0.105803
14.74 -0.100522
14.75 -0.0950639
14.76 -0.0894832
14.77 -0.0838123
14.78 -0.0780807
14.79 -0.0723149
14.8 -0.0665386
14.81 -0.0607736
14.82 -0.0550408
14.83 -0.0493649
14.84 -0.0437624
14.85 -0.0382539
14.86 -0.032862
14.87 -0.0276121
14.88 -0.0225329
14.89 -0.0176569
14.9 -0.0130287
14.91 -0.00870568
14.92 -0.00471456
14.93 -0.00110213
14.94 0.00208343
14.95 0.00479383
14.96 0.00698231
14.97 0.00860526
14.98 0.00959782
14.99 0.00991386
15 0.00956989
15.01 0.00855728
15.02 0.00688031
15.03 0.00455754
15.04 0.00162289
15.05 -0.00187369
15.06 -0.0058878
15.07 -0.0103211
15.08 -0.0150488
15.09 -0.0199559
15.1 -0.0249152
15.11 -0.0297899
15.12 -0.0344362
15.13 -0.038706
15.14 -0.0424064
15.15 -0.0453899
15.16 -0.0475384
15.17 -0.0487248
15.18 -0.048836
15.19 -0.0477763
15.2 -0.0454696
15.21 -0.0418621
15.22 -0.0368212
15.23 -0.0304173
15.24 -0.0227107
15.25 -0.0137559
15.26 -0.00363239
15.27 0.00755643
15.28 0.0196855
15.29 0.0326107
15.3 0.0462125
15.31 0.0602512
15.32 0.0745359
15.33 0.0888795
15.34 0.103095
15.35 0.117001
15.36 0.130422
15.37 0.143196
15.38 0.15508
15.39 0.166018
15.4 0.175905
15.41 0.184655
15.42 0.192209
15.43 0.198527
15.44 0.203593
15.45 0.207398
15.46 0.209876
15.47 0.211184
15.48 0.211383
15.49 0.210545
15.5 0.20875
15.51 0.206085
15.52 0.202639
15.53 0.198485
15.54 0.193684
15.55 0.188367
15.56 0.182604
15.57 0.176453
15.58 0.169966
15.59 0.16318
15.6 0.156125
15.61 0.14881
15.62 0.141238
15.63 0.133427
15.64 0.125373
15.65 0.11707
15.66 0.108513
15.67 0.0996984
15.68 0.0906274
15.69 0.0812984
15.7 0.071732
15.71 0.0619737
15.72 0.0520686
15.73 0.042075
15.74 0.0320651
15.75 0.0221246
15.76 0.0123514
15.77 0.00287897
15.78 -0.00616272
15.79 -0.0146586
15.8 -0.022478
15.81 -0.0294895
15.82 -0.0355647
15.83 -0.0405809
15.84 -0.0444249
15.85 -0.0468986
15.86 -0.0479631
15.87 -0.0475945
15.88 -0.0457515
15.89 -0.0424157
15.9 -0.0375921
15.91 -0.03131
15.92 -0.0236229
15.93 -0.0145053
15.94 -0.00415698
15.95 0.00727438
15.96 0.0196472
15.97 0.0328054
15.98 0.0465813
15.99 0.0607994
16 0.0752795
16.01 0.0898309
16.02 0.104253
16.03 0.118373
16.04 0.132032
16.05 0.145079
16.06 0.157379
16.07 0.168814
16.08 0.179276
16.09 0.188581
16.1 0.196761
16.11 0.203774
16.12 0.209593
16.13 0.214208
16.14 0.217621
16.15 0.219848
16.16 0.220893
16.17 0.220721
16.18 0.219468
16.19 0.217176
16.2 0.213889
16.21 0.20965
16.22 0.204503
16.23 0.198485
16.24 0.191607
16.25 0.183873
16.26 0.175367
16.27 0.166116
16.28 0.156142
16.29 0.145465
16.3 0.13411
16.31 0.1221
16.32 0.109439
16.33 0.0961552
16.34 0.082329
16.35 0.0680112
16.36 0.0532626
16.37 0.0381544
16.38 0.0227685
16.39 0.00719741
16.4 -0.00845404
16.41 -0.0240569
16.42 -0.0394858
16.43 -0.054613
16.44 -0.0693069
16.45 -0.0834347
16.46 -0.0968648
16.47 -0.10947
16.48 -0.121061
16.49 -0.131543
16.5 -0.140857
16.51 -0.148924
16.52 -0.155683
16.53 -0.161093
16.54 -0.165133
16.55 -0.167804
16.56 -0.169027
16.57 -0.168928
16.58 -0.167608
16.59 -0.165156
16.6 -0.161675
16.61 -0.157286
16.62 -0.152118
16.63 -0.146312
16.64 -0.139978
16.65 -0.133316
16.66 -0.126471
16.67 -0.11958
16.68 -0.112769
16.69 -0.106151
16.7 -0.0998252
16.71 -0.0938742
16.72 -0.0884102
16.73 -0.0834332
16.74 -0.0789628
16.75 -0.0749992
16.76 -0.0715239
16.77 -0.0685012
16.78 -0.0658801
16.79 -0.0635997
16.8 -0.0615967
16.81 -0.059759
16.82 -0.0579997
16.83 -0.056232
16.84 -0.0543716
16.85 -0.0523403
16.86 -0.0500683
16.87 -0.0474885
16.88 -0.0445336
16.89 -0.0412008
16.9 -0.0374797
16.91 -0.0333769
16.92 -0.0289157
16.93 -0.024136
16.94 -0.019093
16.95 -0.0138521
16.96 -0.00850287
16.97 -0.00315077
16.98 0.0021041
16.99 0.00715754
17 0.0119041
17.01 0.0162401
17.02 0.0200657
17.03 0.0232554
17.04 0.0257125
17.05 0.0274013
17.06 0.0282667
17.07 0.0282689
17.08 0.0273836
17.09 0.025603
17.1 0.0229356
17.11 0.0193566
17.12 0.014929
17.13 0.00974528
17.14 0.00387471
17.15 -0.00260294
17.16 -0.00959932
17.17 -0.0170195
17.18 -0.024764
17.19 -0.0327395
17.2 -0.0408228
17.21 -0.0489076
17.22 -0.0568978
17.23 -0.0647019
17.24 -0.0722352
17.25 -0.07942
17.26 -0.0861867
17.27 -0.0924294
17.28 -0.0981236
17.29 -0.103236
17.3 -0.107732
17.31 -0.111586
17.32 -0.114779
17.33 -0.117297
17.34 -0.119134
17.35 -0.12022
17.36 -0.12062
17.37 -0.120343
17.38 -0.119396
17.39 -0.117789
17.4 -0.115533
17.41 -0.112641
17.42 -0.109125
17.43 -0.104947
17.44 -0.100186
17.45 -0.0948621
17.46 -0.0889979
17.47 -0.0826199
17.48 -0.0757576
17.49 -0.0684447
17.5 -0.0607122
17.51 -0.0525839
17.52 -0.0441418
17.53 -0.0354387
17.54 -0.0265321
17.55 -0.0174838
17.56 -0.00835913
17.57 0.000773243
17.58 0.00983819
17.59 0.0187491
17.6 0.0274385
17.61 0.0358348
17.62 0.0438685
17.63 0.0514734
17.64 0.0585874
17.65 0.0651539
17.66 0.0710952
17.67 0.0763526
17.68 0.0809278
17.69 0.084795
17.7 0.0879363
17.71 0.0903423
17.72 0.0920113
17.73 0.0929491
17.74 0.0931302
17.75 0.0925818
17.76 0.0913624
17.77 0.0895006
17.78 0.087028
17.79 0.0839778
17.8 0.0803842
17.81 0.076281
17.82 0.0716719
17.83 0.0666069
17.84 0.0611311
17.85 0.0552712
17.86 0.0490512
17.87 0.0424929
17.88 0.0356165
17.89 0.0284407
17.9 0.0209633
17.91 0.0132207
17.92 0.00523972
17.93 -0.0029566
17.94 -0.0113416
17.95 -0.019884
17.96 -0.0285473
17.97 -0.0372886
17.98 -0.0460563
17.99 -0.0547854
18 -0.0634106
18.01 -0.0718608
18.02 -0.0800585
18.03 -0.0879216
18.04 -0.095364
18.05 -0.102297
18.06 -0.108563
18.07 -0.114127
18.08 -0.118907
18.09 -0.122825
18.1 -0.125813
18.11 -0.127811
18.12 -0.128773
18.13 -0.128652
18.14 -0.127349
18.15 -0.124962
18.16 -0.121515
18.17 -0.117046
18.18 -0.111614
18.19 -0.105294
18.2 -0.0981786
18.21 -0.0903628
18.22 -0.0819544
18.23 -0.0731404
18.24 -0.0640652
18.25 -0.0548786
18.26 -0.0457335
18.27 -0.0367824
18.28 -0.0281746
18.29 -0.0200762
18.3 -0.0126537
18.31 -0.00599313
18.32 -0.000198103
18.33 0.0046444
18.34 0.00846583
18.35 0.0112172
18.36 0.0128695
18.37 0.0133613
18.38 0.0127041
18.39 0.0109921
18.4 0.00827895
18.41 0.00463453
18.42 0.000143002
18.43 -0.00509945
18.44 -0.010987
18.45 -0.0174316
18.46 -0.0242899
18.47 -0.0314217
18.48 -0.0387086
18.49 -0.046036
18.5 -0.0532943
18.51 -0.0603814
18.52 -0.0672033
18.53 -0.0736448
18.54 -0.0796402
18.55 -0.0851386
18.56 -0.0900891
18.57 -0.0944504
18.58 -0.0981903
18.59 -0.101284
18.6 -0.103715
18.61 -0.105413
18.62 -0.106414
18.63 -0.106726
18.64 -0.106344
18.65 -0.105265
18.66 -0.103481
18.67 -0.100987
18.68 -0.0977727
18.69 -0.0937538
18.7 -0.0889818
18.71 -0.0834435
18.72 -0.0771215
18.73 -0.0699987
18.74 -0.0620595
18.75 -0.0532911
18.76 -0.0436794
18.77 -0.0331499
18.78 -0.0217896
18.79 -0.00961602
18.8 0.00334205
18.81 0.0170439
18.82 0.0314357
18.83 0.0464505
18.84 0.0620161
18.85 0.0780546
18.86 0.0944131
18.87 0.110971
18.88 0.127598
18.89 0.144156
18.9 0.160501
18.91 0.176486
18.92 0.191945
18.93 0.206688
18.94 0.220614
18.95 0.233594
18.96 0.245507
18.97 0.256249
18.98 0.265729
18.99 0.273873
19 0.280563
19.01 0.285741
19.02 0.289474
19.03 0.291772
19.04 0.292658
19.05 0.292177
19.06 0.290388
19.07 0.287363
19.08 0.283129
19.09 0.277804
19.1 0.271542
19.11 0.264447
19.12 0.256626
19.13 0.24818
19.14 0.239209
19.15 0.229806
19.16 0.220034
19.17 0.209988
19.18 0.19974
19.19 0.189339
19.2 0.178824
19.21 0.168221
19.22 0.157548
19.23 0.146816
19.24 0.13602
19.25 0.125161
19.26 0.114234
19.27 0.103232
19.28 0.0921507
19.29 0.0809909
19.3 0.0697582
19.31 0.0584665
19.32 0.0471387
19.33 0.0358165
19.34 0.0245474
19.35 0.0133902
19.36 0.0024142
19.37 -0.00830118
19.38 -0.0186679
19.39 -0.0285903
19.4 -0.0379044
19.41 -0.0465536
19.42 -0.0544361
19.43 -0.0614539
19.44 -0.0675152
19.45 -0.0725375
19.46 -0.07645
19.47 -0.0791803
19.48 -0.0805957
19.49 -0.080782
19.5 -0.0797415
19.51 -0.0774965
19.52 -0.0740895
19.53 -0.069583
19.54 -0.0640584
19.55 -0.0575942
19.56 -0.0502793
19.57 -0.0423124
19.58 -0.0338333
19.59 -0.0249884
19.6 -0.0159271
19.61 -0.00679926
19.62 0.00224895
19.63 0.0110643
19.64 0.0194919
19.65 0.0274324
19.66 0.0347859
19.67 0.0414694
19.68 0.0474179
19.69 0.0525853
19.7 0.0569444
19.71 0.0604471
19.72 0.0631045
19.73 0.064989
19.74 0.0661452
19.75 0.0666297
19.76 0.0665091
19.77 0.0658569
19.78 0.0647512
19.79 0.0632541
19.8 0.0614616
19.81 0.0594624
19.82 0.0573242
19.83 0.0551066
19.84 0.0528592
19.85 0.0506213
19.86 0.0484205
19.87 0.0462769
19.88 0.0441915
19.89 0.0421542
19.9 0.0401469
19.91 0.0381438
19.92 0.036113
19.93 0.0340182
19.94 0.0318209
19.95 0.0294676
19.96 0.026928
19.97 0.0241732
19.98 0.0211774
19.99 0.0179224
20 0.0143982
20.01 0.010604
20.02 0.00654827
20.03 0.00222778
20.04 -0.00230456
20.05 -0.00701144
20.06 -0.0118503
20.07 -0.0167737
20.08 -0.0217315
20.09 -0.0266724
20.1 -0.0315453
20.11 -0.0362887
20.12 -0.0408696
20.13 -0.0452551
20.14 -0.0494213
20.15 -0.0533549
20.16 -0.0570536
20.17 -0.060527
20.18 -0.0637932
20.19 -0.0668798
20.2 -0.0698498
20.21 -0.0727592
20.22 -0.0756715
20.23 -0.0786566
20.24 -0.0817876
20.25 -0.0851392
20.26 -0.0887964
20.27 -0.0928505
20.28 -0.0973418
20.29 -0.102322
20.3 -0.107833
20.31 -0.113901
20.32 -0.12054
20.33 -0.127747
20.34 -0.135524
20.35 -0.143838
20.36 -0.152599
20.37 -0.161738
20.38 -0.171169
20.39 -0.180795
20.4 -0.19051
20.41 -0.200197
20.42 -0.209721
20.43 -0.218945
20.44 -0.227755
20.45 -0.236031
20.46 -0.243662
20.47 -0.250545
20.48 -0.256587
20.49 -0.261708
20.5 -0.265773
20.51 -0.26876
20.52 -0.270673
20.53 -0.271496
20.54 -0.271231
20.55 -0.269894
20.56 -0.267514
20.57 -0.264133
20.58 -0.259734
20.59 -0.254441
20.6 -0.248345
20.61 -0.24152
20.62 -0.234044
20.63 -0.225994
20.64 -0.217446
20.65 -0.208474
20.66 -0.199119
20.67 -0.189481
20.68 -0.179618
20.69 -0.169582
20.7 -0.159416
20.71 -0.149158
20.72 -0.138842
20.73 -0.128493
20.74 -0.11814
20.75 -0.107804
20.76 -0.0975072
20.77 -0.0872691
20.78 -0.0771112
20.79 -0.0670575
20.8 -0.0571347
20.81 -0.0473759
20.82 -0.0378345
20.83 -0.0285355
20.84 -0.0195225
20.85 -0.0108424
20.86 -0.00254457
20.87 0.00532017
20.88 0.0127008
20.89 0.0195327
20.9 0.025735
20.91 0.0313077
20.92 0.0362165
20.93 0.0404351
20.94 0.043947
20.95 0.0467462
20.96 0.0488387
20.97 0.050218
20.98 0.0509041
20.99 0.0509874
21 0.0505276
21.01 0.0495955
21.02 0.0482724
21.03 0.0466484
21.04 0.0448207
21.05 0.0428921
21.06 0.0409823
21.07 0.0392011
21.08 0.0376516
21.09 0.0364316
21.1 0.0356323
21.11 0.0353353
21.12 0.0356114
21.13 0.0365603
21.14 0.0382158
21.15 0.0405779
21.16 0.043657
21.17 0.0474477
21.18 0.0519298
21.19 0.0570687
21.2 0.0628169
21.21 0.0691501
21.22 0.0759647
21.23 0.0831666
21.24 0.0906713
21.25 0.0983909
21.26 0.106237
21.27 0.11412
21.28 0.121957
21.29 0.12965
21.3 0.137127
21.31 0.144326
21.32 0.151193
21.33 0.157681
21.34 0.163754
21.35 0.169384
21.36 0.174556
21.37 0.179213
21.38 0.183399
21.39 0.187122
21.4 0.190393
21.41 0.193226
21.42 0.195637
21.43 0.197643
21.44 0.199257
21.45 0.200463
21.46 0.201305
21.47 0.201791
21.48 0.201922
21.49 0.201694
21.5 0.201101
21.51 0.200131
21.52 0.19876
21.53 0.196943
21.54 0.194692
21.55 0.191985
21.56 0.188805
21.57 0.185135
21.58 0.180961
21.59 0.176275
21.6 0.17106
21.61 0.165304
21.62 0.159059
21.63 0.15235
21.64 0.14521
21.65 0.137682
21.66 0.129819
21.67 0.121679
21.68 0.113324
21.69 0.104834
21.7 0.0963005
21.71 0.0878027
21.72 0.0794225
21.73 0.0712406
21.74 0.0633346
21.75 0.0557774
21.76 0.0486626
21.77 0.042051
21.78 0.0359702
21.79 0.0304565
21.8 0.0255346
21.81 0.0212172
21.82 0.0175046
21.83 0.0143851
21.84 0.0118713
21.85 0.00990321
21.86 0.00841488
21.87 0.00735072
21.88 0.0066481
21.89 0.00623895
21.9 0.00605145
21.91 0.00601183
21.92 0.00604611
21.93 0.00607048
21.94 0.00601538
21.95 0.0058178
21.96 0.00542108
21.97 0.00477601
21.98 0.00384167
21.99 0.00258606
22 0.00095366
22.01 -0.00104023
22.02 -0.00339415
22.03 -0.00610117
22.04 -0.00914621
22.05 -0.0125068
22.06 -0.0161539
22.07 -0.0200537
22.08 -0.0241834
22.09 -0.0284758
22.1 -0.0328863
22.11 -0.0373691
22.12 -0.0418787
22.13 -0.0463704
22.14 -0.0508014
22.15 -0.0551291
22.16 -0.0593021
22.17 -0.0632961
22.18 -0.0670813
22.19 -0.0706312
22.2 -0.0739234
22.21 -0.0769385
22.22 -0.0796609
22.23 -0.0820696
22.24 -0.084139
22.25 -0.0858855
22.26 -0.0873053
22.27 -0.0883965
22.28 -0.0891593
22.29 -0.089596
22.3 -0.0897105
22.31 -0.089497
22.32 -0.0889571
22.33 -0.0881212
22.34 -0.0870022
22.35 -0.0856155
22.36 -0.0839793
22.37 -0.0821144
22.38 -0.080045
22.39 -0.0777907
22.4 -0.0753865
22.41 -0.0728753
22.42 -0.0702942
22.43 -0.0676828
22.44 -0.0650831
22.45 -0.0625387
22.46 -0.0600943
22.47 -0.057807
22.48 -0.0557236
22.49 -0.0538813
22.5 -0.0523206
22.51 -0.051079
22.52 -0.0501894
22.53 -0.0496798
22.54 -0.0495721
22.55 -0.0499132
22.56 -0.050691
22.57 -0.0518921
22.58 -0.0535066
22.59 -0.0555157
22.6 -0.0578928
22.61 -0.0606029
22.62 -0.0636034
22.63 -0.0668604
22.64 -0.0702943
22.65 -0.0738388
22.66 -0.077427
22.67 -0.080989
22.68 -0.0844529
22.69 -0.0877465
22.7 -0.090798
22.71 -0.0935006
22.72 -0.0958121
22.73 -0.0976723
22.74 -0.0990256
22.75 -0.0998226
22.76 -0.100021
22.77 -0.0995866
22.78 -0.0984868
22.79 -0.0966455
22.8 -0.0941166
22.81 -0.0909009
22.82 -0.0870069
22.83 -0.0824512
22.84 -0.077257
22.85 -0.0714545
22.86 -0.0650685
22.87 -0.0581133
22.88 -0.0506807
22.89 -0.04282
22.9 -0.0345832
22.91 -0.0260238
22.92 -0.0171963
22.93 -0.00815541
22.94 0.0010477
22.95 0.0103569
22.96 0.0197102
22.97 0.0290578
22.98 0.0383521
22.99 0.0475482
23 0.0566036
23.01 0.0654788
23.02 0.0741258
23.03 0.0825035
23.04 0.0905944
23.05 0.0983711
23.06 0.105809
23.07 0.112886
23.08 0.119584
23.09 0.125885
23.1 0.131752
23.11 0.137177
23.12 0.142169
23.13 0.146722
23.14 0.150831
23.15 0.154493
23.16 0.157709
23.17 0.160479
23.18 0.162776
23.19 0.164622
23.2 0.166037
23.21 0.167028
23.22 0.167603
23.23 0.167771
23.24 0.167543
23.25 0.166928
23.26 0.165907
23.27 0.164515
23.28 0.162768
23.29 0.160678
23.3 0.158254
23.31 0.155506
23.32 0.152443
23.33 0.149075
23.34 0.145382
23.35 0.1414
23.36 0.13714
23.37 0.13261
23.38 0.127821
23.39 0.122782
23.4 0.117504
23.41 0.111999
23.42 0.106261
23.43 0.100327
23.44 0.0942138
23.45 0.0879387
23.46 0.0815209
23.47 0.0749812
23.48 0.0683411
23.49 0.0616223
23.5 0.0548466
23.51 0.0480436
23.52 0.0412361
23.53 0.0344459
23.54 0.0276937
23.55 0.0209981
23.56 0.0143755
23.57 0.00784178
23.58 0.00141258
23.59 -0.00491313
23.6 -0.0111337
23.61 -0.0172516
23.62 -0.0232735
23.63 -0.02921
23.64 -0.0350754
23.65 -0.0408866
23.66 -0.0466666
23.67 -0.0524423
23.68 -0.058239
23.69 -0.0640826
23.7 -0.0699985
23.71 -0.0760114
23.72 -0.0821436
23.73 -0.0884222
23.74 -0.0948641
23.75 -0.101471
23.76 -0.108247
23.77 -0.115189
23.78 -0.122288
23.79 -0.129526
23.8 -0.13688
23.81 -0.144321
23.82 -0.151804
23.83 -0.15928
23.84 -0.166696
23.85 -0.173998
23.86 -0.181124
23.87 -0.18801
23.88 -0.194594
23.89 -0.200776
23.9 -0.206504
23.91 -0.211726
23.92 -0.216385
23.93 -0.220428
23.94 -0.223809
23.95 -0.226487
23.96 -0.228431
23.97 -0.22955
23.98 -0.229883
23.99 -0.229437
24 -0.228217
24.01 -0.226236
24.02 -0.223516
24.03 -0.220086
24.04 -0.215983
24.05 -0.211191
24.06 -0.205824
24.07 -0.199936
24.08 -0.193582
24.09 -0.186819
24.1 -0.179705
24.11 -0.172298
24.12 -0.164653
24.13 -0.156812
24.14 -0.148848
24.15 -0.140808
24.16 -0.132733
24.17 -0.124663
24.18 -0.116629
24.19 -0.108662
24.2 -0.100788
24.21 -0.0930352
24.22 -0.0854106
24.23 -0.0779254
24.24 -0.0705875
24.25 -0.0634017
24.26 -0.0563707
24.27 -0.049495
24.28 -0.042779
24.29 -0.0362257
24.3 -0.0298218
24.31 -0.0235644
24.32 -0.0174503
24.33 -0.0114765
24.34 -0.0056405
24.35 6.01077e-05
24.36 0.00562119
24.37 0.0110427
24.38 0.016333
24.39 0.0214922
24.4 0.0265203
24.41 0.0314166
24.42 0.0361799
24.43 0.0408085
24.44 0.0452922
24.45 0.0496292
24.46 0.0538213
24.47 0.0578634
24.48 0.0617492
24.49 0.0654708
24.5 0.0690189
24.51 0.0723826
24.52 0.0755343
24.53 0.0784647
24.54 0.0811632
24.55 0.0836111
24.56 0.0857884
24.57 0.0876736
24.58 0.0892445
24.59 0.0904785
24.6 0.0913224
24.61 0.0917743
24.62 0.0918223
24.63 0.0914493
24.64 0.0906421
24.65 0.0893914
24.66 0.0876928
24.67 0.0855477
24.68 0.0829249
24.69 0.0798784
24.7 0.0764361
24.71 0.0726298
24.72 0.0684986
24.73 0.0640898
24.74 0.0594575
24.75 0.0546622
24.76 0.0497694
24.77 0.0448668
24.78 0.040031
24.79 0.0353408
24.8 0.0308761
24.81 0.0267161
24.82 0.0229377
24.83 0.0196225
24.84 0.0168825
24.85 0.0147373
24.86 0.0132383
24.87 0.0124274
24.88 0.0123361
24.89 0.012985
24.9 0.0143829
24.91 0.0165467
24.92 0.0194926
24.93 0.0231361
24.94 0.0274375
24.95 0.0323466
24.96 0.0378048
24.97 0.0437453
24.98 0.0500954
24.99 0.056787
25 0.0637342
25.01 0.0708344
25.02 0.0780051
25.03 0.0851656
25.04 0.0922385
25.05 0.0991507
25.06 0.105834
25.07 0.112211
25.08 0.118219
25.09 0.123829
25.1 0.129003
25.11 0.133711
25.12 0.13793
25.13 0.141644
25.14 0.144844
25.15 0.147491
25.16 0.1496
25.17 0.151196
25.18 0.152285
25.19 0.152879
25.2 0.152986
25.21 0.152618
25.22 0.151787
25.23 0.150469
25.24 0.1487
25.25 0.146499
25.26 0.143877
25.27 0.140843
25.28 0.137406
25.29 0.133578
25.3 0.129371
25.31 0.12477
25.32 0.119822
25.33 0.114556
25.34 0.109
25.35 0.103185
25.36 0.0971518
25.37 0.0909429
25.38 0.0846078
25.39 0.0782002
25.4 0.0717919
25.41 0.0654472
25.42 0.0592329
25.43 0.0532171
25.44 0.047468
25.45 0.0420524
25.46 0.0370383
25.47 0.0325273
25.48 0.0285325
25.49 0.0250957
25.5 0.0222485
25.51 0.0200112
25.52 0.0183919
25.53 0.0173853
25.54 0.0169845
25.55 0.0171837
25.56 0.0178862
25.57 0.0190294
25.58 0.0205387
25.59 0.0223291
25.6 0.0243072
25.61 0.0263724
25.62 0.0284155
25.63 0.0303119
25.64 0.0319579
25.65 0.0332515
25.66 0.0340969
25.67 0.0344074
25.68 0.0341074
25.69 0.0331346
25.7 0.0314077
25.71 0.0288868
25.72 0.0256042
25.73 0.02157
25.74 0.0168129
25.75 0.0113798
25.76 0.00533485
25.77 -0.00124168
25.78 -0.00827377
25.79 -0.0156329
25.8 -0.0231814
25.81 -0.0307932
25.82 -0.0383387
25.83 -0.0456869
25.84 -0.0527093
25.85 -0.0592818
25.86 -0.0652411
25.87 -0.070492
25.88 -0.0749627
25.89 -0.078578
25.9 -0.0812794
25.91 -0.0830256
25.92 -0.0837937
25.93 -0.0835794
25.94 -0.0823204
25.95 -0.0801138
25.96 -0.0770307
25.97 -0.0731379
25.98 -0.0685148
25.99 -0.0632518
26 -0.0574476
26.01 -0.0512071
26.02 -0.0446186
26.03 -0.0378293
26.04 -0.030949
26.05 -0.0240811
26.06 -0.0173222
26.07 -0.0107613
26.08 -0.00447745
26.09 0.00145933
26.1 0.00695015
26.11 0.0119883
26.12 0.0165447
26.13 0.0206022
26.14 0.0241551
26.15 0.0272082
26.16 0.0297757
26.17 0.0318732
26.18 0.0335031
26.19 0.0347394
26.2 0.0356198
26.21 0.0361831
26.22 0.0364675
26.23 0.0365095
26.24 0.0363423
26.25 0.0359902
26.26 0.0354715
26.27 0.0348148
26.28 0.0340291
26.29 0.0331167
26.3 0.0320733
26.31 0.0308883
26.32 0.0295454
26.33 0.0280153
26.34 0.0262649
26.35 0.024277
26.36 0.0220218
26.37 0.0194696
26.38 0.0165919
26.39 0.0133624
26.4 0.00975878
26.41 0.00574197
26.42 0.00129962
26.43 -0.00355319
26.44 -0.00881397
26.45 -0.0144729
26.46 -0.0205129
26.47 -0.0269096
26.48 -0.0336315
26.49 -0.0406563
26.5 -0.0479267
26.51 -0.0553823
26.52 -0.0629699
26.53 -0.0706334
26.54 -0.0783154
26.55 -0.0859579
26.56 -0.093504
26.57 -0.100883
26.58 -0.108047
26.59 -0.114951
26.6 -0.121555
26.61 -0.127824
26.62 -0.133729
26.63 -0.139246
26.64 -0.144362
26.65 -0.149032
26.66 -0.153287
26.67 -0.157139
26.68 -0.160602
26.69 -0.163695
26.7 -0.166442
26.71 -0.16887
26.72 -0.17101
26.73 -0.172873
26.74 -0.174521
26.75 -0.175989
26.76 -0.17731
26.77 -0.178514
26.78 -0.179632
26.79 -0.180688
26.8 -0.181704
26.81 -0.182697
26.82 -0.183682
26.83 -0.184665
26.84 -0.185648
26.85 -0.186627
26.86 -0.187596
26.87 -0.188541
26.88 -0.189446
26.89 -0.190285
26.9 -0.19104
26.91 -0.191685
26.92 -0.192194
26.93 -0.192542
26.94 -0.192701
26.95 -0.192645
26.96 -0.192342
26.97 -0.191757
26.98 -0.190886
26.99 -0.189711
27 -0.188217
27.01 -0.186394
27.02 -0.184231
27.03 -0.181723
27.04 -0.17885
27.05 -0.175607
27.06 -0.172017
27.07 -0.168081
27.08 -0.163805
27.09 -0.159193
27.1 -0.154249
27.11 -0.14898
27.12 -0.143371
27.13 -0.13743
27.14 -0.131173
27.15 -0.1246
27.16 -0.117711
27.17 -0.110501
27.18 -0.102967
27.19 -0.0951028
27.2 -0.0868788
27.21 -0.0783002
27.22 -0.069371
27.23 -0.0600858
27.24 -0.0504405
27.25 -0.0404336
27.26 -0.0300663
27.27 -0.0193437
27.28 -0.00824788
27.29 0.00318288
27.3 0.0149208
27.31 0.0269389
27.32 0.0392041
27.33 0.0516769
27.34 0.064312
27.35 0.0770581
27.36 0.0898575
27.37 0.102637
27.38 0.115331
27.39 0.127868
27.4 0.140176
27.41 0.152184
27.42 0.163817
27.43 0.175003
27.44 0.185619
27.45 0.195646
27.46 0.205026
27.47 0.213707
27.48 0.221645
27.49 0.228804
27.5 0.235154
27.51 0.240665
27.52 0.245269
27.53 0.249038
27.54 0.251981
27.55 0.254118
27.56 0.255474
27.57 0.256082
27.58 0.25598
27.59 0.255192
27.6 0.253742
27.61 0.251726
27.62 0.249192
27.63 0.246186
27.64 0.242755
27.65 0.238939
27.66 0.234777
27.67 0.230289
27.68 0.225501
27.69 0.220451
27.7 0.215155
27.71 0.209622
27.72 0.203857
27.73 0.19786
27.74 0.191628
27.75 0.185141
27.76 0.178392
27.77 0.171385
27.78 0.164113
27.79 0.156574
27.8 0.148765
27.81 0.140691
27.82 0.132363
27.83 0.123781
27.84 0.11498
27.85 0.106
27.86 0.0968806
27.87 0.0876667
27.88 0.078411
27.89 0.0691715
27.9 0.0600108
27.91 0.0510111
27.92 0.0422409
27.93 0.0337647
27.94 0.0256496
27.95 0.0179597
27.96 0.0107542
27.97 0.00408629
27.98 -0.00199841
27.99 -0.00740618
28 -0.0121557
28.01 -0.0162415
28.02 -0.0196614
28.03 -0.0224241
28.04 -0.0245496
28.05 -0.0260684
28.06 -0.027021
28.07 -0.0274104
28.08 -0.0273501
28.09 -0.0269043
28.1 -0.0261403
28.11 -0.0251274
28.12 -0.0239349
28.13 -0.0226301
28.14 -0.021277
28.15 -0.0199405
28.16 -0.0186737
28.17 -0.0175177
28.18 -0.0165046
28.19 -0.015656
28.2 -0.0149833
28.21 -0.0144874
28.22 -0.0141625
28.23 -0.0139949
28.24 -0.0139424
28.25 -0.0139687
28.26 -0.014032
28.27 -0.0140867
28.28 -0.0140848
28.29 -0.0139785
28.3 -0.0137143
28.31 -0.0132382
28.32 -0.0125242
28.33 -0.0115426
28.34 -0.010272
28.35 -0.00870039
28.36 -0.00682521
28.37 -0.0046543
28.38 -0.00219412
28.39 0.000524379
28.4 0.00344676
28.41 0.00652561
28.42 0.00970675
28.43 0.0129308
28.44 0.0161348
28.45 0.019254
28.46 0.0222114
28.47 0.0249393
28.48 0.0273871
28.49 0.0295038
28.5 0.0312458
28.51 0.0325786
28.52 0.0334779
28.53 0.0339299
28.54 0.0339012
28.55 0.0334214
28.56 0.0325271
28.57 0.0312514
28.58 0.029637
28.59 0.0277347
28.6 0.0256021
28.61 0.0233018
28.62 0.0208972
28.63 0.0184691
28.64 0.0160858
28.65 0.0138107
28.66 0.0117029
28.67 0.00981475
28.68 0.00819121
28.69 0.00686805
28.7 0.00590339
28.71 0.00528348
28.72 0.00500762
28.73 0.0050665
28.74 0.00544024
28.75 0.00609906
28.76 0.00700424
28.77 0.00810993
28.78 0.00937047
28.79 0.0107087
28.8 0.0120629
28.81 0.0133706
28.82 0.0145697
28.83 0.0156008
28.84 0.0164081
28.85 0.0169359
28.86 0.0171151
28.87 0.0169358
28.88 0.016373
28.89 0.0154108
28.9 0.0140431
28.91 0.0122732
28.92 0.0101138
28.93 0.00757661
28.94 0.00468113
28.95 0.00149225
28.96 -0.00194557
28.97 -0.00558316
28.98 -0.00936788
28.99 -0.0132449
29 -0.0171587
29.01 -0.0210508
29.02 -0.0248597
29.03 -0.0285369
29.04 -0.0320366
29.05 -0.0353176
29.06 -0.0383443
29.07 -0.0410871
29.08 -0.0435226
29.09 -0.0456164
29.1 -0.0473592
29.11 -0.0487643
29.12 -0.0498356
29.13 -0.0505823
29.14 -0.0510188
29.15 -0.0511638
29.16 -0.0510403
29.17 -0.0506604
29.18 -0.0500632
29.19 -0.0492882
29.2 -0.0483672
29.21 -0.0473322
29.22 -0.0462153
29.23 -0.0450478
29.24 -0.0438597
29.25 -0.0426824
29.26 -0.0415446
29.27 -0.0404698
29.28 -0.0394793
29.29 -0.0385916
29.3 -0.0378223
29.31 -0.0371842
29.32 -0.0366868
29.33 -0.0363501
29.34 -0.0361661
29.35 -0.0361326
29.36 -0.036246
29.37 -0.0365002
29.38 -0.0368859
29.39 -0.0373913
29.4 -0.0380023
29.41 -0.0387096
29.42 -0.039484
29.43 -0.0403053
29.44 -0.0411522
29.45 -0.0420028
29.46 -0.0428349
29.47 -0.0436268
29.48 -0.0443568
29.49 -0.0449975
29.5 -0.045538
29.51 -0.0459644
29.52 -0.0462664
29.53 -0.0464373
29.54 -0.0464746
29.55 -0.0463806
29.56 -0.0461598
29.57 -0.0458201
29.58 -0.0453894
29.59 -0.044891
29.6 -0.0443526
29.61 -0.0438062
29.62 -0.0432873
29.63 -0.0428343
29.64 -0.0424929
29.65 -0.0423146
29.66 -0.0423334
29.67 -0.0425899
29.68 -0.043122
29.69 -0.0439642
29.7 -0.0451468
29.71 -0.0466943
29.72 -0.0486437
29.73 -0.0510092
29.74 -0.0537714
29.75 -0.0569233
29.76 -0.0604493
29.77 -0.0643255
29.78 -0.0685197
29.79 -0.0729916
29.8 -0.0777042
29.81 -0.0825922
29.82 -0.0875858
29.83 -0.0926206
29.84 -0.0976298
29.85 -0.102545
29.86 -0.107299
29.87 -0.111824
29.88 -0.116032
29.89 -0.11987
29.9 -0.123294
29.91 -0.126258
29.92 -0.128725
29.93 -0.130663
29.94 -0.132053
29.95 -0.13288
29.96 -0.133095
29.97 -0.13274
29.98 -0.131839
29.99 -0.130413
30 -0.12849
30.01 -0.126102
30.02 -0.123285
30.03 -0.120078
30.04 -0.116493
30.05 -0.112604
30.06 -0.108453
30.07 -0.104077
30.08 -0.0995117
30.09 -0.0947862
30.1 -0.0899266
30.11 -0.0849536
30.12 -0.0798755
30.13 -0.0747127
30.14 -0.06947
30.15 -0.0641482
30.16 -0.0587444
30.17 -0.0532526
30.18 -0.0476649
30.19 -0.0419699
30.2 -0.0361495
30.21 -0.0302043
30.22 -0.0241277
30.23 -0.0179161
30.24 -0.0115693
30.25 -0.0050913
30.26 0.00150936
30.27 0.00822172
30.28 0.0150281
30.29 0.021896
30.3 0.0287958
30.31 0.0356936
30.32 0.0425519
30.33 0.0493301
30.34 0.0559856
30.35 0.0624657
30.36 0.0687166
30.37 0.0747055
30.38 0.0803911
30.39 0.0857352
30.4 0.0907027
30.41 0.0952633
30.42 0.0993914
30.43 0.103042
30.44 0.106201
30.45 0.108884
30.46 0.111089
30.47 0.112821
30.48 0.114088
30.49 0.114904
30.5 0.115289
30.51 0.115239
30.52 0.114795
30.53 0.113999
30.54 0.112882
30.55 0.111472
30.56 0.109802
30.57 0.1079
30.58 0.105798
30.59 0.103511
30.6 0.10108
30.61 0.0985336
30.62 0.0958962
30.63 0.0931903
30.64 0.090437
30.65 0.0876566
30.66 0.0848681
30.67 0.0820927
30.68 0.079349
30.69 0.0766546
30.7 0.0740271
30.71 0.0714838
30.72 0.0690422
30.73 0.0667195
30.74 0.0645328
30.75 0.0625154
30.76 0.0606685
30.77 0.0590058
30.78 0.0575391
30.79 0.056278
30.8 0.0552289
30.81 0.0543949
30.82 0.0537778
30.83 0.0533879
30.84 0.0531952
30.85 0.0531845
30.86 0.0533355
30.87 0.0536237
30.88 0.0540199
30.89 0.0544916
30.9 0.0550026
30.91 0.0555102
30.92 0.0559717
30.93 0.056347
30.94 0.0565971
30.95 0.056685
30.96 0.0565772
30.97 0.0562446
30.98 0.0556542
30.99 0.05478
31 0.053631
31.01 0.0522079
31.02 0.0505199
31.03 0.0485852
31.04 0.0464302
31.05 0.0440901
31.06 0.041603
31.07 0.0390254
31.08 0.0364208
31.09 0.0338494
31.1 0.0313738
31.11 0.0290576
31.12 0.0269631
31.13 0.0251499
31.14 0.0236964
31.15 0.0226507
31.16 0.0220373
31.17 0.021886
31.18 0.0222154
31.19 0.0230332
31.2 0.0243348
31.21 0.0261036
31.22 0.028339
31.23 0.030976
31.24 0.0339477
31.25 0.0371908
31.26 0.0406338
31.27 0.044199
31.28 0.0478041
31.29 0.0513642
31.3 0.054776
31.31 0.0579567
31.32 0.0608301
31.33 0.063324
31.34 0.0653743
31.35 0.0669263
31.36 0.0679365
31.37 0.068373
31.38 0.06816
31.39 0.067346
31.4 0.0659448
31.41 0.0639793
31.42 0.0614836
31.43 0.058503
31.44 0.0550917
31.45 0.0513098
31.46 0.0472059
31.47 0.0428863
31.48 0.0384248
31.49 0.0338943
31.5 0.0293653
31.51 0.0249037
31.52 0.0205693
31.53 0.0164182
31.54 0.0125122
31.55 0.00886656
31.56 0.00550157
31.57 0.00242689
31.58 -0.000358533
31.59 -0.00286601
31.6 -0.00511639
31.61 -0.00713346
31.62 -0.00895132
31.63 -0.0106298
31.64 -0.0122166
31.65 -0.0137619
31.66 -0.0153161
31.67 -0.0169285
31.68 -0.0186455
31.69 -0.020517
31.7 -0.0225862
31.71 -0.0248717
31.72 -0.0273927
31.73 -0.0301598
31.74 -0.0331745
31.75 -0.0364292
31.76 -0.039907
31.77 -0.0435914
31.78 -0.0474425
31.79 -0.0514092
31.8 -0.0554439
31.81 -0.0594948
31.82 -0.063507
31.83 -0.067424
31.84 -0.0711891
31.85 -0.0747296
31.86 -0.077993
31.87 -0.080939
31.88 -0.0835247
31.89 -0.0857137
31.9 -0.0874762
31.91 -0.0887898
31.92 -0.0896399
31.93 -0.0899834
31.94 -0.0898482
31.95 -0.0892556
31.96 -0.0882232
31.97 -0.0867747
31.98 -0.0849394
31.99 -0.0827512
32 -0.0802482
32.01 -0.0774503
32.02 -0.0744256
32.03 -0.0712207
32.04 -0.0678785
32.05 -0.0644411
32.06 -0.0609481
32.07 -0.0574367
32.08 -0.0539407
32.09 -0.0504971
32.1 -0.0471284
32.11 -0.0438547
32.12 -0.0406916
32.13 -0.0376501
32.14 -0.0347365
32.15 -0.031953
32.16 -0.0292991
32.17 -0.0267776
32.18 -0.0243676
32.19 -0.0220564
32.2 -0.0198296
32.21 -0.0176704
32.22 -0.0155611
32.23 -0.013483
32.24 -0.011417
32.25 -0.00934171
32.26 -0.00723823
32.27 -0.00508955
32.28 -0.00288004
32.29 -0.000595871
32.3 0.00177475
32.31 0.00424126
32.32 0.00681444
32.33 0.0095017
32.34 0.0122968
32.35 0.0151973
32.36 0.0181976
32.37 0.0212892
32.38 0.0244604
32.39 0.0276968
32.4 0.0309824
32.41 0.0342945
32.42 0.0376079
32.43 0.0408979
32.44 0.0441382
32.45 0.0473012
32.46 0.0503586
32.47 0.0532816
32.48 0.05603
32.49 0.0585752
32.5 0.0608973
32.51 0.0629712
32.52 0.0647737
32.53 0.0662841
32.54 0.0674845
32.55 0.06836
32.56 0.0688742
32.57 0.0690329
32.58 0.0688422
32.59 0.0683016
32.6 0.0674142
32.61 0.066186
32.62 0.064626
32.63 0.0627456
32.64 0.0605337
32.65 0.0580277
32.66 0.0552493
32.67 0.0522155
32.68 0.0489433
32.69 0.0454493
32.7 0.0417493
32.71 0.0378579
32.72 0.0337722
32.73 0.0295206
32.74 0.0251133
32.75 0.0205578
32.76 0.0158601
32.77 0.0110247
32.78 0.0060551
32.79 0.000953292
32.8 -0.00428912
32.81 -0.0096566
32.82 -0.015145
32.83 -0.0207484
32.84 -0.026459
32.85 -0.0322661
32.86 -0.0381564
32.87 -0.0441135
32.88 -0.050117
32.89 -0.0561366
32.9 -0.0621434
32.91 -0.0681051
32.92 -0.0739863
32.93 -0.0797493
32.94 -0.0853542
32.95 -0.0907527
32.96 -0.0958887
32.97 -0.100737
32.98 -0.105258
32.99 -0.109417
33 -0.113182
33.01 -0.116526
33.02 -0.119428
33.03 -0.121853
33.04 -0.123785
33.05 -0.125251
33.06 -0.12626
33.07 -0.126829
33.08 -0.126978
33.09 -0.126739
33.1 -0.126145
33.11 -0.125224
33.12 -0.124028
33.13 -0.122619
33.14 -0.121047
33.15 -0.119358
33.16 -0.117601
33.17 -0.11582
33.18 -0.114053
33.19 -0.112339
33.2 -0.110707
33.21 -0.109173
33.22 -0.107746
33.23 -0.106426
33.24 -0.105206
33.25 -0.10407
33.26 -0.102992
33.27 -0.101939
33.28 -0.100867
33.29 -0.0997282
33.3 -0.0984745
33.31 -0.0970544
33.32 -0.0954157
33.33 -0.0935073
33.34 -0.0912808
33.35 -0.0886552
33.36 -0.085618
33.37 -0.082143
33.38 -0.0782084
33.39 -0.0738015
33.4 -0.0689192
33.41 -0.0635683
33.42 -0.0577653
33.43 -0.051498
33.44 -0.0448491
33.45 -0.0378645
33.46 -0.0305971
33.47 -0.0231053
33.48 -0.0154518
33.49 -0.00770211
33.5 7.68668e-05
33.51 0.00780937
33.52 0.0154307
33.53 0.0228817
33.54 0.0301086
33.55 0.0370639
33.56 0.0437073
33.57 0.0500066
33.58 0.0559281
33.59 0.0614356
33.6 0.0665521
33.61 0.0712799
33.62 0.0756284
33.63 0.0796129
33.64 0.0832539
33.65 0.0865752
33.66 0.089594
33.67 0.0923339
33.68 0.0948407
33.69 0.0971396
33.7 0.0992528
33.71 0.101199
33.72 0.10299
33.73 0.104636
33.74 0.10613
33.75 0.107467
33.76 0.108643
33.77 0.109642
33.78 0.110443
33.79 0.111022
33.8 0.111349
33.81 0.111397
33.82 0.111115
33.83 0.110478
33.84 0.109471
33.85 0.108074
33.86 0.106269
33.87 0.104046
33.88 0.1014
33.89 0.0983345
33.9 0.0948328
33.91 0.0909348
33.92 0.0866809
33.93 0.0821074
33.94 0.077257
33.95 0.0721785
33.96 0.0669254
33.97 0.0615552
33.98 0.0561277
33.99 0.0507135
34 0.0453734
34.01 0.0401649
34.02 0.0351425
34.03 0.0303556
34.04 0.0258481
34.05 0.0216576
34.06 0.0178498
34.07 0.0144161
34.08 0.0113677
34.09 0.0087095
34.1 0.00643929
34.11 0.00454779
34.12 0.00301964
34.13 0.0018364
34.14 0.000997886
34.15 0.000443509
34.16 0.000142933
34.17 6.53041e-05
34.18 0.000180368
34.19 0.000459502
34.2 0.00087664
34.21 0.00141085
34.22 0.00204787
34.23 0.00276529
34.24 0.00355457
34.25 0.00441179
34.26 0.00533747
34.27 0.00633613
34.28 0.00741578
34.29 0.00859042
34.3 0.00987857
34.31 0.0112875
34.32 0.0128309
34.33 0.0145214
34.34 0.0163694
34.35 0.0183828
34.36 0.0205656
34.37 0.0229251
34.38 0.0254577
34.39 0.028143
34.4 0.0309652
34.41 0.0339037
34.42 0.0369336
34.43 0.0400257
34.44 0.0431477
34.45 0.0462621
34.46 0.0493272
34.47 0.052306
34.48 0.0551613
34.49 0.0578577
34.5 0.0603621
34.51 0.0626446
34.52 0.0646796
34.53 0.0664272
34.54 0.0678794
34.55 0.069037
34.56 0.0698975
34.57 0.0704638
34.58 0.0707448
34.59 0.0707542
34.6 0.0705107
34.61 0.0700208
34.62 0.0693262
34.63 0.0684607
34.64 0.067454
34.65 0.0663361
34.66 0.0651364
34.67 0.0638828
34.68 0.0626009
34.69 0.0613147
34.7 0.060045
34.71 0.0588061
34.72 0.0576078
34.73 0.0564558
34.74 0.0553516
34.75 0.0542924
34.76 0.0532719
34.77 0.0522819
34.78 0.0513057
34.79 0.0503284
34.8 0.0493339
34.81 0.0483054
34.82 0.0472263
34.83 0.0460805
34.84 0.0448523
34.85 0.0435204
34.86 0.0420821
34.87 0.0405297
34.88 0.038858
34.89 0.0370647
34.9 0.0351497
34.91 0.0331153
34.92 0.0309628
34.93 0.0286934
34.94 0.0263226
34.95 0.0238579
34.96 0.0213067
34.97 0.0186756
34.98 0.0159703
34.99 0.0131952
35 0.0103501
35.01 0.00743334
35.02 0.0044471
35.03 0.00138692
35.04 -0.00175357
35.05 -0.00498244
35.06 -0.00830915
35.07 -0.011744
35.08 -0.0153039
35.09 -0.0190008
35.1 -0.0228374
35.11 -0.0268207
35.12 -0.0309552
35.13 -0.035242
35.14 -0.0396787
35.15 -0.0442584
35.16 -0.0489766
35.17 -0.0538115
35.18 -0.0587351
35.19 -0.0637196
35.2 -0.0687326
35.21 -0.0737373
35.22 -0.078693
35.23 -0.0835558
35.24 -0.0882657
35.25 -0.0927754
35.26 -0.0970406
35.27 -0.101014
35.28 -0.104649
35.29 -0.107902
35.3 -0.110734
35.31 -0.113111
35.32 -0.114958
35.33 -0.116286
35.34 -0.117087
35.35 -0.117354
35.36 -0.117085
35.37 -0.116289
35.38 -0.11498
35.39 -0.113178
35.4 -0.110871
35.41 -0.108139
35.42 -0.105024
35.43 -0.101569
35.44 -0.0978226
35.45 -0.0938333
35.46 -0.0896516
35.47 -0.0853271
35.48 -0.0809061
35.49 -0.076448
35.5 -0.0719966
35.51 -0.0675917
35.52 -0.0632692
35.53 -0.0590596
35.54 -0.0549884
35.55 -0.0510792
35.56 -0.0473581
35.57 -0.0438198
35.58 -0.0404668
35.59 -0.0372968
35.6 -0.0343035
35.61 -0.0314767
35.62 -0.0288029
35.63 -0.0262703
35.64 -0.023864
35.65 -0.0215562
35.66 -0.0193287
35.67 -0.0171641
35.68 -0.0150463
35.69 -0.0129613
35.7 -0.0108977
35.71 -0.0088472
35.72 -0.00680449
35.73 -0.00476806
35.74 -0.0027407
35.75 -0.000728851
35.76 0.00125759
35.77 0.00320545
35.78 0.00509861
35.79 0.00691314
35.8 0.00862594
35.81 0.0102179
35.82 0.0116655
35.83 0.0129451
35.84 0.0140334
35.85 0.014908
35.86 0.0155481
35.87 0.0159169
35.88 0.0160054
35.89 0.0158102
35.9 0.0153227
35.91 0.0145383
35.92 0.0134563
35.93 0.0120804
35.94 0.0104183
35.95 0.00846133
35.96 0.00624342
35.97 0.00379098
35.98 0.00112771
35.99 -0.00171982
36 -0.00472274
36.01 -0.00785032
36.02 -0.0110706
36.03 -0.0143537
36.04 -0.0176591
36.05 -0.0209548
36.06 -0.0242106
36.07 -0.0273985
36.08 -0.030493
36.09 -0.0334713
36.1 -0.0363142
36.11 -0.0389902
36.12 -0.0415023
36.13 -0.0438442
36.14 -0.0460129
36.15 -0.0480098
36.16 -0.0498396
36.17 -0.0515103
36.18 -0.0530307
36.19 -0.0544057
36.2 -0.0556629
36.21 -0.0568185
36.22 -0.0578883
36.23 -0.0588879
36.24 -0.0598315
36.25 -0.0607317
36.26 -0.0615976
36.27 -0.062435
36.28 -0.0632489
36.29 -0.0640377
36.3 -0.0647956
36.31 -0.0655129
36.32 -0.0661753
36.33 -0.066765
36.34 -0.0672557
36.35 -0.0676158
36.36 -0.0678238
36.37 -0.0678499
36.38 -0.0676634
36.39 -0.0672338
36.4 -0.0665311
36.41 -0.065527
36.42 -0.0641787
36.43 -0.0624605
36.44 -0.0603725
36.45 -0.0579027
36.46 -0.0550444
36.47 -0.051797
36.48 -0.0481655
36.49 -0.0441613
36.5 -0.0397813
36.51 -0.0350599
36.52 -0.0300402
36.53 -0.0247562
36.54 -0.0192452
36.55 -0.0135474
36.56 -0.00770497
36.57 -0.00176088
36.58 0.0042432
36.59 0.0102585
36.6 0.0162444
36.61 0.0221652
36.62 0.0279887
36.63 0.0336874
36.64 0.0392386
36.65 0.0446245
36.66 0.049817
36.67 0.0548211
36.68 0.0596378
36.69 0.0642698
36.7 0.0687229
36.71 0.0730056
36.72 0.077128
36.73 0.0811012
36.74 0.0849231
36.75 0.0886166
36.76 0.0921885
36.77 0.0956419
36.78 0.0989759
36.79 0.102185
36.8 0.105258
36.81 0.108179
36.82 0.110908
36.83 0.113435
36.84 0.115726
36.85 0.117748
36.86 0.119465
36.87 0.120836
36.88 0.121824
36.89 0.122382
36.9 0.122443
36.91 0.122012
36.92 0.121063
36.93 0.11958
36.94 0.117551
36.95 0.114975
36.96 0.111859
36.97 0.108206
36.98 0.104026
36.99 0.0993959
37 0.0943619
37.01 0.0889794
37.02 0.0833108
37.03 0.0774236
37.04 0.0713897
37.05 0.0652832
37.06 0.0591885
37.07 0.0531817
37.08 0.0473314
37.09 0.041701
37.1 0.0363467
37.11 0.031316
37.12 0.0266469
37.13 0.0223891
37.14 0.018555
37.15 0.0151279
37.16 0.0120979
37.17 0.0094439
37.18 0.00713481
37.19 0.00513065
37.2 0.00338394
37.21 0.00185131
37.22 0.000461626
37.23 -0.000850689
37.24 -0.00214372
37.25 -0.00347256
37.26 -0.00488736
37.27 -0.0064314
37.28 -0.00813942
37.29 -0.0100524
37.3 -0.0121727
37.31 -0.014495
37.32 -0.017006
37.33 -0.0196801
37.34 -0.0224802
37.35 -0.0253586
37.36 -0.0282576
37.37 -0.0311013
37.38 -0.0338145
37.39 -0.0363213
37.4 -0.0385445
37.41 -0.0404077
37.42 -0.0418378
37.43 -0.0427677
37.44 -0.0431364
37.45 -0.0428309
37.46 -0.041872
37.47 -0.0402371
37.48 -0.0379172
37.49 -0.0349176
37.5 -0.0312578
37.51 -0.0269714
37.52 -0.0220975
37.53 -0.0166647
37.54 -0.0107946
37.55 -0.00456705
37.56 0.00193155
37.57 0.00861082
37.58 0.0153786
37.59 0.0221431
37.6 0.0288108
37.61 0.0352797
37.62 0.0414828
37.63 0.0473539
37.64 0.0528373
37.65 0.0578885
37.66 0.0624751
37.67 0.0665767
37.68 0.0701665
37.69 0.0732374
37.7 0.0758372
37.71 0.0779916
37.72 0.0797342
37.73 0.0811044
37.74 0.0821458
37.75 0.0829044
37.76 0.0834171
37.77 0.0837342
37.78 0.083908
37.79 0.0839735
37.8 0.0839595
37.81 0.0838872
37.82 0.0837692
37.83 0.0836099
37.84 0.0834011
37.85 0.0831281
37.86 0.08277
37.87 0.0822976
37.88 0.0816761
37.89 0.0808665
37.9 0.0798275
37.91 0.0785164
37.92 0.0768653
37.93 0.0748457
37.94 0.072432
37.95 0.0695957
37.96 0.0663152
37.97 0.0625768
37.98 0.0583751
37.99 0.0537142
38 0.0485707
38.01 0.0430016
38.02 0.0370465
38.03 0.0307457
38.04 0.0241463
38.05 0.017301
38.06 0.0102665
38.07 0.00310259
38.08 -0.00413026
38.09 -0.0113595
38.1 -0.0185258
38.11 -0.0255732
38.12 -0.0324499
38.13 -0.0391091
38.14 -0.0455101
38.15 -0.0516154
38.16 -0.0573679
38.17 -0.0627756
38.18 -0.0678252
38.19 -0.0725093
38.2 -0.0768258
38.21 -0.0807772
38.22 -0.0843697
38.23 -0.0876051
38.24 -0.0904751
38.25 -0.0930192
38.26 -0.0952487
38.27 -0.0971737
38.28 -0.0988028
38.29 -0.100142
38.3 -0.101195
38.31 -0.101955
38.32 -0.102408
38.33 -0.10257
38.34 -0.102435
38.35 -0.101996
38.36 -0.101246
38.37 -0.100176
38.38 -0.098782
38.39 -0.0970434
38.4 -0.0949553
38.41 -0.0925393
38.42 -0.0898026
38.43 -0.0867568
38.44 -0.0834186
38.45 -0.0798098
38.46 -0.0759568
38.47 -0.0718811
38.48 -0.0676256
38.49 -0.0632393
38.5 -0.0587644
38.51 -0.0542444
38.52 -0.0497235
38.53 -0.0452453
38.54 -0.0408517
38.55 -0.0365929
38.56 -0.0325036
38.57 -0.0286093
38.58 -0.0249346
38.59 -0.021498
38.6 -0.0183119
38.61 -0.0153828
38.62 -0.0127109
38.63 -0.01031
38.64 -0.00815306
38.65 -0.00621896
38.66 -0.00448879
38.67 -0.00294152
38.68 -0.00155512
38.69 -0.000307662
38.7 0.000821479
38.71 0.00184281
38.72 0.00278031
38.73 0.00364459
38.74 0.00444043
38.75 0.00516737
38.76 0.00581947
38.77 0.00638547
38.78 0.00684873
38.79 0.00717419
38.8 0.00734702
38.81 0.00733956
38.82 0.00712289
38.83 0.00666807
38.84 0.00594743
38.85 0.0049359
38.86 0.00360744
38.87 0.00192127
38.88 -0.000103632
38.89 -0.00246834
38.9 -0.00516617
38.91 -0.00818227
38.92 -0.0114937
38.93 -0.0150693
38.94 -0.0188755
38.95 -0.0228696
38.96 -0.0269831
38.97 -0.0311597
38.98 -0.0353407
38.99 -0.0394661
39 -0.0434765
39.01 -0.0473147
39.02 -0.0509168
39.03 -0.0542229
39.04 -0.0572083
39.05 -0.0598416
39.06 -0.0621007
39.07 -0.0639729
39.08 -0.0654555
39.09 -0.0665553
39.1 -0.0672715
39.11 -0.0676339
39.12 -0.0676954
39.13 -0.0674968
39.14 -0.0670837
39.15 -0.0665046
39.16 -0.0658094
39.17 -0.0650476
39.18 -0.0642681
39.19 -0.0635196
39.2 -0.062839
39.21 -0.0622561
39.22 -0.0617922
39.23 -0.0614604
39.24 -0.0612644
39.25 -0.0611986
39.26 -0.0612554
39.27 -0.0614027
39.28 -0.0616054
39.29 -0.0618252
39.3 -0.0620195
39.31 -0.0621425
39.32 -0.0621471
39.33 -0.0619867
39.34 -0.0615952
39.35 -0.0609438
39.36 -0.0600022
39.37 -0.058744
39.38 -0.0571506
39.39 -0.0552128
39.4 -0.0529303
39.41 -0.0503125
39.42 -0.0473492
39.43 -0.0441016
39.44 -0.0406073
39.45 -0.0369092
39.46 -0.0330552
39.47 -0.0290963
39.48 -0.025085
39.49 -0.0210743
39.5 -0.0171237
39.51 -0.013278
39.52 -0.00957703
39.53 -0.00605367
39.54 -0.00273293
39.55 0.000368913
39.56 0.00324472
39.57 0.00589214
39.58 0.00831186
39.59 0.0105432
39.6 0.0126147
39.61 0.0145607
39.62 0.0164201
39.63 0.0182344
39.64 0.0200461
39.65 0.0218996
39.66 0.0238407
39.67 0.0258996
39.68 0.0281029
39.69 0.0304695
39.7 0.0330096
39.71 0.0357238
39.72 0.0386028
39.73 0.0416328
39.74 0.0447813
39.75 0.0480005
39.76 0.0512432
39.77 0.0544564
39.78 0.0575822
39.79 0.0605606
39.8 0.0633308
39.81 0.0658151
39.82 0.0679544
39.83 0.0697127
39.84 0.0710491
39.85 0.0719322
39.86 0.0723414
39.87 0.0722672
39.88 0.0717123
39.89 0.0706618
39.9 0.0691643
39.91 0.0672761
39.92 0.0650485
39.93 0.0625416
39.94 0.0598222
39.95 0.0569628
39.96 0.0540386
39.97 0.0511332
39.98 0.0483283
39.99 0.045694
40 0.043295
40.01 0.0411883
40.02 0.0394217
40.03 0.0380329
40.04 0.0370482
40.05 0.0365214
40.06 0.0364189
40.07 0.0367257
40.08 0.0374203
40.09 0.0384716
40.1 0.0398407
40.11 0.0414822
40.12 0.0433464
40.13 0.045391
40.14 0.0475417
40.15 0.0497467
40.16 0.0519576
40.17 0.054131
40.18 0.0562296
40.19 0.0582237
40.2 0.0600896
40.21 0.0618037
40.22 0.0633745
40.23 0.0648076
40.24 0.0661157
40.25 0.0673177
40.26 0.0684376
40.27 0.0695028
40.28 0.0705424
40.29 0.0715891
40.3 0.0726712
40.31 0.0738116
40.32 0.0750279
40.33 0.076331
40.34 0.0777245
40.35 0.0792035
40.36 0.0807565
40.37 0.0823587
40.38 0.0839735
40.39 0.0855613
40.4 0.0870769
40.41 0.08847
40.42 0.089688
40.43 0.0906769
40.44 0.0913671
40.45 0.091703
40.46 0.0916564
40.47 0.0911923
40.48 0.0902849
40.49 0.088919
40.5 0.0870912
40.51 0.0848107
40.52 0.0820745
40.53 0.0789337
40.54 0.075454
40.55 0.0716954
40.56 0.0677268
40.57 0.0636245
40.58 0.0594698
40.59 0.0553465
40.6 0.0513535
40.61 0.0475748
40.62 0.0440814
40.63 0.0409393
40.64 0.038204
40.65 0.0359181
40.66 0.0341105
40.67 0.0327944
40.68 0.0320081
40.69 0.0316926
40.7 0.0318025
40.71 0.0322845
40.72 0.0330721
40.73 0.0340875
40.74 0.0352438
40.75 0.0364477
40.76 0.0375878
40.77 0.0385634
40.78 0.0392807
40.79 0.0396523
40.8 0.0395998
40.81 0.0390563
40.82 0.0379688
40.83 0.0362942
40.84 0.0339624
40.85 0.0310288
40.86 0.0275131
40.87 0.0234524
40.88 0.0189
40.89 0.0139241
40.9 0.00860554
40.91 0.00303258
40.92 -0.00269291
40.93 -0.00844824
40.94 -0.0141291
40.95 -0.019634
40.96 -0.0248675
40.97 -0.029743
40.98 -0.0341853
40.99 -0.0381153
41 -0.0414657
41.01 -0.0442471
41.02 -0.0464541
41.03 -0.0480997
41.04 -0.0492149
41.05 -0.0498475
41.06 -0.0500605
41.07 -0.0499192
41.08 -0.049521
41.09 -0.0489814
41.1 -0.0484017
41.11 -0.0478839
41.12 -0.0475278
41.13 -0.047428
41.14 -0.0476703
41.15 -0.0483573
41.16 -0.0495502
41.17 -0.0512718
41.18 -0.0535464
41.19 -0.0563797
41.2 -0.0597593
41.21 -0.0636545
41.22 -0.0680173
41.23 -0.0728059
41.24 -0.0779158
41.25 -0.0832415
41.26 -0.0886813
41.27 -0.0941276
41.28 -0.09947
41.29 -0.104598
41.3 -0.109404
41.31 -0.113745
41.32 -0.117547
41.33 -0.120737
41.34 -0.123252
41.35 -0.12504
41.36 -0.126066
41.37 -0.12631
41.38 -0.125771
41.39 -0.124391
41.4 -0.12227
41.41 -0.119458
41.42 -0.116011
41.43 -0.111996
41.44 -0.107484
41.45 -0.102555
41.46 -0.0972885
41.47 -0.0917499
41.48 -0.0860502
41.49 -0.080264
41.5 -0.0744605
41.51 -0.0687013
41.52 -0.0630398
41.53 -0.0575205
41.54 -0.0521813
41.55 -0.0470636
41.56 -0.0421659
41.57 -0.0374941
41.58 -0.0330467
41.59 -0.0288161
41.6 -0.0247899
41.61 -0.0209525
41.62 -0.0172903
41.63 -0.0137901
41.64 -0.010423
41.65 -0.00717463
41.66 -0.00403425
41.67 -0.000995344
41.68 0.0019438
41.69 0.00477984
41.7 0.00749937
41.71 0.0100841
41.72 0.0125224
41.73 0.0147924
41.74 0.0168695
41.75 0.0187279
41.76 0.0203417
41.77 0.0216854
41.78 0.0227199
41.79 0.0234235
41.8 0.0237962
41.81 0.0238287
41.82 0.0235171
41.83 0.0228638
41.84 0.0218775
41.85 0.020573
41.86 0.0189534
41.87 0.0170564
41.88 0.0149241
41.89 0.0125912
41.9 0.0100943
41.91 0.00747109
41.92 0.004759
41.93 0.00199416
41.94 -0.000788974
41.95 -0.00355682
41.96 -0.0062846
41.97 -0.00895318
41.98 -0.0115491
41.99 -0.0140648
42 -0.0164983
42.01 -0.0188535
42.02 -0.0211338
42.03 -0.0233592
42.04 -0.0255472
42.05 -0.0277166
42.06 -0.0298864
42.07 -0.0320755
42.08 -0.0343005
42.09 -0.0365752
42.1 -0.0389155
42.11 -0.0413194
42.12 -0.0437835
42.13 -0.0462983
42.14 -0.0488469
42.15 -0.051406
42.16 -0.0539455
42.17 -0.0564282
42.18 -0.0588001
42.19 -0.0610205
42.2 -0.0630405
42.21 -0.0648101
42.22 -0.0662795
42.23 -0.0674011
42.24 -0.0681308
42.25 -0.0684192
42.26 -0.0682043
42.27 -0.0674978
42.28 -0.0662862
42.29 -0.0645652
42.3 -0.0623413
42.31 -0.0596307
42.32 -0.0564604
42.33 -0.0528538
42.34 -0.0488506
42.35 -0.0445339
42.36 -0.0399651
42.37 -0.0352101
42.38 -0.0303382
42.39 -0.0254197
42.4 -0.0205246
42.41 -0.0157276
42.42 -0.0111017
42.43 -0.00669756
42.44 -0.00256408
42.45 0.00125836
42.46 0.00473876
42.47 0.00785608
42.48 0.0105996
42.49 0.0129475
42.5 0.0149174
42.51 0.0165462
42.52 0.0178629
42.53 0.0189033
42.54 0.0197089
42.55 0.0203253
42.56 0.0208005
42.57 0.0211806
42.58 0.0215229
42.59 0.0218752
42.6 0.0222789
42.61 0.0227703
42.62 0.0233793
42.63 0.0241292
42.64 0.0250355
42.65 0.0261198
42.66 0.0273712
42.67 0.0287776
42.68 0.0303239
42.69 0.0319886
42.7 0.0337457
42.71 0.0355652
42.72 0.0374144
42.73 0.0392557
42.74 0.0410524
42.75 0.0427718
42.76 0.0443838
42.77 0.0458617
42.78 0.0471832
42.79 0.0483307
42.8 0.0492911
42.81 0.0500401
42.82 0.0505961
42.83 0.0509649
42.84 0.0511571
42.85 0.0511875
42.86 0.0510747
42.87 0.0508398
42.88 0.0505046
42.89 0.0500904
42.9 0.049629
42.91 0.0491426
42.92 0.0486515
42.93 0.0481734
42.94 0.0477223
42.95 0.047309
42.96 0.0469411
42.97 0.046623
42.98 0.0463492
42.99 0.0461136
43 0.0459072
43.01 0.0457182
43.02 0.0455331
43.03 0.0453374
43.04 0.0451143
43.05 0.0448468
43.06 0.0445237
43.07 0.0441343
43.08 0.0436705
43.09 0.0431275
43.1 0.042504
43.11 0.0418023
43.12 0.0410256
43.13 0.0401856
43.14 0.0392999
43.15 0.0383852
43.16 0.0374606
43.17 0.0365465
43.18 0.0356643
43.19 0.0348354
43.2 0.0340863
43.21 0.0334358
43.22 0.0328971
43.23 0.0324827
43.24 0.0322015
43.25 0.0320582
43.26 0.0320533
43.27 0.0321824
43.28 0.0324456
43.29 0.0328214
43.3 0.0332891
43.31 0.0338277
43.32 0.0344136
43.33 0.0350216
43.34 0.0356251
43.35 0.0361975
43.36 0.0367055
43.37 0.0371268
43.38 0.0374405
43.39 0.0376278
43.4 0.0376738
43.41 0.0375672
43.42 0.0373012
43.43 0.0368734
43.44 0.0362702
43.45 0.0355145
43.46 0.0346171
43.47 0.033592
43.48 0.0324555
43.49 0.0312259
43.5 0.0299227
43.51 0.0285657
43.52 0.0271738
43.53 0.0257699
43.54 0.0243704
43.55 0.0229896
43.56 0.0216389
43.57 0.0203266
43.58 0.019058
43.59 0.0178359
43.6 0.0166614
43.61 0.0155265
43.62 0.0144243
43.63 0.0133464
43.64 0.0122834
43.65 0.0112252
43.66 0.0101623
43.67 0.00908526
43.68 0.00798578
43.69 0.00686078
43.7 0.00570909
43.71 0.00453288
43.72 0.00333785
43.73 0.00213339
43.74 0.000932503
43.75 -0.000246482
43.76 -0.00138069
43.77 -0.00244865
43.78 -0.00342588
43.79 -0.0042868
43.8 -0.00500561
43.81 -0.00555708
43.82 -0.00591747
43.83 -0.00605183
43.84 -0.00594334
43.85 -0.00558787
43.86 -0.00497671
43.87 -0.00410623
43.88 -0.00297818
43.89 -0.00159987
43.9 1.59161e-05
43.91 0.00186483
43.92 0.00391187
43.93 0.00612189
43.94 0.00846293
43.95 0.0109003
43.96 0.0133976
43.97 0.0159172
43.98 0.0184218
43.99 0.0208679
44 0.0232212
44.01 0.0254516
44.02 0.0275318
44.03 0.0294386
44.04 0.0311532
44.05 0.0326616
44.06 0.0339548
44.07 0.0350074
44.08 0.0358392
44.09 0.0364566
44.1 0.0368675
44.11 0.0370823
44.12 0.037113
44.13 0.0369726
44.14 0.0366733
44.15 0.0362152
44.16 0.0356232
44.17 0.0349049
44.18 0.0340652
44.19 0.0331052
44.2 0.032023
44.21 0.0308129
44.22 0.0294632
44.23 0.0279501
44.24 0.0262701
44.25 0.0244063
44.26 0.0223408
44.27 0.0200561
44.28 0.0175354
44.29 0.0147642
44.3 0.0117231
44.31 0.00839265
44.32 0.0047908
44.33 0.000922297
44.34 -0.00320168
44.35 -0.00756314
44.36 -0.0121371
44.37 -0.0168915
44.38 -0.0217918
44.39 -0.0267885
44.4 -0.031822
44.41 -0.0368367
44.42 -0.0417739
44.43 -0.0465733
44.44 -0.0511739
44.45 -0.0555162
44.46 -0.0595232
44.47 -0.0631367
44.48 -0.0663262
44.49 -0.0690524
44.5 -0.0712843
44.51 -0.0729997
44.52 -0.0741861
44.53 -0.0748409
44.54 -0.0749392
44.55 -0.0745168
44.56 -0.0736227
44.57 -0.0722954
44.58 -0.0705813
44.59 -0.0685334
44.6 -0.0662104
44.61 -0.0636746
44.62 -0.0609849
44.63 -0.0582217
44.64 -0.0554528
44.65 -0.0527401
44.66 -0.0501409
44.67 -0.0477072
44.68 -0.0454844
44.69 -0.0435103
44.7 -0.0418409
44.71 -0.0404764
44.72 -0.0394229
44.73 -0.038681
44.74 -0.0382432
44.75 -0.0380935
44.76 -0.0382092
44.77 -0.0385612
44.78 -0.0391315
44.79 -0.0398578
44.8 -0.0406986
44.81 -0.0416111
44.82 -0.0425527
44.83 -0.043482
44.84 -0.0443601
44.85 -0.0451497
44.86 -0.0458071
44.87 -0.046315
44.88 -0.0466531
44.89 -0.0468066
44.9 -0.0467665
44.91 -0.0465291
44.92 -0.0460959
44.93 -0.0454692
44.94 -0.0446513
44.95 -0.0436721
44.96 -0.0425492
44.97 -0.0413024
44.98 -0.0399529
44.99 -0.0385224
45 -0.0370325
45.01 -0.035504
45.02 -0.0339587
45.03 -0.0324173
45.04 -0.0308966
45.05 -0.0294116
45.06 -0.0279754
45.07 -0.0265995
45.08 -0.025294
45.09 -0.0240719
45.1 -0.0229428
45.11 -0.0219095
45.12 -0.0209791
45.13 -0.0201589
45.14 -0.0194566
45.15 -0.0188803
45.16 -0.018439
45.17 -0.0181513
45.18 -0.0180266
45.19 -0.0180692
45.2 -0.0182899
45.21 -0.0186989
45.22 -0.0193058
45.23 -0.0201183
45.24 -0.0211427
45.25 -0.0223974
45.26 -0.0238734
45.27 -0.0255596
45.28 -0.0274469
45.29 -0.0295217
45.3 -0.0317654
45.31 -0.0341542
45.32 -0.0366595
45.33 -0.0392512
45.34 -0.0418818
45.35 -0.0445068
45.36 -0.0470806
45.37 -0.0495556
45.38 -0.0518826
45.39 -0.0540129
45.4 -0.0558986
45.41 -0.0574628
45.42 -0.0586861
45.43 -0.0595344
45.44 -0.0599776
45.45 -0.0599926
45.46 -0.0595638
45.47 -0.0586838
45.48 -0.0573515
45.49 -0.0555391
45.5 -0.0533102
45.51 -0.0506941
45.52 -0.0477275
45.53 -0.0444539
45.54 -0.040923
45.55 -0.0371891
45.56 -0.0333087
45.57 -0.0293429
45.58 -0.0253635
45.59 -0.02143
45.6 -0.0175989
45.61 -0.0139229
45.62 -0.0104495
45.63 -0.00721968
45.64 -0.00427613
45.65 -0.00165965
45.66 0.000635024
45.67 0.00260166
45.68 0.00424279
45.69 0.0055694
45.7 0.0066005
45.71 0.00736232
45.72 0.00787939
45.73 0.00819141
45.74 0.00835511
45.75 0.00841579
45.76 0.00841988
45.77 0.00841364
45.78 0.00844182
45.79 0.00854654
45.8 0.00877407
45.81 0.00916116
45.82 0.0097286
45.83 0.0104967
45.84 0.011479
45.85 0.0126826
45.86 0.0141077
45.87 0.0157481
45.88 0.0176037
45.89 0.0196483
45.9 0.0218516
45.91 0.024187
45.92 0.0266254
45.93 0.0291362
45.94 0.0316883
45.95 0.0342511
45.96 0.0367918
45.97 0.039282
45.98 0.041699
45.99 0.0440236
46 0.0462406
46.01 0.0483393
46.02 0.0503136
46.03 0.052162
46.04 0.0538768
46.05 0.0554758
46.06 0.0569717
46.07 0.0583789
46.08 0.059714
46.09 0.0609951
46.1 0.0622415
46.11 0.0634726
46.12 0.0647097
46.13 0.0659716
46.14 0.0672743
46.15 0.0686313
46.16 0.0700538
46.17 0.0715501
46.18 0.0731253
46.19 0.0747826
46.2 0.0765267
46.21 0.0783457
46.22 0.0802321
46.23 0.0821762
46.24 0.0841657
46.25 0.0861869
46.26 0.0882243
46.27 0.0902609
46.28 0.0922763
46.29 0.0942528
46.3 0.0961722
46.31 0.0980166
46.32 0.0997679
46.33 0.101409
46.34 0.102922
46.35 0.104286
46.36 0.105478
46.37 0.106491
46.38 0.107311
46.39 0.107925
46.4 0.108317
46.41 0.108475
46.42 0.108387
46.43 0.108027
46.44 0.107381
46.45 0.106455
46.46 0.105239
46.47 0.103727
46.48 0.101914
46.49 0.0997974
46.5 0.0973765
46.51 0.0946365
46.52 0.0915893
46.53 0.0882573
46.54 0.0846534
46.55 0.0807942
46.56 0.0766997
46.57 0.0723931
46.58 0.0679009
46.59 0.0632433
46.6 0.058462
46.61 0.0535952
46.62 0.0486773
46.63 0.0437429
46.64 0.038826
46.65 0.0339595
46.66 0.0291738
46.67 0.0245078
46.68 0.0199802
46.69 0.0156076
46.7 0.0114037
46.71 0.00737709
46.72 0.00353092
46.73 -0.000137131
46.74 -0.00363464
46.75 -0.00696067
46.76 -0.0101484
46.77 -0.01322
46.78 -0.0161994
46.79 -0.0191121
46.8 -0.0219838
46.81 -0.0248395
46.82 -0.0277027
46.83 -0.0305971
46.84 -0.0335361
46.85 -0.0365283
46.86 -0.0395759
46.87 -0.0426739
46.88 -0.0458098
46.89 -0.0489631
46.9 -0.0521048
46.91 -0.0551913
46.92 -0.0581798
46.93 -0.0610205
46.94 -0.0636591
46.95 -0.0660379
46.96 -0.0680979
46.97 -0.0697802
46.98 -0.0710131
46.99 -0.0717174
47 -0.071879
47.01 -0.0714598
47.02 -0.0704315
47.03 -0.0687763
47.04 -0.0664885
47.05 -0.0635752
47.06 -0.0600327
47.07 -0.0558908
47.08 -0.0512352
47.09 -0.0461282
47.1 -0.0406431
47.11 -0.0348632
47.12 -0.0288796
47.13 -0.0227895
47.14 -0.016699
47.15 -0.0107243
47.16 -0.0049651
47.17 0.000482423
47.18 0.00552907
47.19 0.0100946
47.2 0.0141099
47.21 0.0175187
47.22 0.0202346
47.23 0.0222497
47.24 0.0235808
47.25 0.0242376
47.26 0.0242455
47.27 0.023645
47.28 0.0224902
47.29 0.0208474
47.3 0.0187676
47.31 0.016367
47.32 0.0137451
47.33 0.0109938
47.34 0.00820393
47.35 0.00546263
47.36 0.00285072
47.37 0.0004403
47.38 -0.00167953
47.39 -0.0034785
47.4 -0.00492921
47.41 -0.00601643
47.42 -0.00674062
47.43 -0.00711787
47.44 -0.0071793
47.45 -0.00697001
47.46 -0.00653302
47.47 -0.00596535
47.48 -0.00534525
47.49 -0.0047561
47.5 -0.00428374
47.51 -0.00401364
47.52 -0.0040281
47.53 -0.00440883
47.54 -0.00526315
47.55 -0.00661194
47.56 -0.00849622
47.57 -0.0109423
47.58 -0.0139609
47.59 -0.0175464
47.6 -0.0216769
47.61 -0.0263255
47.62 -0.0314558
47.63 -0.0369598
47.64 -0.0427569
47.65 -0.0487575
47.66 -0.0548654
47.67 -0.0609808
47.68 -0.0670026
47.69 -0.0728209
47.7 -0.0783214
47.71 -0.0834318
47.72 -0.0880766
47.73 -0.0921919
47.74 -0.0957274
47.75 -0.0986471
47.76 -0.10093
47.77 -0.102542
47.78 -0.103491
47.79 -0.103839
47.8 -0.103627
47.81 -0.102906
47.82 -0.101736
47.83 -0.100185
47.84 -0.0983225
47.85 -0.0962132
47.86 -0.0939427
47.87 -0.0915883
47.88 -0.0892124
47.89 -0.086869
47.9 -0.0846027
47.91 -0.0824473
47.92 -0.0804245
47.93 -0.0785545
47.94 -0.0768266
47.95 -0.0752199
47.96 -0.0737075
47.97 -0.0722533
47.98 -0.0708141
47.99 -0.0693413
48 -0.0677836
48.01 -0.066073
48.02 -0.0641636
48.03 -0.0620129
48.04 -0.0595825
48.05 -0.0568428
48.06 -0.0537744
48.07 -0.0503694
48.08 -0.0466324
48.09 -0.0425532
48.1 -0.0381951
48.11 -0.0336048
48.12 -0.0288381
48.13 -0.0239605
48.14 -0.0190449
48.15 -0.0141696
48.16 -0.00941731
48.17 -0.00489642
48.18 -0.000672839
48.19 0.00318001
48.2 0.00659659
48.21 0.00952144
48.22 0.0119111
48.23 0.0137359
48.24 0.0149702
48.25 0.0155792
48.26 0.0156314
48.27 0.0151629
48.28 0.0142239
48.29 0.0128781
48.3 0.0112007
48.31 0.00927603
48.32 0.00719394
48.33 0.00505946
48.34 0.00297948
48.35 0.00104857
48.36 -0.000643806
48.37 -0.00201597
48.38 -0.00299645
48.39 -0.00352608
48.4 -0.00353761
48.41 -0.00299085
48.42 -0.00190627
48.43 -0.000291263
48.44 0.00183047
48.45 0.00441983
48.46 0.00742355
48.47 0.010776
48.48 0.0144112
48.49 0.0182316
48.5 0.022135
48.51 0.0260302
48.52 0.0298273
48.53 0.0334405
48.54 0.0367908
48.55 0.0398086
48.56 0.0424063
48.57 0.0445474
48.58 0.0462187
48.59 0.0474083
48.6 0.0481197
48.61 0.0483716
48.62 0.0481972
48.63 0.0476427
48.64 0.0467459
48.65 0.0455996
48.66 0.0442864
48.67 0.0428851
48.68 0.0414755
48.69 0.0401356
48.7 0.0389391
48.71 0.0379528
48.72 0.0372627
48.73 0.0368968
48.74 0.0368827
48.75 0.0372374
48.76 0.0379635
48.77 0.0390493
48.78 0.0404689
48.79 0.0421841
48.8 0.0441631
48.81 0.0463147
48.82 0.0485698
48.83 0.0508545
48.84 0.0530928
48.85 0.0552091
48.86 0.0571308
48.87 0.0587869
48.88 0.0600882
48.89 0.0610124
48.9 0.0615246
48.91 0.0616033
48.92 0.0612406
48.93 0.0604426
48.94 0.0592293
48.95 0.0576256
48.96 0.0556658
48.97 0.0534367
48.98 0.0510041
48.99 0.0484398
49 0.0458189
49.01 0.0432171
49.02 0.0407088
49.03 0.0383722
49.04 0.036284
49.05 0.034485
49.06 0.0330165
49.07 0.0319073
49.08 0.0311729
49.09 0.0308153
49.1 0.0308227
49.11 0.0311844
49.12 0.0318575
49.13 0.0327735
49.14 0.0338724
49.15 0.0350877
49.16 0.0363486
49.17 0.0375823
49.18 0.0387165
49.19 0.039668
49.2 0.0403696
49.21 0.0407751
49.22 0.0408412
49.23 0.0405364
49.24 0.0398419
49.25 0.0387525
49.26 0.0372768
49.27 0.035413
49.28 0.0332173
49.29 0.0307494
49.3 0.0280677
49.31 0.0252383
49.32 0.0223326
49.33 0.0194248
49.34 0.0165894
49.35 0.0139167
49.36 0.0114701
49.37 0.00930489
49.38 0.00746941
49.39 0.00600028
49.4 0.00492122
49.41 0.00424216
49.42 0.00395872
49.43 0.00408534
49.44 0.00455012
49.45 0.00530298
49.46 0.00628485
49.47 0.00742766
49.48 0.00865653
49.49 0.00989226
49.5 0.0110528
49.51 0.0120365
49.52 0.012777
49.53 0.0132062
49.54 0.0132655
49.55 0.0129077
49.56 0.0120984
49.57 0.0108177
49.58 0.00905199
49.59 0.00678531
49.6 0.0040866
49.61 0.000999883
49.62 -0.00241773
49.63 -0.00609776
49.64 -0.00996241
49.65 -0.013927
49.66 -0.0178997
49.67 -0.021776
49.68 -0.0254676
49.69 -0.0288911
49.7 -0.0319704
49.71 -0.0346396
49.72 -0.0368446
49.73 -0.0385452
49.74 -0.0396933
49.75 -0.0402719
49.76 -0.0403233
49.77 -0.0398742
49.78 -0.0389665
49.79 -0.0376556
49.8 -0.036009
49.81 -0.0341038
49.82 -0.0320201
49.83 -0.0298607
49.84 -0.0277239
49.85 -0.0256987
49.86 -0.0238692
49.87 -0.0223119
49.88 -0.0210936
49.89 -0.0202686
49.9 -0.0199084
49.91 -0.0200248
49.92 -0.0206078
49.93 -0.0216459
49.94 -0.0231113
49.95 -0.0249608
49.96 -0.0271371
49.97 -0.0295703
49.98 -0.0321868
49.99 -0.0348783
50 -0.0375466
50.01 -0.0400956
50.02 -0.0424304
50.03 -0.0444603
50.04 -0.0461013
50.05 -0.0472785
50.06 -0.0478765
50.07 -0.0478853
50.08 -0.0472796
50.09 -0.0460444
50.1 -0.0441811
50.11 -0.0417075
50.12 -0.0386571
50.13 -0.0350775
50.14 -0.0309915
50.15 -0.0265263
50.16 -0.0217658
50.17 -0.0168
50.18 -0.0117224
50.19 -0.00662718
50.2 -0.00160675
50.21 0.00324753
50.22 0.00782814
50.23 0.0120809
50.24 0.0159472
50.25 0.019381
50.26 0.0223494
50.27 0.0248338
50.28 0.0268294
50.29 0.0283336
50.3 0.0293487
50.31 0.0299473
50.32 0.0301751
50.33 0.030086
50.34 0.0297393
50.35 0.0291984
50.36 0.0285277
50.37 0.027791
50.38 0.0270564
50.39 0.0263818
50.4 0.0258147
50.41 0.0253939
50.42 0.0251488
50.43 0.0250984
50.44 0.0252511
50.45 0.0256138
50.46 0.0261716
50.47 0.0268899
50.48 0.0277363
50.49 0.0286717
50.5 0.0296517
50.51 0.0306286
50.52 0.031553
50.53 0.0323665
50.54 0.0330184
50.55 0.0334708
50.56 0.0336868
50.57 0.0336367
50.58 0.0332983
50.59 0.0326582
50.6 0.0317116
50.61 0.0304422
50.62 0.0288792
50.63 0.0270546
50.64 0.0249986
50.65 0.0227478
50.66 0.020343
50.67 0.0178283
50.68 0.0152496
50.69 0.0126548
50.7 0.0100934
50.71 0.00760567
50.72 0.00522712
50.73 0.00298735
50.74 0.000909326
50.75 -0.000991296
50.76 -0.00270648
50.77 -0.00421858
50.78 -0.00555366
50.79 -0.0067281
50.8 -0.00776332
50.81 -0.00868552
50.82 -0.00952444
50.83 -0.0103121
50.84 -0.0110812
50.85 -0.0118683
50.86 -0.0127035
50.87 -0.0136121
50.88 -0.0146142
50.89 -0.015724
50.9 -0.0169489
50.91 -0.018289
50.92 -0.0197388
50.93 -0.0212868
50.94 -0.0229008
50.95 -0.0245513
50.96 -0.0262035
50.97 -0.0278185
50.98 -0.0293551
50.99 -0.0307707
51 -0.0320166
51.01 -0.0330408
51.02 -0.0338197
51.03 -0.0343239
51.04 -0.0345306
51.05 -0.034425
51.06 -0.0340012
51.07 -0.0332626
51.08 -0.0322104
51.09 -0.0308676
51.1 -0.0292858
51.11 -0.0275077
51.12 -0.0255833
51.13 -0.0235686
51.14 -0.0215241
51.15 -0.019513
51.16 -0.0176084
51.17 -0.0158805
51.18 -0.0143836
51.19 -0.0131715
51.2 -0.0122911
51.21 -0.0117807
51.22 -0.0116688
51.23 -0.0119733
51.24 -0.0127285
51.25 -0.0139126
51.26 -0.0154911
51.27 -0.0174325
51.28 -0.0196952
51.29 -0.022228
51.3 -0.024972
51.31 -0.0278623
51.32 -0.0308295
51.33 -0.0337901
51.34 -0.0366708
51.35 -0.0394028
51.36 -0.0419214
51.37 -0.0441685
51.38 -0.0460942
51.39 -0.047658
51.4 -0.0487932
51.41 -0.0495137
51.42 -0.0498208
51.43 -0.0497239
51.44 -0.0492444
51.45 -0.0484146
51.46 -0.0472771
51.47 -0.0458827
51.48 -0.0442769
51.49 -0.0425486
51.5 -0.0407648
51.51 -0.0389931
51.52 -0.0372991
51.53 -0.035745
51.54 -0.0343869
51.55 -0.0332774
51.56 -0.0324803
51.57 -0.0319998
51.58 -0.0318506
51.59 -0.0320355
51.6 -0.0325449
51.61 -0.0333574
51.62 -0.03444
51.63 -0.035754
51.64 -0.0372488
51.65 -0.0388466
51.66 -0.0404808
51.67 -0.0420821
51.68 -0.04358
51.69 -0.0449054
51.7 -0.0459924
51.71 -0.046767
51.72 -0.0471611
51.73 -0.0471525
51.74 -0.0467096
51.75 -0.0458129
51.76 -0.0444546
51.77 -0.0426396
51.78 -0.0403848
51.79 -0.0377011
51.8 -0.0346341
51.81 -0.0312565
51.82 -0.0276279
51.83 -0.0238138
51.84 -0.0198835
51.85 -0.0159085
51.86 -0.01196
51.87 -0.00811676
51.88 -0.0044483
51.89 -0.00100669
51.9 0.00216034
51.91 0.00501493
51.92 0.00753012
51.93 0.00969062
51.94 0.0114932
51.95 0.0129225
51.96 0.0140192
51.97 0.0148268
51.98 0.0153889
51.99 0.0157573
52 0.0159901
52.01 0.0161499
52.02 0.0163019
52.03 0.0165223
52.04 0.0168767
52.05 0.0174229
52.06 0.0182136
52.07 0.0192936
52.08 0.0206981
52.09 0.0224518
52.1 0.0245681
52.11 0.0270825
52.12 0.0299469
52.13 0.0331342
52.14 0.0366072
52.15 0.0403186
52.16 0.0442121
52.17 0.0482239
52.18 0.0522844
52.19 0.0563104
52.2 0.0602233
52.21 0.0639493
52.22 0.0674173
52.23 0.0705611
52.24 0.0733215
52.25 0.0756474
52.26 0.0774874
52.27 0.078778
52.28 0.0795423
52.29 0.0797767
52.3 0.0794894
52.31 0.0787006
52.32 0.0774414
52.33 0.0757531
52.34 0.073676
52.35 0.0712634
52.36 0.0686059
52.37 0.0657717
52.38 0.0628304
52.39 0.0598518
52.4 0.0569032
52.41 0.0540482
52.42 0.0513541
52.43 0.0488805
52.44 0.0466594
52.45 0.0447226
52.46 0.043092
52.47 0.0417795
52.48 0.0407871
52.49 0.0401068
52.5 0.0397366
52.51 0.0396436
52.52 0.0397801
52.53 0.040106
52.54 0.0405769
52.55 0.0411456
52.56 0.0417635
52.57 0.0423822
52.58 0.042949
52.59 0.043417
52.6 0.04375
52.61 0.0439152
52.62 0.0438865
52.63 0.0436445
52.64 0.0431772
52.65 0.0424801
52.66 0.0415385
52.67 0.0403774
52.68 0.0390191
52.69 0.0374866
52.7 0.0358074
52.71 0.0340124
52.72 0.0321349
52.73 0.0302095
52.74 0.028273
52.75 0.0263629
52.76 0.0245103
52.77 0.0227431
52.78 0.0210853
52.79 0.0195563
52.8 0.0181706
52.81 0.0169379
52.82 0.0158775
52.83 0.0149717
52.84 0.0142136
52.85 0.0135919
52.86 0.0130918
52.87 0.0126955
52.88 0.012383
52.89 0.0121337
52.9 0.0119264
52.91 0.0117348
52.92 0.0115394
52.93 0.0113225
52.94 0.0110692
52.95 0.0107677
52.96 0.0104098
52.97 0.00998962
52.98 0.00950383
52.99 0.00896117
53 0.00836922
53.01 0.00773866
53.02 0.00708284
53.03 0.00641716
53.04 0.00575849
53.05 0.00512613
53.06 0.0045411
53.07 0.00401853
53.08 0.00357388
53.09 0.00322057
53.1 0.00296954
53.11 0.00282878
53.12 0.0028031
53.13 0.00289959
53.14 0.00311554
53.15 0.00343868
53.16 0.00385954
53.17 0.0043658
53.18 0.00494274
53.19 0.00557369
53.2 0.00624059
53.21 0.00692442
53.22 0.00760345
53.23 0.00825871
53.24 0.008873
53.25 0.00943083
53.26 0.00991885
53.27 0.0103263
53.28 0.0106452
53.29 0.0108635
53.3 0.0109842
53.31 0.0110117
53.32 0.0109509
53.33 0.0108093
53.34 0.0105965
53.35 0.0103241
53.36 0.0100049
53.37 0.00965105
53.38 0.00927992
53.39 0.00890536
53.4 0.00853964
53.41 0.00819345
53.42 0.00787545
53.43 0.00759188
53.44 0.00734623
53.45 0.00714251
53.46 0.00697373
53.47 0.00683323
53.48 0.00671145
53.49 0.00659599
53.5 0.00647187
53.51 0.00632191
53.52 0.00612657
53.53 0.00585784
53.54 0.00549903
53.55 0.00502894
53.56 0.00442687
53.57 0.00367317
53.58 0.00274976
53.59 0.00164065
53.6 0.000328057
53.61 -0.00121219
53.62 -0.00297038
53.63 -0.00494962
53.64 -0.00714941
53.65 -0.00956563
53.66 -0.0121906
53.67 -0.015013
53.68 -0.0180237
53.69 -0.0212086
53.7 -0.0245346
53.71 -0.0279783
53.72 -0.0315148
53.73 -0.0351179
53.74 -0.0387601
53.75 -0.0424138
53.76 -0.0460492
53.77 -0.0496348
53.78 -0.0531457
53.79 -0.0565572
53.8 -0.0598461
53.81 -0.0629915
53.82 -0.0659749
53.83 -0.0687802
53.84 -0.0713829
53.85 -0.0737737
53.86 -0.0759548
53.87 -0.0779227
53.88 -0.0796768
53.89 -0.0812195
53.9 -0.0825562
53.91 -0.0836947
53.92 -0.0846336
53.93 -0.0853938
53.94 -0.0859965
53.95 -0.0864582
53.96 -0.0867968
53.97 -0.0870307
53.98 -0.0871788
53.99 -0.0872602
54 -0.0872907
54.01 -0.0872926
54.02 -0.0872826
54.03 -0.0872749
54.04 -0.0872813
54.05 -0.087311
54.06 -0.0873705
54.07 -0.0874631
54.08 -0.0875913
54.09 -0.087748
54.1 -0.087925
54.11 -0.088111
54.12 -0.0882912
54.13 -0.0884479
54.14 -0.0885607
54.15 -0.0886064
54.16 -0.0885489
54.17 -0.0883689
54.18 -0.0880399
54.19 -0.0875352
54.2 -0.0868293
54.21 -0.0858983
54.22 -0.0847206
54.23 -0.0832736
54.24 -0.0815212
54.25 -0.0794772
54.26 -0.0771372
54.27 -0.0745021
54.28 -0.0715783
54.29 -0.0683775
54.3 -0.0649175
54.31 -0.0612154
54.32 -0.0572933
54.33 -0.0532018
54.34 -0.0489782
54.35 -0.0446626
54.36 -0.0402974
54.37 -0.0359257
54.38 -0.0315908
54.39 -0.02734
54.4 -0.0232211
54.41 -0.0192652
54.42 -0.0155042
54.43 -0.0119649
54.44 -0.00866855
54.45 -0.00562958
54.46 -0.00285579
54.47 -0.000360987
54.48 0.00186295
54.49 0.00384442
54.5 0.0056047
54.51 0.00717079
54.52 0.00857462
54.53 0.00985212
54.54 0.0110421
54.55 0.0121848
54.56 0.0133273
54.57 0.014511
54.58 0.0157729
54.59 0.0171467
54.6 0.0186612
54.61 0.0203391
54.62 0.0221971
54.63 0.0242582
54.64 0.026514
54.65 0.0289509
54.66 0.0315527
54.67 0.034296
54.68 0.0371503
54.69 0.0400792
54.7 0.0430412
54.71 0.0459858
54.72 0.0488607
54.73 0.0516171
54.74 0.0542065
54.75 0.0565824
54.76 0.058702
54.77 0.0605271
54.78 0.0620257
54.79 0.0631366
54.8 0.0638762
54.81 0.0642392
54.82 0.064228
54.83 0.063854
54.84 0.0631373
54.85 0.062106
54.86 0.0607938
54.87 0.0592282
54.88 0.0574826
54.89 0.0556093
54.9 0.0536625
54.91 0.0516971
54.92 0.0497668
54.93 0.0479234
54.94 0.0462181
54.95 0.0447081
54.96 0.0434166
54.97 0.0423704
54.98 0.0415885
54.99 0.041081
55 0.0408498
55.01 0.0408878
55.02 0.0411877
55.03 0.0417313
55.04 0.0424708
55.05 0.0433701
55.06 0.0443891
55.07 0.0454849
55.08 0.0466136
55.09 0.047731
55.1 0.0487906
55.11 0.049747
55.12 0.0505693
55.13 0.0512288
55.14 0.0517027
55.15 0.0519753
55.16 0.0520381
55.17 0.0518894
55.18 0.0515243
55.19 0.0509601
55.2 0.050226
55.21 0.049347
55.22 0.0483521
55.23 0.0472734
55.24 0.0461445
55.25 0.0449995
55.26 0.0438751
55.27 0.0428051
55.28 0.041816
55.29 0.0409304
55.3 0.040166
55.31 0.0395347
55.32 0.0390424
55.33 0.0386886
55.34 0.0384767
55.35 0.0383843
55.36 0.0383902
55.37 0.0384716
55.38 0.0386024
55.39 0.0387541
55.4 0.0388972
55.41 0.0390024
55.42 0.0390326
55.43 0.0389659
55.44 0.0387811
55.45 0.0384612
55.46 0.0379943
55.47 0.0373743
55.48 0.0366007
55.49 0.035679
55.5 0.0346097
55.51 0.0334254
55.52 0.0321494
55.53 0.0308083
55.54 0.0294321
55.55 0.0280523
55.56 0.0267011
55.57 0.0254113
55.58 0.0242222
55.59 0.023154
55.6 0.0222284
55.61 0.0214618
55.62 0.0208648
55.63 0.020442
55.64 0.0201909
55.65 0.0201069
55.66 0.020179
55.67 0.0203727
55.68 0.0206603
55.69 0.0210101
55.7 0.0213869
55.71 0.0217541
55.72 0.0220741
55.73 0.0223053
55.74 0.0224061
55.75 0.0223513
55.76 0.0221152
55.77 0.0216773
55.78 0.0210239
55.79 0.020148
55.8 0.01905
55.81 0.0177278
55.82 0.0161994
55.83 0.014499
55.84 0.0126558
55.85 0.0107041
55.86 0.00868174
55.87 0.00662933
55.88 0.00458854
55.89 0.00260678
55.9 0.000727
55.91 -0.00101732
55.92 -0.00259516
55.93 -0.0039813
55.94 -0.0051572
55.95 -0.00611171
55.96 -0.00684154
55.97 -0.00733593
55.98 -0.00762084
55.99 -0.00772411
56 -0.00767451
56.01 -0.00750661
56.02 -0.00725966
56.03 -0.00697629
56.04 -0.00670106
56.05 -0.00648747
56.06 -0.00637944
56.07 -0.00641648
56.08 -0.00663446
56.09 -0.00706357
56.1 -0.00772715
56.11 -0.00864088
56.12 -0.00981207
56.13 -0.0112636
56.14 -0.0129583
56.15 -0.0148746
56.16 -0.0169836
56.17 -0.0192495
56.18 -0.0216302
56.19 -0.0240787
56.2 -0.0265442
56.21 -0.0289658
56.22 -0.03129
56.23 -0.0334658
56.24 -0.0354452
56.25 -0.037185
56.26 -0.0386474
56.27 -0.0398018
56.28 -0.0406177
56.29 -0.0410597
56.3 -0.0411506
56.31 -0.0408953
56.32 -0.0403072
56.33 -0.0394075
56.34 -0.0382245
56.35 -0.0367927
56.36 -0.0351459
56.37 -0.0333271
56.38 -0.0313957
56.39 -0.0293977
56.4 -0.0273782
56.41 -0.02538
56.42 -0.0234422
56.43 -0.0215995
56.44 -0.0198879
56.45 -0.0183339
56.46 -0.0169452
56.47 -0.0157296
56.48 -0.0146883
56.49 -0.013816
56.5 -0.0131018
56.51 -0.0125295
56.52 -0.0120845
56.53 -0.0117384
56.54 -0.0114604
56.55 -0.0112242
56.56 -0.0110041
56.57 -0.0107763
56.58 -0.0105194
56.59 -0.0102157
56.6 -0.00984654
56.61 -0.00940512
56.62 -0.00889069
56.63 -0.00830561
56.64 -0.00765709
56.65 -0.00695683
56.66 -0.00622043
56.67 -0.00546672
56.68 -0.00471906
56.69 -0.00400227
56.7 -0.0033392
56.71 -0.00275201
56.72 -0.00226108
56.73 -0.00188417
56.74 -0.00163564
56.75 -0.00152589
56.76 -0.00157448
56.77 -0.00176975
56.78 -0.00210595
56.79 -0.00257409
56.8 -0.00316114
56.81 -0.00385063
56.82 -0.00462341
56.83 -0.00545867
56.84 -0.00633619
56.85 -0.00722894
56.86 -0.00811712
56.87 -0.00898352
56.88 -0.00981438
56.89 -0.0106002
56.9 -0.0113364
56.91 -0.012023
56.92 -0.0126649
56.93 -0.0132793
56.94 -0.013885
56.95 -0.0145052
56.96 -0.0151673
56.97 -0.0159016
56.98 -0.0167406
56.99 -0.017722
57 -0.0188899
57.01 -0.0202635
57.02 -0.0218687
57.03 -0.0237267
57.04 -0.0258521
57.05 -0.0282524
57.06 -0.0309274
57.07 -0.0338776
57.08 -0.0370871
57.09 -0.0405105
57.1 -0.0441102
57.11 -0.0478408
57.12 -0.0516499
57.13 -0.0554792
57.14 -0.0592664
57.15 -0.062937
57.16 -0.0664159
57.17 -0.0696438
57.18 -0.0725589
57.19 -0.0751043
57.2 -0.0772294
57.21 -0.0788919
57.22 -0.080059
57.23 -0.0806744
57.24 -0.0807405
57.25 -0.0802803
57.26 -0.0793085
57.27 -0.0778514
57.28 -0.0759458
57.29 -0.073638
57.3 -0.0709828
57.31 -0.0680252
57.32 -0.0648535
57.33 -0.0615447
57.34 -0.058169
57.35 -0.054795
57.36 -0.0514878
57.37 -0.0483067
57.38 -0.0453043
57.39 -0.0425463
57.4 -0.0400518
57.41 -0.0378376
57.42 -0.0359122
57.43 -0.0342728
57.44 -0.032905
57.45 -0.0317837
57.46 -0.0308743
57.47 -0.0301451
57.48 -0.0295242
57.49 -0.0289549
57.5 -0.028378
57.51 -0.0277333
57.52 -0.0269621
57.53 -0.0260089
57.54 -0.0248205
57.55 -0.023327
57.56 -0.0215174
57.57 -0.0193686
57.58 -0.0168683
57.59 -0.0140152
57.6 -0.0108192
57.61 -0.00730159
57.62 -0.00348864
57.63 0.000586792
57.64 0.00485047
57.65 0.00924413
57.66 0.0137046
57.67 0.0181659
57.68 0.0225605
57.69 0.0268222
57.7 0.0308783
57.71 0.0346545
57.72 0.0381135
57.73 0.0412121
57.74 0.0439164
57.75 0.0462023
57.76 0.0480561
57.77 0.049475
57.78 0.0504478
57.79 0.050992
57.8 0.0511605
57.81 0.0509905
57.82 0.0505261
57.83 0.0498163
57.84 0.0489141
57.85 0.0478741
57.86 0.0467499
57.87 0.0456026
57.88 0.044485
57.89 0.0434418
57.9 0.0425116
57.91 0.0417261
57.92 0.0411091
57.93 0.0406763
57.94 0.0404482
57.95 0.0404154
57.96 0.0405608
57.97 0.0408668
57.98 0.0413094
57.99 0.0418595
58 0.0424842
58.01 0.0431479
58.02 0.0438112
58.03 0.044434
58.04 0.0449819
58.05 0.0454237
58.06 0.0457323
58.07 0.0458858
58.08 0.0458678
58.09 0.0456684
58.1 0.0452673
58.11 0.0446847
58.12 0.043933
58.13 0.0430292
58.14 0.041995
58.15 0.0408566
58.16 0.0396437
58.17 0.038388
58.18 0.0371249
58.19 0.0358908
58.2 0.034717
58.21 0.0336322
58.22 0.032662
58.23 0.0318274
58.24 0.0311445
58.25 0.030627
58.26 0.0302915
58.27 0.0301217
58.28 0.0301099
58.29 0.0302429
58.3 0.0305028
58.31 0.0308675
58.32 0.0313114
58.33 0.031807
58.34 0.032322
58.35 0.0328228
58.36 0.0332799
58.37 0.0336654
58.38 0.0339538
58.39 0.034123
58.4 0.0341546
58.41 0.0340286
58.42 0.0337318
58.43 0.0332711
58.44 0.0326488
58.45 0.0318722
58.46 0.0309533
58.47 0.029908
58.48 0.0287561
58.49 0.0275174
58.5 0.0262206
58.51 0.0248963
58.52 0.0235715
58.53 0.022273
58.54 0.0210262
58.55 0.019855
58.56 0.0187804
58.57 0.0178289
58.58 0.0170135
58.59 0.0163397
58.6 0.0158133
58.61 0.0154361
58.62 0.015206
58.63 0.0151167
58.64 0.0151588
58.65 0.0153271
58.66 0.0155982
58.67 0.0159509
58.68 0.0163655
58.69 0.0168213
58.7 0.0172973
58.71 0.0177727
58.72 0.0182275
58.73 0.0186378
58.74 0.0189877
58.75 0.0192633
58.76 0.0194522
58.77 0.0195444
58.78 0.0195329
58.79 0.0194131
58.8 0.0191832
58.81 0.0188333
58.82 0.018378
58.83 0.0178233
58.84 0.0171768
58.85 0.0164479
58.86 0.0156471
58.87 0.0147857
58.88 0.0138755
58.89 0.0129271
58.9 0.0119568
58.91 0.0109764
58.92 0.00999684
58.93 0.00902804
58.94 0.00807885
58.95 0.00715672
58.96 0.00626845
58.97 0.0054208
58.98 0.00461329
58.99 0.00384645
59 0.00311904
59.01 0.00242821
59.02 0.00176947
59.03 0.0011369
59.04 0.000523581
59.05 -7.97418e-05
59.06 -0.000683815
59.07 -0.00129885
59.08 -0.00193543
59.09 -0.00260427
59.1 -0.0033159
59.11 -0.00408036
59.12 -0.00491018
59.13 -0.00581504
59.14 -0.00679783
59.15 -0.00786316
59.16 -0.00901365
59.17 -0.0102497
59.18 -0.0115693
59.19 -0.0129679
59.2 -0.0144421
59.21 -0.0159793
59.22 -0.0175637
59.23 -0.01918
59.24 -0.0208108
59.25 -0.0224369
59.26 -0.0240374
59.27 -0.0255906
59.28 -0.0270673
59.29 -0.0284451
59.3 -0.0297043
59.31 -0.0308242
59.32 -0.0317856
59.33 -0.0325718
59.34 -0.0331688
59.35 -0.0335658
59.36 -0.0337385
59.37 -0.0336971
59.38 -0.0334477
59.39 -0.0329968
59.4 -0.032355
59.41 -0.0315371
59.42 -0.0305618
59.43 -0.0294512
59.44 -0.0282227
59.45 -0.0269161
59.46 -0.0255615
59.47 -0.0241891
59.48 -0.022829
59.49 -0.0215104
59.5 -0.0202607
59.51 -0.0191057
59.52 -0.0180798
59.53 -0.0171904
59.54 -0.0164502
59.55 -0.0158669
59.56 -0.0154431
59.57 -0.0151763
59.58 -0.015059
59.59 -0.0150805
59.6 -0.0152297
59.61 -0.0154735
59.62 -0.0157868
59.63 -0.0161424
59.64 -0.0165116
59.65 -0.016865
59.66 -0.0171737
59.67 -0.0174073
59.68 -0.0175333
59.69 -0.017536
59.7 -0.0173979
59.71 -0.0171062
59.72 -0.0166529
59.73 -0.0160356
59.74 -0.015257
59.75 -0.0143199
59.76 -0.0132369
59.77 -0.0120365
59.78 -0.0107417
59.79 -0.0093787
59.8 -0.00797629
59.81 -0.00656462
59.82 -0.00517439
59.83 -0.00384019
59.84 -0.00259434
59.85 -0.00146
59.86 -0.000459736
59.87 0.000387828
59.88 0.00106856
59.89 0.00157314
59.9 0.00189728
59.91 0.00203046
59.92 0.00198456
59.93 0.00177718
59.94 0.0014231
59.95 0.000940138
59.96 0.000348345
59.97 -0.000330862
59.98 -0.00107565
59.99 -0.00186656
60 -0.00267968
60.01 -0.0034972
60.02 -0.00430562
60.03 -0.00509532
60.04 -0.00586098
60.05 -0.0066018
60.06 -0.00732162
60.07 -0.00802872
60.08 -0.00873828
60.09 -0.00946722
60.1 -0.0102349
60.11 -0.0110626
60.12 -0.0119721
60.13 -0.012985
60.14 -0.0141215
60.15 -0.0154145
60.16 -0.0168645
60.17 -0.0184793
60.18 -0.0202612
60.19 -0.0222062
60.2 -0.0243038
60.21 -0.0265365
60.22 -0.0288809
60.23 -0.0313085
60.24 -0.0337718
60.25 -0.0362278
60.26 -0.0386298
60.27 -0.0409286
60.28 -0.0430738
60.29 -0.0450154
60.3 -0.0466983
60.31 -0.0480569
60.32 -0.0490732
60.33 -0.0497157
60.34 -0.0499607
60.35 -0.0497936
60.36 -0.0492092
60.37 -0.0482122
60.38 -0.0468048
60.39 -0.0450047
60.4 -0.0428749
60.41 -0.0404606
60.42 -0.0378144
60.43 -0.0349945
60.44 -0.0320637
60.45 -0.029087
60.46 -0.0261343
60.47 -0.0232789
60.48 -0.0205791
60.49 -0.0180894
60.5 -0.015857
60.51 -0.0139205
60.52 -0.0123087
60.53 -0.0110397
60.54 -0.0101407
60.55 -0.00959904
60.56 -0.00938148
60.57 -0.00945896
60.58 -0.00979293
60.59 -0.0103366
60.6 -0.0110366
60.61 -0.0118343
60.62 -0.0126665
60.63 -0.0134622
60.64 -0.01416
60.65 -0.014703
60.66 -0.01504
60.67 -0.0151269
60.68 -0.0149285
60.69 -0.0144197
60.7 -0.0135587
60.71 -0.0123648
60.72 -0.010855
60.73 -0.00905112
60.74 -0.00698528
60.75 -0.00469849
60.76 -0.00223938
60.77 0.000337482
60.78 0.00297334
60.79 0.00559704
60.8 0.00814832
60.81 0.0105702
60.82 0.0128104
60.83 0.0148236
60.84 0.0165728
60.85 0.0180288
60.86 0.0191463
60.87 0.0199513
60.88 0.0204528
60.89 0.020671
60.9 0.0206368
60.91 0.0203903
60.92 0.01998
60.93 0.0194598
60.94 0.0188924
60.95 0.0183475
60.96 0.0178862
60.97 0.0175661
60.98 0.0174403
60.99 0.0175541
61 0.0179444
61.01 0.0186463
61.02 0.0196881
61.03 0.0210461
61.04 0.0227061
61.05 0.0246408
61.06 0.026811
61.07 0.0291661
61.08 0.0316461
61.09 0.0341822
61.1 0.0366903
61.11 0.03909
61.12 0.0413037
61.13 0.043256
61.14 0.0448765
61.15 0.0461019
61.16 0.0468786
61.17 0.0471368
61.18 0.0468477
61.19 0.046024
61.2 0.0446696
61.21 0.0428038
61.22 0.0404604
61.23 0.0376876
61.24 0.0345464
61.25 0.031095
61.26 0.0274337
61.27 0.0236618
61.28 0.0198715
61.29 0.0161554
61.3 0.0126037
61.31 0.00930181
61.32 0.00632734
61.33 0.00378271
61.34 0.00170659
61.35 0.000127344
61.36 -0.000932112
61.37 -0.00146471
61.38 -0.00147934
61.39 -0.0010005
61.4 -6.73869e-05
61.41 0.00129734
61.42 0.0029911
61.43 0.00493356
61.44 0.00704312
61.45 0.00923468
61.46 0.0114225
61.47 0.0135229
61.48 0.0154573
61.49 0.0171244
61.5 0.0184838
61.51 0.0194893
61.52 0.0201089
61.53 0.0203251
61.54 0.0201361
61.55 0.0195552
61.56 0.0186073
61.57 0.0173156
61.58 0.0157697
61.59 0.0140374
61.6 0.0121939
61.61 0.0103197
61.62 0.00849756
61.63 0.00680977
61.64 0.00534226
61.65 0.00419131
61.66 0.00340135
61.67 0.00302308
61.68 0.00309412
61.69 0.00363761
61.7 0.00466141
61.71 0.00615765
61.72 0.00811729
61.73 0.0105079
61.74 0.0132447
61.75 0.0162607
61.76 0.0194792
61.77 0.0228162
61.78 0.0261834
61.79 0.0294904
61.8 0.0326366
61.81 0.0355241
61.82 0.0380849
61.83 0.0402515
61.84 0.0419684
61.85 0.0431932
61.86 0.0438983
61.87 0.0440712
61.88 0.0436853
61.89 0.042773
61.9 0.0413937
61.91 0.0395974
61.92 0.0374459
61.93 0.0350102
61.94 0.0323682
61.95 0.0296021
61.96 0.0267995
61.97 0.0240537
61.98 0.0214436
61.99 0.0190399
62 0.0169043
62.01 0.0150873
62.02 0.0136268
62.03 0.0125467
62.04 0.0118886
62.05 0.0116192
62.06 0.0117085
62.07 0.0121204
62.08 0.0128068
62.09 0.0137096
62.1 0.0147624
62.11 0.0158927
62.12 0.017018
62.13 0.0180549
62.14 0.0189298
62.15 0.0195741
62.16 0.0199264
62.17 0.0199346
62.18 0.0195579
62.19 0.0187654
62.2 0.0175033
62.21 0.0158142
62.22 0.0137143
62.23 0.0112334
62.24 0.00841385
62.25 0.0053088
62.26 0.00198103
62.27 -0.00150062
62.28 -0.00505707
62.29 -0.00859817
62.3 -0.0120459
62.31 -0.0153249
62.32 -0.018365
62.33 -0.0211033
62.34 -0.0234857
62.35 -0.0254562
62.36 -0.0269631
62.37 -0.0280202
62.38 -0.0286252
62.39 -0.0287893
62.4 -0.0285358
62.41 -0.0278998
62.42 -0.0269269
62.43 -0.025662
62.44 -0.0241709
62.45 -0.0225368
62.46 -0.0208283
62.47 -0.0191139
62.48 -0.0174598
62.49 -0.0159276
62.5 -0.0145726
62.51 -0.0134563
62.52 -0.0126188
62.53 -0.0120737
62.54 -0.0118345
62.55 -0.011903
62.56 -0.0122697
62.57 -0.0129144
62.58 -0.0138071
62.59 -0.0149195
62.6 -0.0161928
62.61 -0.0175672
62.62 -0.0189866
62.63 -0.0203941
62.64 -0.0217331
62.65 -0.02295
62.66 -0.0239953
62.67 -0.0248062
62.68 -0.0253555
62.69 -0.0256234
62.7 -0.0255942
62.71 -0.0252623
62.72 -0.0246318
62.73 -0.023717
62.74 -0.0225408
62.75 -0.021118
62.76 -0.0195096
62.77 -0.0177639
62.78 -0.0159304
62.79 -0.0140608
62.8 -0.012207
62.81 -0.0104199
62.82 -0.00874719
62.83 -0.00725221
62.84 -0.00595849
62.85 -0.00489483
62.86 -0.00408202
62.87 -0.00353237
62.88 -0.00324941
62.89 -0.00322799
62.9 -0.00345734
62.91 -0.00393074
62.92 -0.00459679
62.93 -0.00542067
62.94 -0.00636356
62.95 -0.00738409
62.96 -0.00843991
62.97 -0.00948917
62.98 -0.0104901
62.99 -0.0113983
63 -0.0121879
63.01 -0.0128351
63.02 -0.0133234
63.03 -0.0136438
63.04 -0.0137957
63.05 -0.0137864
63.06 -0.0136271
63.07 -0.013341
63.08 -0.0129688
63.09 -0.0125475
63.1 -0.0121183
63.11 -0.0117257
63.12 -0.0114155
63.13 -0.0112336
63.14 -0.0112349
63.15 -0.0114669
63.16 -0.0119558
63.17 -0.012731
63.18 -0.0138148
63.19 -0.0152215
63.2 -0.0169564
63.21 -0.0190158
63.22 -0.0214038
63.23 -0.0240885
63.24 -0.0270236
63.25 -0.0301679
63.26 -0.0334732
63.27 -0.0368851
63.28 -0.0403447
63.29 -0.0437898
63.3 -0.047146
63.31 -0.0503454
63.32 -0.0533281
63.33 -0.0560353
63.34 -0.0584128
63.35 -0.0604121
63.36 -0.0619923
63.37 -0.0631201
63.38 -0.0637303
63.39 -0.0638394
63.4 -0.0634528
63.41 -0.0625774
63.42 -0.0612292
63.43 -0.0594332
63.44 -0.0572225
63.45 -0.0546375
63.46 -0.051699
63.47 -0.0484934
63.48 -0.0450791
63.49 -0.0415148
63.5 -0.0378599
63.51 -0.0341734
63.52 -0.0305122
63.53 -0.0269311
63.54 -0.0234958
63.55 -0.020241
63.56 -0.0172032
63.57 -0.0144122
63.58 -0.0118901
63.59 -0.0096515
63.6 -0.00770324
63.61 -0.00604947
63.62 -0.00469832
63.63 -0.00360883
63.64 -0.00275784
63.65 -0.00211678
63.66 -0.00165248
63.67 -0.0013282
63.68 -0.00110456
63.69 -0.000941087
63.7 -0.000792096
63.71 -0.000613222
63.72 -0.000365713
63.73 -1.35686e-05
63.74 0.000475623
63.75 0.00112995
63.76 0.00197253
63.77 0.00303024
63.78 0.00431938
63.79 0.0058319
63.8 0.00756592
63.81 0.00951354
63.82 0.0116611
63.83 0.0139894
63.84 0.0164743
63.85 0.0190926
63.86 0.0218063
63.87 0.0245737
63.88 0.0273572
63.89 0.030118
63.9 0.032817
63.91 0.0354158
63.92 0.0378774
63.93 0.0401535
63.94 0.0422143
63.95 0.0440388
63.96 0.0456042
63.97 0.0468924
63.98 0.0478902
63.99 0.0485898
64 0.0489889
64.01 0.0490678
64.02 0.0488524
64.03 0.0483637
64.04 0.0476204
64.05 0.0466448
64.06 0.0454627
64.07 0.0441026
64.08 0.0425948
64.09 0.0409638
64.1 0.0392539
64.11 0.0374983
64.12 0.0357278
64.13 0.0339714
64.14 0.0322559
64.15 0.030605
64.16 0.0290392
64.17 0.0275868
64.18 0.0262506
64.19 0.0250384
64.2 0.0239538
64.21 0.0229964
64.22 0.0221619
64.23 0.0214429
64.24 0.0208295
64.25 0.0203139
64.26 0.0198708
64.27 0.0194831
64.28 0.0191328
64.29 0.0188016
64.3 0.0184718
64.31 0.0181266
64.32 0.0177496
64.33 0.0173239
64.34 0.0168418
64.35 0.0162956
64.36 0.0156808
64.37 0.0149957
64.38 0.0142418
64.39 0.0134232
64.4 0.0125455
64.41 0.0116183
64.42 0.0106574
64.43 0.00967653
64.44 0.00869072
64.45 0.00771548
64.46 0.0067665
64.47 0.00585914
64.48 0.00501124
64.49 0.00423782
64.5 0.00354673
64.51 0.00294668
64.52 0.00244398
64.53 0.00204228
64.54 0.0017425
64.55 0.00154282
64.56 0.00144407
64.57 0.00143615
64.58 0.00150535
64.59 0.00163997
64.6 0.0018268
64.61 0.00205157
64.62 0.0022994
64.63 0.00255525
64.64 0.00280294
64.65 0.00302752
64.66 0.00321708
64.67 0.00336123
64.68 0.00345174
64.69 0.00348282
64.7 0.00345129
64.71 0.0033568
64.72 0.0031972
64.73 0.00298285
64.74 0.00272349
64.75 0.00243029
64.76 0.00211668
64.77 0.00179797
64.78 0.00149096
64.79 0.00121358
64.8 0.000990763
64.81 0.000838419
64.82 0.000774429
64.83 0.000815973
64.84 0.000978805
64.85 0.00127682
64.86 0.00172167
64.87 0.00232348
64.88 0.00310296
64.89 0.00404746
64.9 0.00515586
64.91 0.00642368
64.92 0.007843
64.93 0.00940257
64.94 0.011088
64.95 0.0128833
64.96 0.0147714
64.97 0.0167203
64.98 0.0187048
64.99 0.0206981
65 0.0226723
65.01 0.0245989
65.02 0.026449
65.03 0.0281902
65.04 0.0297864
65.05 0.0312194
65.06 0.0324653
65.07 0.0335026
65.08 0.0343124
65.09 0.0348791
65.1 0.0351905
65.11 0.0352267
65.12 0.0349788
65.13 0.034463
65.14 0.0336841
65.15 0.0326509
65.16 0.0313766
65.17 0.0298781
65.18 0.0281759
65.19 0.0262857
65.2 0.0242398
65.21 0.0220762
65.22 0.0198267
65.23 0.0175242
65.24 0.0152024
65.25 0.0128947
65.26 0.0106338
65.27 0.00845855
65.28 0.00639869
65.29 0.00447722
65.3 0.00271641
65.31 0.00113457
65.32 -0.000254491
65.33 -0.00144178
65.34 -0.00242339
65.35 -0.0031852
65.36 -0.00374674
65.37 -0.00412573
65.38 -0.00434013
65.39 -0.00441235
65.4 -0.0043688
65.41 -0.0042392
65.42 -0.00405594
65.43 -0.00385466
65.44 -0.00367533
65.45 -0.00355304
65.46 -0.00352145
65.47 -0.00361205
65.48 -0.00385319
65.49 -0.00426925
65.5 -0.00488004
65.51 -0.00572121
65.52 -0.00677946
65.53 -0.00805478
65.54 -0.00954046
65.55 -0.011223
65.56 -0.0130823
65.57 -0.0150921
65.58 -0.0172212
65.59 -0.0194341
65.6 -0.0216783
65.61 -0.0239087
65.62 -0.0260779
65.63 -0.0281381
65.64 -0.0300418
65.65 -0.0317435
65.66 -0.0331933
65.67 -0.0343341
65.68 -0.0351534
65.69 -0.0356256
65.7 -0.0357325
65.71 -0.0354635
65.72 -0.0348162
65.73 -0.0337966
65.74 -0.0324065
65.75 -0.0306628
65.76 -0.0286198
65.77 -0.0263159
65.78 -0.023795
65.79 -0.0211057
65.8 -0.0183005
65.81 -0.0154336
65.82 -0.012563
65.83 -0.00975116
65.84 -0.00705043
65.85 -0.00450993
65.86 -0.00217415
65.87 -8.20162e-05
65.88 0.00173399
65.89 0.00324855
65.9 0.00442396
65.91 0.0052568
65.92 0.00576016
65.93 0.00594178
65.94 0.00581663
65.95 0.00540624
65.96 0.00473793
65.97 0.00384384
65.98 0.00274896
65.99 0.00150477
66 0.000156628
66.01 -0.00125553
66.02 -0.00269305
66.03 -0.0041196
66.04 -0.00550218
66.05 -0.00681195
66.06 -0.00801511
66.07 -0.00909871
66.08 -0.0100529
66.09 -0.010872
66.1 -0.011556
66.11 -0.0121103
66.12 -0.0125452
66.13 -0.0128755
66.14 -0.013113
66.15 -0.013289
66.16 -0.0134271
66.17 -0.0135512
66.18 -0.0136849
66.19 -0.013851
66.2 -0.0140701
66.21 -0.0143611
66.22 -0.0147476
66.23 -0.0152333
66.24 -0.0158247
66.25 -0.0165242
66.26 -0.0173305
66.27 -0.0182383
66.28 -0.0192391
66.29 -0.0203228
66.3 -0.0214779
66.31 -0.0226821
66.32 -0.0239188
66.33 -0.0251712
66.34 -0.0264231
66.35 -0.0276596
66.36 -0.0288674
66.37 -0.030034
66.38 -0.0311486
66.39 -0.0322091
66.4 -0.0332134
66.41 -0.0341625
66.42 -0.0350596
66.43 -0.0359102
66.44 -0.0367216
66.45 -0.0375013
66.46 -0.0382591
66.47 -0.0390055
66.48 -0.0397481
66.49 -0.040493
66.5 -0.0412443
66.51 -0.0420032
66.52 -0.0427676
66.53 -0.0435321
66.54 -0.0442862
66.55 -0.0450168
66.56 -0.045708
66.57 -0.0463407
66.58 -0.0468937
66.59 -0.0473443
66.6 -0.0476688
66.61 -0.0478321
66.62 -0.047814
66.63 -0.0475996
66.64 -0.0471717
66.65 -0.0465171
66.66 -0.0456269
66.67 -0.0444975
66.68 -0.0431309
66.69 -0.0415181
66.7 -0.0396882
66.71 -0.0376674
66.72 -0.0354821
66.73 -0.0331634
66.74 -0.0307466
66.75 -0.0282698
66.76 -0.025773
66.77 -0.0233027
66.78 -0.0209009
66.79 -0.0186052
66.8 -0.0164497
66.81 -0.0144642
66.82 -0.0126726
66.83 -0.011092
66.84 -0.00973282
66.85 -0.00861836
66.86 -0.0077183
66.87 -0.00701646
66.88 -0.00648893
66.89 -0.00610468
66.9 -0.00582647
66.91 -0.00561187
66.92 -0.00541414
66.93 -0.00517678
66.94 -0.00484953
66.95 -0.00438423
66.96 -0.00373568
66.97 -0.00286319
66.98 -0.00173211
66.99 -0.000315159
67 0.00141444
67.01 0.00348176
67.02 0.00586027
67.03 0.00853636
67.04 0.0114861
67.05 0.0146759
67.06 0.018063
67.07 0.0215964
67.08 0.0252196
67.09 0.0288621
67.1 0.0324521
67.11 0.0359222
67.12 0.0392059
67.13 0.0422398
67.14 0.0449655
67.15 0.0473312
67.16 0.0492723
67.17 0.0507512
67.18 0.0517697
67.19 0.0523203
67.2 0.052408
67.21 0.05205
67.22 0.0512753
67.23 0.0501245
67.24 0.0486318
67.25 0.046872
67.26 0.0449255
67.27 0.0428646
67.28 0.0407641
67.29 0.0386988
67.3 0.0367419
67.31 0.034962
67.32 0.0334437
67.33 0.032235
67.34 0.0313712
67.35 0.0308828
67.36 0.0307881
67.37 0.0310922
67.38 0.0317874
67.39 0.0328529
67.4 0.0342805
67.41 0.0359967
67.42 0.0379395
67.43 0.0400448
67.44 0.0422426
67.45 0.044459
67.46 0.046619
67.47 0.048648
67.48 0.0504487
67.49 0.0519693
67.5 0.0531542
67.51 0.0539562
67.52 0.0543394
67.53 0.0542798
67.54 0.0537659
67.55 0.0527963
67.56 0.0513513
67.57 0.0495038
67.58 0.0472957
67.59 0.0447793
67.6 0.0420157
67.61 0.0390725
67.62 0.0360223
67.63 0.0329416
67.64 0.0299172
67.65 0.0270241
67.66 0.0243309
67.67 0.0219001
67.68 0.0197859
67.69 0.0180328
67.7 0.0166746
67.71 0.0157469
67.72 0.0152757
67.73 0.0152264
67.74 0.0155817
67.75 0.0163133
67.76 0.0173828
67.77 0.018743
67.78 0.0203394
67.79 0.0221169
67.8 0.0240049
67.81 0.0259288
67.82 0.0278243
67.83 0.0296303
67.84 0.0312902
67.85 0.0327537
67.86 0.033978
67.87 0.0349126
67.88 0.0355342
67.89 0.0358437
67.9 0.0358396
67.91 0.0355304
67.92 0.0349339
67.93 0.0340768
67.94 0.0329928
67.95 0.0317125
67.96 0.0302926
67.97 0.0287874
67.98 0.0272456
67.99 0.0257153
68 0.0242418
68.01 0.0228664
68.02 0.0216251
68.03 0.0205618
68.04 0.0196897
68.05 0.0190165
68.06 0.0185446
68.07 0.018268
68.08 0.0181718
68.09 0.0182334
68.1 0.018423
68.11 0.0187092
68.12 0.019039
68.13 0.0193664
68.14 0.0196446
68.15 0.0198264
68.16 0.0198661
68.17 0.0197209
68.18 0.0193516
68.19 0.0186972
68.2 0.0177557
68.21 0.0165098
68.22 0.0149503
68.23 0.0130767
68.24 0.0108968
68.25 0.00842688
68.26 0.00568795
68.27 0.00269848
68.28 -0.000479418
68.29 -0.00380142
68.3 -0.00721937
68.31 -0.0106827
68.32 -0.0141395
68.33 -0.0175383
68.34 -0.0208252
68.35 -0.0239402
68.36 -0.0268504
68.37 -0.0295194
68.38 -0.0319172
68.39 -0.0340207
68.4 -0.0358139
68.41 -0.0372887
68.42 -0.0384329
68.43 -0.0392472
68.44 -0.0397678
68.45 -0.0400167
68.46 -0.0400218
68.47 -0.0398157
68.48 -0.0394349
68.49 -0.0389186
68.5 -0.038305
68.51 -0.0376412
68.52 -0.0369725
68.53 -0.0363375
68.54 -0.0357724
68.55 -0.0353097
68.56 -0.0349775
68.57 -0.0347993
68.58 -0.0348043
68.59 -0.0350019
68.6 -0.0353903
68.61 -0.035969
68.62 -0.0367318
68.63 -0.0376672
68.64 -0.038759
68.65 -0.0399864
68.66 -0.0413311
68.67 -0.0427567
68.68 -0.0442298
68.69 -0.0457182
68.7 -0.0471891
68.71 -0.0486094
68.72 -0.0499466
68.73 -0.0511697
68.74 -0.0522348
68.75 -0.0531226
68.76 -0.0538124
68.77 -0.0542842
68.78 -0.0545219
68.79 -0.0545135
68.8 -0.0542507
68.81 -0.0537298
68.82 -0.0529265
68.83 -0.0518706
68.84 -0.0505728
68.85 -0.0490465
68.86 -0.0473087
68.87 -0.0453798
68.88 -0.0432831
68.89 -0.0410433
68.9 -0.0386819
68.91 -0.0362417
68.92 -0.0337534
68.93 -0.0312486
68.94 -0.0287587
68.95 -0.0263145
68.96 -0.0239459
68.97 -0.0216838
68.98 -0.0195649
68.99 -0.0176032
69 -0.0158185
69.01 -0.014227
69.02 -0.0128412
69.03 -0.0116692
69.04 -0.0107152
69.05 -0.00998566
69.06 -0.00948256
69.07 -0.00918074
69.08 -0.00906594
69.09 -0.00912005
69.1 -0.00932147
69.11 -0.00964558
69.12 -0.0100652
69.13 -0.0105527
69.14 -0.0110741
69.15 -0.0115948
69.16 -0.0120839
69.17 -0.0125118
69.18 -0.0128505
69.19 -0.0130742
69.2 -0.0131603
69.21 -0.0130802
69.22 -0.012819
69.23 -0.0123745
69.24 -0.011742
69.25 -0.0109217
69.26 -0.00991848
69.27 -0.00874219
69.28 -0.00740707
69.29 -0.00592355
69.3 -0.00432168
69.31 -0.00263193
69.32 -0.000882418
69.33 0.000897162
69.34 0.00267633
69.35 0.00442457
69.36 0.00611211
69.37 0.00770141
69.38 0.00916927
69.39 0.0104952
69.4 0.01166
69.41 0.0126487
69.42 0.0134501
69.43 0.0140577
69.44 0.014469
69.45 0.0146689
69.46 0.0146806
69.47 0.0145168
69.48 0.0141914
69.49 0.0137211
69.5 0.0131248
69.51 0.0124229
69.52 0.0116364
69.53 0.010783
69.54 0.00989153
69.55 0.00898188
69.56 0.00807224
69.57 0.0071788
69.58 0.00631546
69.59 0.00549353
69.6 0.00472248
69.61 0.0040127
69.62 0.00336251
69.63 0.00277238
69.64 0.00224077
69.65 0.00176448
69.66 0.00133913
69.67 0.000959527
69.68 0.000621121
69.69 0.00031972
69.7 4.78743e-05
69.71 -0.000197845
69.72 -0.000419489
69.73 -0.000617519
69.74 -0.000790669
69.75 -0.00093592
69.76 -0.00104706
69.77 -0.00111593
69.78 -0.00113686
69.79 -0.00110129
69.8 -0.00100025
69.81 -0.000824896
69.82 -0.000566938
69.83 -0.000219214
69.84 0.000228822
69.85 0.000780859
69.86 0.00143234
69.87 0.0021807
69.88 0.00302032
69.89 0.00394236
69.9 0.00493484
69.91 0.00598274
69.92 0.00706936
69.93 0.0081709
69.94 0.00926363
69.95 0.0103241
69.96 0.0113285
69.97 0.0122533
69.98 0.013076
69.99 0.0137762
70 0.0143242
70.01 0.014711
70.02 0.0149305
70.03 0.0149776
70.04 0.0148515
70.05 0.0145566
70.06 0.0141024
70.07 0.013503
70.08 0.0127683
70.09 0.0119328
70.1 0.0110254
70.11 0.0100755
70.12 0.00911405
70.13 0.00817278
70.14 0.00728299
70.15 0.00647463
70.16 0.00578843
70.17 0.00523973
70.18 0.00484719
70.19 0.00462481
70.2 0.00458097
70.21 0.00471814
70.22 0.00503265
70.23 0.00551604
70.24 0.00616304
70.25 0.00693591
70.26 0.00780749
70.27 0.00874679
70.28 0.00971988
70.29 0.010691
70.3 0.0116237
70.31 0.0124797
70.32 0.0132145
70.33 0.0138041
70.34 0.014222
70.35 0.0144472
70.36 0.0144644
70.37 0.0142647
70.38 0.0138464
70.39 0.0132082
70.4 0.0123577
70.41 0.0113299
70.42 0.0101519
70.43 0.00885576
70.44 0.00747794
70.45 0.00605829
70.46 0.00463868
70.47 0.00326568
70.48 0.00198778
70.49 0.000841741
70.5 -0.000136448
70.51 -0.000915455
70.52 -0.00146963
70.53 -0.00177985
70.54 -0.00183414
70.55 -0.00161358
70.56 -0.00112621
70.57 -0.000396599
70.58 0.000555105
70.59 0.00170214
70.6 0.00301197
70.61 0.0044473
70.62 0.00596723
70.63 0.00752826
70.64 0.00907962
70.65 0.0105768
70.66 0.0119786
70.67 0.0132475
70.68 0.0143504
70.69 0.0152599
70.7 0.0159553
70.71 0.016404
70.72 0.0166137
70.73 0.0165927
70.74 0.0163514
70.75 0.0159075
70.76 0.0152849
70.77 0.0145129
70.78 0.0136252
70.79 0.0126551
70.8 0.0116518
70.81 0.0106553
70.82 0.0097037
70.83 0.00883293
70.84 0.00807522
70.85 0.0074582
70.86 0.00700458
70.87 0.0067483
70.88 0.00668064
70.89 0.00680242
70.9 0.00710771
70.91 0.0075842
70.92 0.00821381
70.93 0.0089734
70.94 0.00983683
70.95 0.0107755
70.96 0.0117489
70.97 0.0127247
70.98 0.0136718
70.99 0.0145612
71 0.0153676
71.01 0.0160701
71.02 0.0166493
71.03 0.0170888
71.04 0.0173954
71.05 0.0175733
71.06 0.0176327
71.07 0.0175896
71.08 0.0174648
71.09 0.0172835
71.1 0.0170738
71.11 0.0168696
71.12 0.0167031
71.13 0.0166034
71.14 0.0165975
71.15 0.0167085
71.16 0.0169547
71.17 0.0173487
71.18 0.0179042
71.19 0.0186188
71.2 0.0194742
71.21 0.0204527
71.22 0.0215295
71.23 0.0226736
71.24 0.0238486
71.25 0.0250136
71.26 0.0261188
71.27 0.0271145
71.28 0.0279584
71.29 0.0286079
71.3 0.0290245
71.31 0.0291749
71.32 0.0290327
71.33 0.0285794
71.34 0.0277813
71.35 0.0266557
71.36 0.0252236
71.37 0.0235075
71.38 0.0215393
71.39 0.0193599
71.4 0.0170177
71.41 0.0145676
71.42 0.0120705
71.43 0.00959844
71.44 0.00721535
71.45 0.00498265
71.46 0.00295798
71.47 0.00119322
71.48 -0.000267355
71.49 -0.00138874
71.5 -0.00210947
71.51 -0.00245286
71.52 -0.00242276
71.53 -0.00203473
71.54 -0.00131673
71.55 -0.000308515
71.56 0.000939449
71.57 0.0023684
71.58 0.00391253
71.59 0.00548259
71.6 0.00700238
71.61 0.0083957
71.62 0.00958885
71.63 0.0105131
71.64 0.0111071
71.65 0.0113099
71.66 0.0110531
71.67 0.0103443
71.68 0.00917401
71.69 0.00754807
71.7 0.00548751
71.71 0.00302825
71.72 0.000220259
71.73 -0.00288061
71.74 -0.00619773
71.75 -0.00962796
71.76 -0.0130814
71.77 -0.0164651
71.78 -0.0196866
71.79 -0.0226559
71.8 -0.0252895
71.81 -0.0274907
71.82 -0.029184
71.83 -0.0303467
71.84 -0.0309482
71.85 -0.0309751
71.86 -0.0304318
71.87 -0.0293407
71.88 -0.0277418
71.89 -0.0256701
71.9 -0.0232148
71.91 -0.020483
71.92 -0.0175727
71.93 -0.0145886
71.94 -0.0116394
71.95 -0.00883423
71.96 -0.00627957
71.97 -0.00410632
71.98 -0.00240113
71.99 -0.0012272
72 -0.000643793
72.01 -0.000692573
72.02 -0.00139609
72.03 -0.00275687
72.04 -0.00475709
72.05 -0.00740287
72.06 -0.0105919
72.07 -0.0142336
72.08 -0.0182347
72.09 -0.0224899
72.1 -0.026885
72.11 -0.0313004
72.12 -0.0356145
72.13 -0.0396762
72.14 -0.0433809
72.15 -0.0466283
72.16 -0.0493291
72.17 -0.0514099
72.18 -0.0528154
72.19 -0.0535102
72.2 -0.0534775
72.21 -0.0526599
72.22 -0.0511621
72.23 -0.049038
72.24 -0.0463598
72.25 -0.0432162
72.26 -0.0397092
72.27 -0.0359512
72.28 -0.0320613
72.29 -0.0281748
72.3 -0.024422
72.31 -0.0209183
72.32 -0.0177698
72.33 -0.0150703
72.34 -0.0128984
72.35 -0.011315
72.36 -0.0103793
72.37 -0.0101421
72.38 -0.0105506
72.39 -0.0115778
72.4 -0.013177
72.41 -0.0152828
72.42 -0.0178138
72.43 -0.0206753
72.44 -0.0237665
72.45 -0.026963
72.46 -0.0301368
72.47 -0.0331747
72.48 -0.035969
72.49 -0.0384207
72.5 -0.0404435
72.51 -0.0419657
72.52 -0.042903
72.53 -0.0432193
72.54 -0.0429332
72.55 -0.0420557
72.56 -0.0406186
72.57 -0.0386724
72.58 -0.0362853
72.59 -0.0335406
72.6 -0.0305242
72.61 -0.0273612
72.62 -0.0241722
72.63 -0.0210687
72.64 -0.0181597
72.65 -0.0155469
72.66 -0.0133224
72.67 -0.0115647
72.68 -0.0103794
72.69 -0.00978667
72.7 -0.00979169
72.71 -0.0103929
72.72 -0.0115677
72.73 -0.0132733
72.74 -0.0154479
72.75 -0.0180124
72.76 -0.02089
72.77 -0.0239422
72.78 -0.0270505
72.79 -0.0300971
72.8 -0.0329644
72.81 -0.0355396
72.82 -0.0377174
72.83 -0.0394046
72.84 -0.0404598
72.85 -0.0408751
72.86 -0.0406153
72.87 -0.0396649
72.88 -0.0380304
72.89 -0.0357403
72.9 -0.0328437
72.91 -0.0294051
72.92 -0.0254846
72.93 -0.0212341
72.94 -0.0167681
72.95 -0.0122079
72.96 -0.0076774
72.97 -0.00329988
72.98 0.00080665
72.99 0.00452247
73 0.00771389
73.01 0.0103358
73.02 0.0123306
73.03 0.0136614
73.04 0.0143135
73.05 0.0142951
73.06 0.0136367
73.07 0.0123735
73.08 0.0105719
73.09 0.0083652
73.1 0.00586199
73.11 0.00318154
73.12 0.000450179
73.13 -0.00220271
73.14 -0.00464875
73.15 -0.00674409
73.16 -0.00835639
73.17 -0.00940713
73.18 -0.00981519
73.19 -0.00951876
73.2 -0.00847733
73.21 -0.00667295
73.22 -0.00411094
73.23 -0.000780815
73.24 0.00324683
73.25 0.00786394
73.26 0.0129762
73.27 0.0184742
73.28 0.0242368
73.29 0.0301349
73.3 0.0360352
73.31 0.0417858
73.32 0.0472479
73.33 0.0523073
73.34 0.0568568
73.35 0.060805
73.36 0.0640783
73.37 0.0666232
73.38 0.0684074
73.39 0.0693591
73.4 0.0695429
73.41 0.0690128
73.42 0.0678272
73.43 0.0660624
73.44 0.0638093
73.45 0.0611712
73.46 0.0582597
73.47 0.0551882
73.48 0.0520984
73.49 0.0491059
73.5 0.0463181
73.51 0.0438323
73.52 0.0417327
73.53 0.0400881
73.54 0.0389524
73.55 0.03841
73.56 0.0384195
73.57 0.0389703
73.58 0.0400331
73.59 0.0415613
73.6 0.0434929
73.61 0.0457527
73.62 0.0482572
73.63 0.0509123
73.64 0.0536006
73.65 0.0562234
73.66 0.0586853
73.67 0.0608967
73.68 0.0627768
73.69 0.0642559
73.7 0.0652635
73.71 0.0657324
73.72 0.065675
73.73 0.0650858
73.74 0.0639757
73.75 0.0623709
73.76 0.0603119
73.77 0.0578518
73.78 0.0550436
73.79 0.0519636
73.8 0.0487102
73.81 0.0453637
73.82 0.0420039
73.83 0.0387074
73.84 0.0355449
73.85 0.0325794
73.86 0.0298789
73.87 0.0274883
73.88 0.0254208
73.89 0.0236887
73.9 0.0222913
73.91 0.021215
73.92 0.020434
73.93 0.019912
73.94 0.0196136
73.95 0.0194729
73.96 0.0194235
73.97 0.0194046
73.98 0.0193555
73.99 0.0192178
74 0.0189381
74.01 0.0184692
74.02 0.0177529
74.03 0.01677
74.04 0.0155112
74.05 0.0139721
74.06 0.0121604
74.07 0.0100946
74.08 0.007804
74.09 0.0053272
74.1 0.00270341
74.11 2.00471e-06
74.12 -0.00271686
74.13 -0.00539295
74.14 -0.00796626
74.15 -0.010379
74.16 -0.0125777
74.17 -0.0145149
74.18 -0.0161176
74.19 -0.0173839
74.2 -0.0182961
74.21 -0.0188469
74.22 -0.0190399
74.23 -0.0188895
74.24 -0.0184205
74.25 -0.0176645
74.26 -0.0166495
74.27 -0.0154516
74.28 -0.0141259
74.29 -0.0127305
74.3 -0.0113245
74.31 -0.00996603
74.32 -0.00871075
74.33 -0.0076143
74.34 -0.00673774
74.35 -0.00610438
74.36 -0.00574191
74.37 -0.00566899
74.38 -0.00589488
74.39 -0.00641946
74.4 -0.00723349
74.41 -0.00832762
74.42 -0.00968053
74.43 -0.0112409
74.44 -0.0129704
74.45 -0.0148274
74.46 -0.0167683
74.47 -0.0187489
74.48 -0.0207264
74.49 -0.0226562
74.5 -0.0244962
74.51 -0.0262185
74.52 -0.0277978
74.53 -0.0292154
74.54 -0.0304591
74.55 -0.0315234
74.56 -0.032409
74.57 -0.0331138
74.58 -0.0336545
74.59 -0.0340563
74.6 -0.0343398
74.61 -0.0345279
74.62 -0.0346446
74.63 -0.0347135
74.64 -0.0347572
74.65 -0.0347969
74.66 -0.0348514
74.67 -0.0349335
74.68 -0.0350511
74.69 -0.035208
74.7 -0.035403
74.71 -0.0356307
74.72 -0.0358817
74.73 -0.0361423
74.74 -0.0363944
74.75 -0.0366197
74.76 -0.0367994
74.77 -0.0369151
74.78 -0.0369494
74.79 -0.0368871
74.8 -0.036716
74.81 -0.036416
74.82 -0.0359932
74.83 -0.03545
74.84 -0.0347927
74.85 -0.034032
74.86 -0.0331835
74.87 -0.0322666
74.88 -0.031304
74.89 -0.030322
74.9 -0.0293519
74.91 -0.0284211
74.92 -0.0275566
74.93 -0.0267834
74.94 -0.0261237
74.95 -0.0255961
74.96 -0.0252171
74.97 -0.0250063
74.98 -0.0249527
74.99 -0.0250519
75 -0.0252935
75.01 -0.025661
75.02 -0.026133
75.03 -0.0266828
75.04 -0.0272807
75.05 -0.0278894
75.06 -0.0284705
75.07 -0.0289879
75.08 -0.0294066
75.09 -0.0296933
75.1 -0.0298179
75.11 -0.0297545
75.12 -0.029473
75.13 -0.0289525
75.14 -0.0281985
75.15 -0.0272104
75.16 -0.025994
75.17 -0.0245617
75.18 -0.0229319
75.19 -0.0211283
75.2 -0.0191733
75.21 -0.0171042
75.22 -0.0149624
75.23 -0.0127839
75.24 -0.0106042
75.25 -0.00845723
75.26 -0.00637469
75.27 -0.00438454
75.28 -0.002519
75.29 -0.000794619
75.3 0.000781815
75.31 0.00220517
75.32 0.00347637
75.33 0.00460212
75.34 0.00559457
75.35 0.00647058
75.36 0.00724555
75.37 0.00795107
75.38 0.0086154
75.39 0.00926487
75.4 0.00992505
75.41 0.0106196
75.42 0.0113692
75.43 0.0121906
75.44 0.0131037
75.45 0.0141085
75.46 0.015203
75.47 0.0163805
75.48 0.0176281
75.49 0.0189274
75.5 0.0202547
75.51 0.0215823
75.52 0.0228722
75.53 0.0240905
75.54 0.0252023
75.55 0.0261729
75.56 0.0269692
75.57 0.027561
75.58 0.0279219
75.59 0.0280278
75.6 0.027841
75.61 0.0273773
75.62 0.0266366
75.63 0.0256258
75.64 0.024359
75.65 0.0228572
75.66 0.0211474
75.67 0.0192591
75.68 0.0172264
75.69 0.0151037
75.7 0.0129338
75.71 0.0107601
75.72 0.00862509
75.73 0.00656927
75.74 0.00462968
75.75 0.0028452
75.76 0.00125135
75.77 -0.000142573
75.78 -0.00132387
75.79 -0.00228687
75.8 -0.003033
75.81 -0.0035705
75.82 -0.00391403
75.83 -0.00407711
75.84 -0.0040878
75.85 -0.00398532
75.86 -0.00380202
75.87 -0.00357144
75.88 -0.00332708
75.89 -0.00310123
75.9 -0.00292376
75.91 -0.00282685
75.92 -0.00283349
75.93 -0.00295596
75.94 -0.0032041
75.95 -0.00358176
75.96 -0.00408673
75.97 -0.00471089
75.98 -0.00544066
75.99 -0.00626197
76 -0.00714552
76.01 -0.00806208
76.02 -0.00898309
76.03 -0.00987907
76.04 -0.0107208
76.05 -0.0114802
76.06 -0.0121316
76.07 -0.0126402
76.08 -0.0129947
76.09 -0.0131848
76.1 -0.013203
76.11 -0.0130471
76.12 -0.0127201
76.13 -0.0122301
76.14 -0.0115899
76.15 -0.0108057
76.16 -0.00991158
76.17 -0.00893169
76.18 -0.00789051
76.19 -0.0068129
76.2 -0.00572306
76.21 -0.00464367
76.22 -0.00359523
76.23 -0.00260059
76.24 -0.00166876
76.25 -0.000807731
76.26 -2.0982e-05
76.27 0.000692548
76.28 0.00133829
76.29 0.00192571
76.3 0.00246729
76.31 0.0029789
76.32 0.00348242
76.33 0.00399705
76.34 0.00454197
76.35 0.00513545
76.36 0.00579391
76.37 0.00653112
76.38 0.00736022
76.39 0.00829193
76.4 0.00932049
76.41 0.0104419
76.42 0.0116475
76.43 0.012924
76.44 0.0142539
76.45 0.0156161
76.46 0.0169858
76.47 0.0183329
76.48 0.0196296
76.49 0.0208487
76.5 0.0219639
76.51 0.0229513
76.52 0.0237899
76.53 0.0244627
76.54 0.0249475
76.55 0.0252376
76.56 0.0253414
76.57 0.0252643
76.58 0.0250169
76.59 0.0246154
76.6 0.0240801
76.61 0.0234357
76.62 0.0227061
76.63 0.0219268
76.64 0.0211309
76.65 0.0203479
76.66 0.0196059
76.67 0.0189295
76.68 0.01834
76.69 0.0178535
76.7 0.0174899
76.71 0.0172477
76.72 0.017121
76.73 0.0171004
76.74 0.0171708
76.75 0.0173112
76.76 0.0174964
76.77 0.0176968
76.78 0.0178762
76.79 0.017999
76.8 0.0180323
76.81 0.0179444
76.82 0.0177068
76.83 0.0172952
76.84 0.0166908
76.85 0.0158811
76.86 0.01484
76.87 0.013593
76.88 0.0121527
76.89 0.0105399
76.9 0.00878269
76.91 0.00691628
76.92 0.00498173
76.93 0.00302526
76.94 0.00110387
76.95 -0.000729859
76.96 -0.00242491
76.97 -0.00393229
76.98 -0.0052067
76.99 -0.00620818
77 -0.0069036
77.01 -0.00725983
77.02 -0.0072414
77.03 -0.00687117
77.04 -0.00615639
77.05 -0.00511493
77.06 -0.00377486
77.07 -0.00217393
77.08 -0.000358529
77.09 0.00162098
77.1 0.00369997
77.11 0.00580391
77.12 0.00786669
77.13 0.00982257
77.14 0.0116083
77.15 0.0131649
77.16 0.01444
77.17 0.0153718
77.18 0.0159198
77.19 0.0160805
77.2 0.0158442
77.21 0.0152138
77.22 0.014204
77.23 0.0128416
77.24 0.0111646
77.25 0.0092086
77.26 0.00704323
77.27 0.00474449
77.28 0.00238195
77.29 2.75065e-05
77.3 -0.00224675
77.31 -0.00437079
77.32 -0.00627877
77.33 -0.00788777
77.34 -0.00915316
77.35 -0.0100444
77.36 -0.0105337
77.37 -0.0106054
77.38 -0.0102565
77.39 -0.00949667
77.4 -0.00834801
77.41 -0.00681861
77.42 -0.00498195
77.43 -0.00290018
77.44 -0.000636078
77.45 0.00174242
77.46 0.00416431
77.47 0.00655771
77.48 0.00885198
77.49 0.0109582
77.5 0.012825
77.51 0.0144009
77.52 0.0156427
77.53 0.0165173
77.54 0.017003
77.55 0.0170894
77.56 0.0167761
77.57 0.016044
77.58 0.0149577
77.59 0.0135534
77.6 0.0118755
77.61 0.00997522
77.62 0.00790886
77.63 0.00573575
77.64 0.00351678
77.65 0.00131923
77.66 -0.000797546
77.67 -0.00278197
77.68 -0.0045887
77.69 -0.00617989
77.7 -0.00752614
77.71 -0.00860716
77.72 -0.00940397
77.73 -0.00990449
77.74 -0.0101387
77.75 -0.010125
77.76 -0.00988921
77.77 -0.0094634
77.78 -0.00888449
77.79 -0.00819285
77.8 -0.00742961
77.81 -0.00664211
77.82 -0.00587482
77.83 -0.00516524
77.84 -0.00454651
77.85 -0.00404637
77.86 -0.00368633
77.87 -0.00348106
77.88 -0.00344682
77.89 -0.00358218
77.9 -0.00387118
77.91 -0.00429945
77.92 -0.00484722
77.93 -0.00549027
77.94 -0.00620107
77.95 -0.00695003
77.96 -0.00770529
77.97 -0.00843344
77.98 -0.00910701
77.99 -0.00970196
78 -0.0101985
78.01 -0.010582
78.02 -0.0108433
78.03 -0.0109795
78.04 -0.0109849
78.05 -0.0108772
78.06 -0.0106754
78.07 -0.0104002
78.08 -0.0100766
78.09 -0.00973226
78.1 -0.00939685
78.11 -0.00910045
78.12 -0.00888116
78.13 -0.00876333
78.14 -0.00876957
78.15 -0.0089189
78.16 -0.00922506
78.17 -0.00969583
78.18 -0.0103326
78.19 -0.01113
78.2 -0.0120895
78.21 -0.0131753
78.22 -0.0143621
78.23 -0.0156199
78.24 -0.0169147
78.25 -0.0182102
78.26 -0.0194684
78.27 -0.0206501
78.28 -0.0217063
78.29 -0.0226111
78.3 -0.0233357
78.31 -0.0238564
78.32 -0.0241559
78.33 -0.0242237
78.34 -0.0240567
78.35 -0.0236544
78.36 -0.0230196
78.37 -0.0221911
78.38 -0.0211966
78.39 -0.0200697
78.4 -0.0188482
78.41 -0.0175736
78.42 -0.0162894
78.43 -0.0150423
78.44 -0.0138832
78.45 -0.0128492
78.46 -0.0119763
78.47 -0.0112951
78.48 -0.0108297
78.49 -0.0105972
78.5 -0.0106065
78.51 -0.0108696
78.52 -0.0113782
78.53 -0.0121016
78.54 -0.0130144
78.55 -0.0140846
78.56 -0.0152741
78.57 -0.0165404
78.58 -0.0178376
78.59 -0.019114
78.6 -0.0203159
78.61 -0.0213979
78.62 -0.0223167
78.63 -0.0230336
78.64 -0.0235156
78.65 -0.0237363
78.66 -0.0236769
78.67 -0.023306
78.68 -0.0226347
78.69 -0.0216804
78.7 -0.02046
78.71 -0.0189981
78.72 -0.0173264
78.73 -0.0154825
78.74 -0.0135089
78.75 -0.0114487
78.76 -0.00936038
78.77 -0.00729407
78.78 -0.00529718
78.79 -0.00341453
78.8 -0.00168704
78.81 -0.000150569
78.82 0.00116507
78.83 0.00221217
78.84 0.00299701
78.85 0.00351518
78.86 0.00376863
78.87 0.00376687
78.88 0.00352647
78.89 0.00307045
78.9 0.00242643
78.91 0.00161768
78.92 0.000698608
78.93 -0.000291811
78.94 -0.00131407
78.95 -0.00232933
78.96 -0.00330066
78.97 -0.00419407
78.98 -0.00497711
78.99 -0.00561366
79 -0.00609475
79.01 -0.00640803
79.02 -0.00654729
79.03 -0.0065125
79.04 -0.00630949
79.05 -0.00594964
79.06 -0.00544567
79.07 -0.00481602
79.08 -0.00409497
79.09 -0.00330907
79.1 -0.00248597
79.11 -0.00165337
79.12 -0.000838042
79.13 -6.48939e-05
79.14 0.000640366
79.15 0.00125568
79.16 0.00177153
79.17 0.00217901
79.18 0.00247408
79.19 0.00265762
79.2 0.00273532
79.21 0.00271741
79.22 0.00261485
79.23 0.00244893
79.24 0.00224477
79.25 0.00202564
79.26 0.00181585
79.27 0.00163993
79.28 0.00152173
79.29 0.00148361
79.3 0.00155346
79.31 0.00174689
79.32 0.00207291
79.33 0.00254003
79.34 0.00315236
79.35 0.00390944
79.36 0.00480624
79.37 0.00583332
79.38 0.00698472
79.39 0.00823429
79.4 0.00955794
79.41 0.0109318
79.42 0.0123303
79.43 0.0137265
79.44 0.0150935
79.45 0.0164047
79.46 0.0176251
79.47 0.0187358
79.48 0.0197174
79.49 0.0205529
79.5 0.0212286
79.51 0.021735
79.52 0.0220669
79.53 0.022223
79.54 0.0221901
79.55 0.0219941
79.56 0.0216475
79.57 0.0211659
79.58 0.0205683
79.59 0.0198762
79.6 0.0191134
79.61 0.0183046
79.62 0.0174774
79.63 0.0166618
79.64 0.0158837
79.65 0.0151677
79.66 0.0145371
79.67 0.0140129
79.68 0.0136137
79.69 0.0133588
79.7 0.0132694
79.71 0.0133423
79.72 0.0135816
79.73 0.0139874
79.74 0.014556
79.75 0.0152799
79.76 0.0161478
79.77 0.0171489
79.78 0.0182659
79.79 0.0194688
79.8 0.0207336
79.81 0.0220342
79.82 0.0233428
79.83 0.0246306
79.84 0.0258684
79.85 0.0270216
79.86 0.0280571
79.87 0.0289519
79.88 0.0296808
79.89 0.0302205
79.9 0.0305509
79.91 0.0306551
79.92 0.03052
79.93 0.0301215
79.94 0.02946
79.95 0.0285469
79.96 0.0273888
79.97 0.0259966
79.98 0.0243865
79.99 0.0225789
80 0.0205991
80.01 0.0184682
80.02 0.016229
80.03 0.013922
80.04 0.0115855
80.05 0.00925922
80.06 0.00698362
80.07 0.00479878
80.08 0.00274368
80.09 0.000872276
80.1 -0.00078957
80.11 -0.00221538
80.12 -0.00338034
80.13 -0.00426493
80.14 -0.00485543
80.15 -0.00514438
80.16 -0.00513082
80.17 -0.0047932
80.18 -0.00417303
80.19 -0.00329226
80.2 -0.0021773
80.21 -0.000859967
80.22 0.000623132
80.23 0.00223146
80.24 0.00392167
80.25 0.00564648
80.26 0.00735242
80.27 0.0089936
80.28 0.0105258
80.29 0.0119076
80.3 0.0131013
80.31 0.0140744
80.32 0.0147945
80.33 0.0152223
80.34 0.0153665
80.35 0.0152224
80.36 0.014793
80.37 0.0140884
80.38 0.0131262
80.39 0.0119303
80.4 0.0105261
80.41 0.00894703
80.42 0.00724793
80.43 0.00547245
80.44 0.00366605
80.45 0.00187474
80.46 0.000143856
80.47 -0.00148312
80.48 -0.002958
80.49 -0.00423744
80.5 -0.0053005
80.51 -0.00612352
80.52 -0.00668959
80.53 -0.00698894
80.54 -0.00701918
80.55 -0.00678532
80.56 -0.00628698
80.57 -0.00554862
80.58 -0.00460875
80.59 -0.0034995
80.6 -0.00225736
80.61 -0.000922189
80.62 0.000463894
80.63 0.0018577
80.64 0.00321095
80.65 0.00447831
80.66 0.00562262
80.67 0.00660909
80.68 0.00740755
80.69 0.00799323
80.7 0.00834742
80.71 0.00845783
80.72 0.0082995
80.73 0.00788866
80.74 0.00724054
80.75 0.00637087
80.76 0.00530108
80.77 0.00405763
80.78 0.00267126
80.79 0.00117601
80.8 -0.000394731
80.81 -0.00199383
80.82 -0.00358256
80.83 -0.00512397
80.84 -0.00658312
80.85 -0.00792791
80.86 -0.00912997
80.87 -0.0101651
80.88 -0.0109944
80.89 -0.0116226
80.9 -0.0120431
80.91 -0.0122548
80.92 -0.0122624
80.93 -0.0120758
80.94 -0.01171
80.95 -0.0111826
80.96 -0.0105094
80.97 -0.0097315
80.98 -0.008878
80.99 -0.00797957
81 -0.00706739
81.01 -0.00617237
81.02 -0.0053244
81.03 -0.00455415
81.04 -0.00389524
81.05 -0.00336348
81.06 -0.00297719
81.07 -0.00275082
81.08 -0.00269467
81.09 -0.00281485
81.1 -0.00311325
81.11 -0.0035939
81.12 -0.00425421
81.13 -0.0050724
81.14 -0.00603499
81.15 -0.00712592
81.16 -0.00832708
81.17 -0.00961886
81.18 -0.0109807
81.19 -0.0123931
81.2 -0.0138325
81.21 -0.0152767
81.22 -0.0167072
81.23 -0.018107
81.24 -0.0194614
81.25 -0.0207576
81.26 -0.0219855
81.27 -0.0231326
81.28 -0.0241951
81.29 -0.0251741
81.3 -0.0260702
81.31 -0.026886
81.32 -0.027626
81.33 -0.0282964
81.34 -0.0289046
81.35 -0.0294556
81.36 -0.0299616
81.37 -0.030433
81.38 -0.0308783
81.39 -0.0313053
81.4 -0.0317207
81.41 -0.03213
81.42 -0.0325369
81.43 -0.0329436
81.44 -0.0333498
81.45 -0.0337535
81.46 -0.0341502
81.47 -0.0345341
81.48 -0.0348973
81.49 -0.0352304
81.5 -0.0355231
81.51 -0.0357575
81.52 -0.0359253
81.53 -0.0360144
81.54 -0.0360128
81.55 -0.0359093
81.56 -0.0356935
81.57 -0.0353569
81.58 -0.0348915
81.59 -0.034281
81.6 -0.0335359
81.61 -0.0326573
81.62 -0.0316491
81.63 -0.0305182
81.64 -0.0292741
81.65 -0.0279293
81.66 -0.0264975
81.67 -0.0249936
81.68 -0.0234439
81.69 -0.0218693
81.7 -0.0202915
81.71 -0.0187325
81.72 -0.017214
81.73 -0.015757
81.74 -0.0143839
81.75 -0.0131181
81.76 -0.011968
81.77 -0.0109447
81.78 -0.0100559
81.79 -0.0093057
81.8 -0.00869394
81.81 -0.00821662
81.82 -0.00787057
81.83 -0.00764359
81.84 -0.00751211
81.85 -0.00745682
81.86 -0.00745591
81.87 -0.00748574
81.88 -0.0075215
81.89 -0.00753802
81.9 -0.0075068
81.91 -0.00740191
81.92 -0.00720483
81.93 -0.00689792
81.94 -0.00646732
81.95 -0.00590353
81.96 -0.00520191
81.97 -0.00436303
81.98 -0.00338488
81.99 -0.00228529
82 -0.00108673
82.01 0.00018799
82.02 0.00151176
82.03 0.00285387
82.04 0.00418086
82.05 0.00545747
82.06 0.00663807
82.07 0.0076885
82.08 0.00857752
82.09 0.00927503
82.1 0.00975518
82.11 0.00999745
82.12 0.00998756
82.13 0.00971826
82.14 0.00916721
82.15 0.00836581
82.16 0.00733545
82.17 0.00610285
82.18 0.00470239
82.19 0.00317545
82.2 0.00156959
82.21 -6.25343e-05
82.22 -0.00165553
82.23 -0.00314869
82.24 -0.00448263
82.25 -0.00559933
82.26 -0.00644379
82.27 -0.00696568
82.28 -0.00712093
82.29 -0.00686737
82.3 -0.00614364
82.31 -0.00497099
82.32 -0.00334581
82.33 -0.00127596
82.34 0.00121904
82.35 0.00410823
82.36 0.00734969
82.37 0.0108973
82.38 0.0146938
82.39 0.0186466
82.4 0.0226799
82.41 0.026714
82.42 0.0306677
82.43 0.03446
82.44 0.0380127
82.45 0.0412375
82.46 0.0440496
82.47 0.0464131
82.48 0.048282
82.49 0.0496217
82.5 0.0504104
82.51 0.0506392
82.52 0.0503131
82.53 0.0494254
82.54 0.0480118
82.55 0.0461463
82.56 0.0438856
82.57 0.0412956
82.58 0.0384495
82.59 0.0354257
82.6 0.0323062
82.61 0.0291781
82.62 0.0261333
82.63 0.023249
82.64 0.0205965
82.65 0.0182392
82.66 0.0162312
82.67 0.0146159
82.68 0.013425
82.69 0.0127108
82.7 0.0124586
82.71 0.0126467
82.72 0.0132537
82.73 0.0142473
82.74 0.0155847
82.75 0.0172145
82.76 0.0190785
82.77 0.0211217
82.78 0.0232583
82.79 0.0254175
82.8 0.0275323
82.81 0.0295386
82.82 0.0313775
82.83 0.0329962
82.84 0.0343499
82.85 0.0353709
82.86 0.0360603
82.87 0.036406
82.88 0.0364049
82.89 0.0360641
82.9 0.0354003
82.91 0.0344388
82.92 0.0332113
82.93 0.031743
82.94 0.0301041
82.95 0.0283435
82.96 0.0265118
82.97 0.0246596
82.98 0.0228359
82.99 0.0210864
83 0.0194558
83.01 0.0179931
83.02 0.0167162
83.03 0.015646
83.04 0.0147956
83.05 0.0141705
83.06 0.013769
83.07 0.0135817
83.08 0.0135985
83.09 0.0138013
83.1 0.0141489
83.11 0.0146104
83.12 0.0151523
83.13 0.01574
83.14 0.0163387
83.15 0.0169148
83.16 0.0174329
83.17 0.0178596
83.18 0.0181744
83.19 0.0183575
83.2 0.018394
83.21 0.018274
83.22 0.0179923
83.23 0.0175487
83.24 0.016939
83.25 0.0161743
83.26 0.015274
83.27 0.0142528
83.28 0.0131271
83.29 0.0119146
83.3 0.010633
83.31 0.00929984
83.32 0.00793045
83.33 0.00654257
83.34 0.00514996
83.35 0.00376304
83.36 0.00238986
83.37 0.00103611
83.38 -0.000294803
83.39 -0.00160146
83.4 -0.00288242
83.41 -0.00414097
83.42 -0.00538024
83.43 -0.00660307
83.44 -0.00781203
83.45 -0.00900906
83.46 -0.010195
83.47 -0.0113691
83.48 -0.0125277
83.49 -0.013667
83.5 -0.0147808
83.51 -0.015861
83.52 -0.0168981
83.53 -0.0178813
83.54 -0.018799
83.55 -0.0196391
83.56 -0.0203802
83.57 -0.0210197
83.58 -0.0215482
83.59 -0.0219588
83.6 -0.0222467
83.61 -0.0224101
83.62 -0.0224504
83.63 -0.0223707
83.64 -0.0221722
83.65 -0.0218776
83.66 -0.0215019
83.67 -0.0210633
83.68 -0.0205818
83.69 -0.0200792
83.7 -0.0195783
83.71 -0.0191031
83.72 -0.0186808
83.73 -0.0183299
83.74 -0.0180686
83.75 -0.0179122
83.76 -0.0178724
83.77 -0.0179568
83.78 -0.0181688
83.79 -0.0185114
83.8 -0.0189803
83.81 -0.0195557
83.82 -0.0202218
83.83 -0.0209587
83.84 -0.0217435
83.85 -0.0225509
83.86 -0.0233537
83.87 -0.024121
83.88 -0.0248213
83.89 -0.0254299
83.9 -0.0259227
83.91 -0.0262782
83.92 -0.0264787
83.93 -0.0265107
83.94 -0.0263654
83.95 -0.0260276
83.96 -0.0255035
83.97 -0.0248078
83.98 -0.0239524
83.99 -0.0229541
84 -0.021833
84.01 -0.0206126
84.02 -0.0193186
84.03 -0.0179771
84.04 -0.0166211
84.05 -0.0152793
84.06 -0.013978
84.07 -0.0127413
84.08 -0.0115906
84.09 -0.0105441
84.1 -0.00961628
84.11 -0.00882919
84.12 -0.0081802
84.13 -0.00766865
84.14 -0.00729216
84.15 -0.00704497
84.16 -0.00691839
84.17 -0.0069014
84.18 -0.0069813
84.19 -0.00715115
84.2 -0.00738801
84.21 -0.00767821
84.22 -0.00800957
84.23 -0.00837161
84.24 -0.00875595
84.25 -0.00915662
84.26 -0.00957025
84.27 -0.00999711
84.28 -0.0104381
84.29 -0.0108972
84.3 -0.0113799
84.31 -0.0118928
84.32 -0.0124427
84.33 -0.0130362
84.34 -0.0136798
84.35 -0.0143806
84.36 -0.0151354
84.37 -0.0159418
84.38 -0.016794
84.39 -0.0176827
84.4 -0.0185946
84.41 -0.0195128
84.42 -0.0204157
84.43 -0.0212754
84.44 -0.0220672
84.45 -0.0227638
84.46 -0.0233373
84.47 -0.0237609
84.48 -0.0240094
84.49 -0.0240605
84.5 -0.0238858
84.51 -0.0234681
84.52 -0.0228139
84.53 -0.0219243
84.54 -0.0208073
84.55 -0.0194785
84.56 -0.017961
84.57 -0.0162849
84.58 -0.0144824
84.59 -0.0126036
84.6 -0.0107016
84.61 -0.00882741
84.62 -0.00703328
84.63 -0.00537123
84.64 -0.00389134
84.65 -0.00263996
84.66 -0.00167868
84.67 -0.00103486
84.68 -0.000722409
84.69 -0.000754442
84.7 -0.00113323
84.71 -0.00184967
84.72 -0.00288311
84.73 -0.00420147
84.74 -0.00577687
84.75 -0.00753538
84.76 -0.00940862
84.77 -0.0113268
84.78 -0.0132156
84.79 -0.0149984
84.8 -0.0165984
84.81 -0.0179413
84.82 -0.0189215
84.83 -0.019499
84.84 -0.0196265
84.85 -0.019265
84.86 -0.0183885
84.87 -0.0169857
84.88 -0.0150603
84.89 -0.0126302
84.9 -0.00968957
84.91 -0.00634031
84.92 -0.00264801
84.93 0.00131025
84.94 0.00544798
84.95 0.00967165
84.96 0.0138833
84.97 0.01798
84.98 0.0218379
84.99 0.0253752
85 0.0285071
85.01 0.0311588
85.02 0.0332681
85.03 0.0347873
85.04 0.0356843
85.05 0.0359277
85.06 0.0354913
85.07 0.0344473
85.08 0.0328363
85.09 0.0307143
85.1 0.0281509
85.11 0.0252273
85.12 0.0220335
85.13 0.0186635
85.14 0.0152281
85.15 0.0118367
85.16 0.00858529
85.17 0.00556322
85.18 0.00285065
85.19 0.000516186
85.2 -0.00138511
85.21 -0.00278829
85.22 -0.00366821
85.23 -0.00404632
85.24 -0.00393617
85.25 -0.00336707
85.26 -0.00238288
85.27 -0.00104024
85.28 0.000593519
85.29 0.00245098
85.3 0.00443559
85.31 0.00645557
85.32 0.00842843
85.33 0.0102757
85.34 0.0119259
85.35 0.0133165
85.36 0.0143967
85.37 0.0151012
85.38 0.0154227
85.39 0.0153664
85.4 0.0149433
85.41 0.014179
85.42 0.0131131
85.43 0.0117971
85.44 0.0102932
85.45 0.0086679
85.46 0.00701275
85.47 0.00540752
85.48 0.00392907
85.49 0.00265026
85.5 0.00163713
85.51 0.000946457
85.52 0.000623555
85.53 0.000741299
85.54 0.00127795
85.55 0.00223016
85.56 0.00358018
85.57 0.00529504
85.58 0.00732748
85.59 0.00961748
85.6 0.012095
85.61 0.0146807
85.62 0.0172724
85.63 0.0197821
85.64 0.0221228
85.65 0.0242118
85.66 0.0259731
85.67 0.0273409
85.68 0.0282513
85.69 0.0286327
85.7 0.0285023
85.71 0.0278576
85.72 0.0267134
85.73 0.0251015
85.74 0.0230699
85.75 0.0206812
85.76 0.018005
85.77 0.0151317
85.78 0.0121749
85.79 0.00923341
85.8 0.00640636
85.81 0.00379009
85.82 0.00147489
85.83 -0.000458084
85.84 -0.00191692
85.85 -0.00283537
85.86 -0.00320526
85.87 -0.00301026
85.88 -0.00225266
85.89 -0.000953416
85.9 0.000848358
85.91 0.00309658
85.92 0.0057361
85.93 0.00866555
85.94 0.0117718
85.95 0.0149516
85.96 0.0180989
85.97 0.0211075
85.98 0.0238755
85.99 0.0263076
86 0.0282852
86.01 0.0297452
86.02 0.0306492
86.03 0.0309625
86.04 0.0306689
86.05 0.0297715
86.06 0.0282925
86.07 0.0262722
86.08 0.0237354
86.09 0.0207933
86.1 0.0175439
86.11 0.0140843
86.12 0.0105178
86.13 0.0069499
86.14 0.0034855
86.15 0.000225155
86.16 -0.00270295
86.17 -0.00523562
86.18 -0.00730989
86.19 -0.00887583
86.2 -0.0099008
86.21 -0.0103704
86.22 -0.0102886
86.23 -0.00967635
86.24 -0.00853237
86.25 -0.00696724
86.26 -0.00505326
86.27 -0.00287333
86.28 -0.000518035
86.29 0.00191741
86.3 0.00433646
86.31 0.00664146
86.32 0.00871962
86.33 0.0105032
86.34 0.0119252
86.35 0.0129322
86.36 0.0134864
86.37 0.0135668
86.38 0.0131695
86.39 0.0122964
86.4 0.0109625
86.41 0.00925157
86.42 0.00722636
86.43 0.00496066
86.44 0.00253671
86.45 4.23206e-05
86.46 -0.0024322
86.47 -0.00478943
86.48 -0.00692872
86.49 -0.00878086
86.5 -0.0102792
86.51 -0.0113696
86.52 -0.0120122
86.53 -0.0121829
86.54 -0.0118741
86.55 -0.0110725
86.56 -0.0098096
86.57 -0.00815393
86.58 -0.00616402
86.59 -0.00391005
86.6 -0.00147148
86.61 0.00106571
86.62 0.00361187
86.63 0.00606595
86.64 0.00833203
86.65 0.0103332
86.66 0.011998
86.67 0.0132663
86.68 0.0140912
86.69 0.0144407
86.7 0.0142987
86.71 0.0136304
86.72 0.0124806
86.73 0.0108986
86.74 0.00893522
86.75 0.00665373
86.76 0.0041278
86.77 0.00143908
86.78 -0.00132554
86.79 -0.00406788
86.8 -0.00669219
86.81 -0.00911521
86.82 -0.0112605
86.83 -0.0130611
86.84 -0.0144619
86.85 -0.0154211
86.86 -0.0159119
86.87 -0.0158761
86.88 -0.0153675
86.89 -0.0144113
86.9 -0.0130461
86.91 -0.0113236
86.92 -0.00930716
86.93 -0.00706906
86.94 -0.00468814
86.95 -0.00225213
86.96 0.000142403
86.97 0.00241284
86.98 0.00448136
86.99 0.00627744
87 0.00774002
87.01 0.00881944
87.02 0.00946949
87.03 0.00964022
87.04 0.00936097
87.05 0.00864154
87.06 0.00750567
87.07 0.00599014
87.08 0.00414328
87.09 0.00202328
87.1 -0.000308235
87.11 -0.00277532
87.12 -0.00528984
87.13 -0.00777731
87.14 -0.010166
87.15 -0.0123892
87.16 -0.0143874
87.17 -0.0161103
87.18 -0.0175026
87.19 -0.0185307
87.2 -0.0192004
87.21 -0.0195127
87.22 -0.0194813
87.23 -0.0191316
87.24 -0.0185003
87.25 -0.0176335
87.26 -0.0165785
87.27 -0.0154058
87.28 -0.0141875
87.29 -0.0129884
87.3 -0.0118722
87.31 -0.0108992
87.32 -0.0101239
87.33 -0.00959348
87.34 -0.00936781
87.35 -0.0094663
87.36 -0.00989395
87.37 -0.0106535
87.38 -0.0117362
87.39 -0.0131222
87.4 -0.0147811
87.41 -0.0166736
87.42 -0.0187629
87.43 -0.0209778
87.44 -0.0232559
87.45 -0.0255369
87.46 -0.0277603
87.47 -0.0298679
87.48 -0.0318055
87.49 -0.0335244
87.5 -0.0349562
87.51 -0.0360883
87.52 -0.0369021
87.53 -0.0373865
87.54 -0.0375409
87.55 -0.0373747
87.56 -0.0369069
87.57 -0.0361645
87.58 -0.035165
87.59 -0.0339779
87.6 -0.0326508
87.61 -0.0312341
87.62 -0.0297793
87.63 -0.0283372
87.64 -0.0269559
87.65 -0.0256821
87.66 -0.0245685
87.67 -0.023636
87.68 -0.0229072
87.69 -0.0223965
87.7 -0.0221095
87.71 -0.0220429
87.72 -0.0221851
87.73 -0.0225208
87.74 -0.0230265
87.75 -0.023654
87.76 -0.0243642
87.77 -0.0251146
87.78 -0.0258607
87.79 -0.0265577
87.8 -0.0271617
87.81 -0.0276245
87.82 -0.0278999
87.83 -0.0279651
87.84 -0.0277943
87.85 -0.0273683
87.86 -0.0266752
87.87 -0.0257102
87.88 -0.0244758
87.89 -0.0229691
87.9 -0.0212096
87.91 -0.0192338
87.92 -0.0170698
87.93 -0.0147498
87.94 -0.012309
87.95 -0.0097842
87.96 -0.00721294
87.97 -0.00463415
87.98 -0.00208792
87.99 0.000392828
88 0.00277864
88.01 0.00504397
88.02 0.0071676
88.03 0.00913294
88.04 0.0109281
88.05 0.0125325
88.06 0.0139525
88.07 0.0151952
88.08 0.0162666
88.09 0.0171758
88.1 0.0179341
88.11 0.0185546
88.12 0.0190516
88.13 0.0194315
88.14 0.0197179
88.15 0.0199258
88.16 0.0200677
88.17 0.0201541
88.18 0.0201941
88.19 0.0201948
88.2 0.0201614
88.21 0.0200948
88.22 0.0199998
88.23 0.0198769
88.24 0.019726
88.25 0.0195463
88.26 0.0193369
88.27 0.0190975
88.28 0.0188281
88.29 0.0185278
88.3 0.0182022
88.31 0.0178558
88.32 0.0174945
88.33 0.0171257
88.34 0.0167582
88.35 0.0164022
88.36 0.0160694
88.37 0.0157748
88.38 0.0155283
88.39 0.0153411
88.4 0.015224
88.41 0.0151863
88.42 0.0152354
88.43 0.015377
88.44 0.0156174
88.45 0.0159599
88.46 0.016395
88.47 0.0169166
88.48 0.017516
88.49 0.0181817
88.5 0.0188998
88.51 0.0196546
88.52 0.0204285
88.53 0.0212007
88.54 0.0219511
88.55 0.0226611
88.56 0.0233126
88.57 0.0238891
88.58 0.0243762
88.59 0.0247616
88.6 0.0250293
88.61 0.0251743
88.62 0.0251996
88.63 0.0251067
88.64 0.0249005
88.65 0.0245893
88.66 0.0241842
88.67 0.023699
88.68 0.0231466
88.69 0.0225492
88.7 0.0219277
88.71 0.0213012
88.72 0.0206884
88.73 0.020107
88.74 0.0195731
88.75 0.0191009
88.76 0.0187085
88.77 0.0184002
88.78 0.018179
88.79 0.018046
88.8 0.0179989
88.81 0.0180319
88.82 0.0181364
88.83 0.0183009
88.84 0.0185141
88.85 0.0187549
88.86 0.0190054
88.87 0.0192479
88.88 0.0194645
88.89 0.0196382
88.9 0.0197529
88.91 0.0197944
88.92 0.019742
88.93 0.0195945
88.94 0.0193468
88.95 0.0189965
88.96 0.0185449
88.97 0.0179963
88.98 0.017358
88.99 0.0166392
89 0.0158495
89.01 0.0150104
89.02 0.014138
89.03 0.0132494
89.04 0.0123614
89.05 0.0114906
89.06 0.0106524
89.07 0.00986227
89.08 0.00913549
89.09 0.00847687
89.1 0.00789179
89.11 0.00738242
89.12 0.00694764
89.13 0.00658307
89.14 0.00628116
89.15 0.00603298
89.16 0.00582435
89.17 0.00563652
89.18 0.00545237
89.19 0.00525388
89.2 0.00502276
89.21 0.00474113
89.22 0.00439208
89.23 0.00395541
89.24 0.00341689
89.25 0.00277126
89.26 0.00201233
89.27 0.00113757
89.28 0.000148282
89.29 -0.000950308
89.3 -0.00214905
89.31 -0.0034395
89.32 -0.00480046
89.33 -0.00620848
89.34 -0.00764084
89.35 -0.00907295
89.36 -0.010479
89.37 -0.0118326
89.38 -0.0131077
89.39 -0.0142697
89.4 -0.0152983
89.41 -0.0161761
89.42 -0.0168864
89.43 -0.0174164
89.44 -0.0177577
89.45 -0.0179064
89.46 -0.0178638
89.47 -0.0176207
89.48 -0.0172039
89.49 -0.016633
89.5 -0.0159295
89.51 -0.0151187
89.52 -0.0142291
89.53 -0.0132917
89.54 -0.0123393
89.55 -0.0114107
89.56 -0.0105403
89.57 -0.00976001
89.58 -0.00909969
89.59 -0.00858602
89.6 -0.00824173
89.61 -0.00808487
89.62 -0.00813025
89.63 -0.00840154
89.64 -0.00887936
89.65 -0.00955631
89.66 -0.0104185
89.67 -0.0114459
89.68 -0.0126124
89.69 -0.0138867
89.7 -0.0152333
89.71 -0.0166092
89.72 -0.0179659
89.73 -0.0192584
89.74 -0.0204417
89.75 -0.0214715
89.76 -0.0223056
89.77 -0.0229051
89.78 -0.0232254
89.79 -0.0232249
89.8 -0.0229014
89.81 -0.0222416
89.82 -0.0212404
89.83 -0.0199012
89.84 -0.018236
89.85 -0.0162651
89.86 -0.0140067
89.87 -0.0115011
89.88 -0.00880888
89.89 -0.00598128
89.9 -0.00307445
89.91 -0.000147903
89.92 0.00273682
89.93 0.0055177
89.94 0.00812072
89.95 0.0104831
89.96 0.0125595
89.97 0.0143033
89.98 0.0156752
89.99 0.0166444
90 0.0171897
90.01 0.0172998
90.02 0.0169445
90.03 0.0161539
90.04 0.0149651
90.05 0.0134118
90.06 0.0115373
90.07 0.00939295
90.08 0.00703748
90.09 0.00453515
90.1 0.00195374
90.11 -0.000623939
90.12 -0.00312586
90.13 -0.00548341
90.14 -0.00763192
90.15 -0.00951236
90.16 -0.011073
90.17 -0.012271
90.18 -0.0130343
90.19 -0.013375
90.2 -0.013289
90.21 -0.012781
90.22 -0.0118678
90.23 -0.0105774
90.24 -0.00894917
90.25 -0.00703071
90.26 -0.00486455
90.27 -0.00254319
90.28 -0.000136528
90.29 0.00228307
90.3 0.00464284
90.31 0.00687165
90.32 0.00890215
90.33 0.0106674
90.34 0.0120867
90.35 0.0131404
90.36 0.0137967
90.37 0.0140356
90.38 0.0138493
90.39 0.0132427
90.4 0.0122328
90.41 0.0108396
90.42 0.00909447
90.43 0.00707659
90.44 0.00484619
90.45 0.00246953
90.46 1.69404e-05
90.47 -0.00243933
90.48 -0.0048273
90.49 -0.0070692
90.5 -0.00908849
90.51 -0.0108381
90.52 -0.0122707
90.53 -0.0133499
90.54 -0.0140504
90.55 -0.0143595
90.56 -0.0142777
90.57 -0.0137997
90.58 -0.0129578
90.59 -0.0118108
90.6 -0.0104094
90.61 -0.00881329
90.62 -0.00708899
90.63 -0.00530803
90.64 -0.00354467
90.65 -0.00188437
90.66 -0.000405676
90.67 0.000828111
90.68 0.00175693
90.69 0.00232965
90.7 0.00250573
90.71 0.00225658
90.72 0.00156655
90.73 0.000400811
90.74 -0.00120285
90.75 -0.00320472
90.76 -0.00556351
90.77 -0.00822641
90.78 -0.0111305
90.79 -0.0142048
90.8 -0.0173716
90.81 -0.0205434
90.82 -0.0236283
90.83 -0.0265448
90.84 -0.0292152
90.85 -0.0315681
90.86 -0.0335401
90.87 -0.0350781
90.88 -0.0361402
90.89 -0.0366457
90.9 -0.03663
90.91 -0.0360961
90.92 -0.0350598
90.93 -0.0335502
90.94 -0.031609
90.95 -0.0292886
90.96 -0.0266483
90.97 -0.0237459
90.98 -0.0206848
90.99 -0.0175431
91 -0.0143993
91.01 -0.0113294
91.02 -0.00840513
91.03 -0.00569195
91.04 -0.00325414
91.05 -0.00116088
91.06 0.000576286
91.07 0.00193611
91.08 0.00290978
91.09 0.00350094
91.1 0.00372524
91.11 0.0036096
91.12 0.0031823
91.13 0.00248756
91.14 0.00159947
91.15 0.000576919
91.16 -0.00051858
91.17 -0.00162501
91.18 -0.00268188
91.19 -0.00363219
91.2 -0.00441476
91.21 -0.00497835
91.22 -0.00529799
91.23 -0.00534934
91.24 -0.00511836
91.25 -0.00460166
91.26 -0.00380643
91.27 -0.00275008
91.28 -0.00144794
91.29 5.53313e-05
91.3 0.00170585
91.31 0.00345438
91.32 0.00524822
91.33 0.00703297
91.34 0.00875436
91.35 0.01036
91.36 0.0117866
91.37 0.0129931
91.38 0.0139499
91.39 0.01463
91.4 0.0150153
91.41 0.0150971
91.42 0.0148761
91.43 0.0143625
91.44 0.013555
91.45 0.0125024
91.46 0.0112459
91.47 0.00982759
91.48 0.00829353
91.49 0.00669276
91.5 0.00507549
91.51 0.00349156
91.52 0.00200079
91.53 0.000643812
91.54 -0.00054154
91.55 -0.00152296
91.56 -0.00227508
91.57 -0.00278011
91.58 -0.00302817
91.59 -0.0030161
91.6 -0.00272815
91.61 -0.00220429
91.62 -0.00146608
91.63 -0.000540688
91.64 0.000540228
91.65 0.00174164
91.66 0.00302644
91.67 0.00435676
91.68 0.00569162
91.69 0.0069925
91.7 0.00822725
91.71 0.00936765
91.72 0.0103902
91.73 0.0112768
91.74 0.0120148
91.75 0.0125928
91.76 0.0130036
91.77 0.0132638
91.78 0.0133841
91.79 0.0133788
91.8 0.0132659
91.81 0.0130656
91.82 0.0127999
91.83 0.0124905
91.84 0.0121618
91.85 0.0118367
91.86 0.0115334
91.87 0.0112674
91.88 0.0110508
91.89 0.0108918
91.9 0.0107951
91.91 0.0107645
91.92 0.0107958
91.93 0.0108788
91.94 0.0110037
91.95 0.0111586
91.96 0.01133
91.97 0.0115039
91.98 0.0116663
91.99 0.0118015
92 0.0118977
92.01 0.011947
92.02 0.0119435
92.03 0.0118845
92.04 0.0117707
92.05 0.0116065
92.06 0.0113995
92.07 0.0111596
92.08 0.0109039
92.09 0.0106498
92.1 0.0104155
92.11 0.0102197
92.12 0.0100814
92.13 0.0100185
92.14 0.0100473
92.15 0.0101921
92.16 0.0104562
92.17 0.0108442
92.18 0.0113582
92.19 0.0119955
92.2 0.0127488
92.21 0.0136064
92.22 0.0145521
92.23 0.0155703
92.24 0.0166282
92.25 0.0176991
92.26 0.0187546
92.27 0.0197656
92.28 0.0207032
92.29 0.0215394
92.3 0.022247
92.31 0.0227893
92.32 0.0231602
92.33 0.0233465
92.34 0.0233402
92.35 0.0231386
92.36 0.0227449
92.37 0.0221677
92.38 0.0214178
92.39 0.020509
92.4 0.0194789
92.41 0.0183557
92.42 0.0171706
92.43 0.015956
92.44 0.0147453
92.45 0.0135716
92.46 0.0124699
92.47 0.0114757
92.48 0.0106092
92.49 0.00989079
92.5 0.00933602
92.51 0.00895491
92.52 0.00875169
92.53 0.00872462
92.54 0.00887335
92.55 0.00918321
92.56 0.00962545
92.57 0.0101759
92.58 0.0108069
92.59 0.0114876
92.6 0.0121857
92.61 0.0128678
92.62 0.0134958
92.63 0.0140347
92.64 0.0144575
92.65 0.0147383
92.66 0.0148549
92.67 0.0147899
92.68 0.0145307
92.69 0.0140702
92.7 0.0133923
92.71 0.0125103
92.72 0.0114401
92.73 0.0101966
92.74 0.00879852
92.75 0.00726815
92.76 0.00563059
92.77 0.00391292
92.78 0.00214148
92.79 0.000350969
92.8 -0.00142994
92.81 -0.00317494
92.82 -0.00485986
92.83 -0.00646323
92.84 -0.00796675
92.85 -0.0093556
92.86 -0.0106061
92.87 -0.011722
92.88 -0.0127016
92.89 -0.0135458
92.9 -0.0142585
92.91 -0.0148469
92.92 -0.0153202
92.93 -0.015689
92.94 -0.0159591
92.95 -0.0161535
92.96 -0.0162859
92.97 -0.0163693
92.98 -0.016416
92.99 -0.0164374
93 -0.0164431
93.01 -0.0164413
93.02 -0.0164389
93.03 -0.0164407
93.04 -0.0164492
93.05 -0.0164656
93.06 -0.0164898
93.07 -0.0165207
93.08 -0.0165565
93.09 -0.0165952
93.1 -0.0166342
93.11 -0.0166716
93.12 -0.0167063
93.13 -0.0167378
93.14 -0.0167668
93.15 -0.0167948
93.16 -0.0168246
93.17 -0.0168603
93.18 -0.0169074
93.19 -0.0169709
93.2 -0.0170567
93.21 -0.0171707
93.22 -0.0173185
93.23 -0.0175052
93.24 -0.017735
93.25 -0.0180134
93.26 -0.0183416
93.27 -0.0187167
93.28 -0.019136
93.29 -0.0195948
93.3 -0.0200865
93.31 -0.0206024
93.32 -0.0211322
93.33 -0.0216631
93.34 -0.0221802
93.35 -0.0226693
93.36 -0.0231158
93.37 -0.0235053
93.38 -0.0238239
93.39 -0.0240589
93.4 -0.0241989
93.41 -0.0242259
93.42 -0.0241378
93.43 -0.0239332
93.44 -0.0236109
93.45 -0.0231726
93.46 -0.0226227
93.47 -0.0219686
93.48 -0.0212202
93.49 -0.0203837
93.5 -0.0194814
93.51 -0.0185305
93.52 -0.0175482
93.53 -0.0165522
93.54 -0.0155602
93.55 -0.0145896
93.56 -0.0136566
93.57 -0.0127828
93.58 -0.0119768
93.59 -0.0112492
93.6 -0.0106079
93.61 -0.0100586
93.62 -0.00960448
93.63 -0.00924606
93.64 -0.00898268
93.65 -0.00881683
93.66 -0.00873399
93.67 -0.00872659
93.68 -0.00878604
93.69 -0.00890312
93.7 -0.00906835
93.71 -0.00927244
93.72 -0.00950712
93.73 -0.00976481
93.74 -0.0100367
93.75 -0.0103177
93.76 -0.0106037
93.77 -0.0108925
93.78 -0.0111828
93.79 -0.0114747
93.8 -0.0117695
93.81 -0.0120691
93.82 -0.0123756
93.83 -0.0126909
93.84 -0.0130166
93.85 -0.0133532
93.86 -0.0137004
93.87 -0.0140561
93.88 -0.0144166
93.89 -0.0147754
93.9 -0.0151243
93.91 -0.0154532
93.92 -0.0157505
93.93 -0.0160028
93.94 -0.0161955
93.95 -0.016313
93.96 -0.0163331
93.97 -0.0162394
93.98 -0.0160209
93.99 -0.015664
94 -0.0151569
94.01 -0.0144905
94.02 -0.0136585
94.03 -0.0126578
94.04 -0.0114777
94.05 -0.0101309
94.06 -0.00863206
94.07 -0.00699487
94.08 -0.00523677
94.09 -0.00337869
94.1 -0.00144467
94.11 0.000538695
94.12 0.0025421
94.13 0.00453128
94.14 0.0064757
94.15 0.00834562
94.16 0.0101126
94.17 0.0117504
94.18 0.0132353
94.19 0.0145472
94.2 0.0156507
94.21 0.0165508
94.22 0.0172426
94.23 0.0177254
94.24 0.018003
94.25 0.0180843
94.26 0.0179824
94.27 0.0177138
94.28 0.0172887
94.29 0.0167471
94.3 0.016115
94.31 0.01542
94.32 0.0146898
94.33 0.0139518
94.34 0.0132323
94.35 0.0125567
94.36 0.0119531
94.37 0.0114355
94.38 0.0110181
94.39 0.0107111
94.4 0.0105209
94.41 0.0104496
94.42 0.0104955
94.43 0.0106562
94.44 0.010926
94.45 0.0112846
94.46 0.0117176
94.47 0.0122092
94.48 0.0127426
94.49 0.0133006
94.5 0.0138665
94.51 0.0144236
94.52 0.0149558
94.53 0.0154517
94.54 0.0159022
94.55 0.0163004
94.56 0.0166425
94.57 0.0169272
94.58 0.017156
94.59 0.0173302
94.6 0.0174574
94.61 0.0175481
94.62 0.0176117
94.63 0.0176581
94.64 0.0176977
94.65 0.0177402
94.66 0.0177949
94.67 0.0178714
94.68 0.0179759
94.69 0.0181115
94.7 0.0182799
94.71 0.0184807
94.72 0.018711
94.73 0.0189661
94.74 0.0192392
94.75 0.0195219
94.76 0.0198027
94.77 0.0200707
94.78 0.0203149
94.79 0.0205245
94.8 0.0206894
94.81 0.0208003
94.82 0.0208496
94.83 0.020825
94.84 0.020728
94.85 0.0205585
94.86 0.0203176
94.87 0.020009
94.88 0.0196384
94.89 0.0192134
94.9 0.0187431
94.91 0.0182356
94.92 0.0177063
94.93 0.0171666
94.94 0.0166275
94.95 0.016099
94.96 0.0155899
94.97 0.0151073
94.98 0.0146563
94.99 0.0142424
95 0.013862
95.01 0.0135119
95.02 0.0131867
95.03 0.0128783
95.04 0.0125768
95.05 0.0122707
95.06 0.0119463
95.07 0.0115871
95.08 0.0111813
95.09 0.0107163
95.1 0.0101808
95.11 0.00956555
95.12 0.00886361
95.13 0.00807097
95.14 0.00718369
95.15 0.00620278
95.16 0.00514151
95.17 0.00401084
95.18 0.00282516
95.19 0.00160202
95.2 0.000361698
95.21 -0.000873315
95.22 -0.0020763
95.23 -0.00321864
95.24 -0.0042772
95.25 -0.00522798
95.26 -0.00604872
95.27 -0.00671958
95.28 -0.00722388
95.29 -0.00754868
95.3 -0.00767378
95.31 -0.00759885
95.32 -0.00733379
95.33 -0.00688564
95.34 -0.00626627
95.35 -0.00549214
95.36 -0.00458389
95.37 -0.00356577
95.38 -0.00246126
95.39 -0.00130687
95.4 -0.000135906
95.41 0.00102042
95.42 0.00213156
95.43 0.0031685
95.44 0.00410456
95.45 0.00491618
95.46 0.00557014
95.47 0.00605972
95.48 0.00637784
95.49 0.00651984
95.5 0.00648602
95.51 0.00628155
95.52 0.0059162
95.53 0.00540387
95.54 0.00475167
95.55 0.00399398
95.56 0.0031546
95.57 0.00225777
95.58 0.00132806
95.59 0.000389569
95.6 -0.00053491
95.61 -0.00142426
95.62 -0.00225415
95.63 -0.00301425
95.64 -0.00369433
95.65 -0.00428812
95.66 -0.00479344
95.67 -0.00521211
95.68 -0.00554975
95.69 -0.0058144
95.7 -0.00601601
95.71 -0.00617548
95.72 -0.00630953
95.73 -0.00643577
95.74 -0.00657199
95.75 -0.00673541
95.76 -0.00694199
95.77 -0.00720787
95.78 -0.00754842
95.79 -0.0079672
95.8 -0.00846855
95.81 -0.0090532
95.82 -0.00971821
95.83 -0.010457
95.84 -0.0112597
95.85 -0.0121147
95.86 -0.0130046
95.87 -0.0139082
95.88 -0.014806
95.89 -0.0156777
95.9 -0.0165032
95.91 -0.0172627
95.92 -0.0179382
95.93 -0.0185068
95.94 -0.018954
95.95 -0.0192742
95.96 -0.0194603
95.97 -0.0195086
95.98 -0.0194187
95.99 -0.019194
96 -0.0188406
96.01 -0.0183609
96.02 -0.0177719
96.03 -0.0170923
96.04 -0.0163377
96.05 -0.0155246
96.06 -0.0146698
96.07 -0.01379
96.08 -0.0129008
96.09 -0.0120181
96.1 -0.0111555
96.11 -0.0103228
96.12 -0.00952812
96.13 -0.0087769
96.14 -0.00807229
96.15 -0.00741519
96.16 -0.00680437
96.17 -0.00624032
96.18 -0.00571453
96.19 -0.00522081
96.2 -0.00475292
96.21 -0.00430455
96.22 -0.00386973
96.23 -0.00344326
96.24 -0.00302101
96.25 -0.00260025
96.26 -0.0021799
96.27 -0.00176093
96.28 -0.00134607
96.29 -0.00093966
96.3 -0.000547525
96.31 -0.0001767
96.32 0.000164399
96.33 0.000463532
96.34 0.000714916
96.35 0.00091052
96.36 0.0010432
96.37 0.00110711
96.38 0.00109804
96.39 0.00101373
96.4 0.000852309
96.41 0.000612735
96.42 0.000305908
96.43 -6.07923e-05
96.44 -0.000477939
96.45 -0.000934339
96.46 -0.0014174
96.47 -0.00191357
96.48 -0.00240824
96.49 -0.00288531
96.5 -0.00333186
96.51 -0.003736
96.52 -0.00408763
96.53 -0.0043788
96.54 -0.00460409
96.55 -0.00476083
96.56 -0.00484613
96.57 -0.00486376
96.58 -0.00482402
96.59 -0.00473617
96.6 -0.00461166
96.61 -0.00446365
96.62 -0.00430646
96.63 -0.004155
96.64 -0.00402621
96.65 -0.0039353
96.66 -0.00389352
96.67 -0.00391081
96.68 -0.0039944
96.69 -0.00414835
96.7 -0.00437325
96.71 -0.00466602
96.72 -0.00502355
96.73 -0.00543112
96.74 -0.0058726
96.75 -0.00633085
96.76 -0.00678659
96.77 -0.00721912
96.78 -0.00760713
96.79 -0.00792951
96.8 -0.00815752
96.81 -0.0082777
96.82 -0.00827734
96.83 -0.00814618
96.84 -0.00787843
96.85 -0.00747335
96.86 -0.00693554
96.87 -0.0062751
96.88 -0.00549925
96.89 -0.00464119
96.9 -0.00372792
96.91 -0.00278976
96.92 -0.00185993
96.93 -0.000973563
96.94 -0.0001665
96.95 0.000524854
96.96 0.00105079
96.97 0.00139317
96.98 0.00152712
96.99 0.00143343
97 0.00109957
97.01 0.000520347
97.02 -0.000301516
97.03 -0.00135912
97.04 -0.00264374
97.05 -0.00410757
97.06 -0.00571454
97.07 -0.00742229
97.08 -0.00918334
97.09 -0.0109464
97.1 -0.0126578
97.11 -0.0142582
97.12 -0.015682
97.13 -0.0168877
97.14 -0.0178308
97.15 -0.0184734
97.16 -0.0187853
97.17 -0.0187456
97.18 -0.0183433
97.19 -0.0175629
97.2 -0.0164124
97.21 -0.0149371
97.22 -0.0131714
97.23 -0.0111591
97.24 -0.00895234
97.25 -0.00661017
97.26 -0.00419664
97.27 -0.00178278
97.28 0.000553869
97.29 0.00274667
97.3 0.00473247
97.31 0.00645386
97.32 0.00786112
97.33 0.00891384
97.34 0.00958243
97.35 0.00982201
97.36 0.00964184
97.37 0.00906706
97.38 0.00812169
97.39 0.00684201
97.4 0.00527556
97.41 0.00347979
97.42 0.00152037
97.43 -0.000531913
97.44 -0.0025876
97.45 -0.0045673
97.46 -0.00639503
97.47 -0.00799872
97.48 -0.00931261
97.49 -0.0102794
97.5 -0.0108521
97.51 -0.010955
97.52 -0.0106011
97.53 -0.00979123
97.54 -0.00853597
97.55 -0.0068604
97.56 -0.00480325
97.57 -0.00241593
97.58 0.00023931
97.59 0.0031019
97.6 0.00606605
97.61 0.0090476
97.62 0.0119611
97.63 0.0147225
97.64 0.0172519
97.65 0.0194758
97.66 0.0213243
97.67 0.022708
97.68 0.0236235
97.69 0.0240484
97.7 0.0239757
97.71 0.023414
97.72 0.0223874
97.73 0.0209348
97.74 0.019101
97.75 0.0169438
97.76 0.0145676
97.77 0.0120563
97.78 0.00949809
97.79 0.00698295
97.8 0.00459957
97.81 0.00243274
97.82 0.000574197
97.83 -0.000890043
97.84 -0.00192531
97.85 -0.00249102
97.86 -0.00256165
97.87 -0.00212751
97.88 -0.00119516
97.89 0.000212782
97.9 0.00207707
97.91 0.00433766
97.92 0.00690429
97.93 0.00969922
97.94 0.0126371
97.95 0.0156278
97.96 0.0185789
97.97 0.0213988
97.98 0.023981
97.99 0.0262395
98 0.0281135
98.01 0.0295448
98.02 0.0304887
98.03 0.0309154
98.04 0.0308109
98.05 0.0301772
98.06 0.0289978
98.07 0.0273356
98.08 0.0252563
98.09 0.0228236
98.1 0.0201119
98.11 0.0172032
98.12 0.0141852
98.13 0.0111481
98.14 0.00819584
98.15 0.00541889
98.16 0.00289601
98.17 0.000698744
98.18 -0.00111203
98.19 -0.00248783
98.2 -0.00339389
98.21 -0.0038101
98.22 -0.00368444
98.23 -0.00307606
98.24 -0.00201504
98.25 -0.000542412
98.26 0.0012891
98.27 0.00341696
98.28 0.00577089
98.29 0.00827568
98.3 0.0108505
98.31 0.0134037
98.32 0.0158595
98.33 0.0181468
98.34 0.020202
98.35 0.0219703
98.36 0.0234077
98.37 0.024474
98.38 0.0251247
98.39 0.0253858
98.4 0.0252657
98.41 0.0247847
98.42 0.0239741
98.43 0.0228746
98.44 0.0215348
98.45 0.0200054
98.46 0.0183473
98.47 0.0166334
98.48 0.0149227
98.49 0.0132717
98.5 0.0117315
98.51 0.0103467
98.52 0.0091536
98.53 0.00818965
98.54 0.00747605
98.55 0.00700372
98.56 0.00676596
98.57 0.00674599
98.58 0.00691778
98.59 0.00724712
98.6 0.00769302
98.61 0.00821036
98.62 0.00874214
98.63 0.00923443
98.64 0.00963723
98.65 0.00990346
98.66 0.0099907
98.67 0.00986278
98.68 0.00949116
98.69 0.00883757
98.7 0.00790081
98.71 0.00669213
98.72 0.00522376
98.73 0.00351766
98.74 0.00160474
98.75 -0.000476042
98.76 -0.00267898
98.77 -0.00495434
98.78 -0.00723742
98.79 -0.0094704
98.8 -0.0115975
98.81 -0.0135654
98.82 -0.0153251
98.83 -0.0168332
98.84 -0.0180537
98.85 -0.0189288
98.86 -0.0194657
98.87 -0.0196621
98.88 -0.0195225
98.89 -0.0190618
98.9 -0.0183042
98.91 -0.017283
98.92 -0.016039
98.93 -0.0146081
98.94 -0.0130652
98.95 -0.0114668
98.96 -0.00987051
98.97 -0.00833337
98.98 -0.00690999
98.99 -0.00565103
99 -0.00460512
99.01 -0.00383226
99.02 -0.00334181
99.03 -0.00315324
99.04 -0.00327669
99.05 -0.00371281
99.06 -0.00445288
99.07 -0.00547925
99.08 -0.00677179
99.09 -0.00830384
99.1 -0.0100153
99.11 -0.0118609
99.12 -0.0137921
99.13 -0.015759
99.14 -0.0177115
99.15 -0.0196008
99.16 -0.0213749
99.17 -0.0229831
99.18 -0.024397
99.19 -0.025587
99.2 -0.0265302
99.21 -0.0272107
99.22 -0.0276199
99.23 -0.0277561
99.24 -0.027612
99.25 -0.0272007
99.26 -0.0265543
99.27 -0.0256956
99.28 -0.0246507
99.29 -0.0234482
99.3 -0.0221184
99.31 -0.0206917
99.32 -0.0191959
99.33 -0.0176642
99.34 -0.0161248
99.35 -0.0146005
99.36 -0.0131106
99.37 -0.0116709
99.38 -0.0102935
99.39 -0.00898676
99.4 -0.00776154
99.41 -0.00661626
99.42 -0.00554786
99.43 -0.00455364
99.44 -0.00362976
99.45 -0.00277195
99.46 -0.00197606
99.47 -0.00123873
99.48 -0.000562641
99.49 5.62153e-05
99.5 0.000616584
99.51 0.00111412
99.52 0.00154233
99.53 0.00189269
99.54 0.00215496
99.55 0.00231765
99.56 0.00235638
99.57 0.00226826
99.58 0.0020422
99.59 0.00166821
99.6 0.00113852
99.61 0.00044826
99.62 -0.000403904
99.63 -0.00141649
99.64 -0.00259407
99.65 -0.00390885
99.66 -0.00534309
99.67 -0.0068744
99.68 -0.00847615
99.69 -0.0101179
99.7 -0.011766
99.71 -0.0133831
99.72 -0.0149235
99.73 -0.0163524
99.74 -0.0176331
99.75 -0.0187311
99.76 -0.0196151
99.77 -0.0202582
99.78 -0.0206383
99.79 -0.0207307
99.8 -0.0205152
99.81 -0.0200112
99.82 -0.0192262
99.83 -0.0181752
99.84 -0.0168804
99.85 -0.0153708
99.86 -0.0136816
99.87 -0.0118494
99.88 -0.00992393
99.89 -0.00796127
99.9 -0.0060112
99.91 -0.00412355
99.92 -0.00234677
99.93 -0.000726591
99.94 0.000695282
99.95 0.00186755
99.96 0.00275958
99.97 0.00336123
99.98 0.00365955
99.99 0.00365
100 0.00333659
100.01 0.00273182
100.02 0.00185631
100.03 0.000724267
100.04 -0.000616027
100.05 -0.00211464
100.06 -0.00372539
100.07 -0.00539918
100.08 -0.00708535
100.09 -0.00873314
100.1 -0.0102931
100.11 -0.0117042
100.12 -0.0129279
100.13 -0.0139311
100.14 -0.0146839
100.15 -0.015164
100.16 -0.0153563
100.17 -0.0152542
100.18 -0.0148587
100.19 -0.0141546
100.2 -0.0131847
100.21 -0.0119769
100.22 -0.0105624
100.23 -0.00897715
100.24 -0.00726092
100.25 -0.00545603
100.26 -0.00360607
100.27 -0.00175887
100.28 4.00601e-05
100.29 0.00175164
100.3 0.00334059
100.31 0.00477635
100.32 0.00603381
100.33 0.00709389
100.34 0.00794083
100.35 0.00855289
100.36 0.00895058
100.37 0.00914218
100.38 0.00914175
100.39 0.00896847
100.4 0.0086459
100.41 0.00820112
100.42 0.00766222
100.43 0.00706117
100.44 0.00643626
100.45 0.00581844
100.46 0.00523698
100.47 0.00471865
100.48 0.00428697
100.49 0.00396157
100.5 0.00376284
100.51 0.00370545
100.52 0.00378622
100.53 0.00400499
100.54 0.00435704
100.55 0.0048334
100.56 0.00542133
100.57 0.00610487
100.58 0.00686831
100.59 0.00768839
100.6 0.0085397
100.61 0.00940052
100.62 0.0102497
100.63 0.0110674
100.64 0.0118356
100.65 0.0125385
100.66 0.013158
100.67 0.0136854
100.68 0.0141182
100.69 0.0144543
100.7 0.0146946
100.71 0.0148433
100.72 0.0149075
100.73 0.0148964
100.74 0.0148178
100.75 0.0146889
100.76 0.0145254
100.77 0.0143415
100.78 0.0141511
100.79 0.0139672
100.8 0.0138018
100.81 0.0136652
100.82 0.0135694
100.83 0.0135184
100.84 0.0135148
100.85 0.0135597
100.86 0.0136517
100.87 0.0137875
100.88 0.0139617
100.89 0.0141672
100.9 0.0143972
100.91 0.0146393
100.92 0.0148835
100.93 0.0151199
100.94 0.0153388
100.95 0.0155314
100.96 0.0156898
100.97 0.0158068
100.98 0.015873
100.99 0.0158891
101 0.0158536
101.01 0.0157668
101.02 0.0156303
101.03 0.0154475
101.04 0.0152229
101.05 0.0149615
101.06 0.0146684
101.07 0.0143535
101.08 0.0140237
101.09 0.0136858
101.1 0.0133463
101.11 0.0130107
101.12 0.012684
101.13 0.0123705
101.14 0.0120736
101.15 0.0117938
101.16 0.0115313
101.17 0.0112853
101.18 0.0110543
101.19 0.0108359
101.2 0.0106274
101.21 0.0104259
101.22 0.0102283
101.23 0.0100317
101.24 0.00983412
101.25 0.00963454
101.26 0.00943281
101.27 0.00922994
101.28 0.0090281
101.29 0.00883116
101.3 0.00864434
101.31 0.00847319
101.32 0.00832428
101.33 0.00820472
101.34 0.00812188
101.35 0.00808307
101.36 0.00809515
101.37 0.00816842
101.38 0.00830614
101.39 0.00850933
101.4 0.00877898
101.41 0.00911391
101.42 0.00951052
101.43 0.00996269
101.44 0.0104617
101.45 0.010998
101.46 0.0115539
101.47 0.0121124
101.48 0.012655
101.49 0.0131622
101.5 0.0136133
101.51 0.0139872
101.52 0.0142629
101.53 0.0144079
101.54 0.0144116
101.55 0.0142592
101.56 0.0139372
101.57 0.0134355
101.58 0.0127477
101.59 0.0118716
101.6 0.0108087
101.61 0.00954962
101.62 0.00812504
101.63 0.00655175
101.64 0.00485082
101.65 0.00304715
101.66 0.00116907
101.67 -0.000752269
101.68 -0.00268318
101.69 -0.00458326
101.7 -0.00641686
101.71 -0.00814918
101.72 -0.00974678
101.73 -0.0111784
101.74 -0.0124158
101.75 -0.0134346
101.76 -0.0142078
101.77 -0.014707
101.78 -0.0149421
101.79 -0.0149108
101.8 -0.0146167
101.81 -0.0140694
101.82 -0.0132843
101.83 -0.0122824
101.84 -0.0110839
101.85 -0.00971981
101.86 -0.00823731
101.87 -0.00667453
101.88 -0.00507162
101.89 -0.00346975
101.9 -0.00191018
101.91 -0.000433248
101.92 0.000914479
101.93 0.00209276
101.94 0.00307683
101.95 0.00384
101.96 0.00436073
101.97 0.00462305
101.98 0.00461694
101.99 0.00433848
102 0.00377364
102.01 0.00293912
102.02 0.00186096
102.03 0.000560052
102.04 -0.000937943
102.05 -0.00260326
102.06 -0.0044028
102.07 -0.0063009
102.08 -0.00826188
102.09 -0.0102405
102.1 -0.0121977
102.11 -0.0140967
102.12 -0.0159035
102.13 -0.0175864
102.14 -0.0191176
102.15 -0.0204732
102.16 -0.0216162
102.17 -0.0225456
102.18 -0.0232566
102.19 -0.0237469
102.2 -0.0240191
102.21 -0.024081
102.22 -0.0239448
102.23 -0.0236273
102.24 -0.023135
102.25 -0.0225091
102.26 -0.0217764
102.27 -0.0209644
102.28 -0.0201015
102.29 -0.0192162
102.3 -0.0183362
102.31 -0.0174882
102.32 -0.0167035
102.33 -0.0159996
102.34 -0.015394
102.35 -0.014901
102.36 -0.0145305
102.37 -0.0142888
102.38 -0.014178
102.39 -0.0141986
102.4 -0.014351
102.41 -0.0146144
102.42 -0.0149752
102.43 -0.015417
102.44 -0.015921
102.45 -0.0164666
102.46 -0.0170321
102.47 -0.017594
102.48 -0.0181262
102.49 -0.0186072
102.5 -0.0190161
102.51 -0.0193339
102.52 -0.0195436
102.53 -0.0196306
102.54 -0.0195829
102.55 -0.0193852
102.56 -0.0190296
102.57 -0.0185228
102.58 -0.0178663
102.59 -0.0170648
102.6 -0.0161262
102.61 -0.0150609
102.62 -0.013882
102.63 -0.0125999
102.64 -0.0112354
102.65 -0.00981146
102.66 -0.00834769
102.67 -0.00686421
102.68 -0.00538125
102.69 -0.00391872
102.7 -0.00249588
102.71 -0.00113614
102.72 0.000143937
102.73 0.00133143
102.74 0.00241333
102.75 0.00337868
102.76 0.00421868
102.77 0.00492676
102.78 0.00549861
102.79 0.005921
102.8 0.00620273
102.81 0.00634932
102.82 0.00636539
102.83 0.00625728
102.84 0.00603291
102.85 0.00570154
102.86 0.00527358
102.87 0.00475359
102.88 0.00416198
102.89 0.00351204
102.9 0.00281658
102.91 0.00208843
102.92 0.00134021
102.93 0.000584248
102.94 -0.000167605
102.95 -0.000901632
102.96 -0.00160818
102.97 -0.00227786
102.98 -0.00290219
102.99 -0.00347366
103 -0.00398577
103.01 -0.00443304
103.02 -0.00480991
103.03 -0.00510755
103.04 -0.00532978
103.05 -0.0054754
103.06 -0.0055441
103.07 -0.00553647
103.08 -0.00545394
103.09 -0.00529869
103.1 -0.00507186
103.11 -0.00477445
103.12 -0.00441593
103.13 -0.00400118
103.14 -0.00353557
103.15 -0.00302486
103.16 -0.0024752
103.17 -0.00189301
103.18 -0.00128423
103.19 -0.000656179
103.2 -1.73718e-05
103.21 0.000625183
103.22 0.00126451
103.23 0.00189372
103.24 0.00250611
103.25 0.0030952
103.26 0.00365298
103.27 0.00417295
103.28 0.00465136
103.29 0.0050835
103.3 0.00546523
103.31 0.00579305
103.32 0.00606418
103.33 0.0062766
103.34 0.00642526
103.35 0.00651136
103.36 0.00653786
103.37 0.00650635
103.38 0.00641928
103.39 0.00627998
103.4 0.00609262
103.41 0.00586218
103.42 0.00559208
103.43 0.00529138
103.44 0.00496819
103.45 0.00463013
103.46 0.0042852
103.47 0.00394163
103.48 0.00360776
103.49 0.00329188
103.5 0.00300509
103.51 0.00275397
103.52 0.00254531
103.53 0.00238565
103.54 0.00228071
103.55 0.00223535
103.56 0.00225338
103.57 0.00233755
103.58 0.00249614
103.59 0.00272278
103.6 0.00301612
103.61 0.00337376
103.62 0.00379211
103.63 0.00426647
103.64 0.00479114
103.65 0.00535984
103.66 0.00596733
103.67 0.00660162
103.68 0.00725426
103.69 0.00791661
103.7 0.00858007
103.71 0.00923623
103.72 0.00987711
103.73 0.0104947
103.74 0.0110799
103.75 0.0116291
103.76 0.012138
103.77 0.0126033
103.78 0.0130227
103.79 0.0133953
103.8 0.0137215
103.81 0.0140011
103.82 0.0142354
103.83 0.0144309
103.84 0.0145917
103.85 0.0147224
103.86 0.0148279
103.87 0.0149131
103.88 0.0149827
103.89 0.0150407
103.9 0.015091
103.91 0.0151371
103.92 0.0151804
103.93 0.0152214
103.94 0.0152594
103.95 0.0152924
103.96 0.0153169
103.97 0.0153274
103.98 0.0153175
103.99 0.015281
104 0.0152103
104.01 0.0150976
104.02 0.0149348
104.03 0.014714
104.04 0.0144277
104.05 0.0140641
104.06 0.0136199
104.07 0.0130939
104.08 0.0124844
104.09 0.0117917
104.1 0.0110182
104.11 0.0101688
104.12 0.00925069
104.13 0.00826948
104.14 0.00724212
104.15 0.00618402
104.16 0.00511113
104.17 0.00404076
104.18 0.00299118
104.19 0.00198116
104.2 0.00102947
104.21 0.000163111
104.22 -0.000605908
104.23 -0.00126309
104.24 -0.00179551
104.25 -0.00219292
104.26 -0.00244812
104.27 -0.0025573
104.28 -0.00251969
104.29 -0.00232625
104.3 -0.00199949
104.31 -0.00155134
104.32 -0.000997185
104.33 -0.000355537
104.34 0.000352412
104.35 0.00110329
104.36 0.00187202
104.37 0.00262928
104.38 0.00334798
104.39 0.00400295
104.4 0.00457056
104.41 0.0050294
104.42 0.00536099
104.43 0.00555035
104.44 0.0055821
104.45 0.00544227
104.46 0.0051417
104.47 0.00468481
104.48 0.00408087
104.49 0.00334388
104.5 0.00249222
104.51 0.00154817
104.52 0.000535911
104.53 -0.000513268
104.54 -0.00156515
104.55 -0.00258873
104.56 -0.00355328
104.57 -0.00442931
104.58 -0.0051895
104.59 -0.0058096
104.6 -0.00626012
104.61 -0.00652424
104.62 -0.00660096
104.63 -0.00648699
104.64 -0.00618507
104.65 -0.00570403
104.66 -0.0050587
104.67 -0.00426959
104.68 -0.00335691
104.69 -0.00235827
104.7 -0.00131277
104.71 -0.000257667
104.72 0.000768371
104.73 0.00172639
104.74 0.00257833
104.75 0.00328823
104.76 0.003808
104.77 0.00411566
104.78 0.00419424
104.79 0.00402854
104.8 0.00361034
104.81 0.00293885
104.82 0.0020209
104.83 0.000870981
104.84 -0.000504797
104.85 -0.00205821
104.86 -0.00374978
104.87 -0.00553777
104.88 -0.00737636
104.89 -0.00921693
104.9 -0.0110093
104.91 -0.0127033
104.92 -0.0142308
104.93 -0.0155567
104.94 -0.0166409
104.95 -0.0174483
104.96 -0.017951
104.97 -0.0181287
104.98 -0.0179694
104.99 -0.0174671
105 -0.0166026
105.01 -0.0154246
105.02 -0.0139593
105.03 -0.0122412
105.04 -0.0103117
105.05 -0.00821866
105.06 -0.00601444
105.07 -0.00375513
105.08 -0.00150546
105.09 0.000673057
105.1 0.00272435
105.11 0.00459572
105.12 0.00623931
105.13 0.00761348
105.14 0.008684
105.15 0.00941324
105.16 0.00977209
105.17 0.00977836
105.18 0.00943728
105.19 0.00876378
105.2 0.00778206
105.21 0.00652485
105.22 0.00503253
105.23 0.00334579
105.24 0.00152273
105.25 -0.000370494
105.26 -0.00227631
105.27 -0.00413728
105.28 -0.00589786
105.29 -0.00750589
105.3 -0.0089142
105.31 -0.010066
105.32 -0.0109284
105.33 -0.0114893
105.34 -0.0117353
105.35 -0.0116629
105.36 -0.0112778
105.37 -0.0105956
105.38 -0.0096407
105.39 -0.00843172
105.4 -0.00702324
105.41 -0.00546967
105.42 -0.00382209
105.43 -0.0021342
105.44 -0.000460629
105.45 0.00114466
105.46 0.00262999
105.47 0.00393029
105.48 0.00501014
105.49 0.00583876
105.5 0.00638983
105.51 0.00664562
105.52 0.00659751
105.53 0.00624613
105.54 0.00560136
105.55 0.00465884
105.56 0.00347305
105.57 0.00208222
105.58 0.000528541
105.59 -0.00114106
105.6 -0.00287636
105.61 -0.00462536
105.62 -0.00633541
105.63 -0.00794235
105.64 -0.00940372
105.65 -0.0106771
105.66 -0.0117259
105.67 -0.0125204
105.68 -0.0130386
105.69 -0.0132669
105.7 -0.0131954
105.71 -0.0128091
105.72 -0.0121474
105.73 -0.0112323
105.74 -0.010093
105.75 -0.00876496
105.76 -0.00728855
105.77 -0.00570807
105.78 -0.00407006
105.79 -0.00242758
105.8 -0.000831295
105.81 0.000673936
105.82 0.0020467
105.83 0.00325017
105.84 0.00425314
105.85 0.0050308
105.86 0.00555513
105.87 0.00581012
105.88 0.00580978
105.89 0.00556056
105.9 0.00507589
105.91 0.00437563
105.92 0.00348531
105.93 0.0024352
105.94 0.00125468
105.95 -1.42075e-05
105.96 -0.00132756
105.97 -0.00264767
105.98 -0.00393817
105.99 -0.00516519
106 -0.0062983
106.01 -0.00731137
106.02 -0.00817318
106.03 -0.00887086
106.04 -0.00940143
106.05 -0.00976246
106.06 -0.00995732
106.07 -0.00999479
106.08 -0.00988856
106.09 -0.00965661
106.1 -0.00931432
106.11 -0.00889387
106.12 -0.00842366
106.13 -0.00792979
106.14 -0.00743774
106.15 -0.00697137
106.16 -0.00655205
106.17 -0.00619795
106.18 -0.00593125
106.19 -0.00575615
106.2 -0.00567569
106.21 -0.0056892
106.22 -0.00579133
106.23 -0.00597232
106.24 -0.00621843
106.25 -0.00651251
106.26 -0.00683534
106.27 -0.00716036
106.28 -0.0074647
106.29 -0.00772569
106.3 -0.00792171
106.31 -0.00803312
106.32 -0.008043
106.33 -0.00793663
106.34 -0.00769421
106.35 -0.00732277
106.36 -0.00682362
106.37 -0.00620305
106.38 -0.00547219
106.39 -0.00464678
106.4 -0.00374671
106.41 -0.00279492
106.42 -0.00181957
106.43 -0.000853006
106.44 7.54011e-05
106.45 0.000936474
106.46 0.00170224
106.47 0.00234691
106.48 0.0028478
106.49 0.00318008
106.5 0.00332289
106.51 0.00327993
106.52 0.00304964
106.53 0.00263649
106.54 0.00205096
106.55 0.00130939
106.56 0.000433622
106.57 -0.000553001
106.58 -0.00161539
106.59 -0.00271268
106.6 -0.00380756
106.61 -0.00486159
106.62 -0.00583641
106.63 -0.00669479
106.64 -0.00740183
106.65 -0.00791366
106.66 -0.0082032
106.67 -0.00825798
106.68 -0.00806369
106.69 -0.00761266
106.7 -0.00690424
106.71 -0.00594489
106.72 -0.00474815
106.73 -0.00332101
106.74 -0.00170264
106.75 6.66891e-05
106.76 0.00194879
106.77 0.00390183
106.78 0.00588149
106.79 0.00784211
106.8 0.0097379
106.81 0.0115116
106.82 0.0131241
106.83 0.0145397
106.84 0.0157255
106.85 0.0166541
106.86 0.0173047
106.87 0.0176634
106.88 0.0177239
106.89 0.0174602
106.9 0.0169088
106.91 0.0160899
106.92 0.0150278
106.93 0.0137535
106.94 0.0123031
106.95 0.0107169
106.96 0.00903876
106.97 0.00731536
106.98 0.00560198
106.99 0.00394524
107 0.00239008
107.01 0.000978649
107.02 -0.000250805
107.03 -0.0012648
107.04 -0.00203099
107.05 -0.00250816
107.06 -0.00270411
107.07 -0.00261283
107.08 -0.00223549
107.09 -0.00158032
107.1 -0.000662374
107.11 0.000496974
107.12 0.00187575
107.13 0.00344535
107.14 0.00515334
107.15 0.00695957
107.16 0.00882193
107.17 0.0106974
107.18 0.0125431
107.19 0.0143174
107.2 0.0159744
107.21 0.0174705
107.22 0.0187811
107.23 0.0198792
107.24 0.0207431
107.25 0.0213569
107.26 0.0217102
107.27 0.0217989
107.28 0.0216114
107.29 0.0211581
107.3 0.0204661
107.31 0.0195545
107.32 0.0184471
107.33 0.017171
107.34 0.0157564
107.35 0.0142359
107.36 0.012641
107.37 0.0110125
107.38 0.00938694
107.39 0.00779757
107.4 0.00627561
107.41 0.0048499
107.42 0.00354629
107.43 0.00238714
107.44 0.00140458
107.45 0.000605436
107.46 -5.38558e-06
107.47 -0.000423272
107.48 -0.000647944
107.49 -0.000683311
107.5 -0.00053724
107.51 -0.000221256
107.52 0.000261965
107.53 0.000880936
107.54 0.00161318
107.55 0.00243647
107.56 0.00332744
107.57 0.00426205
107.58 0.00521621
107.59 0.00616625
107.6 0.00708455
107.61 0.00795098
107.62 0.00874652
107.63 0.00945439
107.64 0.0100604
107.65 0.0105531
107.66 0.0109239
107.67 0.011166
107.68 0.0112668
107.69 0.0112392
107.7 0.0110876
107.71 0.010819
107.72 0.0104429
107.73 0.00997108
107.74 0.00941719
107.75 0.00879533
107.76 0.0081211
107.77 0.00741679
107.78 0.00669985
107.79 0.00598756
107.8 0.00529653
107.81 0.00464237
107.82 0.00403928
107.83 0.00350231
107.84 0.00304517
107.85 0.00267095
107.86 0.00238451
107.87 0.00218797
107.88 0.00208069
107.89 0.00205921
107.9 0.00211736
107.91 0.00224913
107.92 0.00244197
107.93 0.0026783
107.94 0.00294258
107.95 0.00321795
107.96 0.00348662
107.97 0.00373037
107.98 0.00393098
107.99 0.0040662
108 0.00411846
108.01 0.00407578
108.02 0.0039256
108.03 0.00365786
108.04 0.00326538
108.05 0.00274412
108.06 0.00209343
108.07 0.00130767
108.08 0.000399656
108.09 -0.000615965
108.1 -0.00172507
108.11 -0.00291046
108.12 -0.00415225
108.13 -0.00542822
108.14 -0.0067144
108.15 -0.00798221
108.16 -0.00920418
108.17 -0.0103551
108.18 -0.0114104
108.19 -0.012347
108.2 -0.0131442
108.21 -0.0137842
108.22 -0.0142524
108.23 -0.0145207
108.24 -0.014599
108.25 -0.0144881
108.26 -0.0141923
108.27 -0.0137207
108.28 -0.0130871
108.29 -0.0123097
108.3 -0.0114102
108.31 -0.0104087
108.32 -0.00934587
108.33 -0.00825314
108.34 -0.00716317
108.35 -0.00610905
108.36 -0.00512343
108.37 -0.00423763
108.38 -0.00348352
108.39 -0.0029001
108.4 -0.0024975
108.41 -0.00229246
108.42 -0.00229664
108.43 -0.00251623
108.44 -0.00295169
108.45 -0.00359769
108.46 -0.00444846
108.47 -0.00549257
108.48 -0.00669292
108.49 -0.00802224
108.5 -0.00944956
108.51 -0.010941
108.52 -0.0124609
108.53 -0.0139724
108.54 -0.0154352
108.55 -0.016808
108.56 -0.0180606
108.57 -0.0191635
108.58 -0.0200911
108.59 -0.0208228
108.6 -0.0213432
108.61 -0.021643
108.62 -0.0217073
108.63 -0.0215417
108.64 -0.0211677
108.65 -0.0206018
108.66 -0.0198659
108.67 -0.0189865
108.68 -0.0179939
108.69 -0.0169213
108.7 -0.0158034
108.71 -0.0146816
108.72 -0.0135928
108.73 -0.0125704
108.74 -0.0116454
108.75 -0.0108446
108.76 -0.0101904
108.77 -0.00969984
108.78 -0.00939781
108.79 -0.00927931
108.8 -0.00933669
108.81 -0.00956014
108.82 -0.0099337
108.83 -0.0104358
108.84 -0.0110397
108.85 -0.0117146
108.86 -0.0124267
108.87 -0.0131334
108.88 -0.0137973
108.89 -0.0143821
108.9 -0.0148532
108.91 -0.0151793
108.92 -0.015333
108.93 -0.0152922
108.94 -0.0150181
108.95 -0.0145227
108.96 -0.0138052
108.97 -0.0128719
108.98 -0.0117363
108.99 -0.0104187
109 -0.00894572
109.01 -0.00734876
109.02 -0.00566243
109.03 -0.00393842
109.04 -0.00221984
109.05 -0.000550435
109.06 0.00102683
109.07 0.00247113
109.08 0.00374512
109.09 0.00481074
109.1 0.00562644
109.11 0.00619024
109.12 0.00649168
109.13 0.00652846
109.14 0.00630657
109.15 0.00584029
109.16 0.00515177
109.17 0.004265
109.18 0.00321643
109.19 0.00206092
109.2 0.000844711
109.21 -0.000383635
109.22 -0.00157478
109.23 -0.00268017
109.24 -0.00365368
109.25 -0.00444301
109.26 -0.00500589
109.27 -0.00532374
109.28 -0.00537633
109.29 -0.00515227
109.3 -0.00464953
109.31 -0.00387567
109.32 -0.00284779
109.33 -0.00158076
109.34 -0.000118888
109.35 0.00148449
109.36 0.0031795
109.37 0.00491187
109.38 0.00662455
109.39 0.00825949
109.4 0.00975953
109.41 0.0110531
109.42 0.0120933
109.43 0.0128443
109.44 0.0132725
109.45 0.0133538
109.46 0.0130746
109.47 0.0124323
109.48 0.0114358
109.49 0.0100805
109.5 0.00842463
109.51 0.00651872
109.52 0.00441629
109.53 0.00217852
109.54 -0.000127409
109.55 -0.00243023
109.56 -0.00465659
109.57 -0.00671217
109.58 -0.00853373
109.59 -0.0100572
109.6 -0.0112244
109.61 -0.0119862
109.62 -0.0123037
109.63 -0.0121498
109.64 -0.0115072
109.65 -0.0103326
109.66 -0.00868837
109.67 -0.00660365
109.68 -0.00412018
109.69 -0.00129128
109.7 0.00181953
109.71 0.00514024
109.72 0.00859304
109.73 0.0120885
109.74 0.0155317
109.75 0.0188384
109.76 0.0219279
109.77 0.0247251
109.78 0.0271624
109.79 0.0291824
109.8 0.0307235
109.81 0.0317288
109.82 0.0322154
109.83 0.0321805
109.84 0.031636
109.85 0.0306074
109.86 0.0291332
109.87 0.0272639
109.88 0.0250493
109.89 0.0225641
109.9 0.0199045
109.91 0.0171511
109.92 0.0143857
109.93 0.0116886
109.94 0.00913688
109.95 0.00680159
109.96 0.00476399
109.97 0.00308159
109.98 0.00178004
109.99 0.000886108
110 0.000413317
110.01 0.000361661
110.02 0.000717762
110.03 0.00145541
110.04 0.0025557
110.05 0.00395232
110.06 0.00557355
110.07 0.00735317
110.08 0.00922049
110.09 0.0111026
110.1 0.0129266
110.11 0.014622
110.12 0.0161028
110.13 0.0173149
110.14 0.0182144
110.15 0.0187626
110.16 0.0189325
110.17 0.0187089
110.18 0.0180894
110.19 0.017084
110.2 0.0156853
110.21 0.0139604
110.22 0.0119595
110.23 0.00973729
110.24 0.00735513
110.25 0.00487906
110.26 0.00237788
110.27 -7.90116e-05
110.28 -0.00240593
110.29 -0.00454566
110.3 -0.00644126
110.31 -0.00804358
110.32 -0.00931261
110.33 -0.0102187
110.34 -0.0107431
110.35 -0.0108743
110.36 -0.0105892
110.37 -0.00994124
110.38 -0.00895991
110.39 -0.00768423
110.4 -0.00616145
110.41 -0.00444557
110.42 -0.00259561
110.43 -0.000673667
110.44 0.00124993
110.45 0.00310824
110.46 0.00484227
110.47 0.00639789
110.48 0.00772748
110.49 0.0087912
110.5 0.00955815
110.51 0.00999534
110.52 0.0100822
110.53 0.00984177
110.54 0.00928634
110.55 0.00843783
110.56 0.00732694
110.57 0.00599211
110.58 0.00447816
110.59 0.00283134
110.6 0.00111177
110.61 -0.000619241
110.62 -0.00230748
110.63 -0.00390097
110.64 -0.00535149
110.65 -0.00661603
110.66 -0.00765798
110.67 -0.00843184
110.68 -0.00891993
110.69 -0.0091228
110.7 -0.00903937
110.71 -0.00867736
110.72 -0.00805285
110.73 -0.00718964
110.74 -0.00611842
110.75 -0.00486632
110.76 -0.0034868
110.77 -0.00202949
110.78 -0.000540452
110.79 0.00093429
110.8 0.0023502
110.81 0.00366553
110.82 0.00484253
110.83 0.00583192
110.84 0.00661672
110.85 0.00718166
110.86 0.00751559
110.87 0.00761468
110.88 0.00748237
110.89 0.00712905
110.9 0.0065716
110.91 0.00581796
110.92 0.00491523
110.93 0.0038967
110.94 0.00279722
110.95 0.001653
110.96 0.000500535
110.97 -0.000624629
110.98 -0.00168831
110.99 -0.002649
111 -0.0034874
111.01 -0.00418266
111.02 -0.0047192
111.03 -0.00508708
111.04 -0.00528216
111.05 -0.00530603
111.06 -0.00516311
111.07 -0.00485791
111.08 -0.004422
111.09 -0.00387728
111.1 -0.00324867
111.11 -0.00256325
111.12 -0.00184938
111.13 -0.00113577
111.14 -0.000452298
111.15 0.000169044
111.16 0.000706736
111.17 0.00114004
111.18 0.0014519
111.19 0.00162935
111.2 0.00166389
111.21 0.00155156
111.22 0.00128711
111.23 0.000874634
111.24 0.000333199
111.25 -0.000322955
111.26 -0.00107631
111.27 -0.00190666
111.28 -0.00279171
111.29 -0.00370783
111.3 -0.0046297
111.31 -0.00552985
111.32 -0.00638493
111.33 -0.00717334
111.34 -0.00787563
111.35 -0.00847505
111.36 -0.00895794
111.37 -0.00931408
111.38 -0.00952794
111.39 -0.00960118
111.4 -0.00954054
111.41 -0.00935179
111.42 -0.0090442
111.43 -0.00863026
111.44 -0.00812533
111.45 -0.00754722
111.46 -0.00691321
111.47 -0.0062498
111.48 -0.00558036
111.49 -0.00492716
111.5 -0.00431208
111.51 -0.00375603
111.52 -0.00327843
111.53 -0.00289674
111.54 -0.00263711
111.55 -0.00250374
111.56 -0.00250377
111.57 -0.00264223
111.58 -0.00292069
111.59 -0.00333713
111.6 -0.00388606
111.61 -0.00455861
111.62 -0.00535221
111.63 -0.00623877
111.64 -0.00719989
111.65 -0.00821504
111.66 -0.00926199
111.67 -0.0103173
111.68 -0.011357
111.69 -0.012356
111.7 -0.0132832
111.71 -0.0141204
111.72 -0.0148468
111.73 -0.0154443
111.74 -0.0158972
111.75 -0.0161932
111.76 -0.0163233
111.77 -0.0162783
111.78 -0.0160485
111.79 -0.0156511
111.8 -0.0150942
111.81 -0.0143898
111.82 -0.0135539
111.83 -0.0126055
111.84 -0.011567
111.85 -0.0104614
111.86 -0.00931783
111.87 -0.00816811
111.88 -0.00704045
111.89 -0.00596257
111.9 -0.00496103
111.91 -0.00406043
111.92 -0.00328274
111.93 -0.00265424
111.94 -0.00219183
111.95 -0.0018972
111.96 -0.00177481
111.97 -0.00182411
111.98 -0.00203949
111.99 -0.0024103
112 -0.00292114
112.01 -0.00355791
112.02 -0.00429104
112.03 -0.00508805
112.04 -0.00591898
112.05 -0.00675251
112.06 -0.00755683
112.07 -0.00830068
112.08 -0.00895426
112.09 -0.00947998
112.1 -0.00985697
112.11 -0.0100702
112.12 -0.0101063
112.13 -0.00995742
112.14 -0.00962193
112.15 -0.00910428
112.16 -0.00841516
112.17 -0.00756016
112.18 -0.00657511
112.19 -0.00549105
112.2 -0.00434044
112.21 -0.00315874
112.22 -0.00198334
112.23 -0.000852368
112.24 0.000196561
112.25 0.00111311
112.26 0.00187308
112.27 0.00244982
112.28 0.00282167
112.29 0.00297345
112.3 0.00289717
112.31 0.00259253
112.32 0.00206578
112.33 0.00131704
112.34 0.000392137
112.35 -0.000676808
112.36 -0.00185153
112.37 -0.00308869
112.38 -0.00434113
112.39 -0.00555933
112.4 -0.00669032
112.41 -0.0076706
112.42 -0.00846163
112.43 -0.00902172
112.44 -0.00931525
112.45 -0.00931398
112.46 -0.00899825
112.47 -0.00835787
112.48 -0.00738317
112.49 -0.00607476
112.5 -0.00447906
112.51 -0.00262969
112.52 -0.000569552
112.53 0.00165021
112.54 0.00397159
112.55 0.00633129
112.56 0.00865829
112.57 0.010874
112.58 0.0129135
112.59 0.0147133
112.6 0.0162152
112.61 0.0173683
112.62 0.0181311
112.63 0.0184727
112.64 0.0183497
112.65 0.0177609
112.66 0.0167377
112.67 0.0153044
112.68 0.0134985
112.69 0.0113697
112.7 0.00897891
112.71 0.00639647
112.72 0.00369852
112.73 0.000982548
112.74 -0.00166116
112.75 -0.00414617
112.76 -0.00638892
112.77 -0.00831125
112.78 -0.00984287
112.79 -0.0109236
112.8 -0.0114636
112.81 -0.0114551
112.82 -0.0108945
112.83 -0.00978268
112.84 -0.00813682
112.85 -0.00599014
112.86 -0.00339122
112.87 -0.000402716
112.88 0.00292082
112.89 0.00645928
112.9 0.0101143
112.91 0.0137861
112.92 0.0173733
112.93 0.0207759
112.94 0.0238978
112.95 0.0266496
112.96 0.0289009
112.97 0.0306269
112.98 0.0317786
112.99 0.0323236
113 0.0322467
113.01 0.0315505
113.02 0.0302554
113.03 0.0283928
113.04 0.0259864
113.05 0.0231572
113.06 0.0199895
113.07 0.0165775
113.08 0.0130219
113.09 0.00942746
113.1 0.00589967
113.11 0.00254854
113.12 -0.000503944
113.13 -0.00318519
113.14 -0.00542012
113.15 -0.00714756
113.16 -0.008322
113.17 -0.00891492
113.18 -0.00891557
113.19 -0.00831058
113.2 -0.00711508
113.21 -0.00541245
113.22 -0.0032636
113.23 -0.00074252
113.24 0.00206606
113.25 0.00506933
113.26 0.00816931
113.27 0.0112606
113.28 0.0142307
113.29 0.0169871
113.3 0.0194438
113.31 0.0215255
113.32 0.0231691
113.33 0.0243264
113.34 0.0249646
113.35 0.0250353
113.36 0.0245532
113.37 0.0235622
113.38 0.0221002
113.39 0.0202197
113.4 0.0179858
113.41 0.0154743
113.42 0.0127687
113.43 0.00995728
113.44 0.00714607
113.45 0.00442769
113.46 0.00188773
113.47 -0.000395293
113.48 -0.00235239
113.49 -0.00392625
113.5 -0.00507297
113.51 -0.00572366
113.52 -0.00589733
113.53 -0.00560804
113.54 -0.00487791
113.55 -0.00374381
113.56 -0.00225613
113.57 -0.000477026
113.58 0.00152165
113.59 0.00366619
113.6 0.00585213
113.61 0.00799324
113.62 0.0100056
113.63 0.0118095
113.64 0.0133326
113.65 0.0145113
113.66 0.0152904
113.67 0.0155906
113.68 0.0154285
113.69 0.0147981
113.7 0.0137084
113.71 0.0121832
113.72 0.0102605
113.73 0.00799096
113.74 0.00543234
113.75 0.00265116
113.76 -0.000251036
113.77 -0.00319151
113.78 -0.00608654
113.79 -0.00885397
113.8 -0.0114158
113.81 -0.0137007
113.82 -0.0156336
113.83 -0.0171424
113.84 -0.0182151
113.85 -0.0188285
113.86 -0.018974
113.87 -0.018657
113.88 -0.017897
113.89 -0.0167267
113.9 -0.0151775
113.91 -0.013309
113.92 -0.0112079
113.93 -0.00894619
113.94 -0.00659969
113.95 -0.00424555
113.96 -0.00195988
113.97 0.000184536
113.98 0.00210556
113.99 0.00373883
114 0.00504658
114.01 0.00599208
114.02 0.00655057
114.03 0.00670981
114.04 0.00647028
114.05 0.00584491
114.06 0.00483676
114.07 0.00349918
114.08 0.00189175
114.09 6.93679e-05
114.1 -0.0019074
114.11 -0.00397427
114.12 -0.00606534
114.13 -0.0081151
114.14 -0.0100475
114.15 -0.0118044
114.16 -0.0133375
114.17 -0.0146039
114.18 -0.0155697
114.19 -0.0162109
114.2 -0.016514
114.21 -0.016476
114.22 -0.0160755
114.23 -0.0153601
114.24 -0.014362
114.25 -0.0131175
114.26 -0.0116696
114.27 -0.0100662
114.28 -0.00835855
114.29 -0.00659971
114.3 -0.00484824
114.31 -0.00315916
114.32 -0.00157986
114.33 -0.000152918
114.34 0.00108503
114.35 0.00210421
114.36 0.00288236
114.37 0.0034016
114.38 0.00363657
114.39 0.00361356
114.4 0.00334375
114.41 0.00284519
114.42 0.00214195
114.43 0.00126308
114.44 0.000241585
114.45 -0.000888525
114.46 -0.00208906
114.47 -0.00331501
114.48 -0.00453027
114.49 -0.00570104
114.5 -0.00679677
114.51 -0.00779099
114.52 -0.00866192
114.53 -0.00938728
114.54 -0.00995126
114.55 -0.0103587
114.56 -0.0106107
114.57 -0.0107136
114.58 -0.0106781
114.59 -0.010519
114.6 -0.0102545
114.61 -0.00990233
114.62 -0.00948792
114.63 -0.00903897
114.64 -0.00857879
114.65 -0.00812977
114.66 -0.00771274
114.67 -0.00734629
114.68 -0.00704632
114.69 -0.00683108
114.7 -0.00670888
114.71 -0.00668142
114.72 -0.00675004
114.73 -0.00691259
114.74 -0.00716365
114.75 -0.00749481
114.76 -0.007895
114.77 -0.00835393
114.78 -0.00885214
114.79 -0.00937159
114.8 -0.0098951
114.81 -0.0104053
114.82 -0.0108851
114.83 -0.0113179
114.84 -0.0116885
114.85 -0.0119751
114.86 -0.0121695
114.87 -0.012263
114.88 -0.0122473
114.89 -0.0121165
114.9 -0.0118667
114.91 -0.0114963
114.92 -0.0110059
114.93 -0.0103873
114.94 -0.00965705
114.95 -0.00882304
114.96 -0.00789461
114.97 -0.00688294
114.98 -0.00580097
114.99 -0.00466331
115 -0.00348588
115.01 -0.00228626
115.02 -0.00108685
115.03 9.24286e-05
115.04 0.00123092
115.05 0.00230749
115.06 0.00330086
115.07 0.00418993
115.08 0.00495125
115.09 0.00555431
115.1 0.00599186
115.11 0.00624827
115.12 0.00631045
115.13 0.00616833
115.14 0.00581533
115.15 0.00524876
115.16 0.00446373
115.17 0.0034601
115.18 0.00226485
115.19 0.000895244
115.2 -0.000626537
115.21 -0.00227355
115.22 -0.00401439
115.23 -0.00581365
115.24 -0.00763142
115.25 -0.00942006
115.26 -0.0111351
115.27 -0.0127321
115.28 -0.0141672
115.29 -0.015398
115.3 -0.0163849
115.31 -0.0170919
115.32 -0.0174693
115.33 -0.0174928
115.34 -0.0171605
115.35 -0.0164637
115.36 -0.0154022
115.37 -0.0139844
115.38 -0.0122276
115.39 -0.0101577
115.4 -0.00779291
115.41 -0.00519088
115.42 -0.00241122
115.43 0.000490103
115.44 0.00345292
115.45 0.00641429
115.46 0.00931001
115.47 0.0120764
115.48 0.0146318
115.49 0.0169242
115.5 0.018907
115.51 0.0205367
115.52 0.0217782
115.53 0.0226058
115.54 0.0230044
115.55 0.0229699
115.56 0.0224716
115.57 0.0215659
115.58 0.0202881
115.59 0.0186791
115.6 0.0167884
115.61 0.0146728
115.62 0.012395
115.63 0.0100215
115.64 0.00762568
115.65 0.00528476
115.66 0.00306531
115.67 0.00102985
115.68 -0.000765022
115.69 -0.00227016
115.7 -0.0034453
115.71 -0.0042548
115.72 -0.00465064
115.73 -0.00465942
115.74 -0.00428748
115.75 -0.00355236
115.76 -0.00248224
115.77 -0.001115
115.78 0.000503005
115.79 0.00232187
115.8 0.00428222
115.81 0.00630707
115.82 0.0083326
115.83 0.0102959
115.84 0.012137
115.85 0.0138006
115.86 0.0152375
115.87 0.0163952
115.88 0.0172308
115.89 0.017742
115.9 0.0179196
115.91 0.017765
115.92 0.0172902
115.93 0.0165171
115.94 0.0154768
115.95 0.0141991
115.96 0.0127363
115.97 0.0111511
115.98 0.00949776
115.99 0.00783099
116 0.00620468
116.01 0.00466985
116.02 0.00327297
116.03 0.00206762
116.04 0.00108566
116.05 0.000342174
116.06 -0.000149902
116.07 -0.000387308
116.08 -0.000376476
116.09 -0.000133192
116.1 0.000318059
116.11 0.000955074
116.12 0.00172579
116.13 0.00258076
116.14 0.0034723
116.15 0.0043516
116.16 0.0051705
116.17 0.00588329
116.18 0.00644843
116.19 0.00681191
116.2 0.00695655
116.21 0.00686712
116.22 0.00653481
116.23 0.00596055
116.24 0.00515508
116.25 0.00413874
116.26 0.00294089
116.27 0.00158924
116.28 0.000146562
116.29 -0.00133584
116.3 -0.00280388
116.31 -0.00420207
116.32 -0.0054754
116.33 -0.00657133
116.34 -0.00743931
116.35 -0.00801092
116.36 -0.00827556
116.37 -0.00821031
116.38 -0.00780262
116.39 -0.00705097
116.4 -0.00596513
116.41 -0.00456618
116.42 -0.00288123
116.43 -0.00094368
116.44 0.00117124
116.45 0.00340353
116.46 0.00568789
116.47 0.00795565
116.48 0.0101368
116.49 0.0121624
116.5 0.0139568
116.51 0.0154422
116.52 0.0165825
116.53 0.0173351
116.54 0.0176681
116.55 0.0175611
116.56 0.0170065
116.57 0.0160095
116.58 0.0145708
116.59 0.0127218
116.6 0.0105316
116.61 0.00805553
116.62 0.00535771
116.63 0.00250904
116.64 -0.000414668
116.65 -0.00333487
116.66 -0.00616343
116.67 -0.0088145
116.68 -0.0112205
116.69 -0.0133166
116.7 -0.0150461
116.71 -0.0163629
116.72 -0.0172321
116.73 -0.0176314
116.74 -0.0175189
116.75 -0.0169178
116.76 -0.0158643
116.77 -0.0143907
116.78 -0.0125408
116.79 -0.0103682
116.8 -0.00793507
116.81 -0.0053099
116.82 -0.00256248
116.83 0.000216723
116.84 0.00295
116.85 0.00556448
116.86 0.00799185
116.87 0.0101701
116.88 0.0120454
116.89 0.0135732
116.9 0.0146822
116.91 0.0153813
116.92 0.015666
116.93 0.01554
116.94 0.0150184
116.95 0.014127
116.96 0.0129012
116.97 0.0113843
116.98 0.00960983
116.99 0.00766284
117 0.00560346
117.01 0.00349301
117.02 0.00139215
117.03 -0.00064085
117.04 -0.00255179
117.05 -0.00428882
117.06 -0.00579099
117.07 -0.00704184
117.08 -0.00801817
117.09 -0.00870595
117.1 -0.00910038
117.11 -0.00920572
117.12 -0.00903485
117.13 -0.00860255
117.14 -0.00792967
117.15 -0.00706985
117.16 -0.00606215
117.17 -0.00494843
117.18 -0.00377193
117.19 -0.00257588
117.2 -0.00140212
117.21 -0.000293581
117.22 0.000708163
117.23 0.00157819
117.24 0.00229317
117.25 0.00283606
117.26 0.00319642
117.27 0.00337046
117.28 0.00336088
117.29 0.00316844
117.3 0.00281014
117.31 0.002315
117.32 0.00170691
117.33 0.00101245
117.34 0.000259791
117.35 -0.000522326
117.36 -0.00130566
117.37 -0.00206028
117.38 -0.0027599
117.39 -0.00338539
117.4 -0.00392054
117.41 -0.0043535
117.42 -0.00467714
117.43 -0.00488905
117.44 -0.00499149
117.45 -0.00498426
117.46 -0.00488454
117.47 -0.00470975
117.48 -0.00447706
117.49 -0.00420532
117.5 -0.00391426
117.51 -0.00362362
117.52 -0.00335236
117.53 -0.00312233
117.54 -0.00294695
117.55 -0.00283698
117.56 -0.00280025
117.57 -0.0028408
117.58 -0.00295874
117.59 -0.00315026
117.6 -0.00340778
117.61 -0.00372433
117.62 -0.00407903
117.63 -0.00445484
117.64 -0.00483339
117.65 -0.00519549
117.66 -0.00552202
117.67 -0.00579467
117.68 -0.00599595
117.69 -0.0061032
117.7 -0.00611269
117.71 -0.00601755
117.72 -0.00581503
117.73 -0.00550662
117.74 -0.00509824
117.75 -0.00460012
117.76 -0.00402539
117.77 -0.00339113
117.78 -0.00272509
117.79 -0.00205149
117.8 -0.00139609
117.81 -0.000785365
117.82 -0.000245585
117.83 0.000198077
117.84 0.000517824
117.85 0.000686282
117.86 0.000696182
117.87 0.000536319
117.88 0.000200459
117.89 -0.000312303
117.9 -0.000997348
117.91 -0.00184451
117.92 -0.0028438
117.93 -0.00397266
117.94 -0.00519665
117.95 -0.00648576
117.96 -0.00780702
117.97 -0.00912544
117.98 -0.010405
117.99 -0.0116096
118 -0.0126962
118.01 -0.0136291
118.02 -0.0143846
118.03 -0.014938
118.04 -0.0152695
118.05 -0.0153651
118.06 -0.0152165
118.07 -0.0148222
118.08 -0.0141712
118.09 -0.0132859
118.1 -0.0121928
118.11 -0.0109166
118.12 -0.0094867
118.13 -0.00793667
118.14 -0.0063034
118.15 -0.004626
118.16 -0.00294778
118.17 -0.00131338
118.18 0.000238358
118.19 0.00167098
118.2 0.00295142
118.21 0.00405091
118.22 0.00494571
118.23 0.00561772
118.24 0.00603275
118.25 0.00620551
118.26 0.00614057
118.27 0.00584678
118.28 0.00533894
118.29 0.00463736
118.3 0.00376719
118.31 0.00275728
118.32 0.00163339
118.33 0.000443546
118.34 -0.000776552
118.35 -0.00199141
118.36 -0.00316677
118.37 -0.00427062
118.38 -0.00527408
118.39 -0.00614993
118.4 -0.00686579
118.41 -0.0074189
118.42 -0.0078009
118.43 -0.00800913
118.44 -0.0080465
118.45 -0.00792138
118.46 -0.00764714
118.47 -0.0072387
118.48 -0.00671556
118.49 -0.00611254
118.5 -0.00545683
118.51 -0.00477656
118.52 -0.00409984
118.53 -0.00345382
118.54 -0.00286374
118.55 -0.00235597
118.56 -0.00195368
118.57 -0.00166555
118.58 -0.00150059
118.59 -0.00146279
118.6 -0.00155096
118.61 -0.00175882
118.62 -0.00207519
118.63 -0.00248801
118.64 -0.00297429
118.65 -0.00350572
118.66 -0.00405619
118.67 -0.00459817
118.68 -0.00510359
118.69 -0.00554481
118.7 -0.00589557
118.71 -0.00612336
118.72 -0.00620816
118.73 -0.0061386
118.74 -0.00590351
118.75 -0.00549679
118.76 -0.00491773
118.77 -0.0041711
118.78 -0.00326711
118.79 -0.00221209
118.8 -0.00103602
118.81 0.000232089
118.82 0.00156361
118.83 0.0029275
118.84 0.0042912
118.85 0.00562166
118.86 0.00688633
118.87 0.00804326
118.88 0.00906874
118.89 0.00994014
118.9 0.0106378
118.91 0.0111473
118.92 0.0114595
118.93 0.0115713
118.94 0.0114858
118.95 0.0111948
118.96 0.0107333
118.97 0.010123
118.98 0.00939003
118.99 0.00856393
119 0.00767734
119.01 0.00676476
119.02 0.00586201
119.03 0.00501149
119.04 0.004245
119.05 0.00359304
119.06 0.00308241
119.07 0.00273537
119.08 0.00256887
119.09 0.002594
119.1 0.00281976
119.11 0.00325492
119.12 0.00387401
119.13 0.00466108
119.14 0.00559444
119.15 0.00664726
119.16 0.00778837
119.17 0.00898318
119.18 0.0101939
119.19 0.0113768
119.2 0.0124931
119.21 0.013506
119.22 0.0143814
119.23 0.015089
119.24 0.0156029
119.25 0.0159027
119.26 0.0159636
119.27 0.0157754
119.28 0.015352
119.29 0.0147016
119.3 0.0138391
119.31 0.0127859
119.32 0.0115692
119.33 0.0102212
119.34 0.00877535
119.35 0.00727785
119.36 0.00577438
119.37 0.00430704
119.38 0.00291705
119.39 0.00164356
119.4 0.000522468
119.41 -0.000414644
119.42 -0.00112545
119.43 -0.00159612
119.44 -0.00182162
119.45 -0.00179719
119.46 -0.00152536
119.47 -0.00101583
119.48 -0.00028519
119.49 0.000643558
119.5 0.00175266
119.51 0.0029941
119.52 0.00432638
119.53 0.00570894
119.54 0.0071
119.55 0.00845786
119.56 0.00974205
119.57 0.0109145
119.58 0.0119244
119.59 0.0127524
119.6 0.0133767
119.61 0.0137806
119.62 0.0139538
119.63 0.0138932
119.64 0.0136025
119.65 0.0130914
119.66 0.01236
119.67 0.0114535
119.68 0.0104006
119.69 0.00923386
119.7 0.00798856
119.71 0.0067018
119.72 0.00541119
119.73 0.00415485
119.74 0.00297646
119.75 0.00190421
119.76 0.000965648
119.77 0.000183506
119.78 -0.000424949
119.79 -0.000848364
119.8 -0.00108157
119.81 -0.00112069
119.82 -0.000966206
119.83 -0.000646525
119.84 -0.000181345
119.85 0.00040513
119.86 0.00108501
119.87 0.00182765
119.88 0.00260061
119.89 0.00336928
119.9 0.00409596
119.91 0.00475019
119.92 0.00530363
119.93 0.00573138
119.94 0.00601271
119.95 0.00613169
119.96 0.0060776
119.97 0.00583606
119.98 0.00540858
119.99 0.00481129
120 0.00405657
120.01 0.00316151
120.02 0.00214732
120.03 0.00103862
120.04 -0.000137349
120.05 -0.0013521
120.06 -0.00257117
120.07 -0.00376375
120.08 -0.00490157
120.09 -0.00595842
120.1 -0.00691092
120.11 -0.00773915
120.12 -0.00842716
120.13 -0.00895141
120.14 -0.0093125
120.15 -0.00951334
120.16 -0.00955752
120.17 -0.00945301
120.18 -0.00921179
120.19 -0.00884936
120.2 -0.00838418
120.21 -0.00783182
120.22 -0.00722294
120.23 -0.00658186
120.24 -0.00593168
120.25 -0.00529465
120.26 -0.00469156
120.27 -0.0041411
120.28 -0.00365937
120.29 -0.00326861
120.3 -0.00297091
120.31 -0.00277161
120.32 -0.00267272
120.33 -0.00267288
120.34 -0.00276753
120.35 -0.00294923
120.36 -0.0032087
120.37 -0.00353783
120.38 -0.003916
120.39 -0.00432865
120.4 -0.00476093
120.41 -0.00519826
120.42 -0.00562683
120.43 -0.00603402
120.44 -0.00640787
120.45 -0.00673604
120.46 -0.00701475
120.47 -0.00723979
120.48 -0.00740919
120.49 -0.00752316
120.5 -0.00758395
120.51 -0.00759556
120.52 -0.00756227
120.53 -0.0074904
120.54 -0.00739036
120.55 -0.0072699
120.56 -0.00713666
120.57 -0.00699777
120.58 -0.00685952
120.59 -0.00672709
120.6 -0.0066049
120.61 -0.00649554
120.62 -0.00639888
120.63 -0.00631382
120.64 -0.00623785
120.65 -0.00616721
120.66 -0.00609711
120.67 -0.00602208
120.68 -0.00593525
120.69 -0.00583016
120.7 -0.00570191
120.71 -0.00554591
120.72 -0.00535873
120.73 -0.00513834
120.74 -0.00488441
120.75 -0.00459844
120.76 -0.00428226
120.77 -0.00394327
120.78 -0.00359008
120.79 -0.00323206
120.8 -0.00288001
120.81 -0.00254574
120.82 -0.0022418
120.83 -0.0019809
120.84 -0.00178104
120.85 -0.00165154
120.86 -0.00160133
120.87 -0.00163864
120.88 -0.00176938
120.89 -0.00199686
120.9 -0.00232142
120.91 -0.00274029
120.92 -0.00325483
120.93 -0.00384681
120.94 -0.00450246
120.95 -0.00520586
120.96 -0.00593863
120.97 -0.00668044
120.98 -0.00740947
120.99 -0.00810284
121 -0.00873002
121.01 -0.0092728
121.02 -0.00971059
121.03 -0.0100249
121.04 -0.0102
121.05 -0.0102235
121.06 -0.0100869
121.07 -0.00978321
121.08 -0.00930193
121.09 -0.00866318
121.1 -0.00787774
121.11 -0.00696092
121.12 -0.00593225
121.13 -0.00481505
121.14 -0.00363588
121.15 -0.00242388
121.16 -0.00121378
121.17 -3.96572e-05
121.18 0.00106663
121.19 0.00207427
121.2 0.00295443
121.21 0.00368106
121.22 0.00423175
121.23 0.00458008
121.24 0.00470752
121.25 0.00461981
121.26 0.00431645
121.27 0.00380295
121.28 0.0030907
121.29 0.00219687
121.3 0.00114399
121.31 -4.56053e-05
121.32 -0.00133508
121.33 -0.00268233
121.34 -0.00404924
121.35 -0.0053964
121.36 -0.0066841
121.37 -0.00787345
121.38 -0.00892735
121.39 -0.00979873
121.4 -0.0104587
121.41 -0.0108892
121.42 -0.0110716
121.43 -0.0109932
121.44 -0.010648
121.45 -0.0100369
121.46 -0.00916743
121.47 -0.00803743
121.48 -0.00668349
121.49 -0.00514022
121.5 -0.00344131
121.51 -0.00162482
121.52 0.000267701
121.53 0.00219229
121.54 0.00410362
121.55 0.00594705
121.56 0.00767839
121.57 0.00925677
121.58 0.0106439
121.59 0.011806
121.6 0.0127145
121.61 0.0133469
121.62 0.0136875
121.63 0.0136975
121.64 0.0134062
121.65 0.0128218
121.66 0.0119596
121.67 0.0108412
121.68 0.00949501
121.69 0.00795474
121.7 0.00625789
121.71 0.00444274
121.72 0.00256856
121.73 0.00068246
121.74 -0.00116824
121.75 -0.0029372
121.76 -0.00458015
121.77 -0.00605604
121.78 -0.00732264
121.79 -0.0083318
121.8 -0.00907565
121.81 -0.00953635
121.82 -0.00970306
121.83 -0.00957213
121.84 -0.00914714
121.85 -0.00843876
121.86 -0.00745617
121.87 -0.00621892
121.88 -0.00477523
121.89 -0.00316037
121.9 -0.00141325
121.91 0.000424546
121.92 0.00230981
121.93 0.00419885
121.94 0.00604471
121.95 0.00780005
121.96 0.00942948
121.97 0.010899
121.98 0.0121792
121.99 0.0132462
122 0.0140816
122.01 0.0146737
122.02 0.0150022
122.03 0.015073
122.04 0.0149051
122.05 0.0145131
122.06 0.0139165
122.07 0.0131396
122.08 0.0122105
122.09 0.0111602
122.1 0.0100184
122.11 0.00882662
122.12 0.00762177
122.13 0.00643695
122.14 0.00530323
122.15 0.00424884
122.16 0.00329844
122.17 0.00247247
122.18 0.00179914
122.19 0.00128064
122.2 0.000918559
122.21 0.000712059
122.22 0.000655344
122.23 0.000738013
122.24 0.000945538
122.25 0.00125987
122.26 0.00166605
122.27 0.00213146
122.28 0.0026313
122.29 0.00314136
122.3 0.0036382
122.31 0.00410004
122.32 0.00450749
122.33 0.00484385
122.34 0.00508791
122.35 0.00523928
122.36 0.00529494
122.37 0.0052564
122.38 0.00512966
122.39 0.00492501
122.4 0.00465661
122.41 0.00434165
122.42 0.00400124
122.43 0.00366177
122.44 0.00334694
122.45 0.00308052
122.46 0.00288547
122.47 0.00278304
122.48 0.00279193
122.49 0.00293148
122.5 0.00321993
122.51 0.00365346
122.52 0.00423254
122.53 0.00495233
122.54 0.00580267
122.55 0.00676823
122.56 0.00782874
122.57 0.00896118
122.58 0.0101339
122.59 0.0113107
122.6 0.0124577
122.61 0.0135403
122.62 0.0145239
122.63 0.0153752
122.64 0.0160632
122.65 0.016549
122.66 0.0168075
122.67 0.0168311
122.68 0.0166089
122.69 0.0161363
122.7 0.0154152
122.71 0.0144544
122.72 0.0132692
122.73 0.01187
122.74 0.0102941
122.75 0.00858237
122.76 0.00677247
122.77 0.00490493
122.78 0.00302212
122.79 0.00116698
122.8 -0.000618114
122.81 -0.00228128
122.82 -0.00378726
122.83 -0.00510677
122.84 -0.00621297
122.85 -0.00708519
122.86 -0.00770949
122.87 -0.00807908
122.88 -0.00819451
122.89 -0.0080433
122.9 -0.0076616
122.91 -0.00707579
122.92 -0.00631479
122.93 -0.00541243
122.94 -0.00440636
122.95 -0.00333693
122.96 -0.00224594
122.97 -0.00118154
122.98 -0.000185594
122.99 0.000704252
123 0.00145417
123.01 0.00203519
123.02 0.00242409
123.03 0.00260407
123.04 0.00256282
123.05 0.00228059
123.06 0.00178362
123.07 0.00108525
123.08 0.000205315
123.09 -0.000830485
123.1 -0.00199145
123.11 -0.00324285
123.12 -0.00454732
123.13 -0.00586165
123.14 -0.00714256
123.15 -0.00835163
123.16 -0.00945282
123.17 -0.0104137
123.18 -0.0112062
123.19 -0.0118078
123.2 -0.0121945
123.21 -0.0123491
123.22 -0.0122844
123.23 -0.0120058
123.24 -0.0115256
123.25 -0.0108622
123.26 -0.0100396
123.27 -0.00908657
123.28 -0.00803275
123.29 -0.0069179
123.3 -0.00578407
123.31 -0.00466822
123.32 -0.00360615
123.33 -0.00263134
123.34 -0.00177392
123.35 -0.00105967
123.36 -0.000519861
123.37 -0.00016785
123.38 -3.84416e-06
123.39 -2.87635e-05
123.4 -0.00023723
123.41 -0.000617834
123.42 -0.0011536
123.43 -0.00182261
123.44 -0.00260427
123.45 -0.00346132
123.46 -0.00435883
123.47 -0.00526429
123.48 -0.00614551
123.49 -0.00697173
123.5 -0.0077146
123.51 -0.00834915
123.52 -0.00884253
123.53 -0.00918622
123.54 -0.00937329
123.55 -0.00939996
123.56 -0.00926809
123.57 -0.00898494
123.58 -0.00856292
123.59 -0.00801895
123.6 -0.0073666
123.61 -0.00664116
123.62 -0.00586968
123.63 -0.00507941
123.64 -0.00429749
123.65 -0.00354993
123.66 -0.00286069
123.67 -0.00225134
123.68 -0.00174944
123.69 -0.00135903
123.7 -0.00108734
123.71 -0.000936622
123.72 -0.000904154
123.73 -0.000982402
123.74 -0.00115938
123.75 -0.00142021
123.76 -0.00174752
123.77 -0.00211245
123.78 -0.00249154
123.79 -0.002861
123.8 -0.00319764
123.81 -0.00347981
123.82 -0.00368834
123.83 -0.0038043
123.84 -0.00381043
123.85 -0.00370703
123.86 -0.00349267
123.87 -0.00317095
123.88 -0.00275043
123.89 -0.00224435
123.9 -0.00167022
123.91 -0.00104826
123.92 -0.000405462
123.93 0.000229288
123.94 0.000829028
123.95 0.00136717
123.96 0.00181856
123.97 0.00216049
123.98 0.00237369
123.99 0.00243498
124 0.0023345
124.01 0.00207633
124.02 0.00166349
124.03 0.00110512
124.04 0.000416263
124.05 -0.000382382
124.06 -0.00126508
124.07 -0.00220304
124.08 -0.00315687
124.09 -0.00408867
124.1 -0.00496164
124.11 -0.00573947
124.12 -0.00638769
124.13 -0.00687492
124.14 -0.00717404
124.15 -0.00724598
124.16 -0.00708585
124.17 -0.00669239
124.18 -0.00606693
124.19 -0.00521875
124.2 -0.00416507
124.21 -0.00293074
124.22 -0.00154775
124.23 -4.85225e-05
124.24 0.00151003
124.25 0.00307815
124.26 0.00460511
124.27 0.00603943
124.28 0.00733044
124.29 0.00842989
124.3 0.00929352
124.31 0.0098516
124.32 0.0100985
124.33 0.0100125
124.34 0.00958091
124.35 0.00880095
124.36 0.0076798
124.37 0.0062348
124.38 0.00449025
124.39 0.00246726
124.4 0.000238964
124.41 -0.0021407
124.42 -0.00461218
124.43 -0.00711199
124.44 -0.00957433
124.45 -0.011933
124.46 -0.0141176
124.47 -0.0160476
124.48 -0.0176817
124.49 -0.018972
124.5 -0.0198792
124.51 -0.0203733
124.52 -0.0204352
124.53 -0.0200567
124.54 -0.0192261
124.55 -0.0179488
124.56 -0.0162818
124.57 -0.0142639
124.58 -0.0119427
124.59 -0.00937394
124.6 -0.00661943
124.61 -0.00374573
124.62 -0.000823369
124.63 0.00206781
124.64 0.00485688
124.65 0.00747847
124.66 0.00987226
124.67 0.0119846
124.68 0.0137699
124.69 0.0151918
124.7 0.0161998
124.71 0.0167846
124.72 0.0169607
124.73 0.016737
124.74 0.0161326
124.75 0.0151764
124.76 0.0139061
124.77 0.0123666
124.78 0.0105977
124.79 0.00867092
124.8 0.0066515
124.81 0.00459905
124.82 0.00257212
124.83 0.000626617
124.84 -0.00118575
124.85 -0.00281883
124.86 -0.00421231
124.87 -0.00534686
124.88 -0.00620537
124.89 -0.00677562
124.9 -0.00705437
124.91 -0.00704717
124.92 -0.00676795
124.93 -0.00623833
124.94 -0.00546886
124.95 -0.00451721
124.96 -0.00342412
124.97 -0.00223172
124.98 -0.000983413
124.99 0.000277474
125 0.00150911
125.01 0.00267183
125.02 0.00371812
125.03 0.00462647
125.04 0.00537425
125.05 0.00594548
125.06 0.00633112
125.07 0.00652923
125.08 0.00654485
125.09 0.00638699
125.1 0.00606599
125.11 0.00562028
125.12 0.00507838
125.13 0.00447191
125.14 0.0038345
125.15 0.00320051
125.16 0.00260393
125.17 0.00208013
125.18 0.00166607
125.19 0.00138124
125.2 0.00124561
125.21 0.00127368
125.22 0.00147392
125.23 0.00184854
125.24 0.00239336
125.25 0.00310384
125.26 0.00396328
125.27 0.00493913
125.28 0.00600373
125.29 0.0071257
125.3 0.00827096
125.31 0.00940375
125.32 0.0104877
125.33 0.0114807
125.34 0.0123449
125.35 0.0130541
125.36 0.0135817
125.37 0.0139061
125.38 0.014011
125.39 0.0138861
125.4 0.0135276
125.41 0.0129236
125.42 0.012092
125.43 0.0110581
125.44 0.00984446
125.45 0.00847893
125.46 0.00699368
125.47 0.00542447
125.48 0.00380962
125.49 0.00219177
125.5 0.000615868
125.51 -0.000878628
125.52 -0.00225423
125.53 -0.00347636
125.54 -0.00451427
125.55 -0.00534178
125.56 -0.00593801
125.57 -0.00626502
125.58 -0.00633317
125.59 -0.00614439
125.6 -0.00570401
125.61 -0.00502353
125.62 -0.00412025
125.63 -0.00301683
125.64 -0.00174065
125.65 -0.0003123
125.66 0.00121606
125.67 0.00280719
125.68 0.00442274
125.69 0.00602422
125.7 0.0075739
125.71 0.00903573
125.72 0.0103743
125.73 0.0115448
125.74 0.0125333
125.75 0.013319
125.76 0.0138865
125.77 0.0142252
125.78 0.0143302
125.79 0.0142018
125.8 0.0138405
125.81 0.0132471
125.82 0.0124555
125.83 0.0114858
125.84 0.0103619
125.85 0.00911012
125.86 0.00775914
125.87 0.0063389
125.88 0.00487984
125.89 0.00341612
125.9 0.00197954
125.91 0.000598167
125.92 -0.000702048
125.93 -0.00189774
125.94 -0.00296857
125.95 -0.00389754
125.96 -0.00466335
125.97 -0.00525465
125.98 -0.00567496
125.99 -0.00592318
126 -0.00600187
126.01 -0.00591704
126.02 -0.00567788
126.03 -0.00529648
126.04 -0.00478083
126.05 -0.00415236
126.06 -0.00343507
126.07 -0.00264886
126.08 -0.00181438
126.09 -0.000952556
126.1 -8.42352e-05
126.11 0.000770226
126.12 0.00158756
126.13 0.00234891
126.14 0.0030388
126.15 0.00364242
126.16 0.00414686
126.17 0.00454128
126.18 0.00481701
126.19 0.00496764
126.2 0.00497806
126.21 0.00485516
126.22 0.00460222
126.23 0.00422243
126.24 0.00372113
126.25 0.00310566
126.26 0.0023853
126.27 0.0015711
126.28 0.000669336
126.29 -0.000297083
126.3 -0.00131202
126.31 -0.00235879
126.32 -0.00341992
126.33 -0.00447738
126.34 -0.00551285
126.35 -0.00650763
126.36 -0.00743659
126.37 -0.00828656
126.38 -0.00904115
126.39 -0.00968524
126.4 -0.0102053
126.41 -0.0105897
126.42 -0.0108288
126.43 -0.0109129
126.44 -0.0108272
126.45 -0.0105838
126.46 -0.010185
126.47 -0.00963666
126.48 -0.00894753
126.49 -0.00812978
126.5 -0.00719869
126.51 -0.00617032
126.52 -0.00506549
126.53 -0.00391467
126.54 -0.00274367
126.55 -0.00157967
126.56 -0.000450726
126.57 0.000614865
126.58 0.00158919
126.59 0.00243931
126.6 0.00313464
126.61 0.00366038
126.62 0.00399773
126.63 0.00413166
126.64 0.00405149
126.65 0.00375128
126.66 0.00323017
126.67 0.00248151
126.68 0.00151879
126.69 0.000368819
126.7 -0.000946633
126.71 -0.00240098
126.72 -0.00396334
126.73 -0.00559912
126.74 -0.00727075
126.75 -0.0089355
126.76 -0.0105476
126.77 -0.0120665
126.78 -0.0134523
126.79 -0.0146674
126.8 -0.0156773
126.81 -0.0164516
126.82 -0.0169652
126.83 -0.0171756
126.84 -0.017085
126.85 -0.0166959
126.86 -0.0160117
126.87 -0.0150429
126.88 -0.0138079
126.89 -0.012332
126.9 -0.0106469
126.91 -0.00877899
126.92 -0.00678934
126.93 -0.00472753
126.94 -0.00264384
126.95 -0.000589819
126.96 0.00138299
126.97 0.00322443
126.98 0.00488689
126.99 0.00630073
127 0.00744806
127.01 0.00829866
127.02 0.00882976
127.03 0.00902675
127.04 0.00888358
127.05 0.00840311
127.06 0.00759327
127.07 0.00645429
127.08 0.00504539
127.09 0.00340432
127.1 0.00157514
127.11 -0.000392923
127.12 -0.0024468
127.13 -0.00453095
127.14 -0.00658675
127.15 -0.00854757
127.16 -0.010363
127.17 -0.0119839
127.18 -0.0133662
127.19 -0.0144727
127.2 -0.0152732
127.21 -0.0157461
127.22 -0.0158661
127.23 -0.0156206
127.24 -0.0150399
127.25 -0.0141408
127.26 -0.0129491
127.27 -0.011498
127.28 -0.00982767
127.29 -0.00798388
127.3 -0.00601353
127.31 -0.0039768
127.32 -0.00193446
127.33 5.9432e-05
127.34 0.00195282
127.35 0.00369708
127.36 0.00524836
127.37 0.00656872
127.38 0.00760988
127.39 0.00835181
127.4 0.00879239
127.41 0.0089272
127.42 0.00876033
127.43 0.0083041
127.44 0.00757858
127.45 0.00661085
127.46 0.0054218
127.47 0.00406353
127.48 0.00258458
127.49 0.0010296
127.5 -0.000556037
127.51 -0.00212763
127.52 -0.0036424
127.53 -0.00506073
127.54 -0.00633361
127.55 -0.00743768
127.56 -0.00835265
127.57 -0.00906255
127.58 -0.00955825
127.59 -0.00983753
127.6 -0.0099049
127.61 -0.00977122
127.62 -0.00943745
127.63 -0.0089446
127.64 -0.00832009
127.65 -0.00759317
127.66 -0.00679476
127.67 -0.00595629
127.68 -0.00510861
127.69 -0.00428128
127.7 -0.00350738
127.71 -0.00280658
127.72 -0.00219652
127.73 -0.00168989
127.74 -0.00129418
127.75 -0.00101148
127.76 -0.000838586
127.77 -0.000768859
127.78 -0.000793113
127.79 -0.000885263
127.8 -0.00102439
127.81 -0.00118732
127.82 -0.00134962
127.83 -0.00148647
127.84 -0.00157367
127.85 -0.0015857
127.86 -0.00149652
127.87 -0.00129537
127.88 -0.000970102
127.89 -0.00051306
127.9 7.86477e-05
127.91 0.000803004
127.92 0.00165311
127.93 0.00262153
127.94 0.00369132
127.95 0.00483531
127.96 0.00602995
127.97 0.00724945
127.98 0.0084666
127.99 0.00965366
128 0.0107832
128.01 0.0118229
128.02 0.0127464
128.03 0.0135368
128.04 0.0141768
128.05 0.0146531
128.06 0.0149563
128.07 0.015082
128.08 0.01503
128.09 0.0147936
128.1 0.0143884
128.11 0.0138336
128.12 0.0131458
128.13 0.012344
128.14 0.0114494
128.15 0.0104845
128.16 0.00947263
128.17 0.00843703
128.18 0.00740394
128.19 0.006395
128.2 0.00542958
128.21 0.00452487
128.22 0.00369558
128.23 0.00295381
128.24 0.00230892
128.25 0.00177725
128.26 0.00135455
128.27 0.00104073
128.28 0.000834705
128.29 0.000733629
128.3 0.000733178
128.31 0.000827906
128.32 0.00101165
128.33 0.00128511
128.34 0.0016325
128.35 0.00204683
128.36 0.00252126
128.37 0.00304917
128.38 0.00362412
128.39 0.00423981
128.4 0.00489032
128.41 0.00557059
128.42 0.0062708
128.43 0.00698347
128.44 0.00770034
128.45 0.00841219
128.46 0.00910875
128.47 0.0097786
128.48 0.0104079
128.49 0.0109786
128.5 0.0114793
128.51 0.0118951
128.52 0.0122107
128.53 0.0124114
128.54 0.0124834
128.55 0.0124143
128.56 0.0121879
128.57 0.0117916
128.58 0.0112318
128.59 0.010509
128.6 0.00962792
128.61 0.00859792
128.62 0.00743323
128.63 0.00615288
128.64 0.00477753
128.65 0.00333942
128.66 0.00187602
128.67 0.000423114
128.68 -0.000981392
128.69 -0.00229849
128.7 -0.00348918
128.71 -0.00451567
128.72 -0.00532849
128.73 -0.00589672
128.74 -0.0062033
128.75 -0.00622919
128.76 -0.00596258
128.77 -0.00539967
128.78 -0.00454521
128.79 -0.00341278
128.8 -0.00200865
128.81 -0.000380067
128.82 0.00142456
128.83 0.00335701
128.84 0.00536316
128.85 0.00738439
128.86 0.00935917
128.87 0.0112247
128.88 0.0128995
128.89 0.0143303
128.9 0.0154668
128.91 0.0162622
128.92 0.0166785
128.93 0.0166872
128.94 0.0162714
128.95 0.0154257
128.96 0.0141188
128.97 0.0124134
128.98 0.0103471
128.99 0.00796702
129 0.00533075
129.01 0.00250496
129.02 -0.000436445
129.03 -0.00341399
129.04 -0.00633294
129.05 -0.00910897
129.06 -0.0116626
129.07 -0.0139194
129.08 -0.0158126
129.09 -0.0172852
129.1 -0.0182916
129.11 -0.0187897
129.12 -0.0187291
129.13 -0.0181525
129.14 -0.017077
129.15 -0.015535
129.16 -0.0135737
129.17 -0.0112534
129.18 -0.0086464
129.19 -0.005831
129.2 -0.00290348
129.21 2.82481e-05
129.22 0.00286872
129.23 0.00552441
129.24 0.00790665
129.25 0.0099344
129.26 0.0115368
129.27 0.0126329
129.28 0.0131672
129.29 0.0131449
129.3 0.0125596
129.31 0.0114227
129.32 0.00976272
129.33 0.00762506
129.34 0.0050704
129.35 0.00215915
129.36 -0.00100719
129.37 -0.00431698
129.38 -0.00766886
129.39 -0.0109595
129.4 -0.0140867
129.41 -0.0169529
129.42 -0.0194678
129.43 -0.0215181
129.44 -0.0230452
129.45 -0.0240166
129.46 -0.0244015
129.47 -0.0241876
129.48 -0.0233811
129.49 -0.0220065
129.5 -0.0201062
129.51 -0.0177084
129.52 -0.0149228
129.53 -0.0118484
129.54 -0.00858282
129.55 -0.00522942
129.56 -0.00189439
129.57 0.00131677
129.58 0.00430245
129.59 0.00693139
129.6 0.00913921
129.61 0.0108613
129.62 0.0120452
129.63 0.0126553
129.64 0.0126744
129.65 0.0121036
129.66 0.0109619
129.67 0.00924019
129.68 0.00705283
129.69 0.00447202
129.7 0.00158175
129.71 -0.00152485
129.72 -0.00474855
129.73 -0.00798715
129.74 -0.0111361
129.75 -0.014073
129.76 -0.0167174
129.77 -0.0189897
129.78 -0.0208229
129.79 -0.0221646
129.8 -0.0229784
129.81 -0.0232449
129.82 -0.0229485
129.83 -0.0220815
129.84 -0.0207212
129.85 -0.0189182
129.86 -0.0167361
129.87 -0.0142492
129.88 -0.01154
129.89 -0.0086964
129.9 -0.00581064
129.91 -0.00298476
129.92 -0.000305685
129.93 0.00214859
129.94 0.00430942
129.95 0.0061196
129.96 0.00753499
129.97 0.0085257
129.98 0.00905514
129.99 0.00912447
130 0.00877513
130.01 0.00803923
130.02 0.00696107
130.03 0.00559524
130.04 0.0040046
130.05 0.00225781
130.06 0.0004263
130.07 -0.00140661
130.08 -0.00316816
130.09 -0.00479361
130.1 -0.00622546
130.11 -0.00741532
130.12 -0.00832541
130.13 -0.00892973
130.14 -0.00919124
130.15 -0.00912531
130.16 -0.00875535
130.17 -0.00810715
130.18 -0.00721663
130.19 -0.00612828
130.2 -0.00489321
130.21 -0.00356714
130.22 -0.00221027
130.23 -0.000888268
130.24 0.000343748
130.25 0.00143615
130.26 0.00234626
130.27 0.00303991
130.28 0.00349278
130.29 0.00369126
130.3 0.00360885
130.31 0.00328091
130.32 0.00273072
130.33 0.00199016
130.34 0.0010995
130.35 0.000105777
130.36 -0.00093908
130.37 -0.00197983
130.38 -0.00295031
130.39 -0.00379879
130.4 -0.00447666
130.41 -0.00494168
130.42 -0.00515965
130.43 -0.00510595
130.44 -0.00476655
130.45 -0.00413327
130.46 -0.00320014
130.47 -0.00201386
130.48 -0.000608249
130.49 0.000973366
130.5 0.00267961
130.51 0.00445286
130.52 0.00623123
130.53 0.00794682
130.54 0.00952386
130.55 0.0109072
130.56 0.0120424
130.57 0.0128825
130.58 0.01339
130.59 0.0135379
130.6 0.0133114
130.61 0.0126919
130.62 0.0116881
130.63 0.0103476
130.64 0.00870849
130.65 0.00681905
130.66 0.00473672
130.67 0.002526
130.68 0.000256405
130.69 -0.00199498
130.7 -0.00414662
130.71 -0.00613038
130.72 -0.00788237
130.73 -0.00934607
130.74 -0.0104743
130.75 -0.0112307
130.76 -0.0115913
130.77 -0.0115174
130.78 -0.0110272
130.79 -0.0101532
130.8 -0.00892643
130.81 -0.00738929
130.82 -0.0055941
130.83 -0.00360125
130.84 -0.00147714
130.85 0.000707168
130.86 0.00286929
130.87 0.00493847
130.88 0.00684922
130.89 0.00854237
130.9 0.00996696
130.91 0.0110819
130.92 0.0118573
130.93 0.0122422
130.94 0.0122621
130.95 0.0119307
130.96 0.0112703
130.97 0.010314
130.98 0.00910447
130.99 0.00769243
131 0.00613442
131.01 0.00448917
131.02 0.00283245
131.03 0.00122534
131.04 -0.000274452
131.05 -0.00161466
131.06 -0.00275023
131.07 -0.00364485
131.08 -0.00426813
131.09 -0.00458319
131.1 -0.00461188
131.11 -0.0043634
131.12 -0.0038573
131.13 -0.00312262
131.14 -0.00219654
131.15 -0.00112282
131.16 5.11919e-05
131.17 0.00127037
131.18 0.00247612
131.19 0.00361867
131.2 0.00465224
131.21 0.0055368
131.22 0.00623961
131.23 0.00673654
131.24 0.00700439
131.25 0.00703359
131.26 0.00684632
131.27 0.0064604
131.28 0.00590262
131.29 0.00520758
131.3 0.00441625
131.31 0.00357419
131.32 0.00273216
131.33 0.00194574
131.34 0.0012615
131.35 0.000722147
131.36 0.000364463
131.37 0.000217623
131.38 0.000301809
131.39 0.00062716
131.4 0.00120721
131.41 0.00202192
131.42 0.00303684
131.43 0.00421701
131.44 0.00551869
131.45 0.00689079
131.46 0.0082767
131.47 0.00961634
131.48 0.0108359
131.49 0.011874
131.5 0.0126784
131.51 0.0132001
131.52 0.0133984
131.53 0.013243
131.54 0.0127151
131.55 0.0118086
131.56 0.010501
131.57 0.00884317
131.58 0.00687811
131.59 0.00465491
131.6 0.00223333
131.61 -0.000318079
131.62 -0.00292405
131.63 -0.00550507
131.64 -0.00796177
131.65 -0.0102178
131.66 -0.0121989
131.67 -0.0138377
131.68 -0.0150764
131.69 -0.015869
131.7 -0.0161832
131.71 -0.0159972
131.72 -0.0152684
131.73 -0.0140614
131.74 -0.0124098
131.75 -0.0103623
131.76 -0.00798045
131.77 -0.0053375
131.78 -0.00251573
131.79 0.000395829
131.8 0.00329381
131.81 0.00607936
131.82 0.00866302
131.83 0.0109616
131.84 0.0129008
131.85 0.0144179
131.86 0.0154638
131.87 0.0159878
131.88 0.0159533
131.89 0.0153996
131.9 0.0143479
131.91 0.0128357
131.92 0.0109158
131.93 0.00865432
131.94 0.00612875
131.95 0.00342164
131.96 0.000636453
131.97 -0.00212255
131.98 -0.00476187
131.99 -0.00719243
132 -0.00933257
132.01 -0.0111107
132.02 -0.0124677
132.03 -0.0133311
132.04 -0.0136759
132.05 -0.0135157
132.06 -0.0128601
132.07 -0.0117352
132.08 -0.0101831
132.09 -0.00826009
132.1 -0.00603471
132.11 -0.0035762
132.12 -0.000988756
132.13 0.00163028
132.14 0.00419048
132.15 0.00660436
132.16 0.00879034
132.17 0.0106755
132.18 0.0121981
132.19 0.0132739
132.2 0.0138923
132.21 0.0140487
132.22 0.0137457
132.23 0.0130022
132.24 0.0118528
132.25 0.0103458
132.26 0.00854213
132.27 0.00649915
132.28 0.00432188
132.29 0.00209581
132.3 -9.4891e-05
132.31 -0.00216835
132.32 -0.00404796
132.33 -0.00566509
132.34 -0.00696061
132.35 -0.00785046
132.36 -0.0083396
132.37 -0.00841589
132.38 -0.0080831
132.39 -0.00736077
132.4 -0.00628345
132.41 -0.00489946
132.42 -0.00326664
132.43 -0.00145101
132.44 0.000448311
132.45 0.00234907
132.46 0.00416848
132.47 0.00582621
132.48 0.00724741
132.49 0.00836543
132.5 0.00911365
132.51 0.00942625
132.52 0.00930612
132.53 0.00874467
132.54 0.00774971
132.55 0.00634536
132.56 0.00457132
132.57 0.00248165
132.58 0.000136599
132.59 -0.00238007
132.6 -0.00496716
132.61 -0.00753445
132.62 -0.00999088
132.63 -0.0122477
132.64 -0.0142214
132.65 -0.0158371
132.66 -0.0170068
132.67 -0.0176748
132.68 -0.0178318
132.69 -0.0174636
132.7 -0.0165735
132.71 -0.0151825
132.72 -0.0133288
132.73 -0.0110665
132.74 -0.00844818
132.75 -0.00557423
132.76 -0.00254981
132.77 0.00052688
132.78 0.003555
132.79 0.0064343
132.8 0.00906846
132.81 0.0113682
132.82 0.0132185
132.83 0.0145673
132.84 0.0153784
132.85 0.0156214
132.86 0.0152837
132.87 0.0143715
132.88 0.0129092
132.89 0.0109388
132.9 0.00848643
132.91 0.00566613
132.92 0.00257221
132.93 -0.000699137
132.94 -0.0040461
132.95 -0.00736451
132.96 -0.0105511
132.97 -0.0135069
132.98 -0.0161003
132.99 -0.0182755
133 -0.0199683
133.01 -0.0211285
133.02 -0.0217228
133.03 -0.0217353
133.04 -0.0211684
133.05 -0.0200375
133.06 -0.0183414
133.07 -0.0161878
133.08 -0.0136462
133.09 -0.0107971
133.1 -0.0077293
133.11 -0.00453691
133.12 -0.00131661
133.13 0.00183206
133.14 0.00479708
133.15 0.00750117
133.16 0.00986991
133.17 0.0118406
133.18 0.013364
133.19 0.0144055
133.2 0.0149459
133.21 0.0149657
133.22 0.0144623
133.23 0.0135005
133.24 0.0121232
133.25 0.0103846
133.26 0.0083482
133.27 0.00608448
133.28 0.00366831
133.29 0.00117671
133.3 -0.00130433
133.31 -0.00369921
133.32 -0.00594194
133.33 -0.00797442
133.34 -0.00974806
133.35 -0.011225
133.36 -0.0123791
133.37 -0.0131769
133.38 -0.0136218
133.39 -0.0137412
133.4 -0.0135579
133.41 -0.013104
133.42 -0.0124191
133.43 -0.0115492
133.44 -0.0105439
133.45 -0.00945318
133.46 -0.00833754
133.47 -0.00724864
133.48 -0.00623128
133.49 -0.00532445
133.5 -0.00456005
133.51 -0.00396184
133.52 -0.00354482
133.53 -0.00332969
133.54 -0.00330031
133.55 -0.00343888
133.56 -0.00372376
133.57 -0.00412667
133.58 -0.00461401
133.59 -0.00514831
133.6 -0.00568985
133.61 -0.00619163
133.62 -0.00661409
133.63 -0.00692213
133.64 -0.00708489
133.65 -0.0070774
133.66 -0.00688153
133.67 -0.00648676
133.68 -0.00589008
133.69 -0.00508011
133.7 -0.00409243
133.71 -0.00295027
133.72 -0.00168344
133.73 -0.000327287
133.74 0.00107857
133.75 0.00249162
133.76 0.00386677
133.77 0.00514999
133.78 0.00630388
133.79 0.00729093
133.8 0.00807859
133.81 0.00864041
133.82 0.00895701
133.83 0.00901672
133.84 0.00880915
133.85 0.00832858
133.86 0.00760929
133.87 0.00667376
133.88 0.0055513
133.89 0.00427707
133.9 0.00289094
133.91 0.0014362
133.92 -4.08642e-05
133.93 -0.00148801
133.94 -0.00285968
133.95 -0.004114
133.96 -0.00521301
133.97 -0.00612382
133.98 -0.00681952
133.99 -0.00727993
134 -0.00747922
134.01 -0.0074124
134.02 -0.00709605
134.03 -0.00654135
134.04 -0.00576621
134.05 -0.00479455
134.06 -0.00365541
134.07 -0.00238197
134.08 -0.00100674
134.09 0.000425014
134.1 0.00187111
134.11 0.00329379
134.12 0.0046573
134.13 0.00592882
134.14 0.00707937
134.15 0.00808451
134.16 0.00891155
134.17 0.00955397
134.18 0.0100094
134.19 0.0102768
134.2 0.0103604
134.21 0.0102694
134.22 0.0100176
134.23 0.00962269
134.24 0.00909692
134.25 0.0084748
134.26 0.00778301
134.27 0.00704703
134.28 0.00629202
134.29 0.00554218
134.3 0.00482008
134.31 0.00414609
134.32 0.00354586
134.33 0.00302848
134.34 0.00260445
134.35 0.00228109
134.36 0.0020624
134.37 0.0019492
134.38 0.00193933
134.39 0.00202873
134.4 0.00221669
134.41 0.00248453
134.42 0.00282107
134.43 0.00321401
134.44 0.00365035
134.45 0.00411673
134.46 0.00459979
134.47 0.00508624
134.48 0.00556166
134.49 0.00601433
134.5 0.00643362
134.51 0.00680998
134.52 0.00713498
134.53 0.00740137
134.54 0.00760317
134.55 0.00773318
134.56 0.00778507
134.57 0.00776167
134.58 0.00766232
134.59 0.0074876
134.6 0.00723941
134.61 0.00692097
134.62 0.00653682
134.63 0.00609047
134.64 0.00558974
134.65 0.0050468
134.66 0.00447183
134.67 0.00387613
134.68 0.0032721
134.69 0.00267299
134.7 0.00209268
134.71 0.00154819
134.72 0.00105522
134.73 0.000626035
134.74 0.000273602
134.75 9.56759e-06
134.76 -0.000156168
134.77 -0.000215899
134.78 -0.000164536
134.79 7.74054e-06
134.8 0.000294848
134.81 0.000687427
134.82 0.00117605
134.83 0.00174758
134.84 0.00238526
134.85 0.00306901
134.86 0.00377578
134.87 0.00447763
134.88 0.00514437
134.89 0.00574766
134.9 0.00625909
134.91 0.00665119
134.92 0.00689844
134.93 0.00697816
134.94 0.00687148
134.95 0.00654474
134.96 0.00600637
134.97 0.00525701
134.98 0.00430224
134.99 0.00315454
135 0.00183329
135.01 0.000364588
135.02 -0.00121944
135.03 -0.00288356
135.04 -0.00457332
135.05 -0.00624153
135.06 -0.00783893
135.07 -0.00931557
135.08 -0.0106224
135.09 -0.0117125
135.1 -0.0125386
135.11 -0.0130389
135.12 -0.0132075
135.13 -0.0130241
135.14 -0.0124774
135.15 -0.0115665
135.16 -0.0103007
135.17 -0.00869976
135.18 -0.00678682
135.19 -0.00459565
135.2 -0.00219953
135.21 0.000342873
135.22 0.0029669
135.23 0.00560363
135.24 0.0081817
135.25 0.0106294
135.26 0.0128661
135.27 0.0148117
135.28 0.0164207
135.29 0.0176427
135.3 0.018437
135.31 0.0187742
135.32 0.0186373
135.33 0.0180219
135.34 0.0169142
135.35 0.015342
135.36 0.0133668
135.37 0.011038
135.38 0.00841565
135.39 0.00556807
135.4 0.0025704
135.41 -0.000497714
135.42 -0.00354828
135.43 -0.00649013
135.44 -0.00924599
135.45 -0.0117433
135.46 -0.013917
135.47 -0.0157119
135.48 -0.0170837
135.49 -0.0180006
135.5 -0.0184083
135.51 -0.0183274
135.52 -0.017783
135.53 -0.0168015
135.54 -0.0154216
135.55 -0.0136933
135.56 -0.0116762
135.57 -0.00943744
135.58 -0.00704381
135.59 -0.00458984
135.6 -0.00215426
135.61 0.000188369
135.62 0.00236793
135.63 0.00432086
135.64 0.00599206
135.65 0.00733642
135.66 0.00828227
135.67 0.00884337
135.68 0.00901469
135.69 0.00880299
135.7 0.00822716
135.71 0.00731729
135.72 0.00611346
135.73 0.0046624
135.74 0.0030102
135.75 0.00123911
135.76 -0.000588378
135.77 -0.00241006
135.78 -0.00416612
135.79 -0.00580113
135.8 -0.00726585
135.81 -0.00851344
135.82 -0.00949477
135.83 -0.0102073
135.84 -0.0106417
135.85 -0.0107992
135.86 -0.0106916
135.87 -0.01034
135.88 -0.00977409
135.89 -0.0090265
135.9 -0.00814114
135.91 -0.00717671
135.92 -0.00618179
135.93 -0.00520445
135.94 -0.00429036
135.95 -0.00348105
135.96 -0.00281226
135.97 -0.00232132
135.98 -0.00203201
135.99 -0.00194378
136 -0.00205628
136.01 -0.0023598
136.02 -0.00283569
136.03 -0.00345717
136.04 -0.00419035
136.05 -0.00499718
136.06 -0.00582692
136.07 -0.00663034
136.08 -0.00736119
136.09 -0.0079751
136.1 -0.00843144
136.11 -0.00869494
136.12 -0.00873723
136.13 -0.00852049
136.14 -0.00804287
136.15 -0.00731312
136.16 -0.00634217
136.17 -0.00515066
136.18 -0.00376832
136.19 -0.00223308
136.2 -0.000589775
136.21 0.00111154
136.22 0.00280746
136.23 0.00444117
136.24 0.00595765
136.25 0.00730461
136.26 0.00843437
136.27 0.00930564
136.28 0.00988502
136.29 0.0101175
136.3 0.0100165
136.31 0.00958421
136.32 0.00883085
136.33 0.00777755
136.34 0.00645539
136.35 0.00490448
136.36 0.00317213
136.37 0.00130645
136.38 -0.000617008
136.39 -0.00253773
136.4 -0.00439565
136.41 -0.00613318
136.42 -0.00769723
136.43 -0.00904101
136.44 -0.010121
136.45 -0.0108856
136.46 -0.0113407
136.47 -0.0114809
136.48 -0.0113117
136.49 -0.0108498
136.5 -0.010122
136.51 -0.00916416
136.52 -0.00801667
136.53 -0.00673012
136.54 -0.00537287
136.55 -0.00400194
136.56 -0.00267396
136.57 -0.00144303
136.58 -0.000358757
136.59 0.000535653
136.6 0.00119495
136.61 0.00158602
136.62 0.00171031
136.63 0.00156629
136.64 0.00116366
136.65 0.00052305
136.66 -0.000324713
136.67 -0.00133968
136.68 -0.0024775
136.69 -0.00367638
136.7 -0.00487259
136.71 -0.00600679
136.72 -0.00702064
136.73 -0.00785909
136.74 -0.00847243
136.75 -0.0088183
136.76 -0.00884268
136.77 -0.00852961
136.78 -0.00788222
136.79 -0.00690452
136.8 -0.00561291
136.81 -0.00403582
136.82 -0.00221293
136.83 -0.000194044
136.84 0.00196787
136.85 0.004193
136.86 0.00640779
136.87 0.00854049
136.88 0.0105203
136.89 0.0122798
136.9 0.0137571
136.91 0.0148985
136.92 0.0156239
136.93 0.0159278
136.94 0.0157993
136.95 0.0152359
136.96 0.0142491
136.97 0.0128645
136.98 0.0111204
136.99 0.00906781
137 0.00675015
137.01 0.00426876
137.02 0.00170157
137.03 -0.000870555
137.04 -0.003366
137.05 -0.00570505
137.06 -0.00781248
137.07 -0.00961621
137.08 -0.011023
137.09 -0.0120163
137.1 -0.0125643
137.11 -0.0126493
137.12 -0.0122687
137.13 -0.0114342
137.14 -0.0101726
137.15 -0.00851653
137.16 -0.00650717
137.17 -0.00424013
137.18 -0.00178909
137.19 0.000766668
137.2 0.00334474
137.21 0.00586232
137.22 0.00823881
137.23 0.0103886
137.24 0.0122263
137.25 0.0137112
137.26 0.0147985
137.27 0.0154572
137.28 0.01567
137.29 0.0154343
137.3 0.0147624
137.31 0.0136636
137.32 0.0121811
137.33 0.0103918
137.34 0.00835957
137.35 0.00615597
137.36 0.0038578
137.37 0.00154462
137.38 -0.000703883
137.39 -0.00279775
137.4 -0.00465832
137.41 -0.00622909
137.42 -0.00745674
137.43 -0.00829933
137.44 -0.00872758
137.45 -0.0087257
137.46 -0.00829179
137.47 -0.00741031
137.48 -0.00612795
137.49 -0.00449864
137.5 -0.00257411
137.51 -0.000415175
137.52 0.00191018
137.53 0.00432899
137.54 0.00676563
137.55 0.0091332
137.56 0.0113545
137.57 0.0133627
137.58 0.0150967
137.59 0.0165039
137.6 0.0175421
137.61 0.0181804
137.62 0.0183999
137.63 0.0181551
137.64 0.0174919
137.65 0.0164347
137.66 0.0150162
137.67 0.013279
137.68 0.0112743
137.69 0.00906012
137.7 0.00669941
137.71 0.00425817
137.72 0.00181684
137.73 -0.000558601
137.74 -0.00280543
137.75 -0.00486596
137.76 -0.00668905
137.77 -0.00823137
137.78 -0.00945285
137.79 -0.0103039
137.8 -0.0107994
137.81 -0.0109375
137.82 -0.0107259
137.83 -0.010182
137.84 -0.00933154
137.85 -0.00820805
137.86 -0.00684605
137.87 -0.00528797
137.88 -0.00359951
137.89 -0.00183159
137.9 -3.5448e-05
137.91 0.0017388
137.92 0.00344345
137.93 0.0050344
137.94 0.00646457
137.95 0.00769258
137.96 0.00870194
137.97 0.00947323
137.98 0.00999394
137.99 0.0102585
138 0.0102681
138.01 0.0100304
138.02 0.0095477
138.03 0.00884293
138.04 0.00795195
138.05 0.00690287
138.06 0.00572659
138.07 0.00445593
138.08 0.00312479
138.09 0.00176741
138.1 0.000420147
138.11 -0.000880916
138.12 -0.00210602
138.13 -0.00322749
138.14 -0.00422057
138.15 -0.00506383
138.16 -0.00573945
138.17 -0.0062334
138.18 -0.00652051
138.19 -0.00660455
138.2 -0.00648934
138.21 -0.00617785
138.22 -0.00567692
138.23 -0.00499714
138.24 -0.00415264
138.25 -0.00316091
138.26 -0.0020334
138.27 -0.000805647
138.28 0.000494427
138.29 0.00183856
138.3 0.00319699
138.31 0.0045389
138.32 0.00583298
138.33 0.00704794
138.34 0.00813919
138.35 0.00908606
138.36 0.00986178
138.37 0.0104422
138.38 0.0108065
138.39 0.0109378
138.4 0.0108239
138.41 0.0104547
138.42 0.00980851
138.43 0.00891362
138.44 0.00778137
138.45 0.00642905
138.46 0.00487977
138.47 0.00316216
138.48 0.0013099
138.49 -0.000640058
138.5 -0.00264379
138.51 -0.00464922
138.52 -0.00660995
138.53 -0.00847937
138.54 -0.0102119
138.55 -0.0117641
138.56 -0.0130962
138.57 -0.0141629
138.58 -0.0149229
138.59 -0.0153727
138.6 -0.0154992
138.61 -0.0152976
138.62 -0.0147719
138.63 -0.0139347
138.64 -0.0128073
138.65 -0.0114089
138.66 -0.0097807
138.67 -0.00798169
138.68 -0.00606207
138.69 -0.00407572
138.7 -0.00207869
138.71 -0.000127619
138.72 0.00172198
138.73 0.0034054
138.74 0.00487143
138.75 0.00608628
138.76 0.00701694
138.77 0.00763909
138.78 0.00793789
138.79 0.00790856
138.8 0.00755649
138.81 0.00687741
138.82 0.00591309
138.83 0.00470902
138.84 0.00330883
138.85 0.00176217
138.86 0.000123154
138.87 -0.00155144
138.88 -0.00320407
138.89 -0.0047674
138.9 -0.00618844
138.91 -0.00742196
138.92 -0.00842815
138.93 -0.00917562
138.94 -0.00964248
138.95 -0.00981719
138.96 -0.00969895
138.97 -0.00927306
138.98 -0.00858852
138.99 -0.00767998
139 -0.00658864
139.01 -0.00536272
139.02 -0.00405577
139.03 -0.0027247
139.04 -0.0014283
139.05 -0.000238112
139.06 0.000796723
139.07 0.00162835
139.08 0.00221635
139.09 0.00252935
139.1 0.0025463
139.11 0.0022575
139.12 0.00166019
139.13 0.000752158
139.14 -0.000412285
139.15 -0.00179351
139.16 -0.00334237
139.17 -0.00500175
139.18 -0.00670853
139.19 -0.00839573
139.2 -0.00999019
139.21 -0.0114099
139.22 -0.0125991
139.23 -0.0135017
139.24 -0.01407
139.25 -0.0142671
139.26 -0.0140684
139.27 -0.0134627
139.28 -0.0124371
139.29 -0.011006
139.3 -0.00922897
139.31 -0.00715459
139.32 -0.00484339
139.33 -0.00236606
139.34 0.000198714
139.35 0.00276674
139.36 0.0052418
139.37 0.0075261
139.38 0.00954182
139.39 0.0112134
139.4 0.0124746
139.41 0.0132714
139.42 0.0135638
139.43 0.0133272
139.44 0.0125203
139.45 0.0111722
139.46 0.00933461
139.47 0.0070564
139.48 0.00440208
139.49 0.00144991
139.5 -0.00171029
139.51 -0.00497987
139.52 -0.00824634
139.53 -0.0113909
139.54 -0.0143087
139.55 -0.0168996
139.56 -0.0190724
139.57 -0.0207475
139.58 -0.0218595
139.59 -0.0223598
139.6 -0.0221606
139.61 -0.0213029
139.62 -0.01981
139.63 -0.0177173
139.64 -0.0150797
139.65 -0.0119697
139.66 -0.0084757
139.67 -0.00469938
139.68 -0.000747253
139.69 0.00323459
139.7 0.00712447
139.71 0.0108025
139.72 0.0141545
139.73 0.0170751
139.74 0.0194715
139.75 0.0212588
139.76 0.0223214
139.77 0.0226801
139.78 0.0223222
139.79 0.0212567
139.8 0.0195144
139.81 0.0171472
139.82 0.0142259
139.83 0.0108304
139.84 0.00705699
139.85 0.00305684
139.86 -0.00104712
139.87 -0.00512907
139.88 -0.00906408
139.89 -0.012732
139.9 -0.0160209
139.91 -0.0188111
139.92 -0.0209914
139.93 -0.0225317
139.94 -0.0233889
139.95 -0.023541
139.96 -0.0229875
139.97 -0.0217494
139.98 -0.0198681
139.99 -0.0173805
140 -0.0143732
140.01 -0.0109723
140.02 -0.00728325
140.03 -0.00341876
140.04 0.000505145
140.05 0.00437258
140.06 0.00807144
140.07 0.0114749
140.08 0.0144832
140.09 0.0170309
140.1 0.0190569
140.11 0.0205178
140.12 0.021389
140.13 0.0216652
140.14 0.02136
140.15 0.0204701
140.16 0.0190745
140.17 0.0172566
140.18 0.0150952
140.19 0.0126777
140.2 0.0100977
140.21 0.00745122
140.22 0.00483373
140.23 0.00235419
140.24 9.68657e-05
140.25 -0.00186792
140.26 -0.0034798
140.27 -0.00469249
140.28 -0.00547502
140.29 -0.00581238
140.3 -0.00570574
140.31 -0.00513449
140.32 -0.00417338
140.33 -0.00287316
140.34 -0.00129275
140.35 0.000500312
140.36 0.00243245
140.37 0.00442675
140.38 0.00640517
140.39 0.00827678
140.4 0.00997546
140.41 0.0114401
140.42 0.0126194
140.43 0.0134733
140.44 0.0139747
140.45 0.0141093
140.46 0.0138705
140.47 0.0132505
140.48 0.0123082
140.49 0.0110829
140.5 0.00962328
140.51 0.00798554
140.52 0.00623111
140.53 0.00442448
140.54 0.00263316
140.55 0.000931067
140.56 -0.000625344
140.57 -0.00198449
140.58 -0.00310304
140.59 -0.00394732
140.6 -0.00449426
140.61 -0.00473209
140.62 -0.00464813
140.63 -0.00425069
140.64 -0.00358226
140.65 -0.00267611
140.66 -0.00157335
140.67 -0.000321261
140.68 0.00102856
140.69 0.00242217
140.7 0.00380181
140.71 0.00510843
140.72 0.00629514
140.73 0.00732002
140.74 0.00814832
140.75 0.00875363
140.76 0.0091186
140.77 0.00923543
140.78 0.00909061
140.79 0.00870519
140.8 0.00810982
140.81 0.00733366
140.82 0.00641196
140.83 0.00538456
140.84 0.00429417
140.85 0.00318472
140.86 0.00210465
140.87 0.00109754
140.88 0.00019857
140.89 -0.00056201
140.9 -0.00116071
140.91 -0.00158159
140.92 -0.00181684
140.93 -0.00186687
140.94 -0.00172598
140.95 -0.00142678
140.96 -0.000996069
140.97 -0.000464017
140.98 0.000135006
140.99 0.000763919
141 0.0013845
141.01 0.00195902
141.02 0.00244029
141.03 0.00280274
141.04 0.00302079
141.05 0.00307528
141.06 0.00295429
141.07 0.00265371
141.08 0.00217751
141.09 0.00153594
141.1 0.000740293
141.11 -0.000166992
141.12 -0.00115227
141.13 -0.00217756
141.14 -0.00320202
141.15 -0.00418349
141.16 -0.00508013
141.17 -0.00584822
141.18 -0.00643921
141.19 -0.00683358
141.2 -0.00700835
141.21 -0.00694825
141.22 -0.00664642
141.23 -0.00610485
141.24 -0.00533449
141.25 -0.00434857
141.26 -0.00317402
141.27 -0.00186116
141.28 -0.000452605
141.29 0.00100458
141.3 0.00246052
141.31 0.00386421
141.32 0.0051653
141.33 0.0063064
141.34 0.00723725
141.35 0.00792965
141.36 0.00835429
141.37 0.00849024
141.38 0.00832569
141.39 0.00785843
141.4 0.00709597
141.41 0.00604037
141.42 0.00472718
141.43 0.00320388
141.44 0.00151314
141.45 -0.000297113
141.46 -0.00217527
141.47 -0.00406774
141.48 -0.00592068
141.49 -0.00767157
141.5 -0.00927028
141.51 -0.0106769
141.52 -0.011855
141.53 -0.0127758
141.54 -0.0134192
141.55 -0.0137737
141.56 -0.013837
141.57 -0.0135938
141.58 -0.0130809
141.59 -0.0123289
141.6 -0.0113695
141.61 -0.0102402
141.62 -0.00898223
141.63 -0.00763958
141.64 -0.006257
141.65 -0.00488313
141.66 -0.00356271
141.67 -0.00233301
141.68 -0.00122621
141.69 -0.000268469
141.7 0.000520883
141.71 0.00112974
141.72 0.00155229
141.73 0.00177594
141.74 0.00182955
141.75 0.0017304
141.76 0.00150092
141.77 0.00116759
141.78 0.000759761
141.79 0.000308304
141.8 -0.000155325
141.81 -0.000596866
141.82 -0.000988866
141.83 -0.00130825
141.84 -0.0015366
141.85 -0.00166087
141.86 -0.0016738
141.87 -0.0015742
141.88 -0.00136396
141.89 -0.00105155
141.9 -0.000661434
141.91 -0.000214718
141.92 0.000264269
141.93 0.000749046
141.94 0.00121216
141.95 0.0016264
141.96 0.00196187
141.97 0.00219117
141.98 0.00230057
141.99 0.00227645
142 0.00211064
142.01 0.00180081
142.02 0.0013507
142.03 0.000770041
142.04 6.92396e-05
142.05 -0.0007269
142.06 -0.00158704
142.07 -0.00248198
142.08 -0.00338044
142.09 -0.00425029
142.1 -0.00505978
142.11 -0.00577878
142.12 -0.00637071
142.13 -0.00681381
142.14 -0.00709541
142.15 -0.00720448
142.16 -0.00713636
142.17 -0.00689306
142.18 -0.00648325
142.19 -0.00592199
142.2 -0.00522217
142.21 -0.00442051
142.22 -0.00355116
142.23 -0.002648
142.24 -0.00174635
142.25 -0.000881652
142.26 -8.80492e-05
142.27 0.000602894
142.28 0.00114972
142.29 0.00153875
142.3 0.00175637
142.31 0.0017942
142.32 0.00165108
142.33 0.00133315
142.34 0.000853726
142.35 0.000232827
142.36 -0.000511813
142.37 -0.00133399
142.38 -0.00219772
142.39 -0.00306476
142.4 -0.00389603
142.41 -0.00465313
142.42 -0.00529982
142.43 -0.00580136
142.44 -0.00611463
142.45 -0.00623296
142.46 -0.00614377
142.47 -0.00584237
142.48 -0.00533228
142.49 -0.00462531
142.5 -0.00374122
142.51 -0.00270443
142.52 -0.00154721
142.53 -0.000320997
142.54 0.000930246
142.55 0.00216047
142.56 0.00332317
142.57 0.00437307
142.58 0.00526784
142.59 0.00596145
142.6 0.00641257
142.61 0.00661163
142.62 0.00654477
142.63 0.00620737
142.64 0.00560442
142.65 0.00475051
142.66 0.00366955
142.67 0.00238674
142.68 0.000947917
142.69 -0.000588923
142.7 -0.00217142
142.71 -0.00374454
142.72 -0.00525243
142.73 -0.00664032
142.74 -0.00785644
142.75 -0.00883817
142.76 -0.00954529
142.77 -0.00995688
142.78 -0.0100523
142.79 -0.00982121
142.8 -0.00926421
142.81 -0.00839279
142.82 -0.00722913
142.83 -0.0057899
142.84 -0.00413363
142.85 -0.00231875
142.86 -0.000401969
142.87 0.00155605
142.88 0.00349268
142.89 0.00534543
142.9 0.00705397
142.91 0.00854112
142.92 0.00976652
142.93 0.0106939
142.94 0.0112929
142.95 0.0115441
142.96 0.0114392
142.97 0.0109818
142.98 0.0101871
142.99 0.00905496
143 0.00765536
143.01 0.00603782
143.02 0.00425748
143.03 0.00237492
143.04 0.000454149
143.05 -0.00143949
143.06 -0.0032404
143.07 -0.0048675
143.08 -0.00627548
143.09 -0.00741664
143.1 -0.00825213
143.11 -0.00875326
143.12 -0.00890241
143.13 -0.00869357
143.14 -0.00812633
143.15 -0.00719988
143.16 -0.00597417
143.17 -0.00448984
143.18 -0.00279584
143.19 -0.000947763
143.2 0.000993974
143.21 0.00296614
143.22 0.00490173
143.23 0.00672704
143.24 0.0083872
143.25 0.00983013
143.26 0.0110113
143.27 0.0118949
143.28 0.0124553
143.29 0.0126777
143.3 0.0125439
143.31 0.0120585
143.32 0.0112623
143.33 0.0101861
143.34 0.0088692
143.35 0.00735853
143.36 0.00570657
143.37 0.00396982
143.38 0.0022087
143.39 0.000489644
143.4 -0.00113051
143.41 -0.00259996
143.42 -0.00387272
143.43 -0.00491004
143.44 -0.00568158
143.45 -0.00616626
143.46 -0.00633299
143.47 -0.00619134
143.48 -0.0057629
143.49 -0.00506809
143.5 -0.00413577
143.51 -0.00300212
143.52 -0.00170931
143.53 -0.000303992
143.54 0.0011652
143.55 0.0026388
143.56 0.00406589
143.57 0.00539955
143.58 0.00659707
143.59 0.00762122
143.6 0.00844144
143.61 0.00903467
143.62 0.00936359
143.63 0.00944174
143.64 0.0092759
143.65 0.00887822
143.66 0.00826834
143.67 0.00747248
143.68 0.00652246
143.69 0.00545436
143.7 0.00430367
143.71 0.00312245
143.72 0.0019514
143.73 0.000829574
143.74 -0.000206867
143.75 -0.0011258
143.76 -0.00190013
143.77 -0.00250621
143.78 -0.0029146
143.79 -0.0031337
143.8 -0.00316376
143.81 -0.0030115
143.82 -0.00268973
143.83 -0.0022167
143.84 -0.00161526
143.85 -0.000910182
143.86 -0.00013051
143.87 0.00068547
143.88 0.00150685
143.89 0.00230374
143.9 0.00304827
143.91 0.00371545
143.92 0.004284
143.93 0.00473216
143.94 0.00504313
143.95 0.00521839
143.96 0.00525673
143.97 0.00516173
143.98 0.00494132
143.99 0.00460734
144 0.00417488
144.01 0.0036586
144.02 0.0030804
144.03 0.00246469
144.04 0.00183169
144.05 0.00120066
144.06 0.00058929
144.07 1.30964e-05
144.08 -0.000515071
144.09 -0.000981426
144.1 -0.0013801
144.11 -0.00171087
144.12 -0.00197416
144.13 -0.00217323
144.14 -0.00231376
144.15 -0.00240336
144.16 -0.00245102
144.17 -0.00246498
144.18 -0.00245768
144.19 -0.00243934
144.2 -0.00241815
144.21 -0.00240067
144.22 -0.0023915
144.23 -0.00239295
144.24 -0.00240491
144.25 -0.00242509
144.26 -0.0024472
144.27 -0.00246368
144.28 -0.00246542
144.29 -0.00244219
144.3 -0.00238311
144.31 -0.0022773
144.32 -0.00211447
144.33 -0.0018785
144.34 -0.00156795
144.35 -0.00117895
144.36 -0.000710195
144.37 -0.00016359
144.38 0.000455548
144.39 0.00113845
144.4 0.00187324
144.41 0.0026459
144.42 0.00343316
144.43 0.00421432
144.44 0.0049672
144.45 0.0056689
144.46 0.00629656
144.47 0.00682816
144.48 0.00724072
144.49 0.00750612
144.5 0.00762024
144.51 0.00757305
144.52 0.00735887
144.53 0.00697672
144.54 0.00643049
144.55 0.00572893
144.56 0.00488171
144.57 0.00390455
144.58 0.00282993
144.59 0.00168364
144.6 0.000493801
144.61 -0.00070998
144.62 -0.00189751
144.63 -0.00303897
144.64 -0.0041014
144.65 -0.00505386
144.66 -0.0058785
144.67 -0.00655683
144.68 -0.00707487
144.69 -0.00742353
144.7 -0.00759891
144.71 -0.00760232
144.72 -0.00743183
144.73 -0.00710236
144.74 -0.00663836
144.75 -0.00606031
144.76 -0.00539167
144.77 -0.00465798
144.78 -0.00388606
144.79 -0.00310302
144.8 -0.00233815
144.81 -0.00161864
144.82 -0.000965874
144.83 -0.000398658
144.84 6.79653e-05
144.85 0.000423151
144.86 0.000660514
144.87 0.000778238
144.88 0.000770359
144.89 0.000651823
144.9 0.000436997
144.91 0.000140846
144.92 -0.000219105
144.93 -0.000623513
144.94 -0.001052
144.95 -0.00148398
144.96 -0.00189624
144.97 -0.0022701
144.98 -0.00258987
144.99 -0.00284253
145 -0.00301835
145.01 -0.00311128
145.02 -0.00311907
145.03 -0.00304324
145.04 -0.00288237
145.05 -0.0026544
145.06 -0.00237194
145.07 -0.00204997
145.08 -0.00170523
145.09 -0.00135554
145.1 -0.00101903
145.11 -0.000714066
145.12 -0.000462377
145.13 -0.000275172
145.14 -0.000164054
145.15 -0.00013758
145.16 -0.00020091
145.17 -0.00035559
145.18 -0.000599474
145.19 -0.000928648
145.2 -0.0013362
145.21 -0.0018029
145.22 -0.00231329
145.23 -0.00285001
145.24 -0.00339447
145.25 -0.00392748
145.26 -0.00443006
145.27 -0.0048816
145.28 -0.0052619
145.29 -0.00556042
145.3 -0.00576615
145.31 -0.00587126
145.32 -0.00587138
145.33 -0.00576574
145.34 -0.00555716
145.35 -0.00524765
145.36 -0.00484814
145.37 -0.00437655
145.38 -0.00384797
145.39 -0.00327912
145.4 -0.00268767
145.41 -0.00209163
145.42 -0.00150864
145.43 -0.000958141
145.44 -0.000456195
145.45 -1.39161e-05
145.46 0.000358917
145.47 0.000655425
145.48 0.000871789
145.49 0.00100729
145.5 0.00106422
145.51 0.00104289
145.52 0.000955393
145.53 0.000813897
145.54 0.00062995
145.55 0.000415987
145.56 0.000184745
145.57 -5.13104e-05
145.58 -0.00028055
145.59 -0.000490495
145.6 -0.000673336
145.61 -0.000823596
145.62 -0.000937935
145.63 -0.00101554
145.64 -0.00105811
145.65 -0.00106971
145.66 -0.00105651
145.67 -0.0010257
145.68 -0.000989034
145.69 -0.00095668
145.7 -0.0009388
145.71 -0.000945032
145.72 -0.000983922
145.73 -0.00106239
145.74 -0.00118562
145.75 -0.00135995
145.76 -0.00157999
145.77 -0.00184169
145.78 -0.00213804
145.79 -0.00245929
145.8 -0.00279318
145.81 -0.00312539
145.82 -0.00343936
145.83 -0.00371422
145.84 -0.00393468
145.85 -0.00408456
145.86 -0.00414916
145.87 -0.00411606
145.88 -0.00397573
145.89 -0.00372219
145.9 -0.00334992
145.91 -0.0028579
145.92 -0.00226234
145.93 -0.00157599
145.94 -0.000815979
145.95 -3.46577e-06
145.96 0.000836938
145.97 0.00167785
145.98 0.00248735
145.99 0.00323031
146 0.0038787
146.01 0.00440404
146.02 0.0047804
146.03 0.00498548
146.04 0.00500154
146.05 0.00481624
146.06 0.00441188
146.07 0.00379191
146.08 0.00297496
146.09 0.00197712
146.1 0.000821228
146.11 -0.000463546
146.12 -0.00184241
146.13 -0.00327582
146.14 -0.00471814
146.15 -0.00611773
146.16 -0.00742764
146.17 -0.0086019
146.18 -0.00959676
146.19 -0.0103721
146.2 -0.0108928
146.21 -0.01113
146.22 -0.0110368
146.23 -0.0106172
146.24 -0.00987575
146.25 -0.00881924
146.26 -0.00746377
146.27 -0.00583443
146.28 -0.00396467
146.29 -0.00189559
146.3 0.000334114
146.31 0.00265357
146.32 0.00500387
146.33 0.00732581
146.34 0.00956003
146.35 0.0116487
146.36 0.0135373
146.37 0.0151755
146.38 0.0164873
146.39 0.0174644
146.4 0.0180816
146.41 0.0183231
146.42 0.0181832
146.43 0.0176659
146.44 0.0167855
146.45 0.0155613
146.46 0.0140074
146.47 0.0121952
146.48 0.0101726
146.49 0.00799252
146.5 0.00571121
146.51 0.00338653
146.52 0.00107641
146.53 -0.00115941
146.54 -0.00325559
146.55 -0.0051706
146.56 -0.00686289
146.57 -0.00829789
146.58 -0.00944875
146.59 -0.0102968
146.6 -0.0108319
146.61 -0.0110406
146.62 -0.0109232
146.63 -0.0105154
146.64 -0.00983958
146.65 -0.008924
146.66 -0.00780137
146.67 -0.00650794
146.68 -0.00508215
146.69 -0.00356089
146.7 -0.00198852
146.71 -0.000406932
146.72 0.00114913
146.73 0.00264836
146.74 0.00406358
146.75 0.00537219
146.76 0.00655651
146.77 0.00759487
146.78 0.00848222
146.79 0.00922197
146.8 0.0098161
146.81 0.0102701
146.82 0.0105923
146.83 0.0107932
146.84 0.0108846
146.85 0.0108729
146.86 0.0107761
146.87 0.0106084
146.88 0.0103801
146.89 0.0100996
146.9 0.0097735
146.91 0.00940636
146.92 0.00900079
146.93 0.00855433
146.94 0.00806867
146.95 0.00754246
146.96 0.00697334
146.97 0.006359
146.98 0.00569784
146.99 0.00498942
147 0.00423505
147.01 0.00343458
147.02 0.00259888
147.03 0.00173738
147.04 0.000862097
147.05 -1.23216e-05
147.06 -0.000868871
147.07 -0.00168859
147.08 -0.00245046
147.09 -0.00312447
147.1 -0.00369531
147.11 -0.0041431
147.12 -0.00444991
147.13 -0.00460055
147.14 -0.00458341
147.15 -0.00439117
147.16 -0.00401786
147.17 -0.00345668
147.18 -0.00273197
147.19 -0.00185931
147.2 -0.000859798
147.21 0.000240353
147.22 0.0014104
147.23 0.00261586
147.24 0.00381803
147.25 0.00497147
147.26 0.00603731
147.27 0.00697724
147.28 0.00775542
147.29 0.00833969
147.3 0.00870276
147.31 0.0088233
147.32 0.00867523
147.33 0.00824835
147.34 0.0075607
147.35 0.00662385
147.36 0.00545749
147.37 0.00408916
147.38 0.00255347
147.39 0.000891305
147.4 -0.000852988
147.41 -0.00262193
147.42 -0.00435989
147.43 -0.00601442
147.44 -0.0075345
147.45 -0.00887221
147.46 -0.00998426
147.47 -0.0108335
147.48 -0.0113688
147.49 -0.0115778
147.5 -0.0114609
147.51 -0.0110183
147.52 -0.0102604
147.53 -0.00920734
147.54 -0.00788848
147.55 -0.00634181
147.56 -0.00460233
147.57 -0.00273829
147.58 -0.000810229
147.59 0.00112281
147.6 0.00300134
147.61 0.00476722
147.62 0.00636553
147.63 0.00774625
147.64 0.00883864
147.65 0.00962681
147.66 0.0100892
147.67 0.0102116
147.68 0.00999048
147.69 0.00943277
147.7 0.00855575
147.71 0.00738587
147.72 0.0059389
147.73 0.00428858
147.74 0.00248618
147.75 0.000587195
147.76 -0.00135043
147.77 -0.00326816
147.78 -0.00510868
147.79 -0.00681508
147.8 -0.00831995
147.81 -0.00959406
147.82 -0.0106039
147.83 -0.0113247
147.84 -0.0117414
147.85 -0.0118485
147.86 -0.0116507
147.87 -0.011155
147.88 -0.0103751
147.89 -0.00936549
147.9 -0.00816549
147.91 -0.00681944
147.92 -0.00537518
147.93 -0.00388238
147.94 -0.00239083
147.95 -0.000952499
147.96 0.000379942
147.97 0.00157089
147.98 0.00258732
147.99 0.0034033
148 0.00400068
148.01 0.00436946
148.02 0.00450794
148.03 0.00441196
148.04 0.00409819
148.05 0.00360029
148.06 0.00294609
148.07 0.0021677
148.08 0.00130015
148.09 0.000379999
148.1 -0.000556177
148.11 -0.00146989
148.12 -0.00232568
148.13 -0.00309719
148.14 -0.00376239
148.15 -0.00430526
148.16 -0.00471624
148.17 -0.00499251
148.18 -0.00513788
148.19 -0.00515481
148.2 -0.00506744
148.21 -0.00490089
148.22 -0.00468061
148.23 -0.0044344
148.24 -0.00419107
148.25 -0.0039791
148.26 -0.00382528
148.27 -0.00376217
148.28 -0.00380463
148.29 -0.00396427
148.3 -0.00424779
148.31 -0.00465518
148.32 -0.0051795
148.33 -0.00580693
148.34 -0.00651711
148.35 -0.00728622
148.36 -0.00807418
148.37 -0.00884487
148.38 -0.00956014
148.39 -0.0101811
148.4 -0.0106696
148.41 -0.0109901
148.42 -0.0111088
148.43 -0.0109781
148.44 -0.0105992
148.45 -0.00996204
148.46 -0.00906547
148.47 -0.00791739
148.48 -0.00653497
148.49 -0.0049445
148.5 -0.00317812
148.51 -0.00127616
148.52 0.000697519
148.53 0.00268785
148.54 0.00463683
148.55 0.00648532
148.56 0.00817499
148.57 0.00965026
148.58 0.01085
148.59 0.0117143
148.6 0.0122276
148.61 0.012366
148.62 0.0121163
148.63 0.0114767
148.64 0.0104575
148.65 0.00908102
148.66 0.00736838
148.67 0.00536758
148.68 0.00315248
148.69 0.000786273
148.7 -0.00166222
148.71 -0.00412064
148.72 -0.00651523
148.73 -0.00877314
148.74 -0.0108092
148.75 -0.0125542
148.76 -0.0139631
148.77 -0.0149908
148.78 -0.0156036
148.79 -0.0157799
148.8 -0.0155113
148.81 -0.0148028
148.82 -0.0136459
148.83 -0.0120922
148.84 -0.0102013
148.85 -0.00802898
148.86 -0.00563977
148.87 -0.00310456
148.88 -0.000498589
148.89 0.00210089
148.9 0.00460424
148.91 0.00693541
148.92 0.00902904
148.93 0.0108256
148.94 0.0122752
148.95 0.0133391
148.96 0.0139906
148.97 0.0142163
148.98 0.0139781
148.99 0.0133282
149 0.0122994
149.01 0.0109327
149.02 0.00927894
149.03 0.00739777
149.04 0.00535532
149.05 0.00322221
149.06 0.00107705
149.07 -0.00100032
149.08 -0.00294084
149.09 -0.00468075
149.1 -0.00616359
149.11 -0.00734194
149.12 -0.00817882
149.13 -0.00864318
149.14 -0.00869473
149.15 -0.00836812
149.16 -0.0076784
149.17 -0.00665242
149.18 -0.0053278
149.19 -0.00375167
149.2 -0.00197902
149.21 -6.90961e-05
149.22 0.00190841
149.23 0.00387722
149.24 0.00577136
149.25 0.00752791
149.26 0.00908903
149.27 0.0104037
149.28 0.0114295
149.29 0.0121202
149.3 0.0124442
149.31 0.0124139
149.32 0.0120331
149.33 0.0113166
149.34 0.0102899
149.35 0.00898839
149.36 0.00745577
149.37 0.00573663
149.38 0.00389525
149.39 0.00200031
149.4 0.00011268
149.41 -0.00170782
149.42 -0.00340423
149.43 -0.00492428
149.44 -0.00622191
149.45 -0.00724038
149.46 -0.00795396
149.47 -0.00835511
149.48 -0.00843605
149.49 -0.00819912
149.5 -0.00765643
149.51 -0.00682931
149.52 -0.00574745
149.53 -0.00443482
149.54 -0.00295017
149.55 -0.0013472
149.56 0.000323724
149.57 0.00201155
149.58 0.0036662
149.59 0.00524011
149.6 0.00668967
149.61 0.00795966
149.62 0.00902782
149.63 0.0098737
149.64 0.0104822
149.65 0.0108464
149.66 0.0109673
149.67 0.0108537
149.68 0.0105214
149.69 0.00997607
149.7 0.00926729
149.71 0.00842822
149.72 0.00749414
149.73 0.0065016
149.74 0.00548714
149.75 0.00448598
149.76 0.00353158
149.77 0.00266202
149.78 0.001896
149.79 0.00125159
149.8 0.000741112
149.81 0.000370827
149.82 0.000141001
149.83 4.61113e-05
149.84 7.75391e-05
149.85 0.000223782
149.86 0.000454659
149.87 0.000747013
149.88 0.00107595
149.89 0.0014159
149.9 0.00174171
149.91 0.0020296
149.92 0.00225562
149.93 0.00239714
149.94 0.00244531
149.95 0.00239163
149.96 0.00223253
149.97 0.00196946
149.98 0.00160884
149.99 0.00116178
150 0.000641358
150.01 6.89511e-05
150.02 -0.000529091
150.03 -0.0011285
150.04 -0.00170415
150.05 -0.00223107
150.06 -0.00268538
150.07 -0.00304522
150.08 -0.00328428
150.09 -0.00338732
150.1 -0.00334964
150.11 -0.00316627
150.12 -0.00283738
150.13 -0.00236834
150.14 -0.00176959
150.15 -0.0010564
150.16 -0.000243556
150.17 0.000638872
150.18 0.00156089
150.19 0.00249355
150.2 0.00340697
150.21 0.0042712
150.22 0.00505727
150.23 0.0057381
150.24 0.00627723
150.25 0.00666031
150.26 0.00687479
150.27 0.00691031
150.28 0.00676179
150.29 0.00642959
150.3 0.00591949
150.31 0.0052425
150.32 0.00440249
150.33 0.00343509
150.34 0.00236655
150.35 0.00122466
150.36 3.92159e-05
150.37 -0.00115893
150.38 -0.00233875
150.39 -0.00346972
150.4 -0.00451324
150.41 -0.00544918
150.42 -0.00625558
150.43 -0.00691442
150.44 -0.00741215
150.45 -0.00773997
150.46 -0.00789402
150.47 -0.00787279
150.48 -0.00767157
150.49 -0.00731661
150.5 -0.00682333
150.51 -0.00621057
150.52 -0.00549992
150.53 -0.00471502
150.54 -0.00388082
150.55 -0.00302286
150.56 -0.00216934
150.57 -0.00134555
150.58 -0.000573487
150.59 0.000127339
150.6 0.00074034
150.61 0.00125226
150.62 0.00165346
150.63 0.00193335
150.64 0.00208734
150.65 0.00212515
150.66 0.00205262
150.67 0.00187864
150.68 0.00161475
150.69 0.00127462
150.7 0.000873526
150.71 0.000426404
150.72 -4.76434e-05
150.73 -0.000529996
150.74 -0.00100498
150.75 -0.00145824
150.76 -0.00187712
150.77 -0.00225109
150.78 -0.00257193
150.79 -0.00283002
150.8 -0.00302373
150.81 -0.00315543
150.82 -0.00322763
150.83 -0.00324505
150.84 -0.00321433
150.85 -0.00314368
150.86 -0.00304249
150.87 -0.00292019
150.88 -0.00278938
150.89 -0.00266078
150.9 -0.00254395
150.91 -0.00244737
150.92 -0.00237814
150.93 -0.0023417
150.94 -0.00234158
150.95 -0.00238252
150.96 -0.00246077
150.97 -0.00257261
150.98 -0.00271289
150.99 -0.00287473
151 -0.00304972
151.01 -0.00322826
151.02 -0.00339987
151.03 -0.0035508
151.04 -0.00367094
151.05 -0.00374992
151.06 -0.00377824
151.07 -0.0037477
151.08 -0.00365171
151.09 -0.00348565
151.1 -0.00324635
151.11 -0.00292803
151.12 -0.00254038
151.13 -0.00208886
151.14 -0.00158139
151.15 -0.00102812
151.16 -0.000441243
151.17 0.000165331
151.18 0.000776016
151.19 0.00137191
151.2 0.00193606
151.21 0.00245176
151.22 0.00290291
151.23 0.00327454
151.24 0.00355323
151.25 0.00372761
151.26 0.00378473
151.27 0.00371397
151.28 0.00352081
151.29 0.00320625
151.3 0.00277471
151.31 0.002234
151.32 0.00159523
151.33 0.000872602
151.34 8.1084e-05
151.35 -0.000757383
151.36 -0.00161725
151.37 -0.00247518
151.38 -0.00330708
151.39 -0.00408871
151.4 -0.00479628
151.41 -0.00540718
151.42 -0.00589272
151.43 -0.00623409
151.44 -0.00642193
151.45 -0.00644522
151.46 -0.00629696
151.47 -0.00597446
151.48 -0.00547959
151.49 -0.00481883
151.5 -0.00399364
151.51 -0.00302788
151.52 -0.00194714
151.53 -0.000775838
151.54 0.000458484
151.55 0.00172576
151.56 0.00299411
151.57 0.00423061
151.58 0.00539417
151.59 0.00645316
151.6 0.00737854
151.61 0.00814247
151.62 0.0087205
151.63 0.00909228
151.64 0.00924217
151.65 0.00915979
151.66 0.00881843
151.67 0.00824065
151.68 0.00743708
151.69 0.00642236
151.7 0.00521685
151.71 0.00384615
151.72 0.00234061
151.73 0.000734383
151.74 -0.000936625
151.75 -0.00262292
151.76 -0.00428314
151.77 -0.00587593
151.78 -0.00736108
151.79 -0.00870049
151.8 -0.00985928
151.81 -0.0108029
151.82 -0.0114869
151.83 -0.0119113
151.84 -0.0120642
151.85 -0.0119404
151.86 -0.0115421
151.87 -0.0108783
151.88 -0.00996506
151.89 -0.0088196
151.9 -0.00746573
151.91 -0.00595505
151.92 -0.00432702
151.93 -0.00262428
151.94 -0.000891588
151.95 0.000825413
151.96 0.00248137
151.97 0.00402652
151.98 0.00541174
151.99 0.00660766
152 0.00758318
152.01 0.00831313
152.02 0.00877896
152.03 0.00896922
152.04 0.00887993
152.05 0.00850097
152.06 0.00784651
152.07 0.00695007
152.08 0.00583802
152.09 0.00454247
152.1 0.00310039
152.11 0.00155261
152.12 -5.73327e-05
152.13 -0.00168248
152.14 -0.00327158
152.15 -0.00478028
152.16 -0.00616718
152.17 -0.00739445
152.18 -0.00842888
152.19 -0.00924275
152.2 -0.00981454
152.21 -0.0101094
152.22 -0.0101328
152.23 -0.00989267
152.24 -0.00939739
152.25 -0.00866212
152.26 -0.0077083
152.27 -0.00656298
152.28 -0.00525796
152.29 -0.00382144
152.3 -0.00230502
152.31 -0.000750632
152.32 0.000801209
152.33 0.00231092
152.34 0.00374088
152.35 0.00505648
152.36 0.00622697
152.37 0.00720717
152.38 0.00799229
152.39 0.00856911
152.4 0.00893015
152.41 0.00907407
152.42 0.00900551
152.43 0.00873483
152.44 0.00827594
152.45 0.00763828
152.46 0.00686359
152.47 0.0059798
152.48 0.00501681
152.49 0.00400559
152.5 0.00297725
152.51 0.00196212
152.52 0.000990477
152.53 9.52321e-05
152.54 -0.000704939
152.55 -0.00139146
152.56 -0.00194994
152.57 -0.00237042
152.58 -0.00264748
152.59 -0.00278023
152.6 -0.0027676
152.61 -0.00261412
152.62 -0.00234119
152.63 -0.00196379
152.64 -0.00149927
152.65 -0.000966736
152.66 -0.00038631
152.67 0.000221492
152.68 0.000835856
152.69 0.001435
152.7 0.0020014
152.71 0.00251988
152.72 0.00297779
152.73 0.00336529
152.74 0.00367553
152.75 0.00390471
152.76 0.00404749
152.77 0.00410792
152.78 0.00409503
152.79 0.00401662
152.8 0.00388238
152.81 0.00370352
152.82 0.00349226
152.83 0.00326138
152.84 0.00302416
152.85 0.00279467
152.86 0.00258445
152.87 0.0024036
152.88 0.00226062
152.89 0.00216215
152.9 0.00211284
152.91 0.00211521
152.92 0.00217376
152.93 0.00228302
152.94 0.0024378
152.95 0.00263217
152.96 0.00285869
152.97 0.00310866
152.98 0.00337244
152.99 0.00363977
153 0.00389843
153.01 0.00413759
153.02 0.00434729
153.03 0.00451819
153.04 0.00464191
153.05 0.00471128
153.06 0.00472046
153.07 0.00466481
153.08 0.00453525
153.09 0.0043374
153.1 0.00407219
153.11 0.00374219
153.12 0.00335146
153.13 0.00290555
153.14 0.00241129
153.15 0.00187619
153.16 0.00130826
153.17 0.000720844
153.18 0.000124635
153.19 -0.00046926
153.2 -0.00104948
153.21 -0.00160459
153.22 -0.00212328
153.23 -0.00259289
153.24 -0.00299912
153.25 -0.00333589
153.26 -0.00359445
153.27 -0.0037671
153.28 -0.00384737
153.29 -0.00383021
153.3 -0.0037121
153.31 -0.00348709
153.32 -0.00315332
153.33 -0.0027195
153.34 -0.00219011
153.35 -0.00157169
153.36 -0.000872887
153.37 -0.000104387
153.38 0.000721144
153.39 0.00159053
153.4 0.00248503
153.41 0.00338473
153.42 0.00427063
153.43 0.00512306
153.44 0.005922
153.45 0.00664757
153.46 0.00728049
153.47 0.00779433
153.48 0.00817375
153.49 0.008409
153.5 0.0084888
153.51 0.00840499
153.52 0.00815283
153.53 0.00773138
153.54 0.00714367
153.55 0.00638558
153.56 0.00547837
153.57 0.00444227
153.58 0.00329729
153.59 0.00206679
153.6 0.000777076
153.61 -0.000543234
153.62 -0.00186383
153.63 -0.00314794
153.64 -0.00436358
153.65 -0.00548091
153.66 -0.00647139
153.67 -0.00730917
153.68 -0.00797177
153.69 -0.00844089
153.7 -0.008703
153.71 -0.00872805
153.72 -0.00853556
153.73 -0.00813059
153.74 -0.00752387
153.75 -0.0067319
153.76 -0.0057766
153.77 -0.00468481
153.78 -0.00348693
153.79 -0.00221594
153.8 -0.000918451
153.81 0.000366754
153.82 0.00160079
153.83 0.00274581
153.84 0.00376613
153.85 0.00462929
153.86 0.00530232
153.87 0.00574853
153.88 0.00596728
153.89 0.00594965
153.9 0.00569374
153.91 0.00520474
153.92 0.00449492
153.93 0.0035833
153.94 0.00249021
153.95 0.00124632
153.96 -0.000100327
153.97 -0.00150988
153.98 -0.00294036
153.99 -0.00434893
154 -0.00569319
154.01 -0.00693253
154.02 -0.00802108
154.03 -0.0089203
154.04 -0.00961172
154.05 -0.0100752
154.06 -0.0102979
154.07 -0.0102741
154.08 -0.0100064
154.09 -0.00950469
154.1 -0.00877533
154.11 -0.00785024
154.12 -0.00677059
154.13 -0.00557331
154.14 -0.00429913
154.15 -0.00299125
154.16 -0.00169397
154.17 -0.000451268
154.18 0.000684961
154.19 0.00167561
154.2 0.00249048
154.21 0.00310208
154.22 0.00348972
154.23 0.00364015
154.24 0.00354813
154.25 0.00321652
154.26 0.0026391
154.27 0.00185231
154.28 0.000888123
154.29 -0.000219636
154.3 -0.0014321
154.31 -0.0027066
154.32 -0.00399801
154.33 -0.00526027
154.34 -0.00643666
154.35 -0.0074869
154.36 -0.00837269
154.37 -0.00906036
154.38 -0.00952251
154.39 -0.00973899
154.4 -0.00969758
154.41 -0.00939313
154.42 -0.0088083
154.43 -0.00798355
154.44 -0.00694208
154.45 -0.0057143
154.46 -0.00433692
154.47 -0.0028518
154.48 -0.00130464
154.49 0.000255806
154.5 0.00177274
154.51 0.00319782
154.52 0.00448582
154.53 0.00559559
154.54 0.00649134
154.55 0.0071438
154.56 0.00753111
154.57 0.00763133
154.58 0.00742739
154.59 0.00694536
154.6 0.00619948
154.61 0.00521208
154.62 0.00401283
154.63 0.00263782
154.64 0.00112842
154.65 -0.000471576
154.66 -0.00210862
154.67 -0.00372872
154.68 -0.0052837
154.69 -0.00672766
154.7 -0.00801842
154.71 -0.00911865
154.72 -0.00999707
154.73 -0.0106153
154.74 -0.0109564
154.75 -0.0110255
154.76 -0.0108237
154.77 -0.0103602
154.78 -0.00965151
154.79 -0.00872101
154.8 -0.00759816
154.81 -0.00630974
154.82 -0.00490352
154.83 -0.00342637
154.84 -0.00192044
154.85 -0.000427492
154.86 0.00101236
154.87 0.00236182
154.88 0.00358745
154.89 0.0046471
154.9 0.005524
154.91 0.00620639
154.92 0.00668506
154.93 0.00695718
154.94 0.00702615
154.95 0.00690119
154.96 0.00659683
154.97 0.00612007
154.98 0.00550863
154.99 0.00479076
155 0.00399428
155.01 0.0031476
155.02 0.00227875
155.03 0.00141449
155.04 0.000579485
155.05 -0.000197375
155.06 -0.000901813
155.07 -0.00152012
155.08 -0.00204258
155.09 -0.00246359
155.1 -0.00278148
155.11 -0.00299827
155.12 -0.0031183
155.13 -0.00314388
155.14 -0.00309427
155.15 -0.00298154
155.16 -0.00281842
155.17 -0.00261768
155.18 -0.00239145
155.19 -0.00215071
155.2 -0.00190485
155.21 -0.00166192
155.22 -0.00142668
155.23 -0.00120124
155.24 -0.000985369
155.25 -0.000776676
155.26 -0.000570899
155.27 -0.000362283
155.28 -0.000143424
155.29 9.44321e-05
155.3 0.00035774
155.31 0.00065292
155.32 0.000985135
155.33 0.00135783
155.34 0.00177235
155.35 0.00222767
155.36 0.00272163
155.37 0.00324706
155.38 0.00379266
155.39 0.00434688
155.4 0.00489632
155.41 0.00542618
155.42 0.00592085
155.43 0.0063645
155.44 0.00673701
155.45 0.00702372
155.46 0.00721572
155.47 0.00730381
155.48 0.00728192
155.49 0.00714751
155.5 0.00690185
155.51 0.00655016
155.52 0.00609571
155.53 0.00555741
155.54 0.00495536
155.55 0.00430953
155.56 0.00364202
155.57 0.00297634
155.58 0.00233653
155.59 0.00174625
155.6 0.00123557
155.61 0.000821635
155.62 0.000519338
155.63 0.000340941
155.64 0.000294117
155.65 0.000381495
155.66 0.000600393
155.67 0.000942731
155.68 0.00140384
155.69 0.00195327
155.7 0.00256663
155.71 0.00321676
155.72 0.00387393
155.73 0.00450693
155.74 0.00508414
155.75 0.00557411
155.76 0.00593492
155.77 0.00615075
155.78 0.00620151
155.79 0.00607258
155.8 0.00575557
155.81 0.00524888
155.82 0.00455799
155.83 0.00369297
155.84 0.00266641
155.85 0.00152028
155.86 0.000288036
155.87 -0.000992205
155.88 -0.00227884
155.89 -0.00352809
155.9 -0.0046955
155.91 -0.0057324
155.92 -0.00658588
155.93 -0.00722924
155.94 -0.00763196
155.95 -0.00777043
155.96 -0.00762896
155.97 -0.00720055
155.98 -0.00648742
155.99 -0.00549087
156 -0.00423113
156.01 -0.00275645
156.02 -0.00110673
156.03 0.000671332
156.04 0.00252558
156.05 0.00440001
156.06 0.00623643
156.07 0.00796808
156.08 0.00953142
156.09 0.0108793
156.1 0.0119653
156.11 0.0127506
156.12 0.0132049
156.13 0.0133081
156.14 0.0130506
156.15 0.0124119
156.16 0.0114188
156.17 0.0101115
156.18 0.0085272
156.19 0.00671269
156.2 0.00472244
156.21 0.00261717
156.22 0.000461963
156.23 -0.00166913
156.24 -0.00370255
156.25 -0.00557439
156.26 -0.00722491
156.27 -0.00860116
156.28 -0.0096587
156.29 -0.0103632
156.3 -0.0106914
156.31 -0.0105982
156.32 -0.0101173
156.33 -0.00927077
156.34 -0.00808815
156.35 -0.00661019
156.36 -0.00488765
156.37 -0.00297966
156.38 -0.000951878
156.39 0.0011233
156.4 0.00316262
156.41 0.00509459
156.42 0.00685099
156.43 0.00836908
156.44 0.00959371
156.45 0.0104792
156.46 0.0109861
156.47 0.0110603
156.48 0.0107296
156.49 0.0100014
156.5 0.00889656
156.51 0.00744837
156.52 0.00570192
156.53 0.0037125
156.54 0.00154144
156.55 -0.000738191
156.56 -0.00303834
156.57 -0.00528304
156.58 -0.00739776
156.59 -0.00931191
156.6 -0.0109611
156.61 -0.0122894
156.62 -0.0132367
156.63 -0.0137544
156.64 -0.0138494
156.65 -0.013518
156.66 -0.0127705
156.67 -0.0116308
156.68 -0.0101357
156.69 -0.00833411
156.7 -0.00627641
156.71 -0.00403884
156.72 -0.00170882
156.73 0.000635975
156.74 0.00291729
156.75 0.00505885
156.76 0.0069888
156.77 0.00864206
156.78 0.00993984
156.79 0.0108386
156.8 0.0113226
156.81 0.0113755
156.82 0.0109948
156.83 0.0101924
156.84 0.00899374
156.85 0.00743709
156.86 0.00555488
156.87 0.00342807
156.88 0.00113528
156.89 -0.00124871
156.9 -0.00364639
156.91 -0.00598
156.92 -0.00817406
156.93 -0.0101578
156.94 -0.0118397
156.95 -0.0131794
156.96 -0.0141405
156.97 -0.0146944
156.98 -0.0148256
156.99 -0.0145323
157 -0.0138263
157.01 -0.0127326
157.02 -0.0112598
157.03 -0.0094934
157.04 -0.00749509
157.05 -0.00533129
157.06 -0.00307304
157.07 -0.000793695
157.08 0.00143348
157.09 0.00353651
157.1 0.00542616
157.11 0.00705807
157.12 0.00838412
157.13 0.00936675
157.14 0.00998005
157.15 0.0102104
157.16 0.0100569
157.17 0.00952473
157.18 0.00861853
157.19 0.0074061
157.2 0.00593371
157.21 0.0042553
157.22 0.0024305
157.23 0.000522689
157.24 -0.00140324
157.25 -0.00327962
157.26 -0.00503349
157.27 -0.0066135
157.28 -0.00797131
157.29 -0.00906704
157.3 -0.00987042
157.31 -0.0103616
157.32 -0.0105317
157.33 -0.01037
157.34 -0.00988698
157.35 -0.00912663
157.36 -0.0081229
157.37 -0.0069171
157.38 -0.00555633
157.39 -0.00409178
157.4 -0.00257687
157.41 -0.0010685
157.42 0.00037457
157.43 0.00170509
157.44 0.00288067
157.45 0.00386568
157.46 0.00463229
157.47 0.00516129
157.48 0.0054426
157.49 0.0054596
157.5 0.00523034
157.51 0.00478244
157.52 0.00414215
157.53 0.00334205
157.54 0.00241969
157.55 0.00141611
157.56 0.000374197
157.57 -0.000659232
157.58 -0.00163874
157.59 -0.00252688
157.6 -0.00329077
157.61 -0.00390348
157.62 -0.00434498
157.63 -0.00460277
157.64 -0.00467234
157.65 -0.00454165
157.66 -0.00423876
157.67 -0.00378608
157.68 -0.00321009
157.69 -0.00254238
157.7 -0.00181839
157.71 -0.00107599
157.72 -0.00035397
157.73 0.000299983
157.74 0.000853448
157.75 0.00127523
157.76 0.00153936
157.77 0.00162621
157.78 0.00152324
157.79 0.00122564
157.8 0.000734403
157.81 4.89361e-05
157.82 -0.000793104
157.83 -0.00176413
157.84 -0.00283062
157.85 -0.00395419
157.86 -0.005093
157.87 -0.00620317
157.88 -0.00723741
157.89 -0.00814152
157.9 -0.00888197
157.91 -0.0094236
157.92 -0.00973709
157.93 -0.00980002
157.94 -0.00959779
157.95 -0.00912421
157.96 -0.00837258
157.97 -0.00734933
157.98 -0.00609387
157.99 -0.00463589
158 -0.00301197
158.01 -0.00126442
158.02 0.000560005
158.03 0.00241161
158.04 0.0042356
158.05 0.0059741
158.06 0.00758055
158.07 0.00901063
158.08 0.0102252
158.09 0.0111918
158.1 0.0118852
158.11 0.0122887
158.12 0.0123763
158.13 0.0121561
158.14 0.0116525
158.15 0.0108857
158.16 0.00988402
158.17 0.00868213
158.18 0.0073204
158.19 0.00584335
158.2 0.00429696
158.21 0.00273809
158.22 0.0012163
158.23 -0.000222996
158.24 -0.00153812
158.25 -0.0026924
158.26 -0.00365523
158.27 -0.004403
158.28 -0.00489966
158.29 -0.00515315
158.3 -0.00516962
158.31 -0.00495904
158.32 -0.00453869
158.33 -0.00393248
158.34 -0.00316996
158.35 -0.0022852
158.36 -0.00131126
158.37 -0.000298688
158.38 0.000712401
158.39 0.00168357
158.4 0.00257894
158.41 0.00336639
158.42 0.00401859
158.43 0.0045128
158.44 0.00481765
158.45 0.0049416
158.46 0.00488493
158.47 0.00465476
158.48 0.00426472
158.49 0.00373438
158.5 0.00308844
158.51 0.00235485
158.52 0.00156599
158.53 0.000762806
158.54 -2.01816e-05
158.55 -0.000749394
158.56 -0.00139338
158.57 -0.00192393
158.58 -0.00231708
158.59 -0.00254876
158.6 -0.00259817
158.61 -0.00247124
158.62 -0.00216911
158.63 -0.00169936
158.64 -0.00107566
158.65 -0.000317411
158.66 0.00055103
158.67 0.00150314
158.68 0.00250354
158.69 0.00351348
158.7 0.00449812
158.71 0.00542315
158.72 0.00625591
158.73 0.0069665
158.74 0.00752872
158.75 0.00791082
158.76 0.00809637
158.77 0.00808451
158.78 0.00787246
158.79 0.0074637
158.8 0.00686785
158.81 0.00610032
158.82 0.00518182
158.83 0.00413138
158.84 0.00298599
158.85 0.00178248
158.86 0.000554934
158.87 -0.000662056
158.88 -0.00183446
158.89 -0.00292985
158.9 -0.00391835
158.91 -0.00476131
158.92 -0.00544223
158.93 -0.0059481
158.94 -0.00626812
158.95 -0.00639704
158.96 -0.00633522
158.97 -0.00608851
158.98 -0.00566798
158.99 -0.00507699
159 -0.00435046
159.01 -0.00351426
159.02 -0.00259492
159.03 -0.00162052
159.04 -0.000619801
159.05 0.000378732
159.06 0.00134762
159.07 0.00225354
159.08 0.00307784
159.09 0.00380181
159.1 0.00441061
159.11 0.00489357
159.12 0.00524441
159.13 0.00546124
159.14 0.00554489
159.15 0.00549355
159.16 0.00532987
159.17 0.00506803
159.18 0.00472472
159.19 0.00431852
159.2 0.00386921
159.21 0.00339706
159.22 0.0029226
159.23 0.00246799
159.24 0.00205046
159.25 0.0016851
159.26 0.00138434
159.27 0.00115767
159.28 0.00101133
159.29 0.00094825
159.3 0.000970826
159.31 0.00107663
159.32 0.00125273
159.33 0.00148882
159.34 0.00177227
159.35 0.00208855
159.36 0.00242179
159.37 0.00275524
159.38 0.00307019
159.39 0.00334755
159.4 0.00357263
159.41 0.00373114
159.42 0.00381066
159.43 0.003801
159.44 0.00369449
159.45 0.00348623
159.46 0.00316802
159.47 0.00274348
159.48 0.00222152
159.49 0.00160967
159.5 0.000918058
159.51 0.000159219
159.52 -0.00065225
159.53 -0.00150004
159.54 -0.00236652
159.55 -0.00323018
159.56 -0.00407159
159.57 -0.00487189
159.58 -0.00561281
159.59 -0.00627705
159.6 -0.00684871
159.61 -0.0073136
159.62 -0.00764874
159.63 -0.00785183
159.64 -0.00791834
159.65 -0.0078445
159.66 -0.00762937
159.67 -0.00727495
159.68 -0.00678609
159.69 -0.00617046
159.7 -0.00542845
159.71 -0.00458507
159.72 -0.00365653
159.73 -0.00266036
159.74 -0.00161569
159.75 -0.000542857
159.76 0.000536948
159.77 0.00160185
159.78 0.00262481
159.79 0.00358656
159.8 0.00446706
159.81 0.00524768
159.82 0.00591157
159.83 0.00644405
159.84 0.00683295
159.85 0.0070659
159.86 0.00712616
159.87 0.0070242
159.88 0.00676122
159.89 0.00634182
159.9 0.00577401
159.91 0.00506908
159.92 0.00424146
159.93 0.00330577
159.94 0.0022811
159.95 0.001197
159.96 7.72923e-05
159.97 -0.0010532
159.98 -0.00216923
159.99 -0.00324573
160 -0.00425835
160.01 -0.00517947
160.02 -0.00598393
160.03 -0.00665916
160.04 -0.00719041
160.05 -0.00756649
160.06 -0.00778003
160.07 -0.00782773
160.08 -0.00771056
160.09 -0.0074255
160.1 -0.00698512
160.11 -0.0064111
160.12 -0.00572134
160.13 -0.0049369
160.14 -0.0040814
160.15 -0.00318052
160.16 -0.00226122
160.17 -0.00135358
160.18 -0.000487875
160.19 0.000310207
160.2 0.00101643
160.21 0.00160914
160.22 0.0020699
160.23 0.00238407
160.24 0.00254123
160.25 0.00252269
160.26 0.00233727
160.27 0.0019938
160.28 0.00150222
160.29 0.000877022
160.3 0.000136935
160.31 -0.000695618
160.32 -0.0015951
160.33 -0.00253439
160.34 -0.0034779
160.35 -0.00439489
160.36 -0.00525536
160.37 -0.00603054
160.38 -0.00669372
160.39 -0.00722106
160.4 -0.00759209
160.41 -0.00777264
160.42 -0.00776863
160.43 -0.00757521
160.44 -0.00719289
160.45 -0.00662758
160.46 -0.0058905
160.47 -0.00499782
160.48 -0.00396891
160.49 -0.00282344
160.5 -0.00160178
160.51 -0.000335104
160.52 0.000943977
160.53 0.00220231
160.54 0.00340713
160.55 0.00452697
160.56 0.005529
160.57 0.00637714
160.58 0.007059
160.59 0.00755763
160.6 0.0078611
160.61 0.00796271
160.62 0.00786123
160.63 0.00756084
160.64 0.00706454
160.65 0.00638447
160.66 0.00555262
160.67 0.00459269
160.68 0.00353144
160.69 0.00239783
160.7 0.00122223
160.71 3.5537e-05
160.72 -0.00112923
160.73 -0.00223884
160.74 -0.00326787
160.75 -0.00419257
160.76 -0.00499274
160.77 -0.0056522
160.78 -0.00615915
160.79 -0.00650638
160.8 -0.00668161
160.81 -0.00669125
160.82 -0.00654937
160.83 -0.0062675
160.84 -0.00586061
160.85 -0.00534661
160.86 -0.00474568
160.87 -0.00407955
160.88 -0.0033694
160.89 -0.00264232
160.9 -0.00192126
160.91 -0.00122658
160.92 -0.000576652
160.93 1.27138e-05
160.94 0.000528617
160.95 0.000961376
160.96 0.00129686
160.97 0.00153865
160.98 0.00168957
160.99 0.00175408
161 0.00173948
161.01 0.00165548
161.02 0.00151373
161.03 0.00132729
161.04 0.00110855
161.05 0.000875757
161.06 0.000642834
161.07 0.000422596
161.08 0.000226429
161.09 6.38777e-05
161.1 -5.76805e-05
161.11 -0.00013291
161.12 -0.000155242
161.13 -0.000129864
161.14 -6.00703e-05
161.15 4.85474e-05
161.16 0.00018838
161.17 0.000350151
161.18 0.000523334
161.19 0.000696373
161.2 0.000855639
161.21 0.000990035
161.22 0.00108917
161.23 0.00114398
161.24 0.00114711
161.25 0.00109332
161.26 0.000979689
161.27 0.000804067
161.28 0.00056714
161.29 0.000278695
161.3 -5.31811e-05
161.31 -0.000418132
161.32 -0.000803837
161.33 -0.0011964
161.34 -0.00158081
161.35 -0.00193966
161.36 -0.00225464
161.37 -0.00251221
161.38 -0.00269852
161.39 -0.00280138
161.4 -0.00281078
161.41 -0.00271927
161.42 -0.00252234
161.43 -0.00221282
161.44 -0.00179443
161.45 -0.00127825
161.46 -0.00067377
161.47 6.45667e-06
161.48 0.00074704
161.49 0.00153016
161.5 0.00233602
161.51 0.00314196
161.52 0.00392315
161.53 0.00465739
161.54 0.005323
161.55 0.00589956
161.56 0.0063685
161.57 0.00671364
161.58 0.00692176
161.59 0.00697088
161.6 0.00686324
161.61 0.00660099
161.62 0.00618713
161.63 0.00562883
161.64 0.00493727
161.65 0.00412741
161.66 0.00321773
161.67 0.00222478
161.68 0.00118153
161.69 0.000115049
161.7 -0.000947259
161.71 -0.00197761
161.72 -0.00294855
161.73 -0.00383366
161.74 -0.00460804
161.75 -0.00523448
161.76 -0.005706
161.77 -0.0060079
161.78 -0.00612957
161.79 -0.00606484
161.8 -0.00581216
161.81 -0.00537474
161.82 -0.00475823
161.83 -0.00396488
161.84 -0.00302783
161.85 -0.00196873
161.86 -0.000812538
161.87 0.000413032
161.88 0.0016782
161.89 0.00295183
161.9 0.0042007
161.91 0.00538685
161.92 0.00648221
161.93 0.0074585
161.94 0.00829009
161.95 0.00895473
161.96 0.00943404
161.97 0.00971409
161.98 0.00977773
161.99 0.0096156
162 0.00924359
162.01 0.00866953
162.02 0.0079064
162.03 0.00697205
162.04 0.00588883
162.05 0.00468307
162.06 0.00338158
162.07 0.00202137
162.08 0.00064166
162.09 -0.000722095
162.1 -0.00203449
162.11 -0.00326106
162.12 -0.00436917
162.13 -0.00532887
162.14 -0.00610147
162.15 -0.00666641
162.16 -0.00701462
162.17 -0.00713538
162.18 -0.0070238
162.19 -0.00668099
162.2 -0.00611412
162.21 -0.00533632
162.22 -0.0043542
162.23 -0.00320416
162.24 -0.00192151
162.25 -0.000540094
162.26 0.000903169
162.27 0.00236927
162.28 0.00381808
162.29 0.00520938
162.3 0.00649246
162.31 0.00763371
162.32 0.00860156
162.33 0.00936718
162.34 0.00990681
162.35 0.0102026
162.36 0.0102429
162.37 0.0100232
162.38 0.00952165
162.39 0.00877382
162.4 0.00779886
162.41 0.00662135
162.42 0.0052718
162.43 0.00378588
162.44 0.00220353
162.45 0.000567881
162.46 -0.00107155
162.47 -0.0026644
162.48 -0.00416531
162.49 -0.00553099
162.5 -0.00672142
162.51 -0.00770105
162.52 -0.00843984
162.53 -0.00890862
162.54 -0.00907289
162.55 -0.00894798
162.56 -0.00853571
162.57 -0.00784623
162.58 -0.00689787
162.59 -0.00571681
162.6 -0.00433639
162.61 -0.00279279
162.62 -0.00113294
162.63 0.000582483
162.64 0.00230097
162.65 0.00396905
162.66 0.00553378
162.67 0.00694426
162.68 0.00815311
162.69 0.00910555
162.7 0.00975782
162.71 0.0100975
162.72 0.0101065
162.73 0.00977587
162.74 0.00910633
162.75 0.00810844
162.76 0.0068024
162.77 0.00520438
162.78 0.00336153
162.79 0.00133382
162.8 -0.000825081
162.81 -0.00305678
162.82 -0.00529965
162.83 -0.00749056
162.84 -0.00956656
162.85 -0.0114507
162.86 -0.0130858
162.87 -0.0144275
162.88 -0.0154327
162.89 -0.0160669
162.9 -0.0163049
162.91 -0.016132
162.92 -0.0155444
162.93 -0.0145185
162.94 -0.0130999
162.95 -0.0113291
162.96 -0.00924735
162.97 -0.00690458
162.98 -0.00435821
162.99 -0.00167157
163 0.00108777
163.01 0.00384346
163.02 0.00651832
163.03 0.00904373
163.04 0.0113548
163.05 0.0133919
163.06 0.0151025
163.07 0.0164425
163.08 0.0173763
163.09 0.0178371
163.1 0.0178555
163.11 0.017433
163.12 0.0165822
163.13 0.0153271
163.14 0.0137018
163.15 0.0117496
163.16 0.00951904
163.17 0.00705956
163.18 0.00445848
163.19 0.00178277
163.2 -0.000899665
163.21 -0.00352178
163.22 -0.00601921
163.23 -0.00833195
163.24 -0.0103984
163.25 -0.0121532
163.26 -0.0135791
163.27 -0.0146495
163.28 -0.0153484
163.29 -0.0156698
163.3 -0.0156182
163.31 -0.0152082
163.32 -0.0144523
163.33 -0.0133807
163.34 -0.0120559
163.35 -0.0105256
163.36 -0.00884139
163.37 -0.00705797
163.38 -0.00523108
163.39 -0.00341601
163.4 -0.00167191
163.41 -5.48158e-05
163.42 0.00139554
163.43 0.00264209
163.44 0.003655
163.45 0.00441243
163.46 0.00490088
163.47 0.00511545
163.48 0.00504373
163.49 0.0047063
163.5 0.00413492
163.51 0.00335737
163.52 0.00240703
163.53 0.00132176
163.54 0.000142602
163.55 -0.00108747
163.56 -0.00232224
163.57 -0.00351417
163.58 -0.00462325
163.59 -0.00561308
163.6 -0.00645183
163.61 -0.00711306
163.62 -0.00757642
163.63 -0.0078281
163.64 -0.00784234
163.65 -0.00763559
163.66 -0.00721945
163.67 -0.00660835
163.68 -0.00582238
163.69 -0.00488651
163.7 -0.00382974
163.71 -0.00268412
163.72 -0.0014818
163.73 -0.000265975
163.74 0.00092855
163.75 0.00206862
163.76 0.00312348
163.77 0.00406565
163.78 0.00487167
163.79 0.00552118
163.8 0.00598525
163.81 0.00627134
163.82 0.00637772
163.83 0.00630793
163.84 0.00607057
163.85 0.00567885
163.86 0.0051501
163.87 0.00450319
163.88 0.00375895
163.89 0.00295217
163.9 0.00210942
163.91 0.00125724
163.92 0.000421402
163.93 -0.000373909
163.94 -0.00110674
163.95 -0.00175479
163.96 -0.00229731
163.97 -0.00272903
163.98 -0.00304294
163.99 -0.00323609
164 -0.00330963
164.01 -0.00326854
164.02 -0.00312144
164.03 -0.00287665
164.04 -0.00254997
164.05 -0.00216385
164.06 -0.00173689
164.07 -0.00128847
164.08 -0.000838108
164.09 -0.000404823
164.1 -6.56156e-06
164.11 0.000336647
164.12 0.000609704
164.13 0.000804051
164.14 0.000911645
164.15 0.000927561
164.16 0.000850085
164.17 0.000680712
164.18 0.000424053
164.19 8.29227e-05
164.2 -0.000328105
164.21 -0.000793423
164.22 -0.00129824
164.23 -0.00182646
164.24 -0.00236115
164.25 -0.00288505
164.26 -0.00338109
164.27 -0.00382808
164.28 -0.00421203
164.29 -0.00452067
164.3 -0.00474279
164.31 -0.00486949
164.32 -0.00489437
164.33 -0.00481375
164.34 -0.00462667
164.35 -0.00432569
164.36 -0.00392481
164.37 -0.00343256
164.38 -0.00285873
164.39 -0.00221508
164.4 -0.00151496
164.41 -0.00077302
164.42 -4.70387e-06
164.43 0.000773388
164.44 0.00154302
164.45 0.00228876
164.46 0.00299601
164.47 0.0036514
164.48 0.0042431
164.49 0.00476103
164.5 0.00519586
164.51 0.00553502
164.52 0.0057827
164.53 0.00593819
164.54 0.00600308
164.55 0.00598113
164.56 0.00587815
164.57 0.00570173
164.58 0.00545968
164.59 0.00516126
164.6 0.00482278
164.61 0.00445637
164.62 0.00407433
164.63 0.00368876
164.64 0.00331118
164.65 0.00295227
164.66 0.00262291
164.67 0.00233278
164.68 0.00208591
164.69 0.00188626
164.7 0.00173581
164.71 0.00163449
164.72 0.00158021
164.73 0.00156896
164.74 0.00159644
164.75 0.00165405
164.76 0.00173101
164.77 0.00181742
164.78 0.00190285
164.79 0.0019767
164.8 0.00202859
164.81 0.00204874
164.82 0.0020254
164.83 0.00195151
164.84 0.00182353
164.85 0.00163842
164.86 0.00139541
164.87 0.00109621
164.88 0.000745046
164.89 0.000348665
164.9 -8.5573e-05
164.91 -0.000542938
164.92 -0.00100866
164.93 -0.00146735
164.94 -0.00190256
164.95 -0.00229719
164.96 -0.00263408
164.97 -0.00289653
164.98 -0.00305991
164.99 -0.00311569
165 -0.00305409
165.01 -0.00286682
165.02 -0.00254889
165.03 -0.00209891
165.04 -0.00151942
165.05 -0.00081699
165.06 7.31198e-06
165.07 0.000926159
165.08 0.00191989
165.09 0.00296584
165.1 0.00403851
165.11 0.00511019
165.12 0.00615162
165.13 0.00713196
165.14 0.0080107
165.15 0.00876531
165.16 0.00936934
165.17 0.00979927
165.18 0.0100354
165.19 0.0100623
165.2 0.00987007
165.21 0.00944933
165.22 0.00878928
165.23 0.0079171
165.24 0.00684811
165.25 0.00560363
165.26 0.00421051
165.27 0.00270062
165.28 0.00111009
165.29 -0.00052144
165.3 -0.00214665
165.31 -0.00371988
165.32 -0.00519813
165.33 -0.00653988
165.34 -0.00770634
165.35 -0.00866262
165.36 -0.00937879
165.37 -0.00981829
165.38 -0.00995955
165.39 -0.00981002
165.4 -0.00937014
165.41 -0.0086486
165.42 -0.00766227
165.43 -0.00643593
165.44 -0.0050017
165.45 -0.00339138
165.46 -0.00165797
165.47 0.000141455
165.48 0.00195429
165.49 0.0037266
165.5 0.00540464
165.51 0.00693637
165.52 0.00827305
165.53 0.00935152
165.54 0.0101392
165.55 0.0106155
165.56 0.0107604
165.57 0.0105632
165.58 0.010023
165.59 0.00914885
165.6 0.00795955
165.61 0.00646343
165.62 0.0047201
165.63 0.00278218
165.64 0.000702783
165.65 -0.00146012
165.66 -0.00364529
165.67 -0.00578992
165.68 -0.00783145
165.69 -0.00968894
165.7 -0.0113152
165.71 -0.0126622
165.72 -0.013688
165.73 -0.0143593
165.74 -0.0146527
165.75 -0.0145552
165.76 -0.0140636
165.77 -0.0131532
165.78 -0.0118855
165.79 -0.0102939
165.8 -0.00842126
165.81 -0.0063187
165.82 -0.00404427
165.83 -0.00166125
165.84 0.000763145
165.85 0.00315119
165.86 0.00543285
165.87 0.00754364
165.88 0.00942386
165.89 0.0110204
165.9 0.0122881
165.91 0.0131913
165.92 0.0136939
165.93 0.0137626
165.94 0.0134272
165.95 0.0126999
165.96 0.0116043
165.97 0.0101748
165.98 0.00845501
165.99 0.00649727
166 0.00435622
166.01 0.00210206
166.02 -0.000186928
166.03 -0.00244234
166.04 -0.00459714
166.05 -0.00658763
166.06 -0.00835526
166.07 -0.00984838
166.08 -0.0110057
166.09 -0.0117908
166.1 -0.0121997
166.11 -0.0122235
166.12 -0.0118651
166.13 -0.0111387
166.14 -0.0100694
166.15 -0.00869272
166.16 -0.00704004
166.17 -0.00517762
166.18 -0.003175
166.19 -0.00109579
166.2 0.000994408
166.21 0.00302991
166.22 0.00494693
166.23 0.00668539
166.24 0.00816961
166.25 0.00935958
166.26 0.0102249
166.27 0.0107386
166.28 0.0108843
166.29 0.0106566
166.3 0.0100609
166.31 0.0091135
166.32 0.00781572
166.33 0.00623189
166.34 0.00441245
166.35 0.00240966
166.36 0.000280646
166.37 -0.0019143
166.38 -0.00411351
166.39 -0.00625568
166.4 -0.00826474
166.41 -0.0100929
166.42 -0.0116921
166.43 -0.0130214
166.44 -0.0140478
166.45 -0.0147472
166.46 -0.0151052
166.47 -0.0151139
166.48 -0.0147517
166.49 -0.0140673
166.5 -0.0130857
166.51 -0.01184
166.52 -0.0103696
166.53 -0.00871932
166.54 -0.00693768
166.55 -0.00507513
166.56 -0.00318768
166.57 -0.00133166
166.58 0.000444901
166.59 0.0020979
166.6 0.00358831
166.61 0.00488317
166.62 0.00595637
166.63 0.00678079
166.64 0.00733646
166.65 0.0076386
166.66 0.00769351
166.67 0.00751453
166.68 0.00712139
166.69 0.0065394
166.7 0.00579838
166.71 0.00492765
166.72 0.00396676
166.73 0.00295911
166.74 0.00194087
166.75 0.000946572
166.76 8.02265e-06
166.77 -0.000846585
166.78 -0.00159348
166.79 -0.00220592
166.8 -0.00267147
166.81 -0.00298974
166.82 -0.00316041
166.83 -0.00318869
166.84 -0.00308495
166.85 -0.00286416
166.86 -0.00254519
166.87 -0.00214652
166.88 -0.00169825
166.89 -0.00122838
166.9 -0.000762593
166.91 -0.000325696
166.92 5.92963e-05
166.93 0.000371954
166.94 0.000595136
166.95 0.000706491
166.96 0.000703176
166.97 0.000584086
166.98 0.000350728
166.99 9.21806e-06
167 -0.000429974
167.01 -0.000952412
167.02 -0.00154022
167.03 -0.00217473
167.04 -0.00282705
167.05 -0.00347263
167.06 -0.00408701
167.07 -0.00464634
167.08 -0.00512814
167.09 -0.0055121
167.1 -0.00578023
167.11 -0.00590525
167.12 -0.00588951
167.13 -0.00572814
167.14 -0.0054207
167.15 -0.00497123
167.16 -0.00438816
167.17 -0.00368402
167.18 -0.00287379
167.19 -0.00197358
167.2 -0.00101488
167.21 -2.23273e-05
167.22 0.000978354
167.23 0.00196108
167.24 0.00290018
167.25 0.00377109
167.26 0.00454797
167.27 0.00520342
167.28 0.00572798
167.29 0.00610887
167.3 0.00633727
167.31 0.00640847
167.32 0.00632202
167.33 0.00608168
167.34 0.00569003
167.35 0.00515778
167.36 0.00450983
167.37 0.00376507
167.38 0.00294474
167.39 0.00207189
167.4 0.00117074
167.41 0.000266024
167.42 -0.000615264
167.43 -0.00144622
167.44 -0.002206
167.45 -0.00287457
167.46 -0.00343445
167.47 -0.00387107
167.48 -0.00417309
167.49 -0.00433264
167.5 -0.00433609
167.51 -0.0041871
167.52 -0.00389511
167.53 -0.00346741
167.54 -0.00291451
167.55 -0.00224977
167.56 -0.0014891
167.57 -0.000650495
167.58 0.000249182
167.59 0.00118383
167.6 0.00213047
167.61 0.00306757
167.62 0.00397407
167.63 0.00482984
167.64 0.00561616
167.65 0.00631609
167.66 0.00690487
167.67 0.00737683
167.68 0.00772438
167.69 0.0079414
167.7 0.00802472
167.71 0.00797417
167.72 0.00779253
167.73 0.00748542
167.74 0.00705057
167.75 0.00651148
167.76 0.0058818
167.77 0.00517678
167.78 0.00441306
167.79 0.00360834
167.8 0.00278097
167.81 0.00194967
167.82 0.0011359
167.83 0.000357316
167.84 -0.000369623
167.85 -0.00102991
167.86 -0.00161032
167.87 -0.0020997
167.88 -0.00248922
167.89 -0.0027701
167.9 -0.00293224
167.91 -0.00298379
167.92 -0.00292711
167.93 -0.00276718
167.94 -0.00251145
167.95 -0.00216967
167.96 -0.00175361
167.97 -0.00127522
167.98 -0.000749841
167.99 -0.000197436
168 0.000365514
168.01 0.000922515
168.02 0.00145749
168.03 0.00195521
168.04 0.0024017
168.05 0.0027812
168.06 0.00308157
168.07 0.00329894
168.08 0.00342836
168.09 0.00346759
168.1 0.00341711
168.11 0.00328016
168.12 0.00306264
168.13 0.00276938
168.14 0.00241372
168.15 0.00201171
168.16 0.00157778
168.17 0.00112738
168.18 0.000676498
168.19 0.000241168
168.2 -0.000163005
168.21 -0.000517215
168.22 -0.000808728
168.23 -0.0010282
168.24 -0.00116713
168.25 -0.00121967
168.26 -0.00118285
168.27 -0.00105667
168.28 -0.000844247
168.29 -0.00054587
168.3 -0.00017687
168.31 0.000248991
168.32 0.000717306
168.33 0.00121189
168.34 0.00171529
168.35 0.00220929
168.36 0.00267552
168.37 0.00309015
168.38 0.00343893
168.39 0.00370743
168.4 0.0038831
168.41 0.00395616
168.42 0.00391993
168.43 0.00377113
168.44 0.00350962
168.45 0.00313019
168.46 0.00265221
168.47 0.00208766
168.48 0.00145159
168.49 0.000761786
168.5 3.82518e-05
168.51 -0.000697391
168.52 -0.00142196
168.53 -0.00210773
168.54 -0.00273369
168.55 -0.00327896
168.56 -0.00372469
168.57 -0.00405473
168.58 -0.00425616
168.59 -0.0043198
168.6 -0.0042365
168.61 -0.00399957
168.62 -0.00362435
168.63 -0.00312015
168.64 -0.0025005
168.65 -0.00178284
168.66 -0.000988073
168.67 -0.000139957
168.68 0.000735456
168.69 0.00160707
168.7 0.00244535
168.71 0.00322264
168.72 0.0039126
168.73 0.00449095
168.74 0.00493632
168.75 0.00523092
168.76 0.00535204
168.77 0.0052907
168.78 0.00505236
168.79 0.00463954
168.8 0.00405997
168.81 0.00332644
168.82 0.00245643
168.83 0.00147171
168.84 0.000393882
168.85 -0.000742479
168.86 -0.0019033
168.87 -0.00305672
168.88 -0.00417084
168.89 -0.00521467
168.9 -0.00615901
168.91 -0.00697739
168.92 -0.00763405
168.93 -0.00811649
168.94 -0.00841586
168.95 -0.00852478
168.96 -0.0084414
168.97 -0.00816951
168.98 -0.00771838
168.99 -0.00710251
169 -0.00633051
169.01 -0.00543963
169.02 -0.00445953
169.03 -0.00342036
169.04 -0.00235381
169.05 -0.0012921
169.06 -0.000267021
169.07 0.000691054
169.08 0.0015421
169.09 0.00226925
169.1 0.00285287
169.11 0.00327796
169.12 0.00353468
169.13 0.00361867
169.14 0.00353114
169.15 0.00327721
169.16 0.00285852
169.17 0.0023079
169.18 0.00164756
169.19 0.00090307
169.2 0.000102627
169.21 -0.000723918
169.22 -0.001546
169.23 -0.00233184
169.24 -0.00304569
169.25 -0.00366458
169.26 -0.00416568
169.27 -0.00453022
169.28 -0.0047441
169.29 -0.00479832
169.3 -0.00468929
169.31 -0.0044137
169.32 -0.00397571
169.33 -0.00340009
169.34 -0.00270564
169.35 -0.00191534
169.36 -0.00105561
169.37 -0.000155523
169.38 0.000754148
169.39 0.00163933
169.4 0.00246427
169.41 0.00320087
169.42 0.00382208
169.43 0.00430419
169.44 0.00462757
169.45 0.00477732
169.46 0.00474379
169.47 0.00451206
169.48 0.00408775
169.49 0.00348769
169.5 0.00272614
169.51 0.00182239
169.52 0.000800223
169.53 -0.000312748
169.54 -0.00148593
169.55 -0.00268609
169.56 -0.00387437
169.57 -0.00501622
169.58 -0.00607896
169.59 -0.00703203
169.6 -0.00784783
169.61 -0.00850257
169.62 -0.00897691
169.63 -0.00923982
169.64 -0.00929477
169.65 -0.00914374
169.66 -0.0087907
169.67 -0.00824517
169.68 -0.00752193
169.69 -0.00664054
169.7 -0.00562476
169.71 -0.00449454
169.72 -0.0032921
169.73 -0.00205002
169.74 -0.000800743
169.75 0.000423694
169.76 0.00159254
169.77 0.00267719
169.78 0.00365133
169.79 0.00447901
169.8 0.00515456
169.81 0.00566603
169.82 0.00600643
169.83 0.00617385
169.84 0.00617136
169.85 0.00600681
169.86 0.00569027
169.87 0.00523113
169.88 0.0046621
169.89 0.00400591
169.9 0.00328691
169.91 0.00253033
169.92 0.00176145
169.93 0.0010048
169.94 0.000285036
169.95 -0.000372397
169.96 -0.000953115
169.97 -0.00144335
169.98 -0.00183313
169.99 -0.00211646
170 -0.00229142
170.01 -0.0023601
170.02 -0.00232475
170.03 -0.00219463
170.04 -0.00198893
170.05 -0.0017232
170.06 -0.00141474
170.07 -0.00108193
170.08 -0.000743509
170.09 -0.000417894
170.1 -0.000124921
170.11 0.000118013
170.12 0.000299716
170.13 0.000410304
170.14 0.000443149
170.15 0.000395139
170.16 0.000266798
170.17 6.22985e-05
170.18 -0.000214352
170.19 -0.000548487
170.2 -0.00092312
170.21 -0.00132145
170.22 -0.00172498
170.23 -0.00211414
170.24 -0.00246899
170.25 -0.00276993
170.26 -0.00299153
170.27 -0.00311923
170.28 -0.00314111
170.29 -0.00304648
170.3 -0.00282817
170.31 -0.00248287
170.32 -0.00201137
170.33 -0.00141864
170.34 -0.000705092
170.35 0.000105772
170.36 0.000994852
170.37 0.00194133
170.38 0.00292179
170.39 0.00391088
170.4 0.00488199
170.41 0.00580804
170.42 0.00665243
170.43 0.0073948
170.44 0.00801202
170.45 0.00848366
170.46 0.00879274
170.47 0.00892624
170.48 0.00887554
170.49 0.00863469
170.5 0.0081906
170.51 0.00756752
170.52 0.00677754
170.53 0.00583728
170.54 0.00476755
170.55 0.00359282
170.56 0.00234056
170.57 0.00104026
170.58 -0.000273853
170.59 -0.00156633
170.6 -0.00280542
170.61 -0.0039606
170.62 -0.00500335
170.63 -0.00590793
170.64 -0.00665204
170.65 -0.00721069
170.66 -0.00756304
170.67 -0.00771351
170.68 -0.0076597
170.69 -0.00740434
170.7 -0.00695529
170.71 -0.00632524
170.72 -0.00553138
170.73 -0.00458947
170.74 -0.00352699
170.75 -0.0023795
170.76 -0.00117675
170.77 5.05128e-05
170.78 0.00127135
170.79 0.00245545
170.8 0.00357393
170.81 0.00459317
170.82 0.00548823
170.83 0.00624364
170.84 0.0068439
170.85 0.00727788
170.86 0.00753899
170.87 0.00762531
170.88 0.00753954
170.89 0.00727794
170.9 0.00686036
170.91 0.00630766
170.92 0.00563885
170.93 0.00487541
170.94 0.00404069
170.95 0.00315921
170.96 0.00225595
170.97 0.0013579
170.98 0.000490859
170.99 -0.000323544
171 -0.00106587
171.01 -0.00171947
171.02 -0.00227082
171.03 -0.00270987
171.04 -0.00303017
171.05 -0.00321758
171.06 -0.00328441
171.07 -0.00323671
171.08 -0.00308288
171.09 -0.00283414
171.1 -0.00250407
171.11 -0.00210813
171.12 -0.00166297
171.13 -0.0011852
171.14 -0.000696961
171.15 -0.000215511
171.16 0.000242941
171.17 0.00066368
171.18 0.0010339
171.19 0.00134304
171.2 0.00158177
171.21 0.00173949
171.22 0.00182019
171.23 0.00182474
171.24 0.00175658
171.25 0.00162161
171.26 0.00142782
171.27 0.00118505
171.28 0.000903811
171.29 0.000596804
171.3 0.000279473
171.31 -3.53522e-05
171.32 -0.000335286
171.33 -0.000608795
171.34 -0.000845558
171.35 -0.00103678
171.36 -0.00117304
171.37 -0.0012478
171.38 -0.0012618
171.39 -0.00121465
171.4 -0.00110802
171.41 -0.000945438
171.42 -0.000732192
171.43 -0.000475019
171.44 -0.00018042
171.45 0.000141371
171.46 0.000479307
171.47 0.000823946
171.48 0.00116611
171.49 0.00149719
171.5 0.00180943
171.51 0.00209617
171.52 0.00234975
171.53 0.00256679
171.54 0.00274628
171.55 0.0028875
171.56 0.00299112
171.57 0.00305901
171.58 0.0030941
171.59 0.00310016
171.6 0.00307993
171.61 0.00303982
171.62 0.00298491
171.63 0.00291934
171.64 0.0028466
171.65 0.00276933
171.66 0.00268913
171.67 0.00260641
171.68 0.00251988
171.69 0.0024273
171.7 0.00232518
171.71 0.00220895
171.72 0.00207323
171.73 0.00191211
171.74 0.0017194
171.75 0.00148901
171.76 0.00121045
171.77 0.000883073
171.78 0.000503625
171.79 7.04649e-05
171.8 -0.000416154
171.81 -0.000953846
171.82 -0.00153794
171.83 -0.0021617
171.84 -0.00281677
171.85 -0.00348747
171.86 -0.00415952
171.87 -0.00481691
171.88 -0.00544231
171.89 -0.00601752
171.9 -0.006524
171.91 -0.00694096
171.92 -0.0072434
171.93 -0.00742279
171.94 -0.00746588
171.95 -0.00736221
171.96 -0.00710467
171.97 -0.00668989
171.98 -0.00611861
171.99 -0.00539092
172 -0.00451383
172.01 -0.00351228
172.02 -0.00240552
172.03 -0.00121666
172.04 2.78024e-05
172.05 0.00129857
172.06 0.00256424
172.07 0.00378865
172.08 0.00493378
172.09 0.00596953
172.1 0.00686522
172.11 0.0075928
172.12 0.00812769
172.13 0.00844963
172.14 0.00854339
172.15 0.00838503
172.16 0.0079757
172.17 0.0073299
172.18 0.00645863
172.19 0.00537929
172.2 0.00411537
172.21 0.00269595
172.22 0.0011551
172.23 -0.000471861
172.24 -0.00213498
172.25 -0.00378802
172.26 -0.00538646
172.27 -0.00688631
172.28 -0.00824536
172.29 -0.00942436
172.3 -0.0103882
172.31 -0.0110843
172.32 -0.0115034
172.33 -0.0116349
172.34 -0.0114708
172.35 -0.0110113
172.36 -0.0102646
172.37 -0.0092465
172.38 -0.00798061
172.39 -0.00648029
172.4 -0.00480594
172.41 -0.0030021
172.42 -0.00111595
172.43 0.000802685
172.44 0.00270264
172.45 0.00453279
172.46 0.00624243
172.47 0.00776527
172.48 0.00907197
172.49 0.0101266
172.5 0.0108997
172.51 0.0113695
172.52 0.011522
172.53 0.0113518
172.54 0.0108567
172.55 0.0100304
172.56 0.00892169
172.57 0.00755998
172.58 0.00598154
172.59 0.00422837
172.6 0.00234704
172.61 0.000387448
172.62 -0.00159767
172.63 -0.00354855
172.64 -0.00541285
172.65 -0.00714218
172.66 -0.00869211
172.67 -0.0100233
172.68 -0.0111027
172.69 -0.0119041
172.7 -0.0123961
172.71 -0.0125627
172.72 -0.0124217
172.73 -0.0119812
172.74 -0.0112574
172.75 -0.0102737
172.76 -0.00906023
172.77 -0.00765276
172.78 -0.00608605
172.79 -0.00441127
172.8 -0.00268204
172.81 -0.000945487
172.82 0.000751943
172.83 0.00236577
172.84 0.00385465
172.85 0.00518141
172.86 0.00629952
172.87 0.00718647
172.88 0.00783135
172.89 0.00822315
172.9 0.00835792
172.91 0.0082387
172.92 0.00787525
172.93 0.00728366
172.94 0.00647179
172.95 0.00548094
172.96 0.00434751
172.97 0.00310583
172.98 0.001792
172.99 0.000442853
173 -0.000905095
173.01 -0.00221663
173.02 -0.00344982
173.03 -0.00457792
173.04 -0.00557665
173.05 -0.00642533
173.06 -0.00710812
173.07 -0.00761421
173.08 -0.00793795
173.09 -0.00807866
173.1 -0.00802336
173.11 -0.00780019
173.12 -0.00742264
173.13 -0.00690743
173.14 -0.00627387
173.15 -0.00554313
173.16 -0.00473758
173.17 -0.00387969
173.18 -0.00299219
173.19 -0.00210081
173.2 -0.00122543
173.21 -0.000383928
173.22 0.000408179
173.23 0.00113799
173.24 0.00179537
173.25 0.00237095
173.26 0.00285546
173.27 0.00325378
173.28 0.00356684
173.29 0.00379758
173.3 0.00395056
173.31 0.00403157
173.32 0.00404729
173.33 0.00400302
173.34 0.00390539
173.35 0.00376499
173.36 0.00358813
173.37 0.00338031
173.38 0.00314611
173.39 0.00288916
173.4 0.00261207
173.41 0.00231574
173.42 0.00200108
173.43 0.00166932
173.44 0.00132047
173.45 0.000954514
173.46 0.000571688
173.47 0.00017277
173.48 -0.000240687
173.49 -0.000666616
173.5 -0.0011004
173.51 -0.0015362
173.52 -0.0019673
173.53 -0.0023857
173.54 -0.00278218
173.55 -0.0031465
173.56 -0.00346766
173.57 -0.00372943
173.58 -0.00392127
173.59 -0.00403374
173.6 -0.00405658
173.61 -0.0039808
173.62 -0.00379913
173.63 -0.00350635
173.64 -0.00309971
173.65 -0.00256983
173.66 -0.00192791
173.67 -0.00118265
173.68 -0.00034381
173.69 0.000575877
173.7 0.00156087
173.71 0.00259313
173.72 0.00365248
173.73 0.00471537
173.74 0.00575622
173.75 0.00675145
173.76 0.00767777
173.77 0.00851276
173.78 0.00923553
173.79 0.00982731
173.8 0.010271
173.81 0.0105386
173.82 0.0106359
173.83 0.0105587
173.84 0.0103068
173.85 0.00988423
173.86 0.00929941
173.87 0.0085646
173.88 0.00769378
173.89 0.00670147
173.9 0.00562138
173.91 0.00447843
173.92 0.00329895
173.93 0.00211001
173.94 0.00093867
173.95 -0.00018873
173.96 -0.00124445
173.97 -0.00219949
173.98 -0.00303963
173.99 -0.00374883
174 -0.00431481
174.01 -0.00472929
174.02 -0.00498818
174.03 -0.00509164
174.04 -0.00503797
174.05 -0.00483469
174.06 -0.0045035
174.07 -0.0040604
174.08 -0.003524
174.09 -0.00291499
174.1 -0.00225547
174.11 -0.00156831
174.12 -0.000877517
174.13 -0.000208366
174.14 0.000418252
174.15 0.000983454
174.16 0.00147079
174.17 0.00186663
174.18 0.00216055
174.19 0.00234549
174.2 0.00241046
174.21 0.0023595
174.22 0.00220084
174.23 0.00194196
174.24 0.00159322
174.25 0.00116751
174.26 0.000679796
174.27 0.000146661
174.28 -0.000414934
174.29 -0.000983278
174.3 -0.00153962
174.31 -0.00206642
174.32 -0.00254727
174.33 -0.00296726
174.34 -0.00331338
174.35 -0.00357481
174.36 -0.00373425
174.37 -0.0037931
174.38 -0.00374992
174.39 -0.00360484
174.4 -0.00336052
174.41 -0.00302201
174.42 -0.00259653
174.43 -0.00209316
174.44 -0.00151718
174.45 -0.000888525
174.46 -0.000220337
174.47 0.000473739
174.48 0.00117989
174.49 0.00188445
174.5 0.00257419
174.51 0.00323609
174.52 0.00385447
174.53 0.00442175
174.54 0.0049291
174.55 0.00536903
174.56 0.00573552
174.57 0.00602403
174.58 0.00623144
174.59 0.00635404
174.6 0.00638728
174.61 0.00633875
174.62 0.00621084
174.63 0.00600699
174.64 0.00573157
174.65 0.0053898
174.66 0.00498764
174.67 0.00453
174.68 0.0040237
174.69 0.00347988
174.7 0.00290664
174.71 0.00231237
174.72 0.00170568
174.73 0.00109532
174.74 0.000490061
174.75 -0.000100218
174.76 -0.000665672
174.77 -0.00119882
174.78 -0.00169179
174.79 -0.00213725
174.8 -0.00252855
174.81 -0.00285985
174.82 -0.0031263
174.83 -0.00331984
174.84 -0.00343919
174.85 -0.00348639
174.86 -0.00346215
174.87 -0.00336873
174.88 -0.00320999
174.89 -0.00299133
174.9 -0.00271972
174.91 -0.00240103
174.92 -0.00204816
174.93 -0.00167343
174.94 -0.00128867
174.95 -0.000906264
174.96 -0.000538835
174.97 -0.000198878
174.98 0.000101566
174.99 0.000346137
175 0.000527438
175.01 0.000638252
175.02 0.000672374
175.03 0.000625748
175.04 0.000496668
175.05 0.000285914
175.06 -3.17991e-06
175.07 -0.000370886
175.08 -0.000801104
175.09 -0.00128229
175.1 -0.00180129
175.11 -0.00234332
175.12 -0.00289235
175.13 -0.00343158
175.14 -0.00394358
175.15 -0.00440593
175.16 -0.00480561
175.17 -0.0051282
175.18 -0.00536119
175.19 -0.00549442
175.2 -0.00552047
175.21 -0.00543498
175.22 -0.00523475
175.23 -0.00491571
175.24 -0.0044937
175.25 -0.00397852
175.26 -0.00338306
175.27 -0.00272291
175.28 -0.00201596
175.29 -0.00128192
175.3 -0.000542217
175.31 0.000178378
175.32 0.000858341
175.33 0.00147728
175.34 0.00201638
175.35 0.00245902
175.36 0.00279135
175.37 0.00300275
175.38 0.00308062
175.39 0.00301995
175.4 0.0028303
175.41 0.00251779
175.42 0.00209245
175.43 0.00156802
175.44 0.000961524
175.45 0.000292778
175.46 -0.000417061
175.47 -0.00114088
175.48 -0.00185258
175.49 -0.00252803
175.5 -0.00314408
175.51 -0.00367937
175.52 -0.00411496
175.53 -0.00443507
175.54 -0.00461849
175.55 -0.00466096
175.56 -0.00456448
175.57 -0.00433114
175.58 -0.00396763
175.59 -0.00348501
175.6 -0.00289847
175.61 -0.00222679
175.62 -0.00148884
175.63 -0.000715226
175.64 6.6567e-05
175.65 0.000829921
175.66 0.00154855
175.67 0.00219735
175.68 0.00275324
175.69 0.00319596
175.7 0.0034958
175.71 0.00364999
175.72 0.00365299
175.73 0.00350271
175.74 0.0032021
175.75 0.00275903
175.76 0.0021861
175.77 0.00150019
175.78 0.000715464
175.79 -0.000132437
175.8 -0.00101662
175.81 -0.00190887
175.82 -0.00278051
175.83 -0.00360337
175.84 -0.00435067
175.85 -0.00499629
175.86 -0.00550773
175.87 -0.00587756
175.88 -0.00609369
175.89 -0.0061489
175.9 -0.00604107
175.91 -0.0057733
175.92 -0.00535373
175.93 -0.0047923
175.94 -0.00410264
175.95 -0.00331709
175.96 -0.00246042
175.97 -0.00155942
175.98 -0.000642025
175.99 0.000263687
176 0.00113037
176.01 0.00192904
176.02 0.00263165
176.03 0.00322368
176.04 0.00369034
176.05 0.0040214
176.06 0.0042115
176.07 0.00426031
176.08 0.00417245
176.09 0.00395181
176.1 0.00361422
176.11 0.00318474
176.12 0.00268477
176.13 0.00213788
176.14 0.00156886
176.15 0.00100279
176.16 0.000464152
176.17 -1.98327e-05
176.18 -0.000427679
176.19 -0.000745311
176.2 -0.0009606
176.21 -0.00106599
176.22 -0.00105883
176.23 -0.000941493
176.24 -0.000721365
176.25 -0.000405227
176.26 -1.60814e-05
176.27 0.000422458
176.28 0.000886514
176.29 0.0013503
176.3 0.0017871
176.31 0.00217031
176.32 0.00247445
176.33 0.00266585
176.34 0.00273007
176.35 0.00265401
176.36 0.00242782
176.37 0.00204726
176.38 0.00151404
176.39 0.00083598
176.4 2.69972e-05
176.41 -0.000901454
176.42 -0.00191095
176.43 -0.00297014
176.44 -0.00404461
176.45 -0.00509738
176.46 -0.00609014
176.47 -0.00698442
176.48 -0.00774161
176.49 -0.00830878
176.5 -0.00866921
176.51 -0.008798
176.52 -0.00867637
176.53 -0.00829247
176.54 -0.00764204
176.55 -0.00672872
176.56 -0.00555981
176.57 -0.00414373
176.58 -0.00253002
176.59 -0.00075463
176.6 0.00114061
176.61 0.00310908
176.62 0.00510068
176.63 0.0070632
176.64 0.00893953
176.65 0.0106666
176.66 0.0122023
176.67 0.0135025
176.68 0.0145291
176.69 0.0152507
176.7 0.0156442
176.71 0.0156951
176.72 0.0153835
176.73 0.0147105
176.74 0.013713
176.75 0.0124164
176.76 0.0108548
176.77 0.00906985
176.78 0.00710965
176.79 0.00502734
176.8 0.00287944
176.81 0.000733117
176.82 -0.00135022
176.83 -0.00331374
176.84 -0.00510411
176.85 -0.00667312
176.86 -0.00797899
176.87 -0.00898762
176.88 -0.00965081
176.89 -0.00996273
176.9 -0.0099308
176.91 -0.00956126
176.92 -0.00887012
176.93 -0.00788259
176.94 -0.00663237
176.95 -0.00516056
176.96 -0.00350491
176.97 -0.00173343
176.98 9.43999e-05
176.99 0.00192178
177 0.00369253
177.01 0.00535271
177.02 0.00685219
177.03 0.00814612
177.04 0.00917118
177.05 0.00991499
177.06 0.0103601
177.07 0.0104957
177.08 0.0103204
177.09 0.00984195
177.1 0.00907713
177.11 0.00805072
177.12 0.00677702
177.13 0.00532202
177.14 0.00373102
177.15 0.00205271
177.16 0.000337683
177.17 -0.00136312
177.18 -0.00299991
177.19 -0.00452336
177.2 -0.00587467
177.21 -0.00702782
177.22 -0.00795287
177.23 -0.00862717
177.24 -0.00903593
177.25 -0.00917246
177.26 -0.00903824
177.27 -0.00863651
177.28 -0.00797489
177.29 -0.00709841
177.3 -0.00603818
177.31 -0.00482998
177.32 -0.00351303
177.33 -0.00212876
177.34 -0.000719483
177.35 0.000670642
177.36 0.0019951
177.37 0.00321888
177.38 0.00430969
177.39 0.00524029
177.4 0.00598917
177.41 0.00654104
177.42 0.00688711
177.43 0.00701511
177.44 0.00693023
177.45 0.00665503
177.46 0.00620666
177.47 0.00560695
177.48 0.00488154
177.49 0.00405894
177.5 0.00316953
177.51 0.00224429
177.52 0.00131867
177.53 0.000423206
177.54 -0.00041523
177.55 -0.00117293
177.56 -0.00183004
177.57 -0.00237101
177.58 -0.00278502
177.59 -0.00305629
177.6 -0.00319044
177.61 -0.00319598
177.62 -0.00308203
177.63 -0.0028615
177.64 -0.00255054
177.65 -0.00216779
177.66 -0.00173367
177.67 -0.00126889
177.68 -0.000799102
177.69 -0.000345357
177.7 7.33087e-05
177.71 0.000440064
177.72 0.000740828
177.73 0.000964702
177.74 0.00110427
177.75 0.00114722
177.76 0.00110232
177.77 0.000974342
177.78 0.000770934
177.79 0.000502662
177.8 0.000182509
177.81 -0.00017466
177.82 -0.000552729
177.83 -0.000933491
177.84 -0.00129863
177.85 -0.00163234
177.86 -0.00192022
177.87 -0.00214982
177.88 -0.00231103
177.89 -0.0023965
177.9 -0.00240018
177.91 -0.00231597
177.92 -0.00215301
177.93 -0.00191684
177.94 -0.00161573
177.95 -0.00126037
177.96 -0.000863442
177.97 -0.000439172
177.98 -2.94324e-06
177.99 0.000427481
178 0.000835944
178.01 0.00120776
178.02 0.00152953
178.03 0.00178961
178.04 0.00197846
178.05 0.00208898
178.06 0.00211299
178.07 0.00204777
178.08 0.00189985
178.09 0.00167365
178.1 0.00137604
178.11 0.00101608
178.12 0.000604691
178.13 0.000154236
178.14 -0.000322523
178.15 -0.000809551
178.16 -0.00129184
178.17 -0.001756
178.18 -0.0021896
178.19 -0.00258154
178.2 -0.0029224
178.21 -0.00320469
178.22 -0.00341849
178.23 -0.00356284
178.24 -0.0036396
178.25 -0.00365063
178.26 -0.00359986
178.27 -0.00349299
178.28 -0.00333729
178.29 -0.00314127
178.3 -0.00291263
178.31 -0.00266409
178.32 -0.00240624
178.33 -0.00214867
178.34 -0.00190027
178.35 -0.00166895
178.36 -0.00146134
178.37 -0.00128265
178.38 -0.00113964
178.39 -0.00103146
178.4 -0.000957666
178.41 -0.000916509
178.42 -0.000904811
178.43 -0.000918122
178.44 -0.000950961
178.45 -0.000997095
178.46 -0.00104973
178.47 -0.00110078
178.48 -0.00114359
178.49 -0.00117202
178.5 -0.00118068
178.51 -0.00116519
178.52 -0.00112237
178.53 -0.00104991
178.54 -0.000945282
178.55 -0.000812379
178.56 -0.000653902
178.57 -0.000473842
178.58 -0.000277326
178.59 -7.04359e-05
178.6 0.000140021
178.61 0.000346456
178.62 0.000539943
178.63 0.000713494
178.64 0.000860176
178.65 0.000973727
178.66 0.00104879
178.67 0.00108111
178.68 0.00106768
178.69 0.0010051
178.7 0.000892163
178.71 0.000733558
178.72 0.000532388
178.73 0.000293101
178.74 2.13593e-05
178.75 -0.000276119
178.76 -0.000591758
178.77 -0.000917383
178.78 -0.00124316
178.79 -0.00155985
178.8 -0.0018588
178.81 -0.00213175
178.82 -0.002371
178.83 -0.00256963
178.84 -0.00272167
178.85 -0.00281879
178.86 -0.00285811
178.87 -0.00283951
178.88 -0.00276205
178.89 -0.00262606
178.9 -0.00243309
178.91 -0.00218581
178.92 -0.00188795
178.93 -0.00154121
178.94 -0.00115396
178.95 -0.000733778
178.96 -0.000287517
178.97 0.000177569
178.98 0.000653966
178.99 0.00113402
179 0.00161003
179.01 0.00207272
179.02 0.00251475
179.03 0.00292915
179.04 0.00330907
179.05 0.00364806
179.06 0.00394012
179.07 0.00417974
179.08 0.00436195
179.09 0.00447602
179.1 0.00452389
179.11 0.00450303
179.12 0.00441152
179.13 0.00424831
179.14 0.00401335
179.15 0.00370758
179.16 0.00333254
179.17 0.00288641
179.18 0.00238028
179.19 0.00182017
179.2 0.00121334
179.21 0.000568252
179.22 -0.000105427
179.23 -0.000796972
179.24 -0.00149455
179.25 -0.00218381
179.26 -0.00285123
179.27 -0.00348336
179.28 -0.00406675
179.29 -0.00458822
179.3 -0.00503523
179.31 -0.00539614
179.32 -0.00565719
179.33 -0.00580489
179.34 -0.00583964
179.35 -0.00575731
179.36 -0.0055562
179.37 -0.00523724
179.38 -0.00480404
179.39 -0.004263
179.4 -0.00361939
179.41 -0.00288569
179.42 -0.00208211
179.43 -0.00122539
179.44 -0.000333975
179.45 0.000572414
179.46 0.00147322
179.47 0.00234757
179.48 0.00317101
179.49 0.00392175
179.5 0.0045839
179.51 0.0051413
179.52 0.00558027
179.53 0.00588998
179.54 0.00606283
179.55 0.00609469
179.56 0.00597569
179.57 0.005715
179.58 0.00532516
179.59 0.00481747
179.6 0.00420648
179.61 0.00350953
179.62 0.00274634
179.63 0.00193844
179.64 0.00110875
179.65 0.000284349
179.66 -0.000511267
179.67 -0.00125596
179.68 -0.00192918
179.69 -0.00251259
179.7 -0.00299059
179.71 -0.00335077
179.72 -0.00357216
179.73 -0.00366048
179.74 -0.00361686
179.75 -0.00344523
179.76 -0.00315336
179.77 -0.00275256
179.78 -0.00225737
179.79 -0.00168489
179.8 -0.00105118
179.81 -0.000384748
179.82 0.000292511
179.83 0.00095876
179.84 0.00159292
179.85 0.00217533
179.86 0.00268843
179.87 0.00311583
179.88 0.00343788
179.89 0.00365465
179.9 0.00376253
179.91 0.00376178
179.92 0.00365653
179.93 0.00345457
179.94 0.00316711
179.95 0.00280693
179.96 0.00239028
179.97 0.00194124
179.98 0.00147973
179.99 0.00102598
180 0.000599814
180.01 0.000219912
180.02 -9.68454e-05
180.03 -0.00033255
180.04 -0.000472542
180.05 -0.000514661
180.06 -0.00045555
180.07 -0.000295806
180.08 -3.99915e-05
180.09 0.000303477
180.1 0.000722584
180.11 0.00120419
180.12 0.00172757
180.13 0.00226927
180.14 0.00280756
180.15 0.00332022
180.16 0.0037853
180.17 0.00418189
180.18 0.00449088
180.19 0.00468825
180.2 0.00476179
180.21 0.00470671
180.22 0.00451823
180.23 0.00419591
180.24 0.00374373
180.25 0.00317009
180.26 0.00248755
180.27 0.00170715
180.28 0.000855717
180.29 -4.12124e-05
180.3 -0.000958651
180.31 -0.00187052
180.32 -0.00275048
180.33 -0.00357274
180.34 -0.00431289
180.35 -0.00493804
180.36 -0.00543501
180.37 -0.00579061
180.38 -0.00599426
180.39 -0.0060399
180.4 -0.00592621
180.41 -0.00565669
180.42 -0.00523955
180.43 -0.00467583
180.44 -0.00399719
180.45 -0.00322509
180.46 -0.00238325
180.47 -0.00149736
180.48 -0.000594255
180.49 0.000298965
180.5 0.00115518
180.51 0.00194166
180.52 0.00263994
180.53 0.00323087
180.54 0.00369897
180.55 0.00403293
180.56 0.0042259
180.57 0.00427567
180.58 0.00418193
180.59 0.00394505
180.6 0.00358858
180.61 0.0031285
180.62 0.00258393
180.63 0.00197643
180.64 0.00132931
180.65 0.000666764
180.66 1.42067e-05
180.67 -0.000600892
180.68 -0.00115785
180.69 -0.00163756
180.7 -0.00202398
180.71 -0.0023046
180.72 -0.00247089
180.73 -0.00251848
180.74 -0.00244217
180.75 -0.0022459
180.76 -0.00194556
180.77 -0.0015539
180.78 -0.0010868
180.79 -0.000562634
180.8 -1.60522e-06
180.81 0.000574967
180.82 0.00114383
180.83 0.00168123
180.84 0.00216799
180.85 0.00258659
180.86 0.00292221
180.87 0.00316322
180.88 0.00330155
180.89 0.00333297
180.9 0.00325012
180.91 0.00306153
180.92 0.00277903
180.93 0.00241429
180.94 0.00198189
180.95 0.00149873
180.96 0.000983446
180.97 0.000455641
180.98 -6.26255e-05
180.99 -0.000550588
181 -0.000990738
181.01 -0.00136746
181.02 -0.00166783
181.03 -0.00188208
181.04 -0.00200401
181.05 -0.00203122
181.06 -0.00195712
181.07 -0.00179606
181.08 -0.00155885
181.09 -0.00125876
181.1 -0.000911863
181.11 -0.000536451
181.12 -0.000152379
181.13 0.000219569
181.14 0.000553498
181.15 0.000831295
181.16 0.00103503
181.17 0.00114923
181.18 0.00116146
181.19 0.0010629
181.2 0.000848779
181.21 0.000516892
181.22 6.41799e-05
181.23 -0.000489921
181.24 -0.00113179
181.25 -0.001844
181.26 -0.00260583
181.27 -0.00339387
181.28 -0.00418279
181.29 -0.00494461
181.3 -0.00564698
181.31 -0.00626625
181.32 -0.00677836
181.33 -0.00716179
181.34 -0.00739841
181.35 -0.00747409
181.36 -0.00737928
181.37 -0.00710264
181.38 -0.00664164
181.39 -0.00601463
181.4 -0.00523425
181.41 -0.00431812
181.42 -0.00328832
181.43 -0.00217089
181.44 -0.000995038
181.45 0.000207282
181.46 0.00139842
181.47 0.00254384
181.48 0.00361097
181.49 0.00456903
181.5 0.00538999
181.51 0.00604943
181.52 0.00652728
181.53 0.00679552
181.54 0.00684915
181.55 0.00669359
181.56 0.00633266
181.57 0.00577613
181.58 0.00503944
181.59 0.00414334
181.6 0.00311326
181.61 0.00197328
181.62 0.000765037
181.63 -0.000473663
181.64 -0.00170673
181.65 -0.0028982
181.66 -0.00401323
181.67 -0.00501914
181.68 -0.00588629
181.69 -0.00657287
181.7 -0.00706858
181.71 -0.00736147
181.72 -0.00744295
181.73 -0.00731046
181.74 -0.00696746
181.75 -0.00642337
181.76 -0.00569324
181.77 -0.00478341
181.78 -0.00373747
181.79 -0.00258531
181.8 -0.00135919
181.81 -9.31965e-05
181.82 0.0011777
181.83 0.00241865
181.84 0.00359493
181.85 0.00466379
181.86 0.00560358
181.87 0.0063901
181.88 0.0070036
181.89 0.00742927
181.9 0.00765758
181.91 0.00768444
181.92 0.00750712
181.93 0.00712243
181.94 0.00655933
181.95 0.00583533
181.96 0.00497185
181.97 0.00399358
181.98 0.00292771
181.99 0.00180314
182 0.000649704
182.01 -0.000499177
182.02 -0.00161323
182.03 -0.00266562
182.04 -0.00363202
182.05 -0.00449118
182.06 -0.00522544
182.07 -0.00582113
182.08 -0.00626185
182.09 -0.00654082
182.1 -0.00666677
182.11 -0.00664425
182.12 -0.00648176
182.13 -0.0061913
182.14 -0.00578796
182.15 -0.00528934
182.16 -0.00471189
182.17 -0.00408023
182.18 -0.00341909
182.19 -0.00274973
182.2 -0.00209262
182.21 -0.00146683
182.22 -0.000889526
182.23 -0.000375524
182.24 5.71886e-05
182.25 0.000401674
182.26 0.000655178
182.27 0.000815674
182.28 0.00088427
182.29 0.000865054
182.3 0.000764858
182.31 0.00059295
182.32 0.000356839
182.33 7.47139e-05
182.34 -0.000237898
182.35 -0.000566103
182.36 -0.000894938
182.37 -0.00120983
182.38 -0.00149706
182.39 -0.00174412
182.4 -0.00193451
182.41 -0.0020631
182.42 -0.00212396
182.43 -0.00211304
182.44 -0.00202864
182.45 -0.00187138
182.46 -0.00164415
182.47 -0.00135171
182.48 -0.000996372
182.49 -0.000593256
182.5 -0.000152479
182.51 0.000314933
182.52 0.000797395
182.53 0.00128312
182.54 0.00176047
182.55 0.0022178
182.56 0.0026416
182.57 0.00302472
182.58 0.00335951
182.59 0.00363983
182.6 0.0038612
182.61 0.00402082
182.62 0.00411763
182.63 0.00415055
182.64 0.00411945
182.65 0.00403283
182.66 0.00389588
182.67 0.00371476
182.68 0.00349642
182.69 0.00324833
182.7 0.00297823
182.71 0.00269366
182.72 0.00240294
182.73 0.00211386
182.74 0.00183272
182.75 0.00156499
182.76 0.00131518
182.77 0.00108679
182.78 0.000882216
182.79 0.000704097
182.8 0.000552571
182.81 0.000425461
182.82 0.000321016
182.83 0.000236783
182.84 0.00016977
182.85 0.000116613
182.86 7.37563e-05
182.87 3.78333e-05
182.88 4.89356e-06
182.89 -2.82714e-05
182.9 -6.41258e-05
182.91 -0.000104514
182.92 -0.000150575
182.93 -0.000202686
182.94 -0.000260442
182.95 -0.000322853
182.96 -0.000387471
182.97 -0.000451478
182.98 -0.000511651
182.99 -0.000564386
183 -0.000605849
183.01 -0.000632143
183.02 -0.000639478
183.03 -0.000622112
183.04 -0.000578437
183.05 -0.00050649
183.06 -0.000404769
183.07 -0.000272644
183.08 -0.000110442
183.09 8.05171e-05
183.1 0.000297911
183.11 0.000540316
183.12 0.000800768
183.13 0.00107402
183.14 0.00135424
183.15 0.00163513
183.16 0.0019101
183.17 0.00217248
183.18 0.00241549
183.19 0.0026303
183.2 0.0028133
183.21 0.00295988
183.22 0.00306639
183.23 0.00313029
183.24 0.0031503
183.25 0.00312641
183.26 0.00305907
183.27 0.00294905
183.28 0.00280387
183.29 0.00262878
183.3 0.00242996
183.31 0.00221433
183.32 0.00198932
183.33 0.00176262
183.34 0.0015424
183.35 0.00133739
183.36 0.00115379
183.37 0.000997444
183.38 0.000873066
183.39 0.0007841
183.4 0.000732541
183.41 0.000718835
183.42 0.00074337
183.43 0.000803119
183.44 0.00089138
183.45 0.00100208
183.46 0.00112795
183.47 0.00126077
183.48 0.0013916
183.49 0.00151115
183.5 0.00160836
183.51 0.00167344
183.52 0.00169922
183.53 0.00167871
183.54 0.00160633
183.55 0.00147822
183.56 0.0012924
183.57 0.00104901
183.58 0.000746849
183.59 0.000393427
183.6 -2.29145e-06
183.61 -0.000431086
183.62 -0.000881972
183.63 -0.00134249
183.64 -0.00179908
183.65 -0.00223745
183.66 -0.00263923
183.67 -0.00299079
183.68 -0.00327952
183.69 -0.00349352
183.7 -0.00362268
183.71 -0.00365913
183.72 -0.00359762
183.73 -0.00343577
183.74 -0.0031654
183.75 -0.00279993
183.76 -0.00234814
183.77 -0.00182111
183.78 -0.00123281
183.79 -0.000599737
183.8 5.94842e-05
183.81 0.000724555
183.82 0.00137054
183.83 0.0019756
183.84 0.00251857
183.85 0.00297948
183.86 0.00334016
183.87 0.00358496
183.88 0.00370123
183.89 0.00367763
183.9 0.00349915
183.91 0.00317791
183.92 0.00271871
183.93 0.00213078
183.94 0.00142771
183.95 0.000627135
183.96 -0.000249693
183.97 -0.00117906
183.98 -0.00213185
183.99 -0.0030758
184 -0.00398153
184.01 -0.00481993
184.02 -0.00556308
184.03 -0.00618508
184.04 -0.00666296
184.05 -0.00697026
184.06 -0.007087
184.07 -0.00701472
184.08 -0.00675026
184.09 -0.00629618
184.1 -0.00566081
184.11 -0.00485813
184.12 -0.0039075
184.13 -0.00282835
184.14 -0.00165401
184.15 -0.000423285
184.16 0.000828592
184.17 0.00206499
184.18 0.00324895
184.19 0.00434431
184.2 0.00531672
184.21 0.0061231
184.22 0.00673736
184.23 0.00714403
184.24 0.00732741
184.25 0.00727808
184.26 0.00699319
184.27 0.00647671
184.28 0.00573933
184.29 0.00478463
184.3 0.00364964
184.31 0.00236945
184.32 0.000978449
184.33 -0.000485552
184.34 -0.00198238
184.35 -0.00347069
184.36 -0.00490913
184.37 -0.00624633
184.38 -0.00744823
184.39 -0.00848304
184.4 -0.0093225
184.41 -0.00994399
184.42 -0.0103312
184.43 -0.0104745
184.44 -0.0103714
184.45 -0.0100034
184.46 -0.00940803
184.47 -0.00860513
184.48 -0.00762003
184.49 -0.00648301
184.5 -0.00522835
184.51 -0.00389327
184.52 -0.0025168
184.53 -0.00114258
184.54 0.000187675
184.55 0.00143758
184.56 0.002574
184.57 0.00356801
184.58 0.00439576
184.59 0.00503912
184.6 0.00548162
184.61 0.00570657
184.62 0.00573225
184.63 0.00556761
184.64 0.00522747
184.65 0.00473188
184.66 0.00410534
184.67 0.00337593
184.68 0.00257292
184.69 0.00173109
184.7 0.000887131
184.71 7.20826e-05
184.72 -0.000685236
184.73 -0.00135919
184.74 -0.00192815
184.75 -0.00237525
184.76 -0.00268236
184.77 -0.00284219
184.78 -0.00286324
184.79 -0.00275214
184.8 -0.00252073
184.81 -0.00218554
184.82 -0.00176709
184.83 -0.00128904
184.84 -0.00077694
184.85 -0.000261841
184.86 0.000228027
184.87 0.000667027
184.88 0.00103183
184.89 0.00130234
184.9 0.00146251
184.91 0.00150098
184.92 0.0014026
184.93 0.00117252
184.94 0.000821021
184.95 0.000359802
184.96 -0.00019447
184.97 -0.000820721
184.98 -0.00149422
184.99 -0.00218748
185 -0.00286801
185.01 -0.00350354
185.02 -0.00406532
185.03 -0.00452631
185.04 -0.00486251
185.05 -0.00505394
185.06 -0.00508549
185.07 -0.00494759
185.08 -0.00462077
185.09 -0.00412431
185.1 -0.00347033
185.11 -0.00267589
185.12 -0.00176372
185.13 -0.000761604
185.14 0.000298493
185.15 0.00138139
185.16 0.00244475
185.17 0.00344922
185.18 0.00435803
185.19 0.00513666
185.2 0.00575416
185.21 0.00618424
185.22 0.00640637
185.23 0.00640272
185.24 0.00615109
185.25 0.00567323
185.26 0.00497969
185.27 0.00408863
185.28 0.00302536
185.29 0.00182162
185.3 0.000514738
185.31 -0.000853925
185.32 -0.00223454
185.33 -0.00357636
185.34 -0.00483281
185.35 -0.00595905
185.36 -0.00691345
185.37 -0.00765905
185.38 -0.00816478
185.39 -0.0083952
185.4 -0.00832762
185.41 -0.00797298
185.42 -0.00733498
185.43 -0.00642637
185.44 -0.00526864
185.45 -0.00389145
185.46 -0.00233181
185.47 -0.000628347
185.48 0.00116307
185.49 0.0029836
185.5 0.00477944
185.51 0.00649702
185.52 0.00808468
185.53 0.00949429
185.54 0.0106828
185.55 0.0115949
185.56 0.0122067
185.57 0.0125097
185.58 0.012495
185.59 0.0121638
185.6 0.0115265
185.61 0.0106033
185.62 0.00942273
185.63 0.008008
185.64 0.00641929
185.65 0.00471159
185.66 0.00293785
185.67 0.00115263
185.68 -0.000589588
185.69 -0.00223613
185.7 -0.00373778
185.71 -0.00503031
185.72 -0.0060879
185.73 -0.00688502
185.74 -0.00740236
185.75 -0.00762994
185.76 -0.00756729
185.77 -0.00722347
185.78 -0.00661666
185.79 -0.00575329
185.8 -0.00469507
185.81 -0.00348413
185.82 -0.00216689
185.83 -0.000792757
185.84 0.000587551
185.85 0.00192372
185.86 0.00316597
185.87 0.00425462
185.88 0.00516091
185.89 0.0058538
185.9 0.00631008
185.91 0.00651508
185.92 0.00646312
185.93 0.0061577
185.94 0.0056063
185.95 0.0048212
185.96 0.00385171
185.97 0.00273497
185.98 0.00151326
185.99 0.000232631
186 -0.00105874
186.01 -0.00231212
186.02 -0.00347531
186.03 -0.00449428
186.04 -0.00533601
186.05 -0.00596733
186.06 -0.00636223
186.07 -0.00650271
186.08 -0.00637939
186.09 -0.00599187
186.1 -0.00533762
186.11 -0.0044356
186.12 -0.00332698
186.13 -0.00204617
186.14 -0.000633458
186.15 0.000866276
186.16 0.00240504
186.17 0.00393328
186.18 0.00539507
186.19 0.00673791
186.2 0.00792114
186.21 0.00890631
186.22 0.00966128
186.23 0.0101611
186.24 0.0103891
186.25 0.0103367
186.26 0.00998549
186.27 0.00935818
186.28 0.00848288
186.29 0.00738665
186.3 0.00610317
186.31 0.00467157
186.32 0.00313515
186.33 0.00153999
186.34 -6.35537e-05
186.35 -0.00162315
186.36 -0.00309407
186.37 -0.00443529
186.38 -0.00561054
186.39 -0.00658943
186.4 -0.0073483
186.41 -0.00787086
186.42 -0.00812535
186.43 -0.00813391
186.44 -0.00790712
186.45 -0.00746105
186.46 -0.00681829
186.47 -0.00600696
186.48 -0.00505972
186.49 -0.00401223
186.5 -0.00290094
186.51 -0.00177348
186.52 -0.000667476
186.53 0.000381642
186.54 0.00134185
186.55 0.00218552
186.56 0.0028902
186.57 0.00343643
186.58 0.00380235
186.59 0.00399891
186.6 0.0040301
186.61 0.00390585
186.62 0.00364146
186.63 0.0032569
186.64 0.0027759
186.65 0.00222376
186.66 0.00163027
186.67 0.0010287
186.68 0.000446595
186.69 -9.04986e-05
186.7 -0.000560054
186.71 -0.000943387
186.72 -0.00122635
186.73 -0.00139516
186.74 -0.00144415
186.75 -0.00138296
186.76 -0.00121985
186.77 -0.000967891
186.78 -0.000644397
186.79 -0.000270206
186.8 0.000131224
186.81 0.000533486
186.82 0.000907494
186.83 0.0012285
186.84 0.00147357
186.85 0.00162268
186.86 0.00165956
186.87 0.0015725
186.88 0.00135488
186.89 0.000997389
186.9 0.00050991
186.91 -9.10302e-05
186.92 -0.000788319
186.93 -0.00156
186.94 -0.00237996
186.95 -0.00321881
186.96 -0.00404488
186.97 -0.00481925
186.98 -0.00550813
186.99 -0.0060817
187 -0.00651166
187.01 -0.00677363
187.02 -0.00684802
187.03 -0.006721
187.04 -0.0063851
187.05 -0.00582166
187.06 -0.00505503
187.07 -0.00410317
187.08 -0.00298817
187.09 -0.00173838
187.1 -0.000387638
187.11 0.00102569
187.12 0.0024598
187.13 0.00386386
187.14 0.00519171
187.15 0.00639957
187.16 0.00744603
187.17 0.00829338
187.18 0.00890891
187.19 0.00926597
187.2 0.00934167
187.21 0.00910116
187.22 0.00856835
187.23 0.00775055
187.24 0.00666359
187.25 0.00533153
187.26 0.00378605
187.27 0.00206567
187.28 0.000212867
187.29 -0.00172177
187.3 -0.003676
187.31 -0.00559585
187.32 -0.00742757
187.33 -0.0091192
187.34 -0.010622
187.35 -0.011892
187.36 -0.0128804
187.37 -0.0135442
187.38 -0.0138808
187.39 -0.0138782
187.4 -0.0135338
187.41 -0.0128542
187.42 -0.0118552
187.43 -0.0105612
187.44 -0.00899447
187.45 -0.00719944
187.46 -0.00523714
187.47 -0.00315909
187.48 -0.00101979
187.49 0.00112478
187.5 0.00321867
187.51 0.00520752
187.52 0.00702784
187.53 0.00863027
187.54 0.00998203
187.55 0.0110505
187.56 0.011811
187.57 0.0122471
187.58 0.0123512
187.59 0.0121245
187.6 0.0115555
187.61 0.0106791
187.62 0.00953266
187.63 0.00815082
187.64 0.00657372
187.65 0.00484599
187.66 0.0030155
187.67 0.00113197
187.68 -0.000750399
187.69 -0.00257738
187.7 -0.00430259
187.71 -0.00588331
187.72 -0.00728162
187.73 -0.00846527
187.74 -0.00940845
187.75 -0.0100923
187.76 -0.0104794
187.77 -0.0105906
187.78 -0.010433
187.79 -0.0100188
187.8 -0.00936701
187.81 -0.00850233
187.82 -0.00745459
187.83 -0.00625717
187.84 -0.00494125
187.85 -0.00355995
187.86 -0.00215334
187.87 -0.00076101
187.88 0.00057899
187.89 0.00183116
187.9 0.00296345
187.91 0.00394496
187.92 0.00473952
187.93 0.00534371
187.94 0.00574718
187.95 0.0059455
187.96 0.00594017
187.97 0.00573839
187.98 0.00535274
187.99 0.00479648
188 0.00408845
188.01 0.00326655
188.02 0.00235955
188.03 0.001398
188.04 0.000413269
188.05 -0.00056324
188.06 -0.00150102
188.07 -0.00236727
188.08 -0.00313092
188.09 -0.00377389
188.1 -0.00427773
188.11 -0.00462824
188.12 -0.00481585
188.13 -0.00483576
188.14 -0.00468799
188.15 -0.00436914
188.16 -0.00389134
188.17 -0.00327684
188.18 -0.00254381
188.19 -0.00171346
188.2 -0.000809485
188.21 0.000142677
188.22 0.00111654
188.23 0.00208321
188.24 0.00301349
188.25 0.00388296
188.26 0.00466894
188.27 0.00535136
188.28 0.00591335
188.29 0.00634161
188.3 0.00662676
188.31 0.00675201
188.32 0.00672488
188.33 0.00655318
188.34 0.00624517
188.35 0.00581285
188.36 0.00527155
188.37 0.00463947
188.38 0.00393711
188.39 0.00318443
188.4 0.0024106
188.41 0.00163956
188.42 0.000894109
188.43 0.000195749
188.44 -0.000435947
188.45 -0.00098393
188.46 -0.00143418
188.47 -0.00176448
188.48 -0.00197919
188.49 -0.00207651
188.5 -0.00205871
188.51 -0.00193205
188.52 -0.00170652
188.53 -0.00139559
188.54 -0.00101513
188.55 -0.000582509
188.56 -0.000124733
188.57 0.000336108
188.58 0.000777713
188.59 0.00117832
188.6 0.00151747
188.61 0.0017767
188.62 0.00193763
188.63 0.00198096
188.64 0.00190658
188.65 0.00171102
188.66 0.00139528
188.67 0.000964872
188.68 0.000429786
188.69 -0.000195761
188.7 -0.000895451
188.71 -0.00164623
188.72 -0.00241877
188.73 -0.00318649
188.74 -0.00392183
188.75 -0.00459717
188.76 -0.00518572
188.77 -0.0056624
188.78 -0.00599742
188.79 -0.00616889
188.8 -0.00617049
188.81 -0.00599349
188.82 -0.00563452
188.83 -0.00509585
188.84 -0.00438549
188.85 -0.00351711
188.86 -0.00250296
188.87 -0.00137331
188.88 -0.00016314
188.89 0.00109492
188.9 0.00236583
188.91 0.00361321
188.92 0.00480038
188.93 0.00589155
188.94 0.00684137
188.95 0.00762179
188.96 0.00821145
188.97 0.00859035
188.98 0.00874453
188.99 0.00866664
189 0.00835627
189.01 0.00782015
189.02 0.00705609
189.03 0.00610179
189.04 0.0049892
189.05 0.00375186
189.06 0.00242768
189.07 0.00105774
189.08 -0.000314836
189.09 -0.00164628
189.1 -0.00288154
189.11 -0.00398412
189.12 -0.00491807
189.13 -0.00565192
189.14 -0.00616026
189.15 -0.00642467
189.16 -0.00643436
189.17 -0.00618513
189.18 -0.00566185
189.19 -0.00490502
189.2 -0.00393854
189.21 -0.00279349
189.22 -0.00150727
189.23 -0.000122474
189.24 0.00131437
189.25 0.00275332
189.26 0.00413578
189.27 0.00541331
189.28 0.00653972
189.29 0.00747305
189.3 0.00817698
189.31 0.00862204
189.32 0.00878669
189.33 0.00864919
189.34 0.00819469
189.35 0.00745261
189.36 0.00644087
189.37 0.00518638
189.38 0.00372433
189.39 0.00209718
189.4 0.000353392
189.41 -0.00145415
189.42 -0.00326207
189.43 -0.00500991
189.44 -0.00664164
189.45 -0.00810417
189.46 -0.00934904
189.47 -0.010334
189.48 -0.0110245
189.49 -0.0113766
189.5 -0.0113759
189.51 -0.0110349
189.52 -0.0103613
189.53 -0.00937357
189.54 -0.00810036
189.55 -0.00657948
189.56 -0.00485702
189.57 -0.00298003
189.58 -0.00101877
189.59 0.000959678
189.6 0.00289233
189.61 0.0047172
189.62 0.00637535
189.63 0.00781272
189.64 0.0089819
189.65 0.00981741
189.66 0.0103049
189.67 0.0104354
189.68 0.0102041
189.69 0.00961751
189.7 0.00869399
189.71 0.00746268
189.72 0.00596289
189.73 0.00422821
189.74 0.00233799
189.75 0.000357295
189.76 -0.001648
189.77 -0.00361079
189.78 -0.00546491
189.79 -0.0071472
189.8 -0.00859938
189.81 -0.00973776
189.82 -0.0105464
189.83 -0.0109953
189.84 -0.0110662
189.85 -0.0107524
189.86 -0.0100598
189.87 -0.00900624
189.88 -0.00761763
189.89 -0.00591758
189.9 -0.00398701
189.91 -0.0018855
189.92 0.0003217
189.93 0.00256564
189.94 0.00477584
189.95 0.00688246
189.96 0.0088127
189.97 0.0104859
189.98 0.0118627
189.99 0.0128994
190 0.0135622
190.01 0.0138292
190.02 0.0136905
190.03 0.0131489
190.04 0.0122064
190.05 0.0108848
190.06 0.00924977
190.07 0.00735179
190.08 0.00524913
190.09 0.00300623
190.1 0.000691639
190.11 -0.00162408
190.12 -0.00386376
190.13 -0.00595016
190.14 -0.00782545
190.15 -0.00943458
190.16 -0.0107311
190.17 -0.0116786
190.18 -0.0122516
190.19 -0.0124366
190.2 -0.0122093
190.21 -0.0115909
190.22 -0.0106225
190.23 -0.00933973
190.24 -0.00778784
190.25 -0.00601982
190.26 -0.00409494
190.27 -0.00207675
190.28 -3.40207e-05
190.29 0.00195883
190.3 0.00383794
190.31 0.00554444
190.32 0.00702564
190.33 0.00823665
190.34 0.00914166
190.35 0.00971496
190.36 0.0099122
190.37 0.0097544
190.38 0.00925766
190.39 0.00844276
190.4 0.00734024
190.41 0.0059894
190.42 0.00443687
190.43 0.00273511
190.44 0.000937413
190.45 -0.000883814
190.46 -0.00266936
190.47 -0.00436255
190.48 -0.0059105
190.49 -0.00726579
190.5 -0.00838784
190.51 -0.00924212
190.52 -0.00977819
190.53 -0.0100101
190.54 -0.00993617
190.55 -0.0095645
190.56 -0.00891254
190.57 -0.00800637
190.58 -0.00687979
190.59 -0.00557059
190.6 -0.00412115
190.61 -0.00259532
190.62 -0.00104417
190.63 0.000481357
190.64 0.00193206
190.65 0.00326198
190.66 0.00442976
190.67 0.00539289
190.68 0.00611112
190.69 0.00657969
190.7 0.00678774
190.71 0.00673278
190.72 0.00642053
190.73 0.00586462
190.74 0.00508597
190.75 0.00410511
190.76 0.00295722
190.77 0.00169153
190.78 0.000348758
190.79 -0.00102899
190.8 -0.00239957
190.81 -0.00372205
190.82 -0.00495796
190.83 -0.00606397
190.84 -0.00700727
190.85 -0.00776997
190.86 -0.00833425
190.87 -0.00868858
190.88 -0.0088278
190.89 -0.00875302
190.9 -0.00847135
190.91 -0.0079837
190.92 -0.00731651
190.93 -0.00649899
190.94 -0.00555671
190.95 -0.00451735
190.96 -0.00340978
190.97 -0.00226308
190.98 -0.00110576
190.99 3.18664e-05
191 0.00112362
191.01 0.00214859
191.02 0.00308872
191.03 0.00392956
191.04 0.00466036
191.05 0.00527408
191.06 0.00576722
191.07 0.00612899
191.08 0.00637245
191.09 0.00650473
191.1 0.0065335
191.11 0.00646776
191.12 0.00631731
191.13 0.00609225
191.14 0.00580246
191.15 0.00545267
191.16 0.00505739
191.17 0.00462367
191.18 0.00415728
191.19 0.00366271
191.2 0.00314329
191.21 0.00260131
191.22 0.00203804
191.23 0.00145315
191.24 0.000849454
191.25 0.000228266
191.26 -0.000408395
191.27 -0.00105749
191.28 -0.00171469
191.29 -0.00237414
191.3 -0.00302801
191.31 -0.00366513
191.32 -0.00427485
191.33 -0.00484467
191.34 -0.00536098
191.35 -0.00580948
191.36 -0.00617562
191.37 -0.00644513
191.38 -0.00660005
191.39 -0.00662376
191.4 -0.0065141
191.41 -0.00626443
191.42 -0.00587129
191.43 -0.00533486
191.44 -0.00465922
191.45 -0.00385253
191.46 -0.00292214
191.47 -0.00188684
191.48 -0.000773812
191.49 0.000392562
191.5 0.00158517
191.51 0.00277484
191.52 0.00393108
191.53 0.00502297
191.54 0.00601247
191.55 0.00686911
191.56 0.00757092
191.57 0.00809539
191.58 0.00842426
191.59 0.0085442
191.6 0.00844736
191.61 0.00813179
191.62 0.00758686
191.63 0.0068345
191.64 0.00589867
191.65 0.00480277
191.66 0.00357521
191.67 0.0022487
191.68 0.000859326
191.69 -0.000554388
191.7 -0.00194783
191.71 -0.00327818
191.72 -0.00450719
191.73 -0.00559879
191.74 -0.00652042
191.75 -0.00724408
191.76 -0.00774719
191.77 -0.00801327
191.78 -0.00800838
191.79 -0.00775343
191.8 -0.00725569
191.81 -0.00652825
191.82 -0.00559083
191.83 -0.00446926
191.84 -0.00319469
191.85 -0.0018022
191.86 -0.000328423
191.87 0.00117453
191.88 0.00266427
191.89 0.0040989
191.9 0.00543828
191.91 0.00664515
191.92 0.00768623
191.93 0.00852896
191.94 0.00913526
191.95 0.00950681
191.96 0.00963588
191.97 0.00952176
191.98 0.00917071
191.99 0.00859571
192 0.00781602
192.01 0.00685188
192.02 0.00573128
192.03 0.0045009
192.04 0.00319762
192.05 0.00185969
192.06 0.000525631
192.07 -0.000766967
192.08 -0.0019825
192.09 -0.00308236
192.1 -0.00403269
192.11 -0.00481751
192.12 -0.00541967
192.13 -0.00582791
192.14 -0.00603702
192.15 -0.00604786
192.16 -0.0058672
192.17 -0.00549851
192.18 -0.00496369
192.19 -0.00429361
192.2 -0.0035143
192.21 -0.00265424
192.22 -0.00174339
192.23 -0.000812238
192.24 0.000109158
192.25 0.000987718
192.26 0.00179557
192.27 0.00251159
192.28 0.00311704
192.29 0.0035975
192.3 0.00394311
192.31 0.00414881
192.32 0.00421435
192.33 0.00413408
192.34 0.003926
192.35 0.00360666
192.36 0.0031928
192.37 0.00270371
192.38 0.00216053
192.39 0.00158543
192.4 0.00100094
192.41 0.000432157
192.42 -9.94237e-05
192.43 -0.000575509
192.44 -0.000980204
192.45 -0.00130062
192.46 -0.00152718
192.47 -0.00165386
192.48 -0.00167808
192.49 -0.00159156
192.5 -0.00140989
192.51 -0.00114151
192.52 -0.000797455
192.53 -0.000390965
192.54 6.31062e-05
192.55 0.000548831
192.56 0.00104976
192.57 0.00154778
192.58 0.00202639
192.59 0.0024715
192.6 0.00287071
192.61 0.00321373
192.62 0.00349258
192.63 0.00370179
192.64 0.00383658
192.65 0.00389313
192.66 0.00387955
192.67 0.00380048
192.68 0.0036624
192.69 0.00347316
192.7 0.00324164
192.71 0.00297727
192.72 0.0026891
192.73 0.00238706
192.74 0.0020808
192.75 0.00177734
192.76 0.00148224
192.77 0.00119936
192.78 0.000930708
192.79 0.000676412
192.8 0.000435189
192.81 0.000202918
192.82 -2.63446e-05
192.83 -0.000259045
192.84 -0.000502411
192.85 -0.000764044
192.86 -0.00105148
192.87 -0.00137175
192.88 -0.00173359
192.89 -0.00214116
192.9 -0.00259523
192.91 -0.00309596
192.92 -0.00364105
192.93 -0.00422559
192.94 -0.00484202
192.95 -0.00548011
192.96 -0.00612663
192.97 -0.00676416
192.98 -0.00737511
192.99 -0.00794068
193 -0.00844122
193.01 -0.00885675
193.02 -0.00916761
193.03 -0.00935508
193.04 -0.0093888
193.05 -0.00926261
193.06 -0.00896759
193.07 -0.00849608
193.08 -0.00784438
193.09 -0.00701313
193.1 -0.00600754
193.11 -0.00483752
193.12 -0.00350499
193.13 -0.00204547
193.14 -0.000484045
193.15 0.00115106
193.16 0.00282842
193.17 0.00451406
193.18 0.0061722
193.19 0.00776526
193.2 0.00924391
193.21 0.0105791
193.22 0.0117372
193.23 0.0126874
193.24 0.0134029
193.25 0.0138612
193.26 0.014045
193.27 0.0139373
193.28 0.0135152
193.29 0.012805
193.3 0.0118167
193.31 0.0105666
193.32 0.00907746
193.33 0.00737808
193.34 0.00550261
193.35 0.003487
193.36 0.00137603
193.37 -0.000775063
193.38 -0.0029186
193.39 -0.00500654
193.4 -0.00699159
193.41 -0.00882841
193.42 -0.0104747
193.43 -0.0118808
193.44 -0.0130065
193.45 -0.01384
193.46 -0.0143629
193.47 -0.0145642
193.48 -0.014441
193.49 -0.013998
193.5 -0.0132482
193.51 -0.0121977
193.52 -0.0108819
193.53 -0.00934957
193.54 -0.0076421
193.55 -0.00580538
193.56 -0.00388866
193.57 -0.00194323
193.58 -2.1174e-05
193.59 0.00181752
193.6 0.00352049
193.61 0.00504533
193.62 0.00635181
193.63 0.00740567
193.64 0.00817965
193.65 0.0086542
193.66 0.00881814
193.67 0.00864467
193.68 0.00816033
193.69 0.00738922
193.7 0.00635689
193.71 0.0050965
193.72 0.00364794
193.73 0.00205682
193.74 0.000373187
193.75 -0.00134833
193.76 -0.00304466
193.77 -0.00466093
193.78 -0.00614459
193.79 -0.00744653
193.8 -0.00852257
193.81 -0.00933477
193.82 -0.00985195
193.83 -0.0100199
193.84 -0.00985781
193.85 -0.00936476
193.86 -0.00854984
193.87 -0.00743183
193.88 -0.00603888
193.89 -0.00440781
193.9 -0.00258119
193.91 -0.000605882
193.92 0.00144467
193.93 0.00351013
193.94 0.00552872
193.95 0.00743904
193.96 0.00918182
193.97 0.0107017
193.98 0.0119405
193.99 0.0128358
194 0.0133768
194.01 0.0135412
194.02 0.0133173
194.03 0.0127046
194.04 0.0117135
194.05 0.0103656
194.06 0.00868256
194.07 0.00670555
194.08 0.00450735
194.09 0.00214735
194.1 -0.000309807
194.11 -0.00279603
194.12 -0.00524173
194.13 -0.00757776
194.14 -0.00972542
194.15 -0.0116144
194.16 -0.0132
194.17 -0.0144366
194.18 -0.015288
194.19 -0.0157289
194.2 -0.0157458
194.21 -0.015337
194.22 -0.0144888
194.23 -0.0132376
194.24 -0.0116363
194.25 -0.00973141
194.26 -0.00757824
194.27 -0.00523928
194.28 -0.0027823
194.29 -0.000278506
194.3 0.00219235
194.31 0.00455228
194.32 0.00673471
194.33 0.00867769
194.34 0.0103266
194.35 0.0116358
194.36 0.01257
194.37 0.0131052
194.38 0.0131943
194.39 0.0128689
194.4 0.0121512
194.41 0.011069
194.42 0.00966086
194.43 0.00797514
194.44 0.0060684
194.45 0.00400368
194.46 0.00184668
194.47 -0.000317829
194.48 -0.00241947
194.49 -0.00439057
194.5 -0.00616796
194.51 -0.00769485
194.52 -0.00892258
194.53 -0.00980903
194.54 -0.0102931
194.55 -0.0103932
194.56 -0.0101079
194.57 -0.00944787
194.58 -0.00843557
194.59 -0.00710456
194.6 -0.00549839
194.61 -0.00366596
194.62 -0.00166383
194.63 0.000425501
194.64 0.0025344
194.65 0.00459482
194.66 0.00654043
194.67 0.00830863
194.68 0.00984251
194.69 0.0110821
194.7 0.011971
194.71 0.0125017
194.72 0.0126578
194.73 0.0124345
194.74 0.0118388
194.75 0.0108892
194.76 0.00961504
194.77 0.00804532
194.78 0.00623218
194.79 0.00424807
194.8 0.00215432
194.81 1.51896e-05
194.82 -0.00210414
194.83 -0.00413956
194.84 -0.00602995
194.85 -0.00770491
194.86 -0.00911157
194.87 -0.0102199
194.88 -0.0110001
194.89 -0.0114324
194.9 -0.0115079
194.91 -0.0112288
194.92 -0.0106077
194.93 -0.00964803
194.94 -0.00839823
194.95 -0.00691099
194.96 -0.0052349
194.97 -0.00342334
194.98 -0.00153277
194.99 0.000379083
195 0.00225499
195.01 0.00402861
195.02 0.00564985
195.03 0.0070769
195.04 0.00827301
195.05 0.00920951
195.06 0.00986652
195.07 0.0102334
195.08 0.0103089
195.09 0.0100763
195.1 0.00957859
195.11 0.00884482
195.12 0.00790802
195.13 0.00680666
195.14 0.00558329
195.15 0.00428302
195.16 0.0029521
195.17 0.00164215
195.18 0.000398398
195.19 -0.000739883
195.2 -0.00173831
195.21 -0.00256838
195.22 -0.00320829
195.23 -0.0036434
195.24 -0.00386354
195.25 -0.00385473
195.26 -0.0036449
195.27 -0.00325021
195.28 -0.00269276
195.29 -0.00199967
195.3 -0.00120203
195.31 -0.000333723
195.32 0.000569694
195.33 0.00146822
195.34 0.00232519
195.35 0.00310854
195.36 0.0037896
195.37 0.00434398
195.38 0.00475228
195.39 0.00500059
195.4 0.00507431
195.41 0.00496763
195.42 0.00469628
195.43 0.00427078
195.44 0.00370651
195.45 0.00302308
195.46 0.00224351
195.47 0.00139331
195.48 0.00049884
195.49 -0.00040844
195.5 -0.00129947
195.51 -0.00214872
195.52 -0.002933
195.53 -0.00363213
195.54 -0.0042295
195.55 -0.00471247
195.56 -0.0050647
195.57 -0.00528506
195.58 -0.0053795
195.59 -0.00535303
195.6 -0.00521415
195.61 -0.00497433
195.62 -0.00464741
195.63 -0.00424893
195.64 -0.00379261
195.65 -0.00329971
195.66 -0.00278787
195.67 -0.00227213
195.68 -0.00176582
195.69 -0.00128013
195.7 -0.000823832
195.71 -0.000403061
195.72 -2.47022e-05
195.73 0.000313506
195.74 0.000614278
195.75 0.000881739
195.76 0.0011216
195.77 0.00134066
195.78 0.00154628
195.79 0.00174585
195.8 0.00194685
195.81 0.00215522
195.82 0.00237477
195.83 0.00260729
195.84 0.00285236
195.85 0.00310714
195.86 0.00336638
195.87 0.0036224
195.88 0.00386324
195.89 0.00407753
195.9 0.0042523
195.91 0.00437394
195.92 0.00442885
195.93 0.004404
195.94 0.00428764
195.95 0.00406766
195.96 0.00372969
195.97 0.00327846
195.98 0.00271397
195.99 0.00203999
196 0.00126425
196.01 0.000398424
196.02 -0.000542041
196.03 -0.00153924
196.04 -0.0025693
196.05 -0.00360358
196.06 -0.00461544
196.07 -0.00557742
196.08 -0.00646205
196.09 -0.00724278
196.1 -0.00789482
196.11 -0.00838834
196.12 -0.00870058
196.13 -0.00882666
196.14 -0.00875782
196.15 -0.00849051
196.16 -0.0080266
196.17 -0.00737351
196.18 -0.00654409
196.19 -0.0055487
196.2 -0.00441556
196.21 -0.00317941
196.22 -0.00187118
196.23 -0.000524161
196.24 0.000827011
196.25 0.00214729
196.26 0.00340224
196.27 0.00455017
196.28 0.00556128
196.29 0.00641308
196.3 0.0070841
196.31 0.00755784
196.32 0.00782321
196.33 0.00787479
196.34 0.00771295
196.35 0.00732802
196.36 0.00674598
196.37 0.00598887
196.38 0.00507881
196.39 0.00404151
196.4 0.0029055
196.41 0.00170129
196.42 0.000460417
196.43 -0.000782997
196.44 -0.00199504
196.45 -0.00314693
196.46 -0.00421248
196.47 -0.00516871
196.48 -0.00599635
196.49 -0.00668023
196.5 -0.00720903
196.51 -0.00756087
196.52 -0.00775016
196.53 -0.00778012
196.54 -0.00765776
196.55 -0.00739345
196.56 -0.00700037
196.57 -0.00649398
196.58 -0.00589025
196.59 -0.00520382
196.6 -0.00446125
196.61 -0.00368076
196.62 -0.00287973
196.63 -0.0020743
196.64 -0.00127902
196.65 -0.000506587
196.66 0.000231091
196.67 0.000922505
196.68 0.001564
196.69 0.0021511
196.7 0.00268086
196.71 0.00315165
196.72 0.00356278
196.73 0.00391422
196.74 0.00420396
196.75 0.00443093
196.76 0.00459877
196.77 0.00470696
196.78 0.00475433
196.79 0.00473909
196.8 0.00465883
196.81 0.00451064
196.82 0.00428756
196.83 0.00398601
196.84 0.00360684
196.85 0.00314806
196.86 0.00260885
196.87 0.00198993
196.88 0.00129393
196.89 0.000525672
196.9 -0.000310971
196.91 -0.00120285
196.92 -0.00213422
196.93 -0.00308914
196.94 -0.00404928
196.95 -0.00499415
196.96 -0.00590157
196.97 -0.0067482
196.98 -0.00750195
196.99 -0.00814064
197 -0.00864405
197.01 -0.00899153
197.02 -0.0091651
197.03 -0.0091501
197.04 -0.00893598
197.05 -0.00851674
197.06 -0.00787408
197.07 -0.00702876
197.08 -0.00599531
197.09 -0.00479079
197.1 -0.00343757
197.11 -0.00196294
197.12 -0.000398518
197.13 0.00122047
197.14 0.00285377
197.15 0.00445654
197.16 0.00598843
197.17 0.00740992
197.18 0.0086834
197.19 0.00977434
197.2 0.0106523
197.21 0.0112894
197.22 0.0116437
197.23 0.011726
197.24 0.0115326
197.25 0.0110666
197.26 0.0103389
197.27 0.0093673
197.28 0.00817638
197.29 0.00679364
197.3 0.00525073
197.31 0.00360337
197.32 0.00189544
197.33 0.00017232
197.34 -0.00152034
197.35 -0.00313796
197.36 -0.00463828
197.37 -0.00597622
197.38 -0.0071076
197.39 -0.00801651
197.4 -0.00868266
197.41 -0.00909285
197.42 -0.00924127
197.43 -0.00912962
197.44 -0.00876692
197.45 -0.00815965
197.46 -0.00733165
197.47 -0.00632523
197.48 -0.00517407
197.49 -0.00391515
197.5 -0.00258758
197.51 -0.0012314
197.52 0.000113651
197.53 0.00140441
197.54 0.00260177
197.55 0.00367724
197.56 0.00460466
197.57 0.00536324
197.58 0.00593807
197.59 0.00632033
197.6 0.00650739
197.61 0.00649012
197.62 0.00628662
197.63 0.00591861
197.64 0.005406
197.65 0.00477222
197.66 0.00404332
197.67 0.00324704
197.68 0.00241178
197.69 0.00156706
197.7 0.000742994
197.71 -3.59526e-05
197.72 -0.000748377
197.73 -0.00137634
197.74 -0.00190575
197.75 -0.00232664
197.76 -0.00263319
197.77 -0.00281313
197.78 -0.00287927
197.79 -0.00283904
197.8 -0.00270179
197.81 -0.00247913
197.82 -0.00218435
197.83 -0.00183168
197.84 -0.00143558
197.85 -0.00100892
197.86 -0.000568685
197.87 -0.000126348
197.88 0.000308499
197.89 0.00072839
197.9 0.0011281
197.91 0.00150465
197.92 0.00185677
197.93 0.0021841
197.94 0.00249146
197.95 0.00278253
197.96 0.00306144
197.97 0.00333221
197.98 0.00359825
197.99 0.00386189
198 0.00412383
198.01 0.00438247
198.02 0.00463413
198.03 0.00487275
198.04 0.00509006
198.05 0.00527575
198.06 0.00541774
198.07 0.00550271
198.08 0.00551316
198.09 0.00543123
198.1 0.00524814
198.11 0.00495218
198.12 0.00453393
198.13 0.00398702
198.14 0.00330873
198.15 0.00250052
198.16 0.00156273
198.17 0.000508674
198.18 -0.00063841
198.19 -0.00185668
198.2 -0.0031199
198.21 -0.00439806
198.22 -0.00565803
198.23 -0.00686455
198.24 -0.00797313
198.25 -0.00894538
198.26 -0.0097503
198.27 -0.0103562
198.28 -0.0107354
198.29 -0.0108656
198.3 -0.0107304
198.31 -0.0103209
198.32 -0.00961533
198.33 -0.00863635
198.34 -0.00740838
198.35 -0.00595689
198.36 -0.00431508
198.37 -0.00252313
198.38 -0.000627253
198.39 0.00132158
198.4 0.00326396
198.41 0.00513838
198.42 0.00688913
198.43 0.00846262
198.44 0.0098092
198.45 0.0108848
198.46 0.0116527
198.47 0.0120844
198.48 0.0121254
198.49 0.011803
198.5 0.0111237
198.51 0.0101043
198.52 0.00877241
198.53 0.00716596
198.54 0.0053321
198.55 0.00332495
198.56 0.0012041
198.57 -0.000948737
198.58 -0.00306477
198.59 -0.00507543
198.6 -0.00691452
198.61 -0.0085204
198.62 -0.00983799
198.63 -0.0108125
198.64 -0.0113831
198.65 -0.0115547
198.66 -0.011318
198.67 -0.0106764
198.68 -0.00964655
198.69 -0.00825801
198.7 -0.00655222
198.71 -0.00457481
198.72 -0.00238927
198.73 -8.35494e-05
198.74 0.00226699
198.75 0.00458464
198.76 0.00679182
198.77 0.00881352
198.78 0.0105797
198.79 0.0120107
198.8 0.0130439
198.81 0.0136585
198.82 0.0138286
198.83 0.0135424
198.84 0.0128025
198.85 0.0116259
198.86 0.010044
198.87 0.00808403
198.88 0.00581645
198.89 0.0033258
198.9 0.000688752
198.91 -0.00201281
198.92 -0.00469433
198.93 -0.00727124
198.94 -0.00966163
198.95 -0.0117657
198.96 -0.013518
198.97 -0.0148714
198.98 -0.0157821
198.99 -0.0162204
199 -0.0161715
199.01 -0.0156356
199.02 -0.0146284
199.03 -0.0131485
199.04 -0.0112746
199.05 -0.00907524
199.06 -0.00662098
199.07 -0.00399024
199.08 -0.00126703
199.09 0.00146169
199.1 0.00410878
199.11 0.00656671
199.12 0.00876455
199.13 0.0106346
199.14 0.0121186
199.15 0.0131704
199.16 0.0137582
199.17 0.0138647
199.18 0.0134863
199.19 0.0125962
199.2 0.0112735
199.21 0.00956421
199.22 0.00752661
199.23 0.00522912
199.24 0.00274828
199.25 0.000166213
199.26 -0.00243072
199.27 -0.00494306
199.28 -0.00728883
199.29 -0.00939201
199.3 -0.0111848
199.31 -0.0126097
199.32 -0.0136212
199.33 -0.0141873
199.34 -0.0142775
199.35 -0.0138693
199.36 -0.0130126
199.37 -0.0117374
199.38 -0.0100869
199.39 -0.00811564
199.4 -0.00588831
199.41 -0.00347718
199.42 -0.00095908
199.43 0.00157552
199.44 0.00404041
199.45 0.00635814
199.46 0.0084567
199.47 0.0102717
199.48 0.0117481
199.49 0.0128425
199.5 0.013501
199.51 0.0137064
199.52 0.0134785
199.53 0.0128301
199.54 0.0117872
199.55 0.0103875
199.56 0.00867966
199.57 0.00672113
199.58 0.00456923
199.59 0.00230733
199.6 1.44144e-05
199.61 -0.00223751
199.62 -0.00437903
199.63 -0.00634544
199.64 -0.00807875
199.65 -0.00952931
199.66 -0.0106306
199.67 -0.0113687
199.68 -0.0117375
199.69 -0.0117346
199.7 -0.0113694
199.71 -0.0106623
199.72 -0.00964433
199.73 -0.0083553
199.74 -0.00682807
199.75 -0.00513868
199.76 -0.00334841
199.77 -0.00151719
199.78 0.000295333
199.79 0.00203176
199.8 0.00363866
199.81 0.00506816
199.82 0.00625436
199.83 0.00718469
199.84 0.00783801
199.85 0.00820234
199.86 0.00827529
199.87 0.00806393
199.88 0.0075842
199.89 0.00685801
199.9 0.00590335
199.91 0.0047803
199.92 0.00353115
199.93 0.00220078
199.94 0.000835042
199.95 -0.000520691
199.96 -0.00182302
199.97 -0.00302892
199.98 -0.004092
199.99 -0.00499156
200 -0.00570549
