0 0
0.01 0.00191494
0.02 0.00373892
0.03 0.00539263
0.04 0.00680397
0.05 0.00791105
0.06 0.00866475
0.07 0.00903074
0.08 0.00898615
0.09 0.00850044
0.1 0.00763064
0.11 0.00641367
0.12 0.00490134
0.13 0.00315827
0.14 0.00125931
0.15 -0.000713462
0.16 -0.00267163
0.17 -0.00451392
0.18 -0.00616079
0.19 -0.0075384
0.2 -0.00858372
0.21 -0.00924727
0.22 -0.0094953
0.23 -0.00931137
0.24 -0.00868269
0.25 -0.00762229
0.26 -0.00620067
0.27 -0.00447627
0.28 -0.00252139
0.29 -0.000419451
0.3 0.00173835
0.31 0.00385659
0.32 0.00582848
0.33 0.0075492
0.34 0.00894484
0.35 0.00994578
0.36 0.0104978
0.37 0.0105647
0.38 0.0101302
0.39 0.00919923
0.4 0.00777307
0.41 0.00591694
0.42 0.00372221
0.43 0.00127781
0.44 -0.00131345
0.45 -0.00393861
0.46 -0.0064787
0.47 -0.00881334
0.48 -0.0107943
0.49 -0.0123158
0.5 -0.0132956
0.51 -0.0136596
0.52 -0.0133557
0.53 -0.0123561
0.54 -0.0106597
0.55 -0.00829359
0.56 -0.0052681
0.57 -0.00171852
0.58 0.00223112
0.59 0.00644601
0.6 0.0107738
0.61 0.0150492
0.62 0.0190994
0.63 0.0227498
0.64 0.0257598
0.65 0.0280089
0.66 0.0293612
0.67 0.0297004
0.68 0.0289381
0.69 0.0270171
0.7 0.0239149
0.71 0.0196386
0.72 0.0141494
0.73 0.00765483
0.74 0.000286234
0.75 -0.00779358
0.76 -0.0163946
0.77 -0.0253048
0.78 -0.0342958
0.79 -0.0431218
0.8 -0.051489
0.81 -0.0591792
0.82 -0.065971
0.83 -0.0716626
0.84 -0.0760781
0.85 -0.0790724
0.86 -0.080536
0.87 -0.0803484
0.88 -0.0784139
0.89 -0.0748687
0.9 -0.0697748
0.91 -0.063233
0.92 -0.0553792
0.93 -0.0463803
0.94 -0.0364288
0.95 -0.0257155
0.96 -0.0144873
0.97 -0.00301713
0.98 0.00846657
0.99 0.0197454
1 0.0306173
1.01 0.0409017
1.02 0.0504453
1.03 0.0590736
1.04 0.0666966
1.05 0.0733109
1.06 0.0789068
1.07 0.0835089
1.08 0.0871736
1.09 0.0899852
1.1 0.0920521
1.11 0.0934694
1.12 0.0944132
1.13 0.0950503
1.14 0.0955245
1.15 0.095971
1.16 0.0965111
1.17 0.0972464
1.18 0.0982545
1.19 0.099612
1.2 0.101318
1.21 0.103344
1.22 0.105639
1.23 0.108121
1.24 0.110681
1.25 0.113185
1.26 0.115481
1.27 0.117352
1.28 0.118638
1.29 0.119168
1.3 0.118775
1.31 0.117306
1.32 0.114627
1.33 0.11063
1.34 0.105235
1.35 0.0982538
1.36 0.0898291
1.37 0.0800015
1.38 0.0688495
1.39 0.0564885
1.4 0.0430681
1.41 0.0287687
1.42 0.0137909
1.43 -0.00164643
1.44 -0.0172445
1.45 -0.0327556
1.46 -0.0479343
1.47 -0.0625439
1.48 -0.0763635
1.49 -0.089194
1.5 -0.100832
1.51 -0.111057
1.52 -0.119866
1.53 -0.127202
1.54 -0.133049
1.55 -0.137427
1.56 -0.140397
1.57 -0.142051
1.58 -0.142476
1.59 -0.141812
1.6 -0.14031
1.61 -0.138156
1.62 -0.135542
1.63 -0.13266
1.64 -0.129696
1.65 -0.126822
1.66 -0.124214
1.67 -0.122022
1.68 -0.120333
1.69 -0.119222
1.7 -0.118732
1.71 -0.118879
1.72 -0.119651
1.73 -0.12101
1.74 -0.122922
1.75 -0.125286
1.76 -0.127987
1.77 -0.130922
1.78 -0.133987
1.79 -0.13708
1.8 -0.14011
1.81 -0.142994
1.82 -0.145649
1.83 -0.148036
1.84 -0.150143
1.85 -0.151971
1.86 -0.153544
1.87 -0.154903
1.88 -0.156107
1.89 -0.15723
1.9 -0.158358
1.91 -0.159583
1.92 -0.160985
1.93 -0.162633
1.94 -0.16458
1.95 -0.16686
1.96 -0.169476
1.97 -0.172404
1.98 -0.175601
1.99 -0.178933
2 -0.182258
2.01 -0.185399
2.02 -0.188145
2.03 -0.190257
2.04 -0.19147
2.05 -0.191493
2.06 -0.18987
2.07 -0.186427
2.08 -0.180878
2.09 -0.172961
2.1 -0.162439
2.11 -0.149115
2.12 -0.13284
2.13 -0.113459
2.14 -0.0907457
2.15 -0.0650015
2.16 -0.0363462
2.17 -0.00497208
2.18 0.0288576
2.19 0.0648106
2.2 0.10249
2.21 0.141463
2.22 0.181189
2.23 0.221028
2.24 0.2604
2.25 0.298711
2.26 0.335362
2.27 0.36977
2.28 0.401373
2.29 0.429485
2.3 0.453515
2.31 0.473263
2.32 0.488404
2.33 0.498688
2.34 0.503954
2.35 0.504124
2.36 0.499214
2.37 0.489066
2.38 0.473944
2.39 0.45437
2.4 0.430705
2.41 0.403374
2.42 0.372856
2.43 0.339671
2.44 0.304371
2.45 0.267462
2.46 0.229635
2.47 0.191504
2.48 0.15361
2.49 0.116461
2.5 0.0805242
2.51 0.0462133
2.52 0.0138869
2.53 -0.0159622
2.54 -0.0432166
2.55 -0.0677829
2.56 -0.0895809
2.57 -0.108594
2.58 -0.124866
2.59 -0.138496
2.6 -0.14963
2.61 -0.158268
2.62 -0.164839
2.63 -0.169619
2.64 -0.172872
2.65 -0.174868
2.66 -0.175873
2.67 -0.176145
2.68 -0.175924
2.69 -0.175421
2.7 -0.174865
2.71 -0.17441
2.72 -0.174174
2.73 -0.174243
2.74 -0.174668
2.75 -0.175468
2.76 -0.176635
2.77 -0.178144
2.78 -0.179893
2.79 -0.181793
2.8 -0.183739
2.81 -0.185617
2.82 -0.187304
2.83 -0.188678
2.84 -0.189605
2.85 -0.189931
2.86 -0.189586
2.87 -0.188481
2.88 -0.18654
2.89 -0.1837
2.9 -0.179917
2.91 -0.175162
2.92 -0.169383
2.93 -0.162556
2.94 -0.154763
2.95 -0.146033
2.96 -0.136405
2.97 -0.125927
2.98 -0.114655
2.99 -0.102648
3 -0.089943
3.01 -0.0766152
3.02 -0.06277
3.03 -0.0484797
3.04 -0.0338179
3.05 -0.0188595
3.06 -0.00368063
3.07 0.0116412
3.08 0.0270251
3.09 0.0423775
3.1 0.0576113
3.11 0.0726388
3.12 0.0873695
3.13 0.10171
3.14 0.115566
3.15 0.128839
3.16 0.141375
3.17 0.153097
3.18 0.16393
3.19 0.173785
3.2 0.182576
3.21 0.190228
3.22 0.196674
3.23 0.201859
3.24 0.205629
3.25 0.208046
3.26 0.209125
3.27 0.208875
3.28 0.207326
3.29 0.204521
3.3 0.200521
3.31 0.195404
3.32 0.189171
3.33 0.182029
3.34 0.174098
3.35 0.165497
3.36 0.156351
3.37 0.146783
3.38 0.136914
3.39 0.126857
3.4 0.116723
3.41 0.106619
3.42 0.0966213
3.43 0.0867929
3.44 0.0771789
3.45 0.0678073
3.46 0.0586894
3.47 0.049824
3.48 0.041201
3.49 0.0327635
3.5 0.0244643
3.51 0.016249
3.52 0.00805852
3.53 -0.00016704
3.54 -0.00848542
3.55 -0.0169547
3.56 -0.0256292
3.57 -0.0345263
3.58 -0.0436589
3.59 -0.0530231
3.6 -0.0625965
3.61 -0.0723377
3.62 -0.0821857
3.63 -0.0920579
3.64 -0.101841
3.65 -0.111417
3.66 -0.120656
3.67 -0.12942
3.68 -0.137563
3.69 -0.144937
3.7 -0.151395
3.71 -0.156727
3.72 -0.160795
3.73 -0.16353
3.74 -0.164831
3.75 -0.164618
3.76 -0.16283
3.77 -0.159431
3.78 -0.154407
3.79 -0.147667
3.8 -0.139307
3.81 -0.129449
3.82 -0.118181
3.83 -0.10561
3.84 -0.0918592
3.85 -0.077067
3.86 -0.0613814
3.87 -0.0449125
3.88 -0.027878
3.89 -0.0104529
3.9 0.00720778
3.91 0.0249555
3.92 0.0426509
3.93 0.0601657
3.94 0.0773844
3.95 0.094161
3.96 0.110435
3.97 0.12614
3.98 0.141221
3.99 0.155635
4 0.169349
4.01 0.182343
4.02 0.1946
4.03 0.206039
4.04 0.216728
4.05 0.226667
4.06 0.235852
4.07 0.244277
4.08 0.251937
4.09 0.258818
4.1 0.264894
4.11 0.270082
4.12 0.274426
4.13 0.277898
4.14 0.280466
4.15 0.2821
4.16 0.282768
4.17 0.282443
4.18 0.281076
4.19 0.278595
4.2 0.27507
4.21 0.270503
4.22 0.264907
4.23 0.258307
4.24 0.250738
4.25 0.24225
4.26 0.232873
4.27 0.222668
4.28 0.211773
4.29 0.200277
4.3 0.188279
4.31 0.175879
4.32 0.163179
4.33 0.150281
4.34 0.137284
4.35 0.124293
4.36 0.111398
4.37 0.0986727
4.38 0.0861824
4.39 0.0739799
4.4 0.0621063
4.41 0.0505905
4.42 0.0394734
4.43 0.0287532
4.44 0.0184101
4.45 0.00843205
4.46 -0.00119813
4.47 -0.0105007
4.48 -0.0194967
4.49 -0.0282053
4.5 -0.0366229
4.51 -0.0447707
4.52 -0.0526554
4.53 -0.0602661
4.54 -0.0675809
4.55 -0.0745666
4.56 -0.0811782
4.57 -0.0873596
4.58 -0.0929958
4.59 -0.0980372
4.6 -0.102409
4.61 -0.106023
4.62 -0.108792
4.63 -0.110629
4.64 -0.111452
4.65 -0.111186
4.66 -0.109652
4.67 -0.106904
4.68 -0.102919
4.69 -0.0976854
4.7 -0.0912118
4.71 -0.083529
4.72 -0.0746888
4.73 -0.0647568
4.74 -0.0537541
4.75 -0.0418985
4.76 -0.0293246
4.77 -0.0161814
4.78 -0.00262911
4.79 0.0111635
4.8 0.0250228
4.81 0.0387681
4.82 0.0521896
4.83 0.0651329
4.84 0.0774418
4.85 0.0889723
4.86 0.0995948
4.87 0.109196
4.88 0.117682
4.89 0.124934
4.9 0.130845
4.91 0.135462
4.92 0.138769
4.93 0.140766
4.94 0.141467
4.95 0.140899
4.96 0.139099
4.97 0.136063
4.98 0.131832
4.99 0.126532
5 0.120216
5.01 0.11294
5.02 0.104758
5.03 0.0957177
5.04 0.0858652
5.05 0.0752013
5.06 0.0637756
5.07 0.0516569
5.08 0.0388773
5.09 0.0254688
5.1 0.0114648
5.11 -0.0030981
5.12 -0.0181781
5.13 -0.0337539
5.14 -0.0497441
5.15 -0.0660627
5.16 -0.0826279
5.17 -0.0993461
5.18 -0.116111
5.19 -0.132806
5.2 -0.149302
5.21 -0.165422
5.22 -0.181027
5.23 -0.195973
5.24 -0.210109
5.25 -0.223286
5.26 -0.235363
5.27 -0.246206
5.28 -0.255695
5.29 -0.263587
5.3 -0.269913
5.31 -0.274634
5.32 -0.277722
5.33 -0.279177
5.34 -0.279026
5.35 -0.277326
5.36 -0.274157
5.37 -0.269515
5.38 -0.263684
5.39 -0.256827
5.4 -0.249124
5.41 -0.240769
5.42 -0.231963
5.43 -0.222914
5.44 -0.213828
5.45 -0.204937
5.46 -0.196427
5.47 -0.188466
5.48 -0.1812
5.49 -0.174752
5.5 -0.169219
5.51 -0.164667
5.52 -0.161159
5.53 -0.158748
5.54 -0.157326
5.55 -0.156832
5.56 -0.15718
5.57 -0.158262
5.58 -0.159948
5.59 -0.162096
5.6 -0.164557
5.61 -0.167156
5.62 -0.169714
5.63 -0.172079
5.64 -0.174106
5.65 -0.175666
5.66 -0.176647
5.67 -0.176958
5.68 -0.17649
5.69 -0.175197
5.7 -0.173106
5.71 -0.170229
5.72 -0.166604
5.73 -0.162289
5.74 -0.157363
5.75 -0.151922
5.76 -0.146057
5.77 -0.139909
5.78 -0.133617
5.79 -0.127304
5.8 -0.121086
5.81 -0.115074
5.82 -0.109365
5.83 -0.10404
5.84 -0.0992032
5.85 -0.0948791
5.86 -0.0910747
5.87 -0.0877882
5.88 -0.0849966
5.89 -0.082657
5.9 -0.0807082
5.91 -0.0790731
5.92 -0.077671
5.93 -0.0763738
5.94 -0.0750687
5.95 -0.0736433
5.96 -0.0719857
5.97 -0.0699881
5.98 -0.0675493
5.99 -0.0645777
6 -0.0609272
6.01 -0.056586
6.02 -0.0515089
6.03 -0.0456641
6.04 -0.0390351
6.05 -0.0316206
6.06 -0.0234331
6.07 -0.0144917
6.08 -0.0047761
6.09 0.00559912
6.1 0.0165831
6.11 0.0281222
6.12 0.0401619
6.13 0.0526495
6.14 0.0655357
6.15 0.0787824
6.16 0.0923675
6.17 0.106233
6.18 0.120358
6.19 0.134726
6.2 0.149327
6.21 0.164157
6.22 0.179212
6.23 0.194497
6.24 0.210015
6.25 0.225739
6.26 0.241651
6.27 0.257722
6.28 0.27391
6.29 0.290158
6.3 0.306393
6.31 0.322514
6.32 0.338393
6.33 0.353904
6.34 0.368901
6.35 0.383218
6.36 0.396678
6.37 0.409094
6.38 0.420271
6.39 0.42992
6.4 0.437833
6.41 0.443889
6.42 0.44791
6.43 0.449735
6.44 0.449225
6.45 0.446263
6.46 0.440763
6.47 0.432492
6.48 0.421523
6.49 0.407969
6.5 0.391891
6.51 0.373391
6.52 0.352605
6.53 0.329705
6.54 0.304897
6.55 0.278301
6.56 0.250306
6.57 0.22123
6.58 0.191373
6.59 0.161042
6.6 0.130549
6.61 0.100201
6.62 0.070301
6.63 0.0412301
6.64 0.0132202
6.65 -0.0134929
6.66 -0.0386924
6.67 -0.0621912
6.68 -0.0838335
6.69 -0.103496
6.7 -0.121084
6.71 -0.136335
6.72 -0.149436
6.73 -0.160403
6.74 -0.169275
6.75 -0.17612
6.76 -0.181024
6.77 -0.184094
6.78 -0.185424
6.79 -0.185048
6.8 -0.183248
6.81 -0.180166
6.82 -0.175939
6.83 -0.170704
6.84 -0.16459
6.85 -0.157716
6.86 -0.150181
6.87 -0.14207
6.88 -0.133516
6.89 -0.124598
6.9 -0.115381
6.91 -0.105924
6.92 -0.096277
6.93 -0.086484
6.94 -0.0765827
6.95 -0.0666135
6.96 -0.0566196
6.97 -0.0466391
6.98 -0.0367129
6.99 -0.0268857
7 -0.017207
7.01 -0.00773141
7.02 0.00146446
7.03 0.0103058
7.04 0.0187361
7.05 0.026682
7.06 0.0340684
7.07 0.0408202
7.08 0.0468641
7.09 0.052131
7.1 0.0565012
7.11 0.0599333
7.12 0.0624177
7.13 0.0639234
7.14 0.0644336
7.15 0.0639459
7.16 0.0624736
7.17 0.0600462
7.18 0.0566464
7.19 0.0523876
7.2 0.047374
7.21 0.0416985
7.22 0.035466
7.23 0.0287905
7.24 0.0217938
7.25 0.0146024
7.26 0.00735071
7.27 0.000183995
7.28 -0.0067728
7.29 -0.0134019
7.3 -0.0195941
7.31 -0.0252511
7.32 -0.0302875
7.33 -0.0346316
7.34 -0.0381505
7.35 -0.0408746
7.36 -0.0427874
7.37 -0.0438861
7.38 -0.0441839
7.39 -0.0437092
7.4 -0.0425041
7.41 -0.0406175
7.42 -0.0380715
7.43 -0.0350031
7.44 -0.0314943
7.45 -0.0276309
7.46 -0.0235008
7.47 -0.0191921
7.48 -0.0147911
7.49 -0.0103823
7.5 -0.00605594
7.51 -0.00188205
7.52 0.00207645
7.53 0.00576452
7.54 0.00913539
7.55 0.0121506
7.56 0.0147799
7.57 0.0169871
7.58 0.018741
7.59 0.020063
7.6 0.0209519
7.61 0.0214116
7.62 0.0214495
7.63 0.0210768
7.64 0.0203066
7.65 0.0191379
7.66 0.017585
7.67 0.015687
7.68 0.0134621
7.69 0.0109294
7.7 0.00810844
7.71 0.00502026
7.72 0.00168725
7.73 -0.00187697
7.74 -0.00563871
7.75 -0.0095571
7.76 -0.013597
7.77 -0.0177188
7.78 -0.0218781
7.79 -0.0260253
7.8 -0.0301057
7.81 -0.0340463
7.82 -0.0377785
7.83 -0.041237
7.84 -0.0443486
7.85 -0.0470384
7.86 -0.0492305
7.87 -0.0508498
7.88 -0.0518237
7.89 -0.0520213
7.9 -0.051418
7.91 -0.0499771
7.92 -0.0476581
7.93 -0.0444326
7.94 -0.0402867
7.95 -0.0352222
7.96 -0.0292578
7.97 -0.0223559
7.98 -0.0146523
7.99 -0.0062338
8 0.0028022
8.01 0.0123404
8.02 0.0222488
8.03 0.0323806
8.04 0.0425758
8.05 0.0526354
8.06 0.062377
8.07 0.0716177
8.08 0.0801743
8.09 0.0878675
8.1 0.0945246
8.11 0.099984
8.12 0.104076
8.13 0.106555
8.14 0.107437
8.15 0.106644
8.16 0.104126
8.17 0.0998626
8.18 0.0938644
8.19 0.086173
8.2 0.0768215
8.21 0.0658597
8.22 0.0535499
8.23 0.0400634
8.24 0.0255971
8.25 0.0103707
8.26 -0.00537696
8.27 -0.021392
8.28 -0.0373986
8.29 -0.053085
8.3 -0.0681823
8.31 -0.0824253
8.32 -0.0955589
8.33 -0.107344
8.34 -0.117562
8.35 -0.126017
8.36 -0.132441
8.37 -0.136686
8.38 -0.138763
8.39 -0.138621
8.4 -0.136248
8.41 -0.131675
8.42 -0.124968
8.43 -0.116237
8.44 -0.105519
8.45 -0.0930692
8.46 -0.079177
8.47 -0.064089
8.48 -0.048074
8.49 -0.031418
8.5 -0.01442
8.51 0.00261464
8.52 0.0193355
8.53 0.0354212
8.54 0.0505906
8.55 0.0645715
8.56 0.077113
8.57 0.0879901
8.58 0.0970081
8.59 0.104005
8.6 0.108661
8.61 0.111041
8.62 0.111136
8.63 0.108945
8.64 0.104507
8.65 0.0978957
8.66 0.08922
8.67 0.0786211
8.68 0.0661151
8.69 0.0520847
8.7 0.036753
8.71 0.0203527
8.72 0.00312602
8.73 -0.0146807
8.74 -0.0328215
8.75 -0.0510542
8.76 -0.0691133
8.77 -0.0867814
8.78 -0.103864
8.79 -0.12019
8.8 -0.135609
8.81 -0.150001
8.82 -0.163268
8.83 -0.175319
8.84 -0.186038
8.85 -0.195514
8.86 -0.203765
8.87 -0.210832
8.88 -0.216775
8.89 -0.221672
8.9 -0.225615
8.91 -0.228681
8.92 -0.230969
8.93 -0.23265
8.94 -0.233834
8.95 -0.234631
8.96 -0.235142
8.97 -0.235457
8.98 -0.235656
8.99 -0.235804
9 -0.235954
9.01 -0.236138
9.02 -0.236368
9.03 -0.23664
9.04 -0.236935
9.05 -0.237217
9.06 -0.237439
9.07 -0.237532
9.08 -0.237418
9.09 -0.237028
9.1 -0.236282
9.11 -0.235098
9.12 -0.233397
9.13 -0.231102
9.14 -0.228144
9.15 -0.224406
9.16 -0.219857
9.17 -0.21448
9.18 -0.208249
9.19 -0.201149
9.2 -0.193177
9.21 -0.184345
9.22 -0.174676
9.23 -0.164143
9.24 -0.152846
9.25 -0.140857
9.26 -0.128242
9.27 -0.115068
9.28 -0.101411
9.29 -0.087346
9.3 -0.0729503
9.31 -0.0582841
9.32 -0.0434495
9.33 -0.0285193
9.34 -0.0135592
9.35 0.0013696
9.36 0.0162119
9.37 0.0309181
9.38 0.0454436
9.39 0.0597263
9.4 0.0737528
9.41 0.0874955
9.42 0.100931
9.43 0.114037
9.44 0.126796
9.45 0.13919
9.46 0.151195
9.47 0.162763
9.48 0.173906
9.49 0.184606
9.5 0.194837
9.51 0.204577
9.52 0.213798
9.53 0.222471
9.54 0.230553
9.55 0.23798
9.56 0.244768
9.57 0.25089
9.58 0.256322
9.59 0.261043
9.6 0.265038
9.61 0.268297
9.62 0.270788
9.63 0.272501
9.64 0.273496
9.65 0.273796
9.66 0.273432
9.67 0.272445
9.68 0.270881
9.69 0.268797
9.7 0.266231
9.71 0.263261
9.72 0.259979
9.73 0.256456
9.74 0.252763
9.75 0.248971
9.76 0.245143
9.77 0.24134
9.78 0.237621
9.79 0.234032
9.8 0.2306
9.81 0.227342
9.82 0.224266
9.83 0.221364
9.84 0.218617
9.85 0.215993
9.86 0.213449
9.87 0.210919
9.88 0.208335
9.89 0.205623
9.9 0.202705
9.91 0.199499
9.92 0.195922
9.93 0.191894
9.94 0.187288
9.95 0.182069
9.96 0.176187
9.97 0.169599
9.98 0.162276
9.99 0.154203
10 0.145382
10.01 0.135836
10.02 0.125541
10.03 0.114629
10.04 0.103181
10.05 0.0912907
10.06 0.0790697
10.07 0.0666405
10.08 0.054136
10.09 0.0416994
10.1 0.0295096
10.11 0.0177058
10.12 0.00643299
10.13 -0.00416903
10.14 -0.0139692
10.15 -0.0228478
10.16 -0.0306993
10.17 -0.037409
10.18 -0.0428321
10.19 -0.0470134
10.2 -0.0499298
10.21 -0.0515798
10.22 -0.051984
10.23 -0.0511846
10.24 -0.0492442
10.25 -0.0462119
10.26 -0.0421679
10.27 -0.0372987
10.28 -0.0317317
10.29 -0.0256018
10.3 -0.0190491
10.31 -0.012215
10.32 -0.00523939
10.33 0.00173705
10.34 0.00857059
10.35 0.0151488
10.36 0.0213726
10.37 0.0271585
10.38 0.0324405
10.39 0.0371711
10.4 0.0413216
10.41 0.0448495
10.42 0.0477759
10.43 0.0501577
10.44 0.052042
10.45 0.0534898
10.46 0.0545734
10.47 0.0553746
10.48 0.0559812
10.49 0.0564836
10.5 0.0569874
10.51 0.057583
10.52 0.0583512
10.53 0.0593641
10.54 0.060682
10.55 0.0623516
10.56 0.0644046
10.57 0.0668879
10.58 0.0697713
10.59 0.0730221
10.6 0.0765977
10.61 0.0804389
10.62 0.0844705
10.63 0.0886032
10.64 0.0927351
10.65 0.0967328
10.66 0.100474
10.67 0.103836
10.68 0.10669
10.69 0.108912
10.7 0.110381
10.71 0.110982
10.72 0.110605
10.73 0.109049
10.74 0.106333
10.75 0.102397
10.76 0.0971964
10.77 0.0907034
10.78 0.0829092
10.79 0.0738225
10.8 0.0634501
10.81 0.0517571
10.82 0.0389137
10.83 0.0249967
10.84 0.0100957
10.85 -0.00568935
10.86 -0.0222492
10.87 -0.0394678
10.88 -0.0572356
10.89 -0.0754321
10.9 -0.0938942
10.91 -0.112498
10.92 -0.131122
10.93 -0.149649
10.94 -0.167966
10.95 -0.185968
10.96 -0.203535
10.97 -0.220553
10.98 -0.236966
10.99 -0.2527
11 -0.267688
11.01 -0.281871
11.02 -0.295196
11.03 -0.307618
11.04 -0.319047
11.05 -0.329449
11.06 -0.338844
11.07 -0.347209
11.08 -0.354528
11.09 -0.360787
11.1 -0.365977
11.11 -0.370095
11.12 -0.373069
11.13 -0.374934
11.14 -0.375737
11.15 -0.375491
11.16 -0.374215
11.17 -0.37193
11.18 -0.368664
11.19 -0.36445
11.2 -0.35926
11.21 -0.353188
11.22 -0.346306
11.23 -0.338669
11.24 -0.330334
11.25 -0.321363
11.26 -0.311821
11.27 -0.301773
11.28 -0.291255
11.29 -0.280374
11.3 -0.2692
11.31 -0.257797
11.32 -0.246225
11.33 -0.234539
11.34 -0.222788
11.35 -0.211015
11.36 -0.199259
11.37 -0.187548
11.38 -0.175898
11.39 -0.164319
11.4 -0.152812
11.41 -0.141369
11.42 -0.129978
11.43 -0.118617
11.44 -0.107259
11.45 -0.0958721
11.46 -0.084424
11.47 -0.0728822
11.48 -0.0612153
11.49 -0.0493942
11.5 -0.0373941
11.51 -0.0251909
11.52 -0.0127594
11.53 -0.000113037
11.54 0.0127415
11.55 0.025788
11.56 0.0390001
11.57 0.0523415
11.58 0.0657661
11.59 0.0792171
11.6 0.0926207
11.61 0.105903
11.62 0.118986
11.63 0.131786
11.64 0.144221
11.65 0.156205
11.66 0.167654
11.67 0.178457
11.68 0.188523
11.69 0.197821
11.7 0.206293
11.71 0.213892
11.72 0.220581
11.73 0.226336
11.74 0.231144
11.75 0.234952
11.76 0.237787
11.77 0.239716
11.78 0.240777
11.79 0.241015
11.8 0.240483
11.81 0.23924
11.82 0.237351
11.83 0.234847
11.84 0.231825
11.85 0.228368
11.86 0.22454
11.87 0.220396
11.88 0.215989
11.89 0.211362
11.9 0.206549
11.91 0.201564
11.92 0.196434
11.93 0.191164
11.94 0.185749
11.95 0.180175
11.96 0.174419
11.97 0.168453
11.98 0.162242
11.99 0.155716
12 0.148855
12.01 0.141621
12.02 0.133972
12.03 0.125873
12.04 0.11729
12.05 0.108197
12.06 0.0985734
12.07 0.0883584
12.08 0.0776044
12.09 0.0663223
12.1 0.054533
12.11 0.0422677
12.12 0.0295671
12.13 0.0164812
12.14 0.00306425
12.15 -0.0106274
12.16 -0.0244932
12.17 -0.0384545
12.18 -0.0524293
12.19 -0.0663334
12.2 -0.0800819
12.21 -0.0935906
12.22 -0.106765
12.23 -0.1195
12.24 -0.131743
12.25 -0.143427
12.26 -0.154487
12.27 -0.164864
12.28 -0.174507
12.29 -0.183371
12.3 -0.19138
12.31 -0.198481
12.32 -0.204697
12.33 -0.210005
12.34 -0.214387
12.35 -0.21783
12.36 -0.220322
12.37 -0.221854
12.38 -0.22237
12.39 -0.221867
12.4 -0.220389
12.41 -0.217933
12.42 -0.2145
12.43 -0.210088
12.44 -0.204701
12.45 -0.198341
12.46 -0.190955
12.47 -0.182579
12.48 -0.173264
12.49 -0.16303
12.5 -0.151902
12.51 -0.13991
12.52 -0.127095
12.53 -0.113503
12.54 -0.0991371
12.55 -0.0841067
12.56 -0.0685036
12.57 -0.0524105
12.58 -0.0359183
12.59 -0.0191258
12.6 -0.00213882
12.61 0.0149305
12.62 0.0319514
12.63 0.0487938
12.64 0.0653351
12.65 0.0814523
12.66 0.0970237
12.67 0.111931
12.68 0.126063
12.69 0.139311
12.7 0.151474
12.71 0.162556
12.72 0.172486
12.73 0.181207
12.74 0.188673
12.75 0.194858
12.76 0.199747
12.77 0.20333
12.78 0.205527
12.79 0.206493
12.8 0.20628
12.81 0.204953
12.82 0.202591
12.83 0.199282
12.84 0.195124
12.85 0.190208
12.86 0.184623
12.87 0.178539
12.88 0.172072
12.89 0.165336
12.9 0.158442
12.91 0.151493
12.92 0.144589
12.93 0.137826
12.94 0.1313
12.95 0.125067
12.96 0.119178
12.97 0.113674
12.98 0.108583
12.99 0.103917
13 0.099677
13.01 0.0958687
13.02 0.0924663
13.03 0.0894101
13.04 0.0866531
13.05 0.0841408
13.06 0.0818123
13.07 0.0796019
13.08 0.0774413
13.09 0.0752555
13.1 0.0729678
13.11 0.070514
13.12 0.0678335
13.13 0.0648719
13.14 0.0615824
13.15 0.057927
13.16 0.0538776
13.17 0.0493873
13.18 0.0444673
13.19 0.0391388
13.2 0.0334217
13.21 0.0273476
13.22 0.020959
13.23 0.0143086
13.24 0.00745858
13.25 0.000475467
13.26 -0.00654601
13.27 -0.0135191
13.28 -0.0203555
13.29 -0.0269648
13.3 -0.0332558
13.31 -0.0391386
13.32 -0.0445255
13.33 -0.049271
13.34 -0.0533419
13.35 -0.056673
13.36 -0.0592029
13.37 -0.0608795
13.38 -0.0616604
13.39 -0.0615134
13.4 -0.0604122
13.41 -0.0582585
13.42 -0.0551464
13.43 -0.0510887
13.44 -0.0461081
13.45 -0.0402366
13.46 -0.0335144
13.47 -0.0259897
13.48 -0.0177057
13.49 -0.00868434
13.5 0.000945615
13.51 0.0111139
13.52 0.0217475
13.53 0.0327714
13.54 0.0441096
13.55 0.0556854
13.56 0.0674245
13.57 0.0792453
13.58 0.0910621
13.59 0.102801
13.6 0.114389
13.61 0.125754
13.62 0.136827
13.63 0.147537
13.64 0.157796
13.65 0.167516
13.66 0.176659
13.67 0.185157
13.68 0.192944
13.69 0.199956
13.7 0.206128
13.71 0.211397
13.72 0.215647
13.73 0.218818
13.74 0.2209
13.75 0.221843
13.76 0.2216
13.77 0.220134
13.78 0.217409
13.79 0.213403
13.8 0.208016
13.81 0.201281
13.82 0.193254
13.83 0.183956
13.84 0.173422
13.85 0.1617
13.86 0.148849
13.87 0.134943
13.88 0.120004
13.89 0.104192
13.9 0.0876455
13.91 0.0704861
13.92 0.0528456
13.93 0.0348623
13.94 0.016679
13.95 -0.00155837
13.96 -0.019682
13.97 -0.0375408
13.98 -0.0549963
13.99 -0.0719154
14 -0.0881736
14.01 -0.103657
14.02 -0.118265
14.03 -0.131909
14.04 -0.144408
14.05 -0.155806
14.06 -0.16607
14.07 -0.175181
14.08 -0.183138
14.09 -0.189954
14.1 -0.195659
14.11 -0.200286
14.12 -0.203819
14.13 -0.206424
14.14 -0.208177
14.15 -0.209163
14.16 -0.209471
14.17 -0.209191
14.18 -0.208414
14.19 -0.207221
14.2 -0.205687
14.21 -0.20392
14.22 -0.20199
14.23 -0.199957
14.24 -0.197873
14.25 -0.19578
14.26 -0.193708
14.27 -0.191683
14.28 -0.189717
14.29 -0.18781
14.3 -0.185955
14.31 -0.184141
14.32 -0.18235
14.33 -0.180561
14.34 -0.178753
14.35 -0.176898
14.36 -0.174974
14.37 -0.172963
14.38 -0.170851
14.39 -0.168629
14.4 -0.166293
14.41 -0.163844
14.42 -0.161293
14.43 -0.158649
14.44 -0.155939
14.45 -0.153194
14.46 -0.150446
14.47 -0.14773
14.48 -0.145082
14.49 -0.142542
14.5 -0.140145
14.51 -0.137941
14.52 -0.135956
14.53 -0.13421
14.54 -0.132718
14.55 -0.131491
14.56 -0.13053
14.57 -0.129825
14.58 -0.12936
14.59 -0.129121
14.6 -0.129053
14.61 -0.129104
14.62 -0.129218
14.63 -0.129334
14.64 -0.129386
14.65 -0.129302
14.66 -0.129011
14.67 -0.128407
14.68 -0.127439
14.69 -0.126046
14.7 -0.124169
14.71 -0.121757
14.72 -0.118771
14.73 -0.115182
14.74 -0.110969
14.75 -0.106076
14.76 -0.100574
14.77 -0.0944934
14.78 -0.0878759
14.79 -0.0807779
14.8 -0.0732683
14.81 -0.0654278
14.82 -0.0573451
14.83 -0.0491228
14.84 -0.0408875
14.85 -0.032751
14.86 -0.0248273
14.87 -0.0172298
14.88 -0.0100691
14.89 -0.00345068
14.9 0.00250548
14.91 0.00767045
14.92 0.0120172
14.93 0.0154853
14.94 0.0180293
14.95 0.0196204
14.96 0.0202464
14.97 0.0199132
14.98 0.0186074
14.99 0.0163615
15 0.013294
15.01 0.00948373
15.02 0.00502451
15.03 2.35107e-05
15.04 -0.00540042
15.05 -0.0111187
15.06 -0.016996
15.07 -0.0228706
15.08 -0.0285917
15.09 -0.0340156
15.1 -0.0390016
15.11 -0.0434146
15.12 -0.0471273
15.13 -0.0500223
15.14 -0.0519285
15.15 -0.0527734
15.16 -0.0525197
15.17 -0.051114
15.18 -0.0485213
15.19 -0.0447256
15.2 -0.0397304
15.21 -0.0335583
15.22 -0.0261682
15.23 -0.0176897
15.24 -0.00823103
15.25 0.00211126
15.26 0.013227
15.27 0.0249943
15.28 0.0372819
15.29 0.049951
15.3 0.0628663
15.31 0.0758499
15.32 0.0887544
15.33 0.101438
15.34 0.113766
15.35 0.125609
15.36 0.136851
15.37 0.147385
15.38 0.15703
15.39 0.165784
15.4 0.173589
15.41 0.180401
15.42 0.186194
15.43 0.190954
15.44 0.194685
15.45 0.197393
15.46 0.199036
15.47 0.199746
15.48 0.199577
15.49 0.198587
15.5 0.196841
15.51 0.194406
15.52 0.191349
15.53 0.187726
15.54 0.183582
15.55 0.179016
15.56 0.17408
15.57 0.16882
15.58 0.163271
15.59 0.157463
15.6 0.151416
15.61 0.145135
15.62 0.138617
15.63 0.131876
15.64 0.124906
15.65 0.117697
15.66 0.110238
15.67 0.102522
15.68 0.0945403
15.69 0.0862797
15.7 0.0777454
15.71 0.0689674
15.72 0.0599717
15.73 0.0507957
15.74 0.0414892
15.75 0.0321142
15.76 0.0227457
15.77 0.0134824
15.78 0.00443525
15.79 -0.00428946
15.8 -0.012573
15.81 -0.020291
15.82 -0.0273159
15.83 -0.0335194
15.84 -0.0387757
15.85 -0.0428797
15.86 -0.0457527
15.87 -0.0473295
15.88 -0.0475278
15.89 -0.0462827
15.9 -0.0435489
15.91 -0.0393031
15.92 -0.0335445
15.93 -0.0261765
15.94 -0.0173535
15.95 -0.00717974
15.96 0.00424347
15.97 0.0167931
15.98 0.0303261
15.99 0.0446817
16 0.059684
16.01 0.0751704
16.02 0.0908849
16.03 0.106623
16.04 0.122182
16.05 0.137363
16.06 0.151973
16.07 0.165829
16.08 0.178754
16.09 0.190483
16.1 0.200975
16.11 0.210118
16.12 0.217822
16.13 0.224017
16.14 0.228658
16.15 0.231719
16.16 0.23317
16.17 0.23293
16.18 0.231169
16.19 0.227944
16.2 0.223324
16.21 0.217391
16.22 0.210235
16.23 0.201954
16.24 0.192622
16.25 0.18232
16.26 0.171221
16.27 0.159431
16.28 0.147046
16.29 0.134163
16.3 0.12087
16.31 0.107252
16.32 0.0933784
16.33 0.0793275
16.34 0.0651786
16.35 0.0509925
16.36 0.0368263
16.37 0.0227339
16.38 0.00876747
16.39 -0.00502213
16.4 -0.0185691
16.41 -0.031817
16.42 -0.0447243
16.43 -0.0572373
16.44 -0.0693006
16.45 -0.0808576
16.46 -0.0918506
16.47 -0.102222
16.48 -0.111865
16.49 -0.120739
16.5 -0.128815
16.51 -0.136046
16.52 -0.14239
16.53 -0.147812
16.54 -0.152284
16.55 -0.155789
16.56 -0.158244
16.57 -0.159707
16.58 -0.16022
16.59 -0.159812
16.6 -0.158524
16.61 -0.156406
16.62 -0.153521
16.63 -0.149939
16.64 -0.145689
16.65 -0.140911
16.66 -0.135701
16.67 -0.130148
16.68 -0.12434
16.69 -0.118364
16.7 -0.112302
16.71 -0.10623
16.72 -0.100226
16.73 -0.0943487
16.74 -0.0886429
16.75 -0.0831443
16.76 -0.0778772
16.77 -0.0728549
16.78 -0.0680802
16.79 -0.0635488
16.8 -0.0592596
16.81 -0.0551672
16.82 -0.0512417
16.83 -0.0474503
16.84 -0.0437584
16.85 -0.040132
16.86 -0.0365393
16.87 -0.0329518
16.88 -0.0293448
16.89 -0.0257045
16.9 -0.0220257
16.91 -0.018312
16.92 -0.0145761
16.93 -0.0108398
16.94 -0.00713374
16.95 -0.00350055
16.96 4.45739e-06
16.97 0.00333393
16.98 0.0064321
16.99 0.00924135
17 0.0117041
17.01 0.0137647
17.02 0.0153713
17.03 0.0164512
17.04 0.0169584
17.05 0.0168911
17.06 0.0162306
17.07 0.0149685
17.08 0.0131074
17.09 0.0106607
17.1 0.00765245
17.11 0.00408746
17.12 2.52541e-05
17.13 -0.00446035
17.14 -0.00931116
17.15 -0.0144647
17.16 -0.0198561
17.17 -0.0254196
17.18 -0.0310901
17.19 -0.0368043
17.2 -0.0424959
17.21 -0.0481119
17.22 -0.0536067
17.23 -0.0589417
17.24 -0.0640852
17.25 -0.0690127
17.26 -0.0737064
17.27 -0.0781332
17.28 -0.0823028
17.29 -0.0862173
17.3 -0.0898767
17.31 -0.0932819
17.32 -0.0964329
17.33 -0.0993275
17.34 -0.10196
17.35 -0.104293
17.36 -0.106332
17.37 -0.108056
17.38 -0.109433
17.39 -0.110427
17.4 -0.110996
17.41 -0.111091
17.42 -0.110656
17.43 -0.109581
17.44 -0.107863
17.45 -0.105447
17.46 -0.102287
17.47 -0.0983399
17.48 -0.0935731
17.49 -0.0879642
17.5 -0.0814879
17.51 -0.0740971
17.52 -0.065887
17.53 -0.0568992
17.54 -0.0471923
17.55 -0.0368422
17.56 -0.0259413
17.57 -0.0145972
17.58 -0.00292582
17.59 0.00892998
17.6 0.0208046
17.61 0.0325485
17.62 0.0440094
17.63 0.0550361
17.64 0.0654813
17.65 0.075205
17.66 0.0840367
17.67 0.0918315
17.68 0.0985449
17.69 0.1041
17.7 0.10844
17.71 0.11153
17.72 0.113356
17.73 0.113927
17.74 0.113206
17.75 0.111261
17.76 0.108221
17.77 0.104169
17.78 0.0992057
17.79 0.0934369
17.8 0.0869767
17.81 0.0799419
17.82 0.0724266
17.83 0.0645716
17.84 0.0564981
17.85 0.0483027
17.86 0.040071
17.87 0.0318761
17.88 0.0237775
17.89 0.0158208
17.9 0.00805281
17.91 0.000482163
17.92 -0.00689169
17.93 -0.0140753
17.94 -0.0210832
17.95 -0.0279356
17.96 -0.0346559
17.97 -0.0412678
17.98 -0.047787
17.99 -0.054238
18 -0.0606299
18.01 -0.0669615
18.02 -0.073221
18.03 -0.0793845
18.04 -0.085416
18.05 -0.0912673
18.06 -0.0968474
18.07 -0.102103
18.08 -0.106953
18.09 -0.111311
18.1 -0.115088
18.11 -0.118192
18.12 -0.120537
18.13 -0.12203
18.14 -0.122523
18.15 -0.122036
18.16 -0.120528
18.17 -0.117977
18.18 -0.114383
18.19 -0.109766
18.2 -0.104167
18.21 -0.0976321
18.22 -0.0902185
18.23 -0.0821087
18.24 -0.0734347
18.25 -0.0643445
18.26 -0.0549989
18.27 -0.0455687
18.28 -0.0362299
18.29 -0.0271773
18.3 -0.01862
18.31 -0.0107052
18.32 -0.00358759
18.33 0.00259398
18.34 0.0077193
18.35 0.0116898
18.36 0.014431
18.37 0.0158305
18.38 0.0158618
18.39 0.0146038
18.4 0.0120946
18.41 0.00839711
18.42 0.00359797
18.43 -0.0021953
18.44 -0.00885696
18.45 -0.0162808
18.46 -0.0242798
18.47 -0.032664
18.48 -0.0412696
18.49 -0.0499335
18.5 -0.0584968
18.51 -0.0668085
18.52 -0.0747276
18.53 -0.0820803
18.54 -0.088766
18.55 -0.0947078
18.56 -0.0998303
18.57 -0.104076
18.58 -0.107404
18.59 -0.10979
18.6 -0.111226
18.61 -0.111636
18.62 -0.111104
18.63 -0.109673
18.64 -0.107376
18.65 -0.104251
18.66 -0.100339
18.67 -0.0956791
18.68 -0.0903115
18.69 -0.0842101
18.7 -0.0774704
18.71 -0.0701218
18.72 -0.0621854
18.73 -0.0536778
18.74 -0.0446111
18.75 -0.0349945
18.76 -0.0248311
18.77 -0.0140816
18.78 -0.00280512
18.79 0.00898714
18.8 0.0212789
18.81 0.0340474
18.82 0.0472619
18.83 0.0608826
18.84 0.0748651
18.85 0.0891596
18.86 0.103663
18.87 0.118292
18.88 0.132951
18.89 0.147538
18.9 0.161943
18.91 0.176051
18.92 0.189726
18.93 0.202813
18.94 0.215226
18.95 0.226851
18.96 0.237582
18.97 0.247323
18.98 0.255989
18.99 0.263506
19 0.269763
19.01 0.274695
19.02 0.278352
19.03 0.280728
19.04 0.281833
19.05 0.281695
19.06 0.280354
19.07 0.277863
19.08 0.274232
19.09 0.269554
19.1 0.263962
19.11 0.257541
19.12 0.250378
19.13 0.24256
19.14 0.234171
19.15 0.225291
19.16 0.21597
19.17 0.206294
19.18 0.196333
19.19 0.186136
19.2 0.175741
19.21 0.165179
19.22 0.154474
19.23 0.143643
19.24 0.132691
19.25 0.121634
19.26 0.110483
19.27 0.0992458
19.28 0.0879341
19.29 0.076563
19.3 0.0651534
19.31 0.053733
19.32 0.0423436
19.33 0.0310329
19.34 0.0198554
19.35 0.00887439
19.36 -0.0018392
19.37 -0.0122076
19.38 -0.0221476
19.39 -0.0315714
19.4 -0.0403219
19.41 -0.0483641
19.42 -0.0556131
19.43 -0.0619898
19.44 -0.0674224
19.45 -0.071849
19.46 -0.0752196
19.47 -0.0774823
19.48 -0.0785314
19.49 -0.078461
19.5 -0.077285
19.51 -0.0750338
19.52 -0.0717537
19.53 -0.0675064
19.54 -0.0623672
19.55 -0.0564066
19.56 -0.0497004
19.57 -0.0424173
19.58 -0.0346719
19.59 -0.026582
19.6 -0.0182661
19.61 -0.0098411
19.62 -0.00142005
19.63 0.00688173
19.64 0.0149476
19.65 0.0226981
19.66 0.0300562
19.67 0.0369564
19.68 0.043345
19.69 0.0491803
19.7 0.054432
19.71 0.059051
19.72 0.0630263
19.73 0.0663914
19.74 0.0691553
19.75 0.0713332
19.76 0.0729445
19.77 0.0740118
19.78 0.0745594
19.79 0.0745833
19.8 0.0741208
19.81 0.0732141
19.82 0.0718835
19.83 0.0701471
19.84 0.0680207
19.85 0.0655178
19.86 0.0626508
19.87 0.0594057
19.88 0.055811
19.89 0.0518888
19.9 0.0476532
19.91 0.0431213
19.92 0.0383141
19.93 0.0332569
19.94 0.0279798
19.95 0.0225066
19.96 0.0168956
19.97 0.0111972
19.98 0.00546338
19.99 -0.00025047
20 -0.00588624
20.01 -0.0113847
20.02 -0.0166868
20.03 -0.0217059
20.04 -0.0264086
20.05 -0.0307502
20.06 -0.0346927
20.07 -0.0382075
20.08 -0.0412772
20.09 -0.043896
20.1 -0.0460683
20.11 -0.0477824
20.12 -0.0491177
20.13 -0.0501256
20.14 -0.05087
20.15 -0.0514262
20.16 -0.0518793
20.17 -0.0523223
20.18 -0.0528577
20.19 -0.0536109
20.2 -0.0546756
20.21 -0.0561507
20.22 -0.0581298
20.23 -0.0606977
20.24 -0.0639287
20.25 -0.0678835
20.26 -0.0726332
20.27 -0.0782384
20.28 -0.0846515
20.29 -0.0918599
20.3 -0.0998322
20.31 -0.108518
20.32 -0.117851
20.33 -0.127747
20.34 -0.138121
20.35 -0.148854
20.36 -0.159795
20.37 -0.170815
20.38 -0.181781
20.39 -0.19256
20.4 -0.20302
20.41 -0.213034
20.42 -0.222446
20.43 -0.231138
20.44 -0.239043
20.45 -0.246081
20.46 -0.252187
20.47 -0.257311
20.48 -0.26142
20.49 -0.264496
20.5 -0.266467
20.51 -0.267383
20.52 -0.267307
20.53 -0.266277
20.54 -0.264341
20.55 -0.261553
20.56 -0.257972
20.57 -0.253661
20.58 -0.248637
20.59 -0.243006
20.6 -0.236843
20.61 -0.230205
20.62 -0.223143
20.63 -0.215704
20.64 -0.207927
20.65 -0.199848
20.66 -0.191473
20.67 -0.182851
20.68 -0.174004
20.69 -0.164949
20.7 -0.1557
20.71 -0.146274
20.72 -0.136686
20.73 -0.126953
20.74 -0.117086
20.75 -0.107124
20.76 -0.0970987
20.77 -0.0870446
20.78 -0.0770023
20.79 -0.0670172
20.8 -0.0571394
20.81 -0.0474258
20.82 -0.0379554
20.83 -0.0287718
20.84 -0.0199336
20.85 -0.0114976
20.86 -0.00351757
20.87 0.00395738
20.88 0.0108842
20.89 0.0172114
20.9 0.0228798
20.91 0.0279191
20.92 0.0323248
20.93 0.0361036
20.94 0.0392729
20.95 0.0418605
20.96 0.0439046
20.97 0.0454358
20.98 0.0465057
20.99 0.0472087
21 0.0476127
21.01 0.0477883
21.02 0.0478078
21.03 0.0477424
21.04 0.0476613
21.05 0.0476354
21.06 0.0477322
21.07 0.0480004
21.08 0.0484838
21.09 0.0492179
21.1 0.0502298
21.11 0.0515375
21.12 0.053151
21.13 0.0550908
21.14 0.0573434
21.15 0.0598842
21.16 0.0626961
21.17 0.0657587
21.18 0.0690501
21.19 0.0725472
21.2 0.0762282
21.21 0.0800834
21.22 0.0840865
21.23 0.08822
21.24 0.0924752
21.25 0.0968475
21.26 0.101337
21.27 0.105946
21.28 0.110681
21.29 0.115564
21.3 0.120595
21.31 0.125782
21.32 0.13113
21.33 0.136644
21.34 0.142321
21.35 0.148153
21.36 0.154125
21.37 0.16022
21.38 0.16639
21.39 0.172587
21.4 0.178757
21.41 0.184835
21.42 0.190746
21.43 0.196411
21.44 0.201736
21.45 0.206586
21.46 0.210896
21.47 0.214574
21.48 0.217528
21.49 0.219671
21.5 0.220927
21.51 0.221226
21.52 0.220493
21.53 0.218618
21.54 0.215663
21.55 0.211626
21.56 0.206521
21.57 0.200382
21.58 0.193261
21.59 0.185229
21.6 0.176351
21.61 0.166716
21.62 0.156499
21.63 0.145829
21.64 0.134844
21.65 0.123685
21.66 0.112495
21.67 0.101416
21.68 0.0906015
21.69 0.0802034
21.7 0.0703227
21.71 0.0610627
21.72 0.0525113
21.73 0.0447396
21.74 0.0378003
21.75 0.031727
21.76 0.0265834
21.77 0.0223522
21.78 0.0189661
21.79 0.0163812
21.8 0.0145382
21.81 0.0133647
21.82 0.0127771
21.83 0.0126836
21.84 0.0130059
21.85 0.0136168
21.86 0.0144018
21.87 0.0152614
21.88 0.0161011
21.89 0.0168328
21.9 0.0173773
21.91 0.0176654
21.92 0.01761
21.93 0.0171806
21.94 0.0163532
21.95 0.0151093
21.96 0.0134426
21.97 0.0113575
21.98 0.00886912
21.99 0.00600135
22 0.00275764
22.01 -0.000791028
22.02 -0.00459771
22.03 -0.00861594
22.04 -0.0127979
22.05 -0.0170958
22.06 -0.021463
22.07 -0.0258554
22.08 -0.0302263
22.09 -0.0345379
22.1 -0.0387583
22.11 -0.0428601
22.12 -0.0468205
22.13 -0.0506208
22.14 -0.0542465
22.15 -0.0576835
22.16 -0.0609089
22.17 -0.0639334
22.18 -0.0667532
22.19 -0.0693652
22.2 -0.0717667
22.21 -0.0739549
22.22 -0.0759268
22.23 -0.0776727
22.24 -0.0791768
22.25 -0.0804504
22.26 -0.0814881
22.27 -0.0822844
22.28 -0.0828342
22.29 -0.0831336
22.3 -0.08318
22.31 -0.0829633
22.32 -0.0824805
22.33 -0.0817539
22.34 -0.0807939
22.35 -0.079615
22.36 -0.0782359
22.37 -0.0766799
22.38 -0.0749747
22.39 -0.0731479
22.4 -0.0712401
22.41 -0.0692962
22.42 -0.0673572
22.43 -0.0654657
22.44 -0.0636644
22.45 -0.0619953
22.46 -0.0604986
22.47 -0.0592269
22.48 -0.0582123
22.49 -0.0574739
22.5 -0.0570334
22.51 -0.0569059
22.52 -0.0570996
22.53 -0.0576155
22.54 -0.0584474
22.55 -0.0596024
22.56 -0.0610425
22.57 -0.0627309
22.58 -0.0646333
22.59 -0.0667107
22.6 -0.06892
22.61 -0.0712153
22.62 -0.0735489
22.63 -0.0758673
22.64 -0.0781183
22.65 -0.080256
22.66 -0.0822365
22.67 -0.0840193
22.68 -0.0855675
22.69 -0.086849
22.7 -0.087836
22.71 -0.0884727
22.72 -0.0887704
22.73 -0.0887176
22.74 -0.0883059
22.75 -0.0875305
22.76 -0.0863894
22.77 -0.0848833
22.78 -0.0830112
22.79 -0.0807465
22.8 -0.078126
22.81 -0.075153
22.82 -0.0718295
22.83 -0.0681566
22.84 -0.0641339
22.85 -0.0597594
22.86 -0.0550228
22.87 -0.0498975
22.88 -0.0444072
22.89 -0.0385472
22.9 -0.0323133
22.91 -0.0257029
22.92 -0.0187158
22.93 -0.0113551
22.94 -0.00361624
22.95 0.00449962
22.96 0.0129485
22.97 0.0217054
22.98 0.0307387
22.99 0.0400099
23 0.0494737
23.01 0.0590785
23.02 0.0687669
23.03 0.0784662
23.04 0.0881029
23.05 0.0976041
23.06 0.106894
23.07 0.115898
23.08 0.124538
23.09 0.132741
23.1 0.140404
23.11 0.147459
23.12 0.153869
23.13 0.159584
23.14 0.164561
23.15 0.168768
23.16 0.17218
23.17 0.174785
23.18 0.176525
23.19 0.17744
23.2 0.177576
23.21 0.176964
23.22 0.175641
23.23 0.173652
23.24 0.171051
23.25 0.167894
23.26 0.164206
23.27 0.160088
23.28 0.155612
23.29 0.150843
23.3 0.14584
23.31 0.140663
23.32 0.135363
23.33 0.12999
23.34 0.124587
23.35 0.119195
23.36 0.113843
23.37 0.108553
23.38 0.103341
23.39 0.0982159
23.4 0.0931821
23.41 0.0882388
23.42 0.0833878
23.43 0.0786105
23.44 0.0738946
23.45 0.069226
23.46 0.0645891
23.47 0.0599684
23.48 0.0553482
23.49 0.0507132
23.5 0.0460459
23.51 0.0413359
23.52 0.0365726
23.53 0.0317471
23.54 0.026852
23.55 0.0218815
23.56 0.0168306
23.57 0.0116933
23.58 0.00646165
23.59 0.0011391
23.6 -0.00427748
23.61 -0.00979154
23.62 -0.0154071
23.63 -0.0211288
23.64 -0.0269622
23.65 -0.0329182
23.66 -0.0390072
23.67 -0.0452289
23.68 -0.0515899
23.69 -0.0580965
23.7 -0.0647536
23.71 -0.0715646
23.72 -0.0785307
23.73 -0.0856576
23.74 -0.0929391
23.75 -0.100357
23.76 -0.107898
23.77 -0.115542
23.78 -0.123265
23.79 -0.131037
23.8 -0.138826
23.81 -0.146587
23.82 -0.154272
23.83 -0.161834
23.84 -0.169222
23.85 -0.176383
23.86 -0.183261
23.87 -0.189802
23.88 -0.19595
23.89 -0.201617
23.9 -0.206766
23.91 -0.211366
23.92 -0.215373
23.93 -0.218753
23.94 -0.221476
23.95 -0.22352
23.96 -0.224868
23.97 -0.225451
23.98 -0.225321
23.99 -0.224495
24 -0.222988
24.01 -0.220823
24.02 -0.218025
24.03 -0.214628
24.04 -0.210669
24.05 -0.206139
24.06 -0.201136
24.07 -0.195704
24.08 -0.18989
24.09 -0.183736
24.1 -0.177286
24.11 -0.17058
24.12 -0.163655
24.13 -0.156536
24.14 -0.149272
24.15 -0.14189
24.16 -0.134415
24.17 -0.126867
24.18 -0.119263
24.19 -0.111616
24.2 -0.103938
24.21 -0.0962377
24.22 -0.0885245
24.23 -0.0808048
24.24 -0.073085
24.25 -0.0653713
24.26 -0.0576707
24.27 -0.0499913
24.28 -0.0423438
24.29 -0.0347427
24.3 -0.0271991
24.31 -0.0197284
24.32 -0.0123478
24.33 -0.00507627
24.34 0.00206586
24.35 0.00905711
24.36 0.0158663
24.37 0.0224657
24.38 0.0288427
24.39 0.0349756
24.4 0.0408437
24.41 0.0464277
24.42 0.0517105
24.43 0.0566767
24.44 0.0612943
24.45 0.0655563
24.46 0.0694702
24.47 0.0730318
24.48 0.0762391
24.49 0.0790925
24.5 0.0815945
24.51 0.0837491
24.52 0.085539
24.53 0.0869842
24.54 0.0881032
24.55 0.0889038
24.56 0.0893935
24.57 0.0895798
24.58 0.0894695
24.59 0.0890688
24.6 0.0883607
24.61 0.0873675
24.62 0.0860995
24.63 0.0845605
24.64 0.0827546
24.65 0.0806863
24.66 0.0783611
24.67 0.0757857
24.68 0.0729474
24.69 0.0698792
24.7 0.0665978
24.71 0.0631215
24.72 0.0594725
24.73 0.0556772
24.74 0.0517663
24.75 0.0477751
24.76 0.0437442
24.77 0.039726
24.78 0.0357697
24.79 0.031928
24.8 0.0282567
24.81 0.0248135
24.82 0.0216576
24.83 0.0188548
24.84 0.0164988
24.85 0.0146154
24.86 0.0132579
24.87 0.0124751
24.88 0.0123102
24.89 0.0127998
24.9 0.0139731
24.91 0.0158701
24.92 0.0185355
24.93 0.0219156
24.94 0.0259986
24.95 0.0307618
24.96 0.0361716
24.97 0.042184
24.98 0.0487444
24.99 0.0558048
25 0.0632906
25.01 0.0710898
25.02 0.0791127
25.03 0.0872648
25.04 0.0954476
25.05 0.103561
25.06 0.111502
25.07 0.119154
25.08 0.126405
25.09 0.133178
25.1 0.139389
25.11 0.144958
25.12 0.149818
25.13 0.153911
25.14 0.157189
25.15 0.159564
25.16 0.161032
25.17 0.161622
25.18 0.161339
25.19 0.160205
25.2 0.158252
25.21 0.155524
25.22 0.152075
25.23 0.147929
25.24 0.143198
25.25 0.137982
25.26 0.132368
25.27 0.126445
25.28 0.120305
25.29 0.114039
25.3 0.107737
25.31 0.101496
25.32 0.0953996
25.33 0.0895194
25.34 0.083919
25.35 0.0786532
25.36 0.0737664
25.37 0.0692926
25.38 0.0652545
25.39 0.0617081
25.4 0.0586092
25.41 0.0559442
25.42 0.053691
25.43 0.0518186
25.44 0.0502884
25.45 0.0490552
25.46 0.0480704
25.47 0.0472897
25.48 0.046635
25.49 0.0460494
25.5 0.0454775
25.51 0.0448666
25.52 0.0441676
25.53 0.0433366
25.54 0.0423313
25.55 0.0411061
25.56 0.039653
25.57 0.0379577
25.58 0.0360135
25.59 0.0338212
25.6 0.0313888
25.61 0.0287304
25.62 0.0258601
25.63 0.0227998
25.64 0.0195924
25.65 0.0162689
25.66 0.0128617
25.67 0.00940289
25.68 0.00592325
25.69 0.00245146
25.7 -0.000984406
25.71 -0.00435983
25.72 -0.00766078
25.73 -0.010876
25.74 -0.0139989
25.75 -0.0170279
25.76 -0.0199654
25.77 -0.0228179
25.78 -0.0255911
25.79 -0.028299
25.8 -0.0309576
25.81 -0.033579
25.82 -0.036174
25.83 -0.0387506
25.84 -0.0413131
25.85 -0.043861
25.86 -0.0463861
25.87 -0.0488746
25.88 -0.0513067
25.89 -0.0536552
25.9 -0.0558861
25.91 -0.0579594
25.92 -0.0598297
25.93 -0.0614468
25.94 -0.0627282
25.95 -0.0636317
25.96 -0.0641086
25.97 -0.0641058
25.98 -0.0635742
25.99 -0.0624703
26 -0.0607583
26.01 -0.0584111
26.02 -0.0553516
26.03 -0.0516327
26.04 -0.0472717
26.05 -0.0422945
26.06 -0.0367409
26.07 -0.0306646
26.08 -0.0241325
26.09 -0.017223
26.1 -0.0100104
26.11 -0.002632
26.12 0.00480309
26.13 0.0121811
26.14 0.0193859
26.15 0.0263019
26.16 0.0328164
26.17 0.0388125
26.18 0.0441391
26.19 0.0487555
26.2 0.0525895
26.21 0.0555836
26.22 0.0576964
26.23 0.0589038
26.24 0.0591992
26.25 0.0585694
26.26 0.0570083
26.27 0.0546302
26.28 0.0514978
26.29 0.0476864
26.3 0.0432817
26.31 0.0383774
26.32 0.0330721
26.33 0.0274596
26.34 0.0216489
26.35 0.0157539
26.36 0.00986422
26.37 0.00406048
26.38 -0.00158777
26.39 -0.00702385
26.4 -0.0122052
26.41 -0.0170892
26.42 -0.0216648
26.43 -0.0259532
26.44 -0.029976
26.45 -0.0337677
26.46 -0.0373749
26.47 -0.0408535
26.48 -0.0442671
26.49 -0.0476889
26.5 -0.0511981
26.51 -0.0548634
26.52 -0.0587503
26.53 -0.0629175
26.54 -0.0674147
26.55 -0.0722807
26.56 -0.0775416
26.57 -0.0832399
26.58 -0.0893497
26.59 -0.0958385
26.6 -0.102669
26.61 -0.109792
26.62 -0.117141
26.63 -0.124642
26.64 -0.13221
26.65 -0.139744
26.66 -0.147139
26.67 -0.1543
26.68 -0.161131
26.69 -0.167542
26.7 -0.173451
26.71 -0.178785
26.72 -0.183485
26.73 -0.187432
26.74 -0.190664
26.75 -0.19317
26.76 -0.194956
26.77 -0.196046
26.78 -0.196477
26.79 -0.196302
26.8 -0.195582
26.81 -0.194365
26.82 -0.192785
26.83 -0.190934
26.84 -0.188904
26.85 -0.18679
26.86 -0.18468
26.87 -0.182656
26.88 -0.180799
26.89 -0.179189
26.9 -0.17786
26.91 -0.176844
26.92 -0.176155
26.93 -0.175794
26.94 -0.175744
26.95 -0.175973
26.96 -0.17644
26.97 -0.177083
26.98 -0.177812
26.99 -0.178546
27 -0.179196
27.01 -0.179671
27.02 -0.179878
27.03 -0.179727
27.04 -0.179107
27.05 -0.177924
27.06 -0.176137
27.07 -0.173689
27.08 -0.170535
27.09 -0.166646
27.1 -0.162005
27.11 -0.15661
27.12 -0.150431
27.13 -0.14351
27.14 -0.135917
27.15 -0.127702
27.16 -0.118922
27.17 -0.109641
27.18 -0.099927
27.19 -0.0898494
27.2 -0.0794617
27.21 -0.0688496
27.22 -0.0580835
27.23 -0.0472187
27.24 -0.0363032
27.25 -0.0253765
27.26 -0.0144693
27.27 -0.00360305
27.28 0.00720477
27.29 0.017954
27.3 0.0286505
27.31 0.0393048
27.32 0.0499318
27.33 0.0605491
27.34 0.071175
27.35 0.0818269
27.36 0.0925241
27.37 0.103273
27.38 0.114074
27.39 0.124923
27.4 0.135803
27.41 0.14669
27.42 0.15755
27.43 0.168336
27.44 0.178976
27.45 0.189413
27.46 0.199572
27.47 0.209376
27.48 0.21874
27.49 0.227579
27.5 0.235806
27.51 0.243323
27.52 0.249989
27.53 0.25579
27.54 0.260663
27.55 0.264553
27.56 0.267417
27.57 0.269226
27.58 0.269964
27.59 0.269599
27.6 0.2681
27.61 0.265576
27.62 0.26207
27.63 0.257639
27.64 0.252349
27.65 0.246277
27.66 0.239507
27.67 0.232108
27.68 0.224176
27.69 0.215841
27.7 0.207198
27.71 0.198337
27.72 0.189346
27.73 0.180303
27.74 0.171282
27.75 0.162354
27.76 0.153578
27.77 0.144992
27.78 0.136627
27.79 0.128506
27.8 0.12064
27.81 0.113035
27.82 0.105686
27.83 0.0985981
27.84 0.0917469
27.85 0.0851034
27.86 0.0786458
27.87 0.0723518
27.88 0.0661993
27.89 0.0601685
27.9 0.0542423
27.91 0.0484136
27.92 0.0426688
27.93 0.0370033
27.94 0.0314196
27.95 0.0259258
27.96 0.0205349
27.97 0.0152646
27.98 0.0101365
27.99 0.00519297
28 0.000451833
28.01 -0.00405976
28.02 -0.0083121
28.03 -0.012276
28.04 -0.0159239
28.05 -0.0192303
28.06 -0.0221732
28.07 -0.0246944
28.08 -0.0268173
28.09 -0.0285341
28.1 -0.0298416
28.11 -0.0307416
28.12 -0.0312411
28.13 -0.0313514
28.14 -0.0310848
28.15 -0.0304356
28.16 -0.0294614
28.17 -0.0281891
28.18 -0.0266479
28.19 -0.0248682
28.2 -0.0228815
28.21 -0.0207196
28.22 -0.0184116
28.23 -0.0159857
28.24 -0.0134823
28.25 -0.0109296
28.26 -0.00835389
28.27 -0.00577979
28.28 -0.00322993
28.29 -0.000724953
28.3 0.00171362
28.31 0.00406451
28.32 0.00631757
28.33 0.00845991
28.34 0.0104802
28.35 0.0123685
28.36 0.0141165
28.37 0.015717
28.38 0.0171569
28.39 0.0184301
28.4 0.0195422
28.41 0.0204919
28.42 0.0212794
28.43 0.0219064
28.44 0.0223765
28.45 0.0226947
28.46 0.0228601
28.47 0.0228848
28.48 0.0227858
28.49 0.0225755
28.5 0.0222678
28.51 0.0218775
28.52 0.0214207
28.53 0.020914
28.54 0.0203729
28.55 0.0198172
28.56 0.0192637
28.57 0.018727
28.58 0.01822
28.59 0.0177536
28.6 0.0173366
28.61 0.0169747
28.62 0.0166758
28.63 0.0164356
28.64 0.016249
28.65 0.016109
28.66 0.0160057
28.67 0.0159268
28.68 0.0158576
28.69 0.0157817
28.7 0.0156777
28.71 0.0155277
28.72 0.015314
28.73 0.0150193
28.74 0.014628
28.75 0.0141262
28.76 0.0135028
28.77 0.0127489
28.78 0.0118471
28.79 0.0108096
28.8 0.00963961
28.81 0.00834382
28.82 0.0069324
28.83 0.00541851
28.84 0.00381792
28.85 0.00214764
28.86 0.000425835
28.87 -0.0013219
28.88 -0.00307573
28.89 -0.00481674
28.9 -0.00652766
28.91 -0.00819349
28.92 -0.00980205
28.93 -0.0113424
28.94 -0.012806
28.95 -0.0141973
28.96 -0.0155196
28.97 -0.0167799
28.98 -0.0179885
28.99 -0.0191586
29 -0.0203056
29.01 -0.021447
29.02 -0.0226028
29.03 -0.0237907
29.04 -0.0250266
29.05 -0.0263244
29.06 -0.0276949
29.07 -0.0291455
29.08 -0.0306788
29.09 -0.032297
29.1 -0.033991
29.11 -0.0357435
29.12 -0.0375361
29.13 -0.0393456
29.14 -0.041145
29.15 -0.0429036
29.16 -0.0445887
29.17 -0.0461564
29.18 -0.047571
29.19 -0.0488036
29.2 -0.0498233
29.21 -0.0506033
29.22 -0.0511214
29.23 -0.0513615
29.24 -0.051314
29.25 -0.050955
29.26 -0.0503071
29.27 -0.0493931
29.28 -0.0482365
29.29 -0.046868
29.3 -0.0453252
29.31 -0.0436515
29.32 -0.0418949
29.33 -0.0401086
29.34 -0.0383532
29.35 -0.0366823
29.36 -0.0351471
29.37 -0.0337952
29.38 -0.0326693
29.39 -0.0318056
29.4 -0.0312328
29.41 -0.0310029
29.42 -0.0310943
29.43 -0.0315049
29.44 -0.0322226
29.45 -0.0332256
29.46 -0.034483
29.47 -0.035956
29.48 -0.0375998
29.49 -0.0393665
29.5 -0.0411859
29.51 -0.043001
29.52 -0.0447555
29.53 -0.0463957
29.54 -0.0478725
29.55 -0.0491434
29.56 -0.0501676
29.57 -0.0509037
29.58 -0.0513596
29.59 -0.0515352
29.6 -0.0514425
29.61 -0.0511057
29.62 -0.0505599
29.63 -0.0498512
29.64 -0.0490337
29.65 -0.048178
29.66 -0.047361
29.67 -0.0466567
29.68 -0.0461396
29.69 -0.0458835
29.7 -0.0459579
29.71 -0.0464265
29.72 -0.0473684
29.73 -0.0488366
29.74 -0.0508364
29.75 -0.0533843
29.76 -0.0564819
29.77 -0.0601161
29.78 -0.0642587
29.79 -0.0688666
29.8 -0.073903
29.81 -0.0792812
29.82 -0.0849014
29.83 -0.0906726
29.84 -0.0964975
29.85 -0.102275
29.86 -0.107904
29.87 -0.113282
29.88 -0.118283
29.89 -0.122821
29.9 -0.126828
29.91 -0.130235
29.92 -0.132989
29.93 -0.135045
29.94 -0.136378
29.95 -0.136974
29.96 -0.136776
29.97 -0.135849
29.98 -0.134239
29.99 -0.131989
30 -0.12915
30.01 -0.125781
30.02 -0.121948
30.03 -0.117717
30.04 -0.113132
30.05 -0.108294
30.06 -0.103268
30.07 -0.0981098
30.08 -0.0928681
30.09 -0.0875833
30.1 -0.0822864
30.11 -0.0769985
30.12 -0.0717328
30.13 -0.0664873
30.14 -0.0612527
30.15 -0.0560121
30.16 -0.0507426
30.17 -0.0454168
30.18 -0.0400047
30.19 -0.0344729
30.2 -0.0287793
30.21 -0.0229087
30.22 -0.0168412
30.23 -0.0105637
30.24 -0.00407138
30.25 0.00263155
30.26 0.00953108
30.27 0.0166071
30.28 0.0238264
30.29 0.031131
30.3 0.038467
30.31 0.0457736
30.32 0.0529843
30.33 0.0600291
30.34 0.0668362
30.35 0.0733183
30.36 0.0793908
30.37 0.0850097
30.38 0.0901188
30.39 0.0946705
30.4 0.0986271
30.41 0.101962
30.42 0.104661
30.43 0.106689
30.44 0.108062
30.45 0.108836
30.46 0.109049
30.47 0.108746
30.48 0.107983
30.49 0.106821
30.5 0.105328
30.51 0.103561
30.52 0.101606
30.53 0.0995406
30.54 0.0974305
30.55 0.0953344
30.56 0.0933044
30.57 0.0913839
30.58 0.0896071
30.59 0.0880118
30.6 0.0866024
30.61 0.0853754
30.62 0.0843217
30.63 0.0834236
30.64 0.0826553
30.65 0.0819852
30.66 0.0813766
30.67 0.0807885
30.68 0.0801749
30.69 0.0794964
30.7 0.0787168
30.71 0.0778045
30.72 0.0767336
30.73 0.0754857
30.74 0.0740501
30.75 0.0724061
30.76 0.0705814
30.77 0.0685934
30.78 0.0664669
30.79 0.0642341
30.8 0.0619329
30.81 0.0596055
30.82 0.0572982
30.83 0.0550675
30.84 0.0529568
30.85 0.0510087
30.86 0.0492618
30.87 0.0477487
30.88 0.0464948
30.89 0.0455176
30.9 0.0448322
30.91 0.0444517
30.92 0.0443411
30.93 0.0444789
30.94 0.0448348
30.95 0.0453714
30.96 0.046045
30.97 0.0468073
30.98 0.0476063
30.99 0.0483826
31 0.0490828
31.01 0.0496584
31.02 0.0500657
31.03 0.0502672
31.04 0.0502332
31.05 0.0499425
31.06 0.0493708
31.07 0.0485162
31.08 0.0474047
31.09 0.0460574
31.1 0.044505
31.11 0.0427863
31.12 0.0409474
31.13 0.0390398
31.14 0.0371218
31.15 0.0352588
31.16 0.0335086
31.17 0.0319265
31.18 0.0305637
31.19 0.0294657
31.2 0.0286708
31.21 0.0282085
31.22 0.0281248
31.23 0.0284143
31.24 0.0290629
31.25 0.0300563
31.26 0.0313704
31.27 0.0329712
31.28 0.0348164
31.29 0.0368567
31.3 0.0390435
31.31 0.0413018
31.32 0.0435675
31.33 0.0457788
31.34 0.0478753
31.35 0.0498002
31.36 0.0515014
31.37 0.0529329
31.38 0.0540235
31.39 0.0547689
31.4 0.0551507
31.41 0.0551575
31.42 0.0547866
31.43 0.0540432
31.44 0.0529401
31.45 0.0514947
31.46 0.0497064
31.47 0.047637
31.48 0.0453187
31.49 0.0427845
31.5 0.0400675
31.51 0.0371993
31.52 0.0342087
31.53 0.03112
31.54 0.0279513
31.55 0.0247257
31.56 0.0214533
31.57 0.0181397
31.58 0.0147854
31.59 0.0113872
31.6 0.00793828
31.61 0.00442743
31.62 0.000839746
31.63 -0.0028312
31.64 -0.00659508
31.65 -0.0104593
31.66 -0.014428
31.67 -0.0185013
31.68 -0.0226742
31.69 -0.0269394
31.7 -0.0312794
31.71 -0.0356657
31.72 -0.0400694
31.73 -0.0444568
31.74 -0.0487899
31.75 -0.0530271
31.76 -0.057125
31.77 -0.0610266
31.78 -0.064683
31.79 -0.0680615
31.8 -0.0711238
31.81 -0.0738364
31.82 -0.0761716
31.83 -0.0781086
31.84 -0.0796342
31.85 -0.0807165
31.86 -0.0813731
31.87 -0.0816325
31.88 -0.0815166
31.89 -0.0810544
31.9 -0.0802811
31.91 -0.0792373
31.92 -0.0779674
31.93 -0.076508
31.94 -0.0749215
31.95 -0.0732584
31.96 -0.0715624
31.97 -0.0698732
31.98 -0.0682249
31.99 -0.066645
32 -0.0651537
32.01 -0.0637727
32.02 -0.0624969
32.03 -0.0613186
32.04 -0.0602236
32.05 -0.0591904
32.06 -0.0581913
32.07 -0.0571937
32.08 -0.0561611
32.09 -0.0550437
32.1 -0.0538066
32.11 -0.0524126
32.12 -0.0508273
32.13 -0.049021
32.14 -0.0469698
32.15 -0.0446569
32.16 -0.0420698
32.17 -0.0391875
32.18 -0.0360443
32.19 -0.0326581
32.2 -0.0290551
32.21 -0.0252683
32.22 -0.0213367
32.23 -0.017304
32.24 -0.0132167
32.25 -0.00912841
32.26 -0.00509038
32.27 -0.0011477
32.28 0.00265862
32.29 0.00629317
32.3 0.00972745
32.31 0.0129409
32.32 0.0159132
32.33 0.0186358
32.34 0.0211326
32.35 0.0234215
32.36 0.0255282
32.37 0.0274853
32.38 0.0293312
32.39 0.0311082
32.4 0.032862
32.41 0.0346432
32.42 0.0364947
32.43 0.0384541
32.44 0.0405525
32.45 0.0428131
32.46 0.0452491
32.47 0.0478632
32.48 0.0506552
32.49 0.0535962
32.5 0.0566429
32.51 0.0597475
32.52 0.0628514
32.53 0.0658869
32.54 0.0687788
32.55 0.0714464
32.56 0.0737775
32.57 0.0756916
32.58 0.0771165
32.59 0.0779765
32.6 0.0782034
32.61 0.0777399
32.62 0.0765408
32.63 0.0745752
32.64 0.0717628
32.65 0.06816
32.66 0.0638036
32.67 0.0587334
32.68 0.0530059
32.69 0.0466923
32.7 0.0398772
32.71 0.0326567
32.72 0.0251172
32.73 0.0174069
32.74 0.00964106
32.75 0.00193235
32.76 -0.00561084
32.77 -0.0128873
32.78 -0.0198058
32.79 -0.0262845
32.8 -0.0322103
32.81 -0.0375829
32.82 -0.0423772
32.83 -0.0465867
32.84 -0.050223
32.85 -0.053316
32.86 -0.0559118
32.87 -0.0580651
32.88 -0.0598361
32.89 -0.0613463
32.9 -0.0626882
32.91 -0.0639577
32.92 -0.0652506
32.93 -0.0666592
32.94 -0.0682694
32.95 -0.070168
32.96 -0.0724391
32.97 -0.0751075
32.98 -0.0782018
32.99 -0.0817325
33 -0.0856914
33.01 -0.0900516
33.02 -0.0947681
33.03 -0.0997876
33.04 -0.105024
33.05 -0.110368
33.06 -0.115715
33.07 -0.120955
33.08 -0.125975
33.09 -0.13066
33.1 -0.134901
33.11 -0.138557
33.12 -0.141528
33.13 -0.143761
33.14 -0.145193
33.15 -0.145779
33.16 -0.145493
33.17 -0.144327
33.18 -0.142293
33.19 -0.139373
33.2 -0.135653
33.21 -0.131232
33.22 -0.126196
33.23 -0.120645
33.24 -0.114685
33.25 -0.108428
33.26 -0.10199
33.27 -0.0954895
33.28 -0.0890519
33.29 -0.0827798
33.3 -0.0767636
33.31 -0.0710809
33.32 -0.0657939
33.33 -0.0609483
33.34 -0.0565717
33.35 -0.0527162
33.36 -0.0493313
33.37 -0.0463812
33.38 -0.0438194
33.39 -0.0415851
33.4 -0.0396054
33.41 -0.0377978
33.42 -0.0360726
33.43 -0.0343257
33.44 -0.0324565
33.45 -0.0303736
33.46 -0.0279918
33.47 -0.0252342
33.48 -0.0220348
33.49 -0.0183406
33.5 -0.014106
33.51 -0.00926564
33.52 -0.00386551
33.53 0.0020794
33.54 0.00853762
33.55 0.0154621
33.56 0.0227912
33.57 0.0304509
33.58 0.0383596
33.59 0.04642
33.6 0.0545136
33.61 0.0625369
33.62 0.0703862
33.63 0.0779602
33.64 0.0851626
33.65 0.091904
33.66 0.0980814
33.67 0.103601
33.68 0.108445
33.69 0.112573
33.7 0.115957
33.71 0.118586
33.72 0.120461
33.73 0.121598
33.74 0.121989
33.75 0.121678
33.76 0.120752
33.77 0.119269
33.78 0.117292
33.79 0.114888
33.8 0.112127
33.81 0.109078
33.82 0.105798
33.83 0.102364
33.84 0.0988425
33.85 0.0952844
33.86 0.0917342
33.87 0.0882281
33.88 0.0847941
33.89 0.0814515
33.9 0.0782195
33.91 0.0750959
33.92 0.0720724
33.93 0.0691371
33.94 0.0662731
33.95 0.0634595
33.96 0.0606728
33.97 0.0578878
33.98 0.0550749
33.99 0.0522094
34 0.0492702
34.01 0.0462395
34.02 0.0431039
34.03 0.0398552
34.04 0.0364909
34.05 0.0330149
34.06 0.0294291
34.07 0.0257619
34.08 0.0220382
34.09 0.0182881
34.1 0.0145468
34.11 0.0108542
34.12 0.00725379
34.13 0.00379308
34.14 0.000541408
34.15 -0.00246649
34.16 -0.00518285
34.17 -0.00756183
34.18 -0.00956054
34.19 -0.0111401
34.2 -0.0122667
34.21 -0.0129026
34.22 -0.0129931
34.23 -0.0125658
34.24 -0.0116163
34.25 -0.0101483
34.26 -0.00817393
34.27 -0.00571344
34.28 -0.00279523
34.29 0.000556189
34.3 0.00430632
34.31 0.00837459
34.32 0.0127042
34.33 0.017234
34.34 0.0218993
34.35 0.0266332
34.36 0.0313678
34.37 0.0360298
34.38 0.0405427
34.39 0.0448487
34.4 0.0488901
34.41 0.0526147
34.42 0.0559768
34.43 0.0589384
34.44 0.0614698
34.45 0.0635248
34.46 0.0650956
34.47 0.0662037
34.48 0.0668591
34.49 0.067081
34.5 0.0668975
34.51 0.0663444
34.52 0.0654648
34.53 0.0642933
34.54 0.0628995
34.55 0.061351
34.56 0.0597074
34.57 0.0580282
34.58 0.0563717
34.59 0.0547929
34.6 0.0533426
34.61 0.0520825
34.62 0.0510436
34.63 0.0502498
34.64 0.0497199
34.65 0.0494635
34.66 0.0494804
34.67 0.0497607
34.68 0.0502853
34.69 0.0510424
34.7 0.0519743
34.71 0.0530342
34.72 0.0541724
34.73 0.0553351
34.74 0.0564664
34.75 0.0575096
34.76 0.0584086
34.77 0.0590856
34.78 0.0595081
34.79 0.0596342
34.8 0.0594287
34.81 0.0588647
34.82 0.0579241
34.83 0.0565977
34.84 0.054881
34.85 0.0527574
34.86 0.0502814
34.87 0.0474812
34.88 0.0443919
34.89 0.0410545
34.9 0.0375137
34.91 0.0338171
34.92 0.0300119
34.93 0.0261485
34.94 0.0222791
34.95 0.0184444
34.96 0.0146794
34.97 0.0110123
34.98 0.00746382
34.99 0.00404634
35 0.000768471
35.01 -0.00237285
35.02 -0.00540148
35.03 -0.00834012
35.04 -0.011218
35.05 -0.0140697
35.06 -0.0169335
35.07 -0.0198502
35.08 -0.0228675
35.09 -0.0260308
35.1 -0.0293705
35.11 -0.0329172
35.12 -0.0366942
35.13 -0.0407171
35.14 -0.0449919
35.15 -0.0495146
35.16 -0.0542832
35.17 -0.0592628
35.18 -0.0644055
35.19 -0.0696633
35.2 -0.0749792
35.21 -0.080289
35.22 -0.0855227
35.23 -0.0906062
35.24 -0.0954414
35.25 -0.0999543
35.26 -0.104079
35.27 -0.107748
35.28 -0.110901
35.29 -0.113486
35.3 -0.115461
35.31 -0.116797
35.32 -0.117421
35.33 -0.117375
35.34 -0.116682
35.35 -0.115368
35.36 -0.113471
35.37 -0.111038
35.38 -0.108128
35.39 -0.104808
35.4 -0.101123
35.41 -0.0971882
35.42 -0.0930822
35.43 -0.0888809
35.44 -0.0846566
35.45 -0.0804763
35.46 -0.0763992
35.47 -0.072477
35.48 -0.0687694
35.49 -0.065287
35.5 -0.0620435
35.51 -0.059041
35.52 -0.0562701
35.53 -0.0537107
35.54 -0.0513332
35.55 -0.0491019
35.56 -0.0469737
35.57 -0.0448888
35.58 -0.0427967
35.59 -0.0406479
35.6 -0.0383958
35.61 -0.0359984
35.62 -0.033421
35.63 -0.0306297
35.64 -0.0275988
35.65 -0.0243398
35.66 -0.0208613
35.67 -0.0171833
35.68 -0.0133374
35.69 -0.00936559
35.7 -0.00531931
35.71 -0.0012604
35.72 0.0027354
35.73 0.00659719
35.74 0.0102531
35.75 0.013632
35.76 0.0166664
35.77 0.0192938
35.78 0.0214597
35.79 0.0230887
35.8 0.0241484
35.81 0.0246436
35.82 0.0245686
35.83 0.0239312
35.84 0.0227528
35.85 0.0210675
35.86 0.0189212
35.87 0.0163478
35.88 0.0134348
35.89 0.0102693
35.9 0.00692874
35.91 0.00349206
35.92 3.75449e-05
35.93 -0.00335977
35.94 -0.00663027
35.95 -0.00969272
35.96 -0.0125014
35.97 -0.015022
35.98 -0.0172281
35.99 -0.0191061
36 -0.0206558
36.01 -0.0218898
36.02 -0.0228329
36.03 -0.0235023
36.04 -0.0239702
36.05 -0.0242948
36.06 -0.0245369
36.07 -0.0247607
36.08 -0.0250312
36.09 -0.0254121
36.1 -0.0259633
36.11 -0.0267655
36.12 -0.0278442
36.13 -0.0292332
36.14 -0.0309549
36.15 -0.0330196
36.16 -0.035425
36.17 -0.038156
36.18 -0.0411888
36.19 -0.0444979
36.2 -0.0480058
36.21 -0.0516519
36.22 -0.0553686
36.23 -0.0590836
36.24 -0.0627216
36.25 -0.0662069
36.26 -0.0694574
36.27 -0.0723797
36.28 -0.0749284
36.29 -0.0770477
36.3 -0.0786908
36.31 -0.0798211
36.32 -0.0804128
36.33 -0.0804514
36.34 -0.0799129
36.35 -0.0787927
36.36 -0.0771464
36.37 -0.075003
36.38 -0.072399
36.39 -0.0693771
36.4 -0.0659844
36.41 -0.062271
36.42 -0.0582771
36.43 -0.0540595
36.44 -0.0496794
36.45 -0.0451809
36.46 -0.0406029
36.47 -0.0359786
36.48 -0.0313352
36.49 -0.026693
36.5 -0.0220672
36.51 -0.0174653
36.52 -0.012887
36.53 -0.00832819
36.54 -0.00378095
36.55 0.000765168
36.56 0.00532195
36.57 0.00990131
36.58 0.0145172
36.59 0.019177
36.6 0.0238842
36.61 0.0286389
36.62 0.0334361
36.63 0.038266
36.64 0.0431134
36.65 0.0479579
36.66 0.0527697
36.67 0.0575182
36.68 0.0621713
36.69 0.0666941
36.7 0.0710515
36.71 0.0752085
36.72 0.0791322
36.73 0.0827924
36.74 0.0861328
36.75 0.0891585
36.76 0.0918569
36.77 0.0942206
36.78 0.0962491
36.79 0.0979482
36.8 0.0993302
36.81 0.100411
36.82 0.101193
36.83 0.101732
36.84 0.102058
36.85 0.102203
36.86 0.102196
36.87 0.102068
36.88 0.101845
36.89 0.101547
36.9 0.101188
36.91 0.10078
36.92 0.100326
36.93 0.099818
36.94 0.0992411
36.95 0.0985739
36.96 0.0977879
36.97 0.096843
36.98 0.0956885
36.99 0.0942935
37 0.0926154
37.01 0.0906125
37.02 0.088246
37.03 0.0854817
37.04 0.0822917
37.05 0.0786364
37.06 0.0744991
37.07 0.0699087
37.08 0.0648796
37.09 0.0594383
37.1 0.0536229
37.11 0.0474832
37.12 0.0410793
37.13 0.0344747
37.14 0.0277599
37.15 0.021028
37.16 0.0143672
37.17 0.00786644
37.18 0.00161343
37.19 -0.00430783
37.2 -0.00981941
37.21 -0.014815
37.22 -0.0192464
37.23 -0.0230856
37.24 -0.0263018
37.25 -0.0288786
37.26 -0.0308145
37.27 -0.0321223
37.28 -0.0328293
37.29 -0.0329355
37.3 -0.0325329
37.31 -0.031698
37.32 -0.0305026
37.33 -0.0290238
37.34 -0.0273408
37.35 -0.0255331
37.36 -0.0236773
37.37 -0.021853
37.38 -0.0201269
37.39 -0.0185502
37.4 -0.0171632
37.41 -0.0159931
37.42 -0.0150534
37.43 -0.0143437
37.44 -0.01385
37.45 -0.0135588
37.46 -0.0134063
37.47 -0.0133398
37.48 -0.0132979
37.49 -0.0132134
37.5 -0.0130153
37.51 -0.0126317
37.52 -0.0119872
37.53 -0.0109852
37.54 -0.00959124
37.55 -0.0077566
37.56 -0.0054439
37.57 -0.00262844
37.58 0.000700748
37.59 0.0045402
37.6 0.0088838
37.61 0.0137161
37.62 0.0189512
37.63 0.0245278
37.64 0.0303744
37.65 0.0364109
37.66 0.0425513
37.67 0.0487055
37.68 0.0547756
37.69 0.0606564
37.7 0.0662683
37.71 0.0715328
37.72 0.0763798
37.73 0.0807492
37.74 0.0845924
37.75 0.0878731
37.76 0.0905383
37.77 0.092577
37.78 0.0940246
37.79 0.0948977
37.8 0.0952233
37.81 0.0950371
37.82 0.0943819
37.83 0.0933053
37.84 0.0918384
37.85 0.0900477
37.86 0.0879969
37.87 0.0857324
37.88 0.0832948
37.89 0.0807182
37.9 0.078029
37.91 0.0752449
37.92 0.0723683
37.93 0.0694019
37.94 0.0663373
37.95 0.0631564
37.96 0.0598349
37.97 0.0563434
37.98 0.0526496
37.99 0.0487196
38 0.0444939
38.01 0.0399583
38.02 0.0350915
38.03 0.0298747
38.04 0.0242967
38.05 0.0183555
38.06 0.012059
38.07 0.00542566
38.08 -0.00154165
38.09 -0.00876913
38.1 -0.0162039
38.11 -0.0237856
38.12 -0.0314463
38.13 -0.0391124
38.14 -0.0467064
38.15 -0.0541465
38.16 -0.0613254
38.17 -0.0681815
38.18 -0.0746427
38.19 -0.0806429
38.2 -0.0861242
38.21 -0.0910379
38.22 -0.0953459
38.23 -0.0990077
38.24 -0.101968
38.25 -0.104277
38.26 -0.105945
38.27 -0.106992
38.28 -0.107448
38.29 -0.10735
38.3 -0.106743
38.31 -0.105661
38.32 -0.104151
38.33 -0.102295
38.34 -0.100148
38.35 -0.0977601
38.36 -0.095178
38.37 -0.092444
38.38 -0.0895942
38.39 -0.0866558
38.4 -0.0836531
38.41 -0.0806052
38.42 -0.0775203
38.43 -0.0744005
38.44 -0.071243
38.45 -0.0680414
38.46 -0.0647861
38.47 -0.0614622
38.48 -0.0580583
38.49 -0.0545685
38.5 -0.0509865
38.51 -0.0473102
38.52 -0.0435423
38.53 -0.0396911
38.54 -0.0357705
38.55 -0.0317993
38.56 -0.0278093
38.57 -0.0238346
38.58 -0.0199127
38.59 -0.0160845
38.6 -0.0123931
38.61 -0.00888284
38.62 -0.00559736
38.63 -0.00260305
38.64 7.41447e-05
38.65 0.00240776
38.66 0.00437199
38.67 0.00594842
38.68 0.00712679
38.69 0.00790549
38.7 0.00829177
38.71 0.00826926
38.72 0.00789712
38.73 0.00721245
38.74 0.00625516
38.75 0.00507012
38.76 0.00370563
38.77 0.00221175
38.78 0.000638552
38.79 -0.000963836
38.8 -0.00254463
38.81 -0.00406539
38.82 -0.00549451
38.83 -0.00680832
38.84 -0.00799193
38.85 -0.00903981
38.86 -0.00995422
38.87 -0.0107425
38.88 -0.0114404
38.89 -0.0120801
38.9 -0.0126999
38.91 -0.0133438
38.92 -0.0140584
38.93 -0.0148922
38.94 -0.0158988
38.95 -0.0171386
38.96 -0.0186382
38.97 -0.0204302
38.98 -0.0225392
38.99 -0.02498
39 -0.0277572
39.01 -0.0308636
39.02 -0.0342918
39.03 -0.0380133
39.04 -0.0419653
39.05 -0.0460949
39.06 -0.0503404
39.07 -0.0546334
39.08 -0.0589006
39.09 -0.0630657
39.1 -0.0670385
39.11 -0.0707336
39.12 -0.0740902
39.13 -0.077044
39.14 -0.0795395
39.15 -0.0815305
39.16 -0.0829826
39.17 -0.0838734
39.18 -0.0841581
39.19 -0.0838564
39.2 -0.0830103
39.21 -0.0816518
39.22 -0.079824
39.23 -0.0775797
39.24 -0.0749799
39.25 -0.0720916
39.26 -0.0689753
39.27 -0.0657225
39.28 -0.062411
39.29 -0.0591099
39.3 -0.0558833
39.31 -0.0527886
39.32 -0.0498745
39.33 -0.0471802
39.34 -0.0447573
39.35 -0.0426053
39.36 -0.0407237
39.37 -0.0391047
39.38 -0.0377301
39.39 -0.0365724
39.4 -0.0355957
39.41 -0.0347575
39.42 -0.0340142
39.43 -0.0333015
39.44 -0.032567
39.45 -0.0317594
39.46 -0.0308301
39.47 -0.0297348
39.48 -0.0284348
39.49 -0.0268959
39.5 -0.0250709
39.51 -0.0229685
39.52 -0.0205838
39.53 -0.0179208
39.54 -0.0149915
39.55 -0.0118155
39.56 -0.00841908
39.57 -0.00483114
39.58 -0.00108359
39.59 0.00276895
39.6 0.00668518
39.61 0.0106239
39.62 0.014545
39.63 0.0184112
39.64 0.0221883
39.65 0.0258416
39.66 0.0293388
39.67 0.0326696
39.68 0.0358209
39.69 0.0387846
39.7 0.0415573
39.71 0.0441398
39.72 0.0465362
39.73 0.0487458
39.74 0.0507764
39.75 0.0526472
39.76 0.0543671
39.77 0.0559438
39.78 0.0573831
39.79 0.0586881
39.8 0.0598593
39.81 0.0608862
39.82 0.0617635
39.83 0.0624885
39.84 0.0630501
39.85 0.0634358
39.86 0.0636323
39.87 0.0636267
39.88 0.0634074
39.89 0.0629494
39.9 0.0622548
39.91 0.0613303
39.92 0.060181
39.93 0.0588177
39.94 0.0572577
39.95 0.0555248
39.96 0.0536494
39.97 0.051663
39.98 0.0496194
39.99 0.0475688
40 0.0455625
40.01 0.0436542
40.02 0.041898
40.03 0.0403473
40.04 0.0390527
40.05 0.038093
40.06 0.0374862
40.07 0.0372618
40.08 0.037443
40.09 0.0380437
40.1 0.0390675
40.11 0.0405074
40.12 0.0423471
40.13 0.0445897
40.14 0.0471566
40.15 0.0499993
40.16 0.053062
40.17 0.0562833
40.18 0.059598
40.19 0.0629385
40.2 0.0662353
40.21 0.0694081
40.22 0.0724003
40.23 0.0751568
40.24 0.0776296
40.25 0.0797799
40.26 0.0815781
40.27 0.0830052
40.28 0.0840426
40.29 0.0846766
40.3 0.0849503
40.31 0.0848882
40.32 0.0845229
40.33 0.0838938
40.34 0.0830455
40.35 0.0820263
40.36 0.0808831
40.37 0.0796704
40.38 0.0784417
40.39 0.0772399
40.4 0.0761017
40.41 0.0750571
40.42 0.0741282
40.43 0.0733286
40.44 0.0726694
40.45 0.0721446
40.46 0.0717326
40.47 0.0714113
40.48 0.0711519
40.49 0.0709205
40.5 0.0706798
40.51 0.0703903
40.52 0.0700043
40.53 0.0694815
40.54 0.0687917
40.55 0.067906
40.56 0.0668022
40.57 0.0654653
40.58 0.0638887
40.59 0.0620742
40.6 0.0600169
40.61 0.0577503
40.62 0.0553091
40.63 0.0527283
40.64 0.0500486
40.65 0.0473141
40.66 0.0445712
40.67 0.0418667
40.68 0.0392565
40.69 0.0367796
40.7 0.0344701
40.71 0.0323563
40.72 0.0304585
40.73 0.0287877
40.74 0.0273455
40.75 0.0261238
40.76 0.0251219
40.77 0.0242893
40.78 0.0235883
40.79 0.0229751
40.8 0.0224006
40.81 0.0218125
40.82 0.0211572
40.83 0.0203799
40.84 0.0194112
40.85 0.0182188
40.86 0.0167653
40.87 0.0150216
40.88 0.0129685
40.89 0.0105972
40.9 0.00790975
40.91 0.00491348
40.92 0.00162011
40.93 -0.00191012
40.94 -0.00563241
40.95 -0.0094951
40.96 -0.0134415
40.97 -0.0174119
40.98 -0.0213459
40.99 -0.0251794
41 -0.0288462
41.01 -0.0323061
41.02 -0.0355203
41.03 -0.03846
41.04 -0.0411078
41.05 -0.0434582
41.06 -0.0455185
41.07 -0.0472975
41.08 -0.0488297
41.09 -0.050175
41.1 -0.0513869
41.11 -0.0525258
41.12 -0.0536571
41.13 -0.0548478
41.14 -0.0561646
41.15 -0.0576854
41.16 -0.0594711
41.17 -0.0615593
41.18 -0.0639849
41.19 -0.0667694
41.2 -0.0699193
41.21 -0.0734257
41.22 -0.0772633
41.23 -0.0814066
41.24 -0.0857791
41.25 -0.0902974
41.26 -0.0948755
41.27 -0.0994179
41.28 -0.103822
41.29 -0.107982
41.3 -0.111792
41.31 -0.115103
41.32 -0.117837
41.33 -0.119919
41.34 -0.121277
41.35 -0.121856
41.36 -0.121617
41.37 -0.120542
41.38 -0.118632
41.39 -0.115837
41.4 -0.112275
41.41 -0.108018
41.42 -0.10315
41.43 -0.0977655
41.44 -0.0919741
41.45 -0.0858924
41.46 -0.0796419
41.47 -0.0733537
41.48 -0.0671611
41.49 -0.0611757
41.5 -0.0554986
41.51 -0.050217
41.52 -0.0454021
41.53 -0.0411063
41.54 -0.0373716
41.55 -0.0342484
41.56 -0.0316757
41.57 -0.0296202
41.58 -0.0280303
41.59 -0.0268384
41.6 -0.0259634
41.61 -0.0253136
41.62 -0.0247913
41.63 -0.0242841
41.64 -0.0236838
41.65 -0.0228965
41.66 -0.0218373
41.67 -0.0204341
41.68 -0.0186301
41.69 -0.0163865
41.7 -0.0136662
41.71 -0.0104636
41.72 -0.00683506
41.73 -0.00282904
41.74 0.00148691
41.75 0.00602802
41.76 0.0106949
41.77 0.0153767
41.78 0.0199426
41.79 0.0242531
41.8 0.0281919
41.81 0.0316422
41.82 0.0344963
41.83 0.0366592
41.84 0.0380522
41.85 0.0386154
41.86 0.0382537
41.87 0.036975
41.88 0.0348252
41.89 0.0318407
41.9 0.02808
41.91 0.0236225
41.92 0.0185655
41.93 0.013022
41.94 0.00709944
41.95 0.000963926
41.96 -0.0052388
41.97 -0.0113734
41.98 -0.01731
41.99 -0.0229286
42 -0.0281218
42.01 -0.032799
42.02 -0.0368323
42.03 -0.0402126
42.04 -0.0429248
42.05 -0.0449683
42.06 -0.0463644
42.07 -0.047155
42.08 -0.0474013
42.09 -0.0471806
42.1 -0.046556
42.11 -0.045674
42.12 -0.0446419
42.13 -0.0435669
42.14 -0.0425528
42.15 -0.0416958
42.16 -0.0410813
42.17 -0.0407842
42.18 -0.0408923
42.19 -0.0414059
42.2 -0.0423343
42.21 -0.0436655
42.22 -0.0453666
42.23 -0.0473846
42.24 -0.0496485
42.25 -0.0520726
42.26 -0.0545476
42.27 -0.0569514
42.28 -0.0591685
42.29 -0.0610831
42.3 -0.062583
42.31 -0.0635636
42.32 -0.0639318
42.33 -0.0635835
42.34 -0.062428
42.35 -0.0604774
42.36 -0.0577187
42.37 -0.054162
42.38 -0.04984
42.39 -0.0448078
42.4 -0.0391415
42.41 -0.0329161
42.42 -0.0262545
42.43 -0.0193115
42.44 -0.0122205
42.45 -0.00511856
42.46 0.00185727
42.47 0.00857446
42.48 0.0149088
42.49 0.0207135
42.5 0.0258887
42.51 0.0303826
42.52 0.0341418
42.53 0.0371346
42.54 0.039352
42.55 0.0408074
42.56 0.0415355
42.57 0.0415492
42.58 0.0409575
42.59 0.0398723
42.6 0.038395
42.61 0.0366348
42.62 0.0347046
42.63 0.0327171
42.64 0.0307815
42.65 0.0290198
42.66 0.0275215
42.67 0.026358
42.68 0.0255881
42.69 0.0252533
42.7 0.0253771
42.71 0.0259642
42.72 0.0270016
42.73 0.0284943
42.74 0.0303541
42.75 0.0325164
42.76 0.0349097
42.77 0.0374554
42.78 0.0400709
42.79 0.0426728
42.8 0.0451792
42.81 0.0474911
42.82 0.049553
42.83 0.0513099
42.84 0.0527191
42.85 0.0537513
42.86 0.0543917
42.87 0.0546401
42.88 0.0545042
42.89 0.053991
42.9 0.0531731
42.91 0.0521007
42.92 0.0508305
42.93 0.0494237
42.94 0.0479434
42.95 0.0464516
42.96 0.0450099
42.97 0.0436811
42.98 0.0425037
42.99 0.0415104
43 0.0407226
43.01 0.0401497
43.02 0.0397892
43.03 0.0396268
43.04 0.0396425
43.05 0.0397987
43.06 0.0400405
43.07 0.040318
43.08 0.0405784
43.09 0.0407685
43.1 0.0408371
43.11 0.0407377
43.12 0.040418
43.13 0.0398453
43.14 0.0390131
43.15 0.0379166
43.16 0.0365641
43.17 0.0349769
43.18 0.0331892
43.19 0.0312472
43.2 0.0292057
43.21 0.0271415
43.22 0.025131
43.23 0.02325
43.24 0.0215748
43.25 0.0201788
43.26 0.0191296
43.27 0.0184867
43.28 0.0183356
43.29 0.0186894
43.3 0.0195523
43.31 0.020923
43.32 0.0227829
43.33 0.0250959
43.34 0.0278088
43.35 0.0308528
43.36 0.0341583
43.37 0.0376014
43.38 0.0410734
43.39 0.0444638
43.4 0.0476604
43.41 0.0505529
43.42 0.0530364
43.43 0.0550146
43.44 0.0563376
43.45 0.0569913
43.46 0.0569292
43.47 0.0561234
43.48 0.0545668
43.49 0.0522733
43.5 0.0492776
43.51 0.0456287
43.52 0.0413637
43.53 0.0366337
43.54 0.0315451
43.55 0.0262138
43.56 0.0207622
43.57 0.0153148
43.58 0.00999524
43.59 0.00493024
43.6 0.000261289
43.61 -0.00393773
43.62 -0.0075874
43.63 -0.0106259
43.64 -0.0130104
43.65 -0.0147184
43.66 -0.0157477
43.67 -0.0160948
43.68 -0.0157834
43.69 -0.0149156
43.7 -0.0135641
43.71 -0.0118133
43.72 -0.00975589
43.73 -0.00748969
43.74 -0.00511397
43.75 -0.00272983
43.76 -0.000440811
43.77 0.00167288
43.78 0.00354327
43.79 0.00511691
43.8 0.00635654
43.81 0.00724227
43.82 0.00777196
43.83 0.00794321
43.84 0.0078
43.85 0.00740795
43.86 0.00683078
43.87 0.00614228
43.88 0.0054233
43.89 0.0047585
43.9 0.00423303
43.91 0.0039501
43.92 0.00398422
43.93 0.00439175
43.94 0.00522331
43.95 0.00651441
43.96 0.00828372
43.97 0.010532
43.98 0.0132416
43.99 0.0164069
44 0.0199396
44.01 0.0237584
44.02 0.0277768
44.03 0.0318972
44.04 0.0360146
44.05 0.040019
44.06 0.0437996
44.07 0.0472068
44.08 0.0501591
44.09 0.0525683
44.1 0.0543567
44.11 0.0554619
44.12 0.0558386
44.13 0.0554604
44.14 0.0543168
44.15 0.052355
44.16 0.0496851
44.17 0.0463611
44.18 0.0424531
44.19 0.0380444
44.2 0.0332294
44.21 0.0281101
44.22 0.0227916
44.23 0.0173876
44.24 0.0120173
44.25 0.00677897
44.26 0.00176126
44.27 -0.0029588
44.28 -0.00731805
44.29 -0.0112688
44.3 -0.0147667
44.31 -0.0177781
44.32 -0.0203419
44.33 -0.0224806
44.34 -0.0242311
44.35 -0.0256428
44.36 -0.0267752
44.37 -0.0276957
44.38 -0.0284735
44.39 -0.0291908
44.4 -0.0299271
44.41 -0.0307494
44.42 -0.0317172
44.43 -0.0328804
44.44 -0.0342774
44.45 -0.0359332
44.46 -0.0378734
44.47 -0.0400913
44.48 -0.0425528
44.49 -0.0452241
44.5 -0.0480592
44.51 -0.0510021
44.52 -0.0539885
44.53 -0.0569487
44.54 -0.0597986
44.55 -0.0624595
44.56 -0.0648659
44.57 -0.0669542
44.58 -0.0686691
44.59 -0.0699656
44.6 -0.0708106
44.61 -0.0711844
44.62 -0.0710455
44.63 -0.0704307
44.64 -0.0693778
44.65 -0.0679264
44.66 -0.0661274
44.67 -0.0640418
44.68 -0.0617386
44.69 -0.059292
44.7 -0.0567804
44.71 -0.0542932
44.72 -0.0519048
44.73 -0.0496832
44.74 -0.0476882
44.75 -0.0459692
44.76 -0.0445643
44.77 -0.0434979
44.78 -0.0428158
44.79 -0.042477
44.8 -0.0424605
44.81 -0.0427327
44.82 -0.0432485
44.83 -0.0439528
44.84 -0.0447825
44.85 -0.0456691
44.86 -0.046532
44.87 -0.0472958
44.88 -0.047892
44.89 -0.0482579
44.9 -0.0483385
44.91 -0.0480887
44.92 -0.0474751
44.93 -0.0464679
44.94 -0.0450396
44.95 -0.0432312
44.96 -0.0410673
44.97 -0.0385856
44.98 -0.0358355
44.99 -0.032877
45 -0.0297783
45.01 -0.0266144
45.02 -0.0234738
45.03 -0.0204395
45.04 -0.0175885
45.05 -0.0149935
45.06 -0.0127202
45.07 -0.0108257
45.08 -0.00935637
45.09 -0.00836913
45.1 -0.00789014
45.11 -0.00789885
45.12 -0.00838648
45.13 -0.00933136
45.14 -0.0106999
45.15 -0.0124476
45.16 -0.0145214
45.17 -0.0168721
45.18 -0.0194212
45.19 -0.022089
45.2 -0.0248072
45.21 -0.0275095
45.22 -0.0301341
45.23 -0.0326252
45.24 -0.034935
45.25 -0.0370066
45.26 -0.0388181
45.27 -0.0403601
45.28 -0.0416269
45.29 -0.0426227
45.3 -0.0433608
45.31 -0.0438627
45.32 -0.0441567
45.33 -0.0442646
45.34 -0.0442383
45.35 -0.0441193
45.36 -0.0439448
45.37 -0.0437493
45.38 -0.0435633
45.39 -0.0434113
45.4 -0.0433113
45.41 -0.0432794
45.42 -0.0433107
45.43 -0.0433965
45.44 -0.0435203
45.45 -0.0436582
45.46 -0.0437803
45.47 -0.0438513
45.48 -0.0438316
45.49 -0.0436645
45.5 -0.0433184
45.51 -0.0427551
45.52 -0.0419399
45.53 -0.0408436
45.54 -0.0394444
45.55 -0.0377282
45.56 -0.0356849
45.57 -0.0332997
45.58 -0.0306171
45.59 -0.0276639
45.6 -0.024476
45.61 -0.0210976
45.62 -0.0175795
45.63 -0.0139779
45.64 -0.0103538
45.65 -0.0067777
45.66 -0.0033112
45.67 -1.20534e-05
45.68 0.00306685
45.69 0.00587923
45.7 0.008387
45.71 0.0105615
45.72 0.0123699
45.73 0.0137989
45.74 0.0148771
45.75 0.0156229
45.76 0.0160653
45.77 0.0162428
45.78 0.0162024
45.79 0.0159978
45.8 0.0156854
45.81 0.0153357
45.82 0.015016
45.83 0.0147868
45.84 0.014705
45.85 0.0148218
45.86 0.0151812
45.87 0.0158184
45.88 0.0167795
45.89 0.0180707
45.9 0.019682
45.91 0.0216035
45.92 0.0238149
45.93 0.0262864
45.94 0.0289797
45.95 0.0318495
45.96 0.0348505
45.97 0.0379161
45.98 0.0409877
45.99 0.0440108
46 0.046934
46.01 0.0497105
46.02 0.0523001
46.03 0.0546702
46.04 0.0567743
46.05 0.0586173
46.06 0.0602007
46.07 0.0615331
46.08 0.0626322
46.09 0.0635251
46.1 0.0642459
46.11 0.0648354
46.12 0.0653353
46.13 0.0658066
46.14 0.0662987
46.15 0.0668593
46.16 0.067533
46.17 0.0683595
46.18 0.069372
46.19 0.0705983
46.2 0.0720737
46.21 0.0737832
46.22 0.0757213
46.23 0.0778727
46.24 0.0802124
46.25 0.082707
46.26 0.0853152
46.27 0.0879898
46.28 0.0906726
46.29 0.0933034
46.3 0.0958256
46.31 0.0981837
46.32 0.100325
46.33 0.102202
46.34 0.103772
46.35 0.104987
46.36 0.105809
46.37 0.106243
46.38 0.106286
46.39 0.105941
46.4 0.105221
46.41 0.104146
46.42 0.102747
46.43 0.101045
46.44 0.0990841
46.45 0.0969231
46.46 0.0946059
46.47 0.0921757
46.48 0.0896733
46.49 0.0871357
46.5 0.0845946
46.51 0.0820775
46.52 0.079603
46.53 0.0771779
46.54 0.0748016
46.55 0.0724657
46.56 0.0701537
46.57 0.0678422
46.58 0.0655018
46.59 0.0630913
46.6 0.0605711
46.61 0.057904
46.62 0.055051
46.63 0.0519753
46.64 0.0486438
46.65 0.0450284
46.66 0.0411079
46.67 0.0368416
46.68 0.0322463
46.69 0.0273343
46.7 0.0221218
46.71 0.0166343
46.72 0.0109066
46.73 0.0049816
46.74 -0.00109018
46.75 -0.00725478
46.76 -0.0134366
46.77 -0.01957
46.78 -0.0255886
46.79 -0.0314266
46.8 -0.0370203
46.81 -0.0423098
46.82 -0.0472381
46.83 -0.0517159
46.84 -0.0557397
46.85 -0.0592791
46.86 -0.0623123
46.87 -0.064827
46.88 -0.0668195
46.89 -0.0682947
46.9 -0.069257
46.91 -0.0696976
46.92 -0.0696859
46.93 -0.0692542
46.94 -0.0684381
46.95 -0.0672755
46.96 -0.0658051
46.97 -0.0640656
46.98 -0.0620886
46.99 -0.0599048
47 -0.0575617
47.01 -0.0550869
47.02 -0.0525041
47.03 -0.0498329
47.04 -0.047089
47.05 -0.0442845
47.06 -0.0414264
47.07 -0.0385207
47.08 -0.0355747
47.09 -0.0325916
47.1 -0.0295747
47.11 -0.026528
47.12 -0.023457
47.13 -0.0203691
47.14 -0.0172749
47.15 -0.0141894
47.16 -0.0111297
47.17 -0.00811546
47.18 -0.00516906
47.19 -0.00231518
47.2 0.000419844
47.21 0.00300875
47.22 0.005411
47.23 0.00760231
47.24 0.00956481
47.25 0.0112773
47.26 0.0127224
47.27 0.0138873
47.28 0.0147644
47.29 0.0153515
47.3 0.0156312
47.31 0.0156306
47.32 0.0153734
47.33 0.0148815
47.34 0.0141815
47.35 0.0133033
47.36 0.0122797
47.37 0.0111446
47.38 0.00992811
47.39 0.00867182
47.4 0.00740606
47.41 0.00615615
47.42 0.00494222
47.43 0.00377821
47.44 0.00267118
47.45 0.00162078
47.46 0.000622343
47.47 -0.000347272
47.48 -0.00131264
47.49 -0.00230472
47.5 -0.00335992
47.51 -0.00451883
47.52 -0.00582482
47.53 -0.00732536
47.54 -0.00908725
47.55 -0.0111336
47.56 -0.0135009
47.57 -0.0162191
47.58 -0.0193107
47.59 -0.022789
47.6 -0.0266574
47.61 -0.0309166
47.62 -0.0355633
47.63 -0.0405344
47.64 -0.045785
47.65 -0.05126
47.66 -0.0568945
47.67 -0.0626157
47.68 -0.0683443
47.69 -0.0739903
47.7 -0.0794515
47.71 -0.0846473
47.72 -0.0894939
47.73 -0.0939121
47.74 -0.0978298
47.75 -0.101183
47.76 -0.10392
47.77 -0.105966
47.78 -0.107287
47.79 -0.107908
47.8 -0.107833
47.81 -0.10708
47.82 -0.105679
47.83 -0.103673
47.84 -0.101119
47.85 -0.0980554
47.86 -0.094574
47.87 -0.0907738
47.88 -0.0867372
47.89 -0.0825471
47.9 -0.0782853
47.91 -0.0740297
47.92 -0.0698527
47.93 -0.0658341
47.94 -0.0620288
47.95 -0.0584757
47.96 -0.0552071
47.97 -0.0522438
47.98 -0.049595
47.99 -0.0472585
48 -0.0452217
48.01 -0.0434826
48.02 -0.0419878
48.03 -0.0406933
48.04 -0.0395549
48.05 -0.0385255
48.06 -0.0375568
48.07 -0.0366009
48.08 -0.035612
48.09 -0.0345375
48.1 -0.0333453
48.11 -0.032007
48.12 -0.0305012
48.13 -0.0288144
48.14 -0.026941
48.15 -0.0248837
48.16 -0.0226515
48.17 -0.0202503
48.18 -0.0177211
48.19 -0.0150933
48.2 -0.0124
48.21 -0.00967667
48.22 -0.00695945
48.23 -0.00428427
48.24 -0.00168736
48.25 0.000789755
48.26 0.00312738
48.27 0.00530387
48.28 0.00730293
48.29 0.00911399
48.3 0.0107323
48.31 0.0121586
48.32 0.0133941
48.33 0.0144442
48.34 0.0153382
48.35 0.0160948
48.36 0.0167351
48.37 0.017281
48.38 0.0177546
48.39 0.0181771
48.4 0.0185676
48.41 0.0189447
48.42 0.0193234
48.43 0.0197136
48.44 0.0201215
48.45 0.0205495
48.46 0.020997
48.47 0.02146
48.48 0.0219324
48.49 0.0224046
48.5 0.0228671
48.51 0.0233107
48.52 0.0237272
48.53 0.0241099
48.54 0.0244547
48.55 0.0247606
48.56 0.0250279
48.57 0.0252655
48.58 0.0254859
48.59 0.0257042
48.6 0.025939
48.61 0.0262118
48.62 0.0265464
48.63 0.0269677
48.64 0.0275119
48.65 0.0281998
48.66 0.0290505
48.67 0.0300828
48.68 0.0313105
48.69 0.0327423
48.7 0.0343805
48.71 0.0362205
48.72 0.0382657
48.73 0.0404786
48.74 0.0428286
48.75 0.0452801
48.76 0.0477916
48.77 0.0503165
48.78 0.0528042
48.79 0.0552013
48.8 0.0574337
48.81 0.0594585
48.82 0.0612253
48.83 0.0626884
48.84 0.063808
48.85 0.0645519
48.86 0.0648964
48.87 0.0648225
48.88 0.0642957
48.89 0.0633628
48.9 0.0620445
48.91 0.0603719
48.92 0.0583857
48.93 0.0561349
48.94 0.0536759
48.95 0.0510687
48.96 0.0483824
48.97 0.0456947
48.98 0.0430719
48.99 0.0405773
49 0.0382689
49.01 0.0361983
49.02 0.034408
49.03 0.0329434
49.04 0.031837
49.05 0.0310753
49.06 0.0306535
49.07 0.0305547
49.08 0.0307509
49.09 0.0312037
49.1 0.0318656
49.11 0.0326861
49.12 0.0335966
49.13 0.0345252
49.14 0.0354072
49.15 0.0361797
49.16 0.0367838
49.17 0.0371666
49.18 0.0372833
49.19 0.0370792
49.2 0.0365347
49.21 0.0356533
49.22 0.0344388
49.23 0.0329075
49.24 0.0310877
49.25 0.0290191
49.26 0.0267515
49.27 0.0243376
49.28 0.0218559
49.29 0.0193796
49.3 0.0169788
49.31 0.0147225
49.32 0.0126757
49.33 0.0108968
49.34 0.00943623
49.35 0.00836609
49.36 0.00769048
49.37 0.00741406
49.38 0.00753333
49.39 0.00803041
49.4 0.00887327
49.41 0.0100165
49.42 0.0114027
49.43 0.0129732
49.44 0.0146281
49.45 0.0162832
49.46 0.0178526
49.47 0.0192505
49.48 0.0203944
49.49 0.0212073
49.5 0.0216175
49.51 0.0215226
49.52 0.0209202
49.53 0.0197841
49.54 0.0181042
49.55 0.015887
49.56 0.0131559
49.57 0.00995041
49.58 0.00631895
49.59 0.00231704
49.6 -0.00193854
49.61 -0.00635608
49.62 -0.0108379
49.63 -0.0152835
49.64 -0.0195924
49.65 -0.0236672
49.66 -0.0274045
49.67 -0.0306976
49.68 -0.0335039
49.69 -0.0357713
49.7 -0.0374637
49.71 -0.0385629
49.72 -0.0390681
49.73 -0.038997
49.74 -0.0383638
49.75 -0.037221
49.76 -0.0356694
49.77 -0.0337908
49.78 -0.0316761
49.79 -0.0294229
49.8 -0.0271318
49.81 -0.0249038
49.82 -0.0228507
49.83 -0.0210733
49.84 -0.0196425
49.85 -0.0186247
49.86 -0.018071
49.87 -0.0180161
49.88 -0.0184766
49.89 -0.0194506
49.9 -0.0209477
49.91 -0.0229063
49.92 -0.0252501
49.93 -0.0279048
49.94 -0.0307841
49.95 -0.0337914
49.96 -0.036824
49.97 -0.0397754
49.98 -0.0425156
49.99 -0.0449419
50 -0.046964
50.01 -0.0484976
50.02 -0.0494712
50.03 -0.0498289
50.04 -0.0495317
50.05 -0.048559
50.06 -0.0468496
50.07 -0.0444801
50.08 -0.0414985
50.09 -0.0379629
50.1 -0.0339466
50.11 -0.0295364
50.12 -0.0248293
50.13 -0.01993
50.14 -0.014951
50.15 -0.0100193
50.16 -0.00524203
50.17 -0.000719445
50.18 0.00345734
50.19 0.00720931
50.2 0.0104718
50.21 0.0131888
50.22 0.0152855
50.23 0.0168019
50.24 0.0177486
50.25 0.018154
50.26 0.0180634
50.27 0.0175373
50.28 0.0166493
50.29 0.0154793
50.3 0.0141215
50.31 0.0126937
50.32 0.0112943
50.33 0.0100193
50.34 0.00895922
50.35 0.00819616
50.36 0.00780118
50.37 0.00784949
50.38 0.00839971
50.39 0.00944572
50.4 0.0109918
50.41 0.0130244
50.42 0.015513
50.43 0.0184104
50.44 0.0216548
50.45 0.0251799
50.46 0.0288875
50.47 0.0326683
50.48 0.0364218
50.49 0.0400461
50.5 0.0434404
50.51 0.0465083
50.52 0.0491602
50.53 0.0512818
50.54 0.0528086
50.55 0.0537105
50.56 0.0539521
50.57 0.0535147
50.58 0.052396
50.59 0.0506104
50.6 0.0481883
50.61 0.0451362
50.62 0.0415475
50.63 0.0375117
50.64 0.0331104
50.65 0.0284316
50.66 0.0235674
50.67 0.018611
50.68 0.0136544
50.69 0.00880049
50.7 0.00413255
50.71 -0.000279145
50.72 -0.00437287
50.73 -0.0080984
50.74 -0.0114179
50.75 -0.0143065
50.76 -0.0167521
50.77 -0.0187143
50.78 -0.0202497
50.79 -0.0213868
50.8 -0.0221612
50.81 -0.0226164
50.82 -0.0228015
50.83 -0.0227698
50.84 -0.0225756
50.85 -0.0222705
50.86 -0.0219213
50.87 -0.0215765
50.88 -0.0212789
50.89 -0.0210647
50.9 -0.0209623
50.91 -0.0209918
50.92 -0.0211673
50.93 -0.0215
50.94 -0.0219702
50.95 -0.0225624
50.96 -0.0232547
50.97 -0.0240193
50.98 -0.0248246
50.99 -0.0256357
51 -0.0264146
51.01 -0.0271188
51.02 -0.0277174
51.03 -0.0281804
51.04 -0.0284827
51.05 -0.0286047
51.06 -0.0285333
51.07 -0.0282626
51.08 -0.0277857
51.09 -0.0271109
51.1 -0.0262675
51.11 -0.0252796
51.12 -0.0241774
51.13 -0.0229959
51.14 -0.0217736
51.15 -0.0205516
51.16 -0.0193769
51.17 -0.0182964
51.18 -0.0173475
51.19 -0.0165666
51.2 -0.0159858
51.21 -0.0156317
51.22 -0.0155245
51.23 -0.0156776
51.24 -0.016115
51.25 -0.016825
51.26 -0.0177879
51.27 -0.0189859
51.28 -0.0203948
51.29 -0.0219847
51.3 -0.023721
51.31 -0.0255653
51.32 -0.0274787
51.33 -0.0294108
51.34 -0.0313183
51.35 -0.0331608
51.36 -0.034901
51.37 -0.036505
51.38 -0.0379439
51.39 -0.0391943
51.4 -0.0402192
51.41 -0.0410246
51.42 -0.0416101
51.43 -0.0419801
51.44 -0.0421451
51.45 -0.0421214
51.46 -0.0419307
51.47 -0.0415987
51.48 -0.041147
51.49 -0.0406215
51.5 -0.0400551
51.51 -0.0394809
51.52 -0.0389307
51.53 -0.0384336
51.54 -0.038016
51.55 -0.0377014
51.56 -0.0375169
51.57 -0.0374636
51.58 -0.0375458
51.59 -0.0377619
51.6 -0.0381039
51.61 -0.0385586
51.62 -0.0391067
51.63 -0.0397256
51.64 -0.0403856
51.65 -0.0410496
51.66 -0.0416834
51.67 -0.0422516
51.68 -0.0427186
51.69 -0.0430496
51.7 -0.0432118
51.71 -0.0431666
51.72 -0.0428787
51.73 -0.04234
51.74 -0.041535
51.75 -0.0404532
51.76 -0.0390902
51.77 -0.0374474
51.78 -0.0355322
51.79 -0.0333457
51.8 -0.0309085
51.81 -0.0282581
51.82 -0.0254225
51.83 -0.0224328
51.84 -0.0193224
51.85 -0.0161263
51.86 -0.0128799
51.87 -0.00961959
51.88 -0.0063836
51.89 -0.00320354
51.9 -0.000107609
51.91 0.00287961
51.92 0.00573766
51.93 0.00845061
51.94 0.0110073
51.95 0.0133895
51.96 0.0156036
51.97 0.0176588
51.98 0.0195638
51.99 0.021331
52 0.0229764
52.01 0.0245185
52.02 0.0259778
52.03 0.0273728
52.04 0.0287322
52.05 0.0300785
52.06 0.0314323
52.07 0.0328119
52.08 0.0342335
52.09 0.0357097
52.1 0.03725
52.11 0.0388667
52.12 0.0405541
52.13 0.042308
52.14 0.0441206
52.15 0.04598
52.16 0.0478707
52.17 0.0497741
52.18 0.0516686
52.19 0.0535254
52.2 0.0553205
52.21 0.0570282
52.22 0.0586229
52.23 0.06008
52.24 0.0613763
52.25 0.0624909
52.26 0.0634013
52.27 0.0640784
52.28 0.0645285
52.29 0.0647458
52.3 0.0647287
52.31 0.0644801
52.32 0.0640072
52.33 0.0633216
52.34 0.0624329
52.35 0.0613562
52.36 0.0601277
52.37 0.0587728
52.38 0.0573182
52.39 0.0557921
52.4 0.0542229
52.41 0.0526389
52.42 0.0510691
52.43 0.0495429
52.44 0.0480822
52.45 0.0467072
52.46 0.0454347
52.47 0.0442779
52.48 0.0432464
52.49 0.0423457
52.5 0.0415847
52.51 0.0409592
52.52 0.0404563
52.53 0.0400663
52.54 0.0397762
52.55 0.0395711
52.56 0.0394338
52.57 0.0393461
52.58 0.0392896
52.59 0.0392417
52.6 0.039183
52.61 0.0390957
52.62 0.0389637
52.63 0.0387729
52.64 0.0385113
52.65 0.0381694
52.66 0.037733
52.67 0.0372031
52.68 0.0365805
52.69 0.035867
52.7 0.0350665
52.71 0.0341847
52.72 0.0332293
52.73 0.032209
52.74 0.0311294
52.75 0.0300061
52.76 0.0288498
52.77 0.0276699
52.78 0.0264752
52.79 0.0252735
52.8 0.0240708
52.81 0.0228721
52.82 0.0216813
52.83 0.020499
52.84 0.0193247
52.85 0.0181566
52.86 0.0169919
52.87 0.0158268
52.88 0.0146571
52.89 0.0134783
52.9 0.0122851
52.91 0.0110752
52.92 0.00984675
52.93 0.00859946
52.94 0.00733487
52.95 0.00605658
52.96 0.00477048
52.97 0.00348506
52.98 0.0022129
52.99 0.000967134
53 -0.000237036
53.01 -0.00138278
53.02 -0.00245202
53.03 -0.00342592
53.04 -0.00428541
53.05 -0.00500592
53.06 -0.00556369
53.07 -0.00595146
53.08 -0.00615562
53.09 -0.00616534
53.1 -0.00597307
53.11 -0.00557492
53.12 -0.00497099
53.13 -0.00415596
53.14 -0.00313995
53.15 -0.00194716
53.16 -0.000595566
53.17 0.000893074
53.18 0.00249366
53.19 0.00417825
53.2 0.00591665
53.21 0.00767638
53.22 0.00942029
53.23 0.0111152
53.24 0.0127294
53.25 0.0142333
53.26 0.0155993
53.27 0.0168032
53.28 0.0178244
53.29 0.0186306
53.3 0.0192186
53.31 0.019588
53.32 0.0197375
53.33 0.019671
53.34 0.0193966
53.35 0.0189268
53.36 0.018278
53.37 0.0174579
53.38 0.0165026
53.39 0.0154386
53.4 0.0142913
53.41 0.013086
53.42 0.0118472
53.43 0.0105981
53.44 0.00935975
53.45 0.00815467
53.46 0.00699568
53.47 0.00589285
53.48 0.00485224
53.49 0.00387571
53.5 0.00296085
53.51 0.00210119
53.52 0.00128661
53.53 0.000504128
53.54 -0.000267689
53.55 -0.00104852
53.56 -0.00185963
53.57 -0.00272311
53.58 -0.00366125
53.59 -0.0046957
53.6 -0.00584966
53.61 -0.00715158
53.62 -0.00860696
53.63 -0.0102278
53.64 -0.0120226
53.65 -0.0139959
53.66 -0.0161485
53.67 -0.0184769
53.68 -0.0209788
53.69 -0.0236473
53.7 -0.0264554
53.71 -0.0293848
53.72 -0.0324148
53.73 -0.0355228
53.74 -0.0386849
53.75 -0.0418763
53.76 -0.0450713
53.77 -0.0482422
53.78 -0.0513658
53.79 -0.0544207
53.8 -0.0573875
53.81 -0.0602491
53.82 -0.0629909
53.83 -0.0656011
53.84 -0.0680623
53.85 -0.0703691
53.86 -0.0725248
53.87 -0.0745285
53.88 -0.0763813
53.89 -0.0780862
53.9 -0.0796474
53.91 -0.0810702
53.92 -0.0823518
53.93 -0.0835038
53.94 -0.0845365
53.95 -0.0854555
53.96 -0.0862657
53.97 -0.0869712
53.98 -0.087575
53.99 -0.0880792
54 -0.0884771
54.01 -0.0887746
54.02 -0.088973
54.03 -0.0890712
54.04 -0.0890673
54.05 -0.0889599
54.06 -0.0887472
54.07 -0.0884282
54.08 -0.0879923
54.09 -0.0874488
54.1 -0.0868
54.11 -0.0860484
54.12 -0.0851973
54.13 -0.0842513
54.14 -0.0832158
54.15 -0.0820967
54.16 -0.0808943
54.17 -0.0796239
54.18 -0.0782926
54.19 -0.0769073
54.2 -0.0754743
54.21 -0.0739989
54.22 -0.0724852
54.23 -0.0709353
54.24 -0.0693476
54.25 -0.067724
54.26 -0.0660612
54.27 -0.0643543
54.28 -0.0625963
54.29 -0.060779
54.3 -0.0588925
54.31 -0.0569236
54.32 -0.054855
54.33 -0.0526812
54.34 -0.0503907
54.35 -0.0479731
54.36 -0.0454193
54.37 -0.0427218
54.38 -0.0398755
54.39 -0.0368721
54.4 -0.0337087
54.41 -0.0303991
54.42 -0.026951
54.43 -0.0233753
54.44 -0.0196863
54.45 -0.0159014
54.46 -0.0120406
54.47 -0.00812508
54.48 -0.00418295
54.49 -0.000242985
54.5 0.00366788
54.51 0.00752261
54.52 0.0112947
54.53 0.0149588
54.54 0.0184913
54.55 0.0218602
54.56 0.0250484
54.57 0.0280476
54.58 0.0308465
54.59 0.0334377
54.6 0.0358176
54.61 0.037986
54.62 0.0399465
54.63 0.0416915
54.64 0.0432417
54.65 0.0446148
54.66 0.0458254
54.67 0.0468889
54.68 0.0478216
54.69 0.0486397
54.7 0.0493589
54.71 0.0499879
54.72 0.050547
54.73 0.0510483
54.74 0.0515002
54.75 0.0519091
54.76 0.0522786
54.77 0.0526099
54.78 0.0529021
54.79 0.0531475
54.8 0.0533444
54.81 0.0534868
54.82 0.0535674
54.83 0.0535791
54.84 0.0535149
54.85 0.0533686
54.86 0.0531349
54.87 0.0528031
54.88 0.0523813
54.89 0.0518719
54.9 0.0512799
54.91 0.0506134
54.92 0.0498829
54.93 0.0491018
54.94 0.0482851
54.95 0.0474514
54.96 0.0466224
54.97 0.0458178
54.98 0.0450577
54.99 0.0443613
55 0.0437466
55.01 0.0432299
55.02 0.042829
55.03 0.0425598
55.04 0.0424207
55.05 0.0424141
55.06 0.0425382
55.07 0.0427867
55.08 0.0431496
55.09 0.0436126
55.1 0.0441605
55.11 0.0447699
55.12 0.045412
55.13 0.0460609
55.14 0.0466897
55.15 0.0472714
55.16 0.0477797
55.17 0.0481895
55.18 0.0484705
55.19 0.0486024
55.2 0.048576
55.21 0.048381
55.22 0.0480117
55.23 0.0474676
55.24 0.046753
55.25 0.0458777
55.26 0.0448471
55.27 0.0436883
55.28 0.0424296
55.29 0.0410976
55.3 0.0397214
55.31 0.0383313
55.32 0.0369585
55.33 0.0356336
55.34 0.0343944
55.35 0.0332659
55.36 0.0322699
55.37 0.0314258
55.38 0.0307487
55.39 0.0302486
55.4 0.0299305
55.41 0.0297938
55.42 0.0298482
55.43 0.0300659
55.44 0.0304286
55.45 0.0309152
55.46 0.0315009
55.47 0.0321583
55.48 0.0328577
55.49 0.0335684
55.5 0.0342541
55.51 0.0348841
55.52 0.0354298
55.53 0.0358648
55.54 0.0361661
55.55 0.0363141
55.56 0.0362933
55.57 0.0360897
55.58 0.0356835
55.59 0.0350894
55.6 0.0343112
55.61 0.0333566
55.62 0.0322373
55.63 0.0309683
55.64 0.0295672
55.65 0.0280513
55.66 0.0264404
55.67 0.0247646
55.68 0.0230462
55.69 0.0213064
55.7 0.0195657
55.71 0.0178426
55.72 0.0161537
55.73 0.0145155
55.74 0.0129421
55.75 0.011439
55.76 0.0100118
55.77 0.00866392
55.78 0.00739661
55.79 0.00620913
55.8 0.00509922
55.81 0.00406695
55.82 0.00310739
55.83 0.00221215
55.84 0.00137661
55.85 0.000596526
55.86 -0.000131745
55.87 -0.000811051
55.88 -0.00144335
55.89 -0.0020268
55.9 -0.00256265
55.91 -0.00305204
55.92 -0.00349393
55.93 -0.00388718
55.94 -0.00423088
55.95 -0.00452471
55.96 -0.00476933
55.97 -0.00496343
55.98 -0.00511361
55.99 -0.00522717
56 -0.00531232
56.01 -0.00537953
56.02 -0.00544151
56.03 -0.00551309
56.04 -0.00561099
56.05 -0.00575909
56.06 -0.00597557
56.07 -0.00627978
56.08 -0.00669148
56.09 -0.00722954
56.1 -0.00791118
56.11 -0.00875124
56.12 -0.00976147
56.13 -0.0109678
56.14 -0.0123562
56.15 -0.0139236
56.16 -0.0156622
56.17 -0.0175586
56.18 -0.0195938
56.19 -0.0217435
56.2 -0.0239786
56.21 -0.026265
56.22 -0.0285567
56.23 -0.0308115
56.24 -0.0329859
56.25 -0.035035
56.26 -0.0369146
56.27 -0.0385817
56.28 -0.03999
56.29 -0.0410826
56.3 -0.0418504
56.31 -0.0422699
56.32 -0.0423245
56.33 -0.0420056
56.34 -0.0413128
56.35 -0.040254
56.36 -0.0388351
56.37 -0.0370737
56.38 -0.035028
56.39 -0.0327392
56.4 -0.0302548
56.41 -0.027627
56.42 -0.0249115
56.43 -0.0221659
56.44 -0.019453
56.45 -0.0168383
56.46 -0.0143741
56.47 -0.01211
56.48 -0.0100902
56.49 -0.00835187
56.5 -0.00692407
56.51 -0.00582724
56.52 -0.00509201
56.53 -0.00471392
56.54 -0.00466694
56.55 -0.00493073
56.56 -0.00547608
56.57 -0.0062657
56.58 -0.00725529
56.59 -0.00839476
56.6 -0.00963222
56.61 -0.0109
56.62 -0.012137
56.63 -0.0132857
56.64 -0.0142917
56.65 -0.0151046
56.66 -0.0156799
56.67 -0.01598
56.68 -0.0159495
56.69 -0.0155866
56.7 -0.01489
56.71 -0.0138626
56.72 -0.0125177
56.73 -0.0108788
56.74 -0.00897895
56.75 -0.0068604
56.76 -0.00456273
56.77 -0.00216304
56.78 0.000274313
56.79 0.00268308
56.8 0.0049954
56.81 0.00714349
56.82 0.00906135
56.83 0.0106851
56.84 0.0119191
56.85 0.0127436
56.86 0.0131175
56.87 0.0130086
56.88 0.0123946
56.89 0.0112634
56.9 0.00961377
56.91 0.00744723
56.92 0.00475253
56.93 0.00160498
56.94 -0.00195457
56.95 -0.00587739
56.96 -0.0101079
56.97 -0.0145852
56.98 -0.019244
56.99 -0.0240179
57 -0.0288318
57.01 -0.0336101
57.02 -0.038287
57.03 -0.0428004
57.04 -0.0470927
57.05 -0.0511125
57.06 -0.054815
57.07 -0.0581478
57.08 -0.0610706
57.09 -0.0635869
57.1 -0.0656867
57.11 -0.0673681
57.12 -0.0686374
57.13 -0.0695083
57.14 -0.0700014
57.15 -0.0701272
57.16 -0.0699229
57.17 -0.0694427
57.18 -0.0687261
57.19 -0.0678144
57.2 -0.0667493
57.21 -0.0655721
57.22 -0.0643224
57.23 -0.0630374
57.24 -0.0617553
57.25 -0.0605058
57.26 -0.0593126
57.27 -0.0581938
57.28 -0.0571619
57.29 -0.0562238
57.3 -0.0553803
57.31 -0.0546326
57.32 -0.0539639
57.33 -0.0533556
57.34 -0.0527868
57.35 -0.0522329
57.36 -0.0516667
57.37 -0.0510584
57.38 -0.0503772
57.39 -0.04958
57.4 -0.048641
57.41 -0.0475329
57.42 -0.0462293
57.43 -0.0447072
57.44 -0.0429478
57.45 -0.0409366
57.46 -0.0386646
57.47 -0.0361025
57.48 -0.0332796
57.49 -0.0302067
57.5 -0.0269
57.51 -0.0233817
57.52 -0.0196795
57.53 -0.0158263
57.54 -0.011859
57.55 -0.00781791
57.56 -0.0037578
57.57 0.000274442
57.58 0.0042311
57.59 0.00806469
57.6 0.011729
57.61 0.0151804
57.62 0.018372
57.63 0.0212479
57.64 0.0237999
57.65 0.0260056
57.66 0.0278497
57.67 0.0293246
57.68 0.0304309
57.69 0.031177
57.7 0.031569
57.71 0.0316249
57.72 0.0314015
57.73 0.0309393
57.74 0.0302845
57.75 0.0294881
57.76 0.0286044
57.77 0.0276902
57.78 0.0268068
57.79 0.0260194
57.8 0.0253798
57.81 0.0249381
57.82 0.0247389
57.83 0.0248201
57.84 0.0252122
57.85 0.0259367
57.86 0.0270258
57.87 0.0284758
57.88 0.030261
57.89 0.0323608
57.9 0.0347447
57.91 0.037373
57.92 0.0401978
57.93 0.0431638
57.94 0.0462108
57.95 0.0492621
57.96 0.0522468
57.97 0.0550958
57.98 0.0577414
57.99 0.0601187
58 0.062168
58.01 0.0638361
58.02 0.0650397
58.03 0.0657674
58.04 0.0660047
58.05 0.0657401
58.06 0.0649739
58.07 0.063718
58.08 0.0619962
58.09 0.0598431
58.1 0.0572727
58.11 0.0543785
58.12 0.0512268
58.13 0.0478866
58.14 0.0444308
58.15 0.040934
58.16 0.0374706
58.17 0.034114
58.18 0.0309551
58.19 0.0280434
58.2 0.0254316
58.21 0.0231634
58.22 0.0212719
58.23 0.0197793
58.24 0.0186959
58.25 0.0180269
58.26 0.0177839
58.27 0.0179059
58.28 0.0183567
58.29 0.0190914
58.3 0.0200583
58.31 0.0212002
58.32 0.0224564
58.33 0.0237644
58.34 0.0250546
58.35 0.0262655
58.36 0.0273432
58.37 0.0282404
58.38 0.0289175
58.39 0.029344
58.4 0.0294993
58.41 0.0293622
58.42 0.0289291
58.43 0.0282312
58.44 0.0272925
58.45 0.0261461
58.46 0.0248333
58.47 0.0234016
58.48 0.0219034
58.49 0.0203969
58.5 0.0189465
58.51 0.0176077
58.52 0.0164324
58.53 0.0154675
58.54 0.014753
58.55 0.0143209
58.56 0.0141935
58.57 0.0144032
58.58 0.0149412
58.59 0.0157829
58.6 0.0169046
58.61 0.0182726
58.62 0.0198437
58.63 0.0215666
58.64 0.0233835
58.65 0.0252292
58.66 0.027029
58.67 0.0287161
58.68 0.0302261
58.69 0.0314983
58.7 0.0324777
58.71 0.0331168
58.72 0.0333773
58.73 0.0331939
58.74 0.0325804
58.75 0.0315406
58.76 0.030085
58.77 0.0282361
58.78 0.0260278
58.79 0.0235045
58.8 0.02072
58.81 0.0177224
58.82 0.0146052
58.83 0.0114406
58.84 0.00830173
58.85 0.00526086
58.86 0.00238726
58.87 -0.000254865
58.88 -0.0026047
58.89 -0.00458238
58.9 -0.00617918
58.91 -0.00737078
58.92 -0.00814497
58.93 -0.00850201
58.94 -0.00845454
58.95 -0.00802717
58.96 -0.00724912
58.97 -0.00615584
58.98 -0.00483042
58.99 -0.00333581
59 -0.00173953
59.01 -0.00011167
59.02 0.00147722
59.03 0.0029582
59.04 0.00425787
59.05 0.00530233
59.06 0.00605349
59.07 0.00647012
59.08 0.00652127
59.09 0.00618702
59.1 0.00545896
59.11 0.00434034
59.12 0.00282966
59.13 0.00095416
59.14 -0.00122789
59.15 -0.00367038
59.16 -0.00632023
59.17 -0.00911914
59.18 -0.0120053
59.19 -0.0149152
59.2 -0.0177796
59.21 -0.0205307
59.22 -0.0231142
59.23 -0.02548
59.24 -0.0275847
59.25 -0.0293932
59.26 -0.0308795
59.27 -0.0320267
59.28 -0.0328037
59.29 -0.0332284
59.3 -0.0333252
59.31 -0.0331162
59.32 -0.0326306
59.33 -0.031904
59.34 -0.0309762
59.35 -0.0298909
59.36 -0.0286878
59.37 -0.027424
59.38 -0.0261453
59.39 -0.0248924
59.4 -0.0237022
59.41 -0.0226059
59.42 -0.0216292
59.43 -0.0207909
59.44 -0.0201177
59.45 -0.0196005
59.46 -0.0192349
59.47 -0.0190107
59.48 -0.0189125
59.49 -0.0189197
59.5 -0.0190081
59.51 -0.0191507
59.52 -0.019318
59.53 -0.0194763
59.54 -0.0195976
59.55 -0.0196562
59.56 -0.0196295
59.57 -0.0194988
59.58 -0.0192499
59.59 -0.018872
59.6 -0.0183527
59.61 -0.0177064
59.62 -0.0169417
59.63 -0.0160719
59.64 -0.0151149
59.65 -0.0140922
59.66 -0.0130276
59.67 -0.0119477
59.68 -0.0108826
59.69 -0.00985961
59.7 -0.00890334
59.71 -0.00803609
59.72 -0.00727691
59.73 -0.00664086
59.74 -0.0061385
59.75 -0.00578119
59.76 -0.00557174
59.77 -0.0054959
59.78 -0.0055431
59.79 -0.0056984
59.8 -0.00594304
59.81 -0.00625514
59.82 -0.00661061
59.83 -0.0069835
59.84 -0.0073445
59.85 -0.00766808
59.86 -0.00793129
59.87 -0.00811395
59.88 -0.00819946
59.89 -0.00817549
59.9 -0.00803447
59.91 -0.00776656
59.92 -0.0073792
59.93 -0.0068865
59.94 -0.00630321
59.95 -0.00564881
59.96 -0.00494688
59.97 -0.00422441
59.98 -0.00351096
59.99 -0.0028433
60 -0.00225464
60.01 -0.00177508
60.02 -0.00143417
60.03 -0.00125882
60.04 -0.00127247
60.05 -0.00149432
60.06 -0.00193868
60.07 -0.00263522
60.08 -0.00356907
60.09 -0.0047332
60.1 -0.00611785
60.11 -0.0077078
60.12 -0.00948277
60.13 -0.011418
60.14 -0.013485
60.15 -0.015659
60.16 -0.0178933
60.17 -0.0201531
60.18 -0.0224036
60.19 -0.0246109
60.2 -0.0267429
60.21 -0.0287703
60.22 -0.0306652
60.23 -0.032391
60.24 -0.0339429
60.25 -0.0353086
60.26 -0.03648
60.27 -0.0374539
60.28 -0.0382311
60.29 -0.0388167
60.3 -0.0392151
60.31 -0.0394297
60.32 -0.0394887
60.33 -0.0394076
60.34 -0.0392026
60.35 -0.0388898
60.36 -0.0384848
60.37 -0.0380021
60.38 -0.0374523
60.39 -0.0368455
60.4 -0.0361934
60.41 -0.035501
60.42 -0.0347709
60.43 -0.034003
60.44 -0.0331951
60.45 -0.0323434
60.46 -0.0314395
60.47 -0.0304758
60.48 -0.029448
60.49 -0.0283496
60.5 -0.0271748
60.51 -0.0259194
60.52 -0.0245809
60.53 -0.023159
60.54 -0.0216517
60.55 -0.0200665
60.56 -0.0184154
60.57 -0.0167101
60.58 -0.0149646
60.59 -0.0131954
60.6 -0.0114208
60.61 -0.00966065
60.62 -0.00793953
60.63 -0.00627917
60.64 -0.00469855
60.65 -0.00321643
60.66 -0.0018496
60.67 -0.000612262
60.68 0.000484524
60.69 0.00143327
60.7 0.00221797
60.71 0.00284971
60.72 0.00333725
60.73 0.00369074
60.74 0.00392427
60.75 0.00405557
60.76 0.00410556
60.77 0.00409773
60.78 0.00405701
60.79 0.00401538
60.8 0.00400007
60.81 0.00403754
60.82 0.00415287
60.83 0.00436902
60.84 0.00470615
60.85 0.00518182
60.86 0.00582345
60.87 0.00662497
60.88 0.0075892
60.89 0.00871433
60.9 0.00999391
60.91 0.0114171
60.92 0.012969
60.93 0.0146326
60.94 0.0163895
60.95 0.0182061
60.96 0.0200565
60.97 0.0219138
60.98 0.0237512
60.99 0.0255424
61 0.0272627
61.01 0.0288859
61.02 0.030385
61.03 0.0317503
61.04 0.032969
61.05 0.0340316
61.06 0.0349324
61.07 0.0356691
61.08 0.0362429
61.09 0.0366517
61.1 0.0369009
61.11 0.0370094
61.12 0.0369884
61.13 0.0368499
61.14 0.0366064
61.15 0.0362701
61.16 0.0358525
61.17 0.0353606
61.18 0.0348043
61.19 0.0341934
61.2 0.033532
61.21 0.0328219
61.22 0.032063
61.23 0.0312528
61.24 0.0303873
61.25 0.0294567
61.26 0.0284553
61.27 0.0273784
61.28 0.0262192
61.29 0.0249718
61.3 0.0236313
61.31 0.0221949
61.32 0.0206623
61.33 0.0190286
61.34 0.0173053
61.35 0.015504
61.36 0.0136375
61.37 0.0117218
61.38 0.00977639
61.39 0.00782323
61.4 0.00588696
61.41 0.00400048
61.42 0.00219116
61.43 0.000487047
61.44 -0.00108349
61.45 -0.00249306
61.46 -0.00371599
61.47 -0.00472899
61.48 -0.0055119
61.49 -0.00602207
61.5 -0.00627164
61.51 -0.00625405
61.52 -0.00596747
61.53 -0.00541497
61.54 -0.00460447
61.55 -0.00354856
61.56 -0.00226184
61.57 -0.000751565
61.58 0.000937056
61.59 0.00277649
61.6 0.00473737
61.61 0.00678923
61.62 0.00890129
61.63 0.0110432
61.64 0.013185
61.65 0.015295
61.66 0.0173491
61.67 0.0193259
61.68 0.0212076
61.69 0.0229796
61.7 0.0246313
61.71 0.0261553
61.72 0.0275435
61.73 0.0287917
61.74 0.0299114
61.75 0.030908
61.76 0.0317883
61.77 0.0325603
61.78 0.0332327
61.79 0.0338138
61.8 0.0343079
61.81 0.0347221
61.82 0.0350655
61.83 0.0353409
61.84 0.035549
61.85 0.0356883
61.86 0.0357549
61.87 0.0357432
61.88 0.0356399
61.89 0.0354363
61.9 0.035126
61.91 0.0346986
61.92 0.0341444
61.93 0.0334542
61.94 0.0326208
61.95 0.0316389
61.96 0.0304952
61.97 0.0291971
61.98 0.0277543
61.99 0.0261755
62 0.0244732
62.01 0.022664
62.02 0.0207677
62.03 0.0188075
62.04 0.0168085
62.05 0.0148041
62.06 0.0128246
62.07 0.0108998
62.08 0.00905892
62.09 0.00732997
62.1 0.00573848
62.11 0.00430685
62.12 0.0030718
62.13 0.00203159
62.14 0.00119228
62.15 0.000555342
62.16 0.000116284
62.17 -0.000135323
62.18 -0.000215719
62.19 -0.000145913
62.2 5.52249e-05
62.21 0.000341994
62.22 0.000679441
62.23 0.00103048
62.24 0.00135698
62.25 0.00162093
62.26 0.00178559
62.27 0.0018137
62.28 0.00166076
62.29 0.00131357
62.3 0.00075305
62.31 -3.34519e-05
62.32 -0.00105161
62.33 -0.00229981
62.34 -0.00376904
62.35 -0.00544833
62.36 -0.00731843
62.37 -0.00933378
62.38 -0.0114579
62.39 -0.0136499
62.4 -0.0158658
62.41 -0.0180594
62.42 -0.020184
62.43 -0.0221868
62.44 -0.0240156
62.45 -0.025638
62.46 -0.0270194
62.47 -0.0281312
62.48 -0.0289515
62.49 -0.029466
62.5 -0.0296684
62.51 -0.0295445
62.52 -0.0291087
62.53 -0.0283956
62.54 -0.0274323
62.55 -0.0262523
62.56 -0.0248942
62.57 -0.0234011
62.58 -0.0218189
62.59 -0.0201955
62.6 -0.0185851
62.61 -0.0170344
62.62 -0.0155855
62.63 -0.0142763
62.64 -0.0131388
62.65 -0.0121986
62.66 -0.0114738
62.67 -0.0109922
62.68 -0.0107428
62.69 -0.0107121
62.7 -0.0108843
62.71 -0.0112361
62.72 -0.0117382
62.73 -0.0123556
62.74 -0.0130492
62.75 -0.0137764
62.76 -0.014487
62.77 -0.0151379
62.78 -0.0156884
62.79 -0.0161012
62.8 -0.0163439
62.81 -0.01639
62.82 -0.0162203
62.83 -0.0157999
62.84 -0.0151498
62.85 -0.0142778
62.86 -0.0132001
62.87 -0.011941
62.88 -0.0105326
62.89 -0.00901355
62.9 -0.00742799
62.91 -0.00582875
62.92 -0.00427291
62.93 -0.00281312
62.94 -0.00150125
62.95 -0.000386691
62.96 0.000485119
62.97 0.0010742
62.98 0.00133914
62.99 0.0012344
63 0.000770532
63.01 -5.72695e-05
63.02 -0.00124405
63.03 -0.00277515
63.04 -0.00462655
63.05 -0.00676549
63.06 -0.00915837
63.07 -0.011757
63.08 -0.0144919
63.09 -0.0173058
63.1 -0.0201397
63.11 -0.0229345
63.12 -0.025633
63.13 -0.0281812
63.14 -0.0305181
63.15 -0.0325949
63.16 -0.0343896
63.17 -0.0358778
63.18 -0.0370446
63.19 -0.037885
63.2 -0.0384036
63.21 -0.0386148
63.22 -0.0385269
63.23 -0.038182
63.24 -0.0376319
63.25 -0.0369224
63.26 -0.0361029
63.27 -0.0352253
63.28 -0.0343419
63.29 -0.0335037
63.3 -0.0327689
63.31 -0.032181
63.32 -0.031773
63.33 -0.031573
63.34 -0.0316006
63.35 -0.031866
63.36 -0.0323699
63.37 -0.0331029
63.38 -0.0340612
63.39 -0.0351986
63.4 -0.036473
63.41 -0.0378392
63.42 -0.0392462
63.43 -0.0406389
63.44 -0.0419599
63.45 -0.0431511
63.46 -0.0441322
63.47 -0.0448617
63.48 -0.0452926
63.49 -0.045383
63.5 -0.0450989
63.51 -0.0444151
63.52 -0.0433162
63.53 -0.0417943
63.54 -0.0398196
63.55 -0.0374502
63.56 -0.0347141
63.57 -0.0316487
63.58 -0.0282993
63.59 -0.0247182
63.6 -0.020963
63.61 -0.0170946
63.62 -0.0131809
63.63 -0.0092943
63.64 -0.00549712
63.65 -0.00184808
63.66 0.00159908
63.67 0.00479705
63.68 0.00770608
63.69 0.0102847
63.7 0.0124955
63.71 0.014352
63.72 0.0158542
63.73 0.017012
63.74 0.0178442
63.75 0.018378
63.76 0.0186481
63.77 0.018688
63.78 0.0185468
63.79 0.0182869
63.8 0.0179593
63.81 0.017615
63.82 0.0173033
63.83 0.0170701
63.84 0.0169572
63.85 0.0170109
63.86 0.0172624
63.87 0.0177244
63.88 0.0184091
63.89 0.0193205
63.9 0.0204546
63.91 0.0217993
63.92 0.0233354
63.93 0.0250454
63.94 0.026888
63.95 0.0288199
63.96 0.0308003
63.97 0.0327864
63.98 0.0347346
63.99 0.0366021
64 0.0383476
64.01 0.0399176
64.02 0.0412833
64.03 0.0424203
64.04 0.0433059
64.05 0.0439236
64.06 0.0442631
64.07 0.0443209
64.08 0.0440997
64.09 0.0435853
64.1 0.0428156
64.11 0.0418146
64.12 0.0406069
64.13 0.0392209
64.14 0.0376869
64.15 0.0360371
64.16 0.0343041
64.17 0.0325183
64.18 0.0307183
64.19 0.0289326
64.2 0.0271873
64.21 0.0255051
64.22 0.023905
64.23 0.0224023
64.24 0.0210096
64.25 0.0197434
64.26 0.0185965
64.27 0.0175677
64.28 0.0166529
64.29 0.0158451
64.3 0.0151353
64.31 0.0145125
64.32 0.013966
64.33 0.0134848
64.34 0.0130504
64.35 0.0126501
64.36 0.0122721
64.37 0.0119057
64.38 0.0115413
64.39 0.0111711
64.4 0.010788
64.41 0.0103862
64.42 0.00996367
64.43 0.00951871
64.44 0.00905095
64.45 0.00856096
64.46 0.00805008
64.47 0.0075202
64.48 0.00697282
64.49 0.00641051
64.5 0.00583634
64.51 0.00525234
64.52 0.0046602
64.53 0.00406131
64.54 0.00345676
64.55 0.0028474
64.56 0.00223377
64.57 0.00161682
64.58 0.000997759
64.59 0.000378067
64.6 -0.000240131
64.61 -0.00085389
64.62 -0.00145928
64.63 -0.00205124
64.64 -0.00262155
64.65 -0.00316247
64.66 -0.00366556
64.67 -0.00412063
64.68 -0.00451652
64.69 -0.00484129
64.7 -0.00508253
64.71 -0.00522761
64.72 -0.00525391
64.73 -0.00515576
64.74 -0.00492436
64.75 -0.00455051
64.76 -0.00402678
64.77 -0.00334795
64.78 -0.00251124
64.79 -0.00151657
64.8 -0.000352441
64.81 0.00096019
64.82 0.00241091
64.83 0.00398719
64.84 0.00567372
64.85 0.00745266
64.86 0.00930395
64.87 0.0112059
64.88 0.013135
64.89 0.0150625
64.9 0.0169639
64.91 0.0188146
64.92 0.0205912
64.93 0.0222712
64.94 0.023834
64.95 0.0252581
64.96 0.0265161
64.97 0.0276068
64.98 0.0285202
64.99 0.0292498
65 0.0297917
65.01 0.0301451
65.02 0.0303121
65.03 0.030292
65.04 0.0300859
65.05 0.0297161
65.06 0.0291937
65.07 0.0285308
65.08 0.0277406
65.09 0.0268368
65.1 0.025833
65.11 0.0247399
65.12 0.023571
65.13 0.0223438
65.14 0.0210697
65.15 0.0197595
65.16 0.0184229
65.17 0.0170688
65.18 0.0157051
65.19 0.0143393
65.2 0.012979
65.21 0.0116302
65.22 0.0102988
65.23 0.00899044
65.24 0.00771089
65.25 0.00646595
65.26 0.0052616
65.27 0.00410756
65.28 0.00300948
65.29 0.00197212
65.3 0.00100184
65.31 0.000104702
65.32 -0.000713687
65.33 -0.00144847
65.34 -0.00209579
65.35 -0.00264591
65.36 -0.00310298
65.37 -0.0034703
65.38 -0.00375117
65.39 -0.00395109
65.4 -0.00407785
65.41 -0.00414154
65.42 -0.00415452
65.43 -0.00412945
65.44 -0.00408734
65.45 -0.00404674
65.46 -0.0040269
65.47 -0.00404759
65.48 -0.00412862
65.49 -0.00428925
65.5 -0.00454771
65.51 -0.00493307
65.52 -0.00544855
65.53 -0.0061044
65.54 -0.0069073
65.55 -0.00786004
65.56 -0.0089611
65.57 -0.0102045
65.58 -0.0115813
65.59 -0.0130831
65.6 -0.0146781
65.61 -0.016342
65.62 -0.018047
65.63 -0.0197625
65.64 -0.0214557
65.65 -0.0230925
65.66 -0.0246347
65.67 -0.0260376
65.68 -0.0272754
65.69 -0.0283176
65.7 -0.0291367
65.71 -0.029709
65.72 -0.0300156
65.73 -0.0300425
65.74 -0.0297706
65.75 -0.02919
65.76 -0.0283244
65.77 -0.0271851
65.78 -0.0257888
65.79 -0.0241581
65.8 -0.0223204
65.81 -0.0203073
65.82 -0.0181495
65.83 -0.0158903
65.84 -0.0135771
65.85 -0.0112513
65.86 -0.00895363
65.87 -0.00672406
65.88 -0.00460038
65.89 -0.0026176
65.9 -0.000819332
65.91 0.000767919
65.92 0.00212999
65.93 0.00325072
65.94 0.00411929
65.95 0.00473029
65.96 0.0050836
65.97 0.00518423
65.98 0.00502534
65.99 0.00463395
66 0.00403569
66.01 0.00325231
66.02 0.00230789
66.03 0.00122818
66.04 3.98806e-05
66.05 -0.00123003
66.06 -0.00255739
66.07 -0.00391053
66.08 -0.00526493
66.09 -0.00659907
66.1 -0.00789385
66.11 -0.0091329
66.12 -0.0103028
66.13 -0.011393
66.14 -0.0123872
66.15 -0.0132891
66.16 -0.014098
66.17 -0.0148154
66.18 -0.0154453
66.19 -0.0159936
66.2 -0.0164679
66.21 -0.0168771
66.22 -0.017228
66.23 -0.0175379
66.24 -0.017819
66.25 -0.0180834
66.26 -0.0183438
66.27 -0.0186125
66.28 -0.0189017
66.29 -0.0192241
66.3 -0.0195949
66.31 -0.0200218
66.32 -0.0205145
66.33 -0.0210821
66.34 -0.0217324
66.35 -0.0224722
66.36 -0.0233071
66.37 -0.0242443
66.38 -0.0252906
66.39 -0.0264392
66.4 -0.0276887
66.41 -0.0290352
66.42 -0.0304727
66.43 -0.0319929
66.44 -0.0335846
66.45 -0.0352361
66.46 -0.0369292
66.47 -0.0386416
66.48 -0.0403514
66.49 -0.0420348
66.5 -0.0436663
66.51 -0.0452188
66.52 -0.0466645
66.53 -0.0479659
66.54 -0.0490926
66.55 -0.0500242
66.56 -0.0507356
66.57 -0.0512044
66.58 -0.0514113
66.59 -0.0513408
66.6 -0.0509821
66.61 -0.0503094
66.62 -0.0493327
66.63 -0.0480688
66.64 -0.0465304
66.65 -0.044736
66.66 -0.0427096
66.67 -0.0404807
66.68 -0.0380836
66.69 -0.0355494
66.7 -0.0329319
66.71 -0.0302777
66.72 -0.0276318
66.73 -0.0250387
66.74 -0.0225414
66.75 -0.0201802
66.76 -0.0179915
66.77 -0.0160276
66.78 -0.0142987
66.79 -0.0128195
66.8 -0.0115992
66.81 -0.010639
66.82 -0.00993167
66.83 -0.00946213
66.84 -0.00920751
66.85 -0.00915162
66.86 -0.00923497
66.87 -0.00941367
66.88 -0.00963974
66.89 -0.00986243
66.9 -0.0100297
66.91 -0.0100897
66.92 -0.00998961
66.93 -0.00966283
66.94 -0.00908336
66.95 -0.0082171
66.96 -0.00703753
66.97 -0.00552666
66.98 -0.00367565
66.99 -0.00148531
67 0.0010416
67.01 0.00389691
67.02 0.00702424
67.03 0.0103837
67.04 0.0139283
67.05 0.0176049
67.06 0.0213558
67.07 0.0251204
67.08 0.0288324
67.09 0.0324196
67.1 0.035827
67.11 0.039
67.12 0.0418897
67.13 0.0444539
67.14 0.0466588
67.15 0.0484794
67.16 0.0498802
67.17 0.0508551
67.18 0.0514317
67.19 0.0516259
67.2 0.0514628
67.21 0.0509751
67.22 0.0502023
67.23 0.0491896
67.24 0.0479776
67.25 0.0466285
67.26 0.045202
67.27 0.0437494
67.28 0.042319
67.29 0.0409554
67.3 0.0396977
67.31 0.0385787
67.32 0.0376378
67.33 0.0368863
67.34 0.0363279
67.35 0.0359631
67.36 0.0357849
67.37 0.0357794
67.38 0.0359266
67.39 0.0362015
67.4 0.0365808
67.41 0.0370226
67.42 0.0374922
67.43 0.0379571
67.44 0.0383861
67.45 0.0387508
67.46 0.0390267
67.47 0.0391939
67.48 0.0392249
67.49 0.0391226
67.5 0.038886
67.51 0.0385195
67.52 0.0380327
67.53 0.0374404
67.54 0.0367612
67.55 0.0360167
67.56 0.0352302
67.57 0.0344326
67.58 0.0336485
67.59 0.0329011
67.6 0.0322111
67.61 0.0315955
67.62 0.031067
67.63 0.0306356
67.64 0.0303097
67.65 0.0300772
67.66 0.029929
67.67 0.029851
67.68 0.0298247
67.69 0.0298285
67.7 0.0298381
67.71 0.0298266
67.72 0.0297634
67.73 0.0296261
67.74 0.0293929
67.75 0.0290463
67.76 0.0285729
67.77 0.0279652
67.78 0.0272219
67.79 0.026343
67.8 0.0253412
67.81 0.024244
67.82 0.0230775
67.83 0.021873
67.84 0.0206662
67.85 0.0194956
67.86 0.0184017
67.87 0.0174338
67.88 0.0166349
67.89 0.0160346
67.9 0.0156634
67.91 0.0155453
67.92 0.015697
67.93 0.0161267
67.94 0.016833
67.95 0.0178216
67.96 0.0190591
67.97 0.0205038
67.98 0.0221143
67.99 0.0238416
68 0.0256297
68.01 0.0274181
68.02 0.0291429
68.03 0.0307233
68.04 0.032096
68.05 0.0332034
68.06 0.0339905
68.07 0.0344094
68.08 0.0344215
68.09 0.0339983
68.1 0.0331229
68.11 0.0317501
68.12 0.029928
68.13 0.0276855
68.14 0.0250586
68.15 0.0220947
68.16 0.018851
68.17 0.0153929
68.18 0.011792
68.19 0.00812536
68.2 0.00448342
68.21 0.000942322
68.22 -0.0024256
68.23 -0.00555407
68.24 -0.00838506
68.25 -0.0108706
68.26 -0.0129689
68.27 -0.0146258
68.28 -0.015869
68.29 -0.0167066
68.3 -0.0171605
68.31 -0.0172656
68.32 -0.0170689
68.33 -0.016628
68.34 -0.0160062
68.35 -0.0152799
68.36 -0.0145387
68.37 -0.0138601
68.38 -0.0133195
68.39 -0.0129879
68.4 -0.0129291
68.41 -0.0131976
68.42 -0.0138521
68.43 -0.0149351
68.44 -0.0164356
68.45 -0.0183515
68.46 -0.0206657
68.47 -0.0233466
68.48 -0.0263492
68.49 -0.0296158
68.5 -0.0330843
68.51 -0.0366669
68.52 -0.0402706
68.53 -0.0438093
68.54 -0.047197
68.55 -0.0503508
68.56 -0.0531932
68.57 -0.0556549
68.58 -0.057647
68.59 -0.0591287
68.6 -0.0600888
68.61 -0.0605134
68.62 -0.0604041
68.63 -0.0597781
68.64 -0.0586676
68.65 -0.0571187
68.66 -0.0551671
68.67 -0.0529082
68.68 -0.0504312
68.69 -0.0478195
68.7 -0.045159
68.71 -0.0425349
68.72 -0.0400288
68.73 -0.0377164
68.74 -0.0356921
68.75 -0.0339974
68.76 -0.0326687
68.77 -0.031732
68.78 -0.0311986
68.79 -0.0310647
68.8 -0.031311
68.81 -0.0319045
68.82 -0.0328225
68.83 -0.0339723
68.84 -0.0352839
68.85 -0.036682
68.86 -0.0380878
68.87 -0.0394212
68.88 -0.0406041
68.89 -0.0415604
68.9 -0.0421924
68.91 -0.0424673
68.92 -0.0423421
68.93 -0.0417868
68.94 -0.0407855
68.95 -0.0393371
68.96 -0.0374551
68.97 -0.03516
68.98 -0.032477
68.99 -0.0294941
69 -0.0262768
69.01 -0.0228977
69.02 -0.0194346
69.03 -0.0159677
69.04 -0.0125769
69.05 -0.00934679
69.06 -0.00636554
69.07 -0.00368378
69.08 -0.00135345
69.09 0.000585203
69.1 0.00210472
69.11 0.0031912
69.12 0.00384449
69.13 0.00406078
69.14 0.00386641
69.15 0.00332606
69.16 0.00249039
69.17 0.00141794
69.18 0.000173046
69.19 -0.00117653
69.2 -0.00256193
69.21 -0.00391014
69.22 -0.00515004
69.23 -0.00622727
69.24 -0.00709383
69.25 -0.00771146
69.26 -0.00805277
69.27 -0.00810196
69.28 -0.00785518
69.29 -0.0073022
69.3 -0.00647619
69.31 -0.00541866
69.32 -0.0041702
69.33 -0.0027783
69.34 -0.00129547
69.35 0.000222843
69.36 0.00172044
69.37 0.00313226
69.38 0.00440689
69.39 0.00550191
69.4 0.00638075
69.41 0.00701577
69.42 0.00738927
69.43 0.0074941
69.44 0.00733392
69.45 0.00690221
69.46 0.00624785
69.47 0.00540861
69.48 0.00442733
69.49 0.00335259
69.5 0.00223686
69.51 0.00113454
69.52 0.000100189
69.53 -0.000797725
69.54 -0.00152036
69.55 -0.00202774
69.56 -0.00228789
69.57 -0.00227806
69.58 -0.00198563
69.59 -0.00140862
69.6 -0.000552144
69.61 0.000579729
69.62 0.0019317
69.63 0.00346368
69.64 0.00512845
69.65 0.00687332
69.66 0.00864197
69.67 0.0103764
69.68 0.0120152
69.69 0.01349
69.7 0.0147592
69.71 0.0157802
69.72 0.0165185
69.73 0.0169491
69.74 0.0170572
69.75 0.0168388
69.76 0.016289
69.77 0.0154214
69.78 0.0142859
69.79 0.012921
69.8 0.0113724
69.81 0.00969166
69.82 0.00793419
69.83 0.00615742
69.84 0.00442362
69.85 0.00279546
69.86 0.0013209
69.87 4.42741e-05
69.88 -0.000997579
69.89 -0.0017764
69.9 -0.00227339
69.91 -0.00247964
69.92 -0.00237904
69.93 -0.00199209
69.94 -0.00135246
69.95 -0.000490526
69.96 0.000556635
69.97 0.00174673
69.98 0.00303396
69.99 0.00437074
70 0.00570626
70.01 0.00699029
70.02 0.00818208
70.03 0.0092463
70.04 0.0101544
70.05 0.0108854
70.06 0.0114267
70.07 0.0117746
70.08 0.0119186
70.09 0.0118878
70.1 0.0117073
70.11 0.0114055
70.12 0.0110159
70.13 0.0105752
70.14 0.0101218
70.15 0.00969404
70.16 0.00933809
70.17 0.0090832
70.18 0.00895587
70.19 0.00897615
70.2 0.00915644
70.21 0.00950075
70.22 0.0100044
70.23 0.0106548
70.24 0.0114371
70.25 0.0123066
70.26 0.0132251
70.27 0.0141495
70.28 0.0150331
70.29 0.0158275
70.3 0.0164846
70.31 0.0169535
70.32 0.0171745
70.33 0.0171282
70.34 0.0167881
70.35 0.0161366
70.36 0.0151662
70.37 0.0138806
70.38 0.0122942
70.39 0.0104252
70.4 0.00830692
70.41 0.00600615
70.42 0.00357914
70.43 0.00108858
70.44 -0.00139831
70.45 -0.00381186
70.46 -0.00608212
70.47 -0.00812874
70.48 -0.00987706
70.49 -0.0112842
70.5 -0.0123036
70.51 -0.0128991
70.52 -0.0130464
70.53 -0.0127336
70.54 -0.0119622
70.55 -0.0107234
70.56 -0.00905566
70.57 -0.00702147
70.58 -0.00467428
70.59 -0.00207664
70.6 0.000701738
70.61 0.00358606
70.62 0.00649875
70.63 0.00935311
70.64 0.0120667
70.65 0.0145714
70.66 0.0168042
70.67 0.0187111
70.68 0.0202489
70.69 0.0213859
70.7 0.0221032
70.71 0.0223615
70.72 0.0221964
70.73 0.0216399
70.74 0.0207268
70.75 0.0195022
70.76 0.01802
70.77 0.0163408
70.78 0.0145301
70.79 0.0126566
70.8 0.0108
70.81 0.00902664
70.82 0.0073977
70.83 0.00596803
70.84 0.00478442
70.85 0.00388436
70.86 0.00329595
70.87 0.00306691
70.88 0.00316841
70.89 0.00359158
70.9 0.00431719
70.91 0.00531662
70.92 0.00655308
70.93 0.00798312
70.94 0.00955962
70.95 0.0112317
70.96 0.0129346
70.97 0.0146166
70.98 0.0162285
70.99 0.0177258
71 0.0190697
71.01 0.0202285
71.02 0.0211719
71.03 0.0218729
71.04 0.0223426
71.05 0.0225843
71.06 0.0226096
71.07 0.022437
71.08 0.0220912
71.09 0.0216018
71.1 0.0209992
71.11 0.0203216
71.12 0.0196112
71.13 0.0189027
71.14 0.0182281
71.15 0.0176155
71.16 0.0170886
71.17 0.0166652
71.18 0.0163635
71.19 0.0161891
71.2 0.016134
71.21 0.0161901
71.22 0.0163443
71.23 0.0165789
71.24 0.0168729
71.25 0.0172028
71.26 0.0175431
71.27 0.0178661
71.28 0.0181485
71.29 0.0183703
71.3 0.0185147
71.31 0.0185693
71.32 0.0185266
71.33 0.0183841
71.34 0.0181382
71.35 0.0178027
71.36 0.0173937
71.37 0.0169284
71.38 0.0164265
71.39 0.0159097
71.4 0.0154002
71.41 0.0149196
71.42 0.0144933
71.43 0.0141356
71.44 0.0138573
71.45 0.013665
71.46 0.0135593
71.47 0.013535
71.48 0.0135805
71.49 0.0136783
71.5 0.0138052
71.51 0.0139272
71.52 0.0140117
71.53 0.0140236
71.54 0.0139268
71.55 0.0136859
71.56 0.0132676
71.57 0.0126401
71.58 0.0117575
71.59 0.0106232
71.6 0.00922869
71.61 0.00757434
71.62 0.00566966
71.63 0.0035336
71.64 0.00119437
71.65 -0.00131359
71.66 -0.00394656
71.67 -0.00663878
71.68 -0.00933252
71.69 -0.0119671
71.7 -0.0144809
71.71 -0.0168134
71.72 -0.0189071
71.73 -0.0206987
71.74 -0.0221272
71.75 -0.0231797
71.76 -0.0238338
71.77 -0.0240789
71.78 -0.0239175
71.79 -0.0233648
71.8 -0.0224488
71.81 -0.021198
71.82 -0.0196691
71.83 -0.0179435
71.84 -0.0160921
71.85 -0.0141911
71.86 -0.0123195
71.87 -0.0105565
71.88 -0.00897867
71.89 -0.00767639
71.9 -0.00671744
71.91 -0.00614155
71.92 -0.00598787
71.93 -0.00628166
71.94 -0.00703325
71.95 -0.00823739
71.96 -0.00987317
71.97 -0.0119281
71.98 -0.0143294
71.99 -0.0169981
72 -0.0198578
72.01 -0.0228241
72.02 -0.0258074
72.03 -0.0287155
72.04 -0.0314573
72.05 -0.0339177
72.06 -0.0360245
72.07 -0.0377145
72.08 -0.0389318
72.09 -0.0396354
72.1 -0.0398001
72.11 -0.0394184
72.12 -0.0385002
72.13 -0.0370301
72.14 -0.0351026
72.15 -0.032786
72.16 -0.0301577
72.17 -0.0273058
72.18 -0.0243268
72.19 -0.0213226
72.2 -0.0183973
72.21 -0.0156804
72.22 -0.013258
72.23 -0.0112171
72.24 -0.00963319
72.25 -0.00856734
72.26 -0.00806462
72.27 -0.00815235
72.28 -0.00884831
72.29 -0.01018
72.3 -0.0120622
72.31 -0.0144434
72.32 -0.0172561
72.33 -0.0204187
72.34 -0.0238385
72.35 -0.0274141
72.36 -0.0310371
72.37 -0.0345834
72.38 -0.0379447
72.39 -0.0410208
72.4 -0.0437204
72.41 -0.045964
72.42 -0.0476863
72.43 -0.048838
72.44 -0.0493633
72.45 -0.0492358
72.46 -0.0485033
72.47 -0.047194
72.48 -0.0453532
72.49 -0.0430415
72.5 -0.040333
72.51 -0.0373123
72.52 -0.0340662
72.53 -0.0307061
72.54 -0.0273412
72.55 -0.0240683
72.56 -0.0209783
72.57 -0.018154
72.58 -0.0156675
72.59 -0.013578
72.6 -0.01196
72.61 -0.0108324
72.62 -0.010187
72.63 -0.0100165
72.64 -0.0102979
72.65 -0.0109942
72.66 -0.0120558
72.67 -0.0134224
72.68 -0.0150378
72.69 -0.0168076
72.7 -0.0186489
72.71 -0.0204854
72.72 -0.0222442
72.73 -0.0238581
72.74 -0.0252679
72.75 -0.0264246
72.76 -0.0272625
72.77 -0.0277772
72.78 -0.0279634
72.79 -0.0278246
72.8 -0.0273763
72.81 -0.0266454
72.82 -0.0256684
72.83 -0.0244898
72.84 -0.0231502
72.85 -0.0217232
72.86 -0.0202642
72.87 -0.0188264
72.88 -0.0174591
72.89 -0.0162057
72.9 -0.0151016
72.91 -0.0141751
72.92 -0.0134583
72.93 -0.012937
72.94 -0.0126026
72.95 -0.0124357
72.96 -0.0124073
72.97 -0.0124798
72.98 -0.0126089
72.99 -0.012744
73 -0.012824
73.01 -0.0127963
73.02 -0.0126105
73.03 -0.0122207
73.04 -0.0115875
73.05 -0.0106799
73.06 -0.00947678
73.07 -0.00795758
73.08 -0.00611524
73.09 -0.00398686
73.1 -0.0016004
73.11 0.00100545
73.12 0.00378247
73.13 0.00667459
73.14 0.00961979
73.15 0.0125486
73.16 0.0153844
73.17 0.0180635
73.18 0.0205255
73.19 0.0227167
73.2 0.0245926
73.21 0.0261195
73.22 0.0272761
73.23 0.0280331
73.24 0.028405
73.25 0.0284323
73.26 0.0281528
73.27 0.0276164
73.28 0.0268843
73.29 0.0260267
73.3 0.0251204
73.31 0.0242549
73.32 0.0235205
73.33 0.0229958
73.34 0.0227555
73.35 0.0228662
73.36 0.0233839
73.37 0.024352
73.38 0.0257993
73.39 0.0277785
73.4 0.0302522
73.41 0.0331858
73.42 0.0365377
73.43 0.040251
73.44 0.0442548
73.45 0.0484662
73.46 0.0527929
73.47 0.0571278
73.48 0.0613572
73.49 0.0653784
73.5 0.069092
73.51 0.0724058
73.52 0.0752369
73.53 0.0775145
73.54 0.0791799
73.55 0.0801301
73.56 0.0804072
73.57 0.0800114
73.58 0.0789611
73.59 0.0772923
73.6 0.075057
73.61 0.0723222
73.62 0.0691619
73.63 0.0656533
73.64 0.0619283
73.65 0.0580872
73.66 0.0542304
73.67 0.0504547
73.68 0.0468507
73.69 0.0435001
73.7 0.0404837
73.71 0.0378802
73.72 0.0357027
73.73 0.0339725
73.74 0.0326943
73.75 0.0318562
73.76 0.0314312
73.77 0.0313777
73.78 0.0316516
73.79 0.0321846
73.8 0.0328839
73.81 0.0336716
73.82 0.034468
73.83 0.0351949
73.84 0.0357781
73.85 0.0361503
73.86 0.0362363
73.87 0.0359845
73.88 0.0353769
73.89 0.0343953
73.9 0.0330357
73.91 0.0313084
73.92 0.0292368
73.93 0.0268569
73.94 0.0242025
73.95 0.0213445
73.96 0.0183565
73.97 0.0153066
73.98 0.0122641
73.99 0.00929725
74 0.00647077
74.01 0.00384352
74.02 0.00148869
74.03 -0.000561966
74.04 -0.00228721
74.05 -0.00367117
74.06 -0.00471018
74.07 -0.00541265
74.08 -0.00579845
74.09 -0.00589794
74.1 -0.00573314
74.11 -0.00537473
74.12 -0.0048793
74.13 -0.00430289
74.14 -0.00370202
74.15 -0.00313153
74.16 -0.00264249
74.17 -0.00228026
74.18 -0.00210217
74.19 -0.00212207
74.2 -0.00235661
74.21 -0.00281233
74.22 -0.00348532
74.23 -0.00436158
74.24 -0.00541779
74.25 -0.00662352
74.26 -0.00794471
74.27 -0.0093242
74.28 -0.0107153
74.29 -0.012071
74.3 -0.0133458
74.31 -0.0144978
74.32 -0.0154909
74.33 -0.0162911
74.34 -0.016865
74.35 -0.0172191
74.36 -0.0173554
74.37 -0.0172862
74.38 -0.0170338
74.39 -0.01663
74.4 -0.016115
74.41 -0.0155352
74.42 -0.014949
74.43 -0.0144157
74.44 -0.0139907
74.45 -0.0137276
74.46 -0.0136757
74.47 -0.0138781
74.48 -0.0143695
74.49 -0.01519
74.5 -0.0163566
74.51 -0.0178503
74.52 -0.0196571
74.53 -0.0217504
74.54 -0.0240916
74.55 -0.0266313
74.56 -0.0293105
74.57 -0.0320623
74.58 -0.0348034
74.59 -0.037455
74.6 -0.0399411
74.61 -0.0421884
74.62 -0.0441285
74.63 -0.0457007
74.64 -0.0468538
74.65 -0.0475146
74.66 -0.0476739
74.67 -0.0473379
74.68 -0.0465135
74.69 -0.0452226
74.7 -0.0435019
74.71 -0.0414013
74.72 -0.038983
74.73 -0.0363062
74.74 -0.0334761
74.75 -0.0305841
74.76 -0.0277193
74.77 -0.0249698
74.78 -0.0224203
74.79 -0.0201492
74.8 -0.018226
74.81 -0.0167517
74.82 -0.0157383
74.83 -0.0152102
74.84 -0.0151791
74.85 -0.0156409
74.86 -0.0165758
74.87 -0.0179489
74.88 -0.0197128
74.89 -0.0218292
74.9 -0.0241879
74.91 -0.026708
74.92 -0.0293041
74.93 -0.0318891
74.94 -0.0343764
74.95 -0.0366835
74.96 -0.0387284
74.97 -0.0404145
74.98 -0.0417103
74.99 -0.0425742
75 -0.0429784
75.01 -0.0429093
75.02 -0.0423682
75.03 -0.0413703
75.04 -0.0399334
75.05 -0.0380878
75.06 -0.0359179
75.07 -0.0334855
75.08 -0.0308582
75.09 -0.0281067
75.1 -0.0253025
75.11 -0.0225156
75.12 -0.0198178
75.13 -0.0172784
75.14 -0.0149411
75.15 -0.012845
75.16 -0.0110181
75.17 -0.00947671
75.18 -0.00822492
75.19 -0.00725498
75.2 -0.00656005
75.21 -0.00610469
75.22 -0.00583617
75.23 -0.00570779
75.24 -0.00566816
75.25 -0.00566325
75.26 -0.00563856
75.27 -0.00554126
75.28 -0.00531151
75.29 -0.0049049
75.3 -0.00429198
75.31 -0.00344748
75.32 -0.002356
75.33 -0.00101247
75.34 0.000577631
75.35 0.00239857
75.36 0.0044379
75.37 0.00664605
75.38 0.00897482
75.39 0.0113757
75.4 0.0137965
75.41 0.0161832
75.42 0.0184821
75.43 0.0206415
75.44 0.0225931
75.45 0.0243057
75.46 0.0257483
75.47 0.0268958
75.48 0.0277318
75.49 0.0282497
75.5 0.0284522
75.51 0.0283511
75.52 0.0279412
75.53 0.027282
75.54 0.0264095
75.55 0.0253639
75.56 0.024188
75.57 0.0229263
75.58 0.0216224
75.59 0.0203186
75.6 0.0190595
75.61 0.017876
75.62 0.0167934
75.63 0.0158298
75.64 0.0149955
75.65 0.0142932
75.66 0.0137177
75.67 0.0132591
75.68 0.0129011
75.69 0.0126096
75.7 0.0123555
75.71 0.0121073
75.72 0.0118326
75.73 0.0114996
75.74 0.0110786
75.75 0.0105387
75.76 0.00985237
75.77 0.00901362
75.78 0.00801547
75.79 0.00685829
75.8 0.00554988
75.81 0.00410539
75.82 0.00254682
75.83 0.000899943
75.84 -0.000797355
75.85 -0.0025027
75.86 -0.00417611
75.87 -0.00577702
75.88 -0.0072659
75.89 -0.00860577
75.9 -0.00976368
75.91 -0.0106985
75.92 -0.0113909
75.93 -0.0118383
75.94 -0.0120373
75.95 -0.0119929
75.96 -0.0117183
75.97 -0.0112347
75.98 -0.0105706
75.99 -0.00975332
76 -0.00883339
76.01 -0.00785897
76.02 -0.00687533
76.03 -0.00592749
76.04 -0.00505857
76.05 -0.00430808
76.06 -0.00371045
76.07 -0.00331024
76.08 -0.0031169
76.09 -0.00313656
76.1 -0.00336968
76.11 -0.00380746
76.12 -0.00443207
76.13 -0.0052172
76.14 -0.00612892
76.15 -0.00713067
76.16 -0.00816477
76.17 -0.00918131
76.18 -0.0101298
76.19 -0.0109604
76.2 -0.0116259
76.21 -0.0120831
76.22 -0.0122936
76.23 -0.0122001
76.24 -0.0118077
76.25 -0.0111068
76.26 -0.0100978
76.27 -0.00879105
76.28 -0.00720669
76.29 -0.00537394
76.3 -0.00332748
76.31 -0.00110608
76.32 0.00122223
76.33 0.00360343
76.34 0.0059822
76.35 0.00830379
76.36 0.0105159
76.37 0.0125706
76.38 0.0144188
76.39 0.0160126
76.4 0.017343
76.41 0.0183955
76.42 0.0191659
76.43 0.0196597
76.44 0.0198921
76.45 0.0198874
76.46 0.0196712
76.47 0.0192847
76.48 0.0187849
76.49 0.0182196
76.5 0.0176374
76.51 0.0170859
76.52 0.0166098
76.53 0.0162491
76.54 0.0160471
76.55 0.0160313
76.56 0.0162096
76.57 0.0165871
76.58 0.0171595
76.59 0.0179124
76.6 0.018822
76.61 0.0198564
76.62 0.0209782
76.63 0.0221336
76.64 0.0232692
76.65 0.0243331
76.66 0.0252736
76.67 0.026041
76.68 0.0265901
76.69 0.0268818
76.7 0.0268606
76.71 0.0265183
76.72 0.0258524
76.73 0.0248642
76.74 0.0235658
76.75 0.0219806
76.76 0.0201417
76.77 0.0180919
76.78 0.0158725
76.79 0.0135587
76.8 0.011214
76.81 0.00890204
76.82 0.00668546
76.83 0.00462439
76.84 0.00277406
76.85 0.00118285
76.86 -7.63249e-05
76.87 -0.00100311
76.88 -0.00158205
76.89 -0.00180951
76.9 -0.00169401
76.91 -0.00125602
76.92 -0.000527296
76.93 0.00045243
76.94 0.00164174
76.95 0.00295987
76.96 0.00434345
76.97 0.005727
76.98 0.00704535
76.99 0.00823593
77 0.00924107
77.01 0.0100035
77.02 0.0104627
77.03 0.0106091
77.04 0.0104262
77.05 0.00991007
77.06 0.00906964
77.07 0.00792644
77.08 0.00651393
77.09 0.00487053
77.1 0.00305238
77.11 0.00113656
77.12 -0.00080953
77.13 -0.00271613
77.14 -0.0045136
77.15 -0.00613486
77.16 -0.00751785
77.17 -0.00859169
77.18 -0.00930385
77.19 -0.00963908
77.2 -0.00957848
77.21 -0.00911655
77.22 -0.00826151
77.23 -0.00703511
77.24 -0.00547205
77.25 -0.00360524
77.26 -0.0015051
77.27 0.00074932
77.28 0.00308527
77.29 0.0054268
77.3 0.00769736
77.31 0.00982232
77.32 0.0117316
77.33 0.0133382
77.34 0.0145949
77.35 0.0154702
77.36 0.0159367
77.37 0.0159807
77.38 0.0156027
77.39 0.0148174
77.4 0.0136528
77.41 0.0121264
77.42 0.0103189
77.43 0.00830015
77.44 0.00614022
77.45 0.00391357
77.46 0.00169634
77.47 -0.000436301
77.48 -0.00241269
77.49 -0.00414059
77.5 -0.00557885
77.51 -0.0066846
77.52 -0.00742562
77.53 -0.00778295
77.54 -0.00775139
77.55 -0.00733965
77.56 -0.00656817
77.57 -0.00544772
77.58 -0.004061
77.59 -0.00246613
77.6 -0.000728302
77.61 0.00108256
77.62 0.00289425
77.63 0.00463485
77.64 0.00623156
77.65 0.00760065
77.66 0.00870065
77.67 0.00948735
77.68 0.00992793
77.69 0.0100021
77.7 0.00970275
77.71 0.00903599
77.72 0.00801175
77.73 0.00665333
77.74 0.00503048
77.75 0.00319716
77.76 0.00121429
77.77 -0.000852484
77.78 -0.00293517
77.79 -0.00496588
77.8 -0.00687181
77.81 -0.00858233
77.82 -0.0100538
77.83 -0.0112444
77.84 -0.0121234
77.85 -0.0126716
77.86 -0.0128827
77.87 -0.0127627
77.88 -0.0123154
77.89 -0.0115782
77.9 -0.0106087
77.91 -0.00945845
77.92 -0.00818493
77.93 -0.00685008
77.94 -0.00551767
77.95 -0.00425098
77.96 -0.00312239
77.97 -0.00218907
77.98 -0.00149212
77.99 -0.00106799
78 -0.000942332
78.01 -0.00112909
78.02 -0.00162996
78.03 -0.00243436
78.04 -0.00353885
78.05 -0.0048897
78.06 -0.00643481
78.07 -0.00812114
78.08 -0.00989008
78.09 -0.0116797
78.1 -0.013427
78.11 -0.0150705
78.12 -0.0165334
78.13 -0.017773
78.14 -0.0187502
78.15 -0.0194341
78.16 -0.0198054
78.17 -0.0198571
78.18 -0.0195951
78.19 -0.019038
78.2 -0.0181938
78.21 -0.0171363
78.22 -0.0159192
78.23 -0.0146031
78.24 -0.013254
78.25 -0.0119402
78.26 -0.0107302
78.27 -0.00969265
78.28 -0.00891198
78.29 -0.00842296
78.3 -0.00826618
78.31 -0.00847024
78.32 -0.00905033
78.33 -0.0100074
78.34 -0.0113277
78.35 -0.0129898
78.36 -0.0149608
78.37 -0.0171573
78.38 -0.0195108
78.39 -0.0219444
78.4 -0.0243754
78.41 -0.0267178
78.42 -0.0288851
78.43 -0.0307814
78.44 -0.0323098
78.45 -0.0334209
78.46 -0.0340591
78.47 -0.0341826
78.48 -0.0337649
78.49 -0.0327962
78.5 -0.0312842
78.51 -0.029231
78.52 -0.0266838
78.53 -0.0237316
78.54 -0.02045
78.55 -0.016926
78.56 -0.0132557
78.57 -0.00954164
78.58 -0.00588902
78.59 -0.00241919
78.6 0.000757358
78.61 0.00355572
78.62 0.00589419
78.63 0.00770439
78.64 0.00893353
78.65 0.00954617
78.66 0.00952546
78.67 0.00883033
78.68 0.00751445
78.69 0.00564166
78.7 0.00327429
78.71 0.000490068
78.72 -0.00262027
78.73 -0.00595568
78.74 -0.00940785
78.75 -0.0128554
78.76 -0.0161743
78.77 -0.0192566
78.78 -0.0220011
78.79 -0.0243172
78.8 -0.0261274
78.81 -0.0273695
78.82 -0.0279988
78.83 -0.0279276
78.84 -0.0272092
78.85 -0.0258652
78.86 -0.0239322
78.87 -0.0214643
78.88 -0.0185316
78.89 -0.0152181
78.9 -0.0116174
78.91 -0.0078276
78.92 -0.00398282
78.93 -0.000192194
78.94 0.00343782
78.95 0.00680664
78.96 0.00982256
78.97 0.0124054
78.98 0.0144789
78.99 0.015953
79 0.0168411
79.01 0.0171322
79.02 0.0168334
79.03 0.0159697
79.04 0.0145824
79.05 0.0127281
79.06 0.0104672
79.07 0.00787836
79.08 0.0050794
79.09 0.00216541
79.1 -0.000767003
79.11 -0.00362255
79.12 -0.00631017
79.13 -0.0087457
79.14 -0.0108378
79.15 -0.0125098
79.16 -0.0137348
79.17 -0.0144809
79.18 -0.014731
79.19 -0.0144839
79.2 -0.013753
79.21 -0.0125662
79.22 -0.0109451
79.23 -0.00895314
79.24 -0.00667345
79.25 -0.00417653
79.26 -0.00153708
79.27 0.00116841
79.28 0.00386411
79.29 0.00647721
79.3 0.00892619
79.31 0.0111495
79.32 0.0131038
79.33 0.0147512
79.34 0.0160651
79.35 0.0170308
79.36 0.017646
79.37 0.0179202
79.38 0.0178513
79.39 0.0174924
79.4 0.0168921
79.41 0.0160988
79.42 0.0151653
79.43 0.0141479
79.44 0.0131036
79.45 0.0120886
79.46 0.0111684
79.47 0.0103889
79.48 0.00979043
79.49 0.00940656
79.5 0.00926238
79.51 0.00937382
79.52 0.00974743
79.53 0.0103804
79.54 0.0112835
79.55 0.0124083
79.56 0.013725
79.57 0.0151977
79.58 0.0167859
79.59 0.0184454
79.6 0.0201304
79.61 0.0217937
79.62 0.0233805
79.63 0.0248518
79.64 0.0261701
79.65 0.0273031
79.66 0.0282248
79.67 0.0289157
79.68 0.0293636
79.69 0.0295576
79.7 0.0294878
79.71 0.0291841
79.72 0.0286633
79.73 0.0279476
79.74 0.0270636
79.75 0.0260412
79.76 0.024913
79.77 0.0237112
79.78 0.0224727
79.79 0.0212342
79.8 0.020026
79.81 0.0188749
79.82 0.0178045
79.83 0.0168338
79.84 0.015977
79.85 0.0152497
79.86 0.014657
79.87 0.0141907
79.88 0.013845
79.89 0.01361
79.9 0.0134725
79.91 0.0134168
79.92 0.0134249
79.93 0.0134793
79.94 0.0135572
79.95 0.0136379
79.96 0.0137035
79.97 0.013738
79.98 0.0137276
79.99 0.013661
80 0.0135302
80.01 0.0133247
80.02 0.013046
80.03 0.0126979
80.04 0.0122851
80.05 0.0118148
80.06 0.0112964
80.07 0.0107412
80.08 0.0101614
80.09 0.00957047
80.1 0.00898394
80.11 0.00841504
80.12 0.00787605
80.13 0.00737806
80.14 0.00693064
80.15 0.00654154
80.16 0.00621654
80.17 0.00596592
80.18 0.00578477
80.19 0.00567153
80.2 0.00562299
80.21 0.00563407
80.22 0.00569807
80.23 0.00580686
80.24 0.00595138
80.25 0.00612265
80.26 0.00630674
80.27 0.00649278
80.28 0.00666995
80.29 0.00682778
80.3 0.00695635
80.31 0.00704648
80.32 0.00708887
80.33 0.00707209
80.34 0.00699423
80.35 0.00685062
80.36 0.00663775
80.37 0.00635339
80.38 0.00599647
80.39 0.00556717
80.4 0.00506472
80.41 0.00448929
80.42 0.00384976
80.43 0.00315107
80.44 0.00239923
80.45 0.00160125
80.46 0.00076514
80.47 -0.00010014
80.48 -0.000985075
80.49 -0.00187759
80.5 -0.002765
80.51 -0.00363503
80.52 -0.00447488
80.53 -0.00527144
80.54 -0.00601141
80.55 -0.00668154
80.56 -0.00726369
80.57 -0.00774457
80.58 -0.00811688
80.59 -0.00837061
80.6 -0.00849727
80.61 -0.00849026
80.62 -0.00834508
80.63 -0.00805963
80.64 -0.0076254
80.65 -0.00705092
80.66 -0.00634803
80.67 -0.00552667
80.68 -0.00459967
80.69 -0.00358269
80.7 -0.00249396
80.71 -0.00135406
80.72 -0.000185203
80.73 0.000984218
80.74 0.00212834
80.75 0.00322156
80.76 0.00423855
80.77 0.00515481
80.78 0.00594734
80.79 0.0065952
80.8 0.00706398
80.81 0.00735062
80.82 0.00744633
80.83 0.00734458
80.84 0.00704308
80.85 0.00654399
80.86 0.00585388
80.87 0.00498353
80.88 0.00393347
80.89 0.00274129
80.9 0.00142992
80.91 2.49625e-05
80.92 -0.00144596
80.93 -0.00295385
80.94 -0.00446914
80.95 -0.00596168
80.96 -0.00739614
80.97 -0.00874851
80.98 -0.0099949
80.99 -0.0111145
81 -0.0120902
81.01 -0.0129088
81.02 -0.0135616
81.03 -0.0140402
81.04 -0.0143367
81.05 -0.0144704
81.06 -0.0144514
81.07 -0.0142942
81.08 -0.0140165
81.09 -0.0136391
81.1 -0.0131853
81.11 -0.0126791
81.12 -0.0121491
81.13 -0.0116246
81.14 -0.0111314
81.15 -0.010694
81.16 -0.0103348
81.17 -0.0100742
81.18 -0.00992953
81.19 -0.0099216
81.2 -0.0100624
81.21 -0.010351
81.22 -0.0107893
81.23 -0.0113756
81.24 -0.0121047
81.25 -0.0129681
81.26 -0.0139541
81.27 -0.0150543
81.28 -0.0162477
81.29 -0.0175119
81.3 -0.0188277
81.31 -0.0201752
81.32 -0.0215349
81.33 -0.0228875
81.34 -0.0242147
81.35 -0.0254953
81.36 -0.0267142
81.37 -0.0278598
81.38 -0.0289209
81.39 -0.0298889
81.4 -0.0307569
81.41 -0.0315206
81.42 -0.0321774
81.43 -0.0327177
81.44 -0.0331504
81.45 -0.0334801
81.46 -0.0337108
81.47 -0.0338475
81.48 -0.033896
81.49 -0.0338621
81.5 -0.0337521
81.51 -0.0335661
81.52 -0.0333169
81.53 -0.0330106
81.54 -0.0326521
81.55 -0.0322463
81.56 -0.031797
81.57 -0.031308
81.58 -0.0307819
81.59 -0.0302186
81.6 -0.0296235
81.61 -0.0289983
81.62 -0.0283446
81.63 -0.0276636
81.64 -0.0269566
81.65 -0.0262246
81.66 -0.0254684
81.67 -0.0246877
81.68 -0.0238858
81.69 -0.0230639
81.7 -0.0222231
81.71 -0.0213647
81.72 -0.0204899
81.73 -0.0195997
81.74 -0.0186949
81.75 -0.0177759
81.76 -0.0168444
81.77 -0.0159011
81.78 -0.0149466
81.79 -0.0139811
81.8 -0.0130052
81.81 -0.0120193
81.82 -0.0110235
81.83 -0.0100187
81.84 -0.00900643
81.85 -0.00798825
81.86 -0.00696614
81.87 -0.00594266
81.88 -0.00492099
81.89 -0.00390494
81.9 -0.00289986
81.91 -0.00191156
81.92 -0.000945432
81.93 -7.84389e-06
81.94 0.000894465
81.95 0.00175453
81.96 0.00256536
81.97 0.00332009
81.98 0.00400765
81.99 0.00462359
82 0.00516526
82.01 0.00562891
82.02 0.00601206
82.03 0.00631367
82.04 0.00653426
82.05 0.00667602
82.06 0.00673737
82.07 0.00672895
82.08 0.00665998
82.09 0.00653949
82.1 0.00637778
82.11 0.00618619
82.12 0.00597683
82.13 0.00576229
82.14 0.00555714
82.15 0.0053744
82.16 0.00522578
82.17 0.00512212
82.18 0.00507303
82.19 0.00508658
82.2 0.00516913
82.21 0.00532521
82.22 0.00556481
82.23 0.00588042
82.24 0.00626999
82.25 0.00672957
82.26 0.00725356
82.27 0.00783493
82.28 0.00846549
82.29 0.00913664
82.3 0.00984014
82.31 0.0105631
82.32 0.0112964
82.33 0.0120316
82.34 0.0127615
82.35 0.0134801
82.36 0.0141828
82.37 0.0148665
82.38 0.0155292
82.39 0.0161736
82.4 0.0168027
82.41 0.0174207
82.42 0.0180332
82.43 0.0186467
82.44 0.0192682
82.45 0.0199058
82.46 0.0205676
82.47 0.0212585
82.48 0.021983
82.49 0.0227442
82.5 0.023543
82.51 0.0243781
82.52 0.0252458
82.53 0.0261405
82.54 0.027052
82.55 0.0279671
82.56 0.0288718
82.57 0.0297501
82.58 0.0305848
82.59 0.0313578
82.6 0.0320506
82.61 0.0326377
82.62 0.0331021
82.63 0.0334325
82.64 0.0336162
82.65 0.0336432
82.66 0.0335071
82.67 0.0332054
82.68 0.0327396
82.69 0.0321051
82.7 0.0313211
82.71 0.0304079
82.72 0.0293853
82.73 0.0282767
82.74 0.0271086
82.75 0.0259097
82.76 0.0247106
82.77 0.0235479
82.78 0.0224536
82.79 0.0214569
82.8 0.0205852
82.81 0.0198632
82.82 0.0193113
82.83 0.0189454
82.84 0.0187764
82.85 0.0188288
82.86 0.0190818
82.87 0.0195262
82.88 0.0201473
82.89 0.0209249
82.9 0.0218335
82.91 0.0228431
82.92 0.0239198
82.93 0.025025
82.94 0.0261139
82.95 0.0271467
82.96 0.028084
82.97 0.0288885
82.98 0.0295254
82.99 0.0299636
83 0.0301724
83.01 0.0301141
83.02 0.0297947
83.03 0.0292082
83.04 0.0283558
83.05 0.0272454
83.06 0.0258922
83.07 0.0243175
83.08 0.0225438
83.09 0.0206021
83.1 0.0185437
83.11 0.0164093
83.12 0.0142417
83.13 0.0120845
83.14 0.0099805
83.15 0.00797105
83.16 0.00610191
83.17 0.00441393
83.18 0.00292745
83.19 0.00166497
83.2 0.000642575
83.21 -0.000130437
83.22 -0.000651777
83.23 -0.000926154
83.24 -0.000953082
83.25 -0.000755976
83.26 -0.000370649
83.27 0.000172931
83.28 0.000840826
83.29 0.00159613
83.3 0.00240003
83.31 0.00321295
83.32 0.00399092
83.33 0.004693
83.34 0.00528578
83.35 0.0057383
83.36 0.00602404
83.37 0.00612157
83.38 0.00601499
83.39 0.00569431
83.4 0.00513848
83.41 0.00436325
83.42 0.00338268
83.43 0.0022114
83.44 0.00086878
83.45 -0.000621646
83.46 -0.00223299
83.47 -0.00393583
83.48 -0.00570164
83.49 -0.00749071
83.5 -0.00927096
83.51 -0.0110121
83.52 -0.0126858
83.53 -0.0142665
83.54 -0.0157317
83.55 -0.0170626
83.56 -0.018229
83.57 -0.0192352
83.58 -0.0200765
83.59 -0.0207522
83.6 -0.0212658
83.61 -0.0216243
83.62 -0.0218382
83.63 -0.0219192
83.64 -0.0218763
83.65 -0.0217383
83.66 -0.0215238
83.67 -0.0212514
83.68 -0.0209398
83.69 -0.0206068
83.7 -0.0202688
83.71 -0.0199414
83.72 -0.0196398
83.73 -0.0193732
83.74 -0.0191491
83.75 -0.0189729
83.76 -0.0188471
83.77 -0.0187724
83.78 -0.0187469
83.79 -0.0187685
83.8 -0.0188322
83.81 -0.0189282
83.82 -0.0190488
83.83 -0.0191857
83.84 -0.0193303
83.85 -0.0194741
83.86 -0.0196091
83.87 -0.0197264
83.88 -0.0198184
83.89 -0.0198805
83.9 -0.0199082
83.91 -0.0198981
83.92 -0.0198479
83.93 -0.0197563
83.94 -0.0196231
83.95 -0.0194466
83.96 -0.0192294
83.97 -0.0189754
83.98 -0.0186873
83.99 -0.018368
84 -0.0180208
84.01 -0.017649
84.02 -0.017256
84.03 -0.0168439
84.04 -0.016417
84.05 -0.0159788
84.06 -0.0155321
84.07 -0.0150796
84.08 -0.0146241
84.09 -0.0141682
84.1 -0.0137147
84.11 -0.0132672
84.12 -0.0128285
84.13 -0.012402
84.14 -0.0119913
84.15 -0.0116001
84.16 -0.0112326
84.17 -0.0108931
84.18 -0.0105862
84.19 -0.0103206
84.2 -0.0100977
84.21 -0.00992198
84.22 -0.0097976
84.23 -0.00972838
84.24 -0.00971761
84.25 -0.00976789
84.26 -0.00988159
84.27 -0.010065
84.28 -0.0103121
84.29 -0.0106212
84.3 -0.0109901
84.31 -0.0114151
84.32 -0.0118916
84.33 -0.0124139
84.34 -0.012976
84.35 -0.0135716
84.36 -0.0141893
84.37 -0.0148205
84.38 -0.0154561
84.39 -0.0160869
84.4 -0.0167037
84.41 -0.0172977
84.42 -0.0178588
84.43 -0.0183766
84.44 -0.0188459
84.45 -0.0192602
84.46 -0.0196136
84.47 -0.0199011
84.48 -0.0201187
84.49 -0.020263
84.5 -0.0203283
84.51 -0.0203118
84.52 -0.0202169
84.53 -0.0200438
84.54 -0.0197927
84.55 -0.0194646
84.56 -0.0190609
84.57 -0.0185834
84.58 -0.0180301
84.59 -0.0174047
84.6 -0.016713
84.61 -0.0159579
84.62 -0.0151428
84.63 -0.0142714
84.64 -0.0133475
84.65 -0.0123757
84.66 -0.0113584
84.67 -0.0103032
84.68 -0.00921787
84.69 -0.0081092
84.7 -0.00698466
84.71 -0.0058523
84.72 -0.00472075
84.73 -0.00359907
84.74 -0.00249905
84.75 -0.00143025
84.76 -0.000401928
84.77 0.000576439
84.78 0.00149578
84.79 0.0023477
84.8 0.00312469
84.81 0.00382037
84.82 0.00442149
84.83 0.0049317
84.84 0.00535058
84.85 0.00567884
84.86 0.00591915
84.87 0.00607623
84.88 0.00615682
84.89 0.00616941
84.9 0.00612011
84.91 0.00602778
84.92 0.00590596
84.93 0.00576907
84.94 0.00563205
84.95 0.00550998
84.96 0.00541762
84.97 0.00536986
84.98 0.005385
84.99 0.00546992
85 0.00563355
85.01 0.00588244
85.02 0.00622058
85.03 0.00664921
85.04 0.00716668
85.05 0.00777043
85.06 0.00845559
85.07 0.00920515
85.08 0.010006
85.09 0.0108428
85.1 0.0116986
85.11 0.0125554
85.12 0.0133941
85.13 0.0141935
85.14 0.0149309
85.15 0.0155912
85.16 0.0161581
85.17 0.0166175
85.18 0.0169575
85.19 0.0171691
85.2 0.0172462
85.21 0.0171792
85.22 0.0169689
85.23 0.016627
85.24 0.0161615
85.25 0.0155831
85.26 0.0149053
85.27 0.0141439
85.28 0.0133166
85.29 0.0124407
85.3 0.0115397
85.31 0.0106355
85.32 0.00974754
85.33 0.00889462
85.34 0.00809389
85.35 0.0073606
85.36 0.00670771
85.37 0.00615281
85.38 0.00569949
85.39 0.00534896
85.4 0.00510195
85.41 0.00495623
85.42 0.00490682
85.43 0.00494624
85.44 0.00506485
85.45 0.00525594
85.46 0.00550056
85.47 0.00578401
85.48 0.0060924
85.49 0.00641216
85.5 0.0067305
85.51 0.00703587
85.52 0.00731834
85.53 0.00756638
85.54 0.00777712
85.55 0.00794799
85.56 0.00807883
85.57 0.00817196
85.58 0.0082321
85.59 0.00826614
85.6 0.00828284
85.61 0.00829325
85.62 0.0083106
85.63 0.00834727
85.64 0.00841572
85.65 0.00852809
85.66 0.00869562
85.67 0.00892826
85.68 0.00923588
85.69 0.00962976
85.7 0.0101069
85.71 0.0106676
85.72 0.0113095
85.73 0.0120269
85.74 0.0128118
85.75 0.0136533
85.76 0.0145386
85.77 0.0154511
85.78 0.01637
85.79 0.0172765
85.8 0.0181506
85.81 0.0189722
85.82 0.0197216
85.83 0.0203799
85.84 0.0209239
85.85 0.0213344
85.86 0.0216051
85.87 0.021726
85.88 0.0216902
85.89 0.0214942
85.9 0.021138
85.91 0.0206252
85.92 0.019955
85.93 0.0191416
85.94 0.0182062
85.95 0.0171661
85.96 0.0160411
85.97 0.014853
85.98 0.0136251
85.99 0.0123818
86 0.01115
86.01 0.00995667
86.02 0.0088248
86.03 0.00777623
86.04 0.00683076
86.05 0.00600562
86.06 0.00531505
86.07 0.0047699
86.08 0.00438988
86.09 0.00416888
86.1 0.00410191
86.11 0.00418314
86.12 0.00440277
86.13 0.0047472
86.14 0.00519934
86.15 0.00573893
86.16 0.00634663
86.17 0.00698934
86.18 0.00763949
86.19 0.00826932
86.2 0.00885095
86.21 0.00935716
86.22 0.00976201
86.23 0.0100412
86.24 0.0101575
86.25 0.0101069
86.26 0.00987624
86.27 0.00945705
86.28 0.00884563
86.29 0.00804337
86.3 0.00705691
86.31 0.00589579
86.32 0.00456835
86.33 0.0031123
86.34 0.00155504
86.35 -7.22128e-05
86.36 -0.00173508
86.37 -0.00339677
86.38 -0.00501895
86.39 -0.00655945
86.4 -0.00796962
86.41 -0.00921905
86.42 -0.0102737
86.43 -0.0111032
86.44 -0.0116816
86.45 -0.0119887
86.46 -0.0120101
86.47 -0.0117269
86.48 -0.0111328
86.49 -0.0102554
86.5 -0.00911109
86.51 -0.00772412
86.52 -0.00612553
86.53 -0.00435293
86.54 -0.00244961
86.55 -0.000462269
86.56 0.00154976
86.57 0.003528
86.58 0.00541712
86.59 0.00716252
86.6 0.00871182
86.61 0.0100163
86.62 0.0110323
86.63 0.0117004
86.64 0.0119965
86.65 0.0119146
86.66 0.0114462
86.67 0.0105924
86.68 0.00936534
86.69 0.00778737
86.7 0.00589117
86.71 0.00370242
86.72 0.00129238
86.73 -0.00127123
86.74 -0.00392205
86.75 -0.00658947
86.76 -0.00920041
86.77 -0.0116812
86.78 -0.0139597
86.79 -0.0159379
86.8 -0.017567
86.81 -0.018797
86.82 -0.0195832
86.83 -0.0198919
86.84 -0.0197011
86.85 -0.019002
86.86 -0.0177991
86.87 -0.0160657
86.88 -0.013885
86.89 -0.0113058
86.9 -0.0083875
86.91 -0.0051995
86.92 -0.00182008
86.93 0.00166579
86.94 0.00516775
86.95 0.0085778
86.96 0.0118045
86.97 0.0147598
86.98 0.0173611
86.99 0.0195339
87 0.0212137
87.01 0.0223475
87.02 0.022883
87.03 0.0227584
87.04 0.0220153
87.05 0.020664
87.06 0.0187303
87.07 0.0162552
87.08 0.0132937
87.09 0.00991338
87.1 0.00618466
87.11 0.00219782
87.12 -0.0019296
87.13 -0.00609915
87.14 -0.0102118
87.15 -0.0141704
87.16 -0.0178826
87.17 -0.0212632
87.18 -0.0242152
87.19 -0.0266623
87.2 -0.0285808
87.21 -0.0299384
87.22 -0.0307186
87.23 -0.0309214
87.24 -0.0305625
87.25 -0.0296736
87.26 -0.0282769
87.27 -0.0264478
87.28 -0.0242811
87.29 -0.0218598
87.3 -0.019273
87.31 -0.0166141
87.32 -0.0139778
87.33 -0.0114574
87.34 -0.00916246
87.35 -0.00717683
87.36 -0.00556508
87.37 -0.00438746
87.38 -0.00369121
87.39 -0.00350935
87.4 -0.00385981
87.41 -0.00474504
87.42 -0.0061918
87.43 -0.00813522
87.44 -0.0105191
87.45 -0.0132855
87.46 -0.0163656
87.47 -0.0196819
87.48 -0.0231505
87.49 -0.026683
87.5 -0.030179
87.51 -0.0335437
87.52 -0.0366929
87.53 -0.0395483
87.54 -0.0420397
87.55 -0.0441069
87.56 -0.0457013
87.57 -0.0467852
87.58 -0.0472851
87.59 -0.0472463
87.6 -0.0466776
87.61 -0.045601
87.62 -0.0440511
87.63 -0.0420738
87.64 -0.0397249
87.65 -0.0370646
87.66 -0.0341548
87.67 -0.0310959
87.68 -0.0279646
87.69 -0.0248369
87.7 -0.0217863
87.71 -0.0188816
87.72 -0.0161855
87.73 -0.0137614
87.74 -0.0116738
87.75 -0.00993552
87.76 -0.00856878
87.77 -0.00758448
87.78 -0.00698236
87.79 -0.00675131
87.8 -0.00686993
87.81 -0.00731833
87.82 -0.00805774
87.83 -0.00902104
87.84 -0.0101554
87.85 -0.0114043
87.86 -0.0127093
87.87 -0.0140113
87.88 -0.0152526
87.89 -0.0163692
87.9 -0.0173035
87.91 -0.0180171
87.92 -0.0184718
87.93 -0.0186367
87.94 -0.0184885
87.95 -0.0180123
87.96 -0.0172014
87.97 -0.0160371
87.98 -0.0145395
87.99 -0.0127403
88 -0.0106652
88.01 -0.00834584
88.02 -0.00581884
88.03 -0.00312508
88.04 -0.000308528
88.05 0.00258697
88.06 0.00550547
88.07 0.00839831
88.08 0.01122
88.09 0.0139273
88.1 0.0164799
88.11 0.0188412
88.12 0.0209792
88.13 0.0228428
88.14 0.0244274
88.15 0.0257217
88.16 0.0267169
88.17 0.0274099
88.18 0.0278036
88.19 0.0279065
88.2 0.0277327
88.21 0.027278
88.22 0.0265939
88.23 0.0257098
88.24 0.024658
88.25 0.0234733
88.26 0.0221929
88.27 0.0208551
88.28 0.0194992
88.29 0.0181696
88.3 0.0169047
88.31 0.01574
88.32 0.0147079
88.33 0.0138376
88.34 0.0131539
88.35 0.0126771
88.36 0.0124269
88.37 0.0124264
88.38 0.0126591
88.39 0.0131203
88.4 0.0137991
88.41 0.0146782
88.42 0.0157346
88.43 0.0169397
88.44 0.0182626
88.45 0.0196631
88.46 0.0210923
88.47 0.0225065
88.48 0.0238609
88.49 0.0251113
88.5 0.0262145
88.51 0.0271302
88.52 0.02781
88.53 0.0282162
88.54 0.0283377
88.55 0.0281578
88.56 0.0276675
88.57 0.0268666
88.58 0.0257633
88.59 0.0243748
88.6 0.0227144
88.61 0.0208251
88.62 0.0187619
88.63 0.0165748
88.64 0.014319
88.65 0.0120537
88.66 0.00984035
88.67 0.00774113
88.68 0.00583357
88.69 0.00417558
88.7 0.00281372
88.71 0.00179378
88.72 0.00115339
88.73 0.000920826
88.74 0.0011139
88.75 0.00173917
88.76 0.00282476
88.77 0.00432366
88.78 0.00619571
88.79 0.00839826
88.8 0.0108786
88.81 0.0135754
88.82 0.0164197
88.83 0.0193375
88.84 0.0222433
88.85 0.0250512
88.86 0.0276838
88.87 0.0300672
88.88 0.0321333
88.89 0.0338217
88.9 0.0350815
88.91 0.035871
88.92 0.0361151
88.93 0.0358491
88.94 0.0350761
88.95 0.0338129
88.96 0.0320895
88.97 0.0299485
88.98 0.0274441
88.99 0.0246363
89 0.02159
89.01 0.0184085
89.02 0.0151733
89.03 0.0119665
89.04 0.00886839
89.05 0.00595476
89.06 0.00329486
89.07 0.000959582
89.08 -0.000979747
89.09 -0.00251186
89.1 -0.00361505
89.11 -0.00428149
89.12 -0.00451739
89.13 -0.0043427
89.14 -0.00379044
89.15 -0.00289465
89.16 -0.00171305
89.17 -0.000331425
89.18 0.00117857
89.19 0.00274174
89.2 0.00428183
89.21 0.00572393
89.22 0.00699695
89.23 0.0080207
89.24 0.00873259
89.25 0.00910071
89.26 0.009093
89.27 0.00869034
89.28 0.007887
89.29 0.0066909
89.3 0.0051232
89.31 0.00319913
89.32 0.000979695
89.33 -0.00146543
89.34 -0.00407168
89.35 -0.0067692
89.36 -0.00948521
89.37 -0.0121464
89.38 -0.0146813
89.39 -0.0170034
89.4 -0.0190564
89.41 -0.0207957
89.42 -0.022182
89.43 -0.0231881
89.44 -0.0237991
89.45 -0.0240133
89.46 -0.0238419
89.47 -0.0232803
89.48 -0.0223958
89.49 -0.0212411
89.5 -0.0198725
89.51 -0.0183521
89.52 -0.016746
89.53 -0.0151219
89.54 -0.0135464
89.55 -0.0121002
89.56 -0.010834
89.57 -0.00979578
89.58 -0.00902408
89.59 -0.00854622
89.6 -0.0083774
89.61 -0.00852016
89.62 -0.00896704
89.63 -0.00971408
89.64 -0.0106969
89.65 -0.0118681
89.66 -0.0131722
89.67 -0.0145468
89.68 -0.0159256
89.69 -0.0172403
89.7 -0.0184184
89.71 -0.0193771
89.72 -0.02007
89.73 -0.0204475
89.74 -0.0204699
89.75 -0.0201094
89.76 -0.0193507
89.77 -0.0181919
89.78 -0.0166328
89.79 -0.0146918
89.8 -0.0124364
89.81 -0.00991981
89.82 -0.007205
89.83 -0.00436301
89.84 -0.00147061
89.85 0.00139209
89.86 0.00413529
89.87 0.00666818
89.88 0.00892443
89.89 0.0108385
89.9 0.0123547
89.91 0.0134287
89.92 0.0140293
89.93 0.0141394
89.94 0.013729
89.95 0.012822
89.96 0.0114706
89.97 0.00971933
89.98 0.00762505
89.99 0.00525501
90 0.00268496
90.01 -3.29377e-06
90.02 -0.00272041
90.03 -0.00536905
90.04 -0.00786495
90.05 -0.0101297
90.06 -0.0120923
90.07 -0.0136916
90.08 -0.014878
90.09 -0.0156148
90.1 -0.0158404
90.11 -0.0155782
90.12 -0.0148483
90.13 -0.0136761
90.14 -0.0121006
90.15 -0.0101727
90.16 -0.00795415
90.17 -0.00551497
90.18 -0.0029256
90.19 -0.000286129
90.2 0.00232123
90.21 0.00481733
90.22 0.00712748
90.23 0.00918375
90.24 0.010927
90.25 0.0123068
90.26 0.0132472
90.27 0.0137636
90.28 0.0138492
90.29 0.0135105
90.3 0.0127676
90.31 0.0116523
90.32 0.010208
90.33 0.0084838
90.34 0.00653264
90.35 0.00444415
90.36 0.00228796
90.37 0.000134173
90.38 -0.00194895
90.39 -0.00389712
90.4 -0.00565207
90.41 -0.00715512
90.42 -0.00834866
90.43 -0.00922303
90.44 -0.00976167
90.45 -0.00995975
90.46 -0.00982412
90.47 -0.00937286
90.48 -0.00863449
90.49 -0.00763875
90.5 -0.00643395
90.51 -0.00508817
90.52 -0.00365857
90.53 -0.00220428
90.54 -0.000784425
90.55 0.000543736
90.56 0.00172667
90.57 0.00270387
90.58 0.00343014
90.59 0.0038842
90.6 0.00404407
90.61 0.00389744
90.62 0.00344177
90.63 0.00268419
90.64 0.00164104
90.65 0.000322519
90.66 -0.00122716
90.67 -0.00295868
90.68 -0.00482785
90.69 -0.00678762
90.7 -0.0087896
90.71 -0.0107857
90.72 -0.0127294
90.73 -0.0145675
90.74 -0.0162625
90.75 -0.0177854
90.76 -0.0191108
90.77 -0.0202207
90.78 -0.021104
90.79 -0.0217573
90.8 -0.0221837
90.81 -0.0223756
90.82 -0.0223673
90.83 -0.0221832
90.84 -0.0218488
90.85 -0.0213917
90.86 -0.0208409
90.87 -0.0202254
90.88 -0.0195733
90.89 -0.0189117
90.9 -0.0182657
90.91 -0.0176531
90.92 -0.0170873
90.93 -0.0165765
90.94 -0.0161243
90.95 -0.0157288
90.96 -0.0153842
90.97 -0.0150814
90.98 -0.014801
90.99 -0.0145255
91 -0.0142353
91.01 -0.0139105
91.02 -0.0135311
91.03 -0.0130785
91.04 -0.0125334
91.05 -0.0118753
91.06 -0.0111023
91.07 -0.0102096
91.08 -0.00919691
91.09 -0.00806904
91.1 -0.00683545
91.11 -0.00551027
91.12 -0.0041102
91.13 -0.00265891
91.14 -0.00118689
91.15 0.000277985
91.16 0.00170675
91.17 0.00307024
91.18 0.00434004
91.19 0.00548946
91.2 0.00648665
91.21 0.00730734
91.22 0.00794413
91.23 0.00838638
91.24 0.00862857
91.25 0.00867058
91.26 0.0085177
91.27 0.00818046
91.28 0.00766575
91.29 0.00699945
91.3 0.00621353
91.31 0.00533586
91.32 0.00439648
91.33 0.00342678
91.34 0.00245858
91.35 0.00152322
91.36 0.000657155
91.37 -0.000111494
91.38 -0.000760697
91.39 -0.00127008
91.4 -0.00162346
91.41 -0.0018092
91.42 -0.00182044
91.43 -0.00165515
91.44 -0.00130244
91.45 -0.000782159
91.46 -0.000110251
91.47 0.000696913
91.48 0.00161977
91.49 0.00263616
91.5 0.00372199
91.51 0.00485191
91.52 0.00599919
91.53 0.00713418
91.54 0.00823192
91.55 0.00926899
91.56 0.010224
91.57 0.0110778
91.58 0.011814
91.59 0.0124188
91.6 0.0128681
91.61 0.0131689
91.62 0.0133182
91.63 0.0133164
91.64 0.0131668
91.65 0.0128755
91.66 0.0124513
91.67 0.0119034
91.68 0.011239
91.69 0.0104834
91.7 0.00965276
91.71 0.00876427
91.72 0.00783575
91.73 0.00688532
91.74 0.00593116
91.75 0.00499215
91.76 0.0040892
91.77 0.00323767
91.78 0.00245321
91.79 0.00175037
91.8 0.00114237
91.81 0.000641019
91.82 0.000256515
91.83 2.7452e-06
91.84 -0.00011045
91.85 -8.65211e-05
91.86 7.66628e-05
91.87 0.000379106
91.88 0.000818641
91.89 0.00139091
91.9 0.00208937
91.91 0.00291094
91.92 0.00384267
91.93 0.00486581
91.94 0.00596555
91.95 0.00712559
91.96 0.00832844
91.97 0.0095557
91.98 0.0107884
91.99 0.0120052
92 0.0131853
92.01 0.0143112
92.02 0.0153658
92.03 0.0163338
92.04 0.0172016
92.05 0.0179577
92.06 0.0185933
92.07 0.0190924
92.08 0.0194585
92.09 0.019695
92.1 0.0198055
92.11 0.0197963
92.12 0.0196763
92.13 0.0194568
92.14 0.0191514
92.15 0.0187703
92.16 0.0183369
92.17 0.0178693
92.18 0.0173847
92.19 0.0169
92.2 0.0164311
92.21 0.0159925
92.22 0.0155969
92.23 0.0152611
92.24 0.0149882
92.25 0.0147829
92.26 0.0146474
92.27 0.0145809
92.28 0.0145804
92.29 0.0146401
92.3 0.0147528
92.31 0.0149111
92.32 0.0150994
92.33 0.0153057
92.34 0.0155179
92.35 0.0157241
92.36 0.0159129
92.37 0.0160741
92.38 0.0161979
92.39 0.0162743
92.4 0.0163017
92.41 0.0162778
92.42 0.0162021
92.43 0.0160764
92.44 0.0159043
92.45 0.0156907
92.46 0.015441
92.47 0.0151624
92.48 0.0148646
92.49 0.0145549
92.5 0.0142396
92.51 0.0139242
92.52 0.0136126
92.53 0.0133066
92.54 0.0130065
92.55 0.0127093
92.56 0.0124097
92.57 0.0121004
92.58 0.0117724
92.59 0.0114153
92.6 0.0110174
92.61 0.0105664
92.62 0.0100459
92.63 0.00944423
92.64 0.00875456
92.65 0.0079695
92.66 0.00708439
92.67 0.00609784
92.68 0.00501216
92.69 0.00383362
92.7 0.00256785
92.71 0.00123503
92.72 -0.000142912
92.73 -0.00154306
92.74 -0.00293954
92.75 -0.00430423
92.76 -0.0056076
92.77 -0.00681961
92.78 -0.00789845
92.79 -0.00882159
92.8 -0.00956702
92.81 -0.0101144
92.82 -0.0104485
92.83 -0.0105595
92.84 -0.0104445
92.85 -0.0101072
92.86 -0.00954019
92.87 -0.0087834
92.88 -0.00786512
92.89 -0.00681879
92.9 -0.00568348
92.91 -0.00450297
92.92 -0.00332455
92.93 -0.00219825
92.94 -0.00118859
92.95 -0.000338541
92.96 0.00030606
92.97 0.000703886
92.98 0.000819587
92.99 0.000625129
93 0.000100953
93.01 -0.000769018
93.02 -0.00200624
93.03 -0.00356914
93.04 -0.00543429
93.05 -0.00756827
93.06 -0.0099283
93.07 -0.0124633
93.08 -0.0151153
93.09 -0.0178202
93.1 -0.0205019
93.11 -0.0230885
93.12 -0.025512
93.13 -0.0277075
93.14 -0.0296152
93.15 -0.031182
93.16 -0.0323637
93.17 -0.0331078
93.18 -0.0333821
93.19 -0.0332047
93.2 -0.032581
93.21 -0.0315296
93.22 -0.0300813
93.23 -0.0282786
93.24 -0.0261747
93.25 -0.0238228
93.26 -0.0213038
93.27 -0.018704
93.28 -0.0161016
93.29 -0.0135741
93.3 -0.0111971
93.31 -0.00904147
93.32 -0.00717101
93.33 -0.00566606
93.34 -0.00456484
93.35 -0.00388427
93.36 -0.00364059
93.37 -0.00383642
93.38 -0.00446068
93.39 -0.00548894
93.4 -0.00688427
93.41 -0.00861835
93.42 -0.0106086
93.43 -0.01278
93.44 -0.0150597
93.45 -0.0173724
93.46 -0.0196421
93.47 -0.0217951
93.48 -0.0237619
93.49 -0.0254528
93.5 -0.0268293
93.51 -0.0278536
93.52 -0.0284967
93.53 -0.0287426
93.54 -0.0285881
93.55 -0.0280437
93.56 -0.0271323
93.57 -0.0258597
93.58 -0.0243104
93.59 -0.0225405
93.6 -0.0206128
93.61 -0.0185939
93.62 -0.0165527
93.63 -0.0145573
93.64 -0.0126753
93.65 -0.0109861
93.66 -0.00952991
93.67 -0.00834838
93.68 -0.00747245
93.69 -0.00692131
93.7 -0.00670179
93.71 -0.00680827
93.72 -0.00722943
93.73 -0.00794625
93.74 -0.00889297
93.75 -0.0100191
93.76 -0.0112675
93.77 -0.0125766
93.78 -0.0138826
93.79 -0.0151217
93.8 -0.0162258
93.81 -0.0171261
93.82 -0.0177834
93.83 -0.0181586
93.84 -0.0182227
93.85 -0.0179582
93.86 -0.0173594
93.87 -0.0164333
93.88 -0.0151852
93.89 -0.0136491
93.9 -0.0118843
93.91 -0.00994178
93.92 -0.0078794
93.93 -0.00575939
93.94 -0.00364633
93.95 -0.00160477
93.96 0.000291572
93.97 0.00198107
93.98 0.00342079
93.99 0.00457093
94 0.00540221
94.01 0.00589694
94.02 0.00604976
94.03 0.00586787
94.04 0.00535069
94.05 0.00454805
94.06 0.00351383
94.07 0.00230147
94.08 0.000971387
94.09 -0.000411088
94.1 -0.001778
94.11 -0.00306115
94.12 -0.00417679
94.13 -0.00506812
94.14 -0.00568529
94.15 -0.00598488
94.16 -0.00593432
94.17 -0.00551307
94.18 -0.00471347
94.19 -0.00354109
94.2 -0.00198399
94.21 -0.000110123
94.22 0.00203266
94.23 0.00438875
94.24 0.00689453
94.25 0.0094805
94.26 0.0120735
94.27 0.0145985
94.28 0.0169627
94.29 0.0191062
94.3 0.020968
94.31 0.022496
94.32 0.0236489
94.33 0.0243973
94.34 0.0247247
94.35 0.0246211
94.36 0.0240732
94.37 0.0231438
94.38 0.0218727
94.39 0.0203104
94.4 0.0185169
94.41 0.0165592
94.42 0.014509
94.43 0.0124428
94.44 0.0104461
94.45 0.00859013
94.46 0.00694038
94.47 0.00555449
94.48 0.00448058
94.49 0.00375565
94.5 0.00340443
94.51 0.00345468
94.52 0.00390951
94.53 0.00472795
94.54 0.00587969
94.55 0.00732327
94.56 0.00900762
94.57 0.0108739
94.58 0.0128575
94.59 0.0148894
94.6 0.016891
94.61 0.0187938
94.62 0.0205353
94.63 0.0220596
94.64 0.0233191
94.65 0.0242765
94.66 0.0249051
94.67 0.0251682
94.68 0.0250757
94.69 0.0246534
94.7 0.0239265
94.71 0.0229307
94.72 0.0217113
94.73 0.0203206
94.74 0.0188171
94.75 0.0172633
94.76 0.0157315
94.77 0.0142836
94.78 0.0129766
94.79 0.0118612
94.8 0.0109803
94.81 0.0103672
94.82 0.0100445
94.83 0.0100503
94.84 0.0103579
94.85 0.0109479
94.86 0.0117932
94.87 0.0128562
94.88 0.0140903
94.89 0.0154417
94.9 0.0168508
94.91 0.0182479
94.92 0.0195645
94.93 0.0207389
94.94 0.0217132
94.95 0.0224359
94.96 0.0228633
94.97 0.0229616
94.98 0.0227033
94.99 0.0220496
95 0.0210365
95.01 0.0196805
95.02 0.0180104
95.03 0.0160655
95.04 0.0138952
95.05 0.0115568
95.06 0.00911316
95.07 0.00663831
95.08 0.00420925
95.09 0.00189463
95.1 -0.000240222
95.11 -0.00213553
95.12 -0.00373899
95.13 -0.00500756
95.14 -0.0058948
95.15 -0.00636786
95.16 -0.00644598
95.17 -0.0061369
95.18 -0.00546081
95.19 -0.0044497
95.2 -0.00314622
95.21 -0.00160238
95.22 0.000127631
95.23 0.00196977
95.24 0.00384566
95.25 0.00568545
95.26 0.00742093
95.27 0.00898769
95.28 0.0103272
95.29 0.0113885
95.3 0.0121091
95.31 0.0124616
95.32 0.0124431
95.33 0.012049
95.34 0.0112873
95.35 0.0101772
95.36 0.0087495
95.37 0.00704456
95.38 0.00509921
95.39 0.00298629
95.4 0.000774183
95.41 -0.00147279
95.42 -0.00368992
95.43 -0.00581419
95.44 -0.0077862
95.45 -0.00955204
95.46 -0.0110404
95.47 -0.0122275
95.48 -0.0130915
95.49 -0.0136169
95.5 -0.0137985
95.51 -0.0136422
95.52 -0.0131641
95.53 -0.01239
95.54 -0.0113335
95.55 -0.0100648
95.56 -0.00863449
95.57 -0.00709549
95.58 -0.00550289
95.59 -0.00391219
95.6 -0.00237755
95.61 -0.000951169
95.62 0.000302347
95.63 0.00135477
95.64 0.00217407
95.65 0.00273616
95.66 0.00302541
95.67 0.00303488
95.68 0.00276623
95.69 0.00222486
95.7 0.00141516
95.71 0.000385377
95.72 -0.000832691
95.73 -0.00220278
95.74 -0.00368542
95.75 -0.0052393
95.76 -0.00682248
95.77 -0.00839215
95.78 -0.00990248
95.79 -0.0113194
95.8 -0.0126117
95.81 -0.0137529
95.82 -0.0147222
95.83 -0.0155043
95.84 -0.0160896
95.85 -0.0164662
95.86 -0.0166335
95.87 -0.0166116
95.88 -0.0164129
95.89 -0.0160536
95.9 -0.0155531
95.91 -0.0149327
95.92 -0.0142152
95.93 -0.0134214
95.94 -0.0125779
95.95 -0.0117104
95.96 -0.0108395
95.97 -0.00998394
95.98 -0.00916022
95.99 -0.00838232
96 -0.00766167
96.01 -0.00701194
96.02 -0.00643783
96.03 -0.00594053
96.04 -0.00552159
96.05 -0.00518087
96.06 -0.00491683
96.07 -0.00472686
96.08 -0.00460755
96.09 -0.00455982
96.1 -0.00457523
96.11 -0.00464783
96.12 -0.0047731
96.13 -0.00494656
96.14 -0.00516366
96.15 -0.00541974
96.16 -0.00570991
96.17 -0.00603102
96.18 -0.0063744
96.19 -0.00673315
96.2 -0.00709993
96.21 -0.00746651
96.22 -0.00782382
96.23 -0.00816193
96.24 -0.00847018
96.25 -0.00873215
96.26 -0.00893955
96.27 -0.00908104
96.28 -0.0091458
96.29 -0.00912395
96.3 -0.00900703
96.31 -0.00878839
96.32 -0.00846229
96.33 -0.00801902
96.34 -0.00747016
96.35 -0.00682115
96.36 -0.00608086
96.37 -0.00526162
96.38 -0.00437909
96.39 -0.00345201
96.4 -0.00250186
96.41 -0.0015553
96.42 -0.0006393
96.43 0.000220045
96.44 0.000996824
96.45 0.00166618
96.46 0.00220518
96.47 0.00259367
96.48 0.00280852
96.49 0.00283159
96.5 0.00266791
96.51 0.00231715
96.52 0.00178478
96.53 0.00108219
96.54 0.000226589
96.55 -0.000759339
96.56 -0.00185126
96.57 -0.00301262
96.58 -0.00420217
96.59 -0.00538174
96.6 -0.00651226
96.61 -0.00755495
96.62 -0.00847264
96.63 -0.00923096
96.64 -0.00978653
96.65 -0.0101157
96.66 -0.0102089
96.67 -0.0100561
96.68 -0.00965455
96.69 -0.00900972
96.7 -0.00813492
96.71 -0.00705122
96.72 -0.00577654
96.73 -0.00435849
96.74 -0.00284387
96.75 -0.00127838
96.76 0.000289582
96.77 0.00181044
96.78 0.00323496
96.79 0.00451585
96.8 0.00559012
96.81 0.00642863
96.82 0.00700373
96.83 0.00729214
96.84 0.00727904
96.85 0.00695864
96.86 0.00633443
96.87 0.00541918
96.88 0.00421159
96.89 0.00277034
96.9 0.0011359
96.91 -0.000646644
96.92 -0.0025277
96.93 -0.00445471
96.94 -0.00637384
96.95 -0.00823086
96.96 -0.00995967
96.97 -0.0115207
96.98 -0.0128735
96.99 -0.0139845
97 -0.0148284
97.01 -0.0153887
97.02 -0.015658
97.03 -0.0156336
97.04 -0.0153121
97.05 -0.0147398
97.06 -0.0139474
97.07 -0.0129722
97.08 -0.011857
97.09 -0.0106484
97.1 -0.00939532
97.11 -0.00814864
97.12 -0.00696397
97.13 -0.00588434
97.14 -0.00494859
97.15 -0.00418914
97.16 -0.00363081
97.17 -0.00328995
97.18 -0.00317387
97.19 -0.00328955
97.2 -0.00362629
97.21 -0.00414883
97.22 -0.00482699
97.23 -0.00562383
97.24 -0.00649689
97.25 -0.0073998
97.26 -0.00828396
97.27 -0.00909379
97.28 -0.00977618
97.29 -0.010291
97.3 -0.0106
97.31 -0.0106716
97.32 -0.0104819
97.33 -0.0100162
97.34 -0.00926933
97.35 -0.0082283
97.36 -0.00691977
97.37 -0.00537953
97.38 -0.0036424
97.39 -0.00175068
97.4 0.000247215
97.41 0.00229833
97.42 0.00434691
97.43 0.00632713
97.44 0.00818109
97.45 0.00985852
97.46 0.0113128
97.47 0.012504
97.48 0.0134005
97.49 0.0139798
97.5 0.0142295
97.51 0.0141184
97.52 0.0136847
97.53 0.0129536
97.54 0.0119567
97.55 0.0107339
97.56 0.00933274
97.57 0.00780645
97.58 0.00621233
97.59 0.00461519
97.6 0.00308022
97.61 0.00166462
97.62 0.000421418
97.63 -0.000602217
97.64 -0.00136655
97.65 -0.00184053
97.66 -0.00199856
97.67 -0.00180561
97.68 -0.00129188
97.69 -0.000470515
97.7 0.000635179
97.71 0.00199257
97.72 0.00356079
97.73 0.00529211
97.74 0.00713482
97.75 0.00902828
97.76 0.0109066
97.77 0.0127126
97.78 0.0143917
97.79 0.0158937
97.8 0.0171747
97.81 0.0181982
97.82 0.0189249
97.83 0.0193271
97.84 0.0194173
97.85 0.0191998
97.86 0.0186886
97.87 0.017907
97.88 0.0168869
97.89 0.0156671
97.9 0.0142876
97.91 0.0128046
97.92 0.0112779
97.93 0.00976034
97.94 0.00830316
97.95 0.00695473
97.96 0.0057588
97.97 0.00475326
97.98 0.00398379
97.99 0.00347018
98 0.00321533
98.01 0.00322226
98.02 0.0034851
98.03 0.00398952
98.04 0.00471336
98.05 0.0056275
98.06 0.00670544
98.07 0.0078959
98.08 0.00915171
98.09 0.0104289
98.1 0.0116838
98.11 0.0128749
98.12 0.0139637
98.13 0.0149166
98.14 0.0156896
98.15 0.0162713
98.16 0.0166518
98.17 0.016826
98.18 0.0167963
98.19 0.0165725
98.2 0.0161709
98.21 0.0156143
98.22 0.0149212
98.23 0.0141386
98.24 0.0133022
98.25 0.0124487
98.26 0.0116145
98.27 0.0108348
98.28 0.0101425
98.29 0.00956765
98.3 0.00914923
98.31 0.00889381
98.32 0.00881337
98.33 0.00891367
98.34 0.00919415
98.35 0.0096481
98.36 0.010263
98.37 0.0110234
98.38 0.0119113
98.39 0.0128885
98.4 0.0139255
98.41 0.0149914
98.42 0.0160546
98.43 0.0170843
98.44 0.0180507
98.45 0.0189229
98.46 0.0196696
98.47 0.0202776
98.48 0.0207312
98.49 0.0210191
98.5 0.0211344
98.51 0.0210746
98.52 0.020841
98.53 0.0204319
98.54 0.0198549
98.55 0.0191314
98.56 0.0182747
98.57 0.0172995
98.58 0.0162212
98.59 0.0150548
98.6 0.0138151
98.61 0.012513
98.62 0.0111628
98.63 0.00977731
98.64 0.00836494
98.65 0.00693244
98.66 0.00548495
98.67 0.00402627
98.68 0.0025592
98.69 0.00108562
98.7 -0.000392033
98.71 -0.00187119
98.72 -0.00334866
98.73 -0.0048201
98.74 -0.00627963
98.75 -0.00771963
98.76 -0.00913062
98.77 -0.0104969
98.78 -0.0118061
98.79 -0.0130438
98.8 -0.0141939
98.81 -0.0152396
98.82 -0.0161639
98.83 -0.0169505
98.84 -0.0175841
98.85 -0.0180353
98.86 -0.0183065
98.87 -0.0183929
98.88 -0.0182916
98.89 -0.0180044
98.9 -0.0175376
98.91 -0.0169022
98.92 -0.0161138
98.93 -0.0151825
98.94 -0.0141486
98.95 -0.0130414
98.96 -0.011893
98.97 -0.0107376
98.98 -0.00961025
98.99 -0.00854644
99 -0.00758245
99.01 -0.00676364
99.02 -0.00610956
99.03 -0.00564461
99.04 -0.0053882
99.05 -0.00535406
99.06 -0.00554973
99.07 -0.00597619
99.08 -0.00663321
99.09 -0.00751688
99.1 -0.00859015
99.11 -0.00982723
99.12 -0.0111973
99.13 -0.0126656
99.14 -0.014194
99.15 -0.0157427
99.16 -0.0172683
99.17 -0.0187238
99.18 -0.0200726
99.19 -0.0212793
99.2 -0.0223122
99.21 -0.0231449
99.22 -0.023756
99.23 -0.0241305
99.24 -0.0242473
99.25 -0.0241042
99.26 -0.0237197
99.27 -0.0231054
99.28 -0.0222785
99.29 -0.0212608
99.3 -0.0200784
99.31 -0.0187601
99.32 -0.0173324
99.33 -0.0158336
99.34 -0.0142995
99.35 -0.0127606
99.36 -0.0112452
99.37 -0.00977882
99.38 -0.00838337
99.39 -0.00707687
99.4 -0.00588132
99.41 -0.00480179
99.42 -0.00383949
99.43 -0.00299458
99.44 -0.00226377
99.45 -0.00164084
99.46 -0.00111733
99.47 -0.000683244
99.48 -0.000333657
99.49 -5.14513e-05
99.5 0.00017421
99.51 0.000351344
99.52 0.000485845
99.53 0.000581091
99.54 0.000637699
99.55 0.000653436
99.56 0.000618106
99.57 0.000527436
99.58 0.000371572
99.59 0.00013911
99.6 -0.000182019
99.61 -0.000603772
99.62 -0.00113716
99.63 -0.00179243
99.64 -0.00258741
99.65 -0.00351297
99.66 -0.00456718
99.67 -0.00574346
99.68 -0.00703023
99.69 -0.00841083
99.7 -0.00986356
99.71 -0.0113623
99.72 -0.0128733
99.73 -0.0143584
99.74 -0.0157803
99.75 -0.0171006
99.76 -0.0182806
99.77 -0.0192831
99.78 -0.020073
99.79 -0.0206106
99.8 -0.0208572
99.81 -0.0208117
99.82 -0.0204632
99.83 -0.0198085
99.84 -0.018853
99.85 -0.017611
99.86 -0.0161048
99.87 -0.0143571
99.88 -0.0124096
99.89 -0.010322
99.9 -0.00814614
99.91 -0.00593744
99.92 -0.00375361
99.93 -0.00165284
99.94 0.000307943
99.95 0.00206108
99.96 0.00355372
99.97 0.00475382
99.98 0.00562827
99.99 0.00615314
100 0.0063145
100.01 0.00610902
100.02 0.00554419
100.03 0.00461713
100.04 0.00337292
100.05 0.00186318
100.06 0.000136295
100.07 -0.00175266
100.08 -0.00374354
100.09 -0.00577292
100.1 -0.00777601
100.11 -0.0096764
100.12 -0.011412
100.13 -0.0129291
100.14 -0.0141788
100.15 -0.0151202
100.16 -0.0157217
100.17 -0.0159621
100.18 -0.0158311
100.19 -0.0152969
100.2 -0.0144046
100.21 -0.013183
100.22 -0.0116667
100.23 -0.00989896
100.24 -0.00792968
100.25 -0.00581426
100.26 -0.00361151
100.27 -0.00138548
100.28 0.000796565
100.29 0.00287774
100.3 0.00480572
100.31 0.00653439
100.32 0.00802516
100.33 0.00924817
100.34 0.0101788
100.35 0.0107849
100.36 0.0110943
100.37 0.0111192
100.38 0.0108811
100.39 0.0104098
100.4 0.00974227
100.41 0.00892138
100.42 0.00799263
100.43 0.00700864
100.44 0.0060268
100.45 0.00509553
100.46 0.00426002
100.47 0.0035607
100.48 0.00303191
100.49 0.00270081
100.5 0.00259516
100.51 0.00273134
100.52 0.00309495
100.53 0.00367681
100.54 0.00445954
100.55 0.00541836
100.56 0.00652212
100.57 0.00773449
100.58 0.00901659
100.59 0.0103202
100.6 0.0115993
100.61 0.0128124
100.62 0.0139211
100.63 0.0148911
100.64 0.0156935
100.65 0.0163061
100.66 0.0167006
100.67 0.0168746
100.68 0.0168386
100.69 0.0166027
100.7 0.0161845
100.71 0.0156076
100.72 0.0149014
100.73 0.0140997
100.74 0.0132376
100.75 0.0123606
100.76 0.0115085
100.77 0.0107176
100.78 0.0100214
100.79 0.00944899
100.8 0.00902391
100.81 0.00876356
100.82 0.00869369
100.83 0.00880418
100.84 0.00908631
100.85 0.00952702
100.86 0.0101067
100.87 0.0108001
100.88 0.0115771
100.89 0.0124041
100.9 0.0132429
100.91 0.0140524
100.92 0.0147967
100.93 0.0154424
100.94 0.0159597
100.95 0.0163237
100.96 0.0165151
100.97 0.0165198
100.98 0.0163164
100.99 0.0159258
101 0.0153591
101.01 0.0146342
101.02 0.0137752
101.03 0.0128119
101.04 0.0117782
101.05 0.0107114
101.06 0.00965558
101.07 0.00865192
101.08 0.00773815
101.09 0.00694905
101.1 0.0063152
101.11 0.00586187
101.12 0.00560801
101.13 0.00557251
101.14 0.00576711
101.15 0.00617176
101.16 0.00677341
101.17 0.00755175
101.18 0.00847989
101.19 0.00952524
101.2 0.0106507
101.21 0.0118154
101.22 0.0129714
101.23 0.0140739
101.24 0.0150819
101.25 0.015957
101.26 0.0166651
101.27 0.0171774
101.28 0.0174718
101.29 0.0175195
101.3 0.017316
101.31 0.0168745
101.32 0.0162054
101.33 0.0153266
101.34 0.0142632
101.35 0.0130459
101.36 0.0117106
101.37 0.0102944
101.38 0.00884693
101.39 0.00741329
101.4 0.00603512
101.41 0.00475161
101.42 0.00359822
101.43 0.00260547
101.44 0.00179792
101.45 0.00121053
101.46 0.00084165
101.47 0.000687943
101.48 0.000742805
101.49 0.000992361
101.5 0.00141604
101.51 0.00198735
101.52 0.0026749
101.53 0.00344749
101.54 0.00425709
101.55 0.00506425
101.56 0.00583092
101.57 0.00652104
101.58 0.0071018
101.59 0.00754479
101.6 0.00782643
101.61 0.00791168
101.62 0.00780817
101.63 0.00751425
101.64 0.0070352
101.65 0.00638294
101.66 0.00557547
101.67 0.00463619
101.68 0.00359188
101.69 0.00247227
101.7 0.00131961
101.71 0.000168158
101.72 -0.000948579
101.73 -0.00199905
101.74 -0.00295481
101.75 -0.00379156
101.76 -0.00448595
101.77 -0.00501624
101.78 -0.00538714
101.79 -0.00559921
101.8 -0.00565938
101.81 -0.00558059
101.82 -0.00538129
101.83 -0.00508472
101.84 -0.00471651
101.85 -0.00430978
101.86 -0.00390055
101.87 -0.00352092
101.88 -0.00320195
101.89 -0.0029725
101.9 -0.00285823
101.91 -0.00288058
101.92 -0.00306431
101.93 -0.00342093
101.94 -0.00394585
101.95 -0.00463615
101.96 -0.00548278
101.97 -0.00647095
101.98 -0.00758057
101.99 -0.008787
102 -0.0100642
102.01 -0.0113754
102.02 -0.0126853
102.03 -0.0139609
102.04 -0.0151702
102.05 -0.0162833
102.06 -0.0172733
102.07 -0.0181173
102.08 -0.0187837
102.09 -0.019267
102.1 -0.0195656
102.11 -0.0196796
102.12 -0.0196143
102.13 -0.019381
102.14 -0.0189955
102.15 -0.0184781
102.16 -0.0178454
102.17 -0.0171345
102.18 -0.016375
102.19 -0.0155955
102.2 -0.0148238
102.21 -0.0140861
102.22 -0.0134061
102.23 -0.0128042
102.24 -0.0123075
102.25 -0.0119193
102.26 -0.0116457
102.27 -0.0114883
102.28 -0.011444
102.29 -0.0115054
102.3 -0.0116611
102.31 -0.0118973
102.32 -0.0121998
102.33 -0.0125421
102.34 -0.0129043
102.35 -0.0132664
102.36 -0.0136093
102.37 -0.0139157
102.38 -0.0141706
102.39 -0.0143605
102.4 -0.0144715
102.41 -0.0145048
102.42 -0.0144599
102.43 -0.0143398
102.44 -0.014151
102.45 -0.0139028
102.46 -0.013607
102.47 -0.0132765
102.48 -0.0129274
102.49 -0.0125766
102.5 -0.0122385
102.51 -0.0119261
102.52 -0.0116502
102.53 -0.011419
102.54 -0.0112378
102.55 -0.0111104
102.56 -0.0110349
102.57 -0.0110019
102.58 -0.0110015
102.59 -0.0110209
102.6 -0.0110446
102.61 -0.0110551
102.62 -0.0110338
102.63 -0.0109575
102.64 -0.0108061
102.65 -0.010565
102.66 -0.0102196
102.67 -0.00975852
102.68 -0.0091742
102.69 -0.0084633
102.7 -0.00762721
102.71 -0.00666485
102.72 -0.00559386
102.73 -0.00443525
102.74 -0.00321049
102.75 -0.00194477
102.76 -0.000666269
102.77 0.000594704
102.78 0.00180671
102.79 0.00292921
102.8 0.00393368
102.81 0.00479414
102.82 0.00548635
102.83 0.00599041
102.84 0.0062916
102.85 0.00638105
102.86 0.00625615
102.87 0.00590242
102.88 0.00535025
102.89 0.00462004
102.9 0.00373631
102.91 0.00272878
102.92 0.00163154
102.93 0.000482036
102.94 -0.00067999
102.95 -0.00180713
102.96 -0.00285893
102.97 -0.00379752
102.98 -0.00458833
102.99 -0.00520126
103 -0.00561173
103.01 -0.00580153
103.02 -0.00575597
103.03 -0.00545532
103.04 -0.00492578
103.05 -0.00418119
103.06 -0.00324274
103.07 -0.00213833
103.08 -0.000901818
103.09 0.000428003
103.1 0.00180866
103.11 0.00318991
103.12 0.00452247
103.13 0.00576113
103.14 0.00686296
103.15 0.00778863
103.16 0.00850372
103.17 0.00897985
103.18 0.00918484
103.19 0.00909803
103.2 0.00873244
103.21 0.00809321
103.22 0.00719394
103.23 0.00605629
103.24 0.00470945
103.25 0.00318928
103.26 0.00153309
103.27 -0.000206086
103.28 -0.00197213
103.29 -0.00371387
103.3 -0.00538021
103.31 -0.00692163
103.32 -0.00829156
103.33 -0.00944768
103.34 -0.0103354
103.35 -0.0109278
103.36 -0.0112137
103.37 -0.0111799
103.38 -0.0108217
103.39 -0.0101429
103.4 -0.00915548
103.41 -0.00787922
103.42 -0.00632423
103.43 -0.00454139
103.44 -0.00257772
103.45 -0.00047745
103.46 0.00171234
103.47 0.00394303
103.48 0.00616574
103.49 0.00833261
103.5 0.0103854
103.51 0.0122859
103.52 0.0139988
103.53 0.0154929
103.54 0.0167431
103.55 0.0177307
103.56 0.018444
103.57 0.018878
103.58 0.0190081
103.59 0.0188715
103.6 0.0184849
103.61 0.0178698
103.62 0.0170525
103.63 0.0160629
103.64 0.0149342
103.65 0.0137009
103.66 0.0123979
103.67 0.0110706
103.68 0.00975479
103.69 0.00848447
103.7 0.00729129
103.71 0.00620385
103.72 0.00524719
103.73 0.00444598
103.74 0.00382807
103.75 0.00339204
103.76 0.00314414
103.77 0.00308595
103.78 0.00321454
103.79 0.00352266
103.8 0.00399899
103.81 0.00463303
103.82 0.00540853
103.83 0.00629359
103.84 0.00726435
103.85 0.00829535
103.86 0.00936
103.87 0.0104312
103.88 0.0114818
103.89 0.0124818
103.9 0.0134018
103.91 0.0142212
103.92 0.0149186
103.93 0.0154754
103.94 0.0158759
103.95 0.0161078
103.96 0.0161623
103.97 0.0160242
103.98 0.0156957
103.99 0.0151891
104 0.0145131
104.01 0.0136803
104.02 0.0127071
104.03 0.0116139
104.04 0.0104241
104.05 0.00916127
104.06 0.00786026
104.07 0.00655399
104.08 0.00527408
104.09 0.00405227
104.1 0.00291963
104.11 0.00190579
104.12 0.00103813
104.13 0.000356509
104.14 -0.000127606
104.15 -0.000402921
104.16 -0.000459929
104.17 -0.000294832
104.18 9.01285e-05
104.19 0.000686495
104.2 0.00147957
104.21 0.00246247
104.22 0.00359035
104.23 0.00482884
104.24 0.00614068
104.25 0.00748511
104.26 0.00881899
104.27 0.0100978
104.28 0.0112766
104.29 0.0122942
104.3 0.0131211
104.31 0.0137214
104.32 0.0140644
104.33 0.0141258
104.34 0.0138884
104.35 0.0133432
104.36 0.0124848
104.37 0.0113026
104.38 0.00984219
104.39 0.00813131
104.4 0.0062058
104.41 0.00410858
104.42 0.00188868
104.43 -0.00040005
104.44 -0.00269893
104.45 -0.00493961
104.46 -0.00706308
104.47 -0.00901263
104.48 -0.0107354
104.49 -0.0121841
104.5 -0.0133183
104.51 -0.0141061
104.52 -0.0145099
104.53 -0.0145091
104.54 -0.0141281
104.55 -0.0133798
104.56 -0.0122877
104.57 -0.0108861
104.58 -0.00921863
104.59 -0.00733747
104.6 -0.00529724
104.61 -0.00317198
104.62 -0.00103723
104.63 0.00103789
104.64 0.00298558
104.65 0.00474137
104.66 0.00624618
104.67 0.00744813
104.68 0.00828019
104.69 0.00871638
104.7 0.00875181
104.71 0.00838071
104.72 0.00760999
104.73 0.00645905
104.74 0.00495937
104.75 0.00315359
104.76 0.00107988
104.77 -0.00118043
104.78 -0.00355223
104.79 -0.00596295
104.8 -0.00833842
104.81 -0.0106052
104.82 -0.0126927
104.83 -0.0145359
104.84 -0.016046
104.85 -0.0171938
104.86 -0.0179484
104.87 -0.0182874
104.88 -0.018201
104.89 -0.0176931
104.9 -0.0167809
104.91 -0.0154942
104.92 -0.013847
104.93 -0.0119303
104.94 -0.00980801
104.95 -0.00754959
104.96 -0.00522885
104.97 -0.00292136
104.98 -0.000702075
104.99 0.00135476
105 0.00315784
105.01 0.0046661
105.02 0.00583271
105.03 0.00662228
105.04 0.00701202
105.05 0.00699248
105.06 0.00656784
105.07 0.00574801
105.08 0.00454822
105.09 0.00304425
105.1 0.00129154
105.11 -0.000646179
105.12 -0.00269902
105.13 -0.0047932
105.14 -0.00685343
105.15 -0.0087992
105.16 -0.0105455
105.17 -0.0120372
105.18 -0.0132195
105.19 -0.0140477
105.2 -0.0144891
105.21 -0.0145235
105.22 -0.0141442
105.23 -0.0133405
105.24 -0.0121335
105.25 -0.0105817
105.26 -0.00873254
105.27 -0.00664302
105.28 -0.00437801
105.29 -0.00200814
105.3 0.000392564
105.31 0.00274201
105.32 0.00495813
105.33 0.00697475
105.34 0.00872994
105.35 0.0101703
105.36 0.0112528
105.37 0.0119457
105.38 0.0122298
105.39 0.0120705
105.4 0.0114934
105.41 0.0105343
105.42 0.00922764
105.43 0.0076182
105.44 0.00575977
105.45 0.00371311
105.46 0.001544
105.47 -0.000677645
105.48 -0.00287255
105.49 -0.00497339
105.5 -0.00691824
105.51 -0.00865168
105.52 -0.0101264
105.53 -0.0113048
105.54 -0.0121599
105.55 -0.0126437
105.56 -0.0127834
105.57 -0.0125917
105.58 -0.0120901
105.59 -0.0113096
105.6 -0.0102902
105.61 -0.00907848
105.62 -0.0077263
105.63 -0.00628708
105.64 -0.00483011
105.65 -0.00341065
105.66 -0.00208065
105.67 -0.000886938
105.68 0.000130379
105.69 0.000939253
105.7 0.00151274
105.71 0.00182061
105.72 0.00188235
105.73 0.00170755
105.74 0.00131526
105.75 0.000733198
105.76 -3.4288e-06
105.77 -0.000853356
105.78 -0.00177134
105.79 -0.00270398
105.8 -0.00359798
105.81 -0.00440617
105.82 -0.00508493
105.83 -0.00559586
105.84 -0.00590731
105.85 -0.00599565
105.86 -0.00583647
105.87 -0.00542036
105.88 -0.00476937
105.89 -0.00390072
105.9 -0.00284094
105.91 -0.00162494
105.92 -0.000294959
105.93 0.00110092
105.94 0.00250807
105.95 0.00386411
105.96 0.00511362
105.97 0.00620346
105.98 0.00708424
105.99 0.00771213
106 0.00805043
106.01 0.00807085
106.02 0.00773258
106.03 0.00703683
106.04 0.00600125
106.05 0.0046416
106.06 0.00298403
106.07 0.00106435
106.08 -0.00107302
106.09 -0.00337636
106.1 -0.00579157
106.11 -0.0082445
106.12 -0.0106686
106.13 -0.0130004
106.14 -0.0151783
106.15 -0.017145
106.16 -0.0188487
106.17 -0.020245
106.18 -0.0212653
106.19 -0.021908
106.2 -0.0221643
106.21 -0.022031
106.22 -0.0215158
106.23 -0.0206365
106.24 -0.0194206
106.25 -0.0179039
106.26 -0.016109
106.27 -0.0141157
106.28 -0.0119787
106.29 -0.00975487
106.3 -0.0075016
106.31 -0.00527513
106.32 -0.00312902
106.33 -0.00111453
106.34 0.00070655
106.35 0.00231129
106.36 0.00367194
106.37 0.00476894
106.38 0.00559118
106.39 0.00613604
106.4 0.00640904
106.41 0.00641808
106.42 0.00617298
106.43 0.00572139
106.44 0.0050954
106.45 0.00433051
106.46 0.00346434
106.47 0.0025354
106.48 0.00158183
106.49 0.000641878
106.5 -0.000245152
106.51 -0.00105099
106.52 -0.00175068
106.53 -0.00232425
106.54 -0.00275707
106.55 -0.00303999
106.56 -0.00316924
106.57 -0.00313954
106.58 -0.00295736
106.59 -0.00264251
106.6 -0.00220994
106.61 -0.00167727
106.62 -0.00106408
106.63 -0.000391059
106.64 0.000320731
106.65 0.00105045
106.66 0.00177586
106.67 0.00247871
106.68 0.00314362
106.69 0.00375768
106.7 0.00431067
106.71 0.00479512
106.72 0.0052063
106.73 0.00553676
106.74 0.00579005
106.75 0.00597124
106.76 0.00608465
106.77 0.00613586
106.78 0.00613127
106.79 0.00607775
106.8 0.00598232
106.81 0.00584947
106.82 0.00568844
106.83 0.00550559
106.84 0.00530594
106.85 0.00509384
106.86 0.00487299
106.87 0.00464657
106.88 0.00441739
106.89 0.00418832
106.9 0.00396229
106.91 0.00374225
106.92 0.00353163
106.93 0.00333444
106.94 0.00315537
106.95 0.00299985
106.96 0.00287418
106.97 0.00278917
106.98 0.00274906
106.99 0.0027612
107 0.00283276
107.01 0.0029704
107.02 0.00317987
107.03 0.00346568
107.04 0.00383204
107.05 0.00428513
107.06 0.00481628
107.07 0.00542101
107.08 0.00609219
107.09 0.00682008
107.1 0.00759235
107.11 0.00839432
107.12 0.00920911
107.13 0.0100158
107.14 0.0107939
107.15 0.0115236
107.16 0.0121851
107.17 0.0127597
107.18 0.0132307
107.19 0.0135832
107.2 0.0138002
107.21 0.0138703
107.22 0.0137984
107.23 0.013586
107.24 0.0132389
107.25 0.0127674
107.26 0.0121863
107.27 0.0115139
107.28 0.0107702
107.29 0.00998384
107.3 0.0091851
107.31 0.00840196
107.32 0.00766225
107.33 0.00699266
107.34 0.00641775
107.35 0.005959
107.36 0.00564343
107.37 0.00548087
107.38 0.00547238
107.39 0.00561811
107.4 0.00591218
107.41 0.00634268
107.42 0.00689193
107.43 0.00753692
107.44 0.00825276
107.45 0.00900065
107.46 0.00974435
107.47 0.010448
107.48 0.0110759
107.49 0.0115936
107.5 0.0119693
107.51 0.0121751
107.52 0.01217
107.53 0.0119514
107.54 0.0115139
107.55 0.0108574
107.56 0.00998985
107.57 0.00892688
107.58 0.00769201
107.59 0.00631589
107.6 0.00482933
107.61 0.00328933
107.62 0.00174307
107.63 0.000239779
107.64 -0.00117074
107.65 -0.0024398
107.66 -0.00352147
107.67 -0.00437126
107.68 -0.0049296
107.69 -0.00519145
107.7 -0.00513929
107.71 -0.00476508
107.72 -0.00407086
107.73 -0.00306891
107.74 -0.00178161
107.75 -0.000236183
107.76 0.00153249
107.77 0.00345469
107.78 0.00547417
107.79 0.0075304
107.8 0.00956046
107.81 0.0115009
107.82 0.0132898
107.83 0.0148592
107.84 0.0161421
107.85 0.0171089
107.86 0.0177245
107.87 0.017964
107.88 0.0178134
107.89 0.0172703
107.9 0.0163438
107.91 0.015039
107.92 0.0133905
107.93 0.0114611
107.94 0.00930253
107.95 0.00697272
107.96 0.00453431
107.97 0.00205261
107.98 -0.000406548
107.99 -0.00277008
108 -0.00497178
108.01 -0.00696231
108.02 -0.00869609
108.03 -0.0101367
108.04 -0.0112578
108.05 -0.0120444
108.06 -0.0124924
108.07 -0.0125875
108.08 -0.0123651
108.09 -0.0118662
108.1 -0.0111306
108.11 -0.010205
108.12 -0.00914156
108.13 -0.00799608
108.14 -0.00682563
108.15 -0.00569388
108.16 -0.00465732
108.17 -0.00376291
108.18 -0.00305142
108.19 -0.00255536
108.2 -0.00229777
108.21 -0.00229153
108.22 -0.00253885
108.23 -0.00305273
108.24 -0.00378949
108.25 -0.00471713
108.26 -0.00579723
108.27 -0.00698488
108.28 -0.0082304
108.29 -0.00948129
108.3 -0.0106837
108.31 -0.0117717
108.32 -0.0127034
108.33 -0.0134373
108.34 -0.0139398
108.35 -0.0141859
108.36 -0.014161
108.37 -0.0138612
108.38 -0.0132897
108.39 -0.0124516
108.4 -0.0114012
108.41 -0.0101794
108.42 -0.00883553
108.43 -0.00742517
108.44 -0.00600832
108.45 -0.0046473
108.46 -0.00340976
108.47 -0.00237005
108.48 -0.00157286
108.49 -0.00106474
108.5 -0.000883051
108.51 -0.00105437
108.52 -0.00159328
108.53 -0.00250153
108.54 -0.00378127
108.55 -0.00540919
108.56 -0.00732359
108.57 -0.00947283
108.58 -0.0117955
108.59 -0.0142222
108.6 -0.016678
108.61 -0.0190845
108.62 -0.0213516
108.63 -0.023393
108.64 -0.0251445
108.65 -0.0265431
108.66 -0.0275356
108.67 -0.0280811
108.68 -0.028152
108.69 -0.0277356
108.7 -0.026804
108.71 -0.025394
108.72 -0.0235602
108.73 -0.0213535
108.74 -0.0188375
108.75 -0.0160863
108.76 -0.0131827
108.77 -0.0102148
108.78 -0.0072832
108.79 -0.00448732
108.8 -0.0019133
108.81 0.000358429
108.82 0.00225674
108.83 0.00372217
108.84 0.00470902
108.85 0.00518686
108.86 0.00509554
108.87 0.00448152
108.88 0.00337568
108.89 0.00181882
108.9 -0.000133137
108.91 -0.00241082
108.92 -0.00493355
108.93 -0.00761182
108.94 -0.0103463
108.95 -0.0130242
108.96 -0.015548
108.97 -0.0178244
108.98 -0.0197673
108.99 -0.0213005
109 -0.0223604
109.01 -0.0228914
109.02 -0.0228155
109.03 -0.0221691
109.04 -0.0209589
109.05 -0.0192095
109.06 -0.0169625
109.07 -0.014275
109.08 -0.0112184
109.09 -0.00787141
109.1 -0.0043274
109.11 -0.000707216
109.12 0.00288711
109.13 0.00635434
109.14 0.00959716
109.15 0.0125252
109.16 0.0150577
109.17 0.0171076
109.18 0.0186001
109.19 0.019532
109.2 0.0198861
109.21 0.0196626
109.22 0.0188793
109.23 0.0175704
109.24 0.0157857
109.25 0.0135729
109.26 0.0110166
109.27 0.00822458
109.28 0.00528878
109.29 0.00230373
109.3 -0.000636178
109.31 -0.00343973
109.32 -0.00602161
109.33 -0.00828321
109.34 -0.0101571
109.35 -0.0116062
109.36 -0.0125951
109.37 -0.0131033
109.38 -0.0131261
109.39 -0.0126742
109.4 -0.0117728
109.41 -0.0104355
109.42 -0.00873774
109.43 -0.00675485
109.44 -0.00455738
109.45 -0.00222065
109.46 0.000177802
109.47 0.00256082
109.48 0.00485413
109.49 0.00697031
109.5 0.00885348
109.51 0.0104571
109.52 0.0117427
109.53 0.0126843
109.54 0.0132685
109.55 0.0134946
109.56 0.0133749
109.57 0.0129061
109.58 0.0121564
109.59 0.0111739
109.6 0.0100116
109.61 0.00872766
109.62 0.00738324
109.63 0.00604006
109.64 0.00475914
109.65 0.00361326
109.66 0.0026452
109.67 0.00189705
109.68 0.00140204
109.69 0.0011836
109.7 0.0012547
109.71 0.00161766
109.72 0.00226896
109.73 0.00320461
109.74 0.00437156
109.75 0.00573263
109.76 0.00724445
109.77 0.00885914
109.78 0.0105261
109.79 0.0121936
109.8 0.0138082
109.81 0.0153125
109.82 0.0166682
109.83 0.0178392
109.84 0.0187964
109.85 0.0195189
109.86 0.0199943
109.87 0.0202192
109.88 0.0201888
109.89 0.0199154
109.9 0.0194359
109.91 0.0187794
109.92 0.0179796
109.93 0.0170738
109.94 0.0161016
109.95 0.0151028
109.96 0.014119
109.97 0.0131909
109.98 0.0123488
109.99 0.0116187
110 0.01102
110.01 0.0105655
110.02 0.0102606
110.03 0.0101032
110.04 0.0100922
110.05 0.0102047
110.06 0.0104127
110.07 0.0106882
110.08 0.0109998
110.09 0.0113139
110.1 0.0115961
110.11 0.0118124
110.12 0.0119213
110.13 0.0118972
110.14 0.0117197
110.15 0.011372
110.16 0.0108439
110.17 0.0101322
110.18 0.00924074
110.19 0.00818096
110.2 0.00695991
110.21 0.00561725
110.22 0.00418624
110.23 0.00270265
110.24 0.00120534
110.25 -0.000265129
110.26 -0.00166785
110.27 -0.00296301
110.28 -0.00409531
110.29 -0.00504408
110.3 -0.00578239
110.31 -0.00628962
110.32 -0.00655222
110.33 -0.00656422
110.34 -0.00632752
110.35 -0.00584917
110.36 -0.00513212
110.37 -0.00422355
110.38 -0.00315553
110.39 -0.00196522
110.4 -0.000693557
110.41 0.000615946
110.42 0.00191865
110.43 0.00316788
110.44 0.00431132
110.45 0.00531489
110.46 0.0061446
110.47 0.00677218
110.48 0.00717588
110.49 0.00734111
110.5 0.00726087
110.51 0.00692742
110.52 0.00634423
110.53 0.00554467
110.54 0.0045527
110.55 0.00339799
110.56 0.00211488
110.57 0.000741318
110.58 -0.000682441
110.59 -0.00211342
110.6 -0.003505
110.61 -0.00481805
110.62 -0.00601665
110.63 -0.00706894
110.64 -0.007948
110.65 -0.00863261
110.66 -0.00910768
110.67 -0.00935146
110.68 -0.00936668
110.69 -0.00916842
110.7 -0.00876867
110.71 -0.00818482
110.72 -0.00743899
110.73 -0.00655713
110.74 -0.00556809
110.75 -0.00449946
110.76 -0.00338965
110.77 -0.00227197
110.78 -0.00117615
110.79 -0.000129621
110.8 0.000843271
110.81 0.00172187
110.82 0.00248972
110.83 0.00312395
110.84 0.00362541
110.85 0.00399473
110.86 0.00423471
110.87 0.00435215
110.88 0.00435735
110.89 0.00426353
110.9 0.00408611
110.91 0.00383739
110.92 0.00354267
110.93 0.00321992
110.94 0.00288586
110.95 0.00255578
110.96 0.00224293
110.97 0.00195816
110.98 0.00170982
110.99 0.00150698
111 0.00134756
111.01 0.00123017
111.02 0.00115078
111.03 0.00110305
111.04 0.00107874
111.05 0.00106819
111.06 0.00106067
111.07 0.00104352
111.08 0.00100601
111.09 0.000938382
111.1 0.000832197
111.11 0.000680707
111.12 0.000479175
111.13 0.000225094
111.14 -8.32195e-05
111.15 -0.000445067
111.16 -0.000851704
111.17 -0.00129612
111.18 -0.00176958
111.19 -0.00226202
111.2 -0.00276246
111.21 -0.00325947
111.22 -0.00374049
111.23 -0.00419287
111.24 -0.00460791
111.25 -0.00497741
111.26 -0.00529496
111.27 -0.0055562
111.28 -0.00575898
111.29 -0.00590342
111.3 -0.00598916
111.31 -0.00602205
111.32 -0.00601162
111.33 -0.00596637
111.34 -0.00589597
111.35 -0.00581087
111.36 -0.00572182
111.37 -0.0056394
111.38 -0.00557528
111.39 -0.0055387
111.4 -0.00553605
111.41 -0.00557245
111.42 -0.00565092
111.43 -0.0057722
111.44 -0.00593474
111.45 -0.0061347
111.46 -0.00636791
111.47 -0.00662367
111.48 -0.00689148
111.49 -0.00716049
111.5 -0.00741922
111.51 -0.00765612
111.52 -0.00786001
111.53 -0.00802065
111.54 -0.00812385
111.55 -0.00816642
111.56 -0.00814478
111.57 -0.00805738
111.58 -0.0079054
111.59 -0.00769289
111.6 -0.00742669
111.61 -0.00711631
111.62 -0.00677188
111.63 -0.00641208
111.64 -0.00605281
111.65 -0.00571091
111.66 -0.00540353
111.67 -0.00514755
111.68 -0.00495891
111.69 -0.00485322
111.7 -0.00485093
111.71 -0.0049534
111.72 -0.00516623
111.73 -0.00549141
111.74 -0.00592715
111.75 -0.00646777
111.76 -0.00710374
111.77 -0.00782341
111.78 -0.00861126
111.79 -0.00944091
111.8 -0.0102898
111.81 -0.0111338
111.82 -0.0119478
111.83 -0.0127065
111.84 -0.0133853
111.85 -0.0139563
111.86 -0.0143927
111.87 -0.014684
111.88 -0.0148163
111.89 -0.0147802
111.9 -0.0145705
111.91 -0.014187
111.92 -0.013634
111.93 -0.0129141
111.94 -0.0120429
111.95 -0.011048
111.96 -0.00995223
111.97 -0.00878133
111.98 -0.00756331
111.99 -0.00632762
112 -0.00510426
112.01 -0.00392725
112.02 -0.00282754
112.03 -0.00182899
112.04 -0.000954251
112.05 -0.000222177
112.06 0.000352728
112.07 0.000760766
112.08 0.000997359
112.09 0.0010513
112.1 0.000937461
112.11 0.000673051
112.12 0.000275004
112.13 -0.000235619
112.14 -0.000834271
112.15 -0.00149368
112.16 -0.00218467
112.17 -0.00287465
112.18 -0.00353046
112.19 -0.00412333
112.2 -0.00462656
112.21 -0.00501647
112.22 -0.00527311
112.23 -0.00538098
112.24 -0.00532955
112.25 -0.00509791
112.26 -0.00470253
112.27 -0.00415181
112.28 -0.00345876
112.29 -0.00264159
112.3 -0.00172318
112.31 -0.000730429
112.32 0.000306535
112.33 0.00135257
112.34 0.00236988
112.35 0.00332425
112.36 0.00418245
112.37 0.00491327
112.38 0.00548857
112.39 0.00588417
112.4 0.00607667
112.41 0.00603785
112.42 0.00577827
112.43 0.00529841
112.44 0.00460552
112.45 0.00371358
112.46 0.00264309
112.47 0.00142064
112.48 7.58925e-05
112.49 -0.00135254
112.5 -0.00281506
112.51 -0.00426767
112.52 -0.00566503
112.53 -0.00696173
112.54 -0.00811351
112.55 -0.00907851
112.56 -0.00980743
112.57 -0.0102591
112.58 -0.0104211
112.59 -0.0102745
112.6 -0.00980788
112.61 -0.00901813
112.62 -0.00791053
112.63 -0.00649892
112.64 -0.00479182
112.65 -0.0028268
112.66 -0.000656136
112.67 0.00167457
112.68 0.0041145
112.69 0.00660878
112.7 0.00909988
112.71 0.011529
112.72 0.0138259
112.73 0.0159314
112.74 0.0177978
112.75 0.0193782
112.76 0.0206323
112.77 0.0215275
112.78 0.0220399
112.79 0.0221551
112.8 0.0218381
112.81 0.0211196
112.82 0.0200281
112.83 0.0185928
112.84 0.0168525
112.85 0.0148546
112.86 0.0126538
112.87 0.0103114
112.88 0.00789262
112.89 0.00547899
112.9 0.00314134
112.91 0.000948617
112.92 -0.00103317
112.93 -0.00274278
112.94 -0.00412538
112.95 -0.00513369
112.96 -0.0056869
112.97 -0.00579919
112.98 -0.00545815
112.99 -0.00466354
113 -0.00342745
113.01 -0.00177417
113.02 0.000260261
113.03 0.0026324
113.04 0.00529892
113.05 0.00816387
113.06 0.0111536
113.07 0.0141899
113.08 0.0171922
113.09 0.0200795
113.1 0.0227724
113.11 0.025187
113.12 0.0272295
113.13 0.028862
113.14 0.0300355
113.15 0.0307125
113.16 0.030868
113.17 0.0304906
113.18 0.0295827
113.19 0.0281426
113.2 0.0261927
113.21 0.0238118
113.22 0.0210573
113.23 0.017997
113.24 0.0147068
113.25 0.0112691
113.26 0.00777037
113.27 0.00430509
113.28 0.000973311
113.29 -0.00214297
113.3 -0.00496547
113.31 -0.00742378
113.32 -0.00945729
113.33 -0.0110169
113.34 -0.0120661
113.35 -0.0125497
113.36 -0.0124716
113.37 -0.0118636
113.38 -0.0107504
113.39 -0.00917035
113.4 -0.00717429
113.41 -0.00482434
113.42 -0.00219207
113.43 0.000651944
113.44 0.00360434
113.45 0.00657207
113.46 0.00946777
113.47 0.0122067
113.48 0.0147089
113.49 0.0169017
113.5 0.0187213
113.51 0.0200754
113.52 0.0209504
113.53 0.0213297
113.54 0.0212033
113.55 0.0205756
113.56 0.0194651
113.57 0.0179032
113.58 0.0159341
113.59 0.0135848
113.6 0.0109591
113.61 0.00813169
113.62 0.00518027
113.63 0.002185
113.64 -0.000773872
113.65 -0.00361827
113.66 -0.00627257
113.67 -0.00864115
113.68 -0.0106862
113.69 -0.0123614
113.7 -0.0136317
113.71 -0.0144743
113.72 -0.0148792
113.73 -0.0148491
113.74 -0.0143915
113.75 -0.0135133
113.76 -0.0122889
113.77 -0.0107679
113.78 -0.00900716
113.79 -0.00706937
113.8 -0.00502092
113.81 -0.00292996
113.82 -0.000867246
113.83 0.00109066
113.84 0.00288637
113.85 0.00446636
113.86 0.00578494
113.87 0.00680545
113.88 0.00750109
113.89 0.00785553
113.9 0.00784839
113.91 0.00748167
113.92 0.00679317
113.93 0.00580978
113.94 0.00456659
113.95 0.00310559
113.96 0.00147424
113.97 -0.000276128
113.98 -0.00209246
113.99 -0.00391308
114 -0.00568299
114.01 -0.00735306
114.02 -0.00887873
114.03 -0.0102212
114.04 -0.0113486
114.05 -0.0122365
114.06 -0.012851
114.07 -0.0131929
114.08 -0.0132735
114.09 -0.013103
114.1 -0.0126991
114.11 -0.012086
114.12 -0.0112931
114.13 -0.0103544
114.14 -0.00930143
114.15 -0.00818351
114.16 -0.00704213
114.17 -0.00591536
114.18 -0.00483896
114.19 -0.00384528
114.2 -0.00296243
114.21 -0.00221347
114.22 -0.00163073
114.23 -0.00121361
114.24 -0.000964592
114.25 -0.000881842
114.26 -0.000957992
114.27 -0.00118064
114.28 -0.00153302
114.29 -0.00199491
114.3 -0.00254913
114.31 -0.00316009
114.32 -0.00380214
114.33 -0.00445006
114.34 -0.0050799
114.35 -0.00566984
114.36 -0.0062008
114.37 -0.00665587
114.38 -0.00701584
114.39 -0.00728057
114.4 -0.00744732
114.41 -0.00751736
114.42 -0.00749577
114.43 -0.00739102
114.44 -0.00721451
114.45 -0.00697895
114.46 -0.00669964
114.47 -0.00639739
114.48 -0.00608897
114.49 -0.00579058
114.5 -0.00551727
114.51 -0.00528241
114.52 -0.00509716
114.53 -0.00497264
114.54 -0.0049168
114.55 -0.00492812
114.56 -0.00500602
114.57 -0.0051472
114.58 -0.00534586
114.59 -0.0055941
114.6 -0.00588228
114.61 -0.00620033
114.62 -0.00653502
114.63 -0.0068731
114.64 -0.00720314
114.65 -0.00751458
114.66 -0.00779814
114.67 -0.00804614
114.68 -0.00825278
114.69 -0.00841136
114.7 -0.00852126
114.71 -0.00858515
114.72 -0.00860576
114.73 -0.00858748
114.74 -0.00853605
114.75 -0.00845824
114.76 -0.0083614
114.77 -0.00825282
114.78 -0.00814113
114.79 -0.00803316
114.8 -0.00793443
114.81 -0.00784909
114.82 -0.00777979
114.83 -0.00772746
114.84 -0.00769134
114.85 -0.00766978
114.86 -0.00765714
114.87 -0.0076475
114.88 -0.00763416
114.89 -0.00760977
114.9 -0.00756672
114.91 -0.00749753
114.92 -0.00739529
114.93 -0.00724981
114.94 -0.00705995
114.95 -0.00682337
114.96 -0.00653948
114.97 -0.00620975
114.98 -0.00583783
114.99 -0.00542941
115 -0.00499201
115.01 -0.00453449
115.02 -0.00407046
115.03 -0.00361186
115.04 -0.00317103
115.05 -0.00276023
115.06 -0.00239115
115.07 -0.00207433
115.08 -0.00182011
115.09 -0.00164015
115.1 -0.00153322
115.11 -0.00150048
115.12 -0.00154017
115.13 -0.0016476
115.14 -0.00181522
115.15 -0.00203281
115.16 -0.00228849
115.17 -0.00256658
115.18 -0.00284836
115.19 -0.00311688
115.2 -0.00335509
115.21 -0.00354656
115.22 -0.00367609
115.23 -0.00373036
115.24 -0.00369439
115.25 -0.00355835
115.26 -0.00332361
115.27 -0.00299021
115.28 -0.00256193
115.29 -0.00204634
115.3 -0.00145455
115.31 -0.000800934
115.32 -0.000101293
115.33 0.000621769
115.34 0.0013452
115.35 0.00204735
115.36 0.00270685
115.37 0.00330346
115.38 0.00381891
115.39 0.00423759
115.4 0.0045394
115.41 0.00471955
115.42 0.00477917
115.43 0.00472046
115.44 0.00455047
115.45 0.00428098
115.46 0.00392826
115.47 0.00351254
115.48 0.00305647
115.49 0.00259158
115.5 0.00214683
115.51 0.00175078
115.52 0.00143135
115.53 0.00121476
115.54 0.00112446
115.55 0.00118022
115.56 0.00141284
115.57 0.00181885
115.58 0.00239899
115.59 0.00314924
115.6 0.00405913
115.61 0.00511185
115.62 0.00628461
115.63 0.0075493
115.64 0.008875
115.65 0.0102158
115.66 0.0115323
115.67 0.0127839
115.68 0.0139304
115.69 0.0149335
115.7 0.0157578
115.71 0.0163688
115.72 0.0167219
115.73 0.0168183
115.74 0.0166484
115.75 0.0162103
115.76 0.0155105
115.77 0.0145637
115.78 0.0133928
115.79 0.0120238
115.8 0.0104909
115.81 0.00885181
115.82 0.00715417
115.83 0.00544793
115.84 0.00378405
115.85 0.00221279
115.86 0.000782125
115.87 -0.000455295
115.88 -0.00145103
115.89 -0.00218702
115.9 -0.00264123
115.91 -0.00280053
115.92 -0.00266121
115.93 -0.00222924
115.94 -0.00152016
115.95 -0.000547852
115.96 0.000649063
115.97 0.0020154
115.98 0.00350286
115.99 0.00505877
116 0.00662775
116.01 0.0081535
116.02 0.00958062
116.03 0.0108439
116.04 0.0118934
116.05 0.012695
116.06 0.013216
116.07 0.0134329
116.08 0.0133321
116.09 0.01291
116.1 0.0121737
116.11 0.0111209
116.12 0.00979731
116.13 0.00824952
116.14 0.00652365
116.15 0.00467198
116.16 0.00275129
116.17 0.000821057
116.18 -0.00105847
116.19 -0.00281386
116.2 -0.00439208
116.21 -0.00574536
116.22 -0.00683114
116.23 -0.00761525
116.24 -0.00807306
116.25 -0.00819025
116.26 -0.00796334
116.27 -0.00736877
116.28 -0.0064599
116.29 -0.0052688
116.3 -0.00383532
116.31 -0.00220703
116.32 -0.000437695
116.33 0.00141445
116.34 0.00328814
116.35 0.00511208
116.36 0.00682566
116.37 0.00837308
116.38 0.00970409
116.39 0.0107755
116.4 0.0115526
116.41 0.0120103
116.42 0.0121266
116.43 0.0118778
116.44 0.0113002
116.45 0.0104135
116.46 0.00924685
116.47 0.00783814
116.48 0.00623252
116.49 0.00448096
116.5 0.00263755
116.51 0.000765569
116.52 -0.00107182
116.53 -0.00281915
116.54 -0.00442473
116.55 -0.00584228
116.56 -0.00703238
116.57 -0.00796363
116.58 -0.00860055
116.59 -0.00892614
116.6 -0.00895601
116.61 -0.00869928
116.62 -0.00817425
116.63 -0.00740765
116.64 -0.00643355
116.65 -0.00529211
116.66 -0.00402395
116.67 -0.00268457
116.68 -0.00132808
116.69 -2.37712e-06
116.7 0.00124729
116.71 0.00237987
116.72 0.00335986
116.73 0.00415848
116.74 0.00473989
116.75 0.00509814
116.76 0.00523789
116.77 0.00516558
116.78 0.00489577
116.79 0.00445048
116.8 0.00385827
116.81 0.00315302
116.82 0.00236987
116.83 0.00155798
116.84 0.000759959
116.85 1.57153e-05
116.86 -0.000637575
116.87 -0.00116692
116.88 -0.00154481
116.89 -0.00175029
116.9 -0.00175216
116.91 -0.00156118
116.92 -0.0011838
116.93 -0.000632891
116.94 7.09883e-05
116.95 0.000900304
116.96 0.00182152
116.97 0.00279635
116.98 0.00377971
116.99 0.0047233
117 0.00558365
117.01 0.00631919
117.02 0.00689185
117.03 0.00726855
117.04 0.0074225
117.05 0.00733064
117.06 0.00696349
117.07 0.00634242
117.08 0.00547678
117.09 0.004385
117.1 0.0030941
117.11 0.00163896
117.12 6.12852e-05
117.13 -0.00159222
117.14 -0.00326503
117.15 -0.00489818
117.16 -0.0064377
117.17 -0.00783135
117.18 -0.00903041
117.19 -0.00999136
117.2 -0.0106774
117.21 -0.0110474
117.22 -0.0110727
117.23 -0.0107658
117.24 -0.0101303
117.25 -0.00918023
117.26 -0.00794018
117.27 -0.00644425
117.28 -0.00473529
117.29 -0.00285842
117.3 -0.000878341
117.31 0.00113567
117.32 0.00312035
117.33 0.00501246
117.34 0.00675079
117.35 0.00827806
117.36 0.0095427
117.37 0.0104791
117.38 0.0110561
117.39 0.0112632
117.4 0.0110886
117.41 0.0105319
117.42 0.00960417
117.43 0.00832772
117.44 0.00673537
117.45 0.00485318
117.46 0.00275171
117.47 0.000497302
117.48 -0.00184632
117.49 -0.00421266
117.5 -0.0065345
117.51 -0.00874582
117.52 -0.0107838
117.53 -0.0125662
117.54 -0.0140549
117.55 -0.0152129
117.56 -0.0160095
117.57 -0.0164246
117.58 -0.0164492
117.59 -0.0160857
117.6 -0.0153477
117.61 -0.0142284
117.62 -0.0128001
117.63 -0.0111088
117.64 -0.00920684
117.65 -0.00715189
117.66 -0.00500555
117.67 -0.00283141
117.68 -0.000694132
117.69 0.00132976
117.7 0.00318715
117.71 0.0048261
117.72 0.00620157
117.73 0.0072766
117.74 0.00802324
117.75 0.00842314
117.76 0.00846058
117.77 0.0081176
117.78 0.00743666
117.79 0.00644071
117.8 0.00516094
117.81 0.00363569
117.82 0.00190924
117.83 3.04261e-05
117.84 -0.00195028
117.85 -0.00397446
117.86 -0.0059826
117.87 -0.0079234
117.88 -0.00974883
117.89 -0.0114153
117.9 -0.0128849
117.91 -0.0141259
117.92 -0.0151018
117.93 -0.015791
117.94 -0.0162008
117.95 -0.0163314
117.96 -0.0161905
117.97 -0.0157923
117.98 -0.0151575
117.99 -0.0143119
118 -0.0132774
118.01 -0.0120946
118.02 -0.0108075
118.03 -0.00945319
118.04 -0.00806841
118.05 -0.0066888
118.06 -0.00534788
118.07 -0.00407622
118.08 -0.002909
118.09 -0.00186755
118.1 -0.000965714
118.11 -0.000215796
118.12 0.000374748
118.13 0.000803186
118.14 0.00107128
118.15 0.00118492
118.16 0.00114308
118.17 0.000968946
118.18 0.000681336
118.19 0.000297863
118.2 -0.000162705
118.21 -0.000681065
118.22 -0.00123796
118.23 -0.00181469
118.24 -0.00239229
118.25 -0.0029532
118.26 -0.00348344
118.27 -0.00397109
118.28 -0.00440641
118.29 -0.00478186
118.3 -0.0050921
118.31 -0.00533368
118.32 -0.00549881
118.33 -0.00559519
118.34 -0.00562528
118.35 -0.0055928
118.36 -0.00550249
118.37 -0.00535989
118.38 -0.00517108
118.39 -0.00494202
118.4 -0.0046777
118.41 -0.00438806
118.42 -0.00407958
118.43 -0.0037585
118.44 -0.0034308
118.45 -0.00310217
118.46 -0.00277793
118.47 -0.00246351
118.48 -0.00216479
118.49 -0.00188532
118.5 -0.00162909
118.51 -0.00139979
118.52 -0.00120075
118.53 -0.00103495
118.54 -0.000904919
118.55 -0.000814265
118.56 -0.000765506
118.57 -0.000756943
118.58 -0.000788491
118.59 -0.000859217
118.6 -0.000967268
118.61 -0.00110981
118.62 -0.00128298
118.63 -0.00148289
118.64 -0.00170266
118.65 -0.00193395
118.66 -0.00216882
118.67 -0.00239868
118.68 -0.00261438
118.69 -0.00280652
118.7 -0.0029656
118.71 -0.00307911
118.72 -0.00313829
118.73 -0.00313699
118.74 -0.00306851
118.75 -0.00292749
118.76 -0.00271014
118.77 -0.00241443
118.78 -0.00204022
118.79 -0.00158392
118.8 -0.00105379
118.81 -0.000458139
118.82 0.000194976
118.83 0.000895854
118.84 0.00163342
118.85 0.00239549
118.86 0.00316917
118.87 0.00393981
118.88 0.00469301
118.89 0.00541609
118.9 0.00609725
118.91 0.00672593
118.92 0.00729314
118.93 0.00779175
118.94 0.00821672
118.95 0.00855755
118.96 0.0088214
118.97 0.00901067
118.98 0.00912972
118.99 0.00918484
119 0.00918397
119.01 0.00913643
119.02 0.00905224
119.03 0.00894133
119.04 0.00881777
119.05 0.00869202
119.06 0.00857368
119.07 0.00847107
119.08 0.0083909
119.09 0.00833799
119.1 0.00831571
119.11 0.00832607
119.12 0.00836429
119.13 0.00842577
119.14 0.00850392
119.15 0.00859038
119.16 0.00867537
119.17 0.00874809
119.18 0.00879602
119.19 0.00880519
119.2 0.00876664
119.21 0.00867084
119.22 0.0085099
119.23 0.00827805
119.24 0.007972
119.25 0.00759127
119.26 0.00713537
119.27 0.00661045
119.28 0.00603006
119.29 0.00540669
119.3 0.00475553
119.31 0.00409404
119.32 0.00344152
119.33 0.00281852
119.34 0.00225037
119.35 0.00176017
119.36 0.00136557
119.37 0.00108486
119.38 0.00093397
119.39 0.000925805
119.4 0.00106971
119.41 0.00137098
119.42 0.00184124
119.43 0.00246978
119.44 0.003242
119.45 0.0041438
119.46 0.00515681
119.47 0.00625872
119.48 0.00742389
119.49 0.00862391
119.5 0.00982623
119.51 0.0109957
119.52 0.0121009
119.53 0.0131109
119.54 0.013997
119.55 0.0147331
119.56 0.0152965
119.57 0.0156687
119.58 0.0158162
119.59 0.0157482
119.6 0.0154649
119.61 0.0149704
119.62 0.0142745
119.63 0.0133922
119.64 0.0123436
119.65 0.0111525
119.66 0.00983947
119.67 0.00844916
119.68 0.00701458
119.69 0.00556941
119.7 0.00414701
119.71 0.00277945
119.72 0.00149661
119.73 0.000327406
119.74 -0.000693738
119.75 -0.00155948
119.76 -0.00225763
119.77 -0.00278136
119.78 -0.00312931
119.79 -0.0033055
119.8 -0.00331913
119.81 -0.00318056
119.82 -0.00290457
119.83 -0.00252429
119.84 -0.00206459
119.85 -0.00155187
119.86 -0.00101321
119.87 -0.000475318
119.88 3.62918e-05
119.89 0.000495423
119.9 0.000877884
119.91 0.00117109
119.92 0.00136347
119.93 0.00144807
119.94 0.00142275
119.95 0.00129022
119.96 0.00105782
119.97 0.000733546
119.98 0.000335678
119.99 -0.000112068
120 -0.000588048
120.01 -0.00106926
120.02 -0.00153224
120.03 -0.00195403
120.04 -0.00231307
120.05 -0.00258386
120.06 -0.00275096
120.07 -0.00280634
120.08 -0.00274333
120.09 -0.00256016
120.1 -0.00226021
120.11 -0.00185199
120.12 -0.001349
120.13 -0.000765357
120.14 -0.000130156
120.15 0.0005282
120.16 0.00118084
120.17 0.00179743
120.18 0.00234722
120.19 0.00280005
120.2 0.00312744
120.21 0.00328848
120.22 0.00327078
120.23 0.00306025
120.24 0.00264612
120.25 0.00202359
120.26 0.00119423
120.27 0.000166117
120.28 -0.00104624
120.29 -0.00243571
120.3 -0.00395674
120.31 -0.00557632
120.32 -0.00725772
120.33 -0.00896121
120.34 -0.0106451
120.35 -0.0122671
120.36 -0.0137839
120.37 -0.0151394
120.38 -0.0163077
120.39 -0.0172568
120.4 -0.0179601
120.41 -0.0183973
120.42 -0.0185549
120.43 -0.0184266
120.44 -0.0180077
120.45 -0.0172932
120.46 -0.0163238
120.47 -0.0151243
120.48 -0.013726
120.49 -0.0121652
120.5 -0.0104827
120.51 -0.00872234
120.52 -0.00693058
120.53 -0.00516014
120.54 -0.00345814
120.55 -0.0018677
120.56 -0.000428469
120.57 0.000824528
120.58 0.00186181
120.59 0.00266022
120.6 0.00319151
120.61 0.00344412
120.62 0.00343294
120.63 0.003166
120.64 0.00265848
120.65 0.00193215
120.66 0.00101466
120.67 -6.1325e-05
120.68 -0.00126378
120.69 -0.00254604
120.7 -0.00386162
120.71 -0.00516899
120.72 -0.00642779
120.73 -0.0075999
120.74 -0.00865059
120.75 -0.00954945
120.76 -0.0102575
120.77 -0.0107607
120.78 -0.0110534
120.79 -0.0111306
120.8 -0.0109939
120.81 -0.0106517
120.82 -0.0101179
120.83 -0.00941248
120.84 -0.00855009
120.85 -0.00757178
120.86 -0.00651235
120.87 -0.00540541
120.88 -0.00428516
120.89 -0.00318534
120.9 -0.00213815
120.91 -0.00117334
120.92 -0.000329568
120.93 0.000379001
120.94 0.000936927
120.95 0.00133315
120.96 0.00156208
120.97 0.00162362
120.98 0.00152306
120.99 0.0012702
121 0.000869333
121.01 0.000354878
121.02 -0.000250165
121.03 -0.00092054
121.04 -0.00162962
121.05 -0.00235029
121.06 -0.00305592
121.07 -0.00372009
121.08 -0.00431296
121.09 -0.00481882
121.1 -0.00522184
121.11 -0.00551027
121.12 -0.0056768
121.13 -0.00571866
121.14 -0.00563769
121.15 -0.00543715
121.16 -0.00512434
121.17 -0.00472258
121.18 -0.00424969
121.19 -0.00372579
121.2 -0.00317248
121.21 -0.00261214
121.22 -0.00206705
121.23 -0.00156092
121.24 -0.00111699
121.25 -0.000749544
121.26 -0.000472194
121.27 -0.00029496
121.28 -0.000223918
121.29 -0.000260986
121.3 -0.000403848
121.31 -0.000650614
121.32 -0.000988629
121.33 -0.00139819
121.34 -0.00186145
121.35 -0.00235821
121.36 -0.00286657
121.37 -0.00336367
121.38 -0.00382653
121.39 -0.00422773
121.4 -0.00454557
121.41 -0.00476407
121.42 -0.00486807
121.43 -0.00484588
121.44 -0.00468984
121.45 -0.00439653
121.46 -0.00396701
121.47 -0.00339775
121.48 -0.00270707
121.49 -0.00191341
121.5 -0.00103553
121.51 -9.53224e-05
121.52 0.000882857
121.53 0.00187288
121.54 0.00284762
121.55 0.00377369
121.56 0.00462531
121.57 0.00537851
121.58 0.00601116
121.59 0.00650434
121.6 0.00684289
121.61 0.00701596
121.62 0.00701735
121.63 0.00682891
121.64 0.0064726
121.65 0.00595862
121.66 0.00530163
121.67 0.00452062
121.68 0.00363844
121.69 0.00268116
121.7 0.00167729
121.71 0.000659307
121.72 -0.000337641
121.73 -0.00128236
121.74 -0.00214472
121.75 -0.00289651
121.76 -0.00351222
121.77 -0.00396975
121.78 -0.00424682
121.79 -0.0043183
121.8 -0.00419117
121.81 -0.0038636
121.82 -0.00333915
121.83 -0.00262669
121.84 -0.00174024
121.85 -0.000698593
121.86 0.000478698
121.87 0.00176446
121.88 0.00311959
121.89 0.00451152
121.9 0.00590649
121.91 0.00727038
121.92 0.00856959
121.93 0.00977194
121.94 0.0108403
121.95 0.0117431
121.96 0.0124653
121.97 0.0129891
121.98 0.0133015
121.99 0.0133945
122 0.0132658
122.01 0.0129184
122.02 0.012349
122.03 0.0115767
122.04 0.01063
122.05 0.00953222
122.06 0.00831046
122.07 0.00699464
122.08 0.00561682
122.09 0.00421042
122.1 0.00281215
122.11 0.00145914
122.12 0.000183117
122.13 -0.000986021
122.14 -0.00202123
122.15 -0.00289894
122.16 -0.00359962
122.17 -0.00410819
122.18 -0.00439734
122.19 -0.00447486
122.2 -0.00434575
122.21 -0.00401616
122.22 -0.00349703
122.23 -0.00280382
122.24 -0.00195606
122.25 -0.000976841
122.26 0.000115019
122.27 0.00127921
122.28 0.00248489
122.29 0.00370137
122.3 0.00489818
122.31 0.00604581
122.32 0.00711647
122.33 0.00808413
122.34 0.00891298
122.35 0.0095955
122.36 0.010118
122.37 0.0104713
122.38 0.0106509
122.39 0.010657
122.4 0.0104946
122.41 0.010171
122.42 0.00969242
122.43 0.00909097
122.44 0.00838891
122.45 0.00761124
122.46 0.00678506
122.47 0.00593886
122.48 0.00510174
122.49 0.00430459
122.5 0.0035815
122.51 0.0029551
122.52 0.00244848
122.53 0.0020814
122.54 0.00186975
122.55 0.00182508
122.56 0.00195414
122.57 0.00226566
122.58 0.00275855
122.59 0.00341228
122.6 0.00421199
122.61 0.00513809
122.62 0.00616672
122.63 0.00727027
122.64 0.00841799
122.65 0.00957541
122.66 0.0107029
122.67 0.0117648
122.68 0.0127261
122.69 0.0135531
122.7 0.0142144
122.71 0.0146818
122.72 0.014931
122.73 0.0149259
122.74 0.0146579
122.75 0.0141285
122.76 0.013337
122.77 0.0122886
122.78 0.0109953
122.79 0.00947521
122.8 0.00775237
122.81 0.00584586
122.82 0.00380358
122.83 0.00166931
122.84 -0.000514284
122.85 -0.00270249
122.86 -0.00484955
122.87 -0.00690974
122.88 -0.00883851
122.89 -0.0105747
122.9 -0.0120896
122.91 -0.013352
122.92 -0.014334
122.93 -0.0150142
122.94 -0.0153777
122.95 -0.0154169
122.96 -0.0151322
122.97 -0.0145009
122.98 -0.0135726
122.99 -0.0123718
123 -0.0109296
123.01 -0.00928305
123.02 -0.00747413
123.03 -0.00554907
123.04 -0.00355698
123.05 -0.00155327
123.06 0.000405208
123.07 0.00226789
123.08 0.00398649
123.09 0.00551623
123.1 0.00681689
123.11 0.00785388
123.12 0.0085919
123.13 0.00899119
123.14 0.00906382
123.15 0.00880681
123.16 0.00822541
123.17 0.00733301
123.18 0.00615078
123.19 0.00470715
123.2 0.00303075
123.21 0.00116214
123.22 -0.000837692
123.23 -0.00291922
123.24 -0.00503098
123.25 -0.00712083
123.26 -0.00913727
123.27 -0.0110307
123.28 -0.0127447
123.29 -0.0142304
123.3 -0.0154621
123.31 -0.016411
123.32 -0.0170551
123.33 -0.0173802
123.34 -0.0173799
123.35 -0.0170559
123.36 -0.0164003
123.37 -0.0154384
123.38 -0.0142093
123.39 -0.0127449
123.4 -0.0110825
123.41 -0.00926379
123.42 -0.00733353
123.43 -0.00533877
123.44 -0.00332977
123.45 -0.0013602
123.46 0.000523842
123.47 0.00227938
123.48 0.00386719
123.49 0.00525272
123.5 0.00640675
123.51 0.00730604
123.52 0.00791045
123.53 0.00822721
123.54 0.00825959
123.55 0.00801236
123.56 0.00749657
123.57 0.00672912
123.58 0.00573219
123.59 0.00453259
123.6 0.00314791
123.61 0.00163034
123.62 1.71641e-05
123.63 -0.00165449
123.64 -0.00334735
123.65 -0.0050249
123.66 -0.00665211
123.67 -0.00819558
123.68 -0.00961234
123.69 -0.0108853
123.7 -0.0119926
123.71 -0.0129169
123.72 -0.0136447
123.73 -0.0141673
123.74 -0.01448
123.75 -0.014579
123.76 -0.0144546
123.77 -0.0141327
123.78 -0.0136242
123.79 -0.0129431
123.8 -0.0121054
123.81 -0.0111293
123.82 -0.0100338
123.83 -0.0088373
123.84 -0.00755969
123.85 -0.00622891
123.86 -0.00486573
123.87 -0.00349039
123.88 -0.0021224
123.89 -0.000780293
123.9 0.00051847
123.91 0.00175454
123.92 0.00290975
123.93 0.00397454
123.94 0.004937
123.95 0.00578664
123.96 0.00651439
123.97 0.00711263
123.98 0.00757521
123.99 0.00788988
124 0.00805403
124.01 0.00807336
124.02 0.00794847
124.03 0.00768168
124.04 0.0072771
124.05 0.00674068
124.06 0.00608025
124.07 0.00529885
124.08 0.00441301
124.09 0.0034406
124.1 0.00239708
124.11 0.0012994
124.12 0.000165789
124.13 -0.000984484
124.14 -0.00213143
124.15 -0.0032513
124.16 -0.00432286
124.17 -0.00532707
124.18 -0.0062453
124.19 -0.00706035
124.2 -0.00775696
124.21 -0.00832218
124.22 -0.00874577
124.23 -0.00900698
124.24 -0.00911351
124.25 -0.00906771
124.26 -0.00887368
124.27 -0.00853911
124.28 -0.00807513
124.29 -0.0074961
124.3 -0.00681929
124.31 -0.00605881
124.32 -0.00524632
124.33 -0.00440523
124.34 -0.00355955
124.35 -0.00273315
124.36 -0.00194917
124.37 -0.00122924
124.38 -0.000594072
124.39 -6.97815e-05
124.4 0.000338815
124.41 0.000622941
124.42 0.000777968
124.43 0.000803595
124.44 0.000703911
124.45 0.000487312
124.46 0.000164251
124.47 -0.000251539
124.48 -0.000731885
124.49 -0.00125408
124.5 -0.00179365
124.51 -0.00232512
124.52 -0.00282282
124.53 -0.00326177
124.54 -0.00361478
124.55 -0.00385525
124.56 -0.0039716
124.57 -0.00395051
124.58 -0.00378305
124.59 -0.00346508
124.6 -0.00299746
124.61 -0.00238615
124.62 -0.00163662
124.63 -0.000766526
124.64 0.000196008
124.65 0.00122635
124.66 0.00229699
124.67 0.00337838
124.68 0.00443983
124.69 0.00545047
124.7 0.00637368
124.71 0.00717932
124.72 0.00784617
124.73 0.00835325
124.74 0.00868405
124.75 0.00882715
124.76 0.00877662
124.77 0.00853229
124.78 0.00808727
124.79 0.00746289
124.8 0.00668291
124.81 0.00577026
124.82 0.00475202
124.83 0.00365857
124.84 0.0025227
124.85 0.00137859
124.86 0.000265766
124.87 -0.000780583
124.88 -0.00172975
124.89 -0.00255358
124.9 -0.00322794
124.91 -0.00373345
124.92 -0.00405614
124.93 -0.00418788
124.94 -0.00410873
124.95 -0.00384145
124.96 -0.00339895
124.97 -0.00279851
124.98 -0.00206244
124.99 -0.00121735
125 -0.000293256
125.01 0.000677436
125.02 0.00165848
125.03 0.0026121
125.04 0.00350563
125.05 0.00430873
125.06 0.00499439
125.07 0.00553986
125.08 0.00592742
125.09 0.00614187
125.1 0.00616564
125.11 0.006015
125.12 0.00569812
125.13 0.00522924
125.14 0.00462819
125.15 0.00391975
125.16 0.00313286
125.17 0.00229941
125.18 0.0014575
125.19 0.000645475
125.2 -0.000101811
125.21 -0.000751153
125.22 -0.00127214
125.23 -0.0016382
125.24 -0.00182748
125.25 -0.0018152
125.26 -0.00158704
125.27 -0.00115266
125.28 -0.00051682
125.29 0.000309081
125.3 0.00130728
125.31 0.00245418
125.32 0.00372098
125.33 0.00507721
125.34 0.0064807
125.35 0.00788857
125.36 0.00926118
125.37 0.0105594
125.38 0.0117458
125.39 0.0127859
125.4 0.0136489
125.41 0.0142946
125.42 0.0147072
125.43 0.0148819
125.44 0.0148131
125.45 0.0145022
125.46 0.0139573
125.47 0.013193
125.48 0.0122301
125.49 0.0110837
125.5 0.00979758
125.51 0.00841085
125.52 0.00696073
125.53 0.0054856
125.54 0.00402382
125.55 0.0026126
125.56 0.00128695
125.57 9.16266e-05
125.58 -0.000952966
125.59 -0.00182676
125.6 -0.00251379
125.61 -0.00300394
125.62 -0.00329315
125.63 -0.00338329
125.64 -0.00328203
125.65 -0.0029861
125.66 -0.0025336
125.67 -0.00194726
125.68 -0.00125287
125.69 -0.00047831
125.7 0.000347332
125.71 0.00119476
125.72 0.00203496
125.73 0.00283565
125.74 0.00357403
125.75 0.00422954
125.76 0.00478541
125.77 0.00522909
125.78 0.00555242
125.79 0.00575174
125.8 0.00582499
125.81 0.00577184
125.82 0.00561141
125.83 0.00535648
125.84 0.00502241
125.85 0.0046264
125.86 0.00418685
125.87 0.00372259
125.88 0.00325263
125.89 0.00279691
125.9 0.00237119
125.91 0.00198871
125.92 0.00166012
125.93 0.00139309
125.94 0.0011922
125.95 0.00105891
125.96 0.000994507
125.97 0.000993895
125.98 0.00104595
125.99 0.00114102
126 0.0012679
126.01 0.00141435
126.02 0.00156766
126.03 0.00171519
126.04 0.00184314
126.05 0.00193975
126.06 0.00199685
126.07 0.00200747
126.08 0.00196682
126.09 0.00187248
126.1 0.0017244
126.11 0.00152486
126.12 0.00127541
126.13 0.000985382
126.14 0.000664435
126.15 0.00032194
126.16 -3.20809e-05
126.17 -0.000387411
126.18 -0.000734098
126.19 -0.00106289
126.2 -0.00136288
126.21 -0.00162869
126.22 -0.00185629
126.23 -0.00204315
126.24 -0.00218874
126.25 -0.0022946
126.26 -0.00236417
126.27 -0.00240264
126.28 -0.00241508
126.29 -0.00241233
126.3 -0.00240315
126.31 -0.00239641
126.32 -0.00240073
126.33 -0.00242407
126.34 -0.00247333
126.35 -0.00255419
126.36 -0.00267372
126.37 -0.00283013
126.38 -0.00302262
126.39 -0.00324823
126.4 -0.00350199
126.41 -0.00377708
126.42 -0.00406503
126.43 -0.00435601
126.44 -0.00463774
126.45 -0.00489916
126.46 -0.00512956
126.47 -0.00531902
126.48 -0.00545882
126.49 -0.00554196
126.5 -0.00556352
126.51 -0.00551905
126.52 -0.00540641
126.53 -0.00523376
126.54 -0.00500746
126.55 -0.0047365
126.56 -0.00443224
126.57 -0.0041081
126.58 -0.00377907
126.59 -0.00346241
126.6 -0.00317725
126.61 -0.00293896
126.62 -0.00276264
126.63 -0.00266174
126.64 -0.0026474
126.65 -0.00272793
126.66 -0.00290834
126.67 -0.00319529
126.68 -0.00358464
126.69 -0.00406403
126.7 -0.00462202
126.71 -0.00524346
126.72 -0.0059099
126.73 -0.00660011
126.74 -0.00729067
126.75 -0.00795337
126.76 -0.00856041
126.77 -0.00908772
126.78 -0.0095116
126.79 -0.00981056
126.8 -0.00996615
126.81 -0.00996367
126.82 -0.0097928
126.83 -0.00943459
126.84 -0.00889927
126.85 -0.00819758
126.86 -0.00734164
126.87 -0.00634879
126.88 -0.00524118
126.89 -0.00404522
126.9 -0.00279087
126.91 -0.00151164
126.92 -0.000247368
126.93 0.000966555
126.94 0.00209564
126.95 0.0031071
126.96 0.00397089
126.97 0.00466068
126.98 0.00515455
126.99 0.00541366
127 0.00544897
127.01 0.0052577
127.02 0.0048435
127.03 0.00421639
127.04 0.00339253
127.05 0.00239374
127.06 0.00124543
127.07 -2.64726e-05
127.08 -0.00137423
127.09 -0.00276087
127.1 -0.00414859
127.11 -0.0054999
127.12 -0.00677872
127.13 -0.00795151
127.14 -0.00898421
127.15 -0.00984026
127.16 -0.0105113
127.17 -0.0109839
127.18 -0.0112509
127.19 -0.011311
127.2 -0.0111695
127.21 -0.0108371
127.22 -0.0103247
127.23 -0.00965192
127.24 -0.00885575
127.25 -0.00796467
127.26 -0.0070089
127.27 -0.00601937
127.28 -0.00502664
127.29 -0.00405989
127.3 -0.00314972
127.31 -0.00232285
127.32 -0.00159495
127.33 -0.000980064
127.34 -0.000487317
127.35 -0.000120718
127.36 0.000120791
127.37 0.000243121
127.38 0.000250989
127.39 0.000163073
127.4 1.92294e-06
127.41 -0.00021215
127.42 -0.000457574
127.43 -0.000712441
127.44 -0.000955445
127.45 -0.00116678
127.46 -0.00132433
127.47 -0.00141477
127.48 -0.00142985
127.49 -0.00136406
127.5 -0.00121634
127.51 -0.000990147
127.52 -0.000693292
127.53 -0.000337671
127.54 6.32786e-05
127.55 0.000485939
127.56 0.000908507
127.57 0.00130877
127.58 0.00166433
127.59 0.00195352
127.6 0.00215637
127.61 0.00225546
127.62 0.00222447
127.63 0.00206405
127.64 0.00177071
127.65 0.00134537
127.66 0.000794173
127.67 0.000128434
127.68 -0.000635615
127.69 -0.00147757
127.7 -0.00237446
127.71 -0.00329086
127.72 -0.0041963
127.73 -0.00505929
127.74 -0.00584844
127.75 -0.00653344
127.76 -0.00708619
127.77 -0.00747842
127.78 -0.00767613
127.79 -0.00767805
127.8 -0.00747526
127.81 -0.00706492
127.82 -0.00645045
127.83 -0.00564152
127.84 -0.00465385
127.85 -0.00350484
127.86 -0.00221942
127.87 -0.000839971
127.88 0.000598938
127.89 0.00206079
127.9 0.00350822
127.91 0.00490423
127.92 0.00621328
127.93 0.00739603
127.94 0.00841759
127.95 0.00926183
127.96 0.00991088
127.97 0.0103529
127.98 0.0105823
127.99 0.0106004
128 0.0104144
128.01 0.0100289
128.02 0.0094679
128.03 0.00876564
128.04 0.00795144
128.05 0.00705754
128.06 0.00611805
128.07 0.00516781
128.08 0.00424128
128.09 0.00337731
128.1 0.00260768
128.11 0.00195626
128.12 0.00144454
128.13 0.00108894
128.14 0.000900406
128.15 0.000884133
128.16 0.00103956
128.17 0.00137258
128.18 0.00186051
128.19 0.00248232
128.2 0.00321685
128.21 0.00403986
128.22 0.00492496
128.23 0.0058445
128.24 0.00677059
128.25 0.00767181
128.26 0.00852216
128.27 0.00929943
128.28 0.00998439
128.29 0.0105616
128.3 0.0110199
128.31 0.0113524
128.32 0.0115565
128.33 0.011622
128.34 0.0115687
128.35 0.0114068
128.36 0.0111494
128.37 0.0108118
128.38 0.0104108
128.39 0.00996395
128.4 0.00948857
128.41 0.00900225
128.42 0.00852211
128.43 0.00806091
128.44 0.00762882
128.45 0.00723313
128.46 0.0068781
128.47 0.00656492
128.48 0.00629273
128.49 0.00605809
128.5 0.00585074
128.51 0.00566176
128.52 0.00548116
128.53 0.00529852
128.54 0.00510362
128.55 0.00488709
128.56 0.0046397
128.57 0.00435416
128.58 0.00402967
128.59 0.00366635
128.6 0.00326731
128.61 0.00283871
128.62 0.00238963
128.63 0.00193177
128.64 0.00148011
128.65 0.00105263
128.66 0.000665725
128.67 0.000336282
128.68 8.04907e-05
128.69 -8.69208e-05
128.7 -0.000153459
128.71 -0.000109574
128.72 5.79099e-05
128.73 0.000348116
128.74 0.000752608
128.75 0.00126302
128.76 0.00186637
128.77 0.00254523
128.78 0.00327818
128.79 0.00404032
128.8 0.00480197
128.81 0.00553015
128.82 0.00619461
128.83 0.00676556
128.84 0.00721487
128.85 0.00751712
128.86 0.00765063
128.87 0.00759847
128.88 0.00733209
128.89 0.00686028
128.9 0.00618953
128.91 0.00532994
128.92 0.00429849
128.93 0.00311872
128.94 0.00182021
128.95 0.000437812
128.96 -0.000989562
128.97 -0.00241147
128.98 -0.00378346
128.99 -0.00506126
129 -0.00620205
129.01 -0.00716599
129.02 -0.00791754
129.03 -0.0084249
129.04 -0.00864046
129.05 -0.00857431
129.06 -0.00822205
129.07 -0.00758834
129.08 -0.00668709
129.09 -0.00554117
129.1 -0.00418201
129.11 -0.00264638
129.12 -0.000977945
129.13 0.0007572
129.14 0.00250325
129.15 0.00420265
129.16 0.00579783
129.17 0.00723308
129.18 0.00845626
129.19 0.00941117
129.2 0.0100424
129.21 0.0103391
129.22 0.0102816
129.23 0.00986067
129.24 0.0090778
129.25 0.00794556
129.26 0.00648724
129.27 0.00472565
129.28 0.00270655
129.29 0.00049923
129.3 -0.00183759
129.31 -0.0042408
129.32 -0.00664479
129.33 -0.00898344
129.34 -0.0111921
129.35 -0.0131959
129.36 -0.0149343
129.37 -0.0163699
129.38 -0.0174651
129.39 -0.0181925
129.4 -0.0185355
129.41 -0.0184892
129.42 -0.0180602
129.43 -0.0172443
129.44 -0.0160872
129.45 -0.0146426
129.46 -0.0129598
129.47 -0.011095
129.48 -0.0091091
129.49 -0.00706623
129.5 -0.00503135
129.51 -0.00307899
129.52 -0.00127158
129.53 0.000338381
129.54 0.00170379
129.55 0.00278611
129.56 0.00355654
129.57 0.00399681
129.58 0.00409966
129.59 0.00384006
129.6 0.00326281
129.61 0.00239889
129.62 0.00128483
129.63 -3.50695e-05
129.64 -0.00151035
129.65 -0.00308606
129.66 -0.00470466
129.67 -0.00630062
129.68 -0.00781451
129.69 -0.00919384
129.7 -0.0103915
129.71 -0.0113674
129.72 -0.0120897
129.73 -0.0125356
129.74 -0.0126884
129.75 -0.0125247
129.76 -0.0120804
129.77 -0.0113753
129.78 -0.0104382
129.79 -0.00930585
129.8 -0.00802158
129.81 -0.00663365
129.82 -0.00519381
129.83 -0.00376155
129.84 -0.00239261
129.85 -0.00113677
129.86 -3.94799e-05
129.87 0.000859659
129.88 0.00152825
129.89 0.00194215
129.9 0.002076
129.91 0.0019176
129.92 0.0014909
129.93 0.000811987
129.94 -9.42353e-05
129.95 -0.00119488
129.96 -0.0024502
129.97 -0.003815
129.98 -0.0052404
129.99 -0.00666782
130 -0.00804266
130.01 -0.00931478
130.02 -0.0104373
130.03 -0.0113684
130.04 -0.0120722
130.05 -0.0125204
130.06 -0.0126753
130.07 -0.0125316
130.08 -0.0121008
130.09 -0.0113922
130.1 -0.0104244
130.11 -0.00922353
130.12 -0.00782329
130.13 -0.00626324
130.14 -0.00458277
130.15 -0.00284016
130.16 -0.00108765
130.17 0.000626097
130.18 0.00225443
130.19 0.00375423
130.2 0.00508726
130.21 0.0062213
130.22 0.00711055
130.23 0.00775265
130.24 0.00814402
130.25 0.00828572
130.26 0.00818693
130.27 0.00786448
130.28 0.00734209
130.29 0.00664949
130.3 0.00581185
130.31 0.00488367
130.32 0.00390613
130.33 0.00292025
130.34 0.00196596
130.35 0.00108081
130.36 0.000298666
130.37 -0.000350158
130.38 -0.000827166
130.39 -0.00112992
130.4 -0.0012502
130.41 -0.00118694
130.42 -0.000946147
130.43 -0.000540577
130.44 1.08382e-05
130.45 0.000685533
130.46 0.00145672
130.47 0.00228203
130.48 0.00312683
130.49 0.00395594
130.5 0.00473492
130.51 0.00543121
130.52 0.00601538
130.53 0.00645702
130.54 0.00672797
130.55 0.00682483
130.56 0.0067406
130.57 0.00647468
130.58 0.00603287
130.59 0.00542706
130.6 0.00467481
130.61 0.00379453
130.62 0.00281558
130.63 0.00177549
130.64 0.000706665
130.65 -0.000357768
130.66 -0.00138512
130.67 -0.00234423
130.68 -0.00320654
130.69 -0.00393905
130.7 -0.00452026
130.71 -0.00494152
130.72 -0.00519405
130.73 -0.0052748
130.74 -0.00518652
130.75 -0.00493748
130.76 -0.00454119
130.77 -0.00400857
130.78 -0.00336909
130.79 -0.00265268
130.8 -0.00188682
130.81 -0.00109978
130.82 -0.000319611
130.83 0.00042688
130.84 0.00111508
130.85 0.00171567
130.86 0.0022144
130.87 0.00260098
130.88 0.00286831
130.89 0.00301445
130.9 0.00304266
130.91 0.00296121
130.92 0.00278307
130.93 0.00252
130.94 0.0022015
130.95 0.00185218
130.96 0.00149739
130.97 0.00116309
130.98 0.000874823
130.99 0.000656729
131 0.00053087
131.01 0.000528138
131.02 0.000652624
131.03 0.000913203
131.04 0.00131362
131.05 0.00185224
131.06 0.00252197
131.07 0.00331043
131.08 0.00420124
131.09 0.00517535
131.1 0.00619738
131.11 0.00723764
131.12 0.00826439
131.13 0.00924486
131.14 0.0101463
131.15 0.0109368
131.16 0.0115824
131.17 0.0120454
131.18 0.012315
131.19 0.0123745
131.2 0.0122125
131.21 0.0118237
131.22 0.0112088
131.23 0.010375
131.24 0.0093285
131.25 0.00808708
131.26 0.00668959
131.27 0.00516669
131.28 0.00355296
131.29 0.00188594
131.3 0.000205194
131.31 -0.00144876
131.32 -0.00303014
131.33 -0.0044945
131.34 -0.0058094
131.35 -0.0069422
131.36 -0.00786463
131.37 -0.00855358
131.38 -0.00899172
131.39 -0.00916798
131.4 -0.00906152
131.41 -0.00868173
131.42 -0.00804962
131.43 -0.00718199
131.44 -0.00610159
131.45 -0.0048365
131.46 -0.00341945
131.47 -0.00188698
131.48 -0.00027607
131.49 0.00136366
131.5 0.00298802
131.51 0.00455528
131.52 0.00602522
131.53 0.00736015
131.54 0.00852579
131.55 0.00949214
131.56 0.0102133
131.57 0.0106848
131.58 0.0108983
131.59 0.0108487
131.6 0.0105372
131.61 0.00997143
131.62 0.00916557
131.63 0.00813955
131.64 0.00690267
131.65 0.00550675
131.66 0.00398752
131.67 0.00238293
131.68 0.000732927
131.69 -0.000921513
131.7 -0.00253942
131.71 -0.00407981
131.72 -0.00549124
131.73 -0.0067472
131.74 -0.00781743
131.75 -0.00867637
131.76 -0.00930381
131.77 -0.0096853
131.78 -0.00981259
131.79 -0.00967866
131.8 -0.00927392
131.81 -0.00863135
131.82 -0.00776904
131.83 -0.0067105
131.84 -0.00548399
131.85 -0.00412186
131.86 -0.00265968
131.87 -0.00113468
131.88 0.000409841
131.89 0.00193055
131.9 0.00338896
131.91 0.00474861
131.92 0.00597591
131.93 0.00704113
131.94 0.00791906
131.95 0.00857995
131.96 0.00900567
131.97 0.00920169
131.98 0.00916787
131.99 0.00891037
132 0.0084415
132.01 0.00777933
132.02 0.00694721
132.03 0.00596695
132.04 0.00487644
132.05 0.00371706
132.06 0.00252554
132.07 0.00133917
132.08 0.000194656
132.09 -0.000872876
132.1 -0.00183094
132.11 -0.00263951
132.12 -0.00327685
132.13 -0.0037298
132.14 -0.00398637
132.15 -0.00404081
132.16 -0.00389376
132.17 -0.00355226
132.18 -0.00302954
132.19 -0.00233362
132.2 -0.00150154
132.21 -0.000566392
132.22 0.000438828
132.23 0.00147879
132.24 0.00251695
132.25 0.00351665
132.26 0.00444227
132.27 0.00524768
132.28 0.00590942
132.29 0.00640369
132.3 0.00671087
132.31 0.00681715
132.32 0.00671502
132.33 0.00640351
132.34 0.0058877
132.35 0.00516304
132.36 0.00426898
132.37 0.00323026
132.38 0.00207613
132.39 0.000839358
132.4 -0.000444765
132.41 -0.00173959
132.42 -0.00300733
132.43 -0.00420396
132.44 -0.00529936
132.45 -0.00626416
132.46 -0.00707351
132.47 -0.00770782
132.48 -0.00815343
132.49 -0.00840298
132.5 -0.00845063
132.51 -0.00829429
132.52 -0.00796219
132.53 -0.00747348
132.54 -0.00685227
132.55 -0.00612673
132.56 -0.00532806
132.57 -0.00448939
132.58 -0.00364566
132.59 -0.00283488
132.6 -0.00208799
132.61 -0.00143265
132.62 -0.000892232
132.63 -0.000485004
132.64 -0.000223395
132.65 -0.000113522
132.66 -0.000162158
132.67 -0.000360423
132.68 -0.00068565
132.69 -0.00111711
132.7 -0.00162906
132.71 -0.00219173
132.72 -0.00277238
132.73 -0.00333655
132.74 -0.00384399
132.75 -0.00425815
132.76 -0.00455048
132.77 -0.00469427
132.78 -0.00466793
132.79 -0.00445602
132.8 -0.00405001
132.81 -0.00344886
132.82 -0.00264646
132.83 -0.00166916
132.84 -0.000546013
132.85 0.00069212
132.86 0.0020084
132.87 0.00336108
132.88 0.00470484
132.89 0.0059922
132.9 0.00716201
132.91 0.00817057
132.92 0.00897636
132.93 0.00954095
132.94 0.00983216
132.95 0.00982534
132.96 0.00950436
132.97 0.00886251
132.98 0.00787308
132.99 0.00658244
133 0.00501721
133.01 0.00321229
133.02 0.00121102
133.03 -0.000936039
133.04 -0.0031725
133.05 -0.00543746
133.06 -0.00765835
133.07 -0.00977039
133.08 -0.0117126
133.09 -0.013428
133.1 -0.0148657
133.11 -0.0159821
133.12 -0.0167428
133.13 -0.0171155
133.14 -0.0170635
133.15 -0.0166192
133.16 -0.0157961
133.17 -0.0146192
133.18 -0.0131242
133.19 -0.0113568
133.2 -0.00937092
133.21 -0.0072247
133.22 -0.00498926
133.23 -0.00274388
133.24 -0.000557835
133.25 0.00150161
133.26 0.00337138
133.27 0.00499452
133.28 0.00632206
133.29 0.00729832
133.3 0.00788813
133.31 0.00809701
133.32 0.00792359
133.33 0.00737889
133.34 0.00648601
133.35 0.00527934
133.36 0.00380344
133.37 0.00210294
133.38 0.000249339
133.39 -0.00168194
133.4 -0.00362257
133.41 -0.00550424
133.42 -0.00726093
133.43 -0.00883106
133.44 -0.0101595
133.45 -0.0111771
133.46 -0.0118545
133.47 -0.0121785
133.48 -0.0121383
133.49 -0.0117354
133.5 -0.010984
133.51 -0.00990988
133.52 -0.00855007
133.53 -0.00693669
133.54 -0.00514587
133.55 -0.00324519
133.56 -0.00130111
133.57 0.000618338
133.58 0.00244585
133.59 0.00411704
133.6 0.0055726
133.61 0.00673149
133.62 0.00757043
133.63 0.00806147
133.64 0.00818582
133.65 0.00793691
133.66 0.00732059
133.67 0.00635491
133.68 0.00506873
133.69 0.00348099
133.7 0.00167421
133.71 -0.000292664
133.72 -0.00235548
133.73 -0.00444694
133.74 -0.00649877
133.75 -0.00844393
133.76 -0.0102153
133.77 -0.0117327
133.78 -0.012963
133.79 -0.0138667
133.8 -0.0144147
133.81 -0.0145893
133.82 -0.0143844
133.83 -0.0138058
133.84 -0.0128621
133.85 -0.0115705
133.86 -0.00999731
133.87 -0.00819066
133.88 -0.0062049
133.89 -0.00409886
133.9 -0.00193378
133.91 0.000228662
133.92 0.00232366
133.93 0.00428535
133.94 0.00606868
133.95 0.00763148
133.96 0.00894013
133.97 0.00997047
133.98 0.0107084
133.99 0.0111501
134 0.0112879
134.01 0.0111413
134.02 0.0107518
134.03 0.0101533
134.04 0.00938607
134.05 0.00849438
134.06 0.00752522
134.07 0.0065264
134.08 0.00554869
134.09 0.00464064
134.1 0.00383983
134.11 0.00317871
134.12 0.00268256
134.13 0.00236872
134.14 0.00224608
134.15 0.0023149
134.16 0.00257937
134.17 0.0030114
134.18 0.003581
134.19 0.00425711
134.2 0.00500408
134.21 0.00578316
134.22 0.00655408
134.23 0.00727664
134.24 0.00790173
134.25 0.00839774
134.26 0.00873689
134.27 0.00889628
134.28 0.00886017
134.29 0.00862062
134.3 0.00817784
134.31 0.00754026
134.32 0.00670904
134.33 0.00572835
134.34 0.00463047
134.35 0.00345232
134.36 0.00223465
134.37 0.00102046
134.38 -0.000146481
134.39 -0.00122206
134.4 -0.0021512
134.41 -0.00290771
134.42 -0.00346213
134.43 -0.00379186
134.44 -0.00388194
134.45 -0.00372574
134.46 -0.00332519
134.47 -0.00268627
134.48 -0.00181826
134.49 -0.000767934
134.5 0.000429954
134.51 0.00173536
134.52 0.00310433
134.53 0.00449046
134.54 0.00584654
134.55 0.00712209
134.56 0.00826393
134.57 0.00923895
134.58 0.010014
134.59 0.0105628
134.6 0.0108666
134.61 0.0109151
134.62 0.0107066
134.63 0.0102373
134.64 0.0095232
134.65 0.00860308
134.66 0.00750855
134.67 0.00627676
134.68 0.00494909
134.69 0.0035697
134.7 0.002184
134.71 0.000841849
134.72 -0.000408882
134.73 -0.00153141
134.74 -0.00249201
134.75 -0.00326308
134.76 -0.00382398
134.77 -0.00416171
134.78 -0.00427116
134.79 -0.00414044
134.8 -0.0037909
134.81 -0.00324937
134.82 -0.00254169
134.83 -0.00169887
134.84 -0.000755938
134.85 0.000249425
134.86 0.00127826
134.87 0.00228748
134.88 0.00323738
134.89 0.00409502
134.9 0.00483145
134.91 0.00542307
134.92 0.0058524
134.93 0.00610856
134.94 0.00618755
134.95 0.00607693
134.96 0.00580287
134.97 0.00538375
134.98 0.00484163
134.99 0.00420269
135 0.0034961
135.01 0.00275285
135.02 0.00200454
135.03 0.00128735
135.04 0.000629325
135.05 5.51632e-05
135.06 -0.000414772
135.07 -0.000765212
135.08 -0.000986522
135.09 -0.00107502
135.1 -0.00103114
135.11 -0.000856043
135.12 -0.000575723
135.13 -0.00020965
135.14 0.000219004
135.15 0.000684377
135.16 0.00115904
135.17 0.0016152
135.18 0.0020239
135.19 0.00235428
135.2 0.00258909
135.21 0.00271174
135.22 0.00271067
135.23 0.00257995
135.24 0.00231951
135.25 0.00193528
135.26 0.00143531
135.27 0.00083744
135.28 0.00017139
135.29 -0.000536313
135.3 -0.00125659
135.31 -0.001959
135.32 -0.00261296
135.33 -0.00318909
135.34 -0.00365377
135.35 -0.00398127
135.36 -0.00415969
135.37 -0.00417755
135.38 -0.0040298
135.39 -0.00371825
135.4 -0.00325167
135.41 -0.00264564
135.42 -0.0019166
135.43 -0.00109955
135.44 -0.00023251
135.45 0.000647389
135.46 0.00150095
135.47 0.00228829
135.48 0.00297035
135.49 0.00351038
135.5 0.00386004
135.51 0.00399797
135.52 0.00390895
135.53 0.00358063
135.54 0.00300879
135.55 0.00219777
135.56 0.00116052
135.57 -8.15866e-05
135.58 -0.00151138
135.59 -0.00307507
135.6 -0.00472663
135.61 -0.00641813
135.62 -0.00809889
135.63 -0.00971713
135.64 -0.0112217
135.65 -0.0125636
135.66 -0.0136737
135.67 -0.0145305
135.68 -0.0151043
135.69 -0.0153731
135.7 -0.0153243
135.71 -0.0149547
135.72 -0.0142715
135.73 -0.0132887
135.74 -0.0120141
135.75 -0.0105112
135.76 -0.0088238
135.77 -0.00700126
135.78 -0.00509717
135.79 -0.00316748
135.8 -0.00126872
135.81 0.000540802
135.82 0.00219544
135.83 0.00365688
135.84 0.00488596
135.85 0.00585148
135.86 0.00653119
135.87 0.0069124
135.88 0.0069924
135.89 0.00676908
135.9 0.00625314
135.91 0.00549216
135.92 0.00452159
135.93 0.0033832
135.94 0.00212357
135.95 0.000792419
135.96 -0.000559154
135.97 -0.00187675
135.98 -0.00310513
135.99 -0.00420303
136 -0.00513292
136.01 -0.00586432
136.02 -0.00637481
136.03 -0.00665067
136.04 -0.00668734
136.05 -0.00647668
136.06 -0.00603844
136.07 -0.00540647
136.08 -0.00461154
136.09 -0.00369021
136.1 -0.0026835
136.11 -0.00163527
136.12 -0.000590571
136.13 0.000399709
136.14 0.0012907
136.15 0.00204677
136.16 0.00263619
136.17 0.00303395
136.18 0.00322265
136.19 0.00319318
136.2 0.00294495
136.21 0.00247013
136.22 0.00180087
136.23 0.000966865
136.24 -7.14621e-09
136.25 -0.0010627
136.26 -0.00218044
136.27 -0.00331024
136.28 -0.0044085
136.29 -0.00542201
136.3 -0.00631425
136.31 -0.00705138
136.32 -0.00760471
136.33 -0.00795241
136.34 -0.00808023
136.35 -0.00798212
136.36 -0.00765944
136.37 -0.00710478
136.38 -0.00635996
136.39 -0.00545199
136.4 -0.00441374
136.41 -0.00328259
136.42 -0.00209914
136.43 -0.00090556
136.44 0.000254665
136.45 0.00133156
136.46 0.00229183
136.47 0.00310363
136.48 0.0037411
136.49 0.00418526
136.5 0.00442464
136.51 0.00445573
136.52 0.0042776
136.53 0.00389612
136.54 0.00334716
136.55 0.00265784
136.56 0.00186021
136.57 0.00098998
136.58 8.50486e-05
136.59 -0.000816014
136.6 -0.00167239
136.61 -0.0024431
136.62 -0.00310085
136.63 -0.00362086
136.64 -0.00398483
136.65 -0.00418159
136.66 -0.00420762
136.67 -0.00406715
136.68 -0.00376503
136.69 -0.00332412
136.7 -0.00277868
136.71 -0.00216036
136.72 -0.00150443
136.73 -0.000848296
136.74 -0.000229903
136.75 0.000313925
136.76 0.000740202
136.77 0.0010192
136.78 0.00113274
136.79 0.00106561
136.8 0.000810669
136.81 0.000369375
136.82 -0.000247956
136.83 -0.00102228
136.84 -0.0019334
136.85 -0.00293517
136.86 -0.00398195
136.87 -0.00502683
136.88 -0.00602013
136.89 -0.00691121
136.9 -0.00765044
136.91 -0.00819113
136.92 -0.00846726
136.93 -0.00845947
136.94 -0.00814653
136.95 -0.00751378
136.96 -0.00655742
136.97 -0.00528499
136.98 -0.0037156
136.99 -0.00187964
137 0.000199219
137.01 0.00244247
137.02 0.00478925
137.03 0.00717319
137.04 0.00952417
137.05 0.0117705
137.06 0.0138415
137.07 0.0156663
137.08 0.0171526
137.09 0.0182717
137.1 0.0189822
137.11 0.0192546
137.12 0.0190725
137.13 0.0184334
137.14 0.0173492
137.15 0.0158378
137.16 0.0139234
137.17 0.0116941
137.18 0.00921556
137.19 0.0065622
137.2 0.00381467
137.21 0.0010574
137.22 -0.00162412
137.23 -0.0041377
137.24 -0.00638707
137.25 -0.00831363
137.26 -0.00985737
137.27 -0.0109704
137.28 -0.0116185
137.29 -0.0117827
137.3 -0.0114592
137.31 -0.0106401
137.32 -0.00935509
137.33 -0.00767643
137.34 -0.00566328
137.35 -0.00338585
137.36 -0.000923123
137.37 0.0016397
137.38 0.00421397
137.39 0.00670076
137.4 0.00900401
137.41 0.011048
137.42 0.0127619
137.43 0.0140859
137.44 0.0149733
137.45 0.0153922
137.46 0.015326
137.47 0.0147419
137.48 0.0136793
137.49 0.0121891
137.5 0.0103214
137.51 0.0081388
137.52 0.0057146
137.53 0.00313017
137.54 0.000472265
137.55 -0.00216109
137.56 -0.00467346
137.57 -0.00698141
137.58 -0.00900801
137.59 -0.0106859
137.6 -0.0119597
137.61 -0.0127872
137.62 -0.0131416
137.63 -0.0129667
137.64 -0.0123128
137.65 -0.0112081
137.66 -0.00969243
137.67 -0.00781884
137.68 -0.00565209
137.69 -0.00326634
137.7 -0.00074239
137.71 0.00183046
137.72 0.00435416
137.73 0.00674505
137.74 0.00892479
137.75 0.0108229
137.76 0.0123793
137.77 0.0135457
137.78 0.0142805
137.79 0.0145334
137.8 0.0143403
137.81 0.0137163
137.82 0.0126907
137.83 0.0113067
137.84 0.00961912
137.85 0.00769283
137.86 0.00559796
137.87 0.00341784
137.88 0.00124372
137.89 -0.000845598
137.9 -0.00277523
137.91 -0.00447677
137.92 -0.00589056
137.93 -0.00696772
137.94 -0.00765572
137.95 -0.00792253
137.96 -0.00778617
137.97 -0.00725611
137.98 -0.00635585
137.99 -0.00512198
138 -0.00360282
138.01 -0.00185669
138.02 5.4634e-05
138.03 0.00204856
138.04 0.00404258
138.05 0.00596188
138.06 0.00773458
138.07 0.00929416
138.08 0.0105817
138.09 0.0115479
138.1 0.0121299
138.11 0.012311
138.12 0.0120959
138.13 0.0114895
138.14 0.0105103
138.15 0.00918953
138.16 0.00756985
138.17 0.00570423
138.18 0.00364501
138.19 0.00147704
138.2 -0.000723542
138.21 -0.00288422
138.22 -0.00493413
138.23 -0.00680636
138.24 -0.0084401
138.25 -0.00978263
138.26 -0.0107586
138.27 -0.01136
138.28 -0.0115744
138.29 -0.0113972
138.3 -0.0108366
138.31 -0.00991241
138.32 -0.00865587
138.33 -0.00710811
138.34 -0.00530024
138.35 -0.00331815
138.36 -0.00122406
138.37 0.000917981
138.38 0.00304383
138.39 0.00509131
138.4 0.00700211
138.41 0.00872095
138.42 0.0101795
138.43 0.0113606
138.44 0.0122385
138.45 0.0127975
138.46 0.0130316
138.47 0.0129446
138.48 0.0125492
138.49 0.0118607
138.5 0.0108969
138.51 0.00971548
138.52 0.00835553
138.53 0.00685872
138.54 0.00526756
138.55 0.00362388
138.56 0.0019675
138.57 0.00033697
138.58 -0.00123032
138.59 -0.00271061
138.6 -0.00408395
138.61 -0.00533635
138.62 -0.00645972
138.63 -0.00745151
138.64 -0.00831421
138.65 -0.00904937
138.66 -0.00966792
138.67 -0.0101893
138.68 -0.0106275
138.69 -0.010996
138.7 -0.0113075
138.71 -0.0115726
138.72 -0.0117992
138.73 -0.0119895
138.74 -0.0121446
138.75 -0.0122617
138.76 -0.0123331
138.77 -0.0123479
138.78 -0.0122923
138.79 -0.0121508
138.8 -0.0119072
138.81 -0.0115356
138.82 -0.0110246
138.83 -0.0103661
138.84 -0.00955206
138.85 -0.00857936
138.86 -0.00745022
138.87 -0.00617296
138.88 -0.00476229
138.89 -0.00323245
138.9 -0.00162182
138.91 3.30127e-05
138.92 0.0016928
138.93 0.00331469
138.94 0.00485349
138.95 0.00626318
138.96 0.00749853
138.97 0.00849254
138.98 0.00922302
138.99 0.00966025
139 0.00978056
139.01 0.00956906
139.02 0.00902059
139.03 0.00814036
139.04 0.00694279
139.05 0.00543193
139.06 0.00367692
139.07 0.00172596
139.08 -0.000365018
139.09 -0.00253385
139.1 -0.00471404
139.11 -0.00683684
139.12 -0.00883001
139.13 -0.010607
139.14 -0.0121188
139.15 -0.0133122
139.16 -0.014143
139.17 -0.0145782
139.18 -0.0145969
139.19 -0.0141917
139.2 -0.0133572
139.21 -0.0121009
139.22 -0.0104897
139.23 -0.00857324
139.24 -0.00641207
139.25 -0.00407592
139.26 -0.00164155
139.27 0.000809597
139.28 0.0031878
139.29 0.00539718
139.3 0.00736474
139.31 0.00901973
139.32 0.0103009
139.33 0.0111585
139.34 0.0115564
139.35 0.0114733
139.36 0.0108786
139.37 0.00978912
139.38 0.0082593
139.39 0.00633518
139.4 0.00407667
139.41 0.00155568
139.42 -0.0011461
139.43 -0.00393981
139.44 -0.00672584
139.45 -0.00939859
139.46 -0.0118671
139.47 -0.0140457
139.48 -0.0158577
139.49 -0.0172378
139.5 -0.0181342
139.51 -0.0185109
139.52 -0.0183074
139.53 -0.0175531
139.54 -0.0162826
139.55 -0.0145343
139.56 -0.0123629
139.57 -0.00983786
139.58 -0.00704079
139.59 -0.00406321
139.6 -0.0010053
139.61 0.00201494
139.62 0.00489514
139.63 0.00753796
139.64 0.00985349
139.65 0.0117622
139.66 0.0131978
139.67 0.0141095
139.68 0.0144059
139.69 0.01413
139.7 0.013291
139.71 0.0119171
139.72 0.0100543
139.73 0.00776558
139.74 0.00512881
139.75 0.00223242
139.76 -0.000824903
139.77 -0.00391466
139.78 -0.0069284
139.79 -0.00975947
139.8 -0.0123066
139.81 -0.0144772
139.82 -0.0161904
139.83 -0.0173664
139.84 -0.0179206
139.85 -0.0178681
139.86 -0.0172023
139.87 -0.0159365
139.88 -0.0141033
139.89 -0.0117541
139.9 -0.00895707
139.91 -0.00578598
139.92 -0.00234064
139.93 0.00125008
139.94 0.00487591
139.95 0.0084255
139.96 0.01179
139.97 0.0148667
139.98 0.017562
139.99 0.0197696
140 0.0214129
140.01 0.0224727
140.02 0.0229229
140.03 0.022757
140.04 0.0219881
140.05 0.0206484
140.06 0.0187877
140.07 0.0164502
140.08 0.0137354
140.09 0.0107556
140.1 0.00761094
140.11 0.00440581
140.12 0.00124476
140.13 -0.00177065
140.14 -0.00454517
140.15 -0.00696435
140.16 -0.00896155
140.17 -0.0104915
140.18 -0.0115155
140.19 -0.0120122
140.2 -0.0119784
140.21 -0.0114288
140.22 -0.0103952
140.23 -0.00889449
140.24 -0.00702468
140.25 -0.00486946
140.26 -0.00251283
140.27 -4.40067e-05
140.28 0.00244567
140.29 0.00486592
140.3 0.00713057
140.31 0.00913158
140.32 0.0108162
140.33 0.0121318
140.34 0.0130386
140.35 0.0135119
140.36 0.0135433
140.37 0.0131401
140.38 0.0123233
140.39 0.0111023
140.4 0.00956939
140.41 0.00778869
140.42 0.0058322
140.43 0.00377734
140.44 0.00170411
140.45 -0.000307798
140.46 -0.002178
140.47 -0.00381481
140.48 -0.00517075
140.49 -0.00619666
140.5 -0.00685589
140.51 -0.0071255
140.52 -0.00699687
140.53 -0.0064759
140.54 -0.00557266
140.55 -0.0043117
140.56 -0.00276743
140.57 -0.000997462
140.58 0.000933106
140.59 0.00295405
140.6 0.00499261
140.61 0.00697605
140.62 0.00882624
140.63 0.0104672
140.64 0.0118516
140.65 0.012934
140.66 0.0136802
140.67 0.0140683
140.68 0.0140897
140.69 0.0137487
140.7 0.0130461
140.71 0.0120188
140.72 0.0107261
140.73 0.00921954
140.74 0.00755781
140.75 0.00580406
140.76 0.00402382
140.77 0.00228254
140.78 0.000653802
140.79 -0.000801075
140.8 -0.00203662
140.81 -0.00301248
140.82 -0.00369868
140.83 -0.00407667
140.84 -0.00413979
140.85 -0.00389348
140.86 -0.00333455
140.87 -0.00251143
140.88 -0.0014713
140.89 -0.0002623
140.9 0.0010614
140.91 0.0024416
140.92 0.0038183
140.93 0.00513184
140.94 0.00630969
140.95 0.00730483
140.96 0.00807494
140.97 0.00858473
140.98 0.00880875
140.99 0.00873223
141 0.00835149
141.01 0.00767406
141.02 0.00669304
141.03 0.00546901
141.04 0.00404138
141.05 0.00245661
141.06 0.000766519
141.07 -0.000973703
141.08 -0.00270747
141.09 -0.00437746
141.1 -0.00591623
141.11 -0.00728312
141.12 -0.00843784
141.13 -0.00934824
141.14 -0.00999141
141.15 -0.0103544
141.16 -0.0104344
141.17 -0.0102329
141.18 -0.0097565
141.19 -0.00905483
141.2 -0.00816384
141.21 -0.0071255
141.22 -0.00598616
141.23 -0.0047947
141.24 -0.00360062
141.25 -0.00245545
141.26 -0.00141201
141.27 -0.000505504
141.28 0.000232202
141.29 0.000777172
141.3 0.00111427
141.31 0.00123768
141.32 0.00115101
141.33 0.000858802
141.34 0.000385553
141.35 -0.000227333
141.36 -0.000942814
141.37 -0.0017193
141.38 -0.00251237
141.39 -0.00327662
141.4 -0.00396752
141.41 -0.00453409
141.42 -0.00493724
141.43 -0.00515261
141.44 -0.00515858
141.45 -0.00494231
141.46 -0.00450039
141.47 -0.00383911
141.48 -0.00297441
141.49 -0.00192113
141.5 -0.000725201
141.51 0.000565925
141.52 0.00190469
141.53 0.00323994
141.54 0.00451885
141.55 0.0056889
141.56 0.00669983
141.57 0.00748512
141.58 0.00801555
141.59 0.00826484
141.6 0.00821231
141.61 0.00784764
141.62 0.00717137
141.63 0.00619514
141.64 0.00494146
141.65 0.00342383
141.66 0.00171145
141.67 -0.000142549
141.68 -0.00208061
141.69 -0.00404132
141.7 -0.00596148
141.71 -0.00777826
141.72 -0.00943006
141.73 -0.0108367
141.74 -0.011968
141.75 -0.0127861
141.76 -0.0132632
141.77 -0.0133833
141.78 -0.013142
141.79 -0.0125474
141.8 -0.0116139
141.81 -0.0103583
141.82 -0.00885218
141.83 -0.00714831
141.84 -0.0053063
141.85 -0.00339048
141.86 -0.00146772
141.87 0.00039488
141.88 0.00212662
141.89 0.00365258
141.9 0.00493022
141.91 0.00591623
141.92 0.00657768
141.93 0.00689319
141.94 0.00685367
141.95 0.00646262
141.96 0.00572323
141.97 0.00466331
141.98 0.00334403
141.99 0.00181598
142 0.00013707
142.01 -0.00162949
142.02 -0.00341745
142.03 -0.00515989
142.04 -0.00678214
142.05 -0.00821641
142.06 -0.00941536
142.07 -0.0103347
142.08 -0.0109405
142.09 -0.0112103
142.1 -0.011134
142.11 -0.0107142
142.12 -0.00994659
142.13 -0.00887357
142.14 -0.00754783
142.15 -0.00601984
142.16 -0.00434757
142.17 -0.00259441
142.18 -0.000826888
142.19 0.000887778
142.2 0.00247001
142.21 0.00385934
142.22 0.00500587
142.23 0.00586575
142.24 0.00640579
142.25 0.00660477
142.26 0.00645425
142.27 0.00595901
142.28 0.00511051
142.29 0.00396982
142.3 0.00258557
142.31 0.0010124
142.32 -0.000687226
142.33 -0.00244518
142.34 -0.00419008
142.35 -0.00584977
142.36 -0.00733179
142.37 -0.00858186
142.38 -0.00954339
142.39 -0.0101695
142.4 -0.0104247
142.41 -0.0102865
142.42 -0.00974638
142.43 -0.0088055
142.44 -0.00745919
142.45 -0.00578011
142.46 -0.00381847
142.47 -0.00163554
142.48 0.000698357
142.49 0.00310608
142.5 0.00550627
142.51 0.00781173
142.52 0.00992268
142.53 0.0117712
142.54 0.0132888
142.55 0.0144171
142.56 0.0151097
142.57 0.0153337
142.58 0.0150716
142.59 0.0143043
142.6 0.0130361
142.61 0.0113323
142.62 0.00924124
142.63 0.00682432
142.64 0.00415416
142.65 0.00131234
142.66 -0.00161321
142.67 -0.00452601
142.68 -0.00732138
142.69 -0.00991206
142.7 -0.0122159
142.71 -0.0141597
142.72 -0.0156816
142.73 -0.0167331
142.74 -0.0172808
142.75 -0.0172759
142.76 -0.0167305
142.77 -0.0156865
142.78 -0.0141807
142.79 -0.0122644
142.8 -0.0100027
142.81 -0.00747153
142.82 -0.00475542
142.83 -0.00194511
142.84 0.000851295
142.85 0.00353873
142.86 0.00602867
142.87 0.0082396
142.88 0.0100997
142.89 0.0115492
142.9 0.0125424
142.91 0.013007
142.92 0.0129634
142.93 0.0124278
142.94 0.0114244
142.95 0.00999361
142.96 0.00819036
142.97 0.00608228
142.98 0.00374755
142.99 0.00126754
143 -0.00124543
143.01 -0.00369768
143.02 -0.00599821
143.03 -0.008061
143.04 -0.0098079
143.05 -0.0111712
143.06 -0.0120928
143.07 -0.0124875
143.08 -0.0123776
143.09 -0.0117596
143.1 -0.0106475
143.11 -0.0090717
143.12 -0.00707837
143.13 -0.00472793
143.14 -0.00208948
143.15 0.000756969
143.16 0.00369764
143.17 0.00663771
143.18 0.00948187
143.19 0.0121374
143.2 0.0145172
143.21 0.0165424
143.22 0.0181306
143.23 0.0192029
143.24 0.019754
143.25 0.0197643
143.26 0.0192315
143.27 0.01817
143.28 0.016611
143.29 0.0146012
143.3 0.0121884
143.31 0.0094513
143.32 0.00649726
143.33 0.00341765
143.34 0.000307406
143.35 -0.0027379
143.36 -0.00562507
143.37 -0.00826614
143.38 -0.0105594
143.39 -0.0124301
143.4 -0.0138404
143.41 -0.0147511
143.42 -0.0151389
143.43 -0.0149965
143.44 -0.0143331
143.45 -0.0131736
143.46 -0.0115316
143.47 -0.00948332
143.48 -0.00711266
143.49 -0.00449668
143.5 -0.00171904
143.51 0.00113269
143.52 0.00396976
143.53 0.006705
143.54 0.00923485
143.55 0.0114866
143.56 0.0134002
143.57 0.0149223
143.58 0.0160125
143.59 0.0166445
143.6 0.0168062
143.61 0.0165001
143.62 0.0157052
143.63 0.0144925
143.64 0.0129125
143.65 0.011021
143.66 0.00888208
143.67 0.0065661
143.68 0.0041474
143.69 0.00170192
143.7 -0.000683113
143.71 -0.0029356
143.72 -0.00499061
143.73 -0.00679093
143.74 -0.00828867
143.75 -0.0094465
143.76 -0.0102386
143.77 -0.0106462
143.78 -0.01064
143.79 -0.0102667
143.8 -0.0095505
143.81 -0.00852543
143.82 -0.00723418
143.83 -0.0057265
143.84 -0.00405744
143.85 -0.00228452
143.86 -0.000472487
143.87 0.00131249
143.88 0.00301425
143.89 0.00458119
143.9 0.00596771
143.91 0.00713554
143.92 0.00805469
143.93 0.00869385
143.94 0.00903339
143.95 0.00909112
143.96 0.00887641
143.97 0.0084071
143.98 0.00770872
143.99 0.00681334
144 0.00575833
144.01 0.0045815
144.02 0.00333239
144.03 0.00206151
144.04 0.00081245
144.05 -0.000373597
144.06 -0.00145911
144.07 -0.00241135
144.08 -0.00320328
144.09 -0.00380245
144.1 -0.00419806
144.11 -0.00439271
144.12 -0.0043886
144.13 -0.00419462
144.14 -0.00382586
144.15 -0.00330288
144.16 -0.00265081
144.17 -0.00189347
144.18 -0.00107026
144.19 -0.000216691
144.2 0.00063462
144.21 0.00145225
144.22 0.00220697
144.23 0.00287271
144.24 0.00342728
144.25 0.00384105
144.26 0.0041097
144.27 0.00422933
144.28 0.00419919
144.29 0.00402371
144.3 0.00371219
144.31 0.00327835
144.32 0.00273972
144.33 0.00211109
144.34 0.00142552
144.35 0.000708173
144.36 -1.57385e-05
144.37 -0.000721366
144.38 -0.00138502
144.39 -0.00198489
144.4 -0.00250095
144.41 -0.00290692
144.42 -0.00319902
144.43 -0.00336913
144.44 -0.00341302
144.45 -0.00333037
144.46 -0.00312462
144.47 -0.00280273
144.48 -0.00237314
144.49 -0.00184468
144.5 -0.00124166
144.51 -0.000581476
144.52 0.000117408
144.53 0.000835988
144.54 0.00155526
144.55 0.00225671
144.56 0.00292115
144.57 0.00352857
144.58 0.0040676
144.59 0.00452619
144.6 0.00489449
144.61 0.00516492
144.62 0.0053322
144.63 0.00539333
144.64 0.00534298
144.65 0.00518123
144.66 0.00491794
144.67 0.00455839
144.68 0.00410932
144.69 0.00357871
144.7 0.00297557
144.71 0.00230978
144.72 0.00158961
144.73 0.000828028
144.74 3.8808e-05
144.75 -0.00076646
144.76 -0.00157611
144.77 -0.00237851
144.78 -0.00316214
144.79 -0.00391569
144.8 -0.00462465
144.81 -0.00527855
144.82 -0.00586887
144.83 -0.0063863
144.84 -0.0068223
144.85 -0.00716933
144.86 -0.00742093
144.87 -0.00757195
144.88 -0.00761036
144.89 -0.00754008
144.9 -0.00736376
144.91 -0.0070837
144.92 -0.00670432
144.93 -0.00623223
144.94 -0.00567623
144.95 -0.00504729
144.96 -0.0043544
144.97 -0.00361902
144.98 -0.00285874
144.99 -0.00209184
145 -0.00133746
145.01 -0.000615221
145.02 5.53131e-05
145.03 0.000654979
145.04 0.00115545
145.05 0.00154833
145.06 0.00182013
145.07 0.00196019
145.08 0.00196107
145.09 0.00181894
145.1 0.00153384
145.11 0.00110813
145.12 0.000541653
145.13 -0.000140184
145.14 -0.000920305
145.15 -0.00177816
145.16 -0.00269022
145.17 -0.00363047
145.18 -0.00457116
145.19 -0.005482
145.2 -0.0063277
145.21 -0.00708268
145.22 -0.00772057
145.23 -0.00821756
145.24 -0.00855315
145.25 -0.0087109
145.26 -0.00867897
145.27 -0.00844332
145.28 -0.00799803
145.29 -0.00736159
145.3 -0.00654556
145.31 -0.00556698
145.32 -0.00444797
145.33 -0.0032153
145.34 -0.00189961
145.35 -0.000534129
145.36 0.000840069
145.37 0.00218337
145.38 0.00345862
145.39 0.00462993
145.4 0.00566367
145.41 0.00652952
145.42 0.00720141
145.43 0.00764419
145.44 0.00784607
145.45 0.00780834
145.46 0.00753022
145.47 0.00701762
145.48 0.00628309
145.49 0.00534546
145.5 0.00422938
145.51 0.00295631
145.52 0.00157141
145.53 0.000116792
145.54 -0.00136753
145.55 -0.00284078
145.56 -0.00426251
145.57 -0.00559387
145.58 -0.00679864
145.59 -0.00782837
145.6 -0.00866428
145.61 -0.0092881
145.62 -0.0096851
145.63 -0.00984714
145.64 -0.00977287
145.65 -0.00946767
145.66 -0.00894345
145.67 -0.00820108
145.68 -0.00728564
145.69 -0.00622728
145.7 -0.0050589
145.71 -0.00381589
145.72 -0.00253512
145.73 -0.00125375
145.74 -8.69649e-06
145.75 0.00115617
145.76 0.00221412
145.77 0.00313852
145.78 0.0039075
145.79 0.00450451
145.8 0.00491872
145.81 0.00514518
145.82 0.00518135
145.83 0.00502416
145.84 0.00470214
145.85 0.00423328
145.86 0.00363948
145.87 0.00294575
145.88 0.00217933
145.89 0.00136867
145.9 0.000542984
145.91 -0.000265969
145.92 -0.00103157
145.93 -0.00173065
145.94 -0.00234342
145.95 -0.00285407
145.96 -0.0032511
145.97 -0.00352767
145.98 -0.00367641
145.99 -0.00369899
146 -0.00361037
146.01 -0.00342224
146.02 -0.00314955
146.03 -0.00280985
146.04 -0.0024225
146.05 -0.00200793
146.06 -0.00158754
146.07 -0.00118386
146.08 -0.000815204
146.09 -0.000497396
146.1 -0.000243403
146.11 -6.2843e-05
146.12 3.83343e-05
146.13 5.80398e-05
146.14 -6.89586e-06
146.15 -0.000147006
146.16 -0.000349695
146.17 -0.000602085
146.18 -0.000888875
146.19 -0.00119298
146.2 -0.00149622
146.21 -0.00178011
146.22 -0.00202224
146.23 -0.00220635
146.24 -0.00231888
146.25 -0.00234805
146.26 -0.00228524
146.27 -0.00212533
146.28 -0.00186698
146.29 -0.00151272
146.3 -0.00106165
146.31 -0.000532495
146.32 5.98632e-05
146.33 0.000698787
146.34 0.00136557
146.35 0.00204015
146.36 0.00270179
146.37 0.00332979
146.38 0.00389742
146.39 0.00439087
146.4 0.00479512
146.41 0.00509825
146.42 0.00529186
146.43 0.00537144
146.44 0.00533654
146.45 0.00518937
146.46 0.00493126
146.47 0.00458403
146.48 0.00416309
146.49 0.00368644
146.5 0.00317404
146.51 0.00264704
146.52 0.00212699
146.53 0.00163633
146.54 0.00119953
146.55 0.000831539
146.56 0.000546856
146.57 0.000356543
146.58 0.00026781
146.59 0.000283714
146.6 0.00040302
146.61 0.000623534
146.62 0.000936213
146.63 0.00132073
146.64 0.00175984
146.65 0.0022339
146.66 0.00272163
146.67 0.00320095
146.68 0.00364987
146.69 0.00404384
146.7 0.00436132
146.71 0.00458949
146.72 0.00471636
146.73 0.0047341
146.74 0.00463955
146.75 0.00443443
146.76 0.00412544
146.77 0.00371949
146.78 0.00323745
146.79 0.00270409
146.8 0.00214384
146.81 0.00158353
146.82 0.00105145
146.83 0.000576345
146.84 0.000186264
146.85 -8.25088e-05
146.86 -0.000209577
146.87 -0.0001796
146.88 2.09638e-05
146.89 0.000399981
146.9 0.000959116
146.91 0.00169349
146.92 0.00259158
146.93 0.00364563
146.94 0.00481781
146.95 0.00607469
146.96 0.00738047
146.97 0.00869579
146.98 0.00997891
146.99 0.0111869
147 0.0122772
147.01 0.0131897
147.02 0.0138986
147.03 0.0143725
147.04 0.0145851
147.05 0.0145169
147.06 0.0141566
147.07 0.0135007
147.08 0.0125525
147.09 0.0113055
147.1 0.00981125
147.11 0.00810271
147.12 0.00621977
147.13 0.00420837
147.14 0.00211918
147.15 6.20447e-06
147.16 -0.00207301
147.17 -0.00405113
147.18 -0.00587808
147.19 -0.00750424
147.2 -0.00888533
147.21 -0.00998385
147.22 -0.0107703
147.23 -0.011224
147.24 -0.0113233
147.25 -0.011056
147.26 -0.0104581
147.27 -0.00955174
147.28 -0.00836864
147.29 -0.00694885
147.3 -0.00533977
147.31 -0.00359474
147.32 -0.00177077
147.33 6.40865e-05
147.34 0.00184508
147.35 0.00351322
147.36 0.00501308
147.37 0.00629456
147.38 0.00731445
147.39 0.00803784
147.4 0.00842038
147.41 0.00844987
147.42 0.00813947
147.43 0.00749854
147.44 0.00654723
147.45 0.00531578
147.46 0.00384368
147.47 0.0021784
147.48 0.000368648
147.49 -0.00151448
147.5 -0.00340435
147.51 -0.00523834
147.52 -0.00695534
147.53 -0.00849776
147.54 -0.00981338
147.55 -0.010857
147.56 -0.0115652
147.57 -0.011928
147.58 -0.0119388
147.59 -0.0115955
147.6 -0.0109075
147.61 -0.00989565
147.62 -0.00859105
147.63 -0.00703472
147.64 -0.00526268
147.65 -0.00335399
147.66 -0.00137286
147.67 0.00061577
147.68 0.00254635
147.69 0.00435484
147.7 0.0059807
147.71 0.00736817
147.72 0.00843789
147.73 0.00917774
147.74 0.0095615
147.75 0.00957425
147.76 0.0092128
147.77 0.00848585
147.78 0.0074138
147.79 0.00602424
147.8 0.00434467
147.81 0.00245421
147.82 0.000412058
147.83 -0.00171765
147.84 -0.00386785
147.85 -0.00597059
147.86 -0.00795924
147.87 -0.00976424
147.88 -0.0113103
147.89 -0.0125628
147.9 -0.0134825
147.91 -0.0140407
147.92 -0.0142198
147.93 -0.0140143
147.94 -0.013431
147.95 -0.0124759
147.96 -0.0111761
147.97 -0.00959668
147.98 -0.00778934
147.99 -0.00581275
148 -0.00373093
148.01 -0.00161117
148.02 0.000478032
148.03 0.00246082
148.04 0.00426447
148.05 0.00583676
148.06 0.00712751
148.07 0.00809555
148.08 0.00871003
148.09 0.00895137
148.1 0.00881189
148.11 0.00827369
148.12 0.00736567
148.13 0.00613311
148.14 0.00461687
148.15 0.00286681
148.16 0.000940158
148.17 -0.00110024
148.18 -0.00318791
148.19 -0.00524812
148.2 -0.0072073
148.21 -0.00900253
148.22 -0.0105754
148.23 -0.0118745
148.24 -0.0128571
148.25 -0.0134906
148.26 -0.013753
148.27 -0.0136016
148.28 -0.0130674
148.29 -0.0121726
148.3 -0.0109451
148.31 -0.00942298
148.32 -0.00765334
148.33 -0.00569106
148.34 -0.00359691
148.35 -0.00143573
148.36 0.000713539
148.37 0.00278433
148.38 0.00471299
148.39 0.00644045
148.4 0.00791407
148.41 0.00908922
148.42 0.00992746
148.43 0.0103723
148.44 0.0104443
148.45 0.0101441
148.46 0.00948369
148.47 0.00848616
148.48 0.00718486
148.49 0.00562228
148.5 0.0038457
148.51 0.00190954
148.52 -0.000107999
148.53 -0.00214295
148.54 -0.00413128
148.55 -0.00601079
148.56 -0.00772302
148.57 -0.00921498
148.58 -0.0104307
148.59 -0.0113184
148.6 -0.0118711
148.61 -0.0120738
148.62 -0.0119222
148.63 -0.0114229
148.64 -0.010593
148.65 -0.00945963
148.66 -0.00804909
148.67 -0.00640953
148.68 -0.00460777
148.69 -0.00270024
148.7 -0.000746125
148.71 0.00119445
148.72 0.00306219
148.73 0.00480042
148.74 0.0063437
148.75 0.00764244
148.76 0.00866758
148.77 0.00939012
148.78 0.00979025
148.79 0.00985792
148.8 0.00959295
148.81 0.00900495
148.82 0.00809409
148.83 0.00690339
148.84 0.00548001
148.85 0.00386751
148.86 0.00211435
148.87 0.00027247
148.88 -0.00160429
148.89 -0.0034618
148.9 -0.00523727
148.91 -0.00688031
148.92 -0.00834794
148.93 -0.00960129
148.94 -0.0106082
148.95 -0.0113442
148.96 -0.0117926
148.97 -0.0119454
148.98 -0.0117765
148.99 -0.0113211
149 -0.0106003
149.01 -0.00963899
149.02 -0.00846842
149.03 -0.00712466
149.04 -0.00564754
149.05 -0.00407931
149.06 -0.00246351
149.07 -0.000851513
149.08 0.000715214
149.09 0.00219811
149.1 0.00356258
149.11 0.00477886
149.12 0.00582278
149.13 0.00667329
149.14 0.00730385
149.15 0.00772785
149.16 0.00794848
149.17 0.00797509
149.18 0.0078227
149.19 0.00751133
149.2 0.0070652
149.21 0.00650981
149.22 0.00587508
149.23 0.00519993
149.24 0.00451556
149.25 0.00385216
149.26 0.00323786
149.27 0.00269797
149.28 0.00225416
149.29 0.00192879
149.3 0.00173853
149.31 0.00168255
149.32 0.00176206
149.33 0.00197318
149.34 0.00230712
149.35 0.00275061
149.36 0.00328635
149.37 0.0038961
149.38 0.00455303
149.39 0.00522822
149.4 0.00589543
149.41 0.00652852
149.42 0.00710225
149.43 0.00759313
149.44 0.00798012
149.45 0.00823674
149.46 0.00835051
149.47 0.00831712
149.48 0.00813197
149.49 0.00779501
149.5 0.00731076
149.51 0.00668816
149.52 0.0059403
149.53 0.00507743
149.54 0.00412751
149.55 0.0031166
149.56 0.00206976
149.57 0.00101308
149.58 -2.69962e-05
149.59 -0.00102447
149.6 -0.00195448
149.61 -0.00278436
149.62 -0.00349853
149.63 -0.00408163
149.64 -0.00452053
149.65 -0.00480597
149.66 -0.00493281
149.67 -0.0049001
149.68 -0.00471106
149.69 -0.00435936
149.7 -0.00387191
149.71 -0.00326437
149.72 -0.00255487
149.73 -0.00176388
149.74 -0.000913596
149.75 -2.73612e-05
149.76 0.000870887
149.77 0.00175409
149.78 0.00259895
149.79 0.00338449
149.8 0.00409177
149.81 0.00470444
149.82 0.00520904
149.83 0.00559534
149.84 0.00585381
149.85 0.00597362
149.86 0.00596597
149.87 0.00583535
149.88 0.00558939
149.89 0.0052386
149.9 0.00479597
149.91 0.00427653
149.92 0.00369552
149.93 0.00307138
149.94 0.00242621
149.95 0.00177805
149.96 0.00114419
149.97 0.000540767
149.98 -1.77084e-05
149.99 -0.00051873
150 -0.000948695
150.01 -0.00129846
150.02 -0.00156763
150.03 -0.00175471
150.04 -0.00186088
150.05 -0.00188991
150.06 -0.00184791
150.07 -0.00174306
150.08 -0.00158289
150.09 -0.00138089
150.1 -0.00115156
150.11 -0.000907401
150.12 -0.00066074
150.13 -0.000423258
150.14 -0.000205583
150.15 -1.68991e-05
150.16 0.000132497
150.17 0.000238288
150.18 0.000299129
150.19 0.000314822
150.2 0.000287519
150.21 0.000221631
150.22 0.000123655
150.23 1.9226e-06
150.24 -0.000133946
150.25 -0.000270888
150.26 -0.000396917
150.27 -0.000500235
150.28 -0.000569459
150.29 -0.000594108
150.3 -0.000565068
150.31 -0.000475023
150.32 -0.000312452
150.33 -8.05138e-05
150.34 0.000219434
150.35 0.000583716
150.36 0.00100576
150.37 0.0014762
150.38 0.00198302
150.39 0.00251191
150.4 0.0030453
150.41 0.00356323
150.42 0.00404688
150.43 0.00447719
150.44 0.00483559
150.45 0.00510453
150.46 0.00526818
150.47 0.00531099
150.48 0.00521227
150.49 0.0049759
150.5 0.00459913
150.51 0.0040832
150.52 0.00343349
150.53 0.0026595
150.54 0.00177472
150.55 0.000794379
150.56 -0.000261578
150.57 -0.00136251
150.58 -0.00248247
150.59 -0.00359423
150.6 -0.00467006
150.61 -0.00568251
150.62 -0.00660528
150.63 -0.00740863
150.64 -0.0080655
150.65 -0.00856591
150.66 -0.0088968
150.67 -0.00904976
150.68 -0.00902135
150.69 -0.00881328
150.7 -0.00843245
150.71 -0.00788343
150.72 -0.00718599
150.73 -0.00636999
150.74 -0.00546082
150.75 -0.00448661
150.76 -0.00347736
150.77 -0.00246404
150.78 -0.0014776
150.79 -0.000553473
150.8 0.0002787
150.81 0.000996912
150.82 0.00158074
150.83 0.00201432
150.84 0.00228688
150.85 0.00239314
150.86 0.00233346
150.87 0.00210277
150.88 0.00172257
150.89 0.00121489
150.9 0.000602008
150.91 -9.01161e-05
150.92 -0.00083275
150.93 -0.00159535
150.94 -0.0023466
150.95 -0.00304925
150.96 -0.00367439
150.97 -0.00419645
150.98 -0.00459299
150.99 -0.00484616
151 -0.00494338
151.01 -0.0048779
151.02 -0.00464908
151.03 -0.00424813
151.04 -0.00370417
151.05 -0.00303658
151.06 -0.00226948
151.07 -0.00143137
151.08 -0.000554115
151.09 0.000328075
151.1 0.00117921
151.11 0.00195506
151.12 0.00262576
151.13 0.00316111
151.14 0.00353509
151.15 0.00372693
151.16 0.00372195
151.17 0.00351229
151.18 0.00309312
151.19 0.00246163
151.2 0.00165048
151.21 0.000683125
151.22 -0.000410501
151.23 -0.0015948
151.24 -0.00282961
151.25 -0.00407142
151.26 -0.00527183
151.27 -0.00637652
151.28 -0.00734435
151.29 -0.00813428
151.3 -0.00870987
151.31 -0.00904069
151.32 -0.00910347
151.33 -0.00888316
151.34 -0.00836068
151.35 -0.0075382
151.36 -0.00644725
151.37 -0.00511254
151.38 -0.00356764
151.39 -0.00185411
151.4 -2.03264e-05
151.41 0.0018798
151.42 0.00378541
151.43 0.00562862
151.44 0.00734955
151.45 0.00889055
151.46 0.0101981
151.47 0.0112247
151.48 0.0119303
151.49 0.0122839
151.5 0.0122382
151.51 0.0117982
151.52 0.0109811
151.53 0.00980376
151.54 0.00829459
151.55 0.00649304
151.56 0.00444841
151.57 0.00221858
151.58 -0.00013567
151.59 -0.00252939
151.6 -0.00488726
151.61 -0.00713616
151.62 -0.00920514
151.63 -0.0110276
151.64 -0.0125437
151.65 -0.0137017
151.66 -0.0144203
151.67 -0.0147036
151.68 -0.014541
151.69 -0.0139326
151.7 -0.012892
151.71 -0.0114463
151.72 -0.00963517
151.73 -0.00750916
151.74 -0.00511363
151.75 -0.00254993
151.76 0.000104501
151.77 0.00276893
151.78 0.00536177
151.79 0.00780305
151.8 0.0100169
151.81 0.0119283
151.82 0.0134461
151.83 0.0145496
151.84 0.0152041
151.85 0.0153888
151.86 0.0150974
151.87 0.014338
151.88 0.0131333
151.89 0.0115095
151.9 0.00950677
151.91 0.0072171
151.92 0.00471181
151.93 0.00206865
151.94 -0.00063063
151.95 -0.0033028
151.96 -0.00586579
151.97 -0.00823071
151.98 -0.0103115
151.99 -0.0120593
152 -0.0134237
152.01 -0.0143669
152.02 -0.014865
152.03 -0.0149079
152.04 -0.0145007
152.05 -0.0136419
152.06 -0.0123717
152.07 -0.0107595
152.08 -0.00886433
152.09 -0.00675338
152.1 -0.00450032
152.11 -0.00218264
152.12 0.000120881
152.13 0.00232212
152.14 0.00434176
152.15 0.00611837
152.16 0.00759574
152.17 0.00872858
152.18 0.00948389
152.19 0.00984205
152.2 0.00979737
152.21 0.00933014
152.22 0.00848674
152.23 0.0073153
152.24 0.00586507
152.25 0.00419484
152.26 0.00237081
152.27 0.000464365
152.28 -0.00145045
152.29 -0.00328729
152.3 -0.00497316
152.31 -0.00644396
152.32 -0.00764247
152.33 -0.00852127
152.34 -0.00904443
152.35 -0.00918874
152.36 -0.00894454
152.37 -0.00827969
152.38 -0.00725379
152.39 -0.00590197
152.4 -0.00427053
152.41 -0.00241603
152.42 -0.000403384
152.43 0.00169635
152.44 0.00380765
152.45 0.0058413
152.46 0.00772365
152.47 0.00938567
152.48 0.0107655
152.49 0.0118103
152.5 0.0124788
152.51 0.0127418
152.52 0.0125748
152.53 0.0119543
152.54 0.0109308
152.55 0.00953518
152.56 0.00781123
152.57 0.00581434
152.58 0.00360964
152.59 0.00126993
152.6 -0.00112571
152.61 -0.00348553
152.62 -0.00572616
152.63 -0.00777059
152.64 -0.00954779
152.65 -0.010995
152.66 -0.01206
152.67 -0.0127026
152.68 -0.012875
152.69 -0.0125614
152.7 -0.0117934
152.71 -0.0105927
152.72 -0.00899477
152.73 -0.00704851
152.74 -0.0048141
152.75 -0.00236134
152.76 0.00023588
152.77 0.00288257
152.78 0.00548893
152.79 0.00797212
152.8 0.0102534
152.81 0.0122604
152.82 0.0139299
152.83 0.0152093
152.84 0.016027
152.85 0.016373
152.86 0.0162535
152.87 0.0156761
152.88 0.0146634
152.89 0.0132518
152.9 0.0114906
152.91 0.00944019
152.92 0.00715867
152.93 0.00474484
152.94 0.00228423
152.95 -0.00014075
152.96 -0.00244943
152.97 -0.00456542
152.98 -0.00641912
152.99 -0.00794989
153 -0.00906959
153.01 -0.00977222
153.02 -0.0100406
153.03 -0.00986926
153.04 -0.00926716
153.05 -0.00825745
153.06 -0.00687659
153.07 -0.00517188
153.08 -0.00318491
153.09 -0.00101498
153.1 0.00126342
153.11 0.00357282
153.12 0.00583526
153.13 0.00797487
153.14 0.00992024
153.15 0.0116015
153.16 0.0129364
153.17 0.0139054
153.18 0.0144786
153.19 0.0146391
153.2 0.0143835
153.21 0.013722
153.22 0.0126777
153.23 0.0112774
153.24 0.00956068
153.25 0.00760973
153.26 0.00548866
153.27 0.00326607
153.28 0.00101288
153.29 -0.0012001
153.3 -0.00330444
153.31 -0.00522688
153.32 -0.00689912
153.33 -0.00828578
153.34 -0.00935062
153.35 -0.0100687
153.36 -0.0104268
153.37 -0.010424
153.38 -0.0100711
153.39 -0.0093751
153.4 -0.00837552
153.41 -0.00713209
153.42 -0.00569572
153.43 -0.00412259
153.44 -0.00247212
153.45 -0.000804921
153.46 0.000819262
153.47 0.0023337
153.48 0.00368362
153.49 0.00482928
153.5 0.00573524
153.51 0.00637537
153.52 0.00673356
153.53 0.00680409
153.54 0.00659162
153.55 0.00609234
153.56 0.00534801
153.57 0.00439957
153.58 0.00328795
153.59 0.00205916
153.6 0.000762632
153.61 -0.000550594
153.62 -0.00182968
153.63 -0.00301442
153.64 -0.0040624
153.65 -0.00493642
153.66 -0.00560499
153.67 -0.00604453
153.68 -0.00624
153.69 -0.00618536
153.7 -0.00588366
153.71 -0.00532527
153.72 -0.00455668
153.73 -0.00360752
153.74 -0.00251319
153.75 -0.00131384
153.76 -5.29248e-05
153.77 0.00122439
153.78 0.00247197
153.79 0.00363564
153.8 0.00467876
153.81 0.00556599
153.82 0.00626778
153.83 0.00676127
153.84 0.00703097
153.85 0.00706913
153.86 0.00687083
153.87 0.00643319
153.88 0.00579121
153.89 0.00496811
153.9 0.00399252
153.91 0.0028974
153.92 0.00171876
153.93 0.000494346
153.94 -0.00073659
153.95 -0.00193154
153.96 -0.0030562
153.97 -0.00408014
153.98 -0.00497756
153.99 -0.00572811
154 -0.00631744
154.01 -0.0067375
154.02 -0.00697891
154.03 -0.00704635
154.04 -0.006961
154.05 -0.00673975
154.06 -0.00640371
154.07 -0.00597729
154.08 -0.00548712
154.09 -0.00496092
154.1 -0.00442754
154.11 -0.00391677
154.12 -0.00345246
154.13 -0.0030549
154.14 -0.00274029
154.15 -0.00252017
154.16 -0.00240109
154.17 -0.00238437
154.18 -0.00247253
154.19 -0.00265128
154.2 -0.0029035
154.21 -0.00321147
154.22 -0.0035547
154.23 -0.00391081
154.24 -0.00425654
154.25 -0.0045687
154.26 -0.004819
154.27 -0.00498944
154.28 -0.00506497
154.29 -0.00503336
154.3 -0.00488678
154.31 -0.00462224
154.32 -0.00424172
154.33 -0.0037522
154.34 -0.00315777
154.35 -0.00248521
154.36 -0.0017559
154.37 -0.000993447
154.38 -0.000223391
154.39 0.0005277
154.4 0.00123325
154.41 0.00186719
154.42 0.00239512
154.43 0.00280446
154.44 0.00307927
154.45 0.00320816
154.46 0.00318469
154.47 0.00300771
154.48 0.00268142
154.49 0.00221315
154.5 0.00161093
154.51 0.000906236
154.52 0.000122442
154.53 -0.000714319
154.54 -0.0015761
154.55 -0.00243415
154.56 -0.0032599
154.57 -0.00402352
154.58 -0.00469352
154.59 -0.00525342
154.6 -0.00568616
154.61 -0.00597934
154.62 -0.00612565
154.63 -0.00612306
154.64 -0.00597485
154.65 -0.00568448
154.66 -0.00526513
154.67 -0.00474355
154.68 -0.00414166
154.69 -0.00348395
154.7 -0.00279648
154.71 -0.00210596
154.72 -0.00143871
154.73 -0.000823484
154.74 -0.000285346
154.75 0.00015963
154.76 0.00049691
154.77 0.000716516
154.78 0.000813368
154.79 0.000787441
154.8 0.000643737
154.81 0.000386025
154.82 3.3868e-05
154.83 -0.000389997
154.84 -0.000863857
154.85 -0.00136399
154.86 -0.00186561
154.87 -0.00234381
154.88 -0.00277456
154.89 -0.0031288
154.9 -0.00338905
154.91 -0.00354204
154.92 -0.00357696
154.93 -0.00348767
154.94 -0.00327293
154.95 -0.00293647
154.96 -0.00248688
154.97 -0.00192991
154.98 -0.00129248
154.99 -0.000597015
155 0.00013301
155.01 0.000872682
155.02 0.00159663
155.03 0.00228002
155.04 0.00289948
155.05 0.00342374
155.06 0.00384278
155.07 0.004144
155.08 0.00431932
155.09 0.00436562
155.1 0.00428481
155.11 0.00408384
155.12 0.00377335
155.13 0.00336419
155.14 0.00288639
155.15 0.00236309
155.16 0.0018192
155.17 0.0012804
155.18 0.000772127
155.19 0.00031856
155.2 -5.61405e-05
155.21 -0.000326249
155.22 -0.000484324
155.23 -0.000521417
155.24 -0.00043374
155.25 -0.000222874
155.26 0.000104222
155.27 0.000535418
155.28 0.00105609
155.29 0.00164415
155.3 0.0022689
155.31 0.00290309
155.32 0.00351837
155.33 0.00408642
155.34 0.00458012
155.35 0.00497464
155.36 0.005242
155.37 0.00536245
155.38 0.00533208
155.39 0.00514617
155.4 0.00480624
155.41 0.00432015
155.42 0.003702
155.43 0.0029718
155.44 0.00215153
155.45 0.00127675
155.46 0.000384894
155.47 -0.000488175
155.48 -0.00130592
155.49 -0.00203248
155.5 -0.00263406
155.51 -0.00308024
155.52 -0.0033309
155.53 -0.00337208
155.54 -0.00319783
155.55 -0.00280411
155.56 -0.00219486
155.57 -0.00138202
155.58 -0.000385438
155.59 0.000767614
155.6 0.00204994
155.61 0.00340913
155.62 0.00479789
155.63 0.00616846
155.64 0.00747195
155.65 0.00866001
155.66 0.00968646
155.67 0.010509
155.68 0.0110649
155.69 0.0113442
155.7 0.0113282
155.71 0.0110065
155.72 0.0103777
155.73 0.00945113
155.74 0.00824558
155.75 0.00678852
155.76 0.00510292
155.77 0.00325927
155.78 0.00131074
155.79 -0.000684982
155.8 -0.00266747
155.81 -0.00457546
155.82 -0.00634877
155.83 -0.00792596
155.84 -0.00923356
155.85 -0.0102449
155.86 -0.0109252
155.87 -0.0112494
155.88 -0.0112033
155.89 -0.0107843
155.9 -0.0100011
155.91 -0.0088649
155.92 -0.00739871
155.93 -0.00567061
155.94 -0.00373265
155.95 -0.00164376
155.96 0.000532098
155.97 0.00272792
155.98 0.00487576
155.99 0.00690132
156 0.00873031
156.01 0.0103138
156.02 0.0116033
156.03 0.0125594
156.04 0.0131534
156.05 0.0133681
156.06 0.0131984
156.07 0.0126325
156.08 0.0116957
156.09 0.0104396
156.1 0.00890765
156.11 0.00715216
156.12 0.00523238
156.13 0.00321272
156.14 0.00116063
156.15 -0.000848799
156.16 -0.00274215
156.17 -0.00445902
156.18 -0.00594364
156.19 -0.00714821
156.2 -0.0080345
156.21 -0.00857504
156.22 -0.00875405
156.23 -0.00854045
156.24 -0.00796516
156.25 -0.00706054
156.26 -0.00586113
156.27 -0.00441133
156.28 -0.00276387
156.29 -0.000978111
156.3 0.000881955
156.31 0.0027445
156.32 0.00453606
156.33 0.00619268
156.34 0.00765507
156.35 0.00887057
156.36 0.00979483
156.37 0.0103933
156.38 0.0106424
156.39 0.0104936
156.4 0.00998596
156.41 0.00913462
156.42 0.00796633
156.43 0.00651832
156.44 0.00483717
156.45 0.00297721
156.46 0.000998161
156.47 -0.0010327
156.48 -0.00303952
156.49 -0.00495708
156.5 -0.00672326
156.51 -0.00828106
156.52 -0.00958046
156.53 -0.01058
156.54 -0.0112399
156.55 -0.0115196
156.56 -0.011439
156.57 -0.0110041
156.58 -0.010232
156.59 -0.0091513
156.6 -0.00780008
156.61 -0.00622532
156.62 -0.00447723
156.63 -0.00261971
156.64 -0.000726371
156.65 0.00113914
156.66 0.00291462
156.67 0.00454135
156.68 0.00596599
156.69 0.00714226
156.7 0.0080174
156.71 0.00855914
156.72 0.00876838
156.73 0.00864149
156.74 0.00818593
156.75 0.00741992
156.76 0.00637166
156.77 0.00507836
156.78 0.00357613
156.79 0.00192665
156.8 0.000193997
156.81 -0.00156397
156.82 -0.00328947
156.83 -0.00492675
156.84 -0.00642387
156.85 -0.00773445
156.86 -0.0088007
156.87 -0.00959885
156.88 -0.0101163
156.89 -0.0103437
156.9 -0.0102814
156.91 -0.00994025
156.92 -0.00934003
156.93 -0.00850937
156.94 -0.00747171
156.95 -0.00628701
156.96 -0.0050062
156.97 -0.00367913
156.98 -0.0023562
156.99 -0.00108653
157 8.37397e-05
157.01 0.0011131
157.02 0.00194659
157.03 0.00257079
157.04 0.00296907
157.05 0.0031328
157.06 0.00306258
157.07 0.0027682
157.08 0.00226819
157.09 0.00158825
157.1 0.000753143
157.11 -0.00018005
157.12 -0.00116699
157.13 -0.00216116
157.14 -0.00311561
157.15 -0.00398471
157.16 -0.00472581
157.17 -0.0052973
157.18 -0.00565148
157.19 -0.00578008
157.2 -0.00566897
157.21 -0.00531316
157.22 -0.00471706
157.23 -0.00389445
157.24 -0.0028681
157.25 -0.00166518
157.26 -0.000324024
157.27 0.00109762
157.28 0.00254979
157.29 0.00398006
157.3 0.0053353
157.31 0.00656347
157.32 0.0076155
157.33 0.008436
157.34 0.00897826
157.35 0.00922733
157.36 0.00916389
157.37 0.00877846
157.38 0.0080719
157.39 0.00705556
157.4 0.00575103
157.41 0.00417809
157.42 0.00238509
157.43 0.000433602
157.44 -0.00162097
157.45 -0.00371905
157.46 -0.00579874
157.47 -0.00779772
157.48 -0.0096552
157.49 -0.0112972
157.5 -0.0126725
157.51 -0.0137452
157.52 -0.0144809
157.53 -0.0148552
157.54 -0.0148541
157.55 -0.0144752
157.56 -0.0137268
157.57 -0.0126043
157.58 -0.0111615
157.59 -0.00944888
157.6 -0.00751682
157.61 -0.00542222
157.62 -0.00322692
157.63 -0.000995772
157.64 0.00120526
157.65 0.00329695
157.66 0.00521947
157.67 0.00691812
157.68 0.00834396
157.69 0.00945646
157.7 0.0102246
157.71 0.010628
157.72 0.0106571
157.73 0.0102777
157.74 0.00954358
157.75 0.00848136
157.76 0.00712734
157.77 0.00552646
157.78 0.00373092
157.79 0.00179853
157.8 -0.000209089
157.81 -0.00222212
157.82 -0.00417139
157.83 -0.00599582
157.84 -0.00763854
157.85 -0.00904852
157.86 -0.0101821
157.87 -0.0110042
157.88 -0.0114809
157.89 -0.0115777
157.9 -0.0113193
157.91 -0.0107144
157.92 -0.00978239
157.93 -0.00855206
157.94 -0.00706109
157.95 -0.00535466
157.96 -0.00348032
157.97 -0.00149829
157.98 0.000522104
157.99 0.00252114
158 0.00444028
158.01 0.00622389
158.02 0.00782087
158.03 0.00918609
158.04 0.0102672
158.05 0.0110305
158.06 0.0114723
158.07 0.0115844
158.08 0.0113683
158.09 0.010835
158.1 0.0100049
158.11 0.00890695
158.12 0.00756643
158.13 0.00603685
158.14 0.00437661
158.15 0.00263793
158.16 0.000874714
158.17 -0.000859131
158.18 -0.0025112
158.19 -0.00403209
158.2 -0.0053613
158.21 -0.00646364
158.22 -0.00731376
158.23 -0.00788882
158.24 -0.00817428
158.25 -0.00816429
158.26 -0.00786165
158.27 -0.00727768
158.28 -0.00641205
158.29 -0.00531272
158.3 -0.00401885
158.31 -0.00257022
158.32 -0.00101049
158.33 0.000614043
158.34 0.00225589
158.35 0.00386765
158.36 0.00539201
158.37 0.00678958
158.38 0.00802282
158.39 0.00905903
158.4 0.0098716
158.41 0.0104406
158.42 0.0107533
158.43 0.0108027
158.44 0.010569
158.45 0.010088
158.46 0.00937736
158.47 0.00846085
158.48 0.0073674
158.49 0.00613028
158.5 0.00478602
158.51 0.00337292
158.52 0.00193349
158.53 0.000512372
158.54 -0.000852417
158.55 -0.00212538
158.56 -0.00327447
158.57 -0.00427192
158.58 -0.00509489
158.59 -0.00571981
158.6 -0.00612625
158.61 -0.0063239
158.62 -0.00631467
158.63 -0.0061062
158.64 -0.00571151
158.65 -0.00514843
158.66 -0.00443904
158.67 -0.00360499
158.68 -0.00267685
158.69 -0.00169167
158.7 -0.000680185
158.71 0.0003272
158.72 0.00130128
158.73 0.00221487
158.74 0.00304353
158.75 0.00375946
158.76 0.00434462
158.77 0.00479238
158.78 0.00509562
158.79 0.00525188
158.8 0.0052633
158.81 0.00513642
158.82 0.00488184
158.83 0.00450748
158.84 0.00403669
158.85 0.00349366
158.86 0.00290023
158.87 0.00227914
158.88 0.00165321
158.89 0.00104466
158.9 0.000474436
158.91 -3.26634e-05
158.92 -0.000462018
158.93 -0.000802303
158.94 -0.00104426
158.95 -0.00118231
158.96 -0.00121465
158.97 -0.00114324
158.98 -0.000973713
158.99 -0.000708178
159 -0.000367383
159.01 3.23888e-05
159.02 0.000473883
159.03 0.00093848
159.04 0.00140682
159.05 0.00185948
159.06 0.00227751
159.07 0.00263641
159.08 0.00292462
159.09 0.00312924
159.1 0.00324026
159.11 0.00325088
159.12 0.0031578
159.13 0.00296129
159.14 0.0026641
159.15 0.00226792
159.16 0.00179305
159.17 0.00125396
159.18 0.000667651
159.19 5.30709e-05
159.2 -0.000569411
159.21 -0.00117864
159.22 -0.00175192
159.23 -0.00226328
159.24 -0.00269646
159.25 -0.00303424
159.26 -0.00326193
159.27 -0.00336786
159.28 -0.00334379
159.29 -0.00318518
159.3 -0.00288662
159.31 -0.00244879
159.32 -0.00188881
159.33 -0.00121882
159.34 -0.000454486
159.35 0.000385482
159.36 0.00127975
159.37 0.00220495
159.38 0.00313532
159.39 0.0040418
159.4 0.00489888
159.41 0.00568208
159.42 0.00636854
159.43 0.00693761
159.44 0.0073715
159.45 0.00765578
159.46 0.00776969
159.47 0.00770969
159.48 0.00748126
159.49 0.00708773
159.5 0.00653679
159.51 0.0058403
159.52 0.00501397
159.53 0.004077
159.54 0.00304692
159.55 0.00195514
159.56 0.000830576
159.57 -0.000299522
159.58 -0.00140788
159.59 -0.00246793
159.6 -0.00345452
159.61 -0.00434459
159.62 -0.0051065
159.63 -0.00573
159.64 -0.00620477
159.65 -0.00652264
159.66 -0.00667977
159.67 -0.00667673
159.68 -0.00651846
159.69 -0.0062141
159.7 -0.00576547
159.71 -0.00520324
159.72 -0.00454826
159.73 -0.00382295
159.74 -0.00305129
159.75 -0.0022582
159.76 -0.00146872
159.77 -0.000707741
159.78 -5.24919e-06
159.79 0.000621062
159.8 0.00115312
159.81 0.00157602
159.82 0.00187843
159.83 0.00205286
159.84 0.00209587
159.85 0.00200573
159.86 0.00178014
159.87 0.00143932
159.88 0.000996199
159.89 0.00046675
159.9 -0.000130515
159.91 -0.000775132
159.92 -0.00144531
159.93 -0.00211796
159.94 -0.00276724
159.95 -0.00337175
159.96 -0.00391161
159.97 -0.00436906
159.98 -0.004729
159.99 -0.0049794
160 -0.00511167
160.01 -0.00511559
160.02 -0.00498849
160.03 -0.00474128
160.04 -0.00438131
160.05 -0.00391938
160.06 -0.0033694
160.07 -0.00274793
160.08 -0.00207373
160.09 -0.00136659
160.1 -0.000650994
160.11 5.00392e-05
160.12 0.000715373
160.13 0.00132499
160.14 0.00186058
160.15 0.00230608
160.16 0.00264814
160.17 0.0028685
160.18 0.00296373
160.19 0.00293549
160.2 0.0027852
160.21 0.00251786
160.22 0.00214201
160.23 0.00166935
160.24 0.00111449
160.25 0.000490811
160.26 -0.000176844
160.27 -0.000866548
160.28 -0.00155722
160.29 -0.00222783
160.3 -0.00285799
160.31 -0.00342859
160.32 -0.0039223
160.33 -0.00431468
160.34 -0.00460022
160.35 -0.00477163
160.36 -0.00482401
160.37 -0.00475604
160.38 -0.00457
160.39 -0.00427165
160.4 -0.00386998
160.41 -0.00336973
160.42 -0.00279651
160.43 -0.00216797
160.44 -0.00150332
160.45 -0.000822867
160.46 -0.000147338
160.47 0.000502669
160.48 0.00110644
160.49 0.00163887
160.5 0.00208816
160.51 0.00244072
160.52 0.00268588
160.53 0.00281614
160.54 0.00282746
160.55 0.00271936
160.56 0.0024922
160.57 0.00214825
160.58 0.00170708
160.59 0.00118247
160.6 0.000590796
160.61 -4.93991e-05
160.62 -0.000717945
160.63 -0.00139359
160.64 -0.00205322
160.65 -0.00267161
160.66 -0.00322937
160.67 -0.00370749
160.68 -0.00408904
160.69 -0.00435962
160.7 -0.00450786
160.71 -0.00452572
160.72 -0.00440213
160.73 -0.00413648
160.74 -0.00374001
160.75 -0.00322066
160.76 -0.00258999
160.77 -0.00186289
160.78 -0.00105722
160.79 -0.000193403
160.8 0.000706801
160.81 0.00161563
160.82 0.00250697
160.83 0.00335604
160.84 0.0041387
160.85 0.00483213
160.86 0.0054154
160.87 0.00587006
160.88 0.00616928
160.89 0.0063067
160.9 0.00627921
160.91 0.00608367
160.92 0.00572113
160.93 0.00519684
160.94 0.0045202
160.95 0.0037045
160.96 0.00275802
160.97 0.00171171
160.98 0.000590955
160.99 -0.000578868
161 -0.00177102
161.01 -0.00295807
161.02 -0.00411261
161.03 -0.0052079
161.04 -0.00620812
161.05 -0.00709617
161.06 -0.00785244
161.07 -0.00846022
161.08 -0.00890645
161.09 -0.00918207
161.1 -0.00928219
161.11 -0.00920497
161.12 -0.00894009
161.13 -0.00851294
161.14 -0.00793624
161.15 -0.00722615
161.16 -0.00640186
161.17 -0.00548502
161.18 -0.00449911
161.19 -0.00346851
161.2 -0.00242013
161.21 -0.00138215
161.22 -0.000378427
161.23 0.000568857
161.24 0.00143979
161.25 0.00221724
161.26 0.00288728
161.27 0.00343562
161.28 0.00385057
161.29 0.00413873
161.3 0.00430227
161.31 0.00434706
161.32 0.00428242
161.33 0.00412079
161.34 0.00387722
161.35 0.00356695
161.36 0.00321058
161.37 0.00283135
161.38 0.00244893
161.39 0.00208232
161.4 0.00174925
161.41 0.00146554
161.42 0.00124465
161.43 0.00110161
161.44 0.00104357
161.45 0.00107006
161.46 0.00118045
161.47 0.00137052
161.48 0.00163258
161.49 0.00195577
161.5 0.00232643
161.51 0.00272942
161.52 0.00314358
161.53 0.0035488
161.54 0.00392569
161.55 0.00425526
161.56 0.00451966
161.57 0.00470281
161.58 0.00479104
161.59 0.0047647
161.6 0.00462242
161.61 0.00436408
161.62 0.00399128
161.63 0.00350978
161.64 0.00292938
161.65 0.00226378
161.66 0.00153019
161.67 0.000746642
161.68 -5.77591e-05
161.69 -0.000857647
161.7 -0.00162727
161.71 -0.00234083
161.72 -0.00297335
161.73 -0.00350145
161.74 -0.0039039
161.75 -0.00414751
161.76 -0.00423217
161.77 -0.00414949
161.78 -0.00389593
161.79 -0.00347311
161.8 -0.00288787
161.81 -0.00215219
161.82 -0.00128147
161.83 -0.000291697
161.84 0.000779386
161.85 0.00190236
161.86 0.00304552
161.87 0.00417577
161.88 0.0052596
161.89 0.00626406
161.9 0.00715413
161.91 0.00789095
161.92 0.00845884
161.93 0.00883783
161.94 0.00901306
161.95 0.0089753
161.96 0.00872128
161.97 0.00825391
161.98 0.00757515
161.99 0.00669778
162 0.00565663
162.01 0.00447851
162.02 0.00319436
162.03 0.00183838
162.04 0.00044708
162.05 -0.0009418
162.06 -0.00228644
162.07 -0.00354494
162.08 -0.00468547
162.09 -0.00567718
162.1 -0.0064935
162.11 -0.00711287
162.12 -0.00751944
162.13 -0.00770345
162.14 -0.00764792
162.15 -0.00736234
162.16 -0.00686685
162.17 -0.00617856
162.18 -0.00532004
162.19 -0.00431856
162.2 -0.00320526
162.21 -0.0020142
162.22 -0.000780995
162.23 0.000451751
162.24 0.00164705
162.25 0.00277078
162.26 0.00379169
162.27 0.00468231
162.28 0.00541981
162.29 0.00598664
162.3 0.00635502
162.31 0.00653254
162.32 0.00652432
162.33 0.00633866
162.34 0.00598965
162.35 0.00549659
162.36 0.00488338
162.37 0.00417761
162.38 0.00340677
162.39 0.00261168
162.4 0.00182523
162.41 0.00107926
162.42 0.00040374
162.43 -0.000174314
162.44 -0.000631706
162.45 -0.000948657
162.46 -0.00109815
162.47 -0.00108747
162.48 -0.000916758
162.49 -0.000592271
162.5 -0.000126204
162.51 0.000463687
162.52 0.00115464
162.53 0.00192046
162.54 0.0027296
162.55 0.0035432
162.56 0.00432706
162.57 0.00504711
162.58 0.00567059
162.59 0.00616716
162.6 0.00650989
162.61 0.00667005
162.62 0.00662166
162.63 0.00636725
162.64 0.00590332
162.65 0.00523296
162.66 0.00436587
162.67 0.00331818
162.68 0.00211198
162.69 0.000770542
162.7 -0.000670577
162.71 -0.00216753
162.72 -0.00368143
162.73 -0.00517219
162.74 -0.00659976
162.75 -0.00792527
162.76 -0.00911223
162.77 -0.0101164
162.78 -0.010908
162.79 -0.0114733
162.8 -0.0117967
162.81 -0.0118695
162.82 -0.0116898
162.83 -0.0112625
162.84 -0.0105997
162.85 -0.00970671
162.86 -0.00861916
162.87 -0.00737494
162.88 -0.00600886
162.89 -0.00455876
162.9 -0.0030644
162.91 -0.0015663
162.92 -0.000104554
162.93 0.00127343
162.94 0.00253298
162.95 0.00364478
162.96 0.0045826
162.97 0.0053257
162.98 0.00585939
162.99 0.00617531
163 0.00627161
163.01 0.00613417
163.02 0.00579344
163.03 0.00526934
163.04 0.00458471
163.05 0.00376655
163.06 0.00284513
163.07 0.001853
163.08 0.000823995
163.09 -0.000204747
163.1 -0.00119742
163.11 -0.00212339
163.12 -0.00295504
163.13 -0.0036686
163.14 -0.00424473
163.15 -0.00466907
163.16 -0.00493025
163.17 -0.00501298
163.18 -0.00493465
163.19 -0.00470374
163.2 -0.00433361
163.21 -0.00384188
163.22 -0.00324986
163.23 -0.00258173
163.24 -0.00186322
163.25 -0.00112398
163.26 -0.000395047
163.27 0.000296837
163.28 0.000926662
163.29 0.00147191
163.3 0.00191326
163.31 0.00223512
163.32 0.00242084
163.33 0.00245985
163.34 0.00235947
163.35 0.00212332
163.36 0.00175948
163.37 0.00128017
163.38 0.000701342
163.39 4.21063e-05
163.4 -0.000677612
163.41 -0.001431
163.42 -0.00219056
163.43 -0.00293157
163.44 -0.00363
163.45 -0.00426322
163.46 -0.00481071
163.47 -0.00525462
163.48 -0.00557229
163.49 -0.0057546
163.5 -0.00580014
163.51 -0.0057069
163.52 -0.00547697
163.53 -0.00511644
163.54 -0.00463515
163.55 -0.0040464
163.56 -0.00336117
163.57 -0.00260494
163.58 -0.00180124
163.59 -0.000972323
163.6 -0.000140936
163.61 0.000670323
163.62 0.00143962
163.63 0.0021465
163.64 0.00276402
163.65 0.00328061
163.66 0.00368496
163.67 0.00396763
163.68 0.00412262
163.69 0.0041474
163.7 0.00404296
163.71 0.0038137
163.72 0.00345689
163.73 0.00299568
163.74 0.00244444
163.75 0.00181933
163.76 0.00113824
163.77 0.000420329
163.78 -0.000314475
163.79 -0.00104577
163.8 -0.00174959
163.81 -0.00240761
163.82 -0.00300219
163.83 -0.00351739
163.84 -0.00393935
163.85 -0.00425659
163.86 -0.00446026
163.87 -0.00454178
163.88 -0.00449064
163.89 -0.00431716
163.9 -0.00402491
163.91 -0.00362031
163.92 -0.00311247
163.93 -0.00251302
163.94 -0.0018358
163.95 -0.00109521
163.96 -0.000309354
163.97 0.000498823
163.98 0.00130973
163.99 0.0021035
164 0.00286035
164.01 0.00356107
164.02 0.00418741
164.03 0.00471772
164.04 0.0051338
164.05 0.00542852
164.06 0.00559191
164.07 0.00561677
164.08 0.00549885
164.09 0.00523703
164.1 0.00483339
164.11 0.00428607
164.12 0.00360672
164.13 0.00281382
164.14 0.00192257
164.15 0.000950798
164.16 -8.14218e-05
164.17 -0.00115214
164.18 -0.00223795
164.19 -0.00331216
164.2 -0.00434743
164.21 -0.00531969
164.22 -0.00620533
164.23 -0.00698219
164.24 -0.00763007
164.25 -0.00813131
164.26 -0.00847123
164.27 -0.0086241
164.28 -0.0085925
164.29 -0.00837769
164.3 -0.00798151
164.31 -0.00741008
164.32 -0.00667378
164.33 -0.00578705
164.34 -0.0047681
164.35 -0.00363068
164.36 -0.00241123
164.37 -0.00113812
164.38 0.00015973
164.39 0.00145261
164.4 0.00271076
164.41 0.00390514
164.42 0.00500786
164.43 0.00598016
164.44 0.00680999
164.45 0.00747955
164.46 0.00797528
164.47 0.00828829
164.48 0.00841456
164.49 0.00835516
164.5 0.00811374
164.51 0.00769103
164.52 0.00711919
164.53 0.00641905
164.54 0.00561488
164.55 0.00473373
164.56 0.00380461
164.57 0.00285767
164.58 0.00192445
164.59 0.00103999
164.6 0.000230472
164.61 -0.00047932
164.62 -0.00106811
164.63 -0.00151878
164.64 -0.00181893
164.65 -0.00196131
164.66 -0.00193804
164.67 -0.00175021
164.68 -0.00141817
164.69 -0.000957334
164.7 -0.000387691
164.71 0.000266807
164.72 0.000978997
164.73 0.00171937
164.74 0.00245525
164.75 0.00315114
164.76 0.00377716
164.77 0.00430509
164.78 0.0047097
164.79 0.00496961
164.8 0.0050681
164.81 0.00499375
164.82 0.00472982
164.83 0.00428204
164.84 0.00366558
164.85 0.00289478
164.86 0.00198967
164.87 0.00097549
164.88 -0.000118016
164.89 -0.00125749
164.9 -0.00240482
164.91 -0.00351775
164.92 -0.00455839
164.93 -0.0054902
164.94 -0.00627898
164.95 -0.00689404
164.96 -0.00730923
164.97 -0.00750385
164.98 -0.00744241
164.99 -0.00713452
165 -0.00658501
165.01 -0.00580253
165.02 -0.00480292
165.03 -0.00360887
165.04 -0.0022493
165.05 -0.000758669
165.06 0.000828922
165.07 0.00245822
165.08 0.00408405
165.09 0.005661
165.1 0.00714447
165.11 0.00849201
165.12 0.00966462
165.13 0.0106257
165.14 0.0113245
165.15 0.0117604
165.16 0.0119205
165.17 0.0117997
165.18 0.0114011
165.19 0.0107354
165.2 0.00982116
165.21 0.00868011
165.22 0.00733723
165.23 0.00584857
165.24 0.0042566
165.25 0.00260643
165.26 0.000944477
165.27 -0.000682919
165.28 -0.00223088
165.29 -0.00365199
165.3 -0.0048985
165.31 -0.00594773
165.32 -0.00677464
165.33 -0.00736116
165.34 -0.00769678
165.35 -0.00777867
165.36 -0.00761172
165.37 -0.00719862
165.38 -0.00655967
165.39 -0.00573513
165.4 -0.00475715
165.41 -0.00366188
165.42 -0.00248826
165.43 -0.00127674
165.44 -6.79923e-05
165.45 0.00109385
165.46 0.00216781
165.47 0.00312348
165.48 0.00393321
165.49 0.00457504
165.5 0.00503327
165.51 0.00529894
165.52 0.00536997
165.53 0.00523886
165.54 0.00492611
165.55 0.00445663
165.56 0.00385433
165.57 0.0031473
165.58 0.00236682
165.59 0.00154617
165.6 0.000719415
165.61 -7.48904e-05
165.62 -0.000803468
165.63 -0.00143858
165.64 -0.00195589
165.65 -0.00233598
165.66 -0.00256499
165.67 -0.00263508
165.68 -0.00254473
165.69 -0.00228536
165.7 -0.00188302
165.71 -0.00135708
165.72 -0.000730496
165.73 -3.03436e-05
165.74 0.000713187
165.75 0.00146785
165.76 0.00220031
165.77 0.00286929
165.78 0.00344673
165.79 0.0039048
165.8 0.00421958
165.81 0.00437199
165.82 0.00434849
165.83 0.00414162
165.84 0.00374758
165.85 0.00316052
165.86 0.00240969
165.87 0.00151442
165.88 0.000499386
165.89 -0.000606193
165.9 -0.00176948
165.91 -0.00295509
165.92 -0.00412477
165.93 -0.0052348
165.94 -0.00625125
165.95 -0.00714121
165.96 -0.00787548
165.97 -0.00842947
165.98 -0.00878409
165.99 -0.00892636
166 -0.00884142
166.01 -0.00852573
166.02 -0.00800203
166.03 -0.00728599
166.04 -0.00639943
166.05 -0.00536959
166.06 -0.00422833
166.07 -0.00301111
166.08 -0.00175606
166.09 -0.000507915
166.1 0.00069258
166.11 0.00180783
166.12 0.00280294
166.13 0.00364682
166.14 0.00431311
166.15 0.00478108
166.16 0.00502226
166.17 0.00503419
166.18 0.00482586
166.19 0.00440499
166.2 0.00378591
166.21 0.00298913
166.22 0.00204065
166.23 0.000971168
166.24 -0.000188538
166.25 -0.00139283
166.26 -0.00260085
166.27 -0.00377392
166.28 -0.00487457
166.29 -0.0058677
166.3 -0.00672158
166.31 -0.00740878
166.32 -0.00788914
166.33 -0.00815928
166.34 -0.00821324
166.35 -0.00804878
166.36 -0.00767015
166.37 -0.0070879
166.38 -0.00631847
166.39 -0.00538363
166.4 -0.00429909
166.41 -0.00311158
166.42 -0.00185503
166.43 -0.00056463
166.44 0.000723937
166.45 0.00197548
166.46 0.00315631
166.47 0.00423391
166.48 0.00516706
166.49 0.00594274
166.5 0.0065428
166.51 0.00695421
166.52 0.00716928
166.53 0.0071857
166.54 0.00700647
166.55 0.00663592
166.56 0.00607859
166.57 0.00536716
166.58 0.00452288
166.59 0.00356962
166.6 0.00253322
166.61 0.00144064
166.62 0.000319228
166.63 -0.000803151
166.64 -0.00189672
166.65 -0.00293789
166.66 -0.00390531
166.67 -0.00478039
166.68 -0.00554763
166.69 -0.00619483
166.7 -0.00671315
166.71 -0.00709095
166.72 -0.00732474
166.73 -0.00742367
166.74 -0.00739204
166.75 -0.00723655
166.76 -0.00696589
166.77 -0.00659035
166.78 -0.00612146
166.79 -0.00556766
166.8 -0.00494454
166.81 -0.00426848
166.82 -0.0035522
166.83 -0.00280796
166.84 -0.00204746
166.85 -0.00128172
166.86 -0.000521007
166.87 0.000223488
166.88 0.000942547
166.89 0.00162862
166.9 0.00227418
166.91 0.00287214
166.92 0.00341578
166.93 0.00389867
166.94 0.0043146
166.95 0.00465126
166.96 0.00490686
166.97 0.00507764
166.98 0.00515884
166.99 0.00514633
167 0.00503681
167.01 0.00482805
167.02 0.00451906
167.03 0.00410127
167.04 0.00358592
167.05 0.00297847
167.06 0.00228566
167.07 0.00151642
167.08 0.000681885
167.09 -0.000204627
167.1 -0.00112783
167.11 -0.00207039
167.12 -0.00300993
167.13 -0.00392628
167.14 -0.00479865
167.15 -0.00560611
167.16 -0.00632819
167.17 -0.00694542
167.18 -0.0074377
167.19 -0.00777826
167.2 -0.0079656
167.21 -0.00799088
167.22 -0.00784897
167.23 -0.00753882
167.24 -0.00706359
167.25 -0.00643077
167.26 -0.00564857
167.27 -0.00472926
167.28 -0.00370391
167.29 -0.00259619
167.3 -0.00143234
167.31 -0.000240521
167.32 0.000950004
167.33 0.00210966
167.34 0.00320592
167.35 0.004206
167.36 0.00508928
167.37 0.00583446
167.38 0.00642423
167.39 0.00684582
167.4 0.00709146
167.41 0.0071587
167.42 0.00704194
167.43 0.00675185
167.44 0.00631199
167.45 0.00574197
167.46 0.00506552
167.47 0.00430979
167.48 0.00350451
167.49 0.00268107
167.5 0.00187444
167.51 0.00111957
167.52 0.000445379
167.53 -0.000121285
167.54 -0.000557236
167.55 -0.000843778
167.56 -0.000967384
167.57 -0.000920225
167.58 -0.000687846
167.59 -0.000284755
167.6 0.000272495
167.61 0.000965986
167.62 0.0017725
167.63 0.00266418
167.64 0.00360942
167.65 0.00457377
167.66 0.00551636
167.67 0.0063983
167.68 0.00718426
167.69 0.00784086
167.7 0.00833805
167.71 0.00865018
167.72 0.00875693
167.73 0.00864409
167.74 0.00828153
167.75 0.00769226
167.76 0.00688537
167.77 0.00587667
167.78 0.00468876
167.79 0.00335043
167.8 0.00189593
167.81 0.000363641
167.82 -0.00120244
167.83 -0.00275137
167.84 -0.00423825
167.85 -0.00561911
167.86 -0.00685228
167.87 -0.00789973
167.88 -0.00872818
167.89 -0.00930435
167.9 -0.00959085
167.91 -0.00959639
167.92 -0.00931788
167.93 -0.00876046
167.94 -0.00793743
167.95 -0.0068699
167.96 -0.00558624
167.97 -0.00411662
167.98 -0.00250233
167.99 -0.000800716
168 0.000940016
168.01 0.00267044
168.02 0.00434135
168.03 0.00590517
168.04 0.00731741
168.05 0.00852744
168.06 0.0094948
168.07 0.0102042
168.08 0.010637
168.09 0.0107827
168.1 0.0106391
168.11 0.0102126
168.12 0.00951746
168.13 0.0085635
168.14 0.00738818
168.15 0.00603875
168.16 0.00455659
168.17 0.00298654
168.18 0.00137552
168.19 -0.000228861
168.2 -0.00177971
168.21 -0.00322244
168.22 -0.00451537
168.23 -0.00562639
168.24 -0.00652607
168.25 -0.00719165
168.26 -0.00760768
168.27 -0.00776635
168.28 -0.00766759
168.29 -0.00729986
168.3 -0.00669622
168.31 -0.00588472
168.32 -0.00489419
168.33 -0.00375823
168.34 -0.002514
168.35 -0.0012011
168.36 0.000139714
168.37 0.00146291
168.38 0.00272718
168.39 0.0038968
168.4 0.00493982
168.41 0.00582905
168.42 0.00654284
168.43 0.00706558
168.44 0.00738715
168.45 0.00748644
168.46 0.00738822
168.47 0.00710375
168.48 0.0066497
168.49 0.00604753
168.5 0.00532255
168.51 0.00450306
168.52 0.00361877
168.53 0.00270192
168.54 0.00178813
168.55 0.000906429
168.56 8.33528e-05
168.57 -0.000657914
168.58 -0.00129824
168.59 -0.00182309
168.6 -0.00221926
168.61 -0.00247676
168.62 -0.00260696
168.63 -0.00261697
168.64 -0.00251847
168.65 -0.00232717
168.66 -0.00206211
168.67 -0.00174487
168.68 -0.0013986
168.69 -0.00105033
168.7 -0.000725229
168.71 -0.000445577
168.72 -0.000231421
168.73 -9.98352e-05
168.74 -6.42596e-05
168.75 -0.000133986
168.76 -0.000319521
168.77 -0.000619895
168.78 -0.00102378
168.79 -0.00152074
168.8 -0.00209613
168.81 -0.00273162
168.82 -0.0034058
168.83 -0.00409494
168.84 -0.00477144
168.85 -0.00540661
168.86 -0.00597567
168.87 -0.00645481
168.88 -0.00682253
168.89 -0.00706042
168.9 -0.00715385
168.91 -0.00709253
168.92 -0.00685868
168.93 -0.00646066
168.94 -0.00590836
168.95 -0.0052126
168.96 -0.00438886
168.97 -0.00345687
168.98 -0.00244001
168.99 -0.00136463
169 -0.000259239
169.01 0.000841222
169.02 0.00190638
169.03 0.0029071
169.04 0.00381597
169.05 0.00460824
169.06 0.0052625
169.07 0.00576142
169.08 0.00607468
169.09 0.00621138
169.1 0.00617053
169.11 0.0059562
169.12 0.00557759
169.13 0.00504872
169.14 0.00438797
169.15 0.00361662
169.16 0.00275612
169.17 0.00184393
169.18 0.000909053
169.19 -1.9312e-05
169.2 -0.000912696
169.21 -0.00174425
169.22 -0.00248957
169.23 -0.00312466
169.24 -0.00362371
169.25 -0.00398373
169.26 -0.00419789
169.27 -0.0042644
169.28 -0.00418655
169.29 -0.00397259
169.3 -0.00363538
169.31 -0.00318912
169.32 -0.00265473
169.33 -0.00206334
169.34 -0.00144109
169.35 -0.000815154
169.36 -0.000212843
169.37 0.00033929
169.38 0.000816328
169.39 0.00119036
169.4 0.00143913
169.41 0.00155387
169.42 0.00152485
169.43 0.00134722
169.44 0.00102117
169.45 0.000552054
169.46 -4.98069e-05
169.47 -0.000775037
169.48 -0.00159939
169.49 -0.00249397
169.5 -0.00343198
169.51 -0.00438456
169.52 -0.00532164
169.53 -0.00621284
169.54 -0.00702836
169.55 -0.00773076
169.56 -0.00829571
169.57 -0.00870473
169.58 -0.00894007
169.59 -0.00898859
169.6 -0.00884221
169.61 -0.00849813
169.62 -0.00795902
169.63 -0.00721875
169.64 -0.00630467
169.65 -0.00523973
169.66 -0.00404764
169.67 -0.00275574
169.68 -0.00139431
169.69 4.28315e-06
169.7 0.00140642
169.71 0.00277213
169.72 0.00406798
169.73 0.00526292
169.74 0.00632824
169.75 0.00723861
169.76 0.00797269
169.77 0.00851373
169.78 0.00884897
169.79 0.00895253
169.8 0.00884474
169.81 0.00853141
169.82 0.0080236
169.83 0.00733725
169.84 0.00649273
169.85 0.0055143
169.86 0.00442811
169.87 0.00326239
169.88 0.00205741
169.89 0.00084537
169.9 -0.000341902
169.91 -0.00147379
169.92 -0.00252168
169.93 -0.00345973
169.94 -0.00426111
169.95 -0.00489907
169.96 -0.00537058
169.97 -0.00566757
169.98 -0.00578693
169.99 -0.0057305
170 -0.00550501
170.01 -0.00512174
170.02 -0.00459127
170.03 -0.00393336
170.04 -0.00317958
170.05 -0.00235532
170.06 -0.00148755
170.07 -0.000604025
170.08 0.000267471
170.09 0.00109989
170.1 0.001863
170.11 0.00253091
170.12 0.00308715
170.13 0.00351546
170.14 0.00380344
170.15 0.00394288
170.16 0.00392994
170.17 0.0037652
170.18 0.00344476
170.19 0.00298355
170.2 0.00240088
170.21 0.00171405
170.22 0.000943205
170.23 0.000110768
170.24 -0.000759208
170.25 -0.00164171
170.26 -0.00250853
170.27 -0.00333297
170.28 -0.00409205
170.29 -0.00476436
170.3 -0.00533094
170.31 -0.00577577
170.32 -0.00608619
170.33 -0.00625319
170.34 -0.00625835
170.35 -0.00611225
170.36 -0.00582046
170.37 -0.00539037
170.38 -0.00483283
170.39 -0.00416185
170.4 -0.00339411
170.41 -0.0025485
170.42 -0.00164197
170.43 -0.000703739
170.44 0.000244115
170.45 0.00117987
170.46 0.00208272
170.47 0.00293331
170.48 0.00371423
170.49 0.00440936
170.5 0.00499773
170.51 0.00547868
170.52 0.00584691
170.53 0.00610037
170.54 0.0062402
170.55 0.00627064
170.56 0.00619874
170.57 0.00603225
170.58 0.00578006
170.59 0.0054631
170.6 0.00509632
170.61 0.00469523
170.62 0.00427545
170.63 0.00385215
170.64 0.00343961
170.65 0.00305202
170.66 0.0027028
170.67 0.00239884
170.68 0.00214633
170.69 0.00194899
170.7 0.00180793
170.71 0.00172178
170.72 0.00168672
170.73 0.00169842
170.74 0.0017479
170.75 0.00182281
170.76 0.00191216
170.77 0.00200426
170.78 0.00208725
170.79 0.00214951
170.8 0.00218017
170.81 0.00216655
170.82 0.00210039
170.83 0.00197772
170.84 0.00179501
170.85 0.00155112
170.86 0.00124741
170.87 0.000887747
170.88 0.000478439
170.89 2.59215e-05
170.9 -0.000456052
170.91 -0.000953592
170.92 -0.00145281
170.93 -0.00193905
170.94 -0.00239735
170.95 -0.00281293
170.96 -0.0031717
170.97 -0.00345401
170.98 -0.00365221
170.99 -0.00375889
171 -0.00376778
171.01 -0.00367532
171.02 -0.00348082
171.03 -0.00318653
171.04 -0.00279768
171.05 -0.00231513
171.06 -0.0017586
171.07 -0.00114227
171.08 -0.000481629
171.09 0.000206345
171.1 0.000903705
171.11 0.00159205
171.12 0.0022528
171.13 0.00286247
171.14 0.00340782
171.15 0.00387449
171.16 0.00425032
171.17 0.00452575
171.18 0.00469408
171.19 0.00475166
171.2 0.00469619
171.21 0.00452385
171.22 0.00425055
171.23 0.00388577
171.24 0.00344152
171.25 0.00293202
171.26 0.00237323
171.27 0.00178239
171.28 0.00117765
171.29 0.000579517
171.3 6.44259e-06
171.31 -0.000524974
171.32 -0.00099966
171.33 -0.00140451
171.34 -0.00172873
171.35 -0.0019642
171.36 -0.00210164
171.37 -0.00213701
171.38 -0.00207737
171.39 -0.00192702
171.4 -0.00169292
171.41 -0.00138445
171.42 -0.00101307
171.43 -0.000591881
171.44 -0.000134179
171.45 0.000342744
171.46 0.000822055
171.47 0.00128896
171.48 0.00172957
171.49 0.00213133
171.5 0.00248339
171.51 0.00277695
171.52 0.00300095
171.53 0.00315306
171.54 0.00323466
171.55 0.0032472
171.56 0.00319446
171.57 0.00308229
171.58 0.00291833
171.59 0.00271169
171.6 0.00247086
171.61 0.00220951
171.62 0.00193927
171.63 0.00167055
171.64 0.00141293
171.65 0.00117474
171.66 0.000962728
171.67 0.000781764
171.68 0.000637741
171.69 0.000528378
171.7 0.000451147
171.71 0.000401834
171.72 0.000374301
171.73 0.00036075
171.74 0.000352051
171.75 0.000338141
171.76 0.00030581
171.77 0.000245284
171.78 0.000146718
171.79 1.37563e-06
171.8 -0.000197916
171.81 -0.000456351
171.82 -0.000776797
171.83 -0.00116021
171.84 -0.00160813
171.85 -0.00210884
171.86 -0.00265339
171.87 -0.0032301
171.88 -0.00382491
171.89 -0.00442165
171.9 -0.00500255
171.91 -0.00554743
171.92 -0.00603168
171.93 -0.00643913
171.94 -0.00675158
171.95 -0.00695247
171.96 -0.00702748
171.97 -0.00696508
171.98 -0.00675708
171.99 -0.00639368
172 -0.00587046
172.01 -0.00520233
172.02 -0.00439864
172.03 -0.00347302
172.04 -0.00244311
172.05 -0.00133025
172.06 -0.000158994
172.07 0.00104354
172.08 0.00224417
172.09 0.00341104
172.1 0.00451367
172.11 0.00552235
172.12 0.00640897
172.13 0.00714788
172.14 0.00771663
172.15 0.00808464
172.16 0.00824018
172.17 0.00818362
172.18 0.00791276
172.19 0.00743102
172.2 0.00674742
172.21 0.00587641
172.22 0.00483762
172.23 0.00364718
172.24 0.0023432
172.25 0.000962287
172.26 -0.000460851
172.27 -0.00189017
172.28 -0.00328922
172.29 -0.00462215
172.3 -0.00585468
172.31 -0.00694165
172.32 -0.00786109
172.33 -0.00859246
172.34 -0.00911776
172.35 -0.00942449
172.36 -0.00950603
172.37 -0.00936178
172.38 -0.00899716
172.39 -0.00840524
172.4 -0.00762395
172.41 -0.00667766
172.42 -0.00559378
172.43 -0.00440317
172.44 -0.00313931
172.45 -0.00183736
172.46 -0.00053338
172.47 0.0007305
172.48 0.00192092
172.49 0.00300662
172.5 0.00395969
172.51 0.00475629
172.52 0.00537728
172.53 0.00580871
172.54 0.00603856
172.55 0.00605128
172.56 0.00586783
172.57 0.00549801
172.58 0.00495674
172.59 0.00426351
172.6 0.00344176
172.61 0.0025182
172.62 0.00152071
172.63 0.000481975
172.64 -0.000561939
172.65 -0.0015804
172.66 -0.00254424
172.67 -0.00342659
172.68 -0.0042036
172.69 -0.00485514
172.7 -0.00535888
172.71 -0.00569998
172.72 -0.00588184
172.73 -0.00590426
172.74 -0.00577195
172.75 -0.00549428
172.76 -0.00508486
172.77 -0.00456112
172.78 -0.00393992
172.79 -0.00324822
172.8 -0.00251542
172.81 -0.00176721
172.82 -0.00102916
172.83 -0.000325867
172.84 0.000319803
172.85 0.000887402
172.86 0.00135234
172.87 0.00170259
172.88 0.00193283
172.89 0.00203857
172.9 0.00201968
172.91 0.00188038
172.92 0.00162907
172.93 0.00127795
172.94 0.000837642
172.95 0.000333549
172.96 -0.000211176
172.97 -0.000773997
172.98 -0.00133179
172.99 -0.00186161
173 -0.00234146
173.01 -0.00275099
173.02 -0.00306297
173.03 -0.0032684
173.04 -0.00335775
173.05 -0.00332438
173.06 -0.0031659
173.07 -0.00288418
173.08 -0.00248544
173.09 -0.00198
173.1 -0.00137451
173.11 -0.000697972
173.12 2.84623e-05
173.13 0.000781518
173.14 0.00153653
173.15 0.00226821
173.16 0.0029514
173.17 0.00356075
173.18 0.00406427
173.19 0.00444954
173.2 0.00470061
173.21 0.00480536
173.22 0.00475599
173.23 0.00454929
173.24 0.00418688
173.25 0.00367191
173.26 0.00301014
173.27 0.00222979
173.28 0.00135169
173.29 0.000400135
173.3 -0.000597755
173.31 -0.00161276
173.32 -0.00261437
173.33 -0.0035689
173.34 -0.00444001
173.35 -0.00520229
173.36 -0.00582957
173.37 -0.00629896
173.38 -0.00659152
173.39 -0.00669291
173.4 -0.00659385
173.41 -0.00628083
173.42 -0.00575567
173.43 -0.00503826
173.44 -0.0041432
173.45 -0.00309032
173.46 -0.00190429
173.47 -0.00061402
173.48 0.000748079
173.49 0.00214679
173.5 0.00353973
173.51 0.00488785
173.52 0.00615399
173.53 0.00730247
173.54 0.00830018
173.55 0.00911743
173.56 0.00972887
173.57 0.0100969
173.58 0.010216
173.59 0.010086
173.6 0.00970691
173.61 0.00908523
173.62 0.00823415
173.63 0.0071732
173.64 0.00592783
173.65 0.00451896
173.66 0.00299633
173.67 0.00140236
173.68 -0.000220786
173.69 -0.00182964
173.7 -0.0033806
173.71 -0.00483105
173.72 -0.00614056
173.73 -0.00725178
173.74 -0.00814593
173.75 -0.00879792
173.76 -0.00918791
173.77 -0.00930287
173.78 -0.00913706
173.79 -0.00869218
173.8 -0.00797588
173.81 -0.00698481
173.82 -0.00576955
173.83 -0.00436149
173.84 -0.0027974
173.85 -0.00111847
173.86 0.000630707
173.87 0.00240337
173.88 0.00415044
173.89 0.00581472
173.9 0.0073538
173.91 0.00872581
173.92 0.00989329
173.93 0.0108242
173.94 0.0114928
173.95 0.0118804
173.96 0.011967
173.97 0.0117381
173.98 0.0112214
173.99 0.0104317
174 0.00939123
174.01 0.00812913
174.02 0.00668061
174.03 0.00508603
174.04 0.00338755
174.05 0.00163777
174.06 -0.000108953
174.07 -0.00180421
174.08 -0.0034012
174.09 -0.00485609
174.1 -0.00612922
174.11 -0.00718621
174.12 -0.00798455
174.13 -0.00850319
174.14 -0.00874239
174.15 -0.00869878
174.16 -0.00837716
174.17 -0.00779025
174.18 -0.00695837
174.19 -0.00590878
174.2 -0.00466531
174.21 -0.00327747
174.22 -0.00179485
174.23 -0.00026305
174.24 0.00127134
174.25 0.00276214
174.26 0.00416492
174.27 0.00543835
174.28 0.00652986
174.29 0.00741455
174.3 0.0080728
174.31 0.00848819
174.32 0.008652
174.33 0.00856334
174.34 0.00822918
174.35 0.00766405
174.36 0.00687327
174.37 0.00590487
174.38 0.00479574
174.39 0.00358445
174.4 0.00231233
174.41 0.00102218
174.42 -0.000243138
174.43 -0.00144197
174.44 -0.00252125
174.45 -0.00345452
174.46 -0.00421313
174.47 -0.00477466
174.48 -0.00512356
174.49 -0.00525164
174.5 -0.00515834
174.51 -0.00484822
174.52 -0.00432287
174.53 -0.00362409
174.54 -0.00278073
174.55 -0.0018266
174.56 -0.00079934
174.57 0.000260863
174.58 0.0013126
174.59 0.00231238
174.6 0.00321156
174.61 0.00397874
174.62 0.00458269
174.63 0.00499784
174.64 0.00520513
174.65 0.00519269
174.66 0.00495634
174.67 0.0044922
174.68 0.00380837
174.69 0.00293993
174.7 0.00191451
174.71 0.000765646
174.72 -0.000468278
174.73 -0.00174527
174.74 -0.00302109
174.75 -0.00424618
174.76 -0.00537003
174.77 -0.00635404
174.78 -0.00716085
174.79 -0.00775838
174.8 -0.00812096
174.81 -0.00823026
174.82 -0.008076
174.83 -0.00764081
174.84 -0.00693894
174.85 -0.00599879
174.86 -0.00484599
174.87 -0.00351345
174.88 -0.00204046
174.89 -0.000471455
174.9 0.00114529
174.91 0.00275516
174.92 0.00430127
174.93 0.00573398
174.94 0.00700636
174.95 0.00807595
174.96 0.00890614
174.97 0.00946738
174.98 0.00973818
174.99 0.00968006
175 0.0093113
175.01 0.00864555
175.02 0.00770058
175.03 0.00650289
175.04 0.00508703
175.05 0.00349444
175.06 0.00177232
175.07 -3.01986e-05
175.08 -0.00184698
175.09 -0.00362274
175.1 -0.00530384
175.11 -0.00683958
175.12 -0.00818382
175.13 -0.0092964
175.14 -0.0101425
175.15 -0.0106706
175.16 -0.0108932
175.17 -0.0108069
175.18 -0.0104183
175.19 -0.00974336
175.2 -0.00880714
175.21 -0.00764291
175.22 -0.00628851
175.23 -0.00478699
175.24 -0.00320454
175.25 -0.00159466
175.26 -1.12611e-05
175.27 0.00149313
175.28 0.00286903
175.29 0.00407167
175.3 0.00505489
175.31 0.00577512
175.32 0.00622724
175.33 0.0064002
175.34 0.00629261
175.35 0.00591286
175.36 0.00527872
175.37 0.00441682
175.38 0.00335528
175.39 0.00213916
175.4 0.000827058
175.41 -0.000530147
175.42 -0.0018801
175.43 -0.00317077
175.44 -0.00435221
175.45 -0.00537835
175.46 -0.00619594
175.47 -0.00676956
175.48 -0.00708527
175.49 -0.00712908
175.5 -0.00689683
175.51 -0.00639448
175.52 -0.0056379
175.53 -0.00465253
175.54 -0.00346242
175.55 -0.00212161
175.56 -0.000686052
175.57 0.000790643
175.58 0.00225245
175.59 0.00364282
175.6 0.00490659
175.61 0.00599192
175.62 0.00683121
175.63 0.00739425
175.64 0.00765702
175.65 0.00760007
175.66 0.00721456
175.67 0.00650273
175.68 0.00547802
175.69 0.00416485
175.7 0.00257904
175.71 0.000790537
175.72 -0.001144
175.73 -0.00316457
175.74 -0.00520696
175.75 -0.00720481
175.76 -0.00909166
175.77 -0.0108028
175.78 -0.0122493
175.79 -0.0133975
175.8 -0.0142038
175.81 -0.0146345
175.82 -0.014667
175.83 -0.0142908
175.84 -0.013508
175.85 -0.0123286
175.86 -0.0107565
175.87 -0.00886772
175.88 -0.00671389
175.89 -0.00435562
175.9 -0.00186039
175.91 0.000699333
175.92 0.00324834
175.93 0.0057068
175.94 0.00798449
175.95 0.0100207
175.96 0.0117543
175.97 0.0131328
175.98 0.0141146
175.99 0.0146696
176 0.0147808
176.01 0.0144287
176.02 0.0136145
176.03 0.0123939
176.04 0.0108062
176.05 0.00890223
176.06 0.00674259
176.07 0.00439585
176.08 0.00193653
176.09 -0.000554822
176.1 -0.00298797
176.11 -0.00528427
176.12 -0.00737067
176.13 -0.00918067
176.14 -0.0106564
176.15 -0.0117506
176.16 -0.0124277
176.17 -0.0126383
176.18 -0.0123837
176.19 -0.0116911
176.2 -0.0105835
176.21 -0.00909709
176.22 -0.00728011
176.23 -0.00519148
176.24 -0.00289889
176.25 -0.000473288
176.26 0.00199143
176.27 0.00441091
176.28 0.0067054
176.29 0.00879884
176.3 0.0106211
176.31 0.0121104
176.32 0.0132148
176.33 0.013856
176.34 0.0140354
176.35 0.0137506
176.36 0.0130062
176.37 0.0118213
176.38 0.0102284
176.39 0.00827278
176.4 0.00601128
176.41 0.00349429
176.42 0.000825468
176.43 -0.0019137
176.44 -0.00464037
176.45 -0.00727182
176.46 -0.00972785
176.47 -0.0119332
176.48 -0.013817
176.49 -0.0152827
176.5 -0.0163163
176.51 -0.0168856
176.52 -0.016972
176.53 -0.0165709
176.54 -0.015692
176.55 -0.0143587
176.56 -0.0126006
176.57 -0.0104499
176.58 -0.00800187
176.59 -0.00532593
176.6 -0.00249777
176.61 0.000403146
176.62 0.00329585
176.63 0.00610025
176.64 0.00873189
176.65 0.0111023
176.66 0.013162
176.67 0.0148588
176.68 0.0161517
176.69 0.0170117
176.7 0.0174229
176.71 0.0173821
176.72 0.0168816
176.73 0.0159424
176.74 0.0146272
176.75 0.0129835
176.76 0.0110673
176.77 0.0089414
176.78 0.00667364
176.79 0.00433464
176.8 0.00199977
176.81 -0.000252239
176.82 -0.00235659
176.83 -0.00425388
176.84 -0.00589225
176.85 -0.0072287
176.86 -0.00823025
176.87 -0.00887468
176.88 -0.00912639
176.89 -0.0089997
176.9 -0.00852144
176.91 -0.00771618
176.92 -0.00661789
176.93 -0.00526868
176.94 -0.00371744
176.95 -0.0020182
176.96 -0.000226004
176.97 0.00158872
176.98 0.0033657
176.99 0.005049
177 0.00658678
177.01 0.0079328
177.02 0.00904767
177.03 0.00989989
177.04 0.0104395
177.05 0.0106762
177.06 0.0106113
177.07 0.0102521
177.08 0.00961491
177.09 0.00872417
177.1 0.00761146
177.11 0.00631424
177.12 0.00486587
177.13 0.00333047
177.14 0.00175604
177.15 0.00019056
177.16 -0.00131944
177.17 -0.0027303
177.18 -0.00400246
177.19 -0.0050988
177.2 -0.00597394
177.21 -0.00662406
177.22 -0.00703715
177.23 -0.00720888
177.24 -0.00714248
177.25 -0.00684851
177.26 -0.00634434
177.27 -0.00564947
177.28 -0.00478865
177.29 -0.00380953
177.3 -0.00274869
177.31 -0.00164428
177.32 -0.000534816
177.33 0.000542078
177.34 0.00155078
177.35 0.00245383
177.36 0.00321636
177.37 0.00382279
177.38 0.00425649
177.39 0.00450685
177.4 0.00456956
177.41 0.00444657
177.42 0.00414598
177.43 0.0036745
177.44 0.00305417
177.45 0.00231801
177.46 0.00149418
177.47 0.000613435
177.48 -0.000291858
177.49 -0.00118874
177.5 -0.00204468
177.51 -0.00282229
177.52 -0.00349126
177.53 -0.00403001
177.54 -0.00441812
177.55 -0.00463988
177.56 -0.00468479
177.57 -0.00454776
177.58 -0.00422933
177.59 -0.00372355
177.6 -0.00305194
177.61 -0.00223699
177.62 -0.00130072
177.63 -0.000268903
177.64 0.000829657
177.65 0.00196391
177.66 0.00310143
177.67 0.00420392
177.68 0.00523788
177.69 0.00617301
177.7 0.00698083
177.71 0.00763589
177.72 0.00811648
177.73 0.00840513
177.74 0.00848909
177.75 0.00833979
177.76 0.00797529
177.77 0.00740062
177.78 0.00662513
177.79 0.00566314
177.8 0.00453357
177.81 0.00325951
177.82 0.00186697
177.83 0.000381484
177.84 -0.00115402
177.85 -0.00270587
177.86 -0.00423987
177.87 -0.00572206
177.88 -0.00711956
177.89 -0.00840124
177.9 -0.00953507
177.91 -0.0104826
177.92 -0.0112352
177.93 -0.0117764
177.94 -0.0120943
177.95 -0.0121821
177.96 -0.0120379
177.97 -0.0116649
177.98 -0.0110647
177.99 -0.0102447
178 -0.00923854
178.01 -0.00806878
178.02 -0.00676133
178.03 -0.00534499
178.04 -0.00385074
178.05 -0.00231111
178.06 -0.000760412
178.07 0.000763389
178.08 0.00222754
178.09 0.00360133
178.1 0.00485637
178.11 0.00596718
178.12 0.00691178
178.13 0.00767214
178.14 0.00822304
178.15 0.00855693
178.16 0.00867987
178.17 0.00859369
178.18 0.00830499
178.19 0.0078249
178.2 0.00716885
178.21 0.00635609
178.22 0.00540193
178.23 0.0043396
178.24 0.00320138
178.25 0.00201631
178.26 0.000813888
178.27 -0.000376686
178.28 -0.00152723
178.29 -0.00261129
178.3 -0.0035959
178.31 -0.00446357
178.32 -0.00519973
178.33 -0.00579175
178.34 -0.00623133
178.35 -0.00651454
178.36 -0.00664195
178.37 -0.00661847
178.38 -0.00644137
178.39 -0.00613691
178.4 -0.00572344
178.41 -0.00522057
178.42 -0.00464995
178.43 -0.00403453
178.44 -0.00339788
178.45 -0.00276344
178.46 -0.00215827
178.47 -0.0016021
178.48 -0.00111287
178.49 -0.000705517
178.5 -0.000391515
178.51 -0.000178527
178.52 -7.01679e-05
178.53 -6.73131e-05
178.54 -0.000171622
178.55 -0.000364538
178.56 -0.000633026
178.57 -0.000960991
178.58 -0.00132985
178.59 -0.00171916
178.6 -0.0021074
178.61 -0.00247146
178.62 -0.0027853
178.63 -0.00303117
178.64 -0.00319149
178.65 -0.00325161
178.66 -0.00320033
178.67 -0.00303041
178.68 -0.00273896
178.69 -0.00232331
178.7 -0.00178827
178.71 -0.0011533
178.72 -0.000434515
178.73 0.000348218
178.74 0.00117183
178.75 0.00201075
178.76 0.0028377
178.77 0.00362109
178.78 0.00432906
178.79 0.00493731
178.8 0.00542152
178.81 0.00576048
178.82 0.00593691
178.83 0.0059381
178.84 0.00575658
178.85 0.00537925
178.86 0.0048156
178.87 0.00408421
178.88 0.0032021
178.89 0.00219162
178.9 0.00107991
178.91 -0.00010178
178.92 -0.00131899
178.93 -0.00253206
178.94 -0.00369891
178.95 -0.00478204
178.96 -0.00574527
178.97 -0.00655508
178.98 -0.00718166
178.99 -0.00759998
179 -0.00779061
179.01 -0.00771933
179.02 -0.00739757
179.03 -0.0068321
179.04 -0.00603334
179.05 -0.00501895
179.06 -0.0038135
179.07 -0.00244781
179.08 -0.000958196
179.09 0.000618294
179.1 0.00222542
179.11 0.00381632
179.12 0.00534407
179.13 0.00676274
179.14 0.0080288
179.15 0.00910246
179.16 0.00994673
179.17 0.010509
179.18 0.010791
179.19 0.0107811
179.2 0.0104759
179.21 0.00988048
179.22 0.00900875
179.23 0.00788275
179.24 0.0065285
179.25 0.00497629
179.26 0.00328773
179.27 0.00151103
179.28 -0.000302662
179.29 -0.00210075
179.3 -0.00383073
179.31 -0.00544178
179.32 -0.00687937
179.33 -0.00808824
179.34 -0.009045
179.35 -0.00972168
179.36 -0.0100986
179.37 -0.0101648
179.38 -0.00991885
179.39 -0.00936848
179.4 -0.00851912
179.41 -0.00739763
179.42 -0.00605567
179.43 -0.00453539
179.44 -0.00288432
179.45 -0.00115401
179.46 0.000601538
179.47 0.00232748
179.48 0.0039621
179.49 0.00544862
179.5 0.00674496
179.51 0.00781088
179.52 0.00861331
179.53 0.00912733
179.54 0.00933699
179.55 0.00923582
179.56 0.00880701
179.57 0.00807719
179.58 0.00708091
179.59 0.00585092
179.6 0.00442739
179.61 0.00285668
179.62 0.00118991
179.63 -0.00051854
179.64 -0.00220707
179.65 -0.00381521
179.66 -0.00529035
179.67 -0.00658349
179.68 -0.00765115
179.69 -0.00845677
179.7 -0.00897187
179.71 -0.00917691
179.72 -0.00903261
179.73 -0.00856731
179.74 -0.0077966
179.75 -0.00674275
179.76 -0.00543703
179.77 -0.00391878
179.78 -0.0022343
179.79 -0.000435263
179.8 0.00142211
179.81 0.0032691
179.82 0.00504726
179.83 0.00669993
179.84 0.00817389
179.85 0.00942106
179.86 0.0103999
179.87 0.0110721
179.88 0.0113877
179.89 0.011361
179.9 0.0109899
179.91 0.010283
179.92 0.00925885
179.93 0.00794583
179.94 0.00638129
179.95 0.00460643
179.96 0.00267241
179.97 0.000651869
179.98 -0.0013945
179.99 -0.00340488
180 -0.00531816
180.01 -0.00707572
180.02 -0.00862314
180.03 -0.0099002
180.04 -0.0108541
180.05 -0.0114711
180.06 -0.0117304
180.07 -0.0116215
180.08 -0.0111446
180.09 -0.0103104
180.1 -0.00914016
180.11 -0.00765139
180.12 -0.00589035
180.13 -0.00392143
180.14 -0.0017997
180.15 0.000415428
180.16 0.0026619
180.17 0.00487675
180.18 0.00699792
180.19 0.00895288
180.2 0.0106842
180.21 0.0121506
180.22 0.0133122
180.23 0.0141377
180.24 0.0146053
180.25 0.0147032
180.26 0.0144299
180.27 0.0137684
180.28 0.0127581
180.29 0.0114387
180.3 0.00984832
180.31 0.00803195
180.32 0.00604026
180.33 0.00392803
180.34 0.00175257
180.35 -0.000423311
180.36 -0.00253651
180.37 -0.0045328
180.38 -0.00636222
180.39 -0.00798035
180.4 -0.00934949
180.41 -0.0104395
180.42 -0.0112288
180.43 -0.011673
180.44 -0.0117993
180.45 -0.0116155
180.46 -0.0111371
180.47 -0.010387
180.48 -0.0093951
180.49 -0.00819708
180.5 -0.00683211
180.51 -0.00533843
180.52 -0.00377636
180.53 -0.00219171
180.54 -0.000628997
180.55 0.000869783
180.56 0.00226638
180.57 0.00352731
180.58 0.00462085
180.59 0.00551278
180.6 0.00620358
180.61 0.00668729
180.62 0.00696486
180.63 0.00704395
180.64 0.00693838
180.65 0.00666745
180.66 0.00625147
180.67 0.00571778
180.68 0.00510646
180.69 0.00444928
180.7 0.00377793
180.71 0.0031229
180.72 0.00251241
180.73 0.00197139
180.74 0.00152544
180.75 0.00119317
180.76 0.000978502
180.77 0.000884882
180.78 0.00090992
180.79 0.00104555
180.8 0.00127836
180.81 0.00159011
180.82 0.00196011
180.83 0.00235829
180.84 0.00275389
180.85 0.00311755
180.86 0.00342007
180.87 0.00363348
180.88 0.00373213
180.89 0.00369373
180.9 0.00348867
180.91 0.00310886
180.92 0.0025536
180.93 0.00182326
180.94 0.000924582
180.95 -0.000129344
180.96 -0.00131928
180.97 -0.00262029
180.98 -0.00400605
180.99 -0.00543328
181 -0.00686209
181.01 -0.00825233
181.02 -0.00956306
181.03 -0.0107539
181.04 -0.0117861
181.05 -0.012624
181.06 -0.0132127
181.07 -0.013543
181.08 -0.0135985
181.09 -0.0133674
181.1 -0.0128455
181.11 -0.0120365
181.12 -0.0109518
181.13 -0.00960986
181.14 -0.00801892
181.15 -0.00623855
181.16 -0.00430925
181.17 -0.00227615
181.18 -0.000187832
181.19 0.00190495
181.2 0.00395062
181.21 0.00589591
181.22 0.00767631
181.23 0.00925644
181.24 0.0105967
181.25 0.0116638
181.26 0.0124311
181.27 0.0128801
181.28 0.0130007
181.29 0.0127826
181.3 0.01222
181.31 0.0113555
181.32 0.0102151
181.33 0.00883253
181.34 0.00724784
181.35 0.00550648
181.36 0.00365811
181.37 0.00175523
181.38 -0.000141462
181.39 -0.00197576
181.4 -0.00369641
181.41 -0.00525568
181.42 -0.00661066
181.43 -0.00772447
181.44 -0.0085673
181.45 -0.00910163
181.46 -0.00931377
181.47 -0.00921648
181.48 -0.00881669
181.49 -0.00813021
181.5 -0.00718128
181.51 -0.00600187
181.52 -0.0046308
181.53 -0.00310657
181.54 -0.00148842
181.55 0.000165612
181.56 0.00180174
181.57 0.00336654
181.58 0.00480852
181.59 0.00607952
181.6 0.00713622
181.61 0.00792014
181.62 0.00841129
181.63 0.00859649
181.64 0.00846465
181.65 0.00801394
181.66 0.00725185
181.67 0.00619503
181.68 0.00486887
181.69 0.00329001
181.7 0.00152121
181.71 -0.000386114
181.72 -0.0023795
181.73 -0.00440353
181.74 -0.00640132
181.75 -0.00831615
181.76 -0.010093
181.77 -0.0116567
181.78 -0.0129756
181.79 -0.014011
181.8 -0.014731
181.81 -0.0151125
181.82 -0.0151411
181.83 -0.0148121
181.84 -0.0141271
181.85 -0.0130753
181.86 -0.0117147
181.87 -0.0100793
181.88 -0.00821052
181.89 -0.00615611
181.9 -0.00396865
181.91 -0.00170424
181.92 0.000578104
181.93 0.00281098
181.94 0.004937
181.95 0.00690275
181.96 0.00865947
181.97 0.0101644
181.98 0.0113818
181.99 0.0122841
182 0.0128408
182.01 0.0130306
182.02 0.0128783
182.03 0.0123953
182.04 0.0116021
182.05 0.010527
182.06 0.009206
182.07 0.00768124
182.08 0.00599524
182.09 0.00420478
182.1 0.00237146
182.11 0.000548648
182.12 -0.00121165
182.13 -0.00286028
182.14 -0.0043523
182.15 -0.0056483
182.16 -0.00670079
182.17 -0.0074853
182.18 -0.00799694
182.19 -0.00822919
182.2 -0.00818422
182.21 -0.0078727
182.22 -0.0073134
182.23 -0.0065325
182.24 -0.00555238
182.25 -0.00442337
182.26 -0.00319457
182.27 -0.00191163
182.28 -0.000621173
182.29 0.000630635
182.3 0.00179956
182.31 0.00284468
182.32 0.00371415
182.33 0.00438509
182.34 0.00483876
182.35 0.00506074
182.36 0.00504464
182.37 0.00479234
182.38 0.00431388
182.39 0.00362716
182.4 0.00274334
182.41 0.00171353
182.42 0.000577535
182.43 -0.000622346
182.44 -0.00184123
182.45 -0.00303305
182.46 -0.00415207
182.47 -0.00515371
182.48 -0.00597868
182.49 -0.00660429
182.5 -0.00700179
182.51 -0.00714948
182.52 -0.00703347
182.53 -0.00664822
182.54 -0.00599682
182.55 -0.00508732
182.56 -0.00392659
182.57 -0.00256601
182.58 -0.00104224
182.59 0.000602283
182.6 0.00232056
182.61 0.00406239
182.62 0.0057759
182.63 0.00740534
182.64 0.00888836
182.65 0.0101849
182.66 0.0112532
182.67 0.0120576
182.68 0.0125699
182.69 0.0127699
182.7 0.0126463
182.71 0.0121846
182.72 0.0113875
182.73 0.0102939
182.74 0.00893177
182.75 0.00733672
182.76 0.00555145
182.77 0.00362439
182.78 0.00160836
182.79 -0.000439606
182.8 -0.00245478
182.81 -0.00437979
182.82 -0.00616112
182.83 -0.0077493
182.84 -0.00910043
182.85 -0.0101774
182.86 -0.0109512
182.87 -0.01138
182.88 -0.0114612
182.89 -0.0112084
182.9 -0.0106322
182.91 -0.0097527
182.92 -0.00859865
182.93 -0.00720654
182.94 -0.00561954
182.95 -0.00387916
182.96 -0.00205117
182.97 -0.000194041
182.98 0.00163727
182.99 0.00338938
183 0.00501208
183.01 0.00645986
183.02 0.00769325
183.03 0.00865639
183.04 0.00934254
183.05 0.00974238
183.06 0.00985247
183.07 0.00967874
183.08 0.00923625
183.09 0.00854861
183.1 0.00764719
183.11 0.00655693
183.12 0.00534277
183.13 0.00405307
183.14 0.00273773
183.15 0.00144685
183.16 0.000229071
183.17 -0.000870081
183.18 -0.00180773
183.19 -0.00253021
183.2 -0.00302704
183.21 -0.00328098
183.22 -0.00328379
183.23 -0.00303658
183.24 -0.0025498
183.25 -0.00184296
183.26 -0.000940666
183.27 0.00012561
183.28 0.00129765
183.29 0.00252747
183.3 0.00376401
183.31 0.00495491
183.32 0.00604823
183.33 0.00699427
183.34 0.00773928
183.35 0.00823115
183.36 0.00845224
183.37 0.0083801
183.38 0.00800183
183.39 0.0073147
183.4 0.00632649
183.41 0.00505544
183.42 0.00352006
183.43 0.00176228
183.44 -0.000156003
183.45 -0.00218005
183.46 -0.00425009
183.47 -0.00630304
183.48 -0.00827452
183.49 -0.0101008
183.5 -0.0117054
183.51 -0.0130287
183.52 -0.014032
183.53 -0.0146761
183.54 -0.014932
183.55 -0.0147815
183.56 -0.0142186
183.57 -0.0132496
183.58 -0.0118681
183.59 -0.0101251
183.6 -0.00807719
183.61 -0.00577889
183.62 -0.00329303
183.63 -0.000689043
183.64 0.00195903
183.65 0.00457469
183.66 0.00706615
183.67 0.00935861
183.68 0.0113858
183.69 0.0130862
183.7 0.0144074
183.71 0.0153079
183.72 0.015758
183.73 0.0157414
183.74 0.0152125
183.75 0.0142265
183.76 0.0128154
183.77 0.0110206
183.78 0.00889529
183.79 0.00650273
183.8 0.00391477
183.81 0.00120942
183.82 -0.00152568
183.83 -0.00419686
183.84 -0.00672214
183.85 -0.00902372
183.86 -0.0110303
183.87 -0.0126795
183.88 -0.0139195
183.89 -0.014703
183.9 -0.0149705
183.91 -0.0147531
183.92 -0.0140581
183.93 -0.0129079
183.94 -0.0113389
183.95 -0.00940072
183.96 -0.00715474
183.97 -0.00466798
183.98 -0.00202259
183.99 0.000679654
184 0.00335141
184.01 0.00590595
184.02 0.00825988
184.03 0.0103357
184.04 0.0120641
184.05 0.0133682
184.06 0.0141881
184.07 0.0145202
184.08 0.0143511
184.09 0.013683
184.1 0.0125336
184.11 0.0109361
184.12 0.00893777
184.13 0.00658509
184.14 0.00396138
184.15 0.00116508
184.16 -0.00171596
184.17 -0.00459082
184.18 -0.00736832
184.19 -0.00995983
184.2 -0.012282
184.21 -0.0142332
184.22 -0.0157514
184.23 -0.0168005
184.24 -0.0173461
184.25 -0.017369
184.26 -0.0168665
184.27 -0.0158525
184.28 -0.0143568
184.29 -0.0123961
184.3 -0.0100601
184.31 -0.00743378
184.32 -0.00460045
184.33 -0.00165027
184.34 0.00132257
184.35 0.00422275
184.36 0.00695679
184.37 0.00940635
184.38 0.0115031
184.39 0.0131825
184.4 0.0143895
184.41 0.0150837
184.42 0.0152409
184.43 0.0148535
184.44 0.0139313
184.45 0.0124547
184.46 0.0105228
184.47 0.00819768
184.48 0.00555328
184.49 0.00267396
184.5 -0.000348074
184.51 -0.00341565
184.52 -0.00642791
184.53 -0.00926435
184.54 -0.011839
184.55 -0.0140674
184.56 -0.0158755
184.57 -0.0172023
184.58 -0.0180014
184.59 -0.0182429
184.6 -0.0179014
184.61 -0.016953
184.62 -0.0154698
184.63 -0.0134958
184.64 -0.0110903
184.65 -0.00832651
184.66 -0.00528888
184.67 -0.00207085
184.68 0.00122718
184.69 0.00448925
184.7 0.00760941
184.71 0.0104903
184.72 0.0130419
184.73 0.0151842
184.74 0.0168496
184.75 0.0179854
184.76 0.0185279
184.77 0.0184529
184.78 0.0177955
184.79 0.0165773
184.8 0.0148374
184.81 0.0126313
184.82 0.0100287
184.83 0.00711193
184.84 0.00396605
184.85 0.000706979
184.86 -0.00255289
184.87 -0.00571035
184.88 -0.00866558
184.89 -0.0113252
184.9 -0.0136052
184.91 -0.0154335
184.92 -0.0167134
184.93 -0.0174208
184.94 -0.0175518
184.95 -0.0171044
184.96 -0.016095
184.97 -0.0145577
184.98 -0.0125431
184.99 -0.0101169
185 -0.0073381
185.01 -0.0043274
185.02 -0.00118943
185.03 0.00197351
185.04 0.00505848
185.05 0.00796504
185.06 0.0105984
185.07 0.0128723
185.08 0.0146652
185.09 0.0159506
185.1 0.01669
185.11 0.0168591
185.12 0.0164513
185.13 0.0154784
185.14 0.0139697
185.15 0.0119697
185.16 0.00950867
185.17 0.00671108
185.18 0.00366558
185.19 0.000468432
185.2 -0.00277942
185.21 -0.00597545
185.22 -0.00901867
185.23 -0.011807
185.24 -0.0142201
185.25 -0.0162049
185.26 -0.0176994
185.27 -0.0186568
185.28 -0.0190467
185.29 -0.018856
185.3 -0.0180895
185.31 -0.0167547
185.32 -0.0148746
185.33 -0.0125471
185.34 -0.00984329
185.35 -0.00684531
185.36 -0.00364359
185.37 -0.000334122
185.38 0.0029845
185.39 0.0062064
185.4 0.00922155
185.41 0.0119497
185.42 0.014314
185.43 0.0162493
185.44 0.0177041
185.45 0.0186421
185.46 0.0190428
185.47 0.0188745
185.48 0.0181558
185.49 0.0169449
185.5 0.0152881
185.51 0.0132444
185.52 0.0108835
185.53 0.00828333
185.54 0.00552781
185.55 0.00270542
185.56 -8.42123e-05
185.57 -0.00275499
185.58 -0.00522863
185.59 -0.00743486
185.6 -0.0093135
185.61 -0.0108162
185.62 -0.0119075
185.63 -0.0125328
185.64 -0.0127089
185.65 -0.0124576
185.66 -0.0118037
185.67 -0.0107842
185.68 -0.00944721
185.69 -0.00785033
185.7 -0.00605815
185.71 -0.00413558
185.72 -0.00217111
185.73 -0.000237852
185.74 0.0015957
185.75 0.00326637
185.76 0.0047184
185.77 0.00590517
185.78 0.0067907
185.79 0.00731689
185.8 0.00750548
185.81 0.00736069
185.82 0.00689877
185.83 0.00614753
185.84 0.00514529
185.85 0.00393942
185.86 0.00258365
185.87 0.00113778
185.88 -0.000322078
185.89 -0.00173215
185.9 -0.00303065
185.91 -0.00415999
185.92 -0.00506877
185.93 -0.00571361
185.94 -0.00605331
185.95 -0.00604574
185.96 -0.00570622
185.97 -0.00503845
185.98 -0.00405822
185.99 -0.00279286
186 -0.0012804
186.01 0.000431638
186.02 0.00229051
186.03 0.00422894
186.04 0.00617157
186.05 0.00805076
186.06 0.00979977
186.07 0.011355
186.08 0.0126582
186.09 0.013658
186.1 0.0142948
186.11 0.0145309
186.12 0.0143683
186.13 0.0138022
186.14 0.0128404
186.15 0.0115033
186.16 0.00982309
186.17 0.00784324
186.18 0.00560617
186.19 0.0031861
186.2 0.000662188
186.21 -0.0018929
186.22 -0.00440497
186.23 -0.00680053
186.24 -0.00900904
186.25 -0.010965
186.26 -0.0125844
186.27 -0.0138261
186.28 -0.0146632
186.29 -0.0150712
186.3 -0.0150377
186.31 -0.0145635
186.32 -0.0136619
186.33 -0.0123587
186.34 -0.0106652
186.35 -0.00865903
186.36 -0.00640565
186.37 -0.00397069
186.38 -0.00142465
186.39 0.00115916
186.4 0.00370674
186.41 0.00614554
186.42 0.00838364
186.43 0.0103686
186.44 0.0120476
186.45 0.0133755
186.46 0.0143176
186.47 0.0148504
186.48 0.0149621
186.49 0.0146505
186.5 0.0138927
186.51 0.0127547
186.52 0.0112724
186.53 0.00949037
186.54 0.00746085
186.55 0.00524197
186.56 0.00289605
186.57 0.00048791
186.58 -0.00190984
186.59 -0.0042296
186.6 -0.00641164
186.61 -0.00840129
186.62 -0.0101504
186.63 -0.0116183
186.64 -0.0127729
186.65 -0.0135812
186.66 -0.0140142
186.67 -0.0140952
186.68 -0.013832
186.69 -0.0132413
186.7 -0.0123479
186.71 -0.0111835
186.72 -0.00978591
186.73 -0.00819163
186.74 -0.00644997
186.75 -0.00462004
186.76 -0.00275006
186.77 -0.000887185
186.78 0.000923745
186.79 0.00264128
186.8 0.00422832
186.81 0.00564278
186.82 0.0068565
186.83 0.00785888
186.84 0.00863759
186.85 0.00918656
186.86 0.00950571
186.87 0.00960057
186.88 0.00948174
186.89 0.00915265
186.9 0.00864045
186.91 0.00797449
186.92 0.00717883
186.93 0.00627857
186.94 0.00529906
186.95 0.00426523
186.96 0.00320091
186.97 0.00212929
186.98 0.00107277
186.99 4.86615e-05
187 -0.000928471
187.01 -0.0018467
187.02 -0.0026967
187.03 -0.00347161
187.04 -0.00416678
187.05 -0.00477212
187.06 -0.00529298
187.07 -0.00573086
187.08 -0.00608703
187.09 -0.00636326
187.1 -0.00656153
187.11 -0.00668376
187.12 -0.00673162
187.13 -0.00669921
187.14 -0.00659476
187.15 -0.00641879
187.16 -0.00617151
187.17 -0.00585308
187.18 -0.00546375
187.19 -0.00500419
187.2 -0.00447496
187.21 -0.00387345
187.22 -0.00320961
187.23 -0.00248871
187.24 -0.0017177
187.25 -0.000905304
187.26 -6.20596e-05
187.27 0.000799694
187.28 0.00166566
187.29 0.0025178
187.3 0.00333904
187.31 0.00411174
187.32 0.00481803
187.33 0.00544021
187.34 0.00596136
187.35 0.00636581
187.36 0.00663468
187.37 0.00675101
187.38 0.00671562
187.39 0.00652386
187.4 0.00617474
187.41 0.00567107
187.42 0.00501959
187.43 0.00423095
187.44 0.00331466
187.45 0.00229087
187.46 0.00118788
187.47 3.00753e-05
187.48 -0.00115627
187.49 -0.00234358
187.5 -0.00350373
187.51 -0.0046088
187.52 -0.0056254
187.53 -0.00652681
187.54 -0.00729455
187.55 -0.00790982
187.56 -0.00835761
187.57 -0.00862722
187.58 -0.00871248
187.59 -0.00861208
187.6 -0.00831717
187.61 -0.00784523
187.62 -0.00721569
187.63 -0.0064466
187.64 -0.00555961
187.65 -0.00457936
187.66 -0.00353279
187.67 -0.00244835
187.68 -0.00135698
187.69 -0.000291161
187.7 0.000721238
187.71 0.00165435
187.72 0.00248495
187.73 0.00319307
187.74 0.00376253
187.75 0.00418138
187.76 0.00442688
187.77 0.00451086
187.78 0.00443735
187.79 0.00421388
187.8 0.0038522
187.81 0.00336784
187.82 0.00277963
187.83 0.00210873
187.84 0.00137599
187.85 0.000613863
187.86 -0.000152361
187.87 -0.000897831
187.88 -0.00159885
187.89 -0.00223354
187.9 -0.00278246
187.91 -0.00322707
187.92 -0.00354559
187.93 -0.00373835
187.94 -0.00380081
187.95 -0.0037324
187.96 -0.00353643
187.97 -0.00321993
187.98 -0.00279328
187.99 -0.00226755
188 -0.0016575
188.01 -0.00098825
188.02 -0.000279423
188.03 0.000448712
188.04 0.00117584
188.05 0.00188216
188.06 0.002549
188.07 0.00315623
188.08 0.0036858
188.09 0.00412921
188.1 0.0044771
188.11 0.00472302
188.12 0.00486344
188.13 0.00489772
188.14 0.00482802
188.15 0.00465419
188.16 0.00438513
188.17 0.00403508
188.18 0.0036151
188.19 0.00313741
188.2 0.00261492
188.21 0.00206088
188.22 0.00148846
188.23 0.000910837
188.24 0.000341437
188.25 -0.000208959
188.26 -0.000731017
188.27 -0.00121684
188.28 -0.00166005
188.29 -0.00205581
188.3 -0.00240074
188.31 -0.00268875
188.32 -0.00292207
188.33 -0.00310259
188.34 -0.00323174
188.35 -0.0033116
188.36 -0.00334462
188.37 -0.00333344
188.38 -0.00328074
188.39 -0.00318572
188.4 -0.0030538
188.41 -0.00288719
188.42 -0.00268725
188.43 -0.00245494
188.44 -0.00219092
188.45 -0.00189557
188.46 -0.0015692
188.47 -0.00120911
188.48 -0.000819116
188.49 -0.000400351
188.5 4.53935e-05
188.51 0.000515518
188.52 0.00100647
188.53 0.00151364
188.54 0.00203132
188.55 0.00255205
188.56 0.00306672
188.57 0.00356613
188.58 0.00404021
188.59 0.00447834
188.6 0.00486952
188.61 0.00520275
188.62 0.0054654
188.63 0.00564215
188.64 0.00572972
188.65 0.0057209
188.66 0.00561027
188.67 0.00539456
188.68 0.0050729
188.69 0.00464698
188.7 0.00411791
188.71 0.00349142
188.72 0.00278461
188.73 0.00201066
188.74 0.00118515
188.75 0.000325691
188.76 -0.000548419
188.77 -0.00141666
188.78 -0.00225541
188.79 -0.00304014
188.8 -0.00375167
188.81 -0.00437041
188.82 -0.00487851
188.83 -0.00526044
188.84 -0.00550348
188.85 -0.00559817
188.86 -0.00552936
188.87 -0.00529831
188.88 -0.00491466
188.89 -0.00438574
188.9 -0.00372296
188.91 -0.00294157
188.92 -0.00206038
188.93 -0.00110129
188.94 -8.69506e-05
188.95 0.000950648
188.96 0.00198201
188.97 0.00297874
188.98 0.00391287
188.99 0.00475757
189 0.00548794
189.01 0.00608169
189.02 0.00650554
189.03 0.00675383
189.04 0.00681974
189.05 0.00669847
189.06 0.00639023
189.07 0.00590032
189.08 0.00523902
189.09 0.00442146
189.1 0.00345643
189.11 0.00238254
189.12 0.0012283
189.13 2.39838e-05
189.14 -0.00119837
189.15 -0.00240583
189.16 -0.00356542
189.17 -0.00464433
189.18 -0.00559942
189.19 -0.00641177
189.2 -0.00705784
189.21 -0.00751829
189.22 -0.00777851
189.23 -0.00782905
189.24 -0.00766587
189.25 -0.00728684
189.26 -0.00668724
189.27 -0.00589851
189.28 -0.00493953
189.29 -0.00383367
189.3 -0.0026082
189.31 -0.00129359
189.32 7.729e-05
189.33 0.00146956
189.34 0.00284341
189.35 0.00416318
189.36 0.00539585
189.37 0.00651071
189.38 0.0074802
189.39 0.00828057
189.4 0.00889252
189.41 0.00929272
189.42 0.00946798
189.43 0.00942815
189.44 0.00917645
189.45 0.00872147
189.46 0.00807686
189.47 0.00726091
189.48 0.00629602
189.49 0.00520298
189.5 0.00401527
189.51 0.00276928
189.52 0.00149652
189.53 0.000228461
189.54 -0.00100437
189.55 -0.00217318
189.56 -0.00325166
189.57 -0.00420784
189.58 -0.0050241
189.59 -0.0056904
189.6 -0.00619718
189.61 -0.00653958
189.62 -0.00671746
189.63 -0.00673523
189.64 -0.00660164
189.65 -0.00631983
189.66 -0.00591563
189.67 -0.00541174
189.68 -0.00482957
189.69 -0.0041918
189.7 -0.00352157
189.71 -0.00284173
189.72 -0.00217418
189.73 -0.00154365
189.74 -0.00096673
189.75 -0.00045735
189.76 -2.6508e-05
189.77 0.000318381
189.78 0.000573628
189.79 0.00073928
189.8 0.00081897
189.81 0.000812897
189.82 0.00074041
189.83 0.000614728
189.84 0.000450935
189.85 0.000265363
189.86 7.49279e-05
189.87 -0.000103547
189.88 -0.000253455
189.89 -0.000355515
189.9 -0.000400419
189.91 -0.000378797
189.92 -0.000284345
189.93 -0.000114117
189.94 0.000131305
189.95 0.000447762
189.96 0.000828856
189.97 0.00126474
189.98 0.00173608
189.99 0.00222596
190 0.00271564
190.01 0.00318526
190.02 0.00361447
190.03 0.00398321
190.04 0.00426883
190.05 0.00444932
190.06 0.00451577
190.07 0.0044571
190.08 0.00426589
190.09 0.00393873
190.1 0.00347654
190.11 0.00288462
190.12 0.00216762
190.13 0.00134145
190.14 0.000431191
190.15 -0.000541027
190.16 -0.00155032
190.17 -0.00256976
190.18 -0.00357113
190.19 -0.00452578
190.2 -0.00539925
190.21 -0.00616294
190.22 -0.00679594
190.23 -0.00727726
190.24 -0.00758978
190.25 -0.00772077
190.26 -0.00766241
190.27 -0.00741207
190.28 -0.00695945
190.29 -0.00632262
190.3 -0.00552169
190.31 -0.00457606
190.32 -0.00350943
190.33 -0.00234914
190.34 -0.00112538
190.35 0.000129599
190.36 0.00137941
190.37 0.00258748
190.38 0.00372165
190.39 0.00475172
190.4 0.00565042
190.41 0.00639421
190.42 0.00696398
190.43 0.00734558
190.44 0.00751103
190.45 0.00747589
190.46 0.0072452
190.47 0.00682856
190.48 0.0062408
190.49 0.00550152
190.5 0.00463447
190.51 0.00366636
190.52 0.00262402
190.53 0.00154809
190.54 0.000470564
190.55 -0.000577173
190.56 -0.00156529
190.57 -0.00246641
190.58 -0.00325645
190.59 -0.00391253
190.6 -0.00440861
190.61 -0.00474658
190.62 -0.0049226
190.63 -0.00493818
190.64 -0.00480011
190.65 -0.00452012
190.66 -0.00411446
190.67 -0.00360083
190.68 -0.00300249
190.69 -0.00235282
190.7 -0.00167924
190.71 -0.00100943
190.72 -0.00037043
190.73 0.000212299
190.74 0.000715703
190.75 0.00111497
190.76 0.00139073
190.77 0.00153846
190.78 0.00155253
190.79 0.00143224
190.8 0.00118187
190.81 0.000810481
190.82 0.000331596
190.83 -0.000241044
190.84 -0.000882767
190.85 -0.00156559
190.86 -0.00226412
190.87 -0.00295231
190.88 -0.00360443
190.89 -0.00419592
190.9 -0.00470426
190.91 -0.00510182
190.92 -0.00537439
190.93 -0.00551467
190.94 -0.00551629
190.95 -0.00537769
190.96 -0.0051022
190.97 -0.00469787
190.98 -0.0041772
190.99 -0.00355052
191 -0.00284594
191.01 -0.00208893
191.02 -0.00130441
191.03 -0.000518126
191.04 0.000244299
191.05 0.000958242
191.06 0.00160097
191.07 0.00214269
191.08 0.00257317
191.09 0.00288197
191.1 0.00306222
191.11 0.00311187
191.12 0.00303382
191.13 0.0028358
191.14 0.00253001
191.15 0.00212593
191.16 0.00165488
191.17 0.00114033
191.18 0.000607475
191.19 8.24288e-05
191.2 -0.000408799
191.21 -0.000841233
191.22 -0.00119053
191.23 -0.00142709
191.24 -0.001543
191.25 -0.00152733
191.26 -0.00137407
191.27 -0.00108251
191.28 -0.000657333
191.29 -0.000108578
191.3 0.000550777
191.31 0.00130259
191.32 0.00211395
191.33 0.00295691
191.34 0.00380134
191.35 0.00461586
191.36 0.00536896
191.37 0.00603003
191.38 0.00656497
191.39 0.00694139
191.4 0.00714675
191.41 0.00716546
191.42 0.00698751
191.43 0.00660894
191.44 0.00603209
191.45 0.00526567
191.46 0.00431718
191.47 0.00321053
191.48 0.00198216
191.49 0.000663898
191.5 -0.000708964
191.51 -0.00209868
191.52 -0.00346617
191.53 -0.00477221
191.54 -0.00597031
191.55 -0.0070225
191.56 -0.00790143
191.57 -0.00858021
191.58 -0.0090374
191.59 -0.00925774
191.6 -0.00923267
191.61 -0.00896057
191.62 -0.00843029
191.63 -0.00766736
191.64 -0.00669922
191.65 -0.00555229
191.66 -0.00425809
191.67 -0.00285229
191.68 -0.00137366
191.69 0.000137032
191.7 0.00163395
191.71 0.00307285
191.72 0.00441521
191.73 0.0056254
191.74 0.00667189
191.75 0.00752818
191.76 0.00817346
191.77 0.00859319
191.78 0.00875677
191.79 0.00868558
191.8 0.00838785
191.81 0.00787702
191.82 0.00717228
191.83 0.00629798
191.84 0.00528272
191.85 0.00415792
191.86 0.00295518
191.87 0.00171983
191.88 0.000487377
191.89 -0.000707914
191.9 -0.00183396
191.91 -0.00286178
191.92 -0.00376628
191.93 -0.00452377
191.94 -0.00510748
191.95 -0.00552053
191.96 -0.00575939
191.97 -0.00582584
191.98 -0.0057267
191.99 -0.0054734
192 -0.00508142
192.01 -0.00456658
192.02 -0.00394939
192.03 -0.00326155
192.04 -0.00252726
192.05 -0.00177057
192.06 -0.00101456
192.07 -0.000280602
192.08 0.000412273
192.09 0.00104486
192.1 0.00160206
192.11 0.00207894
192.12 0.00247085
192.13 0.00277676
192.14 0.00299911
192.15 0.00314344
192.16 0.00321802
192.17 0.00323073
192.18 0.0031959
192.19 0.00312938
192.2 0.00304449
192.21 0.00295407
192.22 0.00286995
192.23 0.00280236
192.24 0.00275956
192.25 0.00274975
192.26 0.00277525
192.27 0.00283501
192.28 0.00292642
192.29 0.00304441
192.3 0.00318173
192.31 0.00332932
192.32 0.00347673
192.33 0.00361086
192.34 0.00371955
192.35 0.0037919
192.36 0.00381772
192.37 0.00378823
192.38 0.0036966
192.39 0.00353823
192.4 0.00331107
192.41 0.00300991
192.42 0.00264441
192.43 0.00222204
192.44 0.00175194
192.45 0.00124539
192.46 0.000715344
192.47 0.000175975
192.48 -0.000357858
192.49 -0.000867781
192.5 -0.00134047
192.51 -0.00176306
192.52 -0.00212448
192.53 -0.00241591
192.54 -0.00263119
192.55 -0.00276707
192.56 -0.00282233
192.57 -0.00279488
192.58 -0.00269837
192.59 -0.00254218
192.6 -0.00233801
192.61 -0.00209945
192.62 -0.00184135
192.63 -0.00157923
192.64 -0.00132929
192.65 -0.00110926
192.66 -0.000931017
192.67 -0.000805331
192.68 -0.000740213
192.69 -0.000740492
192.7 -0.000807483
192.71 -0.000938792
192.72 -0.00113005
192.73 -0.00137104
192.74 -0.00164415
192.75 -0.0019326
192.76 -0.00221736
192.77 -0.00247791
192.78 -0.00269297
192.79 -0.00284142
192.8 -0.00289794
192.81 -0.002842
192.82 -0.00266378
192.83 -0.00235261
192.84 -0.00190236
192.85 -0.00131188
192.86 -0.000585456
192.87 0.000267057
192.88 0.00123566
192.89 0.0022938
192.9 0.0034102
192.91 0.00455375
192.92 0.00569007
192.93 0.00678241
192.94 0.00779281
192.95 0.00868331
192.96 0.00940312
192.97 0.00992185
192.98 0.0102147
192.99 0.0102576
193 0.0100326
193.01 0.00952901
193.02 0.00874368
193.03 0.0076816
193.04 0.0063355
193.05 0.00474855
193.06 0.0029562
193.07 0.000996685
193.08 -0.00108562
193.09 -0.00324138
193.1 -0.00541758
193.11 -0.00755899
193.12 -0.00959557
193.13 -0.0114765
193.14 -0.013151
193.15 -0.0145723
193.16 -0.0156998
193.17 -0.0165004
193.18 -0.0169492
193.19 -0.0170279
193.2 -0.0166994
193.21 -0.0160052
193.22 -0.0149627
193.23 -0.0135986
193.24 -0.0119488
193.25 -0.010057
193.26 -0.00797379
193.27 -0.00575351
193.28 -0.00345802
193.29 -0.00115918
193.3 0.00108184
193.31 0.00320607
193.32 0.00515851
193.33 0.00688969
193.34 0.00835721
193.35 0.00951663
193.36 0.010329
193.37 0.0108031
193.38 0.0109367
193.39 0.0107384
193.4 0.0102264
193.41 0.0094283
193.42 0.00838007
193.43 0.00711801
193.44 0.00569565
193.45 0.00417802
193.46 0.00262035
193.47 0.00107785
193.48 -0.000396155
193.49 -0.00175188
193.5 -0.00294473
193.51 -0.00392383
193.52 -0.0046583
193.53 -0.00513849
193.54 -0.00535485
193.55 -0.00530763
193.56 -0.00500666
193.57 -0.00447105
193.58 -0.00372835
193.59 -0.00280488
193.6 -0.00175333
193.61 -0.000626141
193.62 0.000527302
193.63 0.00165683
193.64 0.00271325
193.65 0.00365012
193.66 0.00442535
193.67 0.00498478
193.68 0.00530921
193.69 0.00538472
193.7 0.00520225
193.71 0.0047624
193.72 0.00407543
193.73 0.00316104
193.74 0.00204774
193.75 0.000761048
193.76 -0.000637727
193.77 -0.00209765
193.78 -0.00356619
193.79 -0.00498946
193.8 -0.00631407
193.81 -0.00748892
193.82 -0.00846657
193.83 -0.00917926
193.84 -0.00961549
193.85 -0.00975232
193.86 -0.00957655
193.87 -0.00908535
193.88 -0.00828645
193.89 -0.00719812
193.9 -0.00584558
193.91 -0.00425517
193.92 -0.00249682
193.93 -0.00062454
193.94 0.00130295
193.95 0.00322405
193.96 0.00507621
193.97 0.0067979
193.98 0.00832423
193.99 0.00958407
194 0.0105474
194.01 0.011178
194.02 0.0114494
194.03 0.011346
194.04 0.0108636
194.05 0.0100097
194.06 0.00879116
194.07 0.00723505
194.08 0.0054062
194.09 0.00335606
194.1 0.00114328
194.11 -0.00116796
194.12 -0.00350989
194.13 -0.00581315
194.14 -0.00800001
194.15 -0.00999535
194.16 -0.0117448
194.17 -0.013195
194.18 -0.0143008
194.19 -0.015027
194.2 -0.0153492
194.21 -0.0152545
194.22 -0.0147167
194.23 -0.0137591
194.24 -0.0124234
194.25 -0.0107455
194.26 -0.0087706
194.27 -0.00655223
194.28 -0.00415035
194.29 -0.00162974
194.3 0.000940542
194.31 0.00348209
194.32 0.0059269
194.33 0.0082117
194.34 0.0102785
194.35 0.0120761
194.36 0.0135616
194.37 0.0147014
194.38 0.0154391
194.39 0.0157883
194.4 0.0157553
194.41 0.0153512
194.42 0.0145969
194.43 0.0135226
194.44 0.0121665
194.45 0.0105735
194.46 0.00878088
194.47 0.00686526
194.48 0.00488341
194.49 0.00289136
194.5 0.000943424
194.51 -0.000909326
194.52 -0.00262044
194.53 -0.00414746
194.54 -0.00543548
194.55 -0.00647782
194.56 -0.00725836
194.57 -0.0077693
194.58 -0.00801104
194.59 -0.00799183
194.6 -0.00772722
194.61 -0.00723534
194.62 -0.00653563
194.63 -0.00567886
194.64 -0.004701
194.65 -0.00363967
194.66 -0.00253301
194.67 -0.00141839
194.68 -0.000331327
194.69 0.000692584
194.7 0.00161815
194.71 0.00242664
194.72 0.00309996
194.73 0.0036254
194.74 0.00399574
194.75 0.00420917
194.76 0.00426901
194.77 0.00417745
194.78 0.00394708
194.79 0.00360258
194.8 0.0031629
194.81 0.00264872
194.82 0.00208159
194.83 0.0014832
194.84 0.000874559
194.85 0.000276958
194.86 -0.000289921
194.87 -0.000811879
194.88 -0.00127698
194.89 -0.00167629
194.9 -0.0020039
194.91 -0.00225687
194.92 -0.00243506
194.93 -0.00253622
194.94 -0.00256816
194.95 -0.00253979
194.96 -0.00245873
194.97 -0.00233317
194.98 -0.00217143
194.99 -0.00198153
195 -0.00177073
195.01 -0.00154452
195.02 -0.00130898
195.03 -0.00106756
195.04 -0.000821887
195.05 -0.000572197
195.06 -0.000317434
195.07 -5.55079e-05
195.08 0.00021641
195.09 0.000503049
195.1 0.000806777
195.11 0.00113011
195.12 0.0014748
195.13 0.00184137
195.14 0.0022288
195.15 0.00263432
195.16 0.00305326
195.17 0.00347878
195.18 0.00390064
195.19 0.00430817
195.2 0.00468926
195.21 0.00503079
195.22 0.00531899
195.23 0.00554006
195.24 0.00567925
195.25 0.00571634
195.26 0.00564831
195.27 0.00546726
195.28 0.00516812
195.29 0.00474905
195.3 0.00421172
195.31 0.00356158
195.32 0.00280553
195.33 0.00195426
195.34 0.00103289
195.35 6.20993e-05
195.36 -0.000934787
195.37 -0.00193236
195.38 -0.00290385
195.39 -0.0038219
195.4 -0.00465521
195.41 -0.00537209
195.42 -0.0059544
195.43 -0.00638174
195.44 -0.00663746
195.45 -0.00670927
195.46 -0.00658983
195.47 -0.00627712
195.48 -0.00576557
195.49 -0.00506627
195.5 -0.00420478
195.51 -0.00320219
195.52 -0.00208415
195.53 -0.000880255
195.54 0.00037675
195.55 0.00165188
195.56 0.00290544
195.57 0.00409701
195.58 0.00519241
195.59 0.00615884
195.6 0.00696677
195.61 0.00759088
195.62 0.00801087
195.63 0.00821213
195.64 0.00816923
195.65 0.00789187
195.66 0.00739263
195.67 0.00668449
195.68 0.0057866
195.69 0.00472379
195.7 0.00352592
195.71 0.00222695
195.72 0.000861973
195.73 -0.000521195
195.74 -0.0018815
195.75 -0.00317937
195.76 -0.00437704
195.77 -0.00543963
195.78 -0.0063362
195.79 -0.0070407
195.8 -0.00751051
195.81 -0.00775172
195.82 -0.00775937
195.83 -0.00753485
195.84 -0.00708647
195.85 -0.00642923
195.86 -0.00558443
195.87 -0.00457784
195.88 -0.00343425
195.89 -0.00220446
195.9 -0.000927358
195.91 0.000356802
195.92 0.00160765
195.93 0.00278585
195.94 0.00385431
195.95 0.00477563
195.96 0.00550724
195.97 0.00603831
195.98 0.00635213
195.99 0.00643852
196 0.00629418
196.01 0.00592272
196.02 0.00533458
196.03 0.00454097
196.04 0.00356201
196.05 0.00244062
196.06 0.00121045
196.07 -9.16462e-05
196.08 -0.00142665
196.09 -0.00275455
196.1 -0.00403548
196.11 -0.00522534
196.12 -0.00628218
196.13 -0.00717947
196.14 -0.00789018
196.15 -0.00839263
196.16 -0.00867113
196.17 -0.0087164
196.18 -0.00852578
196.19 -0.00809088
196.2 -0.00742742
196.21 -0.00656415
196.22 -0.00552508
196.23 -0.00433917
196.24 -0.00303946
196.25 -0.00166222
196.26 -0.00024588
196.27 0.00116714
196.28 0.0025327
196.29 0.00381284
196.3 0.00497175
196.31 0.00597689
196.32 0.00679989
196.33 0.00741724
196.34 0.00781091
196.35 0.00794936
196.36 0.00784122
196.37 0.0074935
196.38 0.00691455
196.39 0.00611874
196.4 0.00512608
196.41 0.00396164
196.42 0.00265491
196.43 0.00123233
196.44 -0.000257405
196.45 -0.00177527
196.46 -0.00328255
196.47 -0.00474084
196.48 -0.00611302
196.49 -0.00736417
196.5 -0.00846182
196.51 -0.00935821
196.52 -0.0100465
196.53 -0.0105094
196.54 -0.0107352
196.55 -0.010718
196.56 -0.0104576
196.57 -0.0099597
196.58 -0.00923268
196.59 -0.00828075
196.6 -0.007146
196.61 -0.00585536
196.62 -0.00443928
196.63 -0.00293094
196.64 -0.00136547
196.65 0.000220921
196.66 0.00179036
196.67 0.00330054
196.68 0.00471927
196.69 0.0060153
196.7 0.00716063
196.71 0.0081311
196.72 0.00890695
196.73 0.00947328
196.74 0.00981156
196.75 0.00991226
196.76 0.00979135
196.77 0.00945634
196.78 0.00891971
196.79 0.00819859
196.8 0.00731425
196.81 0.00629156
196.82 0.00515425
196.83 0.00393667
196.84 0.00267574
196.85 0.00140335
196.86 0.000150913
196.87 -0.00105144
196.88 -0.00217564
196.89 -0.00319634
196.9 -0.00408258
196.91 -0.00481785
196.92 -0.00539461
196.93 -0.00580514
196.94 -0.00604661
196.95 -0.00612106
196.96 -0.00603531
196.97 -0.00580069
196.98 -0.00542413
196.99 -0.00493369
197 -0.00435553
197.01 -0.00371439
197.02 -0.00303633
197.03 -0.0023479
197.04 -0.00167533
197.05 -0.0010437
197.06 -0.00048348
197.07 -1.19621e-05
197.08 0.00035564
197.09 0.000607146
197.1 0.000734772
197.11 0.000735384
197.12 0.000610605
197.13 0.000366779
197.14 5.60498e-06
197.15 -0.000445511
197.16 -0.000966714
197.17 -0.00153553
197.18 -0.00212733
197.19 -0.00271615
197.2 -0.00327554
197.21 -0.00377876
197.22 -0.00419213
197.23 -0.00449944
197.24 -0.00468224
197.25 -0.00472603
197.26 -0.00462082
197.27 -0.00436162
197.28 -0.00394866
197.29 -0.00338465
197.3 -0.00267428
197.31 -0.00184645
197.32 -0.000922791
197.33 7.12233e-05
197.34 0.00110704
197.35 0.0021539
197.36 0.00317983
197.37 0.00414983
197.38 0.00502606
197.39 0.00578386
197.4 0.00639792
197.41 0.00684711
197.42 0.00711528
197.43 0.00719193
197.44 0.00707266
197.45 0.00675113
197.46 0.00623579
197.47 0.00555386
197.48 0.00472753
197.49 0.0037842
197.5 0.00275571
197.51 0.0016773
197.52 0.000586556
197.53 -0.000474016
197.54 -0.00146141
197.55 -0.0023406
197.56 -0.00307828
197.57 -0.00364548
197.58 -0.0040186
197.59 -0.00418039
197.6 -0.00412062
197.61 -0.00382152
197.62 -0.00329836
197.63 -0.00257333
197.64 -0.00166887
197.65 -0.000614294
197.66 0.00055502
197.67 0.00179869
197.68 0.00307257
197.69 0.00432495
197.7 0.00550465
197.71 0.00656608
197.72 0.00746598
197.73 0.00816547
197.74 0.00863144
197.75 0.00883784
197.76 0.00876674
197.77 0.00838263
197.78 0.00771206
197.79 0.00677023
197.8 0.00557959
197.81 0.0041717
197.82 0.0025865
197.83 0.000871157
197.84 -0.00092126
197.85 -0.00272895
197.86 -0.00448505
197.87 -0.00612919
197.88 -0.00760288
197.89 -0.00885148
197.9 -0.00982606
197.91 -0.0104852
197.92 -0.0107906
197.93 -0.0106931
197.94 -0.0102151
197.95 -0.00936088
197.96 -0.00814688
197.97 -0.00660168
197.98 -0.00476525
197.99 -0.002688
198 -0.000426433
198.01 0.00194902
198.02 0.00435224
198.03 0.00670704
198.04 0.00893689
198.05 0.0109673
198.06 0.012728
198.07 0.0141558
198.08 0.0151787
198.09 0.0157393
198.1 0.0158336
198.11 0.0154473
198.12 0.0145803
198.13 0.0132477
198.14 0.0114788
198.15 0.00931717
198.16 0.0068056
198.17 0.00402304
198.18 0.00106514
198.19 -0.00198221
198.2 -0.00502901
198.21 -0.00798387
198.22 -0.0107567
198.23 -0.0132617
198.24 -0.015393
198.25 -0.0170827
198.26 -0.0182894
198.27 -0.018972
198.28 -0.0191046
198.29 -0.0186777
198.3 -0.0176986
198.31 -0.016191
198.32 -0.0141623
198.33 -0.0116998
198.34 -0.00888742
198.35 -0.00580747
198.36 -0.00255065
198.37 0.000786632
198.38 0.00410509
198.39 0.00730558
198.4 0.0102656
198.41 0.0129035
198.42 0.0151445
198.43 0.0169221
198.44 0.0181844
198.45 0.0188947
198.46 0.0190333
198.47 0.018598
198.48 0.0175518
198.49 0.0159867
198.5 0.013956
198.51 0.0115256
198.52 0.00877348
198.53 0.00578718
198.54 0.00266094
198.55 -0.000506507
198.56 -0.0036012
198.57 -0.00652545
198.58 -0.00919
198.59 -0.0115145
198.6 -0.0134301
198.61 -0.0148814
198.62 -0.0158282
198.63 -0.0162349
198.64 -0.0160654
198.65 -0.0153764
198.66 -0.0141993
198.67 -0.0125808
198.68 -0.0105812
198.69 -0.00827293
198.7 -0.00573751
198.71 -0.00306191
198.72 -0.000348181
198.73 0.00230281
198.74 0.00480184
198.75 0.00706575
198.76 0.00902012
198.77 0.0106017
198.78 0.0117603
198.79 0.0124387
198.8 0.0126123
198.81 0.0123079
198.82 0.0115427
198.83 0.0103497
198.84 0.00877642
198.85 0.00688295
198.86 0.00474021
198.87 0.00242266
198.88 2.87965e-05
198.89 -0.00234696
198.9 -0.00461832
198.91 -0.0067031
198.92 -0.00852598
198.93 -0.0100211
198.94 -0.0111342
198.95 -0.0117932
198.96 -0.0119878
198.97 -0.0117256
198.98 -0.0110166
198.99 -0.00988663
199 -0.00837651
199.01 -0.00654049
199.02 -0.00444453
199.03 -0.00215586
199.04 0.000222566
199.05 0.00260038
199.06 0.00489037
199.07 0.00700797
199.08 0.00887412
199.09 0.010418
199.1 0.0115794
199.11 0.0122677
199.12 0.0124863
199.13 0.0122256
199.14 0.0114885
199.15 0.0102947
199.16 0.00867941
199.17 0.00669261
199.18 0.00439651
199.19 0.00185223
199.2 -0.000826786
199.21 -0.00355069
199.22 -0.0062274
199.23 -0.00876561
199.24 -0.0110778
199.25 -0.0130832
199.26 -0.014703
199.27 -0.0158422
199.28 -0.0164918
199.29 -0.0166251
199.3 -0.0162322
199.31 -0.0153202
199.32 -0.0139128
199.33 -0.0120499
199.34 -0.00977721
199.35 -0.0071571
199.36 -0.00429953
199.37 -0.00129349
199.38 0.00176711
199.39 0.00478646
199.4 0.00766988
199.41 0.0103268
199.42 0.0126581
199.43 0.0145737
199.44 0.0160348
199.45 0.0169972
199.46 0.0174325
199.47 0.0173289
199.48 0.0166915
199.49 0.0155418
199.5 0.0138956
199.51 0.0118155
199.52 0.00939237
199.53 0.00670432
199.54 0.00383685
199.55 0.000880255
199.56 -0.00207328
199.57 -0.00493264
199.58 -0.00759375
199.59 -0.00997238
199.6 -0.0120071
199.61 -0.0136414
199.62 -0.0148319
199.63 -0.0155505
199.64 -0.0157841
199.65 -0.0155357
199.66 -0.0147909
199.67 -0.0136116
199.68 -0.0120587
199.69 -0.0101926
199.7 -0.00808254
199.71 -0.00580419
199.72 -0.00343734
199.73 -0.001063
199.74 0.00122622
199.75 0.0033539
199.76 0.00525423
199.77 0.00686958
199.78 0.00815336
199.79 0.00907143
199.8 0.00960301
199.81 0.00974122
199.82 0.0094566
199.83 0.00881147
199.84 0.0078423
199.85 0.00659567
199.86 0.00512713
199.87 0.00349911
199.88 0.00177868
199.89 3.56586e-05
199.9 -0.00165004
199.91 -0.00321216
199.92 -0.00459106
199.93 -0.00573477
199.94 -0.00660074
199.95 -0.00715722
199.96 -0.00738433
199.97 -0.00726724
199.98 -0.00679444
199.99 -0.00601309
200 -0.0049551
