0	0
0.01	-0.00557
0.02	-0.01114
0.03	-0.01671
0.04	-0.02228
0.05	-0.02784
0.06	-0.0334
0.07	-0.03895
0.08	-0.0445
0.09	-0.05004
0.1	-0.05557
0.11	-0.0611
0.12	-0.06661
0.13	-0.07212
0.14	-0.07762
0.15	-0.0831
0.16	-0.08857
0.17	-0.09403
0.18	-0.09947
0.19	-0.1049
0.2	-0.11031
0.21	-0.11571
0.22	-0.12109
0.23	-0.12645
0.24	-0.13179
0.25	-0.13711
0.26	-0.1424
0.27	-0.14768
0.28	-0.15294
0.29	-0.15817
0.3	-0.16337
0.31	-0.16856
0.32	-0.17371
0.33	-0.17884
0.34	-0.18394
0.35	-0.18901
0.36	-0.19406
0.37	-0.19907
0.38	-0.20405
0.39	-0.209
0.4	-0.21392
0.41	-0.21881
0.42	-0.22366
0.43	-0.22847
0.44	-0.23325
0.45	-0.23799
0.46	-0.2427
0.47	-0.24737
0.48	-0.252
0.49	-0.25658
0.5	-0.26113
0.51	-0.26564
0.52	-0.27011
0.53	-0.27453
0.54	-0.27891
0.55	-0.28324
0.56	-0.28753
0.57	-0.29178
0.58	-0.29598
0.59	-0.30013
0.6	-0.30424
0.61	-0.3083
0.62	-0.31231
0.63	-0.31627
0.64	-0.32018
0.65	-0.32403
0.66	-0.32784
0.67	-0.33159
0.68	-0.33529
0.69	-0.33894
0.7	-0.34253
0.71	-0.34606
0.72	-0.34954
0.73	-0.35295
0.74	-0.35631
0.75	-0.3596
0.76	-0.36284
0.77	-0.366
0.78	-0.3691
0.79	-0.37214
0.8	-0.3751
0.81	-0.37799
0.82	-0.38081
0.83	-0.38355
0.84	-0.38622
0.85	-0.3888
0.86	-0.3913
0.87	-0.39372
0.88	-0.39605
0.89	-0.39829
0.9	-0.40044
0.91	-0.4025
0.92	-0.40447
0.93	-0.40634
0.94	-0.40812
0.95	-0.4098
0.96	-0.41138
0.97	-0.41287
0.98	-0.41426
0.99	-0.41556
1	-0.41677
1.01	-0.41789
1.02	-0.41893
1.03	-0.4199
1.04	-0.42078
1.05	-0.42161
1.06	-0.42237
1.07	-0.42308
1.08	-0.42375
1.09	-0.42438
1.1	-0.42499
1.11	-0.42559
1.12	-0.42619
1.13	-0.42681
1.14	-0.42744
1.15	-0.42812
1.16	-0.42884
1.17	-0.42962
1.18	-0.43048
1.19	-0.43143
1.2	-0.43247
1.21	-0.43362
1.22	-0.43489
1.23	-0.43628
1.24	-0.43781
1.25	-0.43947
1.26	-0.44128
1.27	-0.44324
1.28	-0.44535
1.29	-0.4476
1.3	-0.45001
1.31	-0.45255
1.32	-0.45523
1.33	-0.45804
1.34	-0.46097
1.35	-0.46401
1.36	-0.46714
1.37	-0.47036
1.38	-0.47364
1.39	-0.47698
1.4	-0.48035
1.41	-0.48373
1.42	-0.4871
1.43	-0.49045
1.44	-0.49376
1.45	-0.497
1.46	-0.50016
1.47	-0.5032
1.48	-0.50613
1.49	-0.50891
1.5	-0.51152
1.51	-0.51395
1.52	-0.51618
1.53	-0.51819
1.54	-0.51996
1.55	-0.52149
1.56	-0.52276
1.57	-0.52375
1.58	-0.52446
1.59	-0.52486
1.6	-0.52496
1.61	-0.52474
1.62	-0.52419
1.63	-0.52331
1.64	-0.52209
1.65	-0.52053
1.66	-0.51861
1.67	-0.51634
1.68	-0.5137
1.69	-0.51071
1.7	-0.50734
1.71	-0.5036
1.72	-0.49949
1.73	-0.49501
1.74	-0.49014
1.75	-0.48489
1.76	-0.47925
1.77	-0.47322
1.78	-0.4668
1.79	-0.45998
1.8	-0.45276
1.81	-0.44513
1.82	-0.43709
1.83	-0.42864
1.84	-0.41977
1.85	-0.41047
1.86	-0.40073
1.87	-0.39056
1.88	-0.37995
1.89	-0.36888
1.9	-0.35736
1.91	-0.34538
1.92	-0.33294
1.93	-0.32003
1.94	-0.30665
1.95	-0.2928
1.96	-0.27848
1.97	-0.26369
1.98	-0.24843
1.99	-0.23272
2	-0.21657
2.01	-0.19998
2.02	-0.18297
2.03	-0.16556
2.04	-0.14778
2.05	-0.12965
2.06	-0.11121
2.07	-0.09249
2.08	-0.07354
2.09	-0.0544
2.1	-0.03512
2.11	-0.01576
2.12	0.00362
2.13	0.02296
2.14	0.04218
2.15	0.06122
2.16	0.08
2.17	0.09843
2.18	0.11645
2.19	0.13396
2.2	0.15088
2.21	0.16713
2.22	0.18263
2.23	0.19729
2.24	0.21104
2.25	0.22381
2.26	0.23551
2.27	0.2461
2.28	0.2555
2.29	0.26366
2.3	0.27055
2.31	0.27611
2.32	0.28033
2.33	0.28318
2.34	0.28466
2.35	0.28476
2.36	0.28349
2.37	0.28086
2.38	0.27692
2.39	0.27169
2.4	0.26521
2.41	0.25755
2.42	0.24877
2.43	0.23893
2.44	0.22811
2.45	0.21638
2.46	0.20384
2.47	0.19058
2.48	0.17667
2.49	0.16222
2.5	0.14733
2.51	0.13208
2.52	0.11657
2.53	0.10089
2.54	0.08514
2.55	0.0694
2.56	0.05376
2.57	0.0383
2.58	0.02309
2.59	0.00821
2.6	-0.00628
2.61	-0.0203
2.62	-0.0338
2.63	-0.04673
2.64	-0.05904
2.65	-0.07068
2.66	-0.08161
2.67	-0.0918
2.68	-0.10121
2.69	-0.10981
2.7	-0.11758
2.71	-0.1245
2.72	-0.13055
2.73	-0.1357
2.74	-0.13995
2.75	-0.14328
2.76	-0.14569
2.77	-0.14715
2.78	-0.14767
2.79	-0.14724
2.8	-0.14585
2.81	-0.1435
2.82	-0.14019
2.83	-0.13592
2.84	-0.13067
2.85	-0.12447
2.86	-0.11731
2.87	-0.10919
2.88	-0.10012
2.89	-0.09011
2.9	-0.07917
2.91	-0.06732
2.92	-0.05458
2.93	-0.04095
2.94	-0.02647
2.95	-0.01115
2.96	0.00496
2.97	0.02184
2.98	0.03945
2.99	0.05774
3	0.07669
3.01	0.09622
3.02	0.11631
3.03	0.13688
3.04	0.15788
3.05	0.17924
3.06	0.20091
3.07	0.22281
3.08	0.24487
3.09	0.26703
3.1	0.2892
3.11	0.31131
3.12	0.33329
3.13	0.35506
3.14	0.37655
3.15	0.39767
3.16	0.41836
3.17	0.43853
3.18	0.45813
3.19	0.47708
3.2	0.49531
3.21	0.51276
3.22	0.52937
3.23	0.54508
3.24	0.55984
3.25	0.5736
3.26	0.58631
3.27	0.59792
3.28	0.60841
3.29	0.61774
3.3	0.62589
3.31	0.63281
3.32	0.63851
3.33	0.64296
3.34	0.64616
3.35	0.6481
3.36	0.64879
3.37	0.64823
3.38	0.64643
3.39	0.64342
3.4	0.63922
3.41	0.63385
3.42	0.62735
3.43	0.61977
3.44	0.61115
3.45	0.60153
3.46	0.59099
3.47	0.57958
3.48	0.56736
3.49	0.55442
3.5	0.54082
3.51	0.52664
3.52	0.51198
3.53	0.49692
3.54	0.48154
3.55	0.46594
3.56	0.45021
3.57	0.43444
3.58	0.41874
3.59	0.4032
3.6	0.3879
3.61	0.37295
3.62	0.35843
3.63	0.34443
3.64	0.33104
3.65	0.31833
3.66	0.30638
3.67	0.29527
3.68	0.28506
3.69	0.27581
3.7	0.26758
3.71	0.26041
3.72	0.25434
3.73	0.24941
3.74	0.24565
3.75	0.24307
3.76	0.24168
3.77	0.24149
3.78	0.2425
3.79	0.24468
3.8	0.24803
3.81	0.25251
3.82	0.25809
3.83	0.26472
3.84	0.27237
3.85	0.28097
3.86	0.29047
3.87	0.3008
3.88	0.31188
3.89	0.32366
3.9	0.33603
3.91	0.34894
3.92	0.36229
3.93	0.37599
3.94	0.38997
3.95	0.40414
3.96	0.41841
3.97	0.4327
3.98	0.44692
3.99	0.461
4	0.47486
4.01	0.48842
4.02	0.50162
4.03	0.51439
4.04	0.52667
4.05	0.53841
4.06	0.54954
4.07	0.56003
4.08	0.56983
4.09	0.5789
4.1	0.58722
4.11	0.59475
4.12	0.60147
4.13	0.60736
4.14	0.61241
4.15	0.61659
4.16	0.61991
4.17	0.62236
4.18	0.62393
4.19	0.62462
4.2	0.62443
4.21	0.62336
4.22	0.62142
4.23	0.61862
4.24	0.61495
4.25	0.61044
4.26	0.60508
4.27	0.5989
4.28	0.59189
4.29	0.58409
4.3	0.5755
4.31	0.56614
4.32	0.55603
4.33	0.54519
4.34	0.53365
4.35	0.52143
4.36	0.50857
4.37	0.49509
4.38	0.48103
4.39	0.46643
4.4	0.45133
4.41	0.43577
4.42	0.41981
4.43	0.40349
4.44	0.38687
4.45	0.37001
4.46	0.35296
4.47	0.33578
4.48	0.31855
4.49	0.30132
4.5	0.28416
4.51	0.26714
4.52	0.25033
4.53	0.2338
4.54	0.2176
4.55	0.20182
4.56	0.1865
4.57	0.17171
4.58	0.1575
4.59	0.14393
4.6	0.13105
4.61	0.11888
4.62	0.10748
4.63	0.09686
4.64	0.08704
4.65	0.07804
4.66	0.06986
4.67	0.06248
4.68	0.05591
4.69	0.0501
4.7	0.04503
4.71	0.04065
4.72	0.03691
4.73	0.03374
4.74	0.03107
4.75	0.02882
4.76	0.02691
4.77	0.02522
4.78	0.02367
4.79	0.02215
4.8	0.02054
4.81	0.01873
4.82	0.0166
4.83	0.01404
4.84	0.01093
4.85	0.00715
4.86	0.0026
4.87	-0.00283
4.88	-0.00924
4.89	-0.01672
4.9	-0.02536
4.91	-0.03522
4.92	-0.04638
4.93	-0.05889
4.94	-0.07277
4.95	-0.08807
4.96	-0.10479
4.97	-0.12293
4.98	-0.14248
4.99	-0.16342
5	-0.18569
5.01	-0.20926
5.02	-0.23404
5.03	-0.25998
5.04	-0.28697
5.05	-0.31492
5.06	-0.34373
5.07	-0.37328
5.08	-0.40345
5.09	-0.43412
5.1	-0.46517
5.11	-0.49645
5.12	-0.52784
5.13	-0.55922
5.14	-0.59044
5.15	-0.62139
5.16	-0.65193
5.17	-0.68197
5.18	-0.71137
5.19	-0.74005
5.2	-0.76789
5.21	-0.79481
5.22	-0.82073
5.23	-0.84558
5.24	-0.86928
5.25	-0.89179
5.26	-0.91306
5.27	-0.93305
5.28	-0.95173
5.29	-0.96909
5.3	-0.9851
5.31	-0.99976
5.32	-1.01309
5.33	-1.02508
5.34	-1.03575
5.35	-1.04513
5.36	-1.05323
5.37	-1.0601
5.38	-1.06575
5.39	-1.07024
5.4	-1.0736
5.41	-1.07587
5.42	-1.07709
5.43	-1.07732
5.44	-1.0766
5.45	-1.07496
5.46	-1.07246
5.47	-1.06914
5.48	-1.06504
5.49	-1.0602
5.5	-1.05467
5.51	-1.04847
5.52	-1.04164
5.53	-1.03422
5.54	-1.02623
5.55	-1.01769
5.56	-1.00863
5.57	-0.99908
5.58	-0.98903
5.59	-0.97852
5.6	-0.96754
5.61	-0.95611
5.62	-0.94422
5.63	-0.93189
5.64	-0.9191
5.65	-0.90586
5.66	-0.89215
5.67	-0.87798
5.68	-0.86332
5.69	-0.84818
5.7	-0.83253
5.71	-0.81637
5.72	-0.79967
5.73	-0.78244
5.74	-0.76465
5.75	-0.74629
5.76	-0.72735
5.77	-0.70782
5.78	-0.68768
5.79	-0.66693
5.8	-0.64557
5.81	-0.62358
5.82	-0.60097
5.83	-0.57773
5.84	-0.55386
5.85	-0.52938
5.86	-0.50428
5.87	-0.47858
5.88	-0.45228
5.89	-0.42541
5.9	-0.39797
5.91	-0.36999
5.92	-0.34149
5.93	-0.31249
5.94	-0.28302
5.95	-0.25311
5.96	-0.22278
5.97	-0.19206
5.98	-0.161
5.99	-0.12961
6	-0.09794
6.01	-0.06602
6.02	-0.0339
6.03	-0.0016
6.04	0.03084
6.05	0.06336
6.06	0.09594
6.07	0.12853
6.08	0.16108
6.09	0.19356
6.1	0.22592
6.11	0.25811
6.12	0.29009
6.13	0.3218
6.14	0.35319
6.15	0.38422
6.16	0.41483
6.17	0.44495
6.18	0.47454
6.19	0.50352
6.2	0.53184
6.21	0.55944
6.22	0.58623
6.23	0.61216
6.24	0.63715
6.25	0.66112
6.26	0.68401
6.27	0.70574
6.28	0.72622
6.29	0.7454
6.3	0.76318
6.31	0.77949
6.32	0.79427
6.33	0.80744
6.34	0.81895
6.35	0.82871
6.36	0.83669
6.37	0.84282
6.38	0.84707
6.39	0.8494
6.4	0.84977
6.41	0.84818
6.42	0.8446
6.43	0.83904
6.44	0.83151
6.45	0.82203
6.46	0.81063
6.47	0.79736
6.48	0.78227
6.49	0.76543
6.5	0.74691
6.51	0.7268
6.52	0.7052
6.53	0.68221
6.54	0.65796
6.55	0.63256
6.56	0.60616
6.57	0.57888
6.58	0.55086
6.59	0.52227
6.6	0.49324
6.61	0.46393
6.62	0.43448
6.63	0.40506
6.64	0.3758
6.65	0.34686
6.66	0.31837
6.67	0.29047
6.68	0.26329
6.69	0.23695
6.7	0.21155
6.71	0.1872
6.72	0.164
6.73	0.14202
6.74	0.12133
6.75	0.102
6.76	0.08406
6.77	0.06755
6.78	0.05249
6.79	0.0389
6.8	0.02677
6.81	0.01608
6.82	0.00682
6.83	-0.00106
6.84	-0.00759
6.85	-0.01283
6.86	-0.01684
6.87	-0.01968
6.88	-0.02144
6.89	-0.0222
6.9	-0.02203
6.91	-0.02103
6.92	-0.01928
6.93	-0.01688
6.94	-0.01392
6.95	-0.01049
6.96	-0.00668
6.97	-0.00258
6.98	0.00173
6.99	0.00616
7	0.01065
7.01	0.01513
7.02	0.01952
7.03	0.02377
7.04	0.02783
7.05	0.03165
7.06	0.0352
7.07	0.03844
7.08	0.04134
7.09	0.0439
7.1	0.04609
7.11	0.04792
7.12	0.04938
7.13	0.05047
7.14	0.05121
7.15	0.05161
7.16	0.05168
7.17	0.05146
7.18	0.05096
7.19	0.0502
7.2	0.04922
7.21	0.04804
7.22	0.04669
7.23	0.0452
7.24	0.0436
7.25	0.0419
7.26	0.04015
7.27	0.03835
7.28	0.03654
7.29	0.03473
7.3	0.03295
7.31	0.0312
7.32	0.0295
7.33	0.02787
7.34	0.0263
7.35	0.02482
7.36	0.02342
7.37	0.0221
7.38	0.02087
7.39	0.01972
7.4	0.01866
7.41	0.01768
7.42	0.01677
7.43	0.01593
7.44	0.01514
7.45	0.01441
7.46	0.01372
7.47	0.01306
7.48	0.01242
7.49	0.01179
7.5	0.01115
7.51	0.0105
7.52	0.00981
7.53	0.00909
7.54	0.0083
7.55	0.00745
7.56	0.00652
7.57	0.0055
7.58	0.00437
7.59	0.00313
7.6	0.00178
7.61	2.90761E-4
7.62	-0.00133
7.63	-0.00308
7.64	-0.00496
7.65	-0.00697
7.66	-0.00911
7.67	-0.01136
7.68	-0.01372
7.69	-0.01616
7.7	-0.01866
7.71	-0.02121
7.72	-0.02376
7.73	-0.02631
7.74	-0.0288
7.75	-0.0312
7.76	-0.03348
7.77	-0.03559
7.78	-0.0375
7.79	-0.03916
7.8	-0.04052
7.81	-0.04155
7.82	-0.04221
7.83	-0.04247
7.84	-0.04229
7.85	-0.04165
7.86	-0.04052
7.87	-0.0389
7.88	-0.03676
7.89	-0.03413
7.9	-0.03099
7.91	-0.02738
7.92	-0.02332
7.93	-0.01885
7.94	-0.01401
7.95	-0.00885
7.96	-0.00344
7.97	0.00215
7.98	0.00784
7.99	0.01355
8	0.01918
8.01	0.02466
8.02	0.02987
8.03	0.03472
8.04	0.03913
8.05	0.04298
8.06	0.0462
8.07	0.0487
8.08	0.05039
8.09	0.0512
8.1	0.05108
8.11	0.04997
8.12	0.04784
8.13	0.04464
8.14	0.04038
8.15	0.03504
8.16	0.02864
8.17	0.0212
8.18	0.01276
8.19	0.00337
8.2	-0.00691
8.21	-0.018
8.22	-0.02981
8.23	-0.04226
8.24	-0.05525
8.25	-0.06867
8.26	-0.08241
8.27	-0.09635
8.28	-0.11039
8.29	-0.12442
8.3	-0.13831
8.31	-0.15198
8.32	-0.16531
8.33	-0.17822
8.34	-0.19063
8.35	-0.20247
8.36	-0.21367
8.37	-0.22419
8.38	-0.234
8.39	-0.24306
8.4	-0.25139
8.41	-0.25898
8.42	-0.26585
8.43	-0.27203
8.44	-0.27758
8.45	-0.28255
8.46	-0.28702
8.47	-0.29105
8.48	-0.29473
8.49	-0.29817
8.5	-0.30145
8.51	-0.30469
8.52	-0.30798
8.53	-0.31143
8.54	-0.31514
8.55	-0.31922
8.56	-0.32375
8.57	-0.32883
8.58	-0.33453
8.59	-0.34093
8.6	-0.34809
8.61	-0.35605
8.62	-0.36486
8.63	-0.37454
8.64	-0.38509
8.65	-0.39652
8.66	-0.40881
8.67	-0.42193
8.68	-0.43584
8.69	-0.45049
8.7	-0.4658
8.71	-0.48171
8.72	-0.49812
8.73	-0.51495
8.74	-0.53209
8.75	-0.54944
8.76	-0.56688
8.77	-0.58431
8.78	-0.6016
8.79	-0.61863
8.8	-0.63531
8.81	-0.6515
8.82	-0.6671
8.83	-0.68202
8.84	-0.69613
8.85	-0.70936
8.86	-0.72162
8.87	-0.73281
8.88	-0.74289
8.89	-0.75176
8.9	-0.75939
8.91	-0.76572
8.92	-0.77071
8.93	-0.77432
8.94	-0.77654
8.95	-0.77734
8.96	-0.77671
8.97	-0.77464
8.98	-0.77114
8.99	-0.76621
9	-0.75986
9.01	-0.7521
9.02	-0.74295
9.03	-0.73244
9.04	-0.72058
9.05	-0.7074
9.06	-0.69293
9.07	-0.6772
9.08	-0.66023
9.09	-0.64206
9.1	-0.62272
9.11	-0.60223
9.12	-0.58063
9.13	-0.55794
9.14	-0.53419
9.15	-0.50943
9.16	-0.48366
9.17	-0.45692
9.18	-0.42924
9.19	-0.40064
9.2	-0.37116
9.21	-0.34082
9.22	-0.30964
9.23	-0.27766
9.24	-0.24491
9.25	-0.21141
9.26	-0.17721
9.27	-0.14233
9.28	-0.10681
9.29	-0.0707
9.3	-0.03403
9.31	0.00314
9.32	0.04077
9.33	0.07881
9.34	0.11719
9.35	0.15586
9.36	0.19475
9.37	0.2338
9.38	0.27292
9.39	0.31206
9.4	0.35112
9.41	0.39002
9.42	0.42869
9.43	0.46705
9.44	0.50499
9.45	0.54245
9.46	0.57934
9.47	0.61557
9.48	0.65106
9.49	0.68573
9.5	0.71951
9.51	0.75233
9.52	0.78411
9.53	0.81481
9.54	0.84436
9.55	0.87271
9.56	0.89983
9.57	0.92566
9.58	0.95019
9.59	0.97338
9.6	0.99523
9.61	1.01571
9.62	1.03483
9.63	1.05257
9.64	1.06895
9.65	1.08397
9.66	1.09764
9.67	1.10997
9.68	1.12099
9.69	1.13071
9.7	1.13914
9.71	1.14631
9.72	1.15224
9.73	1.15694
9.74	1.16044
9.75	1.16275
9.76	1.16388
9.77	1.16386
9.78	1.16269
9.79	1.16039
9.8	1.15697
9.81	1.15245
9.82	1.14684
9.83	1.14015
9.84	1.13239
9.85	1.12359
9.86	1.11376
9.87	1.10293
9.88	1.09112
9.89	1.07835
9.9	1.06468
9.91	1.05012
9.92	1.03473
9.93	1.01855
9.94	1.00164
9.95	0.98404
9.96	0.96583
9.97	0.94707
9.98	0.92783
9.99	0.90817
10	0.88818
10.01	0.86793
10.02	0.84749
10.03	0.82695
10.04	0.80637
10.05	0.78583
10.06	0.76541
10.07	0.74517
10.08	0.72517
10.09	0.70547
10.1	0.68613
10.11	0.66719
10.12	0.6487
10.13	0.63067
10.14	0.61315
10.15	0.59615
10.16	0.57968
10.17	0.56374
10.18	0.54833
10.19	0.53345
10.2	0.51907
10.21	0.50517
10.22	0.49173
10.23	0.47872
10.24	0.4661
10.25	0.45383
10.26	0.44188
10.27	0.4302
10.28	0.41874
10.29	0.40748
10.3	0.39636
10.31	0.38534
10.32	0.37439
10.33	0.36348
10.34	0.35255
10.35	0.3416
10.36	0.33058
10.37	0.31949
10.38	0.30828
10.39	0.29696
10.4	0.28551
10.41	0.27392
10.42	0.26217
10.43	0.25028
10.44	0.23823
10.45	0.22604
10.46	0.21369
10.47	0.20119
10.48	0.18855
10.49	0.17577
10.5	0.16285
10.51	0.14978
10.52	0.13658
10.53	0.12323
10.54	0.10972
10.55	0.09605
10.56	0.08221
10.57	0.06816
10.58	0.05391
10.59	0.03941
10.6	0.02464
10.61	0.00958
10.62	-0.00582
10.63	-0.0216
10.64	-0.03778
10.65	-0.05442
10.66	-0.07155
10.67	-0.08922
10.68	-0.10746
10.69	-0.12633
10.7	-0.14585
10.71	-0.16606
10.72	-0.18699
10.73	-0.20867
10.74	-0.23111
10.75	-0.25434
10.76	-0.27836
10.77	-0.30317
10.78	-0.32876
10.79	-0.35512
10.8	-0.38223
10.81	-0.41004
10.82	-0.43853
10.83	-0.46764
10.84	-0.49732
10.85	-0.52749
10.86	-0.5581
10.87	-0.58905
10.88	-0.62028
10.89	-0.65167
10.9	-0.68315
10.91	-0.7146
10.92	-0.74593
10.93	-0.77704
10.94	-0.8078
10.95	-0.83813
10.96	-0.8679
10.97	-0.89702
10.98	-0.92537
10.99	-0.95285
11	-0.97936
11.01	-1.0048
11.02	-1.02908
11.03	-1.0521
11.04	-1.07379
11.05	-1.09405
11.06	-1.11282
11.07	-1.13002
11.08	-1.14558
11.09	-1.15946
11.1	-1.17161
11.11	-1.18196
11.12	-1.19049
11.13	-1.19717
11.14	-1.20197
11.15	-1.20486
11.16	-1.20585
11.17	-1.20492
11.18	-1.20208
11.19	-1.19733
11.2	-1.19068
11.21	-1.18217
11.22	-1.17182
11.23	-1.15966
11.24	-1.14573
11.25	-1.13008
11.26	-1.11276
11.27	-1.09381
11.28	-1.07331
11.29	-1.05131
11.3	-1.02789
11.31	-1.00311
11.32	-0.97704
11.33	-0.94977
11.34	-0.92137
11.35	-0.89192
11.36	-0.8615
11.37	-0.83019
11.38	-0.79806
11.39	-0.76521
11.4	-0.7317
11.41	-0.69763
11.42	-0.66305
11.43	-0.62805
11.44	-0.59271
11.45	-0.55708
11.46	-0.52124
11.47	-0.48527
11.48	-0.44921
11.49	-0.41314
11.5	-0.37711
11.51	-0.34119
11.52	-0.30543
11.53	-0.26988
11.54	-0.23461
11.55	-0.19967
11.56	-0.1651
11.57	-0.13096
11.58	-0.09731
11.59	-0.0642
11.6	-0.03167
11.61	2.10126E-4
11.62	0.0314
11.63	0.06185
11.64	0.0915
11.65	0.1203
11.66	0.1482
11.67	0.17514
11.68	0.20108
11.69	0.22596
11.7	0.24974
11.71	0.27238
11.72	0.29381
11.73	0.31402
11.74	0.33295
11.75	0.35057
11.76	0.36686
11.77	0.38178
11.78	0.39532
11.79	0.40745
11.8	0.41817
11.81	0.42747
11.82	0.43536
11.83	0.44182
11.84	0.44689
11.85	0.45057
11.86	0.45288
11.87	0.45385
11.88	0.45352
11.89	0.4519
11.9	0.44905
11.91	0.445
11.92	0.43979
11.93	0.43348
11.94	0.42609
11.95	0.41769
11.96	0.40832
11.97	0.39803
11.98	0.38685
11.99	0.37484
12	0.36205
12.01	0.34851
12.02	0.33427
12.03	0.31938
12.04	0.30386
12.05	0.28776
12.06	0.27112
12.07	0.25397
12.08	0.23636
12.09	0.21833
12.1	0.19991
12.11	0.18114
12.12	0.16207
12.13	0.14274
12.14	0.1232
12.15	0.1035
12.16	0.08368
12.17	0.06382
12.18	0.04396
12.19	0.02417
12.2	0.00451
12.21	-0.01494
12.22	-0.03411
12.23	-0.05294
12.24	-0.07134
12.25	-0.08924
12.26	-0.10656
12.27	-0.12321
12.28	-0.13912
12.29	-0.15422
12.3	-0.16841
12.31	-0.18163
12.32	-0.19381
12.33	-0.20488
12.34	-0.21477
12.35	-0.22343
12.36	-0.23081
12.37	-0.23685
12.38	-0.24151
12.39	-0.24478
12.4	-0.24661
12.41	-0.24699
12.42	-0.24591
12.43	-0.24337
12.44	-0.23938
12.45	-0.23395
12.46	-0.22711
12.47	-0.21888
12.48	-0.2093
12.49	-0.19842
12.5	-0.18629
12.51	-0.17298
12.52	-0.15853
12.53	-0.14304
12.54	-0.12657
12.55	-0.10921
12.56	-0.09103
12.57	-0.07214
12.58	-0.05262
12.59	-0.03256
12.6	-0.01206
12.61	0.00878
12.62	0.02986
12.63	0.05109
12.64	0.07237
12.65	0.09361
12.66	0.11472
12.67	0.13559
12.68	0.15616
12.69	0.17632
12.7	0.19601
12.71	0.21515
12.72	0.23367
12.73	0.2515
12.74	0.26858
12.75	0.28487
12.76	0.30031
12.77	0.31486
12.78	0.3285
12.79	0.34119
12.8	0.35291
12.81	0.36365
12.82	0.37341
12.83	0.38217
12.84	0.38996
12.85	0.39677
12.86	0.40263
12.87	0.40757
12.88	0.4116
12.89	0.41475
12.9	0.41708
12.91	0.41861
12.92	0.41939
12.93	0.41946
12.94	0.41887
12.95	0.41767
12.96	0.4159
12.97	0.41362
12.98	0.41086
12.99	0.40769
13	0.40414
13.01	0.40026
13.02	0.39608
13.03	0.39166
13.04	0.38702
13.05	0.38221
13.06	0.37724
13.07	0.37216
13.08	0.36699
13.09	0.36175
13.1	0.35647
13.11	0.35117
13.12	0.34586
13.13	0.34057
13.14	0.33532
13.15	0.33011
13.16	0.32498
13.17	0.31993
13.18	0.31498
13.19	0.31016
13.2	0.30548
13.21	0.30096
13.22	0.29664
13.23	0.29253
13.24	0.28865
13.25	0.28505
13.26	0.28175
13.27	0.27879
13.28	0.27618
13.29	0.27398
13.3	0.2722
13.31	0.27089
13.32	0.27009
13.33	0.26981
13.34	0.27009
13.35	0.27097
13.36	0.27245
13.37	0.27458
13.38	0.27735
13.39	0.28079
13.4	0.2849
13.41	0.28968
13.42	0.29512
13.43	0.30122
13.44	0.30793
13.45	0.31525
13.46	0.32312
13.47	0.33151
13.48	0.34035
13.49	0.34959
13.5	0.35915
13.51	0.36896
13.52	0.37892
13.53	0.38895
13.54	0.39895
13.55	0.4088
13.56	0.41842
13.57	0.42767
13.58	0.43645
13.59	0.44464
13.6	0.45212
13.61	0.45879
13.62	0.46452
13.63	0.46921
13.64	0.47276
13.65	0.47506
13.66	0.47604
13.67	0.47559
13.68	0.47366
13.69	0.47017
13.7	0.46508
13.71	0.45835
13.72	0.44994
13.73	0.43984
13.74	0.42805
13.75	0.41457
13.76	0.39942
13.77	0.38264
13.78	0.36427
13.79	0.34436
13.8	0.32299
13.81	0.30022
13.82	0.27613
13.83	0.25083
13.84	0.2244
13.85	0.19696
13.86	0.1686
13.87	0.13944
13.88	0.10959
13.89	0.07917
13.9	0.04829
13.91	0.01706
13.92	-0.0144
13.93	-0.04599
13.94	-0.0776
13.95	-0.10912
13.96	-0.14047
13.97	-0.17155
13.98	-0.20227
13.99	-0.23256
14	-0.26233
14.01	-0.29153
14.02	-0.32008
14.03	-0.34794
14.04	-0.37506
14.05	-0.40139
14.06	-0.42689
14.07	-0.45153
14.08	-0.47528
14.09	-0.49813
14.1	-0.52006
14.11	-0.54105
14.12	-0.56109
14.13	-0.58019
14.14	-0.59834
14.15	-0.61555
14.16	-0.63181
14.17	-0.64716
14.18	-0.66158
14.19	-0.67511
14.2	-0.68775
14.21	-0.69954
14.22	-0.71049
14.23	-0.72062
14.24	-0.72997
14.25	-0.73855
14.26	-0.74641
14.27	-0.75357
14.28	-0.76006
14.29	-0.76592
14.3	-0.77117
14.31	-0.77586
14.32	-0.78002
14.33	-0.78367
14.34	-0.78686
14.35	-0.7896
14.36	-0.79194
14.37	-0.7939
14.38	-0.7955
14.39	-0.79678
14.4	-0.79775
14.41	-0.79842
14.42	-0.79883
14.43	-0.79897
14.44	-0.79885
14.45	-0.79849
14.46	-0.79787
14.47	-0.79701
14.48	-0.79588
14.49	-0.79449
14.5	-0.79281
14.51	-0.79084
14.52	-0.78855
14.53	-0.78591
14.54	-0.78292
14.55	-0.77953
14.56	-0.77572
14.57	-0.77147
14.58	-0.76675
14.59	-0.76152
14.6	-0.75576
14.61	-0.74946
14.62	-0.74257
14.63	-0.73509
14.64	-0.72699
14.65	-0.71827
14.66	-0.70891
14.67	-0.6989
14.68	-0.68825
14.69	-0.67696
14.7	-0.66503
14.71	-0.65249
14.72	-0.63935
14.73	-0.62564
14.74	-0.61138
14.75	-0.59662
14.76	-0.58138
14.77	-0.56572
14.78	-0.54967
14.79	-0.5333
14.8	-0.51664
14.81	-0.49976
14.82	-0.48272
14.83	-0.46556
14.84	-0.44835
14.85	-0.43114
14.86	-0.41398
14.87	-0.39693
14.88	-0.38003
14.89	-0.36333
14.9	-0.34687
14.91	-0.33069
14.92	-0.3148
14.93	-0.29925
14.94	-0.28404
14.95	-0.26918
14.96	-0.25467
14.97	-0.24052
14.98	-0.2267
14.99	-0.21321
15	-0.2
15.01	-0.18706
15.02	-0.17434
15.03	-0.1618
15.04	-0.14938
15.05	-0.13703
15.06	-0.12469
15.07	-0.1123
15.08	-0.09979
15.09	-0.08711
15.1	-0.07418
15.11	-0.06094
15.12	-0.04734
15.13	-0.0333
15.14	-0.01879
15.15	-0.00374
15.16	0.01188
15.17	0.02812
15.18	0.04499
15.19	0.06253
15.2	0.08073
15.21	0.09961
15.22	0.11915
15.23	0.13934
15.24	0.16014
15.25	0.18152
15.26	0.20343
15.27	0.22581
15.28	0.24861
15.29	0.27173
15.3	0.2951
15.31	0.31863
15.32	0.34223
15.33	0.3658
15.34	0.38923
15.35	0.41243
15.36	0.43528
15.37	0.45768
15.38	0.47952
15.39	0.50071
15.4	0.52115
15.41	0.54074
15.42	0.55939
15.43	0.57704
15.44	0.59359
15.45	0.609
15.46	0.62319
15.47	0.63614
15.48	0.64779
15.49	0.65813
15.5	0.66713
15.51	0.67479
15.52	0.68112
15.53	0.68612
15.54	0.68983
15.55	0.69226
15.56	0.69346
15.57	0.69349
15.58	0.69239
15.59	0.69023
15.6	0.68707
15.61	0.68299
15.62	0.67807
15.63	0.6724
15.64	0.66605
15.65	0.65911
15.66	0.65168
15.67	0.64386
15.68	0.63572
15.69	0.62737
15.7	0.6189
15.71	0.61039
15.72	0.60195
15.73	0.59366
15.74	0.58561
15.75	0.57787
15.76	0.57052
15.77	0.56365
15.78	0.55732
15.79	0.5516
15.8	0.54655
15.81	0.54221
15.82	0.53864
15.83	0.53588
15.84	0.53395
15.85	0.53289
15.86	0.5327
15.87	0.5334
15.88	0.53498
15.89	0.53742
15.9	0.54072
15.91	0.54483
15.92	0.54972
15.93	0.55534
15.94	0.56162
15.95	0.5685
15.96	0.5759
15.97	0.58374
15.98	0.59192
15.99	0.60034
16	0.60889
16.01	0.61747
16.02	0.62595
16.03	0.63421
16.04	0.64214
16.05	0.6496
16.06	0.65648
16.07	0.66265
16.08	0.668
16.09	0.6724
16.1	0.67575
16.11	0.67794
16.12	0.67887
16.13	0.67846
16.14	0.67662
16.15	0.6733
16.16	0.66842
16.17	0.66195
16.18	0.65385
16.19	0.64411
16.2	0.63272
16.21	0.61967
16.22	0.60501
16.23	0.58875
16.24	0.57095
16.25	0.55166
16.26	0.53097
16.27	0.50894
16.28	0.48567
16.29	0.46126
16.3	0.43583
16.31	0.40949
16.32	0.38236
16.33	0.35457
16.34	0.32625
16.35	0.29754
16.36	0.26856
16.37	0.23945
16.38	0.21033
16.39	0.18134
16.4	0.15259
16.41	0.12421
16.42	0.0963
16.43	0.06896
16.44	0.04229
16.45	0.01637
16.46	-0.00871
16.47	-0.0329
16.48	-0.05613
16.49	-0.07835
16.5	-0.09954
16.51	-0.11966
16.52	-0.13869
16.53	-0.15663
16.54	-0.17346
16.55	-0.1892
16.56	-0.20386
16.57	-0.21747
16.58	-0.23003
16.59	-0.2416
16.6	-0.25219
16.61	-0.26185
16.62	-0.27061
16.63	-0.27853
16.64	-0.28564
16.65	-0.29198
16.66	-0.29759
16.67	-0.30253
16.68	-0.30683
16.69	-0.31053
16.7	-0.31366
16.71	-0.31627
16.72	-0.31838
16.73	-0.32004
16.74	-0.32126
16.75	-0.32208
16.76	-0.32251
16.77	-0.32259
16.78	-0.32234
16.79	-0.32178
16.8	-0.32093
16.81	-0.31982
16.82	-0.31845
16.83	-0.31686
16.84	-0.31506
16.85	-0.31307
16.86	-0.31092
16.87	-0.30864
16.88	-0.30624
16.89	-0.30375
16.9	-0.30121
16.91	-0.29863
16.92	-0.29605
16.93	-0.29349
16.94	-0.29099
16.95	-0.28857
16.96	-0.28627
16.97	-0.28412
16.98	-0.28214
16.99	-0.28036
17	-0.27881
17.01	-0.27751
17.02	-0.27649
17.03	-0.27575
17.04	-0.27533
17.05	-0.27522
17.06	-0.27544
17.07	-0.27599
17.08	-0.27688
17.09	-0.2781
17.1	-0.27964
17.11	-0.28149
17.12	-0.28363
17.13	-0.28604
17.14	-0.2887
17.15	-0.29158
17.16	-0.29464
17.17	-0.29784
17.18	-0.30115
17.19	-0.30452
17.2	-0.30791
17.21	-0.31126
17.22	-0.31452
17.23	-0.31765
17.24	-0.32058
17.25	-0.32327
17.26	-0.32566
17.27	-0.32769
17.28	-0.32931
17.29	-0.33048
17.3	-0.33113
17.31	-0.33124
17.32	-0.33075
17.33	-0.32962
17.34	-0.32782
17.35	-0.32533
17.36	-0.32211
17.37	-0.31815
17.38	-0.31344
17.39	-0.30797
17.4	-0.30174
17.41	-0.29476
17.42	-0.28704
17.43	-0.27861
17.44	-0.2695
17.45	-0.25973
17.46	-0.24936
17.47	-0.23844
17.48	-0.22701
17.49	-0.21514
17.5	-0.2029
17.51	-0.19036
17.52	-0.17759
17.53	-0.16468
17.54	-0.1517
17.55	-0.13875
17.56	-0.1259
17.57	-0.11325
17.58	-0.10088
17.59	-0.08888
17.6	-0.07734
17.61	-0.06634
17.62	-0.05596
17.63	-0.04628
17.64	-0.03737
17.65	-0.0293
17.66	-0.02214
17.67	-0.01594
17.68	-0.01076
17.69	-0.00664
17.7	-0.00362
17.71	-0.00173
17.72	-9.99073E-4
17.73	-0.00143
17.74	-0.00305
17.75	-0.00583
17.76	-0.00979
17.77	-0.0149
17.78	-0.02113
17.79	-0.02845
17.8	-0.03683
17.81	-0.04622
17.82	-0.05655
17.83	-0.06777
17.84	-0.0798
17.85	-0.09259
17.86	-0.10603
17.87	-0.12006
17.88	-0.13457
17.89	-0.14948
17.9	-0.1647
17.91	-0.18011
17.92	-0.19563
17.93	-0.21116
17.94	-0.22659
17.95	-0.24182
17.96	-0.25676
17.97	-0.27131
17.98	-0.28537
17.99	-0.29887
18	-0.31171
18.01	-0.32382
18.02	-0.33513
18.03	-0.34556
18.04	-0.35507
18.05	-0.36359
18.06	-0.37109
18.07	-0.37753
18.08	-0.38289
18.09	-0.38714
18.1	-0.39028
18.11	-0.39232
18.12	-0.39325
18.13	-0.3931
18.14	-0.39189
18.15	-0.38967
18.16	-0.38646
18.17	-0.38234
18.18	-0.37734
18.19	-0.37154
18.2	-0.365
18.21	-0.3578
18.22	-0.35001
18.23	-0.34172
18.24	-0.333
18.25	-0.32394
18.26	-0.31462
18.27	-0.30512
18.28	-0.29552
18.29	-0.2859
18.3	-0.27633
18.31	-0.26687
18.32	-0.2576
18.33	-0.24855
18.34	-0.23979
18.35	-0.23136
18.36	-0.22328
18.37	-0.21558
18.38	-0.20828
18.39	-0.20138
18.4	-0.19488
18.41	-0.18876
18.42	-0.18302
18.43	-0.17761
18.44	-0.17251
18.45	-0.16766
18.46	-0.16303
18.47	-0.15854
18.48	-0.15414
18.49	-0.14977
18.5	-0.14534
18.51	-0.14079
18.52	-0.13604
18.53	-0.13101
18.54	-0.12563
18.55	-0.11982
18.56	-0.11351
18.57	-0.10662
18.58	-0.09909
18.59	-0.09086
18.6	-0.08187
18.61	-0.07206
18.62	-0.0614
18.63	-0.04984
18.64	-0.03734
18.65	-0.0239
18.66	-0.00948
18.67	0.00591
18.68	0.02227
18.69	0.0396
18.7	0.05789
18.71	0.07709
18.72	0.09719
18.73	0.11813
18.74	0.13987
18.75	0.16236
18.76	0.18553
18.77	0.20931
18.78	0.23363
18.79	0.2584
18.8	0.28355
18.81	0.30898
18.82	0.33459
18.83	0.36031
18.84	0.38601
18.85	0.41161
18.86	0.437
18.87	0.46209
18.88	0.48676
18.89	0.51092
18.9	0.53447
18.91	0.55731
18.92	0.57935
18.93	0.60049
18.94	0.62065
18.95	0.63974
18.96	0.65769
18.97	0.67443
18.98	0.68988
18.99	0.70399
19	0.7167
19.01	0.72797
19.02	0.73776
19.03	0.74604
19.04	0.75279
19.05	0.75798
19.06	0.76162
19.07	0.76371
19.08	0.76425
19.09	0.76325
19.1	0.76075
19.11	0.75678
19.12	0.75137
19.13	0.74458
19.14	0.73644
19.15	0.72703
19.16	0.7164
19.17	0.70463
19.18	0.69179
19.19	0.67795
19.2	0.66321
19.21	0.64763
19.22	0.63132
19.23	0.61437
19.24	0.59686
19.25	0.57889
19.26	0.56054
19.27	0.54193
19.28	0.52313
19.29	0.50425
19.3	0.48536
19.31	0.46657
19.32	0.44796
19.33	0.42961
19.34	0.4116
19.35	0.39401
19.36	0.37691
19.37	0.36037
19.38	0.34445
19.39	0.32922
19.4	0.31471
19.41	0.30097
19.42	0.28805
19.43	0.27597
19.44	0.26476
19.45	0.25443
19.46	0.24498
19.47	0.23643
19.48	0.22875
19.49	0.22194
19.5	0.21596
19.51	0.21079
19.52	0.20638
19.53	0.20269
19.54	0.19966
19.55	0.19723
19.56	0.19533
19.57	0.19389
19.58	0.19282
19.59	0.19206
19.6	0.19151
19.61	0.19109
19.62	0.1907
19.63	0.19027
19.64	0.18969
19.65	0.18889
19.66	0.18777
19.67	0.18626
19.68	0.18429
19.69	0.18178
19.7	0.17866
19.71	0.17487
19.72	0.17038
19.73	0.16512
19.74	0.15907
19.75	0.1522
19.76	0.14448
19.77	0.13592
19.78	0.12651
19.79	0.11625
19.8	0.10517
19.81	0.09328
19.82	0.08062
19.83	0.06722
19.84	0.05314
19.85	0.03841
19.86	0.02309
19.87	0.00724
19.88	-0.00908
19.89	-0.02581
19.9	-0.04288
19.91	-0.06022
19.92	-0.07778
19.93	-0.09549
19.94	-0.11329
19.95	-0.13112
19.96	-0.14893
19.97	-0.16667
19.98	-0.18429
19.99	-0.20175
20	-0.21901
20.01	-0.23605
20.02	-0.25285
20.03	-0.26937
20.04	-0.28562
20.05	-0.30158
20.06	-0.31726
20.07	-0.33266
20.08	-0.34778
20.09	-0.36265
20.1	-0.37728
20.11	-0.39169
20.12	-0.40591
20.13	-0.41996
20.14	-0.43386
20.15	-0.44766
20.16	-0.46137
20.17	-0.47502
20.18	-0.48865
20.19	-0.50226
20.2	-0.5159
20.21	-0.52957
20.22	-0.54329
20.23	-0.55707
20.24	-0.57091
20.25	-0.58482
20.26	-0.5988
20.27	-0.61282
20.28	-0.62688
20.29	-0.64095
20.3	-0.65501
20.31	-0.66903
20.32	-0.68296
20.33	-0.69676
20.34	-0.71039
20.35	-0.72379
20.36	-0.7369
20.37	-0.74968
20.38	-0.76204
20.39	-0.77394
20.4	-0.7853
20.41	-0.79606
20.42	-0.80614
20.43	-0.81549
20.44	-0.82404
20.45	-0.83172
20.46	-0.83847
20.47	-0.84423
20.48	-0.84895
20.49	-0.85257
20.5	-0.85505
20.51	-0.85634
20.52	-0.85641
20.53	-0.85523
20.54	-0.85278
20.55	-0.84902
20.56	-0.84396
20.57	-0.83759
20.58	-0.8299
20.59	-0.8209
20.6	-0.81062
20.61	-0.79907
20.62	-0.78627
20.63	-0.77227
20.64	-0.7571
20.65	-0.74082
20.66	-0.72346
20.67	-0.70509
20.68	-0.68577
20.69	-0.66556
20.7	-0.64454
20.71	-0.62277
20.72	-0.60034
20.73	-0.57732
20.74	-0.55379
20.75	-0.52983
20.76	-0.50552
20.77	-0.48094
20.78	-0.45617
20.79	-0.43129
20.8	-0.40637
20.81	-0.38149
20.82	-0.35671
20.83	-0.3321
20.84	-0.30773
20.85	-0.28363
20.86	-0.25987
20.87	-0.23649
20.88	-0.21353
20.89	-0.19101
20.9	-0.16897
20.91	-0.14742
20.92	-0.12637
20.93	-0.10582
20.94	-0.08578
20.95	-0.06623
20.96	-0.04717
20.97	-0.02856
20.98	-0.01039
20.99	0.00738
21	0.02478
21.01	0.04185
21.02	0.05862
21.03	0.07516
21.04	0.09149
21.05	0.10766
21.06	0.12372
21.07	0.13972
21.08	0.15569
21.09	0.17168
21.1	0.18772
21.11	0.20385
21.12	0.22011
21.13	0.23651
21.14	0.25308
21.15	0.26983
21.16	0.28678
21.17	0.30393
21.18	0.32127
21.19	0.3388
21.2	0.35652
21.21	0.37439
21.22	0.39239
21.23	0.4105
21.24	0.42868
21.25	0.4469
21.26	0.4651
21.27	0.48325
21.28	0.50129
21.29	0.51916
21.3	0.53683
21.31	0.55422
21.32	0.57128
21.33	0.58796
21.34	0.60418
21.35	0.6199
21.36	0.63506
21.37	0.64959
21.38	0.66345
21.39	0.67658
21.4	0.68893
21.41	0.70045
21.42	0.7111
21.43	0.72083
21.44	0.72961
21.45	0.73741
21.46	0.74419
21.47	0.74993
21.48	0.75461
21.49	0.7582
21.5	0.7607
21.51	0.76211
21.52	0.76241
21.53	0.7616
21.54	0.75971
21.55	0.75672
21.56	0.75267
21.57	0.74756
21.58	0.74143
21.59	0.7343
21.6	0.72619
21.61	0.71715
21.62	0.7072
21.63	0.6964
21.64	0.68478
21.65	0.67239
21.66	0.65927
21.67	0.64547
21.68	0.63104
21.69	0.61604
21.7	0.60051
21.71	0.5845
21.72	0.56806
21.73	0.55124
21.74	0.5341
21.75	0.51667
21.76	0.49901
21.77	0.48115
21.78	0.46314
21.79	0.44503
21.8	0.42683
21.81	0.4086
21.82	0.39035
21.83	0.37212
21.84	0.35394
21.85	0.33582
21.86	0.31778
21.87	0.29984
21.88	0.28202
21.89	0.26431
21.9	0.24674
21.91	0.22931
21.92	0.21202
21.93	0.19487
21.94	0.17787
21.95	0.16101
21.96	0.14431
21.97	0.12775
21.98	0.11133
21.99	0.09507
22	0.07896
22.01	0.063
22.02	0.04721
22.03	0.03158
22.04	0.01613
22.05	8.75766E-4
22.06	-0.01418
22.07	-0.02901
22.08	-0.04361
22.09	-0.05794
22.1	-0.07199
22.11	-0.08573
22.12	-0.09913
22.13	-0.11218
22.14	-0.12483
22.15	-0.13707
22.16	-0.14886
22.17	-0.16018
22.18	-0.171
22.19	-0.1813
22.2	-0.19106
22.21	-0.20026
22.22	-0.20888
22.23	-0.21692
22.24	-0.22436
22.25	-0.2312
22.26	-0.23745
22.27	-0.2431
22.28	-0.24817
22.29	-0.25267
22.3	-0.25662
22.31	-0.26004
22.32	-0.26295
22.33	-0.26539
22.34	-0.26737
22.35	-0.26894
22.36	-0.27013
22.37	-0.27097
22.38	-0.27149
22.39	-0.27174
22.4	-0.27175
22.41	-0.27154
22.42	-0.27116
22.43	-0.27062
22.44	-0.26996
22.45	-0.26919
22.46	-0.26834
22.47	-0.26743
22.48	-0.26645
22.49	-0.26542
22.5	-0.26435
22.51	-0.26323
22.52	-0.26206
22.53	-0.26083
22.54	-0.25952
22.55	-0.25812
22.56	-0.25662
22.57	-0.25498
22.58	-0.25319
22.59	-0.25121
22.6	-0.24903
22.61	-0.2466
22.62	-0.2439
22.63	-0.24089
22.64	-0.23754
22.65	-0.23383
22.66	-0.22971
22.67	-0.22516
22.68	-0.22015
22.69	-0.21464
22.7	-0.20861
22.71	-0.20204
22.72	-0.1949
22.73	-0.18717
22.74	-0.17884
22.75	-0.16988
22.76	-0.16029
22.77	-0.15007
22.78	-0.1392
22.79	-0.12768
22.8	-0.11552
22.81	-0.10273
22.82	-0.08931
22.83	-0.07528
22.84	-0.06066
22.85	-0.04547
22.86	-0.02975
22.87	-0.01352
22.88	0.00318
22.89	0.02031
22.9	0.03782
22.91	0.05567
22.92	0.07379
22.93	0.09215
22.94	0.11066
22.95	0.12928
22.96	0.14793
22.97	0.16655
22.98	0.18506
22.99	0.20339
23	0.22147
23.01	0.23923
23.02	0.25658
23.03	0.27346
23.04	0.28979
23.05	0.3055
23.06	0.32053
23.07	0.3348
23.08	0.34825
23.09	0.36083
23.1	0.37248
23.11	0.38315
23.12	0.3928
23.13	0.40139
23.14	0.40889
23.15	0.41527
23.16	0.42053
23.17	0.42464
23.18	0.4276
23.19	0.42942
23.2	0.43009
23.21	0.42965
23.22	0.42811
23.23	0.42549
23.24	0.42182
23.25	0.41715
23.26	0.41151
23.27	0.40494
23.28	0.39749
23.29	0.38921
23.3	0.38014
23.31	0.37034
23.32	0.35985
23.33	0.34872
23.34	0.33699
23.35	0.32472
23.36	0.31194
23.37	0.29869
23.38	0.285
23.39	0.27092
23.4	0.25646
23.41	0.24166
23.42	0.22652
23.43	0.21107
23.44	0.19532
23.45	0.17928
23.46	0.16295
23.47	0.14632
23.48	0.12941
23.49	0.11221
23.5	0.09471
23.51	0.0769
23.52	0.05878
23.53	0.04034
23.54	0.02157
23.55	0.00247
23.56	-0.01698
23.57	-0.03677
23.58	-0.05691
23.59	-0.07739
23.6	-0.09821
23.61	-0.11936
23.62	-0.14082
23.63	-0.16257
23.64	-0.1846
23.65	-0.20688
23.66	-0.22936
23.67	-0.25203
23.68	-0.27483
23.69	-0.29771
23.7	-0.32064
23.71	-0.34355
23.72	-0.36638
23.73	-0.38908
23.74	-0.41158
23.75	-0.43382
23.76	-0.45572
23.77	-0.47723
23.78	-0.49827
23.79	-0.51877
23.8	-0.53867
23.81	-0.5579
23.82	-0.5764
23.83	-0.59411
23.84	-0.61095
23.85	-0.62689
23.86	-0.64187
23.87	-0.65584
23.88	-0.66875
23.89	-0.68057
23.9	-0.69126
23.91	-0.70079
23.92	-0.70914
23.93	-0.71628
23.94	-0.7222
23.95	-0.72689
23.96	-0.73034
23.97	-0.73255
23.98	-0.73353
23.99	-0.73327
24	-0.73178
24.01	-0.72909
24.02	-0.72521
24.03	-0.72016
24.04	-0.71397
24.05	-0.70665
24.06	-0.69825
24.07	-0.68879
24.08	-0.67831
24.09	-0.66684
24.1	-0.65443
24.11	-0.64112
24.12	-0.62694
24.13	-0.61195
24.14	-0.59619
24.15	-0.5797
24.16	-0.56254
24.17	-0.54475
24.18	-0.52639
24.19	-0.50751
24.2	-0.48815
24.21	-0.46837
24.22	-0.44822
24.23	-0.42776
24.24	-0.40702
24.25	-0.38608
24.26	-0.36496
24.27	-0.34373
24.28	-0.32243
24.29	-0.3011
24.3	-0.2798
24.31	-0.25857
24.32	-0.23744
24.33	-0.21647
24.34	-0.19568
24.35	-0.17511
24.36	-0.1548
24.37	-0.13479
24.38	-0.11509
24.39	-0.09574
24.4	-0.07677
24.41	-0.05819
24.42	-0.04004
24.43	-0.02233
24.44	-0.00507
24.45	0.0117
24.46	0.02799
24.47	0.04378
24.48	0.05905
24.49	0.0738
24.5	0.08802
24.51	0.1017
24.52	0.11484
24.53	0.12744
24.54	0.1395
24.55	0.15101
24.56	0.16198
24.57	0.17242
24.58	0.18232
24.59	0.1917
24.6	0.20057
24.61	0.20894
24.62	0.21683
24.63	0.22424
24.64	0.2312
24.65	0.23773
24.66	0.24386
24.67	0.2496
24.68	0.25499
24.69	0.26006
24.7	0.26484
24.71	0.26936
24.72	0.27366
24.73	0.27777
24.74	0.28175
24.75	0.28562
24.76	0.28943
24.77	0.29322
24.78	0.29703
24.79	0.3009
24.8	0.30487
24.81	0.30899
24.82	0.31328
24.83	0.31779
24.84	0.32253
24.85	0.32755
24.86	0.33286
24.87	0.33849
24.88	0.34444
24.89	0.35073
24.9	0.35735
24.91	0.36431
24.92	0.3716
24.93	0.37919
24.94	0.38707
24.95	0.3952
24.96	0.40356
24.97	0.41209
24.98	0.42076
24.99	0.4295
25	0.43826
25.01	0.44699
25.02	0.4556
25.03	0.46404
25.04	0.47223
25.05	0.48011
25.06	0.48759
25.07	0.49461
25.08	0.50111
25.09	0.507
25.1	0.51224
25.11	0.51675
25.12	0.5205
25.13	0.52342
25.14	0.52549
25.15	0.52667
25.16	0.52693
25.17	0.52626
25.18	0.52465
25.19	0.52211
25.2	0.51864
25.21	0.51426
25.22	0.509
25.23	0.5029
25.24	0.49601
25.25	0.48836
25.26	0.48003
25.27	0.47107
25.28	0.46156
25.29	0.45155
25.3	0.44114
25.31	0.43039
25.32	0.41939
25.33	0.4082
25.34	0.39692
25.35	0.3856
25.36	0.37433
25.37	0.36317
25.38	0.35217
25.39	0.34141
25.4	0.33093
25.41	0.32076
25.42	0.31096
25.43	0.30155
25.44	0.29255
25.45	0.28398
25.46	0.27584
25.47	0.26813
25.48	0.26085
25.49	0.25399
25.5	0.24751
25.51	0.24141
25.52	0.23564
25.53	0.23017
25.54	0.22496
25.55	0.21997
25.56	0.21515
25.57	0.21046
25.58	0.20585
25.59	0.20127
25.6	0.19668
25.61	0.19203
25.62	0.18728
25.63	0.18239
25.64	0.17732
25.65	0.17204
25.66	0.16652
25.67	0.16073
25.68	0.15467
25.69	0.1483
25.7	0.14162
25.71	0.13464
25.72	0.12734
25.73	0.11974
25.74	0.11185
25.75	0.10368
25.76	0.09525
25.77	0.08659
25.78	0.07773
25.79	0.0687
25.8	0.05953
25.81	0.05026
25.82	0.04093
25.83	0.03158
25.84	0.02224
25.85	0.01296
25.86	0.00378
25.87	-0.00527
25.88	-0.01414
25.89	-0.0228
25.9	-0.03122
25.91	-0.03937
25.92	-0.04722
25.93	-0.05474
25.94	-0.06193
25.95	-0.06875
25.96	-0.07521
25.97	-0.08129
25.98	-0.08699
25.99	-0.09231
26	-0.09726
26.01	-0.10185
26.02	-0.1061
26.03	-0.11002
26.04	-0.11364
26.05	-0.11698
26.06	-0.12008
26.07	-0.12296
26.08	-0.12567
26.09	-0.12825
26.1	-0.13072
26.11	-0.13314
26.12	-0.13556
26.13	-0.138
26.14	-0.14053
26.15	-0.14317
26.16	-0.14599
26.17	-0.14901
26.18	-0.15229
26.19	-0.15586
26.2	-0.15976
26.21	-0.16402
26.22	-0.16867
26.23	-0.17375
26.24	-0.17928
26.25	-0.18528
26.26	-0.19176
26.27	-0.19875
26.28	-0.20625
26.29	-0.21427
26.3	-0.2228
26.31	-0.23185
26.32	-0.24141
26.33	-0.25146
26.34	-0.26199
26.35	-0.27299
26.36	-0.28443
26.37	-0.29629
26.38	-0.30854
26.39	-0.32115
26.4	-0.33408
26.41	-0.34731
26.42	-0.36079
26.43	-0.3745
26.44	-0.38838
26.45	-0.4024
26.46	-0.41652
26.47	-0.43069
26.48	-0.44488
26.49	-0.45905
26.5	-0.47314
26.51	-0.48712
26.52	-0.50095
26.53	-0.51459
26.54	-0.52799
26.55	-0.54113
26.56	-0.55395
26.57	-0.56642
26.58	-0.5785
26.59	-0.59017
26.6	-0.60137
26.61	-0.6121
26.62	-0.6223
26.63	-0.63195
26.64	-0.64103
26.65	-0.64951
26.66	-0.65737
26.67	-0.66457
26.68	-0.67111
26.69	-0.67697
26.7	-0.68213
26.71	-0.68657
26.72	-0.6903
26.73	-0.69329
26.74	-0.69555
26.75	-0.69708
26.76	-0.69786
26.77	-0.69791
26.78	-0.69723
26.79	-0.69583
26.8	-0.69371
26.81	-0.69089
26.82	-0.68737
26.83	-0.68318
26.84	-0.67833
26.85	-0.67283
26.86	-0.6667
26.87	-0.65996
26.88	-0.65263
26.89	-0.64473
26.9	-0.63627
26.91	-0.62727
26.92	-0.61775
26.93	-0.60771
26.94	-0.59718
26.95	-0.58617
26.96	-0.57468
26.97	-0.56272
26.98	-0.55029
26.99	-0.53741
27	-0.52406
27.01	-0.51025
27.02	-0.49597
27.03	-0.48121
27.04	-0.46596
27.05	-0.45022
27.06	-0.43397
27.07	-0.4172
27.08	-0.3999
27.09	-0.38204
27.1	-0.36362
27.11	-0.34462
27.12	-0.32503
27.13	-0.30485
27.14	-0.28405
27.15	-0.26264
27.16	-0.24062
27.17	-0.21798
27.18	-0.19473
27.19	-0.17088
27.2	-0.14646
27.21	-0.12147
27.22	-0.09595
27.23	-0.06992
27.24	-0.04342
27.25	-0.0165
27.26	0.01081
27.27	0.03844
27.28	0.06633
27.29	0.09444
27.3	0.12269
27.31	0.15101
27.32	0.17933
27.33	0.20757
27.34	0.23566
27.35	0.26352
27.36	0.29107
27.37	0.31822
27.38	0.34491
27.39	0.37104
27.4	0.39655
27.41	0.42136
27.42	0.44539
27.43	0.46858
27.44	0.49087
27.45	0.51218
27.46	0.53247
27.47	0.55168
27.48	0.56976
27.49	0.58667
27.5	0.60237
27.51	0.61684
27.52	0.63004
27.53	0.64196
27.54	0.65257
27.55	0.66188
27.56	0.66986
27.57	0.67653
27.58	0.6819
27.59	0.68596
27.6	0.68875
27.61	0.69027
27.62	0.69056
27.63	0.68964
27.64	0.68755
27.65	0.68432
27.66	0.68001
27.67	0.67464
27.68	0.66828
27.69	0.66096
27.7	0.65275
27.71	0.6437
27.72	0.63386
27.73	0.62329
27.74	0.61206
27.75	0.60022
27.76	0.58784
27.77	0.57497
27.78	0.56167
27.79	0.54801
27.8	0.53404
27.81	0.51983
27.82	0.50542
27.83	0.49087
27.84	0.47623
27.85	0.46155
27.86	0.44688
27.87	0.43227
27.88	0.41775
27.89	0.40336
27.9	0.38914
27.91	0.37512
27.92	0.36133
27.93	0.34779
27.94	0.33454
27.95	0.32159
27.96	0.30895
27.97	0.29666
27.98	0.28471
27.99	0.27312
28	0.26191
28.01	0.25108
28.02	0.24063
28.03	0.23058
28.04	0.22092
28.05	0.21167
28.06	0.20283
28.07	0.19439
28.08	0.18637
28.09	0.17876
28.1	0.17157
28.11	0.1648
28.12	0.15845
28.13	0.15252
28.14	0.14701
28.15	0.14193
28.16	0.13727
28.17	0.13304
28.18	0.12923
28.19	0.12584
28.2	0.12287
28.21	0.12031
28.22	0.11817
28.23	0.11644
28.24	0.1151
28.25	0.11416
28.26	0.1136
28.27	0.11341
28.28	0.11358
28.29	0.1141
28.3	0.11494
28.31	0.1161
28.32	0.11755
28.33	0.11928
28.34	0.12127
28.35	0.1235
28.36	0.12594
28.37	0.12857
28.38	0.13138
28.39	0.13433
28.4	0.1374
28.41	0.14058
28.42	0.14384
28.43	0.14716
28.44	0.15052
28.45	0.15389
28.46	0.15726
28.47	0.1606
28.48	0.16391
28.49	0.16716
28.5	0.17034
28.51	0.17344
28.52	0.17644
28.53	0.17932
28.54	0.18209
28.55	0.18472
28.56	0.18721
28.57	0.18955
28.58	0.19173
28.59	0.19374
28.6	0.19558
28.61	0.19724
28.62	0.19871
28.63	0.19997
28.64	0.20104
28.65	0.20188
28.66	0.2025
28.67	0.20288
28.68	0.20301
28.69	0.20288
28.7	0.20248
28.71	0.2018
28.72	0.20081
28.73	0.1995
28.74	0.19787
28.75	0.19589
28.76	0.19354
28.77	0.19082
28.78	0.18771
28.79	0.18419
28.8	0.18025
28.81	0.17588
28.82	0.17107
28.83	0.1658
28.84	0.16008
28.85	0.1539
28.86	0.14726
28.87	0.14015
28.88	0.13258
28.89	0.12457
28.9	0.11611
28.91	0.10722
28.92	0.09792
28.93	0.08822
28.94	0.07815
28.95	0.06774
28.96	0.057
28.97	0.04598
28.98	0.03469
28.99	0.02319
29	0.01149
29.01	-3.55039E-4
29.02	-0.01231
29.03	-0.02435
29.04	-0.03642
29.05	-0.04848
29.06	-0.06051
29.07	-0.07245
29.08	-0.08428
29.09	-0.09596
29.1	-0.10746
29.11	-0.11875
29.12	-0.1298
29.13	-0.14058
29.14	-0.15107
29.15	-0.16126
29.16	-0.17111
29.17	-0.18062
29.18	-0.18979
29.19	-0.19859
29.2	-0.20702
29.21	-0.21508
29.22	-0.22278
29.23	-0.23011
29.24	-0.23707
29.25	-0.24369
29.26	-0.24995
29.27	-0.25588
29.28	-0.26148
29.29	-0.26677
29.3	-0.27177
29.31	-0.27649
29.32	-0.28094
29.33	-0.28514
29.34	-0.28912
29.35	-0.29288
29.36	-0.29645
29.37	-0.29984
29.38	-0.30308
29.39	-0.30617
29.4	-0.30915
29.41	-0.31203
29.42	-0.31483
29.43	-0.31757
29.44	-0.32027
29.45	-0.32295
29.46	-0.32563
29.47	-0.32833
29.48	-0.33106
29.49	-0.33386
29.5	-0.33674
29.51	-0.33971
29.52	-0.34281
29.53	-0.34604
29.54	-0.34942
29.55	-0.35297
29.56	-0.35671
29.57	-0.36064
29.58	-0.36478
29.59	-0.36914
29.6	-0.37372
29.61	-0.37852
29.62	-0.38355
29.63	-0.3888
29.64	-0.39427
29.65	-0.39994
29.66	-0.4058
29.67	-0.41182
29.68	-0.418
29.69	-0.4243
29.7	-0.43069
29.71	-0.43714
29.72	-0.44361
29.73	-0.45006
29.74	-0.45645
29.75	-0.46273
29.76	-0.46885
29.77	-0.47477
29.78	-0.48042
29.79	-0.48577
29.8	-0.49075
29.81	-0.49531
29.82	-0.4994
29.83	-0.50298
29.84	-0.50598
29.85	-0.50837
29.86	-0.51009
29.87	-0.5111
29.88	-0.51137
29.89	-0.51086
29.9	-0.50953
29.91	-0.50736
29.92	-0.50433
29.93	-0.50041
29.94	-0.4956
29.95	-0.48987
29.96	-0.48324
29.97	-0.47569
29.98	-0.46724
29.99	-0.45789
30	-0.44766
30.01	-0.43656
30.02	-0.42463
30.03	-0.41189
30.04	-0.39838
30.05	-0.38412
30.06	-0.36916
30.07	-0.35354
30.08	-0.33731
30.09	-0.32052
30.1	-0.30321
30.11	-0.28543
30.12	-0.26726
30.13	-0.24872
30.14	-0.2299
30.15	-0.21083
30.16	-0.19157
30.17	-0.17219
30.18	-0.15273
30.19	-0.13326
30.2	-0.11382
30.21	-0.09447
30.22	-0.07525
30.23	-0.05622
30.24	-0.03742
30.25	-0.0189
30.26	-6.89409E-4
30.27	0.01717
30.28	0.03463
30.29	0.05167
30.3	0.06827
30.31	0.08438
30.32	0.09998
30.33	0.11506
30.34	0.1296
30.35	0.14358
30.36	0.15698
30.37	0.1698
30.38	0.18203
30.39	0.19366
30.4	0.2047
30.41	0.21514
30.42	0.22498
30.43	0.23423
30.44	0.24289
30.45	0.25097
30.46	0.25849
30.47	0.26546
30.48	0.27188
30.49	0.27778
30.5	0.28318
30.51	0.28809
30.52	0.29254
30.53	0.29654
30.54	0.30013
30.55	0.30332
30.56	0.30615
30.57	0.30864
30.58	0.31082
30.59	0.31272
30.6	0.31436
30.61	0.31578
30.62	0.31701
30.63	0.31807
30.64	0.31899
30.65	0.3198
30.66	0.32053
30.67	0.32121
30.68	0.32184
30.69	0.32246
30.7	0.32309
30.71	0.32374
30.72	0.32443
30.73	0.32517
30.74	0.32597
30.75	0.32683
30.76	0.32776
30.77	0.32875
30.78	0.32982
30.79	0.33094
30.8	0.33211
30.81	0.33333
30.82	0.33458
30.83	0.33585
30.84	0.33711
30.85	0.33836
30.86	0.33957
30.87	0.34072
30.88	0.3418
30.89	0.34278
30.9	0.34365
30.91	0.34438
30.92	0.34496
30.93	0.34536
30.94	0.34559
30.95	0.34562
30.96	0.34544
30.97	0.34504
30.98	0.34441
30.99	0.34356
31	0.34248
31.01	0.34117
31.02	0.33964
31.03	0.33788
31.04	0.33592
31.05	0.33375
31.06	0.33139
31.07	0.32885
31.08	0.32614
31.09	0.32329
31.1	0.3203
31.11	0.31719
31.12	0.31398
31.13	0.31068
31.14	0.3073
31.15	0.30386
31.16	0.30036
31.17	0.29682
31.18	0.29325
31.19	0.28964
31.2	0.28599
31.21	0.28231
31.22	0.2786
31.23	0.27484
31.24	0.27103
31.25	0.26715
31.26	0.2632
31.27	0.25914
31.28	0.25498
31.29	0.25067
31.3	0.24622
31.31	0.24158
31.32	0.23674
31.33	0.23168
31.34	0.22637
31.35	0.22079
31.36	0.21492
31.37	0.20874
31.38	0.20223
31.39	0.19538
31.4	0.18818
31.41	0.18062
31.42	0.1727
31.43	0.1644
31.44	0.15573
31.45	0.1467
31.46	0.13731
31.47	0.12758
31.48	0.11753
31.49	0.10716
31.5	0.09651
31.51	0.08559
31.52	0.07444
31.53	0.06308
31.54	0.05155
31.55	0.03988
31.56	0.02809
31.57	0.01624
31.58	0.00435
31.59	-0.00755
31.6	-0.01941
31.61	-0.03121
31.62	-0.0429
31.63	-0.05446
31.64	-0.06586
31.65	-0.07706
31.66	-0.08804
31.67	-0.09877
31.68	-0.10923
31.69	-0.11938
31.7	-0.12922
31.71	-0.13872
31.72	-0.14786
31.73	-0.15663
31.74	-0.16501
31.75	-0.17299
31.76	-0.18056
31.77	-0.1877
31.78	-0.19441
31.79	-0.20068
31.8	-0.20651
31.81	-0.21188
31.82	-0.21679
31.83	-0.22124
31.84	-0.22523
31.85	-0.22875
31.86	-0.2318
31.87	-0.23438
31.88	-0.2365
31.89	-0.23815
31.9	-0.23934
31.91	-0.24008
31.92	-0.24038
31.93	-0.24023
31.94	-0.23966
31.95	-0.23867
31.96	-0.23728
31.97	-0.2355
31.98	-0.23335
31.99	-0.23085
32	-0.22801
32.01	-0.22487
32.02	-0.22144
32.03	-0.21774
32.04	-0.2138
32.05	-0.20965
32.06	-0.20531
32.07	-0.2008
32.08	-0.19616
32.09	-0.19141
32.1	-0.18657
32.11	-0.18166
32.12	-0.17671
32.13	-0.17174
32.14	-0.16676
32.15	-0.16178
32.16	-0.15683
32.17	-0.15192
32.18	-0.14704
32.19	-0.14221
32.2	-0.13743
32.21	-0.13269
32.22	-0.12799
32.23	-0.12334
32.24	-0.11872
32.25	-0.11412
32.26	-0.10953
32.27	-0.10493
32.28	-0.10033
32.29	-0.0957
32.3	-0.09104
32.31	-0.08632
32.32	-0.08155
32.33	-0.07671
32.34	-0.07179
32.35	-0.0668
32.36	-0.06173
32.37	-0.05658
32.38	-0.05137
32.39	-0.0461
32.4	-0.04078
32.41	-0.03543
32.42	-0.03008
32.43	-0.02474
32.44	-0.01945
32.45	-0.01424
32.46	-0.00915
32.47	-0.0042
32.48	5.58494E-4
32.49	0.00509
32.5	0.00935
32.51	0.01329
32.52	0.01689
32.53	0.02009
32.54	0.02286
32.55	0.02517
32.56	0.02697
32.57	0.02825
32.58	0.02896
32.59	0.0291
32.6	0.02863
32.61	0.02756
32.62	0.02586
32.63	0.02355
32.64	0.0206
32.65	0.01705
32.66	0.01288
32.67	0.00813
32.68	0.00281
32.69	-0.00306
32.7	-0.00944
32.71	-0.01631
32.72	-0.02364
32.73	-0.03138
32.74	-0.03949
32.75	-0.04795
32.76	-0.0567
32.77	-0.06571
32.78	-0.07494
32.79	-0.08434
32.8	-0.09388
32.81	-0.10352
32.82	-0.11321
32.83	-0.12292
32.84	-0.13263
32.85	-0.14228
32.86	-0.15186
32.87	-0.16133
32.88	-0.17067
32.89	-0.17985
32.9	-0.18884
32.91	-0.19763
32.92	-0.20619
32.93	-0.2145
32.94	-0.22255
32.95	-0.23031
32.96	-0.23778
32.97	-0.24494
32.98	-0.25177
32.99	-0.25825
33	-0.26439
33.01	-0.27015
33.02	-0.27554
33.03	-0.28054
33.04	-0.28513
33.05	-0.28931
33.06	-0.29307
33.07	-0.2964
33.08	-0.29928
33.09	-0.30172
33.1	-0.30369
33.11	-0.30521
33.12	-0.30625
33.13	-0.30681
33.14	-0.3069
33.15	-0.30651
33.16	-0.30563
33.17	-0.30427
33.18	-0.30242
33.19	-0.30009
33.2	-0.29729
33.21	-0.29401
33.22	-0.29027
33.23	-0.28606
33.24	-0.2814
33.25	-0.2763
33.26	-0.27076
33.27	-0.2648
33.28	-0.25843
33.29	-0.25166
33.3	-0.2445
33.31	-0.23696
33.32	-0.22907
33.33	-0.22083
33.34	-0.21226
33.35	-0.20338
33.36	-0.19419
33.37	-0.18472
33.38	-0.17498
33.39	-0.16499
33.4	-0.15476
33.41	-0.14432
33.42	-0.13367
33.43	-0.12285
33.44	-0.11186
33.45	-0.10072
33.46	-0.08946
33.47	-0.0781
33.48	-0.06666
33.49	-0.05516
33.5	-0.04362
33.51	-0.03207
33.52	-0.02053
33.53	-0.00904
33.54	0.0024
33.55	0.01374
33.56	0.02497
33.57	0.03605
33.58	0.04696
33.59	0.05766
33.6	0.06814
33.61	0.07836
33.62	0.08831
33.63	0.09794
33.64	0.10724
33.65	0.11618
33.66	0.12475
33.67	0.13291
33.68	0.14065
33.69	0.14795
33.7	0.1548
33.71	0.16117
33.72	0.16707
33.73	0.17248
33.74	0.17739
33.75	0.18179
33.76	0.1857
33.77	0.1891
33.78	0.192
33.79	0.1944
33.8	0.19632
33.81	0.19776
33.82	0.19873
33.83	0.19926
33.84	0.19935
33.85	0.19904
33.86	0.19834
33.87	0.19728
33.88	0.19588
33.89	0.19418
33.9	0.19221
33.91	0.18999
33.92	0.18757
33.93	0.18498
33.94	0.18227
33.95	0.17946
33.96	0.1766
33.97	0.17373
33.98	0.1709
33.99	0.16814
34	0.16551
34.01	0.16303
34.02	0.16075
34.03	0.15872
34.04	0.15696
34.05	0.15552
34.06	0.15443
34.07	0.15372
34.08	0.15342
34.09	0.15356
34.1	0.15416
34.11	0.15523
34.12	0.15679
34.13	0.15885
34.14	0.1614
34.15	0.16447
34.16	0.16802
34.17	0.17207
34.18	0.17658
34.19	0.18155
34.2	0.18695
34.21	0.19274
34.22	0.1989
34.23	0.2054
34.24	0.21219
34.25	0.21922
34.26	0.22646
34.27	0.23386
34.28	0.24137
34.29	0.24894
34.3	0.25653
34.31	0.26407
34.32	0.27152
34.33	0.27884
34.34	0.28597
34.35	0.29288
34.36	0.29952
34.37	0.30584
34.38	0.31182
34.39	0.31743
34.4	0.32262
34.41	0.32739
34.42	0.3317
34.43	0.33554
34.44	0.3389
34.45	0.34176
34.46	0.34414
34.47	0.34601
34.48	0.3474
34.49	0.3483
34.5	0.34872
34.51	0.34868
34.52	0.3482
34.53	0.34729
34.54	0.34597
34.55	0.34426
34.56	0.34218
34.57	0.33977
34.58	0.33704
34.59	0.33401
34.6	0.33071
34.61	0.32715
34.62	0.32337
34.63	0.31938
34.64	0.31519
34.65	0.31083
34.66	0.3063
34.67	0.30163
34.68	0.29682
34.69	0.29187
34.7	0.2868
34.71	0.28161
34.72	0.2763
34.73	0.27088
34.74	0.26534
34.75	0.25968
34.76	0.25391
34.77	0.248
34.78	0.24197
34.79	0.23581
34.8	0.22951
34.81	0.22306
34.82	0.21647
34.83	0.20972
34.84	0.20281
34.85	0.19574
34.86	0.18849
34.87	0.18108
34.88	0.17349
34.89	0.16571
34.9	0.15776
34.91	0.14962
34.92	0.14129
34.93	0.13277
34.94	0.12406
34.95	0.11516
34.96	0.10607
34.97	0.09677
34.98	0.08729
34.99	0.0776
35	0.06772
35.01	0.05765
35.02	0.04737
35.03	0.03691
35.04	0.02626
35.05	0.01542
35.06	0.0044
35.07	-0.0068
35.08	-0.01816
35.09	-0.02968
35.1	-0.04133
35.11	-0.05312
35.12	-0.06502
35.13	-0.07701
35.14	-0.08907
35.15	-0.10117
35.16	-0.1133
35.17	-0.1254
35.18	-0.13746
35.19	-0.14944
35.2	-0.1613
35.21	-0.17301
35.22	-0.18451
35.23	-0.19577
35.24	-0.20675
35.25	-0.2174
35.26	-0.22768
35.27	-0.23754
35.28	-0.24695
35.29	-0.25586
35.3	-0.26424
35.31	-0.27205
35.32	-0.27926
35.33	-0.28584
35.34	-0.29176
35.35	-0.297
35.36	-0.30156
35.37	-0.30541
35.38	-0.30856
35.39	-0.311
35.4	-0.31274
35.41	-0.31378
35.42	-0.31416
35.43	-0.31388
35.44	-0.31297
35.45	-0.31147
35.46	-0.3094
35.47	-0.30682
35.48	-0.30375
35.49	-0.30026
35.5	-0.29638
35.51	-0.29216
35.52	-0.28767
35.53	-0.28294
35.54	-0.27803
35.55	-0.273
35.56	-0.2679
35.57	-0.26277
35.58	-0.25766
35.59	-0.25263
35.6	-0.24771
35.61	-0.24294
35.62	-0.23836
35.63	-0.23401
35.64	-0.22992
35.65	-0.22611
35.66	-0.2226
35.67	-0.21942
35.68	-0.21657
35.69	-0.21408
35.7	-0.21194
35.71	-0.21016
35.72	-0.20874
35.73	-0.20768
35.74	-0.20697
35.75	-0.20661
35.76	-0.20658
35.77	-0.20687
35.78	-0.20746
35.79	-0.20833
35.8	-0.20948
35.81	-0.21086
35.82	-0.21248
35.83	-0.21429
35.84	-0.21628
35.85	-0.21842
35.86	-0.22068
35.87	-0.22305
35.88	-0.22548
35.89	-0.22797
35.9	-0.23048
35.91	-0.23299
35.92	-0.23546
35.93	-0.23788
35.94	-0.24023
35.95	-0.24246
35.96	-0.24458
35.97	-0.24654
35.98	-0.24834
35.99	-0.24995
36	-0.25135
36.01	-0.25253
36.02	-0.25347
36.03	-0.25415
36.04	-0.25457
36.05	-0.2547
36.06	-0.25455
36.07	-0.25411
36.08	-0.25336
36.09	-0.25231
36.1	-0.25094
36.11	-0.24926
36.12	-0.24727
36.13	-0.24496
36.14	-0.24234
36.15	-0.23941
36.16	-0.23618
36.17	-0.23264
36.18	-0.22879
36.19	-0.22465
36.2	-0.22022
36.21	-0.21549
36.22	-0.21049
36.23	-0.2052
36.24	-0.19963
36.25	-0.19378
36.26	-0.18767
36.27	-0.18128
36.28	-0.17462
36.29	-0.16771
36.3	-0.16052
36.31	-0.15308
36.32	-0.14538
36.33	-0.13742
36.34	-0.12921
36.35	-0.12075
36.36	-0.11205
36.37	-0.10311
36.38	-0.09394
36.39	-0.08455
36.4	-0.07495
36.41	-0.06515
36.42	-0.05516
36.43	-0.04501
36.44	-0.0347
36.45	-0.02425
36.46	-0.01369
36.47	-0.00303
36.48	0.0077
36.49	0.01848
36.5	0.02929
36.51	0.0401
36.52	0.05088
36.53	0.06161
36.54	0.07227
36.55	0.08284
36.56	0.09328
36.57	0.10357
36.58	0.1137
36.59	0.12365
36.6	0.13339
36.61	0.1429
36.62	0.15218
36.63	0.16121
36.64	0.16998
36.65	0.17848
36.66	0.1867
36.67	0.19464
36.68	0.20228
36.69	0.20964
36.7	0.2167
36.71	0.22347
36.72	0.22994
36.73	0.23612
36.74	0.24201
36.75	0.24761
36.76	0.25293
36.77	0.25797
36.78	0.26272
36.79	0.2672
36.8	0.27139
36.81	0.27531
36.82	0.27896
36.83	0.28233
36.84	0.28543
36.85	0.28825
36.86	0.2908
36.87	0.29306
36.88	0.29505
36.89	0.29675
36.9	0.29817
36.91	0.29929
36.92	0.30013
36.93	0.30067
36.94	0.30091
36.95	0.30085
36.96	0.30048
36.97	0.29981
36.98	0.29883
36.99	0.29755
37	0.29595
37.01	0.29405
37.02	0.29183
37.03	0.28931
37.04	0.28648
37.05	0.28336
37.06	0.27993
37.07	0.27621
37.08	0.2722
37.09	0.26792
37.1	0.26336
37.11	0.25854
37.12	0.25347
37.13	0.24816
37.14	0.24263
37.15	0.23689
37.16	0.23096
37.17	0.22485
37.18	0.21858
37.19	0.21218
37.2	0.20567
37.21	0.19907
37.22	0.19241
37.23	0.18571
37.24	0.17899
37.25	0.1723
37.26	0.16565
37.27	0.15907
37.28	0.1526
37.29	0.14627
37.3	0.1401
37.31	0.13412
37.32	0.12836
37.33	0.12285
37.34	0.11762
37.35	0.11268
37.36	0.10807
37.37	0.1038
37.38	0.0999
37.39	0.09638
37.4	0.09325
37.41	0.09053
37.42	0.08822
37.43	0.08633
37.44	0.08486
37.45	0.08381
37.46	0.08318
37.47	0.08296
37.48	0.08313
37.49	0.08369
37.5	0.08462
37.51	0.08589
37.52	0.08749
37.53	0.08938
37.54	0.09153
37.55	0.09393
37.56	0.09653
37.57	0.09929
37.58	0.10218
37.59	0.10517
37.6	0.1082
37.61	0.11124
37.62	0.11424
37.63	0.11717
37.64	0.11998
37.65	0.12263
37.66	0.12507
37.67	0.12727
37.68	0.12919
37.69	0.13079
37.7	0.13203
37.71	0.13289
37.72	0.13332
37.73	0.13331
37.74	0.13282
37.75	0.13184
37.76	0.13035
37.77	0.12832
37.78	0.12576
37.79	0.12265
37.8	0.11899
37.81	0.11477
37.82	0.11001
37.83	0.10471
37.84	0.09888
37.85	0.09253
37.86	0.08569
37.87	0.07836
37.88	0.07059
37.89	0.06238
37.9	0.05377
37.91	0.04479
37.92	0.03546
37.93	0.02583
37.94	0.01593
37.95	0.00578
37.96	-0.00456
37.97	-0.01508
37.98	-0.02572
37.99	-0.03646
38	-0.04726
38.01	-0.05808
38.02	-0.06889
38.03	-0.07965
38.04	-0.09033
38.05	-0.10089
38.06	-0.1113
38.07	-0.12153
38.08	-0.13154
38.09	-0.14131
38.1	-0.1508
38.11	-0.15999
38.12	-0.16884
38.13	-0.17732
38.14	-0.18542
38.15	-0.1931
38.16	-0.20033
38.17	-0.2071
38.18	-0.21338
38.19	-0.21915
38.2	-0.22439
38.21	-0.22907
38.22	-0.23319
38.23	-0.23673
38.24	-0.23968
38.25	-0.24202
38.26	-0.24376
38.27	-0.24488
38.28	-0.2454
38.29	-0.2453
38.3	-0.2446
38.31	-0.24331
38.32	-0.24143
38.33	-0.239
38.34	-0.23603
38.35	-0.23253
38.36	-0.22856
38.37	-0.22412
38.38	-0.21927
38.39	-0.21403
38.4	-0.20845
38.41	-0.20257
38.42	-0.19643
38.43	-0.19009
38.44	-0.18358
38.45	-0.17696
38.46	-0.17028
38.47	-0.16358
38.48	-0.15691
38.49	-0.15033
38.5	-0.14386
38.51	-0.13757
38.52	-0.13148
38.53	-0.12565
38.54	-0.1201
38.55	-0.11486
38.56	-0.10998
38.57	-0.10547
38.58	-0.10136
38.59	-0.09766
38.6	-0.0944
38.61	-0.09158
38.62	-0.08922
38.63	-0.08731
38.64	-0.08587
38.65	-0.08489
38.66	-0.08436
38.67	-0.08429
38.68	-0.08465
38.69	-0.08545
38.7	-0.08666
38.71	-0.08828
38.72	-0.09028
38.73	-0.09265
38.74	-0.09536
38.75	-0.09841
38.76	-0.10176
38.77	-0.10541
38.78	-0.10931
38.79	-0.11347
38.8	-0.11785
38.81	-0.12243
38.82	-0.12719
38.83	-0.13211
38.84	-0.13718
38.85	-0.14236
38.86	-0.14764
38.87	-0.153
38.88	-0.15842
38.89	-0.16388
38.9	-0.16936
38.91	-0.17485
38.92	-0.18032
38.93	-0.18576
38.94	-0.19115
38.95	-0.19647
38.96	-0.20171
38.97	-0.20684
38.98	-0.21185
38.99	-0.21673
39	-0.22144
39.01	-0.22599
39.02	-0.23035
39.03	-0.23449
39.04	-0.23841
39.05	-0.24209
39.06	-0.24551
39.07	-0.24865
39.08	-0.25149
39.09	-0.25401
39.1	-0.25621
39.11	-0.25806
39.12	-0.25955
39.13	-0.26065
39.14	-0.26136
39.15	-0.26167
39.16	-0.26156
39.17	-0.26101
39.18	-0.26003
39.19	-0.25859
39.2	-0.2567
39.21	-0.25435
39.22	-0.25154
39.23	-0.24827
39.24	-0.24453
39.25	-0.24034
39.26	-0.2357
39.27	-0.23062
39.28	-0.22511
39.29	-0.21919
39.3	-0.21286
39.31	-0.20616
39.32	-0.19909
39.33	-0.19168
39.34	-0.18395
39.35	-0.17593
39.36	-0.16764
39.37	-0.15912
39.38	-0.15038
39.39	-0.14145
39.4	-0.13237
39.41	-0.12315
39.42	-0.11384
39.43	-0.10445
39.44	-0.09502
39.45	-0.08556
39.46	-0.0761
39.47	-0.06668
39.48	-0.0573
39.49	-0.04799
39.5	-0.03877
39.51	-0.02965
39.52	-0.02066
39.53	-0.01181
39.54	-0.00311
39.55	0.00543
39.56	0.0138
39.57	0.02198
39.58	0.02996
39.59	0.03775
39.6	0.04534
39.61	0.05271
39.62	0.05987
39.63	0.06681
39.64	0.07353
39.65	0.08002
39.66	0.08629
39.67	0.09233
39.68	0.09814
39.69	0.10372
39.7	0.10907
39.71	0.11419
39.72	0.11909
39.73	0.12375
39.74	0.12819
39.75	0.1324
39.76	0.13639
39.77	0.14016
39.78	0.14372
39.79	0.14707
39.8	0.15023
39.81	0.15319
39.82	0.15597
39.83	0.15859
39.84	0.16104
39.85	0.16335
39.86	0.16554
39.87	0.16762
39.88	0.16961
39.89	0.17152
39.9	0.1734
39.91	0.17524
39.92	0.17709
39.93	0.17897
39.94	0.18089
39.95	0.1829
39.96	0.185
39.97	0.18724
39.98	0.18963
39.99	0.1922
40	0.19497
40.01	0.19797
40.02	0.20121
40.03	0.20471
40.04	0.20848
40.05	0.21254
40.06	0.21689
40.07	0.22155
40.08	0.2265
40.09	0.23175
40.1	0.2373
40.11	0.24312
40.12	0.24921
40.13	0.25555
40.14	0.26212
40.15	0.26889
40.16	0.27583
40.17	0.28291
40.18	0.2901
40.19	0.29736
40.2	0.30465
40.21	0.31192
40.22	0.31915
40.23	0.32627
40.24	0.33326
40.25	0.34006
40.26	0.34664
40.27	0.35295
40.28	0.35895
40.29	0.3646
40.3	0.36987
40.31	0.37472
40.32	0.37912
40.33	0.38303
40.34	0.38644
40.35	0.38932
40.36	0.39165
40.37	0.39342
40.38	0.39461
40.39	0.39521
40.4	0.39522
40.41	0.39464
40.42	0.39347
40.43	0.39171
40.44	0.38937
40.45	0.38646
40.46	0.38299
40.47	0.37899
40.48	0.37446
40.49	0.36944
40.5	0.36393
40.51	0.35797
40.52	0.35157
40.53	0.34477
40.54	0.3376
40.55	0.33007
40.56	0.32222
40.57	0.31408
40.58	0.30567
40.59	0.29702
40.6	0.28816
40.61	0.27912
40.62	0.26992
40.63	0.26058
40.64	0.25115
40.65	0.24162
40.66	0.23204
40.67	0.22241
40.68	0.21277
40.69	0.20312
40.7	0.19348
40.71	0.18388
40.72	0.17431
40.73	0.16481
40.74	0.15536
40.75	0.146
40.76	0.13671
40.77	0.12751
40.78	0.1184
40.79	0.10939
40.8	0.10046
40.81	0.09163
40.82	0.08289
40.83	0.07424
40.84	0.06566
40.85	0.05717
40.86	0.04874
40.87	0.04037
40.88	0.03205
40.89	0.02377
40.9	0.01553
40.91	0.0073
40.92	-9.09748E-4
40.93	-0.00912
40.94	-0.01734
40.95	-0.02558
40.96	-0.03385
40.97	-0.04215
40.98	-0.05049
40.99	-0.05888
41	-0.06732
41.01	-0.0758
41.02	-0.08434
41.03	-0.09292
41.04	-0.10155
41.05	-0.11021
41.06	-0.11889
41.07	-0.12759
41.08	-0.13629
41.09	-0.14497
41.1	-0.15362
41.11	-0.16221
41.12	-0.17073
41.13	-0.17914
41.14	-0.18742
41.15	-0.19554
41.16	-0.20348
41.17	-0.21121
41.18	-0.21869
41.19	-0.22589
41.2	-0.23279
41.21	-0.23935
41.22	-0.24555
41.23	-0.25136
41.24	-0.25675
41.25	-0.26169
41.26	-0.26617
41.27	-0.27015
41.28	-0.27363
41.29	-0.27658
41.3	-0.279
41.31	-0.28086
41.32	-0.28217
41.33	-0.28291
41.34	-0.28309
41.35	-0.2827
41.36	-0.28175
41.37	-0.28025
41.38	-0.2782
41.39	-0.27562
41.4	-0.27253
41.41	-0.26894
41.42	-0.26488
41.43	-0.26037
41.44	-0.25542
41.45	-0.25009
41.46	-0.24438
41.47	-0.23834
41.48	-0.23199
41.49	-0.22538
41.5	-0.21854
41.51	-0.2115
41.52	-0.20431
41.53	-0.19701
41.54	-0.18963
41.55	-0.18221
41.56	-0.1748
41.57	-0.16744
41.58	-0.16016
41.59	-0.15302
41.6	-0.14603
41.61	-0.13926
41.62	-0.13272
41.63	-0.12646
41.64	-0.12052
41.65	-0.11492
41.66	-0.10969
41.67	-0.10487
41.68	-0.10048
41.69	-0.09654
41.7	-0.09308
41.71	-0.0901
41.72	-0.08763
41.73	-0.08567
41.74	-0.08424
41.75	-0.08332
41.76	-0.08293
41.77	-0.08307
41.78	-0.08371
41.79	-0.08485
41.8	-0.08648
41.81	-0.08858
41.82	-0.09113
41.83	-0.0941
41.84	-0.09746
41.85	-0.10119
41.86	-0.10526
41.87	-0.10963
41.88	-0.11427
41.89	-0.11914
41.9	-0.12421
41.91	-0.12943
41.92	-0.13478
41.93	-0.14021
41.94	-0.14568
41.95	-0.15116
41.96	-0.15662
41.97	-0.16202
41.98	-0.16733
41.99	-0.17251
42	-0.17754
42.01	-0.18239
42.02	-0.18703
42.03	-0.19143
42.04	-0.19558
42.05	-0.19946
42.06	-0.20304
42.07	-0.20631
42.08	-0.20925
42.09	-0.21185
42.1	-0.21409
42.11	-0.21597
42.12	-0.21748
42.13	-0.21859
42.14	-0.21932
42.15	-0.21964
42.16	-0.21956
42.17	-0.21906
42.18	-0.21816
42.19	-0.21683
42.2	-0.21508
42.21	-0.21291
42.22	-0.21032
42.23	-0.2073
42.24	-0.20386
42.25	-0.20001
42.26	-0.19574
42.27	-0.19105
42.28	-0.18597
42.29	-0.18048
42.3	-0.17461
42.31	-0.16836
42.32	-0.16175
42.33	-0.15478
42.34	-0.14748
42.35	-0.13985
42.36	-0.13192
42.37	-0.12371
42.38	-0.11523
42.39	-0.1065
42.4	-0.09756
42.41	-0.08841
42.42	-0.07909
42.43	-0.06962
42.44	-0.06002
42.45	-0.05032
42.46	-0.04055
42.47	-0.03072
42.48	-0.02086
42.49	-0.011
42.5	-0.00116
42.51	0.00864
42.52	0.01838
42.53	0.02804
42.54	0.03759
42.55	0.04702
42.56	0.05632
42.57	0.06546
42.58	0.07443
42.59	0.08321
42.6	0.0918
42.61	0.10019
42.62	0.10835
42.63	0.11629
42.64	0.12399
42.65	0.13144
42.66	0.13864
42.67	0.14557
42.68	0.15224
42.69	0.15864
42.7	0.16476
42.71	0.17059
42.72	0.17613
42.73	0.18138
42.74	0.18633
42.75	0.19098
42.76	0.19532
42.77	0.19935
42.78	0.20307
42.79	0.20648
42.8	0.20957
42.81	0.21235
42.82	0.21481
42.83	0.21696
42.84	0.2188
42.85	0.22033
42.86	0.22155
42.87	0.22247
42.88	0.22311
42.89	0.22345
42.9	0.22352
42.91	0.22332
42.92	0.22286
42.93	0.22216
42.94	0.22123
42.95	0.22007
42.96	0.21871
42.97	0.21715
42.98	0.21542
42.99	0.21353
43	0.21148
43.01	0.20931
43.02	0.20702
43.03	0.20462
43.04	0.20214
43.05	0.19958
43.06	0.19696
43.07	0.19429
43.08	0.19158
43.09	0.18884
43.1	0.1861
43.11	0.18334
43.12	0.18059
43.13	0.17784
43.14	0.17512
43.15	0.17241
43.16	0.16974
43.17	0.16709
43.18	0.16449
43.19	0.16193
43.2	0.1594
43.21	0.15693
43.22	0.1545
43.23	0.15212
43.24	0.14979
43.25	0.14751
43.26	0.14528
43.27	0.1431
43.28	0.14096
43.29	0.13888
43.3	0.13684
43.31	0.13484
43.32	0.13289
43.33	0.13097
43.34	0.12909
43.35	0.12725
43.36	0.12543
43.37	0.12363
43.38	0.12185
43.39	0.12008
43.4	0.11832
43.41	0.11656
43.42	0.11479
43.43	0.11301
43.44	0.11121
43.45	0.10939
43.46	0.10754
43.47	0.10565
43.48	0.10372
43.49	0.10174
43.5	0.09971
43.51	0.09762
43.52	0.09548
43.53	0.09328
43.54	0.09103
43.55	0.08872
43.56	0.08635
43.57	0.08393
43.58	0.08147
43.59	0.07897
43.6	0.07643
43.61	0.07388
43.62	0.07131
43.63	0.06873
43.64	0.06617
43.65	0.06362
43.66	0.06112
43.67	0.05865
43.68	0.05625
43.69	0.05393
43.7	0.05169
43.71	0.04955
43.72	0.04752
43.73	0.04562
43.74	0.04385
43.75	0.04222
43.76	0.04075
43.77	0.03943
43.78	0.03828
43.79	0.03729
43.8	0.03647
43.81	0.03581
43.82	0.03533
43.83	0.035
43.84	0.03483
43.85	0.03481
43.86	0.03493
43.87	0.03517
43.88	0.03554
43.89	0.036
43.9	0.03655
43.91	0.03718
43.92	0.03785
43.93	0.03857
43.94	0.03929
43.95	0.04002
43.96	0.04072
43.97	0.04138
43.98	0.04197
43.99	0.04247
44	0.04288
44.01	0.04316
44.02	0.04329
44.03	0.04326
44.04	0.04306
44.05	0.04266
44.06	0.04205
44.07	0.04122
44.08	0.04016
44.09	0.03885
44.1	0.03729
44.11	0.03547
44.12	0.03339
44.13	0.03105
44.14	0.02844
44.15	0.02556
44.16	0.02243
44.17	0.01905
44.18	0.01542
44.19	0.01157
44.2	0.00749
44.21	0.00321
44.22	-0.00125
44.23	-0.00589
44.24	-0.01066
44.25	-0.01556
44.26	-0.02056
44.27	-0.02563
44.28	-0.03074
44.29	-0.03588
44.3	-0.04101
44.31	-0.0461
44.32	-0.05113
44.33	-0.05607
44.34	-0.06088
44.35	-0.06556
44.36	-0.07007
44.37	-0.07438
44.38	-0.07849
44.39	-0.08237
44.4	-0.086
44.41	-0.08937
44.42	-0.09247
44.43	-0.0953
44.44	-0.09785
44.45	-0.10012
44.46	-0.10212
44.47	-0.10385
44.48	-0.10532
44.49	-0.10654
44.5	-0.10754
44.51	-0.10834
44.52	-0.10894
44.53	-0.10939
44.54	-0.10971
44.55	-0.10993
44.56	-0.11007
44.57	-0.11017
44.58	-0.11026
44.59	-0.11037
44.6	-0.11053
44.61	-0.11078
44.62	-0.11114
44.63	-0.11164
44.64	-0.1123
44.65	-0.11314
44.66	-0.11419
44.67	-0.11547
44.68	-0.11698
44.69	-0.11873
44.7	-0.12074
44.71	-0.12301
44.72	-0.12554
44.73	-0.12833
44.74	-0.13136
44.75	-0.13464
44.76	-0.13815
44.77	-0.14188
44.78	-0.14582
44.79	-0.14994
44.8	-0.15424
44.81	-0.15868
44.82	-0.16326
44.83	-0.16795
44.84	-0.17273
44.85	-0.17758
44.86	-0.18248
44.87	-0.18741
44.88	-0.19236
44.89	-0.1973
44.9	-0.20222
44.91	-0.2071
44.92	-0.21193
44.93	-0.2167
44.94	-0.22139
44.95	-0.22598
44.96	-0.23048
44.97	-0.23486
44.98	-0.23913
44.99	-0.24326
45	-0.24726
45.01	-0.25112
45.02	-0.25482
45.03	-0.25836
45.04	-0.26173
45.05	-0.26492
45.06	-0.26794
45.07	-0.27076
45.08	-0.27338
45.09	-0.2758
45.1	-0.27799
45.11	-0.27997
45.12	-0.28171
45.13	-0.2832
45.14	-0.28444
45.15	-0.28543
45.16	-0.28614
45.17	-0.28657
45.18	-0.28671
45.19	-0.28655
45.2	-0.28609
45.21	-0.28532
45.22	-0.28422
45.23	-0.28279
45.24	-0.28103
45.25	-0.27894
45.26	-0.27649
45.27	-0.2737
45.28	-0.27055
45.29	-0.26705
45.3	-0.26319
45.31	-0.25897
45.32	-0.25439
45.33	-0.24946
45.34	-0.24417
45.35	-0.23852
45.36	-0.23253
45.37	-0.2262
45.38	-0.21952
45.39	-0.21252
45.4	-0.20519
45.41	-0.19755
45.42	-0.18962
45.43	-0.18139
45.44	-0.1729
45.45	-0.16414
45.46	-0.15515
45.47	-0.14594
45.48	-0.13652
45.49	-0.12692
45.5	-0.11717
45.51	-0.10728
45.52	-0.09728
45.53	-0.0872
45.54	-0.07706
45.55	-0.06689
45.56	-0.05671
45.57	-0.04655
45.58	-0.03644
45.59	-0.02639
45.6	-0.01645
45.61	-0.00662
45.62	0.00306
45.63	0.01258
45.64	0.02192
45.65	0.03107
45.66	0.04
45.67	0.04872
45.68	0.0572
45.69	0.06544
45.7	0.07345
45.71	0.08121
45.72	0.08873
45.73	0.09602
45.74	0.10308
45.75	0.10992
45.76	0.11655
45.77	0.12299
45.78	0.12924
45.79	0.13532
45.8	0.14126
45.81	0.14706
45.82	0.15274
45.83	0.15832
45.84	0.16382
45.85	0.16924
45.86	0.17461
45.87	0.17993
45.88	0.18521
45.89	0.19047
45.9	0.19571
45.91	0.20093
45.92	0.20614
45.93	0.21133
45.94	0.21651
45.95	0.22166
45.96	0.22678
45.97	0.23186
45.98	0.23689
45.99	0.24184
46	0.24672
46.01	0.2515
46.02	0.25616
46.03	0.26069
46.04	0.26507
46.05	0.26927
46.06	0.27328
46.07	0.27708
46.08	0.28065
46.09	0.28397
46.1	0.28703
46.11	0.28981
46.12	0.2923
46.13	0.29448
46.14	0.29635
46.15	0.29789
46.16	0.2991
46.17	0.29998
46.18	0.30052
46.19	0.30071
46.2	0.30057
46.21	0.3001
46.22	0.29929
46.23	0.29816
46.24	0.29672
46.25	0.29497
46.26	0.29293
46.27	0.2906
46.28	0.28801
46.29	0.28516
46.3	0.28207
46.31	0.27876
46.32	0.27524
46.33	0.27153
46.34	0.26764
46.35	0.26359
46.36	0.2594
46.37	0.25508
46.38	0.25064
46.39	0.2461
46.4	0.24147
46.41	0.23676
46.42	0.23199
46.43	0.22715
46.44	0.22227
46.45	0.21734
46.46	0.21238
46.47	0.20738
46.48	0.20236
46.49	0.19731
46.5	0.19223
46.51	0.18714
46.52	0.18202
46.53	0.17687
46.54	0.17171
46.55	0.16651
46.56	0.16129
46.57	0.15605
46.58	0.15077
46.59	0.14547
46.6	0.14013
46.61	0.13477
46.62	0.12939
46.63	0.12398
46.64	0.11855
46.65	0.11311
46.66	0.10767
46.67	0.10223
46.68	0.09679
46.69	0.09139
46.7	0.08602
46.71	0.08069
46.72	0.07543
46.73	0.07026
46.74	0.06517
46.75	0.0602
46.76	0.05536
46.77	0.05067
46.78	0.04615
46.79	0.04181
46.8	0.03767
46.81	0.03375
46.82	0.03007
46.83	0.02663
46.84	0.02346
46.85	0.02056
46.86	0.01795
46.87	0.01563
46.88	0.01361
46.89	0.0119
46.9	0.01049
46.91	0.00939
46.92	0.00859
46.93	0.00808
46.94	0.00787
46.95	0.00794
46.96	0.00828
46.97	0.00887
46.98	0.0097
46.99	0.01074
47	0.01199
47.01	0.0134
47.02	0.01497
47.03	0.01666
47.04	0.01844
47.05	0.0203
47.06	0.02218
47.07	0.02407
47.08	0.02594
47.09	0.02775
47.1	0.02946
47.11	0.03106
47.12	0.03249
47.13	0.03374
47.14	0.03477
47.15	0.03555
47.16	0.03605
47.17	0.03625
47.18	0.03611
47.19	0.03562
47.2	0.03475
47.21	0.03348
47.22	0.0318
47.23	0.02968
47.24	0.02713
47.25	0.02412
47.26	0.02065
47.27	0.01672
47.28	0.01233
47.29	0.00749
47.3	0.00219
47.31	-0.00354
47.32	-0.0097
47.33	-0.01627
47.34	-0.02324
47.35	-0.03057
47.36	-0.03824
47.37	-0.04622
47.38	-0.05449
47.39	-0.06302
47.4	-0.07176
47.41	-0.08068
47.42	-0.08974
47.43	-0.09891
47.44	-0.10815
47.45	-0.11741
47.46	-0.12666
47.47	-0.13586
47.48	-0.14496
47.49	-0.15394
47.5	-0.16275
47.51	-0.17135
47.52	-0.17971
47.53	-0.18781
47.54	-0.1956
47.55	-0.20307
47.56	-0.21018
47.57	-0.21691
47.58	-0.22324
47.59	-0.22916
47.6	-0.23465
47.61	-0.23969
47.62	-0.24428
47.63	-0.24842
47.64	-0.25209
47.65	-0.25531
47.66	-0.25806
47.67	-0.26036
47.68	-0.26222
47.69	-0.26363
47.7	-0.26463
47.71	-0.26521
47.72	-0.26539
47.73	-0.2652
47.74	-0.26464
47.75	-0.26375
47.76	-0.26254
47.77	-0.26102
47.78	-0.25924
47.79	-0.2572
47.8	-0.25493
47.81	-0.25246
47.82	-0.2498
47.83	-0.24697
47.84	-0.24401
47.85	-0.24092
47.86	-0.23772
47.87	-0.23444
47.88	-0.23109
47.89	-0.22769
47.9	-0.22424
47.91	-0.22077
47.92	-0.21727
47.93	-0.21376
47.94	-0.21024
47.95	-0.20672
47.96	-0.2032
47.97	-0.19968
47.98	-0.19616
47.99	-0.19263
48	-0.18909
48.01	-0.18554
48.02	-0.18197
48.03	-0.17838
48.04	-0.17474
48.05	-0.17106
48.06	-0.16733
48.07	-0.16354
48.08	-0.15967
48.09	-0.15572
48.1	-0.15169
48.11	-0.14756
48.12	-0.14332
48.13	-0.13898
48.14	-0.13452
48.15	-0.12994
48.16	-0.12525
48.17	-0.12044
48.18	-0.11551
48.19	-0.11046
48.2	-0.1053
48.21	-0.10004
48.22	-0.09467
48.23	-0.08921
48.24	-0.08366
48.25	-0.07803
48.26	-0.07234
48.27	-0.06659
48.28	-0.06079
48.29	-0.05495
48.3	-0.04909
48.31	-0.0432
48.32	-0.03731
48.33	-0.03141
48.34	-0.02552
48.35	-0.01964
48.36	-0.01378
48.37	-0.00794
48.38	-0.00212
48.39	0.00368
48.4	0.00946
48.41	0.01521
48.42	0.02095
48.43	0.02667
48.44	0.03239
48.45	0.0381
48.46	0.04382
48.47	0.04956
48.48	0.05531
48.49	0.06109
48.5	0.0669
48.51	0.07276
48.52	0.07866
48.53	0.08461
48.54	0.09062
48.55	0.09668
48.56	0.10279
48.57	0.10895
48.58	0.11516
48.59	0.1214
48.6	0.12766
48.61	0.13394
48.62	0.14022
48.63	0.14647
48.64	0.15267
48.65	0.15881
48.66	0.16486
48.67	0.17078
48.68	0.17656
48.69	0.18215
48.7	0.18753
48.71	0.19267
48.72	0.19754
48.73	0.20209
48.74	0.20631
48.75	0.21016
48.76	0.2136
48.77	0.21663
48.78	0.2192
48.79	0.22131
48.8	0.22292
48.81	0.22403
48.82	0.22463
48.83	0.22469
48.84	0.22423
48.85	0.22323
48.86	0.22171
48.87	0.21966
48.88	0.2171
48.89	0.21405
48.9	0.21052
48.91	0.20653
48.92	0.2021
48.93	0.19727
48.94	0.19207
48.95	0.18651
48.96	0.18065
48.97	0.1745
48.98	0.16812
48.99	0.16152
49	0.15475
49.01	0.14785
49.02	0.14085
49.03	0.13378
49.04	0.12668
49.05	0.11958
49.06	0.1125
49.07	0.10549
49.08	0.09856
49.09	0.09173
49.1	0.08504
49.11	0.0785
49.12	0.07212
49.13	0.06593
49.14	0.05993
49.15	0.05414
49.16	0.04856
49.17	0.0432
49.18	0.03806
49.19	0.03316
49.2	0.02849
49.21	0.02404
49.22	0.01983
49.23	0.01584
49.24	0.01208
49.25	0.00855
49.26	0.00523
49.27	0.00213
49.28	-7.63204E-4
49.29	-0.00345
49.3	-0.00592
49.31	-0.0082
49.32	-0.01028
49.33	-0.01217
49.34	-0.01387
49.35	-0.01538
49.36	-0.01669
49.37	-0.01783
49.38	-0.01878
49.39	-0.01954
49.4	-0.02012
49.41	-0.02051
49.42	-0.02073
49.43	-0.02075
49.44	-0.0206
49.45	-0.02025
49.46	-0.01973
49.47	-0.01902
49.48	-0.01812
49.49	-0.01705
49.5	-0.01579
49.51	-0.01436
49.52	-0.01274
49.53	-0.01096
49.54	-0.00901
49.55	-0.00689
49.56	-0.00461
49.57	-0.00218
49.58	3.87629E-4
49.59	0.0031
49.6	0.00593
49.61	0.00888
49.62	0.01194
49.63	0.0151
49.64	0.01833
49.65	0.02164
49.66	0.025
49.67	0.02841
49.68	0.03184
49.69	0.03528
49.7	0.03872
49.71	0.04214
49.72	0.04553
49.73	0.04886
49.74	0.05213
49.75	0.05532
49.76	0.0584
49.77	0.06138
49.78	0.06423
49.79	0.06693
49.8	0.06948
49.81	0.07186
49.82	0.07407
49.83	0.07608
49.84	0.07789
49.85	0.07949
49.86	0.08088
49.87	0.08204
49.88	0.08298
49.89	0.08368
49.9	0.08415
49.91	0.08439
49.92	0.08439
49.93	0.08415
49.94	0.08369
49.95	0.083
49.96	0.08208
49.97	0.08095
49.98	0.0796
49.99	0.07806
50	0.07632
50.01	0.07439
50.02	0.07229
50.03	0.07003
50.04	0.06761
50.05	0.06504
50.06	0.06234
50.07	0.05952
50.08	0.05658
50.09	0.05355
50.1	0.05042
50.11	0.04721
50.12	0.04393
50.13	0.04059
50.14	0.03719
50.15	0.03375
50.16	0.03027
50.17	0.02676
50.18	0.02322
50.19	0.01967
50.2	0.0161
50.21	0.01253
50.22	0.00895
50.23	0.00538
50.24	0.0018
50.25	-0.00176
50.26	-0.00532
50.27	-0.00887
50.28	-0.0124
50.29	-0.01592
50.3	-0.01943
50.31	-0.02292
50.32	-0.0264
50.33	-0.02986
50.34	-0.03331
50.35	-0.03675
50.36	-0.04018
50.37	-0.04359
50.38	-0.04699
50.39	-0.05038
50.4	-0.05377
50.41	-0.05714
50.42	-0.0605
50.43	-0.06386
50.44	-0.0672
50.45	-0.07053
50.46	-0.07385
50.47	-0.07716
50.48	-0.08045
50.49	-0.08372
50.5	-0.08696
50.51	-0.09017
50.52	-0.09335
50.53	-0.0965
50.54	-0.09959
50.55	-0.10263
50.56	-0.10562
50.57	-0.10853
50.58	-0.11137
50.59	-0.11413
50.6	-0.1168
50.61	-0.11937
50.62	-0.12183
50.63	-0.12418
50.64	-0.12641
50.65	-0.1285
50.66	-0.13047
50.67	-0.13229
50.68	-0.13397
50.69	-0.1355
50.7	-0.13687
50.71	-0.13809
50.72	-0.13916
50.73	-0.14007
50.74	-0.14082
50.75	-0.14142
50.76	-0.14187
50.77	-0.14217
50.78	-0.14233
50.79	-0.14235
50.8	-0.14224
50.81	-0.142
50.82	-0.14163
50.83	-0.14116
50.84	-0.14059
50.85	-0.13991
50.86	-0.13915
50.87	-0.1383
50.88	-0.13739
50.89	-0.13641
50.9	-0.13537
50.91	-0.13429
50.92	-0.13316
50.93	-0.132
50.94	-0.13082
50.95	-0.12961
50.96	-0.12839
50.97	-0.12717
50.98	-0.12595
50.99	-0.12473
51	-0.12352
51.01	-0.12232
51.02	-0.12115
51.03	-0.12001
51.04	-0.11889
51.05	-0.11781
51.06	-0.11677
51.07	-0.11578
51.08	-0.11483
51.09	-0.11393
51.1	-0.11309
51.11	-0.11231
51.12	-0.11159
51.13	-0.11094
51.14	-0.11036
51.15	-0.10985
51.16	-0.10942
51.17	-0.10907
51.18	-0.10879
51.19	-0.10859
51.2	-0.10848
51.21	-0.10844
51.22	-0.10849
51.23	-0.10861
51.24	-0.1088
51.25	-0.10907
51.26	-0.1094
51.27	-0.10978
51.28	-0.11023
51.29	-0.11071
51.3	-0.11123
51.31	-0.11177
51.32	-0.11232
51.33	-0.11288
51.34	-0.11341
51.35	-0.11392
51.36	-0.11439
51.37	-0.11479
51.38	-0.11511
51.39	-0.11534
51.4	-0.11545
51.41	-0.11544
51.42	-0.11527
51.43	-0.11494
51.44	-0.11443
51.45	-0.11372
51.46	-0.1128
51.47	-0.11164
51.48	-0.11024
51.49	-0.10859
51.5	-0.10667
51.51	-0.10448
51.52	-0.10201
51.53	-0.09924
51.54	-0.09619
51.55	-0.09284
51.56	-0.0892
51.57	-0.08527
51.58	-0.08106
51.59	-0.07656
51.6	-0.07179
51.61	-0.06676
51.62	-0.06148
51.63	-0.05597
51.64	-0.05023
51.65	-0.04429
51.66	-0.03816
51.67	-0.03186
51.68	-0.02541
51.69	-0.01884
51.7	-0.01215
51.71	-0.00538
51.72	0.00145
51.73	0.00833
51.74	0.01523
51.75	0.02213
51.76	0.02901
51.77	0.03585
51.78	0.04264
51.79	0.04935
51.8	0.05596
51.81	0.06247
51.82	0.06886
51.83	0.07511
51.84	0.08122
51.85	0.08716
51.86	0.09294
51.87	0.09855
51.88	0.10397
51.89	0.10921
51.9	0.11425
51.91	0.1191
51.92	0.12376
51.93	0.12822
51.94	0.13248
51.95	0.13654
51.96	0.1404
51.97	0.14407
51.98	0.14755
51.99	0.15083
52	0.15393
52.01	0.15683
52.02	0.15955
52.03	0.16208
52.04	0.16443
52.05	0.16659
52.06	0.16857
52.07	0.17037
52.08	0.17198
52.09	0.1734
52.1	0.17463
52.11	0.17568
52.12	0.17653
52.13	0.17718
52.14	0.17763
52.15	0.17788
52.16	0.17793
52.17	0.17777
52.18	0.17739
52.19	0.1768
52.2	0.176
52.21	0.17498
52.22	0.17375
52.23	0.1723
52.24	0.17064
52.25	0.16877
52.26	0.1667
52.27	0.16443
52.28	0.16198
52.29	0.15935
52.3	0.15656
52.31	0.15362
52.32	0.15054
52.33	0.14734
52.34	0.14404
52.35	0.14065
52.36	0.1372
52.37	0.13371
52.38	0.13019
52.39	0.12668
52.4	0.12319
52.41	0.11974
52.42	0.11635
52.43	0.11305
52.44	0.10986
52.45	0.10679
52.46	0.10386
52.47	0.1011
52.48	0.0985
52.49	0.0961
52.5	0.09388
52.51	0.09188
52.52	0.09008
52.53	0.08851
52.54	0.08715
52.55	0.08601
52.56	0.08509
52.57	0.08437
52.58	0.08387
52.59	0.08356
52.6	0.08344
52.61	0.08349
52.62	0.08371
52.63	0.08407
52.64	0.08456
52.65	0.08517
52.66	0.08587
52.67	0.08665
52.68	0.08749
52.69	0.08837
52.7	0.08928
52.71	0.09019
52.72	0.09108
52.73	0.09194
52.74	0.09275
52.75	0.0935
52.76	0.09418
52.77	0.09476
52.78	0.09523
52.79	0.09559
52.8	0.09583
52.81	0.09593
52.82	0.0959
52.83	0.09572
52.84	0.09539
52.85	0.09492
52.86	0.09429
52.87	0.09352
52.88	0.0926
52.89	0.09154
52.9	0.09034
52.91	0.089
52.92	0.08754
52.93	0.08595
52.94	0.08425
52.95	0.08244
52.96	0.08052
52.97	0.07852
52.98	0.07642
52.99	0.07425
53	0.072
53.01	0.06968
53.02	0.0673
53.03	0.06486
53.04	0.06236
53.05	0.0598
53.06	0.0572
53.07	0.05453
53.08	0.05182
53.09	0.04905
53.1	0.04623
53.11	0.04334
53.12	0.04039
53.13	0.03738
53.14	0.0343
53.15	0.03114
53.16	0.02791
53.17	0.0246
53.18	0.0212
53.19	0.01771
53.2	0.01414
53.21	0.01047
53.22	0.00671
53.23	0.00286
53.24	-0.00108
53.25	-0.00511
53.26	-0.00922
53.27	-0.01342
53.28	-0.01768
53.29	-0.02202
53.3	-0.02641
53.31	-0.03085
53.32	-0.03533
53.33	-0.03983
53.34	-0.04435
53.35	-0.04887
53.36	-0.05338
53.37	-0.05787
53.38	-0.06232
53.39	-0.06671
53.4	-0.07104
53.41	-0.07529
53.42	-0.07945
53.43	-0.08351
53.44	-0.08745
53.45	-0.09128
53.46	-0.09496
53.47	-0.09851
53.48	-0.10191
53.49	-0.10516
53.5	-0.10826
53.51	-0.11119
53.52	-0.11397
53.53	-0.1166
53.54	-0.11906
53.55	-0.12138
53.56	-0.12355
53.57	-0.12557
53.58	-0.12746
53.59	-0.12923
53.6	-0.13087
53.61	-0.1324
53.62	-0.13383
53.63	-0.13517
53.64	-0.13642
53.65	-0.1376
53.66	-0.13871
53.67	-0.13976
53.68	-0.14075
53.69	-0.14171
53.7	-0.14262
53.71	-0.14349
53.72	-0.14433
53.73	-0.14515
53.74	-0.14593
53.75	-0.14668
53.76	-0.14739
53.77	-0.14807
53.78	-0.14871
53.79	-0.1493
53.8	-0.14984
53.81	-0.15031
53.82	-0.15071
53.83	-0.15104
53.84	-0.15127
53.85	-0.1514
53.86	-0.15143
53.87	-0.15133
53.88	-0.1511
53.89	-0.15072
53.9	-0.1502
53.91	-0.14952
53.92	-0.14866
53.93	-0.14763
53.94	-0.14642
53.95	-0.14502
53.96	-0.14343
53.97	-0.14165
53.98	-0.13968
53.99	-0.1375
54	-0.13514
54.01	-0.13259
54.02	-0.12985
54.03	-0.12693
54.04	-0.12383
54.05	-0.12058
54.06	-0.11716
54.07	-0.1136
54.08	-0.10991
54.09	-0.10609
54.1	-0.10215
54.11	-0.09812
54.12	-0.094
54.13	-0.08981
54.14	-0.08556
54.15	-0.08126
54.16	-0.07692
54.17	-0.07257
54.18	-0.0682
54.19	-0.06383
54.2	-0.05948
54.21	-0.05516
54.22	-0.05086
54.23	-0.04661
54.24	-0.04242
54.25	-0.03828
54.26	-0.03422
54.27	-0.03023
54.28	-0.02633
54.29	-0.02251
54.3	-0.01878
54.31	-0.01516
54.32	-0.01164
54.33	-0.00822
54.34	-0.00491
54.35	-0.00172
54.36	0.00136
54.37	0.00432
54.38	0.00716
54.39	0.00988
54.4	0.01247
54.41	0.01494
54.42	0.01728
54.43	0.01949
54.44	0.02157
54.45	0.02353
54.46	0.02535
54.47	0.02704
54.48	0.0286
54.49	0.03003
54.5	0.03133
54.51	0.03251
54.52	0.03355
54.53	0.03448
54.54	0.03528
54.55	0.03597
54.56	0.03655
54.57	0.03701
54.58	0.03738
54.59	0.03765
54.6	0.03783
54.61	0.03794
54.62	0.03797
54.63	0.03794
54.64	0.03785
54.65	0.03772
54.66	0.03756
54.67	0.03737
54.68	0.03717
54.69	0.03696
54.7	0.03676
54.71	0.03658
54.72	0.03643
54.73	0.03631
54.74	0.03623
54.75	0.03621
54.76	0.03624
54.77	0.03633
54.78	0.03649
54.79	0.03672
54.8	0.03702
54.81	0.03739
54.82	0.03783
54.83	0.03834
54.84	0.03892
54.85	0.03955
54.86	0.04025
54.87	0.04098
54.88	0.04176
54.89	0.04257
54.9	0.04339
54.91	0.04423
54.92	0.04506
54.93	0.04588
54.94	0.04668
54.95	0.04743
54.96	0.04814
54.97	0.04878
54.98	0.04935
54.99	0.04984
55	0.05024
55.01	0.05054
55.02	0.05072
55.03	0.05079
55.04	0.05074
55.05	0.05057
55.06	0.05027
55.07	0.04984
55.08	0.04928
55.09	0.0486
55.1	0.04779
55.11	0.04687
55.12	0.04584
55.13	0.04471
55.14	0.04349
55.15	0.04219
55.16	0.04082
55.17	0.0394
55.18	0.03794
55.19	0.03647
55.2	0.03499
55.21	0.03352
55.22	0.03209
55.23	0.03071
55.24	0.0294
55.25	0.02818
55.26	0.02706
55.27	0.02608
55.28	0.02524
55.29	0.02456
55.3	0.02406
55.31	0.02376
55.32	0.02366
55.33	0.02379
55.34	0.02414
55.35	0.02474
55.36	0.02558
55.37	0.02667
55.38	0.02801
55.39	0.02961
55.4	0.03145
55.41	0.03355
55.42	0.03588
55.43	0.03844
55.44	0.04122
55.45	0.0442
55.46	0.04737
55.47	0.05071
55.48	0.05421
55.49	0.05783
55.5	0.06157
55.51	0.06539
55.52	0.06927
55.53	0.0732
55.54	0.07714
55.55	0.08107
55.56	0.08497
55.57	0.08882
55.58	0.09259
55.59	0.09627
55.6	0.09983
55.61	0.10326
55.62	0.10655
55.63	0.10967
55.64	0.11262
55.65	0.11539
55.66	0.11796
55.67	0.12034
55.68	0.12251
55.69	0.12448
55.7	0.12625
55.71	0.12781
55.72	0.12917
55.73	0.13033
55.74	0.13131
55.75	0.13209
55.76	0.13269
55.77	0.13313
55.78	0.13339
55.79	0.1335
55.8	0.13346
55.81	0.13327
55.82	0.13296
55.83	0.13251
55.84	0.13194
55.85	0.13125
55.86	0.13046
55.87	0.12956
55.88	0.12855
55.89	0.12745
55.9	0.12625
55.91	0.12495
55.92	0.12356
55.93	0.12207
55.94	0.1205
55.95	0.11882
55.96	0.11706
55.97	0.11519
55.98	0.11323
55.99	0.11117
56	0.10901
56.01	0.10675
56.02	0.10439
56.03	0.10192
56.04	0.09934
56.05	0.09665
56.06	0.09386
56.07	0.09096
56.08	0.08794
56.09	0.08481
56.1	0.08157
56.11	0.07821
56.12	0.07474
56.13	0.07114
56.14	0.06743
56.15	0.06361
56.16	0.05966
56.17	0.05558
56.18	0.05139
56.19	0.04707
56.2	0.04262
56.21	0.03805
56.22	0.03335
56.23	0.02852
56.24	0.02356
56.25	0.01847
56.26	0.01326
56.27	0.00791
56.28	0.00243
56.29	-0.00317
56.3	-0.00889
56.31	-0.01473
56.32	-0.02068
56.33	-0.02674
56.34	-0.03289
56.35	-0.03914
56.36	-0.04546
56.37	-0.05186
56.38	-0.05831
56.39	-0.06479
56.4	-0.07131
56.41	-0.07783
56.42	-0.08434
56.43	-0.09082
56.44	-0.09725
56.45	-0.10362
56.46	-0.10989
56.47	-0.11605
56.48	-0.12207
56.49	-0.12794
56.5	-0.13362
56.51	-0.13911
56.52	-0.14438
56.53	-0.1494
56.54	-0.15416
56.55	-0.15864
56.56	-0.16282
56.57	-0.16669
56.58	-0.17023
56.59	-0.17344
56.6	-0.1763
56.61	-0.1788
56.62	-0.18093
56.63	-0.1827
56.64	-0.18411
56.65	-0.18514
56.66	-0.18582
56.67	-0.18613
56.68	-0.1861
56.69	-0.18572
56.7	-0.18502
56.71	-0.184
56.72	-0.18268
56.73	-0.18108
56.74	-0.17922
56.75	-0.17712
56.76	-0.17479
56.77	-0.17227
56.78	-0.16958
56.79	-0.16674
56.8	-0.16378
56.81	-0.16072
56.82	-0.15759
56.83	-0.1544
56.84	-0.1512
56.85	-0.14799
56.86	-0.14481
56.87	-0.14167
56.88	-0.1386
56.89	-0.13561
56.9	-0.13272
56.91	-0.12995
56.92	-0.12731
56.93	-0.12481
56.94	-0.12246
56.95	-0.12027
56.96	-0.11825
56.97	-0.11639
56.98	-0.1147
56.99	-0.11317
57	-0.11181
57.01	-0.11061
57.02	-0.10956
57.03	-0.10865
57.04	-0.10788
57.05	-0.10722
57.06	-0.10668
57.07	-0.10623
57.08	-0.10586
57.09	-0.10556
57.1	-0.10531
57.11	-0.1051
57.12	-0.10491
57.13	-0.10472
57.14	-0.10453
57.15	-0.10431
57.16	-0.10405
57.17	-0.10374
57.18	-0.10338
57.19	-0.10294
57.2	-0.10241
57.21	-0.1018
57.22	-0.10108
57.23	-0.10026
57.24	-0.09932
57.25	-0.09827
57.26	-0.0971
57.27	-0.0958
57.28	-0.09437
57.29	-0.09282
57.3	-0.09114
57.31	-0.08933
57.32	-0.0874
57.33	-0.08534
57.34	-0.08316
57.35	-0.08085
57.36	-0.07843
57.37	-0.0759
57.38	-0.07326
57.39	-0.07051
57.4	-0.06765
57.41	-0.0647
57.42	-0.06165
57.43	-0.05851
57.44	-0.05528
57.45	-0.05197
57.46	-0.04859
57.47	-0.04514
57.48	-0.04162
57.49	-0.03804
57.5	-0.03441
57.51	-0.03073
57.52	-0.02701
57.53	-0.02326
57.54	-0.01948
57.55	-0.01569
57.56	-0.01189
57.57	-0.00809
57.58	-0.00429
57.59	-5.1274E-4
57.6	0.00324
57.61	0.00696
57.62	0.01063
57.63	0.01426
57.64	0.01782
57.65	0.02131
57.66	0.02473
57.67	0.02806
57.68	0.0313
57.69	0.03445
57.7	0.03749
57.71	0.04043
57.72	0.04325
57.73	0.04596
57.74	0.04856
57.75	0.05104
57.76	0.0534
57.77	0.05566
57.78	0.0578
57.79	0.05983
57.8	0.06176
57.81	0.06359
57.82	0.06532
57.83	0.06697
57.84	0.06854
57.85	0.07004
57.86	0.07147
57.87	0.07285
57.88	0.07418
57.89	0.07547
57.9	0.07673
57.91	0.07796
57.92	0.07918
57.93	0.08038
57.94	0.08159
57.95	0.08279
57.96	0.084
57.97	0.08522
57.98	0.08646
57.99	0.08771
58	0.08897
58.01	0.09026
58.02	0.09156
58.03	0.09287
58.04	0.0942
58.05	0.09554
58.06	0.09688
58.07	0.09822
58.08	0.09956
58.09	0.1009
58.1	0.10221
58.11	0.1035
58.12	0.10477
58.13	0.106
58.14	0.10718
58.15	0.10832
58.16	0.10941
58.17	0.11043
58.18	0.11139
58.19	0.11228
58.2	0.1131
58.21	0.11383
58.22	0.11448
58.23	0.11505
58.24	0.11552
58.25	0.11591
58.26	0.11621
58.27	0.11641
58.28	0.11653
58.29	0.11656
58.3	0.11649
58.31	0.11635
58.32	0.11611
58.33	0.11579
58.34	0.11539
58.35	0.11492
58.36	0.11436
58.37	0.11373
58.38	0.11303
58.39	0.11226
58.4	0.11142
58.41	0.11051
58.42	0.10953
58.43	0.10849
58.44	0.10738
58.45	0.1062
58.46	0.10495
58.47	0.10364
58.48	0.10225
58.49	0.10079
58.5	0.09926
58.51	0.09766
58.52	0.09597
58.53	0.09421
58.54	0.09237
58.55	0.09045
58.56	0.08845
58.57	0.08637
58.58	0.08421
58.59	0.08197
58.6	0.07965
58.61	0.07727
58.62	0.07481
58.63	0.07229
58.64	0.06971
58.65	0.06707
58.66	0.06439
58.67	0.06167
58.68	0.05892
58.69	0.05614
58.7	0.05336
58.71	0.05057
58.72	0.04778
58.73	0.04501
58.74	0.04226
58.75	0.03955
58.76	0.03688
58.77	0.03426
58.78	0.0317
58.79	0.02921
58.8	0.02679
58.81	0.02444
58.82	0.02218
58.83	0.02
58.84	0.01791
58.85	0.01591
58.86	0.01399
58.87	0.01216
58.88	0.01042
58.89	0.00875
58.9	0.00715
58.91	0.00563
58.92	0.00417
58.93	0.00276
58.94	0.0014
58.95	8.46295E-5
58.96	-0.0012
58.97	-0.00247
58.98	-0.00372
58.99	-0.00497
59	-0.00622
59.01	-0.00749
59.02	-0.00877
59.03	-0.01008
59.04	-0.01141
59.05	-0.01279
59.06	-0.0142
59.07	-0.01566
59.08	-0.01716
59.09	-0.0187
59.1	-0.0203
59.11	-0.02193
59.12	-0.02361
59.13	-0.02533
59.14	-0.02709
59.15	-0.02887
59.16	-0.03068
59.17	-0.0325
59.18	-0.03434
59.19	-0.03617
59.2	-0.03801
59.21	-0.03983
59.22	-0.04163
59.23	-0.04339
59.24	-0.04513
59.25	-0.04681
59.26	-0.04844
59.27	-0.05001
59.28	-0.05152
59.29	-0.05295
59.3	-0.0543
59.31	-0.05556
59.32	-0.05673
59.33	-0.05781
59.34	-0.0588
59.35	-0.05968
59.36	-0.06046
59.37	-0.06114
59.38	-0.06171
59.39	-0.06217
59.4	-0.06253
59.41	-0.06279
59.42	-0.06294
59.43	-0.06298
59.44	-0.06293
59.45	-0.06277
59.46	-0.0625
59.47	-0.06214
59.48	-0.06168
59.49	-0.06112
59.5	-0.06046
59.51	-0.05971
59.52	-0.05886
59.53	-0.05791
59.54	-0.05687
59.55	-0.05574
59.56	-0.0545
59.57	-0.05318
59.58	-0.05176
59.59	-0.05025
59.6	-0.04864
59.61	-0.04695
59.62	-0.04516
59.63	-0.04328
59.64	-0.04132
59.65	-0.03928
59.66	-0.03716
59.67	-0.03496
59.68	-0.03269
59.69	-0.03037
59.7	-0.02799
59.71	-0.02556
59.72	-0.0231
59.73	-0.02061
59.74	-0.01811
59.75	-0.0156
59.76	-0.01311
59.77	-0.01064
59.78	-0.00821
59.79	-0.00583
59.8	-0.00353
59.81	-0.00131
59.82	8.00018E-4
59.83	0.0028
59.84	0.00466
59.85	0.00638
59.86	0.00794
59.87	0.00932
59.88	0.01052
59.89	0.01152
59.9	0.01232
59.91	0.0129
59.92	0.01328
59.93	0.01343
59.94	0.01336
59.95	0.01308
59.96	0.01258
59.97	0.01187
59.98	0.01097
59.99	0.00987
60	0.00859
60.01	0.00715
60.02	0.00555
60.03	0.00383
60.04	0.00198
60.05	4.55577E-5
60.06	-0.00197
60.07	-0.00404
60.08	-0.00615
60.09	-0.00828
60.1	-0.0104
60.11	-0.0125
60.12	-0.01456
60.13	-0.01656
60.14	-0.01848
60.15	-0.02031
60.16	-0.02205
60.17	-0.02366
60.18	-0.02516
60.19	-0.02652
60.2	-0.02775
60.21	-0.02883
60.22	-0.02978
60.23	-0.03058
60.24	-0.03124
60.25	-0.03177
60.26	-0.03217
60.27	-0.03244
60.28	-0.0326
60.29	-0.03265
60.3	-0.0326
60.31	-0.03246
60.32	-0.03225
60.33	-0.03197
60.34	-0.03164
60.35	-0.03127
60.36	-0.03086
60.37	-0.03043
60.38	-0.03
60.39	-0.02957
60.4	-0.02914
60.41	-0.02874
60.42	-0.02836
60.43	-0.02802
60.44	-0.02773
60.45	-0.02748
60.46	-0.02729
60.47	-0.02716
60.48	-0.02709
60.49	-0.02709
60.5	-0.02716
60.51	-0.0273
60.52	-0.02752
60.53	-0.02782
60.54	-0.02819
60.55	-0.02864
60.56	-0.02917
60.57	-0.02977
60.58	-0.03046
60.59	-0.03121
60.6	-0.03204
60.61	-0.03294
60.62	-0.0339
60.63	-0.03493
60.64	-0.03601
60.65	-0.03715
60.66	-0.03834
60.67	-0.03957
60.68	-0.04083
60.69	-0.04212
60.7	-0.04343
60.71	-0.04475
60.72	-0.04607
60.73	-0.04737
60.74	-0.04866
60.75	-0.04991
60.76	-0.05111
60.77	-0.05226
60.78	-0.05333
60.79	-0.05431
60.8	-0.0552
60.81	-0.05597
60.82	-0.05661
60.83	-0.05712
60.84	-0.05747
60.85	-0.05765
60.86	-0.05765
60.87	-0.05747
60.88	-0.05709
60.89	-0.05649
60.9	-0.05569
60.91	-0.05466
60.92	-0.0534
60.93	-0.05191
60.94	-0.05019
60.95	-0.04824
60.96	-0.04606
60.97	-0.04365
60.98	-0.04102
60.99	-0.03818
61	-0.03513
61.01	-0.03189
61.02	-0.02847
61.03	-0.02487
61.04	-0.02112
61.05	-0.01724
61.06	-0.01322
61.07	-0.00911
61.08	-0.0049
61.09	-6.22841E-4
61.1	0.00371
61.11	0.00808
61.12	0.01246
61.13	0.01685
61.14	0.02122
61.15	0.02557
61.16	0.02987
61.17	0.03412
61.18	0.0383
61.19	0.04239
61.2	0.0464
61.21	0.05032
61.22	0.05413
61.23	0.05784
61.24	0.06143
61.25	0.06491
61.26	0.06827
61.27	0.07152
61.28	0.07465
61.29	0.07766
61.3	0.08056
61.31	0.08335
61.32	0.08602
61.33	0.08859
61.34	0.09105
61.35	0.0934
61.36	0.09566
61.37	0.09781
61.38	0.09986
61.39	0.10181
61.4	0.10366
61.41	0.10541
61.42	0.10706
61.43	0.1086
61.44	0.11003
61.45	0.11136
61.46	0.11257
61.47	0.11367
61.48	0.11464
61.49	0.11549
61.5	0.11622
61.51	0.11681
61.52	0.11727
61.53	0.1176
61.54	0.11778
61.55	0.11783
61.56	0.11774
61.57	0.11751
61.58	0.11714
61.59	0.11663
61.6	0.116
61.61	0.11524
61.62	0.11436
61.63	0.11336
61.64	0.11226
61.65	0.11106
61.66	0.10977
61.67	0.1084
61.68	0.10695
61.69	0.10545
61.7	0.1039
61.71	0.10232
61.72	0.1007
61.73	0.09906
61.74	0.09742
61.75	0.09577
61.76	0.09413
61.77	0.09251
61.78	0.09091
61.79	0.08933
61.8	0.08779
61.81	0.08627
61.82	0.08479
61.83	0.08335
61.84	0.08194
61.85	0.08056
61.86	0.07921
61.87	0.07789
61.88	0.07659
61.89	0.0753
61.9	0.07403
61.91	0.07275
61.92	0.07147
61.93	0.07019
61.94	0.06888
61.95	0.06754
61.96	0.06618
61.97	0.06477
61.98	0.06331
61.99	0.0618
62	0.06024
62.01	0.0586
62.02	0.0569
62.03	0.05512
62.04	0.05326
62.05	0.05132
62.06	0.0493
62.07	0.04719
62.08	0.04499
62.09	0.0427
62.1	0.04033
62.11	0.03787
62.12	0.03531
62.13	0.03268
62.14	0.02995
62.15	0.02715
62.16	0.02426
62.17	0.02129
62.18	0.01825
62.19	0.01514
62.2	0.01196
62.21	0.00871
62.22	0.0054
62.23	0.00204
62.24	-0.00138
62.25	-0.00484
62.26	-0.00834
62.27	-0.01188
62.28	-0.01545
62.29	-0.01903
62.3	-0.02264
62.31	-0.02625
62.32	-0.02986
62.33	-0.03347
62.34	-0.03707
62.35	-0.04064
62.36	-0.04418
62.37	-0.04769
62.38	-0.05116
62.39	-0.05457
62.4	-0.05792
62.41	-0.06121
62.42	-0.06442
62.43	-0.06755
62.44	-0.0706
62.45	-0.07355
62.46	-0.07641
62.47	-0.07916
62.48	-0.0818
62.49	-0.08433
62.5	-0.08675
62.51	-0.08905
62.52	-0.09122
62.53	-0.09328
62.54	-0.09521
62.55	-0.09701
62.56	-0.09869
62.57	-0.10025
62.58	-0.10167
62.59	-0.10298
62.6	-0.10415
62.61	-0.1052
62.62	-0.10613
62.63	-0.10694
62.64	-0.10763
62.65	-0.10819
62.66	-0.10864
62.67	-0.10897
62.68	-0.10918
62.69	-0.10928
62.7	-0.10927
62.71	-0.10915
62.72	-0.10891
62.73	-0.10857
62.74	-0.10812
62.75	-0.10756
62.76	-0.1069
62.77	-0.10614
62.78	-0.10528
62.79	-0.10432
62.8	-0.10326
62.81	-0.10212
62.82	-0.10089
62.83	-0.09957
62.84	-0.09817
62.85	-0.0967
62.86	-0.09516
62.87	-0.09356
62.88	-0.0919
62.89	-0.09019
62.9	-0.08843
62.91	-0.08664
62.92	-0.08482
62.93	-0.08298
62.94	-0.08112
62.95	-0.07927
62.96	-0.07741
62.97	-0.07558
62.98	-0.07376
62.99	-0.07198
63	-0.07024
63.01	-0.06854
63.02	-0.06691
63.03	-0.06533
63.04	-0.06383
63.05	-0.0624
63.06	-0.06105
63.07	-0.05979
63.08	-0.05862
63.09	-0.05755
63.1	-0.05657
63.11	-0.05569
63.12	-0.0549
63.13	-0.05421
63.14	-0.05361
63.15	-0.05311
63.16	-0.05269
63.17	-0.05235
63.18	-0.05209
63.19	-0.0519
63.2	-0.05177
63.21	-0.05169
63.22	-0.05166
63.23	-0.05167
63.24	-0.05169
63.25	-0.05174
63.26	-0.05179
63.27	-0.05183
63.28	-0.05186
63.29	-0.05186
63.3	-0.05183
63.31	-0.05175
63.32	-0.05162
63.33	-0.05143
63.34	-0.05117
63.35	-0.05083
63.36	-0.05041
63.37	-0.04991
63.38	-0.04931
63.39	-0.04862
63.4	-0.04783
63.41	-0.04695
63.42	-0.04597
63.43	-0.04489
63.44	-0.04371
63.45	-0.04243
63.46	-0.04107
63.47	-0.03961
63.48	-0.03807
63.49	-0.03644
63.5	-0.03473
63.51	-0.03295
63.52	-0.0311
63.53	-0.02918
63.54	-0.0272
63.55	-0.02515
63.56	-0.02306
63.57	-0.02091
63.58	-0.01872
63.59	-0.01649
63.6	-0.01422
63.61	-0.01191
63.62	-0.00957
63.63	-0.00721
63.64	-0.00482
63.65	-0.00241
63.66	1.69996E-5
63.67	0.00246
63.68	0.00491
63.69	0.00736
63.7	0.00981
63.71	0.01226
63.72	0.0147
63.73	0.01712
63.74	0.01953
63.75	0.0219
63.76	0.02424
63.77	0.02654
63.78	0.0288
63.79	0.031
63.8	0.03314
63.81	0.03521
63.82	0.03721
63.83	0.03913
63.84	0.04097
63.85	0.04271
63.86	0.04436
63.87	0.0459
63.88	0.04734
63.89	0.04868
63.9	0.0499
63.91	0.05101
63.92	0.05202
63.93	0.05291
63.94	0.05369
63.95	0.05437
63.96	0.05495
63.97	0.05543
63.98	0.05582
63.99	0.05612
64	0.05634
64.01	0.05649
64.02	0.05658
64.03	0.05661
64.04	0.05659
64.05	0.05653
64.06	0.05644
64.07	0.05633
64.08	0.0562
64.09	0.05606
64.1	0.05592
64.11	0.05579
64.12	0.05566
64.13	0.05554
64.14	0.05545
64.15	0.05536
64.16	0.0553
64.17	0.05526
64.18	0.05524
64.19	0.05524
64.2	0.05525
64.21	0.05528
64.22	0.05532
64.23	0.05536
64.24	0.0554
64.25	0.05543
64.26	0.05546
64.27	0.05547
64.28	0.05545
64.29	0.05541
64.3	0.05533
64.31	0.05521
64.32	0.05505
64.33	0.05483
64.34	0.05457
64.35	0.05424
64.36	0.05386
64.37	0.05341
64.38	0.0529
64.39	0.05232
64.4	0.05168
64.41	0.05097
64.42	0.05019
64.43	0.04934
64.44	0.04843
64.45	0.04745
64.46	0.04642
64.47	0.04532
64.48	0.04416
64.49	0.04294
64.5	0.04167
64.51	0.04035
64.52	0.03897
64.53	0.03754
64.54	0.03606
64.55	0.03453
64.56	0.03296
64.57	0.03134
64.58	0.02967
64.59	0.02796
64.6	0.0262
64.61	0.0244
64.62	0.02256
64.63	0.02068
64.64	0.01875
64.65	0.01679
64.66	0.01478
64.67	0.01275
64.68	0.01067
64.69	0.00857
64.7	0.00643
64.71	0.00427
64.72	0.00209
64.73	-1.11055E-4
64.74	-0.00233
64.75	-0.00455
64.76	-0.00678
64.77	-0.00901
64.78	-0.01123
64.79	-0.01343
64.8	-0.01562
64.81	-0.01778
64.82	-0.01992
64.83	-0.02201
64.84	-0.02405
64.85	-0.02605
64.86	-0.02798
64.87	-0.02985
64.88	-0.03165
64.89	-0.03337
64.9	-0.035
64.91	-0.03655
64.92	-0.03799
64.93	-0.03933
64.94	-0.04056
64.95	-0.04168
64.96	-0.04267
64.97	-0.04353
64.98	-0.04426
64.99	-0.04485
65	-0.0453
65.01	-0.0456
65.02	-0.04574
65.03	-0.04572
65.04	-0.04554
65.05	-0.04519
65.06	-0.04467
65.07	-0.04397
65.08	-0.0431
65.09	-0.04205
65.1	-0.04081
65.11	-0.0394
65.12	-0.0378
65.13	-0.03602
65.14	-0.03407
65.15	-0.03194
65.16	-0.02964
65.17	-0.02718
65.18	-0.02456
65.19	-0.02178
65.2	-0.01887
65.21	-0.01583
65.22	-0.01267
65.23	-0.0094
65.24	-0.00603
65.25	-0.00259
65.26	9.19934E-4
65.27	0.00448
65.28	0.00807
65.29	0.01169
65.3	0.0153
65.31	0.0189
65.32	0.02247
65.33	0.026
65.34	0.02946
65.35	0.03285
65.36	0.03615
65.37	0.03935
65.38	0.04243
65.39	0.04539
65.4	0.04822
65.41	0.05091
65.42	0.05345
65.43	0.05584
65.44	0.05808
65.45	0.06015
65.46	0.06207
65.47	0.06384
65.48	0.06544
65.49	0.0669
65.5	0.06821
65.51	0.06937
65.52	0.0704
65.53	0.0713
65.54	0.07207
65.55	0.07272
65.56	0.07327
65.57	0.07371
65.58	0.07405
65.59	0.07431
65.6	0.07448
65.61	0.07458
65.62	0.0746
65.63	0.07455
65.64	0.07443
65.65	0.07425
65.66	0.074
65.67	0.07368
65.68	0.07329
65.69	0.07284
65.7	0.07231
65.71	0.07169
65.72	0.071
65.73	0.07021
65.74	0.06932
65.75	0.06832
65.76	0.0672
65.77	0.06597
65.78	0.0646
65.79	0.06309
65.8	0.06143
65.81	0.05962
65.82	0.05765
65.83	0.05551
65.84	0.0532
65.85	0.05072
65.86	0.04806
65.87	0.04523
65.88	0.04223
65.89	0.03905
65.9	0.03571
65.91	0.0322
65.92	0.02855
65.93	0.02475
65.94	0.02081
65.95	0.01675
65.96	0.01258
65.97	0.00832
65.98	0.00398
65.99	-4.34589E-4
66	-0.00489
66.01	-0.00939
66.02	-0.0139
66.03	-0.0184
66.04	-0.02289
66.05	-0.02735
66.06	-0.03176
66.07	-0.0361
66.08	-0.04037
66.09	-0.04454
66.1	-0.0486
66.11	-0.05255
66.12	-0.05637
66.13	-0.06006
66.14	-0.0636
66.15	-0.06699
66.16	-0.07023
66.17	-0.0733
66.18	-0.07621
66.19	-0.07895
66.2	-0.08152
66.21	-0.08393
66.22	-0.08617
66.23	-0.08825
66.24	-0.09016
66.25	-0.09192
66.26	-0.09353
66.27	-0.09498
66.28	-0.09629
66.29	-0.09747
66.3	-0.09851
66.31	-0.09943
66.32	-0.10023
66.33	-0.10092
66.34	-0.1015
66.35	-0.10198
66.36	-0.10237
66.37	-0.10268
66.38	-0.10291
66.39	-0.10306
66.4	-0.10314
66.41	-0.10317
66.42	-0.10313
66.43	-0.10305
66.44	-0.10291
66.45	-0.10273
66.46	-0.1025
66.47	-0.10224
66.48	-0.10193
66.49	-0.10158
66.5	-0.10119
66.51	-0.10076
66.52	-0.10028
66.53	-0.09976
66.54	-0.09918
66.55	-0.09855
66.56	-0.09786
66.57	-0.0971
66.58	-0.09627
66.59	-0.09535
66.6	-0.09435
66.61	-0.09326
66.62	-0.09205
66.63	-0.09074
66.64	-0.08931
66.65	-0.08775
66.66	-0.08605
66.67	-0.08421
66.68	-0.08222
66.69	-0.08008
66.7	-0.07778
66.71	-0.07532
66.72	-0.07269
66.73	-0.06989
66.74	-0.06692
66.75	-0.06379
66.76	-0.06048
66.77	-0.05701
66.78	-0.05339
66.79	-0.0496
66.8	-0.04567
66.81	-0.0416
66.82	-0.0374
66.83	-0.03307
66.84	-0.02863
66.85	-0.0241
66.86	-0.01947
66.87	-0.01477
66.88	-0.01001
66.89	-0.00519
66.9	-3.45246E-4
66.91	0.00452
66.92	0.0094
66.93	0.01427
66.94	0.01912
66.95	0.02394
66.96	0.02871
66.97	0.03343
66.98	0.03807
66.99	0.04264
67	0.04711
67.01	0.05148
67.02	0.05574
67.03	0.05988
67.04	0.06389
67.05	0.06777
67.06	0.07151
67.07	0.0751
67.08	0.07855
67.09	0.08183
67.1	0.08497
67.11	0.08794
67.12	0.09075
67.13	0.09339
67.14	0.09587
67.15	0.09818
67.16	0.10033
67.17	0.10232
67.18	0.10414
67.19	0.10581
67.2	0.10731
67.21	0.10866
67.22	0.10985
67.23	0.11089
67.24	0.11179
67.25	0.11254
67.26	0.11315
67.27	0.11363
67.28	0.11398
67.29	0.1142
67.3	0.1143
67.31	0.11429
67.32	0.11416
67.33	0.11392
67.34	0.11358
67.35	0.11315
67.36	0.11262
67.37	0.112
67.38	0.1113
67.39	0.11052
67.4	0.10966
67.41	0.10873
67.42	0.10772
67.43	0.10665
67.44	0.10551
67.45	0.1043
67.46	0.10303
67.47	0.1017
67.48	0.1003
67.49	0.09884
67.5	0.09731
67.51	0.09572
67.52	0.09406
67.53	0.09233
67.54	0.09053
67.55	0.08865
67.56	0.0867
67.57	0.08468
67.58	0.08257
67.59	0.08038
67.6	0.07811
67.61	0.07576
67.62	0.07332
67.63	0.07079
67.64	0.06817
67.65	0.06547
67.66	0.06269
67.67	0.05982
67.68	0.05687
67.69	0.05385
67.7	0.05076
67.71	0.0476
67.72	0.04437
67.73	0.0411
67.74	0.03778
67.75	0.03441
67.76	0.03102
67.77	0.02761
67.78	0.02419
67.79	0.02076
67.8	0.01734
67.81	0.01394
67.82	0.01057
67.83	0.00724
67.84	0.00395
67.85	7.23712E-4
67.86	-0.00244
67.87	-0.00552
67.88	-0.00852
67.89	-0.01142
67.9	-0.01423
67.91	-0.01693
67.92	-0.01951
67.93	-0.02198
67.94	-0.02433
67.95	-0.02655
67.96	-0.02864
67.97	-0.0306
67.98	-0.03242
67.99	-0.03411
68	-0.03566
68.01	-0.03707
68.02	-0.03835
68.03	-0.03949
68.04	-0.0405
68.05	-0.04137
68.06	-0.0421
68.07	-0.04271
68.08	-0.04318
68.09	-0.04353
68.1	-0.04374
68.11	-0.04383
68.12	-0.0438
68.13	-0.04365
68.14	-0.04338
68.15	-0.043
68.16	-0.0425
68.17	-0.0419
68.18	-0.04119
68.19	-0.04038
68.2	-0.03948
68.21	-0.03848
68.22	-0.0374
68.23	-0.03625
68.24	-0.03502
68.25	-0.03373
68.26	-0.03239
68.27	-0.031
68.28	-0.02957
68.29	-0.02811
68.3	-0.02663
68.31	-0.02514
68.32	-0.02366
68.33	-0.02218
68.34	-0.02073
68.35	-0.0193
68.36	-0.01792
68.37	-0.01658
68.38	-0.01531
68.39	-0.0141
68.4	-0.01296
68.41	-0.0119
68.42	-0.01093
68.43	-0.01004
68.44	-0.00925
68.45	-0.00856
68.46	-0.00796
68.47	-0.00746
68.48	-0.00706
68.49	-0.00676
68.5	-0.00655
68.51	-0.00644
68.52	-0.00642
68.53	-0.00648
68.54	-0.00662
68.55	-0.00683
68.56	-0.00712
68.57	-0.00748
68.58	-0.00789
68.59	-0.00836
68.6	-0.00888
68.61	-0.00944
68.62	-0.01004
68.63	-0.01067
68.64	-0.01134
68.65	-0.01203
68.66	-0.01275
68.67	-0.01348
68.68	-0.01423
68.69	-0.015
68.7	-0.01578
68.71	-0.01657
68.72	-0.01737
68.73	-0.01819
68.74	-0.01901
68.75	-0.01984
68.76	-0.02068
68.77	-0.02152
68.78	-0.02238
68.79	-0.02324
68.8	-0.02412
68.81	-0.025
68.82	-0.02589
68.83	-0.02679
68.84	-0.0277
68.85	-0.02862
68.86	-0.02955
68.87	-0.03049
68.88	-0.03145
68.89	-0.03241
68.9	-0.03338
68.91	-0.03437
68.92	-0.03536
68.93	-0.03637
68.94	-0.03739
68.95	-0.03842
68.96	-0.03946
68.97	-0.04051
68.98	-0.04157
68.99	-0.04264
69	-0.04372
69.01	-0.0448
69.02	-0.04589
69.03	-0.04699
69.04	-0.04808
69.05	-0.04917
69.06	-0.05026
69.07	-0.05134
69.08	-0.0524
69.09	-0.05344
69.1	-0.05446
69.11	-0.05544
69.12	-0.05639
69.13	-0.05729
69.14	-0.05813
69.15	-0.05891
69.16	-0.05961
69.17	-0.06023
69.18	-0.06076
69.19	-0.06119
69.2	-0.06151
69.21	-0.0617
69.22	-0.06177
69.23	-0.06169
69.24	-0.06147
69.25	-0.06109
69.26	-0.06055
69.27	-0.05985
69.28	-0.05897
69.29	-0.05791
69.3	-0.05668
69.31	-0.05528
69.32	-0.05369
69.33	-0.05193
69.34	-0.05001
69.35	-0.04791
69.36	-0.04567
69.37	-0.04327
69.38	-0.04073
69.39	-0.03807
69.4	-0.0353
69.41	-0.03242
69.42	-0.02946
69.43	-0.02642
69.44	-0.02333
69.45	-0.02021
69.46	-0.01706
69.47	-0.0139
69.48	-0.01075
69.49	-0.00763
69.5	-0.00455
69.51	-0.00152
69.52	0.00143
69.53	0.00431
69.54	0.00709
69.55	0.00976
69.56	0.01233
69.57	0.01477
69.58	0.01709
69.59	0.01927
69.6	0.02132
69.61	0.02323
69.62	0.02499
69.63	0.02662
69.64	0.0281
69.65	0.02944
69.66	0.03064
69.67	0.03171
69.68	0.03264
69.69	0.03344
69.7	0.03412
69.71	0.03468
69.72	0.03511
69.73	0.03543
69.74	0.03564
69.75	0.03575
69.76	0.03575
69.77	0.03565
69.78	0.03545
69.79	0.03515
69.8	0.03476
69.81	0.03428
69.82	0.03371
69.83	0.03305
69.84	0.03231
69.85	0.03148
69.86	0.03056
69.87	0.02957
69.88	0.0285
69.89	0.02734
69.9	0.02612
69.91	0.02482
69.92	0.02345
69.93	0.02202
69.94	0.02052
69.95	0.01897
69.96	0.01736
69.97	0.01571
69.98	0.01401
69.99	0.01229
70	0.01053
70.01	0.00876
70.02	0.00697
70.03	0.00517
70.04	0.00338
70.05	0.0016
70.06	-1.65119E-4
70.07	-0.0019
70.08	-0.00361
70.09	-0.00527
70.1	-0.00688
70.11	-0.00844
70.12	-0.00994
70.13	-0.01137
70.14	-0.01273
70.15	-0.01401
70.16	-0.01521
70.17	-0.01633
70.18	-0.01735
70.19	-0.0183
70.2	-0.01915
70.21	-0.01991
70.22	-0.02059
70.23	-0.02118
70.24	-0.02168
70.25	-0.0221
70.26	-0.02245
70.27	-0.02272
70.28	-0.02293
70.29	-0.02307
70.3	-0.02316
70.31	-0.02319
70.32	-0.02318
70.33	-0.02313
70.34	-0.02305
70.35	-0.02295
70.36	-0.02282
70.37	-0.02269
70.38	-0.02255
70.39	-0.02242
70.4	-0.02229
70.41	-0.02217
70.42	-0.02207
70.43	-0.022
70.44	-0.02194
70.45	-0.02192
70.46	-0.02193
70.47	-0.02197
70.48	-0.02205
70.49	-0.02216
70.5	-0.0223
70.51	-0.02248
70.52	-0.02269
70.53	-0.02293
70.54	-0.02319
70.55	-0.02347
70.56	-0.02378
70.57	-0.02409
70.58	-0.02442
70.59	-0.02474
70.6	-0.02506
70.61	-0.02537
70.62	-0.02566
70.63	-0.02592
70.64	-0.02615
70.65	-0.02635
70.66	-0.02649
70.67	-0.02658
70.68	-0.02661
70.69	-0.02657
70.7	-0.02646
70.71	-0.02626
70.72	-0.02598
70.73	-0.02562
70.74	-0.02515
70.75	-0.02459
70.76	-0.02393
70.77	-0.02316
70.78	-0.02228
70.79	-0.0213
70.8	-0.02021
70.81	-0.01901
70.82	-0.0177
70.83	-0.01629
70.84	-0.01477
70.85	-0.01315
70.86	-0.01142
70.87	-0.0096
70.88	-0.00769
70.89	-0.00568
70.9	-0.00359
70.91	-0.00141
70.92	8.38127E-4
70.93	0.00316
70.94	0.00556
70.95	0.00802
70.96	0.01053
70.97	0.0131
70.98	0.01571
70.99	0.01837
71	0.02106
71.01	0.02378
71.02	0.02652
71.03	0.02928
71.04	0.03205
71.05	0.03482
71.06	0.03759
71.07	0.04035
71.08	0.04308
71.09	0.04579
71.1	0.04847
71.11	0.0511
71.12	0.05368
71.13	0.0562
71.14	0.05865
71.15	0.06103
71.16	0.06333
71.17	0.06553
71.18	0.06763
71.19	0.06963
71.2	0.07152
71.21	0.07328
71.22	0.07493
71.23	0.07644
71.24	0.07783
71.25	0.07908
71.26	0.08019
71.27	0.08116
71.28	0.08199
71.29	0.08269
71.3	0.08325
71.31	0.08368
71.32	0.08397
71.33	0.08414
71.34	0.08419
71.35	0.08412
71.36	0.08394
71.37	0.08366
71.38	0.08328
71.39	0.08281
71.4	0.08226
71.41	0.08163
71.42	0.08093
71.43	0.08016
71.44	0.07934
71.45	0.07847
71.46	0.07755
71.47	0.07659
71.48	0.07558
71.49	0.07454
71.5	0.07347
71.51	0.07235
71.52	0.07121
71.53	0.07003
71.54	0.06881
71.55	0.06755
71.56	0.06624
71.57	0.0649
71.58	0.0635
71.59	0.06204
71.6	0.06053
71.61	0.05896
71.62	0.05731
71.63	0.0556
71.64	0.05381
71.65	0.05193
71.66	0.04998
71.67	0.04793
71.68	0.0458
71.69	0.04357
71.7	0.04126
71.71	0.03885
71.72	0.03634
71.73	0.03375
71.74	0.03107
71.75	0.02829
71.76	0.02544
71.77	0.0225
71.78	0.01949
71.79	0.01641
71.8	0.01326
71.81	0.01004
71.82	0.00678
71.83	0.00346
71.84	1.06071E-4
71.85	-0.00329
71.86	-0.00671
71.87	-0.01016
71.88	-0.01362
71.89	-0.01709
71.9	-0.02057
71.91	-0.02404
71.92	-0.02751
71.93	-0.03096
71.94	-0.03439
71.95	-0.03779
71.96	-0.04117
71.97	-0.0445
71.98	-0.0478
71.99	-0.05105
72	-0.05424
72.01	-0.05738
72.02	-0.06046
72.03	-0.06347
72.04	-0.06641
72.05	-0.06928
72.06	-0.07207
72.07	-0.07477
72.08	-0.07739
72.09	-0.07992
72.1	-0.08236
72.11	-0.0847
72.12	-0.08693
72.13	-0.08906
72.14	-0.09109
72.15	-0.093
72.16	-0.09479
72.17	-0.09647
72.18	-0.09803
72.19	-0.09946
72.2	-0.10076
72.21	-0.10193
72.22	-0.10297
72.23	-0.10387
72.24	-0.10463
72.25	-0.10524
72.26	-0.1057
72.27	-0.10601
72.28	-0.10617
72.29	-0.10616
72.3	-0.106
72.31	-0.10566
72.32	-0.10516
72.33	-0.10448
72.34	-0.10362
72.35	-0.10259
72.36	-0.10137
72.37	-0.09997
72.38	-0.09838
72.39	-0.0966
72.4	-0.09464
72.41	-0.09248
72.42	-0.09014
72.43	-0.08761
72.44	-0.0849
72.45	-0.08201
72.46	-0.07894
72.47	-0.0757
72.48	-0.0723
72.49	-0.06874
72.5	-0.06502
72.51	-0.06117
72.52	-0.05719
72.53	-0.05309
72.54	-0.04888
72.55	-0.04458
72.56	-0.04019
72.57	-0.03574
72.58	-0.03123
72.59	-0.02668
72.6	-0.0221
72.61	-0.01751
72.62	-0.01293
72.63	-0.00837
72.64	-0.00383
72.65	6.53356E-4
72.66	0.00508
72.67	0.00943
72.68	0.0137
72.69	0.01788
72.7	0.02195
72.71	0.0259
72.72	0.02973
72.73	0.03342
72.74	0.03698
72.75	0.04039
72.76	0.04366
72.77	0.04677
72.78	0.04973
72.79	0.05253
72.8	0.05517
72.81	0.05766
72.82	0.05998
72.83	0.06216
72.84	0.06418
72.85	0.06605
72.86	0.06777
72.87	0.06934
72.88	0.07077
72.89	0.07207
72.9	0.07323
72.91	0.07426
72.92	0.07516
72.93	0.07594
72.94	0.0766
72.95	0.07715
72.96	0.07758
72.97	0.0779
72.98	0.07812
72.99	0.07823
73	0.07824
73.01	0.07816
73.02	0.07797
73.03	0.07769
73.04	0.07732
73.05	0.07685
73.06	0.07629
73.07	0.07564
73.08	0.07491
73.09	0.07409
73.1	0.07318
73.11	0.07219
73.12	0.07111
73.13	0.06996
73.14	0.06872
73.15	0.06741
73.16	0.06602
73.17	0.06456
73.18	0.06303
73.19	0.06143
73.2	0.05976
73.21	0.05804
73.22	0.05625
73.23	0.05442
73.24	0.05253
73.25	0.0506
73.26	0.04863
73.27	0.04662
73.28	0.04458
73.29	0.04252
73.3	0.04045
73.31	0.03836
73.32	0.03626
73.33	0.03417
73.34	0.03208
73.35	0.03001
73.36	0.02795
73.37	0.02592
73.38	0.02392
73.39	0.02196
73.4	0.02004
73.41	0.01816
73.42	0.01634
73.43	0.01458
73.44	0.01288
73.45	0.01124
73.46	0.00967
73.47	0.00818
73.48	0.00675
73.49	0.0054
73.5	0.00413
73.51	0.00294
73.52	0.00182
73.53	7.78283E-4
73.54	-1.84788E-4
73.55	-0.00107
73.56	-0.00189
73.57	-0.00263
73.58	-0.0033
73.59	-0.0039
73.6	-0.00444
73.61	-0.00492
73.62	-0.00533
73.63	-0.0057
73.64	-0.00601
73.65	-0.00628
73.66	-0.0065
73.67	-0.00668
73.68	-0.00683
73.69	-0.00694
73.7	-0.00703
73.71	-0.00709
73.72	-0.00714
73.73	-0.00717
73.74	-0.00718
73.75	-0.00719
73.76	-0.00719
73.77	-0.0072
73.78	-0.0072
73.79	-0.00721
73.8	-0.00724
73.81	-0.00727
73.82	-0.00732
73.83	-0.00739
73.84	-0.00749
73.85	-0.0076
73.86	-0.00774
73.87	-0.00791
73.88	-0.00811
73.89	-0.00834
73.9	-0.0086
73.91	-0.00889
73.92	-0.00921
73.93	-0.00957
73.94	-0.00995
73.95	-0.01036
73.96	-0.0108
73.97	-0.01126
73.98	-0.01173
73.99	-0.01223
74	-0.01274
74.01	-0.01326
74.02	-0.01378
74.03	-0.0143
74.04	-0.01481
74.05	-0.01532
74.06	-0.0158
74.07	-0.01627
74.08	-0.0167
74.09	-0.01711
74.1	-0.01747
74.11	-0.0178
74.12	-0.01807
74.13	-0.0183
74.14	-0.01846
74.15	-0.01857
74.16	-0.01862
74.17	-0.01861
74.18	-0.01852
74.19	-0.01837
74.2	-0.01816
74.21	-0.01787
74.22	-0.01751
74.23	-0.01709
74.24	-0.0166
74.25	-0.01605
74.26	-0.01543
74.27	-0.01476
74.28	-0.01403
74.29	-0.01324
74.3	-0.0124
74.31	-0.01152
74.32	-0.01059
74.33	-0.00962
74.34	-0.00861
74.35	-0.00758
74.36	-0.00651
74.37	-0.00542
74.38	-0.00431
74.39	-0.00319
74.4	-0.00205
74.41	-9.02504E-4
74.42	2.48888E-4
74.43	0.0014
74.44	0.00255
74.45	0.00369
74.46	0.00482
74.47	0.00593
74.48	0.00702
74.49	0.00809
74.5	0.00912
74.51	0.01013
74.52	0.01109
74.53	0.01201
74.54	0.01288
74.55	0.0137
74.56	0.01445
74.57	0.01515
74.58	0.01578
74.59	0.01633
74.6	0.01681
74.61	0.01721
74.62	0.01753
74.63	0.01776
74.64	0.0179
74.65	0.01795
74.66	0.01791
74.67	0.01777
74.68	0.01754
74.69	0.01722
74.7	0.0168
74.71	0.0163
74.72	0.0157
74.73	0.01502
74.74	0.01426
74.75	0.01343
74.76	0.01251
74.77	0.01153
74.78	0.01049
74.79	0.00939
74.8	0.00823
74.81	0.00703
74.82	0.00579
74.83	0.00451
74.84	0.0032
74.85	0.00187
74.86	5.25017E-4
74.87	-8.37732E-4
74.88	-0.00221
74.89	-0.00359
74.9	-0.00496
74.91	-0.00633
74.92	-0.0077
74.93	-0.00906
74.94	-0.0104
74.95	-0.01173
74.96	-0.01304
74.97	-0.01433
74.98	-0.0156
74.99	-0.01684
75	-0.01806
75.01	-0.01925
75.02	-0.02041
75.03	-0.02154
75.04	-0.02264
75.05	-0.02369
75.06	-0.0247
75.07	-0.02567
75.08	-0.02659
75.09	-0.02746
75.1	-0.02827
75.11	-0.02902
75.12	-0.02971
75.13	-0.03032
75.14	-0.03086
75.15	-0.03132
75.16	-0.03169
75.17	-0.03196
75.18	-0.03215
75.19	-0.03223
75.2	-0.03221
75.21	-0.03207
75.22	-0.03183
75.23	-0.03147
75.24	-0.03099
75.25	-0.03039
75.26	-0.02967
75.27	-0.02883
75.28	-0.02787
75.29	-0.02679
75.3	-0.0256
75.31	-0.02429
75.32	-0.02288
75.33	-0.02136
75.34	-0.01975
75.35	-0.01804
75.36	-0.01626
75.37	-0.0144
75.38	-0.01247
75.39	-0.01049
75.4	-0.00846
75.41	-0.0064
75.42	-0.00432
75.43	-0.00222
75.44	-1.1972E-4
75.45	0.00197
75.46	0.00403
75.47	0.00606
75.48	0.00804
75.49	0.00997
75.5	0.01182
75.51	0.01359
75.52	0.01527
75.53	0.01684
75.54	0.0183
75.55	0.01963
75.56	0.02083
75.57	0.02189
75.58	0.0228
75.59	0.02355
75.6	0.02415
75.61	0.02457
75.62	0.02483
75.63	0.02491
75.64	0.02482
75.65	0.02455
75.66	0.02411
75.67	0.0235
75.68	0.02271
75.69	0.02176
75.7	0.02064
75.71	0.01937
75.72	0.01795
75.73	0.01639
75.74	0.01469
75.75	0.01287
75.76	0.01094
75.77	0.00891
75.78	0.00678
75.79	0.00457
75.8	0.00229
75.81	-5.07254E-5
75.82	-0.00244
75.83	-0.00486
75.84	-0.0073
75.85	-0.00976
75.86	-0.01223
75.87	-0.01469
75.88	-0.01713
75.89	-0.01956
75.9	-0.02195
75.91	-0.02431
75.92	-0.02662
75.93	-0.02889
75.94	-0.03111
75.95	-0.03327
75.96	-0.03537
75.97	-0.03741
75.98	-0.03939
75.99	-0.0413
76	-0.04315
76.01	-0.04493
76.02	-0.04665
76.03	-0.04831
76.04	-0.0499
76.05	-0.05144
76.06	-0.05291
76.07	-0.05431
76.08	-0.05566
76.09	-0.05696
76.1	-0.05819
76.11	-0.05937
76.12	-0.06049
76.13	-0.06155
76.14	-0.06256
76.15	-0.06351
76.16	-0.0644
76.17	-0.06524
76.18	-0.06601
76.19	-0.06673
76.2	-0.06738
76.21	-0.06797
76.22	-0.06849
76.23	-0.06894
76.24	-0.06932
76.25	-0.06962
76.26	-0.06985
76.27	-0.06999
76.28	-0.07004
76.29	-0.07
76.3	-0.06986
76.31	-0.06962
76.32	-0.06927
76.33	-0.06882
76.34	-0.06824
76.35	-0.06755
76.36	-0.06673
76.37	-0.06578
76.38	-0.0647
76.39	-0.06347
76.4	-0.06211
76.41	-0.06061
76.42	-0.05895
76.43	-0.05716
76.44	-0.05521
76.45	-0.05312
76.46	-0.05088
76.47	-0.0485
76.48	-0.04598
76.49	-0.04332
76.5	-0.04053
76.51	-0.03762
76.52	-0.03459
76.53	-0.03145
76.54	-0.02822
76.55	-0.02489
76.56	-0.02148
76.57	-0.01801
76.58	-0.01448
76.59	-0.01091
76.6	-0.00731
76.61	-0.00369
76.62	-7.36756E-5
76.63	0.00354
76.64	0.00713
76.65	0.01068
76.66	0.01419
76.67	0.01763
76.68	0.02101
76.69	0.02431
76.7	0.02752
76.71	0.03063
76.72	0.03364
76.73	0.03654
76.74	0.03932
76.75	0.04198
76.76	0.04452
76.77	0.04693
76.78	0.04922
76.79	0.05138
76.8	0.05342
76.81	0.05534
76.82	0.05714
76.83	0.05882
76.84	0.0604
76.85	0.06187
76.86	0.06324
76.87	0.06451
76.88	0.0657
76.89	0.06681
76.9	0.06784
76.91	0.06881
76.92	0.06971
76.93	0.07056
76.94	0.07135
76.95	0.07211
76.96	0.07282
76.97	0.0735
76.98	0.07415
76.99	0.07476
77	0.07535
77.01	0.07592
77.02	0.07646
77.03	0.07698
77.04	0.07747
77.05	0.07794
77.06	0.07837
77.07	0.07877
77.08	0.07914
77.09	0.07946
77.1	0.07974
77.11	0.07996
77.12	0.08013
77.13	0.08023
77.14	0.08025
77.15	0.0802
77.16	0.08005
77.17	0.07981
77.18	0.07947
77.19	0.07902
77.2	0.07844
77.21	0.07774
77.22	0.07691
77.23	0.07595
77.24	0.07484
77.25	0.07358
77.26	0.07217
77.27	0.07061
77.28	0.06889
77.29	0.06702
77.3	0.06498
77.31	0.06279
77.32	0.06045
77.33	0.05795
77.34	0.05531
77.35	0.05252
77.36	0.0496
77.37	0.04654
77.38	0.04337
77.39	0.04008
77.4	0.03669
77.41	0.0332
77.42	0.02964
77.43	0.026
77.44	0.0223
77.45	0.01856
77.46	0.01478
77.47	0.01099
77.48	0.00719
77.49	0.00339
77.5	-3.84526E-4
77.51	-0.00413
77.52	-0.00782
77.53	-0.01145
77.54	-0.01501
77.55	-0.01848
77.56	-0.02186
77.57	-0.02512
77.58	-0.02827
77.59	-0.03128
77.6	-0.03415
77.61	-0.03687
77.62	-0.03943
77.63	-0.04182
77.64	-0.04403
77.65	-0.04607
77.66	-0.04792
77.67	-0.04959
77.68	-0.05106
77.69	-0.05233
77.7	-0.05342
77.71	-0.0543
77.72	-0.055
77.73	-0.0555
77.74	-0.05582
77.75	-0.05596
77.76	-0.05592
77.77	-0.05571
77.78	-0.05534
77.79	-0.05481
77.8	-0.05415
77.81	-0.05335
77.82	-0.05244
77.83	-0.05141
77.84	-0.05029
77.85	-0.04909
77.86	-0.04781
77.87	-0.04648
77.88	-0.04511
77.89	-0.0437
77.9	-0.04228
77.91	-0.04085
77.92	-0.03942
77.93	-0.03801
77.94	-0.03663
77.95	-0.03529
77.96	-0.03398
77.97	-0.03274
77.98	-0.03155
77.99	-0.03042
78	-0.02936
78.01	-0.02838
78.02	-0.02746
78.03	-0.02662
78.04	-0.02585
78.05	-0.02516
78.06	-0.02454
78.07	-0.02398
78.08	-0.02349
78.09	-0.02306
78.1	-0.02269
78.11	-0.02236
78.12	-0.02208
78.13	-0.02184
78.14	-0.02163
78.15	-0.02144
78.16	-0.02127
78.17	-0.02112
78.18	-0.02098
78.19	-0.02083
78.2	-0.02068
78.21	-0.02052
78.22	-0.02034
78.23	-0.02014
78.24	-0.01991
78.25	-0.01965
78.26	-0.01936
78.27	-0.01902
78.28	-0.01865
78.29	-0.01822
78.3	-0.01775
78.31	-0.01722
78.32	-0.01664
78.33	-0.016
78.34	-0.01531
78.35	-0.01456
78.36	-0.01375
78.37	-0.01288
78.38	-0.01195
78.39	-0.01096
78.4	-0.00991
78.41	-0.00881
78.42	-0.00765
78.43	-0.00644
78.44	-0.00517
78.45	-0.00386
78.46	-0.0025
78.47	-0.00109
78.48	3.54656E-4
78.49	0.00184
78.5	0.00336
78.51	0.00491
78.52	0.00649
78.53	0.0081
78.54	0.00973
78.55	0.01137
78.56	0.01304
78.57	0.01471
78.58	0.0164
78.59	0.01809
78.6	0.01978
78.61	0.02148
78.62	0.02317
78.63	0.02485
78.64	0.02653
78.65	0.0282
78.66	0.02985
78.67	0.03148
78.68	0.03309
78.69	0.03467
78.7	0.03623
78.71	0.03775
78.72	0.03923
78.73	0.04066
78.74	0.04205
78.75	0.04339
78.76	0.04467
78.77	0.04588
78.78	0.04703
78.79	0.04809
78.8	0.04908
78.81	0.04997
78.82	0.05078
78.83	0.05148
78.84	0.05208
78.85	0.05256
78.86	0.05293
78.87	0.05318
78.88	0.05331
78.89	0.05331
78.9	0.05317
78.91	0.05291
78.92	0.05251
78.93	0.05198
78.94	0.05131
78.95	0.05051
78.96	0.04957
78.97	0.04851
78.98	0.04732
78.99	0.04601
79	0.04459
79.01	0.04305
79.02	0.04141
79.03	0.03966
79.04	0.03783
79.05	0.03591
79.06	0.03392
79.07	0.03186
79.08	0.02974
79.09	0.02756
79.1	0.02534
79.11	0.02309
79.12	0.02081
79.13	0.01851
79.14	0.01619
79.15	0.01387
79.16	0.01155
79.17	0.00924
79.18	0.00694
79.19	0.00466
79.2	0.00241
79.21	1.86225E-4
79.22	-0.002
79.23	-0.00416
79.24	-0.00627
79.25	-0.00833
79.26	-0.01035
79.27	-0.01232
79.28	-0.01423
79.29	-0.01608
79.3	-0.01787
79.31	-0.0196
79.32	-0.02127
79.33	-0.02287
79.34	-0.02439
79.35	-0.02585
79.36	-0.02722
79.37	-0.02852
79.38	-0.02974
79.39	-0.03086
79.4	-0.03191
79.41	-0.03285
79.42	-0.03371
79.43	-0.03446
79.44	-0.03511
79.45	-0.03566
79.46	-0.03609
79.47	-0.03642
79.48	-0.03662
79.49	-0.03672
79.5	-0.03669
79.51	-0.03653
79.52	-0.03626
79.53	-0.03585
79.54	-0.03533
79.55	-0.03467
79.56	-0.03389
79.57	-0.03299
79.58	-0.03197
79.59	-0.03082
79.6	-0.02956
79.61	-0.02819
79.62	-0.02671
79.63	-0.02512
79.64	-0.02344
79.65	-0.02168
79.66	-0.01983
79.67	-0.01791
79.68	-0.01593
79.69	-0.01389
79.7	-0.01181
79.71	-0.0097
79.72	-0.00756
79.73	-0.00541
79.74	-0.00325
79.75	-0.00111
79.76	0.00101
79.77	0.00311
79.78	0.00516
79.79	0.00716
79.8	0.0091
79.81	0.01097
79.82	0.01276
79.83	0.01446
79.84	0.01606
79.85	0.01757
79.86	0.01896
79.87	0.02024
79.88	0.02141
79.89	0.02245
79.9	0.02337
79.91	0.02416
79.92	0.02482
79.93	0.02536
79.94	0.02576
79.95	0.02604
79.96	0.0262
79.97	0.02623
79.98	0.02614
79.99	0.02594
80	0.02563
80.01	0.02521
80.02	0.02469
80.03	0.02407
80.04	0.02337
80.05	0.02258
80.06	0.02173
80.07	0.0208
80.08	0.01982
80.09	0.01879
80.1	0.01771
80.11	0.0166
80.12	0.01547
80.13	0.01431
80.14	0.01315
80.15	0.01199
80.16	0.01084
80.17	0.00971
80.18	0.00859
80.19	0.00751
80.2	0.00647
80.21	0.00547
80.22	0.00452
80.23	0.00363
80.24	0.0028
80.25	0.00204
80.26	0.00134
80.27	7.17397E-4
80.28	1.67097E-4
80.29	-3.08124E-4
80.3	-7.07724E-4
80.31	-0.00103
80.32	-0.00128
80.33	-0.00146
80.34	-0.00157
80.35	-0.0016
80.36	-0.00158
80.37	-0.0015
80.38	-0.00136
80.39	-0.00117
80.4	-9.40502E-4
80.41	-6.71307E-4
80.42	-3.7026E-4
80.43	-4.36029E-5
80.44	3.02351E-4
80.45	6.61291E-4
80.46	0.00103
80.47	0.00139
80.48	0.00175
80.49	0.0021
80.5	0.00244
80.51	0.00275
80.52	0.00304
80.53	0.0033
80.54	0.00353
80.55	0.00372
80.56	0.00387
80.57	0.00398
80.58	0.00406
80.59	0.00409
80.6	0.00408
80.61	0.00403
80.62	0.00395
80.63	0.00382
80.64	0.00366
80.65	0.00347
80.66	0.00326
80.67	0.00302
80.68	0.00276
80.69	0.00248
80.7	0.0022
80.71	0.00191
80.72	0.00163
80.73	0.00135
80.74	0.00109
80.75	8.50335E-4
80.76	6.3577E-4
80.77	4.53763E-4
80.78	3.10183E-4
80.79	2.1067E-4
80.8	1.60562E-4
80.81	1.64819E-4
80.82	2.27957E-4
80.83	3.53971E-4
80.84	5.46272E-4
80.85	8.07624E-4
80.86	0.00114
80.87	0.00154
80.88	0.00202
80.89	0.00257
80.9	0.00319
80.91	0.00389
80.92	0.00464
80.93	0.00546
80.94	0.00634
80.95	0.00727
80.96	0.00825
80.97	0.00926
80.98	0.01031
80.99	0.01137
81	0.01245
81.01	0.01354
81.02	0.01462
81.03	0.01568
81.04	0.01671
81.05	0.01771
81.06	0.01866
81.07	0.01956
81.08	0.02038
81.09	0.02113
81.1	0.0218
81.11	0.02237
81.12	0.02284
81.13	0.0232
81.14	0.02345
81.15	0.02358
81.16	0.02359
81.17	0.02347
81.18	0.02323
81.19	0.02286
81.2	0.02236
81.21	0.02174
81.22	0.021
81.23	0.02013
81.24	0.01916
81.25	0.01807
81.26	0.01689
81.27	0.0156
81.28	0.01424
81.29	0.01279
81.3	0.01128
81.31	0.00971
81.32	0.00808
81.33	0.00642
81.34	0.00472
81.35	0.003
81.36	0.00127
81.37	-4.63699E-4
81.38	-0.00219
81.39	-0.00391
81.4	-0.00561
81.41	-0.00729
81.42	-0.00893
81.43	-0.01053
81.44	-0.0121
81.45	-0.01362
81.46	-0.0151
81.47	-0.01652
81.48	-0.0179
81.49	-0.01923
81.5	-0.0205
81.51	-0.02173
81.52	-0.02292
81.53	-0.02406
81.54	-0.02515
81.55	-0.02621
81.56	-0.02723
81.57	-0.02822
81.58	-0.02918
81.59	-0.03011
81.6	-0.03102
81.61	-0.03191
81.62	-0.03279
81.63	-0.03365
81.64	-0.0345
81.65	-0.03534
81.66	-0.03618
81.67	-0.03701
81.68	-0.03783
81.69	-0.03866
81.7	-0.03947
81.71	-0.04029
81.72	-0.0411
81.73	-0.04191
81.74	-0.04271
81.75	-0.0435
81.76	-0.04428
81.77	-0.04505
81.78	-0.04581
81.79	-0.04655
81.8	-0.04727
81.81	-0.04797
81.82	-0.04864
81.83	-0.04929
81.84	-0.0499
81.85	-0.05047
81.86	-0.05101
81.87	-0.05151
81.88	-0.05196
81.89	-0.05237
81.9	-0.05272
81.91	-0.05302
81.92	-0.05326
81.93	-0.05345
81.94	-0.05358
81.95	-0.05364
81.96	-0.05364
81.97	-0.05357
81.98	-0.05344
81.99	-0.05324
82	-0.05297
82.01	-0.05263
82.02	-0.05223
82.03	-0.05176
82.04	-0.05122
82.05	-0.05061
82.06	-0.04995
82.07	-0.04922
82.08	-0.04843
82.09	-0.04759
82.1	-0.04669
82.11	-0.04575
82.12	-0.04476
82.13	-0.04372
82.14	-0.04265
82.15	-0.04155
82.16	-0.04041
82.17	-0.03925
82.18	-0.03807
82.19	-0.03688
82.2	-0.03567
82.21	-0.03445
82.22	-0.03323
82.23	-0.032
82.24	-0.03078
82.25	-0.02956
82.26	-0.02835
82.27	-0.02715
82.28	-0.02596
82.29	-0.02478
82.3	-0.02361
82.31	-0.02246
82.32	-0.02131
82.33	-0.02018
82.34	-0.01905
82.35	-0.01793
82.36	-0.01682
82.37	-0.01571
82.38	-0.0146
82.39	-0.01348
82.4	-0.01236
82.41	-0.01123
82.42	-0.01008
82.43	-0.00892
82.44	-0.00774
82.45	-0.00652
82.46	-0.00529
82.47	-0.00402
82.48	-0.00271
82.49	-0.00137
82.5	1.77819E-5
82.51	0.00144
82.52	0.00291
82.53	0.00443
82.54	0.00599
82.55	0.0076
82.56	0.00925
82.57	0.01096
82.58	0.0127
82.59	0.01449
82.6	0.01632
82.61	0.01819
82.62	0.0201
82.63	0.02203
82.64	0.02399
82.65	0.02598
82.66	0.02799
82.67	0.03
82.68	0.03203
82.69	0.03405
82.7	0.03607
82.71	0.03807
82.72	0.04005
82.73	0.04201
82.74	0.04393
82.75	0.04581
82.76	0.04764
82.77	0.04941
82.78	0.05111
82.79	0.05274
82.8	0.05429
82.81	0.05576
82.82	0.05713
82.83	0.05841
82.84	0.05958
82.85	0.06064
82.86	0.06159
82.87	0.06242
82.88	0.06312
82.89	0.0637
82.9	0.06416
82.91	0.06449
82.92	0.06469
82.93	0.06475
82.94	0.06469
82.95	0.06451
82.96	0.06419
82.97	0.06375
82.98	0.06319
82.99	0.06251
83	0.06171
83.01	0.06081
83.02	0.05979
83.03	0.05867
83.04	0.05745
83.05	0.05614
83.06	0.05474
83.07	0.05325
83.08	0.05169
83.09	0.05005
83.1	0.04834
83.11	0.04656
83.12	0.04473
83.13	0.04284
83.14	0.04089
83.15	0.03891
83.16	0.03688
83.17	0.03481
83.18	0.03271
83.19	0.03058
83.2	0.02842
83.21	0.02624
83.22	0.02404
83.23	0.02182
83.24	0.01959
83.25	0.01734
83.26	0.01509
83.27	0.01283
83.28	0.01056
83.29	0.00829
83.3	0.00602
83.31	0.00374
83.32	0.00147
83.33	-7.97393E-4
83.34	-0.00306
83.35	-0.00532
83.36	-0.00758
83.37	-0.00983
83.38	-0.01207
83.39	-0.0143
83.4	-0.01652
83.41	-0.01873
83.42	-0.02093
83.43	-0.02311
83.44	-0.02528
83.45	-0.02742
83.46	-0.02954
83.47	-0.03164
83.48	-0.03371
83.49	-0.03575
83.5	-0.03776
83.51	-0.03972
83.52	-0.04165
83.53	-0.04352
83.54	-0.04534
83.55	-0.04711
83.56	-0.0488
83.57	-0.05043
83.58	-0.05199
83.59	-0.05346
83.6	-0.05484
83.61	-0.05613
83.62	-0.05732
83.63	-0.0584
83.64	-0.05937
83.65	-0.06023
83.66	-0.06095
83.67	-0.06155
83.68	-0.06202
83.69	-0.06235
83.7	-0.06253
83.71	-0.06257
83.72	-0.06246
83.73	-0.0622
83.74	-0.06178
83.75	-0.06122
83.76	-0.06049
83.77	-0.05962
83.78	-0.05859
83.79	-0.05741
83.8	-0.05609
83.81	-0.05461
83.82	-0.053
83.83	-0.05125
83.84	-0.04936
83.85	-0.04735
83.86	-0.04522
83.87	-0.04297
83.88	-0.04061
83.89	-0.03815
83.9	-0.03559
83.91	-0.03295
83.92	-0.03023
83.93	-0.02744
83.94	-0.02458
83.95	-0.02167
83.96	-0.01871
83.97	-0.01571
83.98	-0.01268
83.99	-0.00963
84	-0.00657
84.01	-0.00349
84.02	-4.23246E-4
84.03	0.00264
84.04	0.00568
84.05	0.0087
84.06	0.01168
84.07	0.01463
84.08	0.01752
84.09	0.02035
84.1	0.02313
84.11	0.02583
84.12	0.02844
84.13	0.03098
84.14	0.03341
84.15	0.03575
84.16	0.03798
84.17	0.04009
84.18	0.04208
84.19	0.04395
84.2	0.04568
84.21	0.04727
84.22	0.04872
84.23	0.05002
84.24	0.05118
84.25	0.05218
84.26	0.05302
84.27	0.05371
84.28	0.05424
84.29	0.05462
84.3	0.05484
84.31	0.0549
84.32	0.05481
84.33	0.05457
84.34	0.05419
84.35	0.05366
84.36	0.053
84.37	0.05222
84.38	0.05131
84.39	0.05028
84.4	0.04915
84.41	0.04792
84.42	0.0466
84.43	0.04521
84.44	0.04373
84.45	0.0422
84.46	0.04062
84.47	0.03899
84.48	0.03732
84.49	0.03564
84.5	0.03393
84.51	0.03222
84.52	0.03051
84.53	0.02881
84.54	0.02712
84.55	0.02546
84.56	0.02383
84.57	0.02223
84.58	0.02067
84.59	0.01916
84.6	0.01769
84.61	0.01628
84.62	0.01492
84.63	0.01362
84.64	0.01238
84.65	0.0112
84.66	0.01008
84.67	0.00902
84.68	0.00801
84.69	0.00707
84.7	0.00618
84.71	0.00534
84.72	0.00456
84.73	0.00382
84.74	0.00313
84.75	0.00249
84.76	0.00188
84.77	0.0013
84.78	7.60987E-4
84.79	2.45634E-4
84.8	-2.46327E-4
84.81	-7.18731E-4
84.82	-0.00118
84.83	-0.00162
84.84	-0.00206
84.85	-0.00249
84.86	-0.00291
84.87	-0.00334
84.88	-0.00377
84.89	-0.0042
84.9	-0.00464
84.91	-0.00509
84.92	-0.00554
84.93	-0.006
84.94	-0.00646
84.95	-0.00694
84.96	-0.00742
84.97	-0.0079
84.98	-0.00839
84.99	-0.00887
85	-0.00935
85.01	-0.00983
85.02	-0.0103
85.03	-0.01076
85.04	-0.01121
85.05	-0.01163
85.06	-0.01204
85.07	-0.01242
85.08	-0.01278
85.09	-0.0131
85.1	-0.0134
85.11	-0.01365
85.12	-0.01387
85.13	-0.01404
85.14	-0.01418
85.15	-0.01427
85.16	-0.01431
85.17	-0.0143
85.18	-0.01425
85.19	-0.01415
85.2	-0.01401
85.21	-0.01381
85.22	-0.01357
85.23	-0.01329
85.24	-0.01296
85.25	-0.01259
85.26	-0.01218
85.27	-0.01173
85.28	-0.01125
85.29	-0.01074
85.3	-0.0102
85.31	-0.00963
85.32	-0.00905
85.33	-0.00844
85.34	-0.00782
85.35	-0.00719
85.36	-0.00656
85.37	-0.00592
85.38	-0.00528
85.39	-0.00465
85.4	-0.00403
85.41	-0.00341
85.42	-0.00281
85.43	-0.00223
85.44	-0.00167
85.45	-0.00114
85.46	-6.29304E-4
85.47	-1.47392E-4
85.48	3.04718E-4
85.49	7.25503E-4
85.5	0.00111
85.51	0.00147
85.52	0.00179
85.53	0.00208
85.54	0.00233
85.55	0.00255
85.56	0.00273
85.57	0.00288
85.58	0.003
85.59	0.00309
85.6	0.00315
85.61	0.00319
85.62	0.0032
85.63	0.00318
85.64	0.00314
85.65	0.00309
85.66	0.00302
85.67	0.00293
85.68	0.00283
85.69	0.00271
85.7	0.00259
85.71	0.00246
85.72	0.00233
85.73	0.0022
85.74	0.00206
85.75	0.00193
85.76	0.0018
85.77	0.00167
85.78	0.00155
85.79	0.00144
85.8	0.00134
85.81	0.00125
85.82	0.00118
85.83	0.00112
85.84	0.00108
85.85	0.00105
85.86	0.00105
85.87	0.00107
85.88	0.00111
85.89	0.00118
85.9	0.00128
85.91	0.0014
85.92	0.00155
85.93	0.00174
85.94	0.00195
85.95	0.0022
85.96	0.00248
85.97	0.0028
85.98	0.00315
85.99	0.00354
86	0.00396
86.01	0.00442
86.02	0.00492
86.03	0.00544
86.04	0.006
86.05	0.00659
86.06	0.00721
86.07	0.00786
86.08	0.00853
86.09	0.00923
86.1	0.00994
86.11	0.01067
86.12	0.01141
86.13	0.01217
86.14	0.01292
86.15	0.01367
86.16	0.01442
86.17	0.01516
86.18	0.01588
86.19	0.01658
86.2	0.01725
86.21	0.01789
86.22	0.0185
86.23	0.01907
86.24	0.01958
86.25	0.02005
86.26	0.02046
86.27	0.02081
86.28	0.0211
86.29	0.02132
86.3	0.02147
86.31	0.02154
86.32	0.02154
86.33	0.02146
86.34	0.02131
86.35	0.02107
86.36	0.02076
86.37	0.02037
86.38	0.0199
86.39	0.01936
86.4	0.01874
86.41	0.01806
86.42	0.0173
86.43	0.01649
86.44	0.01562
86.45	0.0147
86.46	0.01374
86.47	0.01273
86.48	0.01169
86.49	0.01062
86.5	0.00954
86.51	0.00844
86.52	0.00733
86.53	0.00622
86.54	0.00513
86.55	0.00404
86.56	0.00299
86.57	0.00196
86.58	9.67307E-4
86.59	2.12255E-5
86.6	-8.73801E-4
86.61	-0.00171
86.62	-0.00249
86.63	-0.00319
86.64	-0.00382
86.65	-0.00437
86.66	-0.00483
86.67	-0.00521
86.68	-0.00549
86.69	-0.00568
86.7	-0.00577
86.71	-0.00576
86.72	-0.00565
86.73	-0.00544
86.74	-0.00512
86.75	-0.00471
86.76	-0.00419
86.77	-0.00357
86.78	-0.00286
86.79	-0.00205
86.8	-0.00116
86.81	-1.76479E-4
86.82	8.81717E-4
86.83	0.00201
86.84	0.00321
86.85	0.00447
86.86	0.00578
86.87	0.00713
86.88	0.00852
86.89	0.00993
86.9	0.01136
86.91	0.01279
86.92	0.01423
86.93	0.01565
86.94	0.01705
86.95	0.01841
86.96	0.01974
86.97	0.02101
86.98	0.02222
86.99	0.02336
87	0.02442
87.01	0.02539
87.02	0.02627
87.03	0.02704
87.04	0.0277
87.05	0.02825
87.06	0.02868
87.07	0.02898
87.08	0.02915
87.09	0.02919
87.1	0.02909
87.11	0.02885
87.12	0.02847
87.13	0.02796
87.14	0.02731
87.15	0.02652
87.16	0.0256
87.17	0.02454
87.18	0.02336
87.19	0.02205
87.2	0.02062
87.21	0.01908
87.22	0.01743
87.23	0.01567
87.24	0.01382
87.25	0.01189
87.26	0.00987
87.27	0.00778
87.28	0.00562
87.29	0.00341
87.3	0.00114
87.31	-0.00116
87.32	-0.0035
87.33	-0.00587
87.34	-0.00825
87.35	-0.01065
87.36	-0.01304
87.37	-0.01544
87.38	-0.01782
87.39	-0.02018
87.4	-0.02252
87.41	-0.02484
87.42	-0.02711
87.43	-0.02935
87.44	-0.03154
87.45	-0.03368
87.46	-0.03578
87.47	-0.03781
87.48	-0.03979
87.49	-0.0417
87.5	-0.04355
87.51	-0.04533
87.52	-0.04705
87.53	-0.04869
87.54	-0.05026
87.55	-0.05176
87.56	-0.05319
87.57	-0.05454
87.58	-0.05582
87.59	-0.05702
87.6	-0.05814
87.61	-0.05918
87.62	-0.06015
87.63	-0.06104
87.64	-0.06185
87.65	-0.06258
87.66	-0.06323
87.67	-0.06379
87.68	-0.06428
87.69	-0.06468
87.7	-0.065
87.71	-0.06523
87.72	-0.06537
87.73	-0.06543
87.74	-0.0654
87.75	-0.06527
87.76	-0.06506
87.77	-0.06475
87.78	-0.06435
87.79	-0.06385
87.8	-0.06326
87.81	-0.06257
87.82	-0.06177
87.83	-0.06088
87.84	-0.05989
87.85	-0.05879
87.86	-0.0576
87.87	-0.0563
87.88	-0.0549
87.89	-0.0534
87.9	-0.0518
87.91	-0.05011
87.92	-0.04832
87.93	-0.04643
87.94	-0.04445
87.95	-0.04238
87.96	-0.04023
87.97	-0.038
87.98	-0.03569
87.99	-0.03331
88	-0.03086
88.01	-0.02835
88.02	-0.02579
88.03	-0.02317
88.04	-0.02052
88.05	-0.01783
88.06	-0.01511
88.07	-0.01236
88.08	-0.00961
88.09	-0.00685
88.1	-0.00409
88.11	-0.00133
88.12	0.0014
88.13	0.00411
88.14	0.00679
88.15	0.00942
88.16	0.01201
88.17	0.01455
88.18	0.01702
88.19	0.01942
88.2	0.02175
88.21	0.02399
88.22	0.02614
88.23	0.0282
88.24	0.03016
88.25	0.03201
88.26	0.03376
88.27	0.03539
88.28	0.0369
88.29	0.0383
88.3	0.03957
88.31	0.04071
88.32	0.04174
88.33	0.04263
88.34	0.0434
88.35	0.04404
88.36	0.04456
88.37	0.04495
88.38	0.04523
88.39	0.04538
88.4	0.04542
88.41	0.04535
88.42	0.04517
88.43	0.04488
88.44	0.0445
88.45	0.04403
88.46	0.04347
88.47	0.04282
88.48	0.04211
88.49	0.04132
88.5	0.04047
88.51	0.03956
88.52	0.0386
88.53	0.0376
88.54	0.03656
88.55	0.03548
88.56	0.03438
88.57	0.03326
88.58	0.03212
88.59	0.03096
88.6	0.02981
88.61	0.02864
88.62	0.02748
88.63	0.02632
88.64	0.02517
88.65	0.02403
88.66	0.0229
88.67	0.02178
88.68	0.02068
88.69	0.01959
88.7	0.01851
88.71	0.01746
88.72	0.01641
88.73	0.01539
88.74	0.01437
88.75	0.01337
88.76	0.01238
88.77	0.01141
88.78	0.01044
88.79	0.00947
88.8	0.00852
88.81	0.00756
88.82	0.00661
88.83	0.00566
88.84	0.00471
88.85	0.00376
88.86	0.00281
88.87	0.00185
88.88	8.88928E-4
88.89	-7.72763E-5
88.9	-0.00105
88.91	-0.00202
88.92	-0.003
88.93	-0.00398
88.94	-0.00497
88.95	-0.00595
88.96	-0.00693
88.97	-0.00791
88.98	-0.00889
88.99	-0.00985
89	-0.01081
89.01	-0.01176
89.02	-0.0127
89.03	-0.01362
89.04	-0.01452
89.05	-0.01541
89.06	-0.01627
89.07	-0.01711
89.08	-0.01792
89.09	-0.01871
89.1	-0.01948
89.11	-0.02022
89.12	-0.02093
89.13	-0.02161
89.14	-0.02226
89.15	-0.02289
89.16	-0.02349
89.17	-0.02406
89.18	-0.02461
89.19	-0.02513
89.2	-0.02563
89.21	-0.02611
89.22	-0.02656
89.23	-0.027
89.24	-0.02742
89.25	-0.02782
89.26	-0.0282
89.27	-0.02856
89.28	-0.02891
89.29	-0.02924
89.3	-0.02955
89.31	-0.02984
89.32	-0.03012
89.33	-0.03037
89.34	-0.0306
89.35	-0.0308
89.36	-0.03098
89.37	-0.03112
89.38	-0.03124
89.39	-0.03131
89.4	-0.03135
89.41	-0.03134
89.42	-0.03128
89.43	-0.03117
89.44	-0.03101
89.45	-0.03078
89.46	-0.0305
89.47	-0.03015
89.48	-0.02973
89.49	-0.02924
89.5	-0.02868
89.51	-0.02805
89.52	-0.02734
89.53	-0.02656
89.54	-0.0257
89.55	-0.02477
89.56	-0.02377
89.57	-0.0227
89.58	-0.02156
89.59	-0.02036
89.6	-0.0191
89.61	-0.01779
89.62	-0.01643
89.63	-0.01503
89.64	-0.0136
89.65	-0.01213
89.66	-0.01064
89.67	-0.00914
89.68	-0.00763
89.69	-0.00612
89.7	-0.00462
89.71	-0.00312
89.72	-0.00166
89.73	-2.12738E-4
89.74	0.0012
89.75	0.00257
89.76	0.00389
89.77	0.00517
89.78	0.00639
89.79	0.00756
89.8	0.00867
89.81	0.00972
89.82	0.0107
89.83	0.01163
89.84	0.01248
89.85	0.01328
89.86	0.01401
89.87	0.01468
89.88	0.01529
89.89	0.01585
89.9	0.01635
89.91	0.0168
89.92	0.01721
89.93	0.01757
89.94	0.01789
89.95	0.01818
89.96	0.01843
89.97	0.01866
89.98	0.01886
89.99	0.01904
90	0.01921
90.01	0.01936
90.02	0.01949
90.03	0.01962
90.04	0.01974
90.05	0.01986
90.06	0.01997
90.07	0.02008
90.08	0.02019
90.09	0.02029
90.1	0.0204
90.11	0.02051
90.12	0.02061
90.13	0.02072
90.14	0.02083
90.15	0.02094
90.16	0.02105
90.17	0.02115
90.18	0.02126
90.19	0.02136
90.2	0.02146
90.21	0.02156
90.22	0.02166
90.23	0.02175
90.24	0.02184
90.25	0.02193
90.26	0.02201
90.27	0.02209
90.28	0.02217
90.29	0.02224
90.3	0.0223
90.31	0.02236
90.32	0.02242
90.33	0.02246
90.34	0.0225
90.35	0.02254
90.36	0.02256
90.37	0.02257
90.38	0.02257
90.39	0.02255
90.4	0.02252
90.41	0.02246
90.42	0.02239
90.43	0.02229
90.44	0.02216
90.45	0.022
90.46	0.0218
90.47	0.02157
90.48	0.0213
90.49	0.02098
90.5	0.02061
90.51	0.0202
90.52	0.01972
90.53	0.0192
90.54	0.01861
90.55	0.01796
90.56	0.01725
90.57	0.01648
90.58	0.01564
90.59	0.01473
90.6	0.01377
90.61	0.01273
90.62	0.01164
90.63	0.01049
90.64	0.00928
90.65	0.00801
90.66	0.0067
90.67	0.00534
90.68	0.00394
90.69	0.0025
90.7	0.00103
90.71	-4.58664E-4
90.72	-0.00197
90.73	-0.00348
90.74	-0.005
90.75	-0.00652
90.76	-0.00802
90.77	-0.00951
90.78	-0.01096
90.79	-0.01239
90.8	-0.01377
90.81	-0.0151
90.82	-0.01637
90.83	-0.01759
90.84	-0.01873
90.85	-0.01979
90.86	-0.02078
90.87	-0.02167
90.88	-0.02248
90.89	-0.02318
90.9	-0.02379
90.91	-0.02429
90.92	-0.02468
90.93	-0.02497
90.94	-0.02514
90.95	-0.02519
90.96	-0.02514
90.97	-0.02497
90.98	-0.02468
90.99	-0.02429
91	-0.02378
91.01	-0.02316
91.02	-0.02243
91.03	-0.0216
91.04	-0.02067
91.05	-0.01964
91.06	-0.01852
91.07	-0.01731
91.08	-0.01602
91.09	-0.01466
91.1	-0.01322
91.11	-0.01172
91.12	-0.01017
91.13	-0.00856
91.14	-0.00691
91.15	-0.00523
91.16	-0.00352
91.17	-0.00179
91.18	-4.36958E-5
91.19	0.0017
91.2	0.00345
91.21	0.00518
91.22	0.00689
91.23	0.00858
91.24	0.01023
91.25	0.01184
91.26	0.0134
91.27	0.01491
91.28	0.01635
91.29	0.01773
91.3	0.01903
91.31	0.02026
91.32	0.0214
91.33	0.02246
91.34	0.02342
91.35	0.0243
91.36	0.02507
91.37	0.02575
91.38	0.02632
91.39	0.0268
91.4	0.02717
91.41	0.02744
91.42	0.02761
91.43	0.02768
91.44	0.02765
91.45	0.02752
91.46	0.0273
91.47	0.02699
91.48	0.02658
91.49	0.02609
91.5	0.02552
91.51	0.02487
91.52	0.02414
91.53	0.02335
91.54	0.02248
91.55	0.02155
91.56	0.02057
91.57	0.01953
91.58	0.01845
91.59	0.01732
91.6	0.01615
91.61	0.01495
91.62	0.01373
91.63	0.01248
91.64	0.01121
91.65	0.00992
91.66	0.00863
91.67	0.00734
91.68	0.00605
91.69	0.00476
91.7	0.00349
91.71	0.00222
91.72	9.81893E-4
91.73	-2.37276E-4
91.74	-0.00143
91.75	-0.00259
91.76	-0.00372
91.77	-0.00481
91.78	-0.00586
91.79	-0.00686
91.8	-0.00782
91.81	-0.00874
91.82	-0.0096
91.83	-0.01041
91.84	-0.01116
91.85	-0.01186
91.86	-0.01251
91.87	-0.01309
91.88	-0.01362
91.89	-0.01408
91.9	-0.01448
91.91	-0.01483
91.92	-0.01511
91.93	-0.01532
91.94	-0.01548
91.95	-0.01557
91.96	-0.01559
91.97	-0.01556
91.98	-0.01546
91.99	-0.0153
92	-0.01507
92.01	-0.01478
92.02	-0.01443
92.03	-0.01401
92.04	-0.01354
92.05	-0.013
92.06	-0.01241
92.07	-0.01175
92.08	-0.01104
92.09	-0.01027
92.1	-0.00945
92.11	-0.00858
92.12	-0.00766
92.13	-0.00669
92.14	-0.00568
92.15	-0.00462
92.16	-0.00352
92.17	-0.00239
92.18	-0.00122
92.19	-2.06222E-5
92.2	0.00121
92.21	0.00246
92.22	0.00373
92.23	0.00501
92.24	0.00631
92.25	0.00762
92.26	0.00894
92.27	0.01026
92.28	0.01157
92.29	0.01288
92.3	0.01418
92.31	0.01547
92.32	0.01674
92.33	0.01799
92.34	0.01922
92.35	0.02042
92.36	0.02158
92.37	0.02272
92.38	0.02381
92.39	0.02486
92.4	0.02587
92.41	0.02682
92.42	0.02773
92.43	0.02858
92.44	0.02938
92.45	0.03011
92.46	0.03079
92.47	0.03139
92.48	0.03194
92.49	0.03241
92.5	0.03281
92.51	0.03314
92.52	0.0334
92.53	0.03358
92.54	0.03369
92.55	0.03372
92.56	0.03368
92.57	0.03356
92.58	0.03337
92.59	0.0331
92.6	0.03275
92.61	0.03233
92.62	0.03184
92.63	0.03128
92.64	0.03065
92.65	0.02995
92.66	0.02919
92.67	0.02836
92.68	0.02748
92.69	0.02653
92.7	0.02554
92.71	0.02449
92.72	0.02339
92.73	0.02225
92.74	0.02107
92.75	0.01986
92.76	0.01861
92.77	0.01733
92.78	0.01603
92.79	0.01471
92.8	0.01338
92.81	0.01204
92.82	0.01069
92.83	0.00934
92.84	0.00799
92.85	0.00665
92.86	0.00532
92.87	0.00401
92.88	0.00272
92.89	0.00145
92.9	2.17868E-4
92.91	-9.87054E-4
92.92	-0.00216
92.93	-0.00329
92.94	-0.00438
92.95	-0.00542
92.96	-0.00643
92.97	-0.00738
92.98	-0.00829
92.99	-0.00914
93	-0.00995
93.01	-0.01071
93.02	-0.01142
93.03	-0.01209
93.04	-0.0127
93.05	-0.01328
93.06	-0.01381
93.07	-0.01431
93.08	-0.01477
93.09	-0.0152
93.1	-0.0156
93.11	-0.01598
93.12	-0.01635
93.13	-0.0167
93.14	-0.01705
93.15	-0.0174
93.16	-0.01775
93.17	-0.01811
93.18	-0.01849
93.19	-0.0189
93.2	-0.01932
93.21	-0.01978
93.22	-0.02028
93.23	-0.02081
93.24	-0.02139
93.25	-0.02202
93.26	-0.0227
93.27	-0.02342
93.28	-0.0242
93.29	-0.02503
93.3	-0.02591
93.31	-0.02684
93.32	-0.02781
93.33	-0.02883
93.34	-0.02989
93.35	-0.03099
93.36	-0.03211
93.37	-0.03326
93.38	-0.03442
93.39	-0.03559
93.4	-0.03676
93.41	-0.03792
93.42	-0.03907
93.43	-0.04019
93.44	-0.04128
93.45	-0.04232
93.46	-0.04331
93.47	-0.04424
93.48	-0.04509
93.49	-0.04587
93.5	-0.04656
93.51	-0.04715
93.52	-0.04764
93.53	-0.04803
93.54	-0.0483
93.55	-0.04846
93.56	-0.04849
93.57	-0.04839
93.58	-0.04817
93.59	-0.04782
93.6	-0.04735
93.61	-0.04674
93.62	-0.046
93.63	-0.04514
93.64	-0.04416
93.65	-0.04306
93.66	-0.04184
93.67	-0.04051
93.68	-0.03908
93.69	-0.03755
93.7	-0.03592
93.71	-0.03421
93.72	-0.03242
93.73	-0.03055
93.74	-0.02862
93.75	-0.02664
93.76	-0.0246
93.77	-0.02253
93.78	-0.02041
93.79	-0.01827
93.8	-0.01611
93.81	-0.01394
93.82	-0.01176
93.83	-0.00958
93.84	-0.00741
93.85	-0.00525
93.86	-0.00311
93.87	-9.86641E-4
93.88	0.0011
93.89	0.00316
93.9	0.00518
93.91	0.00716
93.92	0.00909
93.93	0.01098
93.94	0.01281
93.95	0.01459
93.96	0.01631
93.97	0.01798
93.98	0.01958
93.99	0.02112
94	0.0226
94.01	0.02401
94.02	0.02536
94.03	0.02664
94.04	0.02785
94.05	0.029
94.06	0.03009
94.07	0.0311
94.08	0.03205
94.09	0.03294
94.1	0.03376
94.11	0.03451
94.12	0.0352
94.13	0.03583
94.14	0.03639
94.15	0.03689
94.16	0.03733
94.17	0.03771
94.18	0.03803
94.19	0.03829
94.2	0.0385
94.21	0.03864
94.22	0.03872
94.23	0.03875
94.24	0.03872
94.25	0.03864
94.26	0.0385
94.27	0.03831
94.28	0.03806
94.29	0.03776
94.3	0.03741
94.31	0.03701
94.32	0.03655
94.33	0.03604
94.34	0.03549
94.35	0.03488
94.36	0.03423
94.37	0.03352
94.38	0.03277
94.39	0.03198
94.4	0.03114
94.41	0.03025
94.42	0.02932
94.43	0.02834
94.44	0.02732
94.45	0.02626
94.46	0.02516
94.47	0.02402
94.48	0.02284
94.49	0.02162
94.5	0.02036
94.51	0.01906
94.52	0.01772
94.53	0.01635
94.54	0.01495
94.55	0.01351
94.56	0.01204
94.57	0.01054
94.58	0.00901
94.59	0.00745
94.6	0.00587
94.61	0.00427
94.62	0.00264
94.63	0.001
94.64	-6.55437E-4
94.65	-0.00233
94.66	-0.004
94.67	-0.00569
94.68	-0.00738
94.69	-0.00907
94.7	-0.01075
94.71	-0.01242
94.72	-0.01409
94.73	-0.01574
94.74	-0.01737
94.75	-0.01898
94.76	-0.02057
94.77	-0.02212
94.78	-0.02365
94.79	-0.02514
94.8	-0.0266
94.81	-0.02801
94.82	-0.02939
94.83	-0.03072
94.84	-0.032
94.85	-0.03324
94.86	-0.03443
94.87	-0.03556
94.88	-0.03665
94.89	-0.03768
94.9	-0.03866
94.91	-0.03958
94.92	-0.04044
94.93	-0.04125
94.94	-0.042
94.95	-0.0427
94.96	-0.04333
94.97	-0.04391
94.98	-0.04442
94.99	-0.04488
95	-0.04527
95.01	-0.0456
95.02	-0.04586
95.03	-0.04606
95.04	-0.0462
95.05	-0.04627
95.06	-0.04626
95.07	-0.04619
95.08	-0.04604
95.09	-0.04583
95.1	-0.04553
95.11	-0.04516
95.12	-0.04471
95.13	-0.04418
95.14	-0.04357
95.15	-0.04288
95.16	-0.04211
95.17	-0.04126
95.18	-0.04032
95.19	-0.0393
95.2	-0.0382
95.21	-0.03702
95.22	-0.03576
95.23	-0.03442
95.24	-0.03301
95.25	-0.03152
95.26	-0.02997
95.27	-0.02835
95.28	-0.02667
95.29	-0.02493
95.3	-0.02314
95.31	-0.0213
95.32	-0.01942
95.33	-0.01751
95.34	-0.01557
95.35	-0.01361
95.36	-0.01163
95.37	-0.00964
95.38	-0.00764
95.39	-0.00566
95.4	-0.00368
95.41	-0.00172
95.42	2.14828E-4
95.43	0.00212
95.44	0.00399
95.45	0.00581
95.46	0.00759
95.47	0.00931
95.48	0.01098
95.49	0.01258
95.5	0.01411
95.51	0.01558
95.52	0.01697
95.53	0.01828
95.54	0.01951
95.55	0.02065
95.56	0.02172
95.57	0.02269
95.58	0.02359
95.59	0.02439
95.6	0.02511
95.61	0.02574
95.62	0.02628
95.63	0.02674
95.64	0.02711
95.65	0.0274
95.66	0.02762
95.67	0.02775
95.68	0.0278
95.69	0.02779
95.7	0.0277
95.71	0.02754
95.72	0.02732
95.73	0.02703
95.74	0.02668
95.75	0.02628
95.76	0.02582
95.77	0.02531
95.78	0.02476
95.79	0.02416
95.8	0.02352
95.81	0.02283
95.82	0.02211
95.83	0.02136
95.84	0.02057
95.85	0.01976
95.86	0.01892
95.87	0.01805
95.88	0.01716
95.89	0.01625
95.9	0.01532
95.91	0.01437
95.92	0.01341
95.93	0.01244
95.94	0.01145
95.95	0.01046
95.96	0.00945
95.97	0.00845
95.98	0.00744
95.99	0.00643
96	0.00542
96.01	0.00441
96.02	0.00341
96.03	0.00241
96.04	0.00143
96.05	4.64188E-4
96.06	-4.88338E-4
96.07	-0.00142
96.08	-0.00233
96.09	-0.00322
96.1	-0.00408
96.11	-0.00491
96.12	-0.00571
96.13	-0.00648
96.14	-0.0072
96.15	-0.00789
96.16	-0.00853
96.17	-0.00913
96.18	-0.00968
96.19	-0.01018
96.2	-0.01063
96.21	-0.01104
96.22	-0.01139
96.23	-0.01168
96.24	-0.01193
96.25	-0.01212
96.26	-0.01226
96.27	-0.01234
96.28	-0.01237
96.29	-0.01236
96.3	-0.01229
96.31	-0.01217
96.32	-0.01201
96.33	-0.01181
96.34	-0.01156
96.35	-0.01127
96.36	-0.01094
96.37	-0.01058
96.38	-0.01018
96.39	-0.00975
96.4	-0.0093
96.41	-0.00881
96.42	-0.00831
96.43	-0.00778
96.44	-0.00724
96.45	-0.00668
96.46	-0.0061
96.47	-0.00551
96.48	-0.00492
96.49	-0.00431
96.5	-0.0037
96.51	-0.00308
96.52	-0.00246
96.53	-0.00183
96.54	-0.00121
96.55	-5.86103E-4
96.56	3.59985E-5
96.57	6.55376E-4
96.58	0.00127
96.59	0.00188
96.6	0.00249
96.61	0.00309
96.62	0.00368
96.63	0.00426
96.64	0.00484
96.65	0.0054
96.66	0.00595
96.67	0.0065
96.68	0.00703
96.69	0.00754
96.7	0.00804
96.71	0.00853
96.72	0.009
96.73	0.00945
96.74	0.00989
96.75	0.0103
96.76	0.01069
96.77	0.01107
96.78	0.01141
96.79	0.01174
96.8	0.01204
96.81	0.01231
96.82	0.01255
96.83	0.01277
96.84	0.01295
96.85	0.01311
96.86	0.01323
96.87	0.01332
96.88	0.01338
96.89	0.0134
96.9	0.01339
96.91	0.01335
96.92	0.01328
96.93	0.01317
96.94	0.01303
96.95	0.01286
96.96	0.01266
96.97	0.01243
96.98	0.01217
96.99	0.01189
97	0.01159
97.01	0.01126
97.02	0.01091
97.03	0.01055
97.04	0.01017
97.05	0.00978
97.06	0.00939
97.07	0.00898
97.08	0.00858
97.09	0.00817
97.1	0.00777
97.11	0.00738
97.12	0.00699
97.13	0.00661
97.14	0.00625
97.15	0.00591
97.16	0.00559
97.17	0.00528
97.18	0.00501
97.19	0.00475
97.2	0.00452
97.21	0.00432
97.22	0.00415
97.23	0.00401
97.24	0.0039
97.25	0.00381
97.26	0.00376
97.27	0.00373
97.28	0.00373
97.29	0.00376
97.3	0.00382
97.31	0.00389
97.32	0.00399
97.33	0.00411
97.34	0.00424
97.35	0.00439
97.36	0.00456
97.37	0.00473
97.38	0.0049
97.39	0.00509
97.4	0.00527
97.41	0.00545
97.42	0.00562
97.43	0.00579
97.44	0.00595
97.45	0.0061
97.46	0.00623
97.47	0.00635
97.48	0.00644
97.49	0.00652
97.5	0.00658
97.51	0.00662
97.52	0.00663
97.53	0.00663
97.54	0.0066
97.55	0.00655
97.56	0.00647
97.57	0.00638
97.58	0.00627
97.59	0.00614
97.6	0.00599
97.61	0.00583
97.62	0.00565
97.63	0.00547
97.64	0.00527
97.65	0.00507
97.66	0.00486
97.67	0.00465
97.68	0.00443
97.69	0.00422
97.7	0.00401
97.71	0.0038
97.72	0.00359
97.73	0.00339
97.74	0.0032
97.75	0.00302
97.76	0.00284
97.77	0.00267
97.78	0.00251
97.79	0.00236
97.8	0.00222
97.81	0.00209
97.82	0.00198
97.83	0.00187
97.84	0.00177
97.85	0.00168
97.86	0.00161
97.87	0.00154
97.88	0.00149
97.89	0.00144
97.9	0.00141
97.91	0.0014
97.92	0.0014
97.93	0.00141
97.94	0.00144
97.95	0.00148
97.96	0.00154
97.97	0.00163
97.98	0.00173
97.99	0.00186
98	0.002
98.01	0.00218
98.02	0.00238
98.03	0.00261
98.04	0.00286
98.05	0.00315
98.06	0.00346
98.07	0.00381
98.08	0.00418
98.09	0.00459
98.1	0.00503
98.11	0.00549
98.12	0.00599
98.13	0.00651
98.14	0.00707
98.15	0.00765
98.16	0.00825
98.17	0.00887
98.18	0.00951
98.19	0.01017
98.2	0.01085
98.21	0.01153
98.22	0.01223
98.23	0.01293
98.24	0.01363
98.25	0.01433
98.26	0.01503
98.27	0.01572
98.28	0.0164
98.29	0.01707
98.3	0.01772
98.31	0.01836
98.32	0.01897
98.33	0.01956
98.34	0.02012
98.35	0.02065
98.36	0.02115
98.37	0.02161
98.38	0.02204
98.39	0.02243
98.4	0.02278
98.41	0.02308
98.42	0.02335
98.43	0.02357
98.44	0.02374
98.45	0.02386
98.46	0.02394
98.47	0.02396
98.48	0.02394
98.49	0.02386
98.5	0.02374
98.51	0.02356
98.52	0.02333
98.53	0.02305
98.54	0.02271
98.55	0.02233
98.56	0.02189
98.57	0.02141
98.58	0.02087
98.59	0.02029
98.6	0.01966
98.61	0.01898
98.62	0.01826
98.63	0.0175
98.64	0.0167
98.65	0.01586
98.66	0.01498
98.67	0.01406
98.68	0.01311
98.69	0.01213
98.7	0.01113
98.71	0.01009
98.72	0.00903
98.73	0.00794
98.74	0.00683
98.75	0.0057
98.76	0.00455
98.77	0.00339
98.78	0.00221
98.79	0.00101
98.8	-1.99034E-4
98.81	-0.00142
98.82	-0.00266
98.83	-0.0039
98.84	-0.00516
98.85	-0.00642
98.86	-0.00769
98.87	-0.00897
98.88	-0.01026
98.89	-0.01155
98.9	-0.01284
98.91	-0.01414
98.92	-0.01544
98.93	-0.01674
98.94	-0.01804
98.95	-0.01933
98.96	-0.02062
98.97	-0.0219
98.98	-0.02317
98.99	-0.02442
99	-0.02566
99.01	-0.02688
99.02	-0.02808
99.03	-0.02925
99.04	-0.0304
99.05	-0.03151
99.06	-0.03258
99.07	-0.03361
99.08	-0.03461
99.09	-0.03555
99.1	-0.03644
99.11	-0.03727
99.12	-0.03805
99.13	-0.03877
99.14	-0.03941
99.15	-0.03999
99.16	-0.0405
99.17	-0.04093
99.18	-0.04128
99.19	-0.04155
99.2	-0.04174
99.21	-0.04185
99.22	-0.04186
99.23	-0.04179
99.24	-0.04163
99.25	-0.04137
99.26	-0.04103
99.27	-0.04059
99.28	-0.04007
99.29	-0.03945
99.3	-0.03874
99.31	-0.03794
99.32	-0.03706
99.33	-0.03609
99.34	-0.03503
99.35	-0.0339
99.36	-0.03268
99.37	-0.03139
99.38	-0.03003
99.39	-0.02861
99.4	-0.02712
99.41	-0.02557
99.42	-0.02397
99.43	-0.02232
99.44	-0.02063
99.45	-0.0189
99.46	-0.01714
99.47	-0.01535
99.48	-0.01354
99.49	-0.01171
99.5	-0.00988
99.51	-0.00804
99.52	-0.00621
99.53	-0.00438
99.54	-0.00256
99.55	-7.62151E-4
99.56	0.00101
99.57	0.00276
99.58	0.00448
99.59	0.00616
99.6	0.0078
99.61	0.00939
99.62	0.01094
99.63	0.01244
99.64	0.01388
99.65	0.01527
99.66	0.01661
99.67	0.01788
99.68	0.0191
99.69	0.02025
99.7	0.02135
99.71	0.02238
99.72	0.02334
99.73	0.02425
99.74	0.02509
99.75	0.02587
99.76	0.02659
99.77	0.02725
99.78	0.02785
99.79	0.02839
99.8	0.02887
99.81	0.0293
99.82	0.02967
99.83	0.02998
99.84	0.03024
99.85	0.03045
99.86	0.0306
99.87	0.03071
99.88	0.03076
99.89	0.03077
99.9	0.03072
99.91	0.03063
99.92	0.03049
99.93	0.0303
99.94	0.03007
99.95	0.02979
99.96	0.02946
99.97	0.02909
99.98	0.02867
99.99	0.0282
100	0.0277
100.01	0.02714
100.02	0.02654
100.03	0.0259
100.04	0.02522
100.05	0.02449
100.06	0.02372
100.07	0.02291
100.08	0.02207
100.09	0.02118
100.1	0.02026
100.11	0.0193
100.12	0.01831
100.13	0.01729
100.14	0.01625
100.15	0.01518
100.16	0.01409
100.17	0.01298
100.18	0.01185
100.19	0.01072
100.2	0.00957
100.21	0.00843
100.22	0.00728
100.23	0.00613
100.24	0.00499
100.25	0.00386
100.26	0.00275
100.27	0.00165
100.28	5.74026E-4
100.29	-4.80021E-4
100.3	-0.00151
100.31	-0.00251
100.32	-0.00348
100.33	-0.00442
100.34	-0.00532
100.35	-0.00619
100.36	-0.00703
100.37	-0.00783
100.38	-0.0086
100.39	-0.00934
100.4	-0.01004
100.41	-0.01071
100.42	-0.01135
100.43	-0.01197
100.44	-0.01256
100.45	-0.01312
100.46	-0.01366
100.47	-0.01419
100.48	-0.0147
100.49	-0.01519
100.5	-0.01567
100.51	-0.01614
100.52	-0.0166
100.53	-0.01706
100.54	-0.01751
100.55	-0.01796
100.56	-0.0184
100.57	-0.01885
100.58	-0.01929
100.59	-0.01972
100.6	-0.02016
100.61	-0.02059
100.62	-0.02102
100.63	-0.02145
100.64	-0.02186
100.65	-0.02227
100.66	-0.02267
100.67	-0.02306
100.68	-0.02343
100.69	-0.02378
100.7	-0.02412
100.71	-0.02443
100.72	-0.02473
100.73	-0.02499
100.74	-0.02523
100.75	-0.02544
100.76	-0.02563
100.77	-0.02578
100.78	-0.02589
100.79	-0.02598
100.8	-0.02602
100.81	-0.02604
100.82	-0.02602
100.83	-0.02596
100.84	-0.02587
100.85	-0.02574
100.86	-0.02558
100.87	-0.02538
100.88	-0.02515
100.89	-0.02489
100.9	-0.0246
100.91	-0.02427
100.92	-0.02392
100.93	-0.02354
100.94	-0.02314
100.95	-0.02271
100.96	-0.02225
100.97	-0.02177
100.98	-0.02128
100.99	-0.02076
101	-0.02022
101.01	-0.01966
101.02	-0.01909
101.03	-0.0185
101.04	-0.01789
101.05	-0.01727
101.06	-0.01663
101.07	-0.01599
101.08	-0.01533
101.09	-0.01466
101.1	-0.01398
101.11	-0.01328
101.12	-0.01258
101.13	-0.01187
101.14	-0.01115
101.15	-0.01043
101.16	-0.00969
101.17	-0.00895
101.18	-0.00821
101.19	-0.00746
101.2	-0.0067
101.21	-0.00594
101.22	-0.00518
101.23	-0.00442
101.24	-0.00366
101.25	-0.00289
101.26	-0.00213
101.27	-0.00137
101.28	-6.168E-4
101.29	1.34642E-4
101.3	8.80334E-4
101.31	0.00162
101.32	0.00235
101.33	0.00307
101.34	0.00378
101.35	0.00448
101.36	0.00516
101.37	0.00583
101.38	0.00648
101.39	0.00711
101.4	0.00772
101.41	0.00831
101.42	0.00887
101.43	0.00941
101.44	0.00992
101.45	0.0104
101.46	0.01085
101.47	0.01127
101.48	0.01165
101.49	0.012
101.5	0.0123
101.51	0.01257
101.52	0.01279
101.53	0.01298
101.54	0.01311
101.55	0.0132
101.56	0.01325
101.57	0.01324
101.58	0.01319
101.59	0.01309
101.6	0.01294
101.61	0.01274
101.62	0.01249
101.63	0.0122
101.64	0.01185
101.65	0.01146
101.66	0.01103
101.67	0.01055
101.68	0.01003
101.69	0.00947
101.7	0.00888
101.71	0.00825
101.72	0.00758
101.73	0.00689
101.74	0.00618
101.75	0.00544
101.76	0.00468
101.77	0.0039
101.78	0.00311
101.79	0.00232
101.8	0.00151
101.81	7.02906E-4
101.82	-1.05193E-4
101.83	-9.10261E-4
101.84	-0.00171
101.85	-0.0025
101.86	-0.00328
101.87	-0.00404
101.88	-0.00479
101.89	-0.00552
101.9	-0.00623
101.91	-0.00691
101.92	-0.00757
101.93	-0.0082
101.94	-0.00881
101.95	-0.00938
101.96	-0.00993
101.97	-0.01044
101.98	-0.01092
101.99	-0.01137
102	-0.01178
102.01	-0.01216
102.02	-0.0125
102.03	-0.01281
102.04	-0.01308
102.05	-0.01331
102.06	-0.01351
102.07	-0.01367
102.08	-0.01379
102.09	-0.01388
102.1	-0.01393
102.11	-0.01395
102.12	-0.01393
102.13	-0.01387
102.14	-0.01378
102.15	-0.01366
102.16	-0.0135
102.17	-0.01331
102.18	-0.01309
102.19	-0.01284
102.2	-0.01256
102.21	-0.01225
102.22	-0.01191
102.23	-0.01155
102.24	-0.01116
102.25	-0.01075
102.26	-0.01031
102.27	-0.00986
102.28	-0.00938
102.29	-0.00888
102.3	-0.00837
102.31	-0.00784
102.32	-0.00729
102.33	-0.00673
102.34	-0.00616
102.35	-0.00558
102.36	-0.00498
102.37	-0.00438
102.38	-0.00377
102.39	-0.00315
102.4	-0.00253
102.41	-0.0019
102.42	-0.00126
102.43	-6.27008E-4
102.44	1.05148E-5
102.45	6.48814E-4
102.46	0.00129
102.47	0.00192
102.48	0.00256
102.49	0.00319
102.5	0.00382
102.51	0.00444
102.52	0.00506
102.53	0.00567
102.54	0.00628
102.55	0.00687
102.56	0.00746
102.57	0.00804
102.58	0.00861
102.59	0.00916
102.6	0.0097
102.61	0.01023
102.62	0.01075
102.63	0.01125
102.64	0.01173
102.65	0.01219
102.66	0.01263
102.67	0.01305
102.68	0.01345
102.69	0.01383
102.7	0.01418
102.71	0.01451
102.72	0.0148
102.73	0.01507
102.74	0.0153
102.75	0.01551
102.76	0.01568
102.77	0.01581
102.78	0.01591
102.79	0.01597
102.8	0.016
102.81	0.01598
102.82	0.01593
102.83	0.01583
102.84	0.0157
102.85	0.01552
102.86	0.01531
102.87	0.01506
102.88	0.01477
102.89	0.01445
102.9	0.01409
102.91	0.0137
102.92	0.01327
102.93	0.01282
102.94	0.01234
102.95	0.01184
102.96	0.01132
102.97	0.01078
102.98	0.01022
102.99	0.00965
103	0.00908
103.01	0.00849
103.02	0.0079
103.03	0.00732
103.04	0.00673
103.05	0.00615
103.06	0.00558
103.07	0.00502
103.08	0.00447
103.09	0.00394
103.1	0.00341
103.11	0.00291
103.12	0.00242
103.13	0.00195
103.14	0.00149
103.15	0.00106
103.16	6.37965E-4
103.17	2.34389E-4
103.18	-1.53712E-4
103.19	-5.27361E-4
103.2	-8.87735E-4
103.21	-0.00124
103.22	-0.00157
103.23	-0.0019
103.24	-0.00222
103.25	-0.00254
103.26	-0.00285
103.27	-0.00315
103.28	-0.00345
103.29	-0.00376
103.3	-0.00405
103.31	-0.00435
103.32	-0.00465
103.33	-0.00494
103.34	-0.00524
103.35	-0.00553
103.36	-0.00582
103.37	-0.0061
103.38	-0.00637
103.39	-0.00664
103.4	-0.0069
103.41	-0.00714
103.42	-0.00737
103.43	-0.00757
103.44	-0.00776
103.45	-0.00792
103.46	-0.00805
103.47	-0.00815
103.48	-0.00822
103.49	-0.00825
103.5	-0.00823
103.51	-0.00817
103.52	-0.00806
103.53	-0.0079
103.54	-0.00769
103.55	-0.00742
103.56	-0.00709
103.57	-0.0067
103.58	-0.00624
103.59	-0.00573
103.6	-0.00515
103.61	-0.0045
103.62	-0.00379
103.63	-0.00301
103.64	-0.00216
103.65	-0.00126
103.66	-2.865E-4
103.67	7.43168E-4
103.68	0.00183
103.69	0.00297
103.7	0.00417
103.71	0.00541
103.72	0.00669
103.73	0.00801
103.74	0.00937
103.75	0.01075
103.76	0.01215
103.77	0.01357
103.78	0.015
103.79	0.01642
103.8	0.01785
103.81	0.01926
103.82	0.02065
103.83	0.02202
103.84	0.02335
103.85	0.02464
103.86	0.02589
103.87	0.02707
103.88	0.0282
103.89	0.02926
103.9	0.03025
103.91	0.03116
103.92	0.03198
103.93	0.03272
103.94	0.03337
103.95	0.03392
103.96	0.03437
103.97	0.03472
103.98	0.03497
103.99	0.03512
104	0.03516
104.01	0.03511
104.02	0.03495
104.03	0.03469
104.04	0.03433
104.05	0.03388
104.06	0.03334
104.07	0.03271
104.08	0.03199
104.09	0.0312
104.1	0.03034
104.11	0.0294
104.12	0.02841
104.13	0.02736
104.14	0.02625
104.15	0.0251
104.16	0.02391
104.17	0.02269
104.18	0.02145
104.19	0.02018
104.2	0.01889
104.21	0.0176
104.22	0.0163
104.23	0.015
104.24	0.01371
104.25	0.01242
104.26	0.01115
104.27	0.0099
104.28	0.00867
104.29	0.00747
104.3	0.00629
104.31	0.00514
104.32	0.00402
104.33	0.00294
104.34	0.0019
104.35	8.88696E-4
104.36	-8.10839E-5
104.37	-0.00101
104.38	-0.0019
104.39	-0.00275
104.4	-0.00356
104.41	-0.00433
104.42	-0.00506
104.43	-0.00575
104.44	-0.00641
104.45	-0.00702
104.46	-0.00759
104.47	-0.00813
104.48	-0.00864
104.49	-0.0091
104.5	-0.00954
104.51	-0.00994
104.52	-0.01031
104.53	-0.01065
104.54	-0.01097
104.55	-0.01125
104.56	-0.01151
104.57	-0.01175
104.58	-0.01196
104.59	-0.01216
104.6	-0.01233
104.61	-0.01249
104.62	-0.01263
104.63	-0.01276
104.64	-0.01287
104.65	-0.01297
104.66	-0.01306
104.67	-0.01315
104.68	-0.01322
104.69	-0.01329
104.7	-0.01336
104.71	-0.01342
104.72	-0.01349
104.73	-0.01355
104.74	-0.01361
104.75	-0.01367
104.76	-0.01374
104.77	-0.01381
104.78	-0.01388
104.79	-0.01396
104.8	-0.01405
104.81	-0.01414
104.82	-0.01424
104.83	-0.01435
104.84	-0.01447
104.85	-0.01459
104.86	-0.01472
104.87	-0.01486
104.88	-0.015
104.89	-0.01515
104.9	-0.01531
104.91	-0.01547
104.92	-0.01564
104.93	-0.0158
104.94	-0.01597
104.95	-0.01614
104.96	-0.0163
104.97	-0.01645
104.98	-0.0166
104.99	-0.01673
105	-0.01686
105.01	-0.01696
105.02	-0.01705
105.03	-0.01711
105.04	-0.01715
105.05	-0.01716
105.06	-0.01714
105.07	-0.01708
105.08	-0.01699
105.09	-0.01686
105.1	-0.01668
105.11	-0.01646
105.12	-0.0162
105.13	-0.01588
105.14	-0.01552
105.15	-0.0151
105.16	-0.01464
105.17	-0.01412
105.18	-0.01355
105.19	-0.01293
105.2	-0.01226
105.21	-0.01153
105.22	-0.01076
105.23	-0.00994
105.24	-0.00907
105.25	-0.00816
105.26	-0.00721
105.27	-0.00622
105.28	-0.0052
105.29	-0.00414
105.3	-0.00306
105.31	-0.00195
105.32	-8.15896E-4
105.33	3.34443E-4
105.34	0.0015
105.35	0.00267
105.36	0.00386
105.37	0.00504
105.38	0.00623
105.39	0.00741
105.4	0.00858
105.41	0.00974
105.42	0.01089
105.43	0.01202
105.44	0.01313
105.45	0.01421
105.46	0.01527
105.47	0.01629
105.48	0.01729
105.49	0.01825
105.5	0.01917
105.51	0.02005
105.52	0.0209
105.53	0.0217
105.54	0.02245
105.55	0.02316
105.56	0.02382
105.57	0.02443
105.58	0.025
105.59	0.02551
105.6	0.02597
105.61	0.02638
105.62	0.02673
105.63	0.02704
105.64	0.02729
105.65	0.02748
105.66	0.02762
105.67	0.02771
105.68	0.02774
105.69	0.02772
105.7	0.02765
105.71	0.02752
105.72	0.02734
105.73	0.0271
105.74	0.02681
105.75	0.02647
105.76	0.02608
105.77	0.02564
105.78	0.02515
105.79	0.02461
105.8	0.02402
105.81	0.02339
105.82	0.0227
105.83	0.02198
105.84	0.0212
105.85	0.02039
105.86	0.01953
105.87	0.01864
105.88	0.0177
105.89	0.01673
105.9	0.01572
105.91	0.01468
105.92	0.01361
105.93	0.01251
105.94	0.01138
105.95	0.01022
105.96	0.00905
105.97	0.00785
105.98	0.00663
105.99	0.0054
106	0.00415
106.01	0.00289
106.02	0.00163
106.03	3.5792E-4
106.04	-9.16274E-4
106.05	-0.00219
106.06	-0.00346
106.07	-0.00473
106.08	-0.00599
106.09	-0.00724
106.1	-0.00847
106.11	-0.00969
106.12	-0.01089
106.13	-0.01207
106.14	-0.01323
106.15	-0.01436
106.16	-0.01547
106.17	-0.01654
106.18	-0.01758
106.19	-0.01858
106.2	-0.01955
106.21	-0.02049
106.22	-0.02138
106.23	-0.02223
106.24	-0.02303
106.25	-0.0238
106.26	-0.02451
106.27	-0.02518
106.28	-0.02581
106.29	-0.02638
106.3	-0.0269
106.31	-0.02738
106.32	-0.0278
106.33	-0.02817
106.34	-0.02849
106.35	-0.02875
106.36	-0.02896
106.37	-0.02912
106.38	-0.02922
106.39	-0.02927
106.4	-0.02926
106.41	-0.0292
106.42	-0.02908
106.43	-0.02891
106.44	-0.02869
106.45	-0.02841
106.46	-0.02807
106.47	-0.02769
106.48	-0.02725
106.49	-0.02676
106.5	-0.02622
106.51	-0.02563
106.52	-0.02499
106.53	-0.0243
106.54	-0.02357
106.55	-0.0228
106.56	-0.02199
106.57	-0.02114
106.58	-0.02026
106.59	-0.01935
106.6	-0.0184
106.61	-0.01744
106.62	-0.01645
106.63	-0.01544
106.64	-0.01443
106.65	-0.0134
106.66	-0.01237
106.67	-0.01133
106.68	-0.0103
106.69	-0.00928
106.7	-0.00827
106.71	-0.00728
106.72	-0.0063
106.73	-0.00535
106.74	-0.00443
106.75	-0.00353
106.76	-0.00267
106.77	-0.00185
106.78	-0.00106
106.79	-3.10871E-4
106.8	3.95859E-4
106.81	0.00106
106.82	0.00168
106.83	0.00226
106.84	0.00279
106.85	0.00328
106.86	0.00372
106.87	0.00412
106.88	0.00448
106.89	0.0048
106.9	0.00508
106.91	0.00533
106.92	0.00553
106.93	0.0057
106.94	0.00584
106.95	0.00595
106.96	0.00603
106.97	0.00608
106.98	0.00611
106.99	0.00612
107	0.0061
107.01	0.00606
107.02	0.006
107.03	0.00593
107.04	0.00584
107.05	0.00574
107.06	0.00562
107.07	0.00548
107.08	0.00534
107.09	0.00518
107.1	0.00501
107.11	0.00483
107.12	0.00463
107.13	0.00443
107.14	0.00422
107.15	0.004
107.16	0.00377
107.17	0.00352
107.18	0.00327
107.19	0.00301
107.2	0.00275
107.21	0.00247
107.22	0.00219
107.23	0.0019
107.24	0.0016
107.25	0.0013
107.26	9.89947E-4
107.27	6.75124E-4
107.28	3.55229E-4
107.29	3.0696E-5
107.3	-2.98059E-4
107.31	-6.30647E-4
107.32	-9.66714E-4
107.33	-0.00131
107.34	-0.00165
107.35	-0.00199
107.36	-0.00234
107.37	-0.00269
107.38	-0.00304
107.39	-0.0034
107.4	-0.00375
107.41	-0.00412
107.42	-0.00448
107.43	-0.00484
107.44	-0.00521
107.45	-0.00559
107.46	-0.00597
107.47	-0.00635
107.48	-0.00674
107.49	-0.00713
107.5	-0.00753
107.51	-0.00793
107.52	-0.00834
107.53	-0.00875
107.54	-0.00917
107.55	-0.0096
107.56	-0.01002
107.57	-0.01046
107.58	-0.01089
107.59	-0.01133
107.6	-0.01177
107.61	-0.01221
107.62	-0.01265
107.63	-0.01309
107.64	-0.01352
107.65	-0.01394
107.66	-0.01436
107.67	-0.01476
107.68	-0.01516
107.69	-0.01553
107.7	-0.01589
107.71	-0.01623
107.72	-0.01655
107.73	-0.01684
107.74	-0.0171
107.75	-0.01733
107.76	-0.01752
107.77	-0.01768
107.78	-0.0178
107.79	-0.01788
107.8	-0.01792
107.81	-0.0179
107.82	-0.01784
107.83	-0.01773
107.84	-0.01756
107.85	-0.01734
107.86	-0.01707
107.87	-0.01674
107.88	-0.01635
107.89	-0.0159
107.9	-0.01539
107.91	-0.01483
107.92	-0.01421
107.93	-0.01354
107.94	-0.0128
107.95	-0.01202
107.96	-0.01119
107.97	-0.0103
107.98	-0.00938
107.99	-0.00841
108	-0.0074
108.01	-0.00637
108.02	-0.0053
108.03	-0.00421
108.04	-0.0031
108.05	-0.00198
108.06	-8.50599E-4
108.07	2.78761E-4
108.08	0.0014
108.09	0.00252
108.1	0.00361
108.11	0.00469
108.12	0.00573
108.13	0.00674
108.14	0.00771
108.15	0.00863
108.16	0.0095
108.17	0.01032
108.18	0.01107
108.19	0.01177
108.2	0.01239
108.21	0.01295
108.22	0.01344
108.23	0.01385
108.24	0.01419
108.25	0.01446
108.26	0.01465
108.27	0.01477
108.28	0.01482
108.29	0.0148
108.3	0.01471
108.31	0.01456
108.32	0.01435
108.33	0.01408
108.34	0.01376
108.35	0.01339
108.36	0.01297
108.37	0.01252
108.38	0.01204
108.39	0.01152
108.4	0.01098
108.41	0.01043
108.42	0.00986
108.43	0.00928
108.44	0.00869
108.45	0.00811
108.46	0.00753
108.47	0.00696
108.48	0.00639
108.49	0.00585
108.5	0.00531
108.51	0.0048
108.52	0.00431
108.53	0.00384
108.54	0.0034
108.55	0.00298
108.56	0.00259
108.57	0.00222
108.58	0.00188
108.59	0.00157
108.6	0.00128
108.61	0.00101
108.62	7.73295E-4
108.63	5.55755E-4
108.64	3.59675E-4
108.65	1.83697E-4
108.66	2.63734E-5
108.67	-1.13799E-4
108.68	-2.38356E-4
108.69	-3.48835E-4
108.7	-4.46757E-4
108.71	-5.33601E-4
108.72	-6.10783E-4
108.73	-6.79638E-4
108.74	-7.41406E-4
108.75	-7.97219E-4
108.76	-8.48087E-4
108.77	-8.94892E-4
108.78	-9.38387E-4
108.79	-9.79188E-4
108.8	-0.00102
108.81	-0.00105
108.82	-0.00109
108.83	-0.00112
108.84	-0.00116
108.85	-0.00119
108.86	-0.00121
108.87	-0.00124
108.88	-0.00127
108.89	-0.00129
108.9	-0.00131
108.91	-0.00132
108.92	-0.00134
108.93	-0.00135
108.94	-0.00135
108.95	-0.00135
108.96	-0.00135
108.97	-0.00135
108.98	-0.00134
108.99	-0.00133
109	-0.00131
109.01	-0.0013
109.02	-0.00128
109.03	-0.00126
109.04	-0.00125
109.05	-0.00123
109.06	-0.00122
109.07	-0.00121
109.08	-0.0012
109.09	-0.0012
109.1	-0.0012
109.11	-0.00121
109.12	-0.00123
109.13	-0.00126
109.14	-0.0013
109.15	-0.00134
109.16	-0.0014
109.17	-0.00146
109.18	-0.00153
109.19	-0.00161
109.2	-0.0017
109.21	-0.00179
109.22	-0.00189
109.23	-0.00199
109.24	-0.00209
109.25	-0.00219
109.26	-0.00229
109.27	-0.00239
109.28	-0.00248
109.29	-0.00256
109.3	-0.00262
109.31	-0.00268
109.32	-0.00271
109.33	-0.00273
109.34	-0.00272
109.35	-0.00269
109.36	-0.00263
109.37	-0.00254
109.38	-0.00242
109.39	-0.00226
109.4	-0.00207
109.41	-0.00185
109.42	-0.00158
109.43	-0.00128
109.44	-9.4509E-4
109.45	-5.68079E-4
109.46	-1.52881E-4
109.47	3.00022E-4
109.48	7.89861E-4
109.49	0.00132
109.5	0.00188
109.51	0.00247
109.52	0.00309
109.53	0.00375
109.54	0.00443
109.55	0.00513
109.56	0.00586
109.57	0.00661
109.58	0.00737
109.59	0.00815
109.6	0.00894
109.61	0.00974
109.62	0.01054
109.63	0.01135
109.64	0.01215
109.65	0.01296
109.66	0.01375
109.67	0.01454
109.68	0.01532
109.69	0.01608
109.7	0.01683
109.71	0.01756
109.72	0.01827
109.73	0.01895
109.74	0.01961
109.75	0.02024
109.76	0.02085
109.77	0.02142
109.78	0.02195
109.79	0.02246
109.8	0.02292
109.81	0.02335
109.82	0.02373
109.83	0.02408
109.84	0.02438
109.85	0.02464
109.86	0.02485
109.87	0.02501
109.88	0.02513
109.89	0.0252
109.9	0.02521
109.91	0.02518
109.92	0.0251
109.93	0.02497
109.94	0.02478
109.95	0.02454
109.96	0.02426
109.97	0.02392
109.98	0.02353
109.99	0.02309
110	0.0226
110.01	0.02206
110.02	0.02147
110.03	0.02084
110.04	0.02016
110.05	0.01944
110.06	0.01868
110.07	0.01788
110.08	0.01704
110.09	0.01617
110.1	0.01527
110.11	0.01434
110.12	0.01338
110.13	0.0124
110.14	0.0114
110.15	0.01038
110.16	0.00934
110.17	0.0083
110.18	0.00724
110.19	0.00619
110.2	0.00512
110.21	0.00406
110.22	0.00301
110.23	0.00196
110.24	9.18659E-4
110.25	-1.09885E-4
110.26	-0.00112
110.27	-0.00212
110.28	-0.0031
110.29	-0.00406
110.3	-0.005
110.31	-0.00591
110.32	-0.0068
110.33	-0.00766
110.34	-0.0085
110.35	-0.0093
110.36	-0.01008
110.37	-0.01083
110.38	-0.01155
110.39	-0.01224
110.4	-0.0129
110.41	-0.01353
110.42	-0.01412
110.43	-0.01469
110.44	-0.01523
110.45	-0.01574
110.46	-0.01622
110.47	-0.01666
110.48	-0.01708
110.49	-0.01747
110.5	-0.01783
110.51	-0.01816
110.52	-0.01845
110.53	-0.01872
110.54	-0.01895
110.55	-0.01915
110.56	-0.01932
110.57	-0.01946
110.58	-0.01956
110.59	-0.01963
110.6	-0.01966
110.61	-0.01965
110.62	-0.0196
110.63	-0.01951
110.64	-0.01938
110.65	-0.01921
110.66	-0.019
110.67	-0.01874
110.68	-0.01843
110.69	-0.01808
110.7	-0.01767
110.71	-0.01723
110.72	-0.01673
110.73	-0.01618
110.74	-0.01558
110.75	-0.01494
110.76	-0.01425
110.77	-0.01351
110.78	-0.01272
110.79	-0.01189
110.8	-0.01102
110.81	-0.0101
110.82	-0.00915
110.83	-0.00816
110.84	-0.00714
110.85	-0.00609
110.86	-0.00502
110.87	-0.00392
110.88	-0.0028
110.89	-0.00167
110.9	-5.36021E-4
110.91	6.08423E-4
110.92	0.00175
110.93	0.0029
110.94	0.00403
110.95	0.00516
110.96	0.00626
110.97	0.00735
110.98	0.00842
110.99	0.00945
111	0.01046
111.01	0.01144
111.02	0.01237
111.03	0.01327
111.04	0.01413
111.05	0.01494
111.06	0.01571
111.07	0.01643
111.08	0.0171
111.09	0.01773
111.1	0.01831
111.11	0.01883
111.12	0.01931
111.13	0.01974
111.14	0.02012
111.15	0.02046
111.16	0.02074
111.17	0.02098
111.18	0.02118
111.19	0.02133
111.2	0.02144
111.21	0.02151
111.22	0.02155
111.23	0.02154
111.24	0.0215
111.25	0.02143
111.26	0.02132
111.27	0.02119
111.28	0.02102
111.29	0.02083
111.3	0.02061
111.31	0.02037
111.32	0.02011
111.33	0.01983
111.34	0.01953
111.35	0.01921
111.36	0.01887
111.37	0.01852
111.38	0.01815
111.39	0.01777
111.4	0.01739
111.41	0.01699
111.42	0.01658
111.43	0.01616
111.44	0.01573
111.45	0.0153
111.46	0.01486
111.47	0.01442
111.48	0.01397
111.49	0.01352
111.5	0.01306
111.51	0.0126
111.52	0.01214
111.53	0.01167
111.54	0.01121
111.55	0.01074
111.56	0.01027
111.57	0.00979
111.58	0.00932
111.59	0.00884
111.6	0.00837
111.61	0.00789
111.62	0.0074
111.63	0.00692
111.64	0.00643
111.65	0.00593
111.66	0.00544
111.67	0.00493
111.68	0.00443
111.69	0.00391
111.7	0.00339
111.71	0.00287
111.72	0.00233
111.73	0.00179
111.74	0.00124
111.75	6.839E-4
111.76	1.17571E-4
111.77	-4.57195E-4
111.78	-0.00104
111.79	-0.00163
111.8	-0.00223
111.81	-0.00284
111.82	-0.00345
111.83	-0.00407
111.84	-0.00469
111.85	-0.00531
111.86	-0.00594
111.87	-0.00657
111.88	-0.00719
111.89	-0.00782
111.9	-0.00843
111.91	-0.00904
111.92	-0.00964
111.93	-0.01022
111.94	-0.0108
111.95	-0.01135
111.96	-0.01188
111.97	-0.01239
111.98	-0.01288
111.99	-0.01334
112	-0.01377
112.01	-0.01417
112.02	-0.01454
112.03	-0.01487
112.04	-0.01517
112.05	-0.01543
112.06	-0.01565
112.07	-0.01583
112.08	-0.01598
112.09	-0.01608
112.1	-0.01614
112.11	-0.01617
112.12	-0.01616
112.13	-0.01611
112.14	-0.01602
112.15	-0.0159
112.16	-0.01575
112.17	-0.01557
112.18	-0.01535
112.19	-0.01511
112.2	-0.01485
112.21	-0.01457
112.22	-0.01426
112.23	-0.01394
112.24	-0.0136
112.25	-0.01325
112.26	-0.01289
112.27	-0.01253
112.28	-0.01216
112.29	-0.01178
112.3	-0.01141
112.31	-0.01103
112.32	-0.01066
112.33	-0.0103
112.34	-0.00994
112.35	-0.00958
112.36	-0.00923
112.37	-0.0089
112.38	-0.00857
112.39	-0.00825
112.4	-0.00794
112.41	-0.00764
112.42	-0.00735
112.43	-0.00707
112.44	-0.0068
112.45	-0.00654
112.46	-0.00629
112.47	-0.00605
112.48	-0.00581
112.49	-0.00559
112.5	-0.00537
112.51	-0.00515
112.52	-0.00495
112.53	-0.00475
112.54	-0.00455
112.55	-0.00436
112.56	-0.00417
112.57	-0.00399
112.58	-0.00381
112.59	-0.00363
112.6	-0.00346
112.61	-0.00329
112.62	-0.00311
112.63	-0.00295
112.64	-0.00278
112.65	-0.00261
112.66	-0.00244
112.67	-0.00227
112.68	-0.00211
112.69	-0.00194
112.7	-0.00177
112.71	-0.00161
112.72	-0.00144
112.73	-0.00127
112.74	-0.0011
112.75	-9.33326E-4
112.76	-7.63589E-4
112.77	-5.93442E-4
112.78	-4.23034E-4
112.79	-2.52572E-4
112.8	-8.23311E-5
112.81	8.7345E-5
112.82	2.56036E-4
112.83	4.23242E-4
112.84	5.88383E-4
112.85	7.50792E-4
112.86	9.0972E-4
112.87	0.00106
112.88	0.00121
112.89	0.00136
112.9	0.00149
112.91	0.00162
112.92	0.00174
112.93	0.00184
112.94	0.00194
112.95	0.00202
112.96	0.00209
112.97	0.00214
112.98	0.00217
112.99	0.00218
113	0.00217
113.01	0.00214
113.02	0.00209
113.03	0.00202
113.04	0.00192
113.05	0.00179
113.06	0.00163
113.07	0.00145
113.08	0.00124
113.09	0.00101
113.1	7.41002E-4
113.11	4.46389E-4
113.12	1.23264E-4
113.13	-2.28075E-4
113.14	-6.07152E-4
113.15	-0.00101
113.16	-0.00145
113.17	-0.0019
113.18	-0.00238
113.19	-0.00289
113.2	-0.00341
113.21	-0.00396
113.22	-0.00452
113.23	-0.0051
113.24	-0.00569
113.25	-0.0063
113.26	-0.00691
113.27	-0.00753
113.28	-0.00815
113.29	-0.00878
113.3	-0.0094
113.31	-0.01002
113.32	-0.01064
113.33	-0.01125
113.34	-0.01184
113.35	-0.01243
113.36	-0.013
113.37	-0.01355
113.38	-0.01408
113.39	-0.01458
113.4	-0.01507
113.41	-0.01552
113.42	-0.01595
113.43	-0.01635
113.44	-0.01672
113.45	-0.01705
113.46	-0.01735
113.47	-0.01761
113.48	-0.01784
113.49	-0.01803
113.5	-0.01819
113.51	-0.0183
113.52	-0.01838
113.53	-0.01841
113.54	-0.01841
113.55	-0.01837
113.56	-0.01829
113.57	-0.01817
113.58	-0.01802
113.59	-0.01782
113.6	-0.01759
113.61	-0.01732
113.62	-0.01701
113.63	-0.01667
113.64	-0.0163
113.65	-0.01589
113.66	-0.01544
113.67	-0.01497
113.68	-0.01446
113.69	-0.01393
113.7	-0.01336
113.71	-0.01277
113.72	-0.01216
113.73	-0.01152
113.74	-0.01085
113.75	-0.01017
113.76	-0.00946
113.77	-0.00874
113.78	-0.008
113.79	-0.00725
113.8	-0.00649
113.81	-0.00571
113.82	-0.00493
113.83	-0.00414
113.84	-0.00335
113.85	-0.00256
113.86	-0.00177
113.87	-9.87862E-4
113.88	-2.09106E-4
113.89	5.60532E-4
113.9	0.00132
113.91	0.00206
113.92	0.00279
113.93	0.0035
113.94	0.00419
113.95	0.00485
113.96	0.00549
113.97	0.0061
113.98	0.00668
113.99	0.00724
114	0.00776
114.01	0.00824
114.02	0.0087
114.03	0.00911
114.04	0.0095
114.05	0.00984
114.06	0.01015
114.07	0.01043
114.08	0.01066
114.09	0.01087
114.1	0.01103
114.11	0.01117
114.12	0.01127
114.13	0.01133
114.14	0.01137
114.15	0.01137
114.16	0.01134
114.17	0.01129
114.18	0.01121
114.19	0.0111
114.2	0.01096
114.21	0.0108
114.22	0.01062
114.23	0.01041
114.24	0.01018
114.25	0.00993
114.26	0.00966
114.27	0.00936
114.28	0.00905
114.29	0.00871
114.3	0.00836
114.31	0.00798
114.32	0.00759
114.33	0.00718
114.34	0.00674
114.35	0.00629
114.36	0.00582
114.37	0.00532
114.38	0.00482
114.39	0.00429
114.4	0.00374
114.41	0.00318
114.42	0.00261
114.43	0.00202
114.44	0.00141
114.45	7.98871E-4
114.46	1.74747E-4
114.47	-4.5719E-4
114.48	-0.00109
114.49	-0.00174
114.5	-0.00238
114.51	-0.00302
114.52	-0.00366
114.53	-0.00429
114.54	-0.00491
114.55	-0.00552
114.56	-0.00612
114.57	-0.0067
114.58	-0.00726
114.59	-0.0078
114.6	-0.00832
114.61	-0.0088
114.62	-0.00926
114.63	-0.00969
114.64	-0.01009
114.65	-0.01045
114.66	-0.01078
114.67	-0.01107
114.68	-0.01133
114.69	-0.01155
114.7	-0.01173
114.71	-0.01187
114.72	-0.01198
114.73	-0.01205
114.74	-0.01209
114.75	-0.01208
114.76	-0.01205
114.77	-0.01198
114.78	-0.01188
114.79	-0.01175
114.8	-0.01159
114.81	-0.0114
114.82	-0.01118
114.83	-0.01094
114.84	-0.01068
114.85	-0.01039
114.86	-0.01009
114.87	-0.00976
114.88	-0.00942
114.89	-0.00906
114.9	-0.00869
114.91	-0.0083
114.92	-0.0079
114.93	-0.00749
114.94	-0.00706
114.95	-0.00663
114.96	-0.00618
114.97	-0.00572
114.98	-0.00526
114.99	-0.00479
115	-0.0043
115.01	-0.00381
115.02	-0.00331
115.03	-0.00281
115.04	-0.00229
115.05	-0.00177
115.06	-0.00124
115.07	-6.99629E-4
115.08	-1.54226E-4
115.09	3.98091E-4
115.1	9.56968E-4
115.11	0.00152
115.12	0.00209
115.13	0.00267
115.14	0.00325
115.15	0.00383
115.16	0.00442
115.17	0.00501
115.18	0.0056
115.19	0.00618
115.2	0.00677
115.21	0.00736
115.22	0.00794
115.23	0.00851
115.24	0.00908
115.25	0.00964
115.26	0.01019
115.27	0.01073
115.28	0.01125
115.29	0.01177
115.3	0.01226
115.31	0.01274
115.32	0.01321
115.33	0.01365
115.34	0.01407
115.35	0.01447
115.36	0.01485
115.37	0.01521
115.38	0.01554
115.39	0.01584
115.4	0.01612
115.41	0.01637
115.42	0.01659
115.43	0.01679
115.44	0.01695
115.45	0.01709
115.46	0.01719
115.47	0.01726
115.48	0.01731
115.49	0.01732
115.5	0.0173
115.51	0.01724
115.52	0.01716
115.53	0.01704
115.54	0.01689
115.55	0.0167
115.56	0.01649
115.57	0.01624
115.58	0.01597
115.59	0.01566
115.6	0.01532
115.61	0.01495
115.62	0.01456
115.63	0.01414
115.64	0.01369
115.65	0.01322
115.66	0.01273
115.67	0.01222
115.68	0.01169
115.69	0.01114
115.7	0.01058
115.71	0.01001
115.72	0.00944
115.73	0.00885
115.74	0.00826
115.75	0.00767
115.76	0.00708
115.77	0.00649
115.78	0.00591
115.79	0.00533
115.8	0.00476
115.81	0.00421
115.82	0.00367
115.83	0.00314
115.84	0.00263
115.85	0.00213
115.86	0.00165
115.87	0.00119
115.88	7.52032E-4
115.89	3.30975E-4
115.9	-7.05661E-5
115.91	-4.52629E-4
115.92	-8.15424E-4
115.93	-0.00116
115.94	-0.00148
115.95	-0.00179
115.96	-0.00208
115.97	-0.00236
115.98	-0.00262
115.99	-0.00286
116	-0.00309
116.01	-0.00331
116.02	-0.00352
116.03	-0.00372
116.04	-0.00391
116.05	-0.00408
116.06	-0.00426
116.07	-0.00442
116.08	-0.00458
116.09	-0.00473
116.1	-0.00487
116.11	-0.00501
116.12	-0.00515
116.13	-0.00528
116.14	-0.0054
116.15	-0.00552
116.16	-0.00563
116.17	-0.00574
116.18	-0.00584
116.19	-0.00593
116.2	-0.00602
116.21	-0.0061
116.22	-0.00617
116.23	-0.00623
116.24	-0.00628
116.25	-0.00632
116.26	-0.00634
116.27	-0.00636
116.28	-0.00636
116.29	-0.00634
116.3	-0.00632
116.31	-0.00627
116.32	-0.00621
116.33	-0.00614
116.34	-0.00604
116.35	-0.00593
116.36	-0.0058
116.37	-0.00565
116.38	-0.00549
116.39	-0.0053
116.4	-0.0051
116.41	-0.00488
116.42	-0.00464
116.43	-0.00439
116.44	-0.00411
116.45	-0.00383
116.46	-0.00352
116.47	-0.00321
116.48	-0.00288
116.49	-0.00254
116.5	-0.00218
116.51	-0.00182
116.52	-0.00145
116.53	-0.00107
116.54	-6.84125E-4
116.55	-2.9489E-4
116.56	9.75877E-5
116.57	4.91988E-4
116.58	8.87021E-4
116.59	0.00128
116.6	0.00167
116.61	0.00206
116.62	0.00245
116.63	0.00283
116.64	0.00321
116.65	0.00357
116.66	0.00394
116.67	0.00429
116.68	0.00464
116.69	0.00498
116.7	0.00531
116.71	0.00563
116.72	0.00594
116.73	0.00625
116.74	0.00655
116.75	0.00685
116.76	0.00714
116.77	0.00742
116.78	0.0077
116.79	0.00798
116.8	0.00826
116.81	0.00853
116.82	0.0088
116.83	0.00908
116.84	0.00935
116.85	0.00963
116.86	0.00991
116.87	0.0102
116.88	0.01049
116.89	0.01078
116.9	0.01108
116.91	0.01139
116.92	0.0117
116.93	0.01201
116.94	0.01233
116.95	0.01265
116.96	0.01297
116.97	0.01329
116.98	0.01361
116.99	0.01394
117	0.01425
117.01	0.01457
117.02	0.01487
117.03	0.01517
117.04	0.01545
117.05	0.01572
117.06	0.01598
117.07	0.01622
117.08	0.01643
117.09	0.01663
117.1	0.0168
117.11	0.01694
117.12	0.01705
117.13	0.01713
117.14	0.01719
117.15	0.0172
117.16	0.01718
117.17	0.01713
117.18	0.01704
117.19	0.01691
117.2	0.01675
117.21	0.01655
117.22	0.01631
117.23	0.01604
117.24	0.01573
117.25	0.01538
117.26	0.01501
117.27	0.0146
117.28	0.01416
117.29	0.0137
117.3	0.01321
117.31	0.01269
117.32	0.01216
117.33	0.0116
117.34	0.01103
117.35	0.01044
117.36	0.00984
117.37	0.00923
117.38	0.00861
117.39	0.00798
117.4	0.00735
117.41	0.00672
117.42	0.00608
117.43	0.00545
117.44	0.00482
117.45	0.00419
117.46	0.00357
117.47	0.00295
117.48	0.00234
117.49	0.00174
117.5	0.00114
117.51	5.53456E-4
117.52	-2.5743E-5
117.53	-5.96065E-4
117.54	-0.00116
117.55	-0.00171
117.56	-0.00225
117.57	-0.00279
117.58	-0.00331
117.59	-0.00382
117.6	-0.00433
117.61	-0.00482
117.62	-0.00531
117.63	-0.00578
117.64	-0.00625
117.65	-0.0067
117.66	-0.00714
117.67	-0.00757
117.68	-0.00799
117.69	-0.0084
117.7	-0.00879
117.71	-0.00917
117.72	-0.00953
117.73	-0.00987
117.74	-0.0102
117.75	-0.01051
117.76	-0.0108
117.77	-0.01106
117.78	-0.01131
117.79	-0.01153
117.8	-0.01172
117.81	-0.01189
117.82	-0.01202
117.83	-0.01213
117.84	-0.01221
117.85	-0.01226
117.86	-0.01227
117.87	-0.01225
117.88	-0.01219
117.89	-0.0121
117.9	-0.01196
117.91	-0.0118
117.92	-0.01159
117.93	-0.01135
117.94	-0.01107
117.95	-0.01075
117.96	-0.0104
117.97	-0.01001
117.98	-0.00958
117.99	-0.00912
118	-0.00863
118.01	-0.0081
118.02	-0.00755
118.03	-0.00697
118.04	-0.00636
118.05	-0.00574
118.06	-0.00509
118.07	-0.00443
118.08	-0.00375
118.09	-0.00306
118.1	-0.00236
118.11	-0.00166
118.12	-9.61493E-4
118.13	-2.62611E-4
118.14	4.30512E-4
118.15	0.00111
118.16	0.00179
118.17	0.00244
118.18	0.00308
118.19	0.0037
118.2	0.00429
118.21	0.00485
118.22	0.00538
118.23	0.00589
118.24	0.00635
118.25	0.00678
118.26	0.00718
118.27	0.00753
118.28	0.00784
118.29	0.00812
118.3	0.00835
118.31	0.00853
118.32	0.00868
118.33	0.00878
118.34	0.00884
118.35	0.00885
118.36	0.00883
118.37	0.00876
118.38	0.00865
118.39	0.0085
118.4	0.00831
118.41	0.00809
118.42	0.00783
118.43	0.00754
118.44	0.00721
118.45	0.00686
118.46	0.00647
118.47	0.00606
118.48	0.00562
118.49	0.00516
118.5	0.00468
118.51	0.00418
118.52	0.00367
118.53	0.00313
118.54	0.00259
118.55	0.00203
118.56	0.00146
118.57	8.89809E-4
118.58	3.11566E-4
118.59	-2.69745E-4
118.6	-8.52181E-4
118.61	-0.00143
118.62	-0.00201
118.63	-0.00259
118.64	-0.00316
118.65	-0.00372
118.66	-0.00427
118.67	-0.00481
118.68	-0.00533
118.69	-0.00585
118.7	-0.00635
118.71	-0.00683
118.72	-0.00729
118.73	-0.00774
118.74	-0.00817
118.75	-0.00857
118.76	-0.00896
118.77	-0.00932
118.78	-0.00966
118.79	-0.00998
118.8	-0.01028
118.81	-0.01055
118.82	-0.0108
118.83	-0.01102
118.84	-0.01123
118.85	-0.01141
118.86	-0.01157
118.87	-0.0117
118.88	-0.01181
118.89	-0.01191
118.9	-0.01198
118.91	-0.01203
118.92	-0.01206
118.93	-0.01207
118.94	-0.01207
118.95	-0.01205
118.96	-0.01201
118.97	-0.01196
118.98	-0.0119
118.99	-0.01183
119	-0.01174
119.01	-0.01165
119.02	-0.01155
119.03	-0.01144
119.04	-0.01133
119.05	-0.01121
119.06	-0.01109
119.07	-0.01097
119.08	-0.01084
119.09	-0.01072
119.1	-0.0106
119.11	-0.01048
119.12	-0.01036
119.13	-0.01025
119.14	-0.01014
119.15	-0.01003
119.16	-0.00993
119.17	-0.00983
119.18	-0.00974
119.19	-0.00964
119.2	-0.00956
119.21	-0.00947
119.22	-0.00939
119.23	-0.0093
119.24	-0.00922
119.25	-0.00914
119.26	-0.00905
119.27	-0.00896
119.28	-0.00887
119.29	-0.00878
119.3	-0.00868
119.31	-0.00857
119.32	-0.00845
119.33	-0.00833
119.34	-0.0082
119.35	-0.00805
119.36	-0.0079
119.37	-0.00774
119.38	-0.00756
119.39	-0.00738
119.4	-0.00718
119.41	-0.00697
119.42	-0.00675
119.43	-0.00651
119.44	-0.00627
119.45	-0.00602
119.46	-0.00575
119.47	-0.00548
119.48	-0.00519
119.49	-0.0049
119.5	-0.0046
119.51	-0.0043
119.52	-0.00398
119.53	-0.00366
119.54	-0.00334
119.55	-0.00302
119.56	-0.00269
119.57	-0.00236
119.58	-0.00203
119.59	-0.00169
119.6	-0.00136
119.61	-0.00104
119.62	-7.09151E-4
119.63	-3.86729E-4
119.64	-6.8814E-5
119.65	2.43682E-4
119.66	5.49841E-4
119.67	8.48738E-4
119.68	0.00114
119.69	0.00142
119.7	0.00169
119.71	0.00195
119.72	0.0022
119.73	0.00244
119.74	0.00266
119.75	0.00287
119.76	0.00306
119.77	0.00323
119.78	0.00339
119.79	0.00353
119.8	0.00365
119.81	0.00375
119.82	0.00383
119.83	0.00389
119.84	0.00392
119.85	0.00394
119.86	0.00394
119.87	0.00391
119.88	0.00386
119.89	0.00379
119.9	0.0037
119.91	0.00359
119.92	0.00346
119.93	0.00331
119.94	0.00314
119.95	0.00296
119.96	0.00275
119.97	0.00253
119.98	0.0023
119.99	0.00205
120	0.00179
120.01	0.00152
120.02	0.00124
120.03	9.45078E-4
120.04	6.45973E-4
120.05	3.40061E-4
120.06	2.83949E-5
120.07	-2.88026E-4
120.08	-6.08267E-4
120.09	-9.31459E-4
120.1	-0.00126
120.11	-0.00158
120.12	-0.00191
120.13	-0.00224
120.14	-0.00257
120.15	-0.00289
120.16	-0.00322
120.17	-0.00354
120.18	-0.00387
120.19	-0.00419
120.2	-0.00451
120.21	-0.00482
120.22	-0.00514
120.23	-0.00545
120.24	-0.00575
120.25	-0.00606
120.26	-0.00636
120.27	-0.00666
120.28	-0.00695
120.29	-0.00724
120.3	-0.00752
120.31	-0.0078
120.32	-0.00807
120.33	-0.00833
120.34	-0.00859
120.35	-0.00883
120.36	-0.00907
120.37	-0.0093
120.38	-0.00951
120.39	-0.00972
120.4	-0.00991
120.41	-0.01008
120.42	-0.01024
120.43	-0.01039
120.44	-0.01052
120.45	-0.01062
120.46	-0.01071
120.47	-0.01079
120.48	-0.01084
120.49	-0.01086
120.5	-0.01087
120.51	-0.01086
120.52	-0.01082
120.53	-0.01076
120.54	-0.01068
120.55	-0.01058
120.56	-0.01045
120.57	-0.0103
120.58	-0.01013
120.59	-0.00994
120.6	-0.00973
120.61	-0.0095
120.62	-0.00925
120.63	-0.00899
120.64	-0.0087
120.65	-0.00841
120.66	-0.0081
120.67	-0.00777
120.68	-0.00744
120.69	-0.0071
120.7	-0.00674
120.71	-0.00638
120.72	-0.00602
120.73	-0.00565
120.74	-0.00528
120.75	-0.00491
120.76	-0.00454
120.77	-0.00416
120.78	-0.00379
120.79	-0.00343
120.8	-0.00306
120.81	-0.0027
120.82	-0.00235
120.83	-0.002
120.84	-0.00165
120.85	-0.00131
120.86	-9.79371E-4
120.87	-6.52523E-4
120.88	-3.31572E-4
120.89	-1.63628E-5
120.9	2.93336E-4
120.91	5.97826E-4
120.92	8.97464E-4
120.93	0.00119
120.94	0.00148
120.95	0.00177
120.96	0.00206
120.97	0.00234
120.98	0.00262
120.99	0.0029
121	0.00317
121.01	0.00345
121.02	0.00372
121.03	0.004
121.04	0.00427
121.05	0.00455
121.06	0.00483
121.07	0.0051
121.08	0.00538
121.09	0.00565
121.1	0.00593
121.11	0.0062
121.12	0.00648
121.13	0.00675
121.14	0.00703
121.15	0.0073
121.16	0.00757
121.17	0.00783
121.18	0.0081
121.19	0.00836
121.2	0.00861
121.21	0.00886
121.22	0.0091
121.23	0.00934
121.24	0.00957
121.25	0.00979
121.26	0.01
121.27	0.0102
121.28	0.01039
121.29	0.01057
121.3	0.01073
121.31	0.01088
121.32	0.01102
121.33	0.01114
121.34	0.01125
121.35	0.01133
121.36	0.0114
121.37	0.01145
121.38	0.01148
121.39	0.01149
121.4	0.01148
121.41	0.01145
121.42	0.01139
121.43	0.01131
121.44	0.01121
121.45	0.01108
121.46	0.01092
121.47	0.01075
121.48	0.01054
121.49	0.01032
121.5	0.01006
121.51	0.00978
121.52	0.00948
121.53	0.00916
121.54	0.00881
121.55	0.00843
121.56	0.00804
121.57	0.00762
121.58	0.00718
121.59	0.00673
121.6	0.00626
121.61	0.00577
121.62	0.00526
121.63	0.00474
121.64	0.00421
121.65	0.00367
121.66	0.00312
121.67	0.00256
121.68	0.00199
121.69	0.00143
121.7	8.56471E-4
121.71	2.85846E-4
121.72	-2.8347E-4
121.73	-8.49755E-4
121.74	-0.00141
121.75	-0.00197
121.76	-0.00251
121.77	-0.00305
121.78	-0.00358
121.79	-0.00409
121.8	-0.00459
121.81	-0.00508
121.82	-0.00554
121.83	-0.00599
121.84	-0.00642
121.85	-0.00684
121.86	-0.00723
121.87	-0.00759
121.88	-0.00794
121.89	-0.00826
121.9	-0.00856
121.91	-0.00883
121.92	-0.00907
121.93	-0.00929
121.94	-0.00949
121.95	-0.00965
121.96	-0.00979
121.97	-0.0099
121.98	-0.00997
121.99	-0.01002
122	-0.01004
122.01	-0.01003
122.02	-0.00999
122.03	-0.00992
122.04	-0.00981
122.05	-0.00968
122.06	-0.00951
122.07	-0.00931
122.08	-0.00907
122.09	-0.00881
122.1	-0.00851
122.11	-0.00818
122.12	-0.00782
122.13	-0.00743
122.14	-0.00701
122.15	-0.00656
122.16	-0.00608
122.17	-0.00557
122.18	-0.00503
122.19	-0.00447
122.2	-0.00388
122.21	-0.00326
122.22	-0.00263
122.23	-0.00198
122.24	-0.0013
122.25	-6.15147E-4
122.26	8.77993E-5
122.27	8.02836E-4
122.28	0.00153
122.29	0.00226
122.3	0.003
122.31	0.00374
122.32	0.00448
122.33	0.00522
122.34	0.00595
122.35	0.00668
122.36	0.0074
122.37	0.0081
122.38	0.0088
122.39	0.00948
122.4	0.01014
122.41	0.01077
122.42	0.01139
122.43	0.01199
122.44	0.01256
122.45	0.0131
122.46	0.01362
122.47	0.0141
122.48	0.01456
122.49	0.01498
122.5	0.01537
122.51	0.01573
122.52	0.01606
122.53	0.01635
122.54	0.01661
122.55	0.01683
122.56	0.01701
122.57	0.01716
122.58	0.01728
122.59	0.01736
122.6	0.01741
122.61	0.01742
122.62	0.0174
122.63	0.01734
122.64	0.01725
122.65	0.01713
122.66	0.01698
122.67	0.0168
122.68	0.01659
122.69	0.01635
122.7	0.01609
122.71	0.0158
122.72	0.01548
122.73	0.01514
122.74	0.01478
122.75	0.01441
122.76	0.01401
122.77	0.0136
122.78	0.01317
122.79	0.01274
122.8	0.01229
122.81	0.01183
122.82	0.01136
122.83	0.01089
122.84	0.01042
122.85	0.00995
122.86	0.00947
122.87	0.009
122.88	0.00853
122.89	0.00807
122.9	0.00762
122.91	0.00718
122.92	0.00674
122.93	0.00632
122.94	0.00591
122.95	0.00552
122.96	0.00515
122.97	0.00479
122.98	0.00445
122.99	0.00413
123	0.00382
123.01	0.00354
123.02	0.00328
123.03	0.00304
123.04	0.00282
123.05	0.00262
123.06	0.00244
123.07	0.00228
123.08	0.00215
123.09	0.00203
123.1	0.00192
123.11	0.00184
123.12	0.00177
123.13	0.00172
123.14	0.00168
123.15	0.00166
123.16	0.00165
123.17	0.00164
123.18	0.00165
123.19	0.00166
123.2	0.00168
123.21	0.0017
123.22	0.00172
123.23	0.00175
123.24	0.00177
123.25	0.00179
123.26	0.00181
123.27	0.00182
123.28	0.00182
123.29	0.00182
123.3	0.00181
123.31	0.00179
123.32	0.00175
123.33	0.00171
123.34	0.00165
123.35	0.00159
123.36	0.0015
123.37	0.00141
123.38	0.0013
123.39	0.00119
123.4	0.00105
123.41	9.10904E-4
123.42	7.56804E-4
123.43	5.92562E-4
123.44	4.19191E-4
123.45	2.37849E-4
123.46	4.98305E-5
123.47	-1.4344E-4
123.48	-3.40423E-4
123.49	-5.39479E-4
123.5	-7.3888E-4
123.51	-9.36828E-4
123.52	-0.00113
123.53	-0.00132
123.54	-0.0015
123.55	-0.00168
123.56	-0.00184
123.57	-0.00199
123.58	-0.00212
123.59	-0.00224
123.6	-0.00235
123.61	-0.00243
123.62	-0.00249
123.63	-0.00253
123.64	-0.00255
123.65	-0.00255
123.66	-0.00252
123.67	-0.00247
123.68	-0.0024
123.69	-0.0023
123.7	-0.00218
123.71	-0.00203
123.72	-0.00187
123.73	-0.00168
123.74	-0.00147
123.75	-0.00125
123.76	-0.00101
123.77	-7.56299E-4
123.78	-4.89673E-4
123.79	-2.12606E-4
123.8	7.2757E-5
123.81	3.64205E-4
123.82	6.59482E-4
123.83	9.56314E-4
123.84	0.00125
123.85	0.00155
123.86	0.00183
123.87	0.00211
123.88	0.00239
123.89	0.00265
123.9	0.00289
123.91	0.00313
123.92	0.00334
123.93	0.00355
123.94	0.00373
123.95	0.00389
123.96	0.00403
123.97	0.00416
123.98	0.00426
123.99	0.00434
124	0.00441
124.01	0.00445
124.02	0.00448
124.03	0.00448
124.04	0.00447
124.05	0.00444
124.06	0.0044
124.07	0.00434
124.08	0.00427
124.09	0.00418
124.1	0.00409
124.11	0.00399
124.12	0.00388
124.13	0.00376
124.14	0.00364
124.15	0.00352
124.16	0.0034
124.17	0.00327
124.18	0.00315
124.19	0.00302
124.2	0.0029
124.21	0.00278
124.22	0.00267
124.23	0.00256
124.24	0.00246
124.25	0.00235
124.26	0.00226
124.27	0.00216
124.28	0.00207
124.29	0.00199
124.3	0.00191
124.31	0.00182
124.32	0.00174
124.33	0.00166
124.34	0.00158
124.35	0.00149
124.36	0.0014
124.37	0.00131
124.38	0.0012
124.39	0.00109
124.4	9.77127E-4
124.41	8.49692E-4
124.42	7.11442E-4
124.43	5.61472E-4
124.44	3.99001E-4
124.45	2.23383E-4
124.46	3.41229E-5
124.47	-1.69114E-4
124.48	-3.86496E-4
124.49	-6.18016E-4
124.5	-8.63495E-4
124.51	-0.00112
124.52	-0.00139
124.53	-0.00168
124.54	-0.00198
124.55	-0.00228
124.56	-0.0026
124.57	-0.00292
124.58	-0.00325
124.59	-0.00359
124.6	-0.00393
124.61	-0.00427
124.62	-0.00462
124.63	-0.00496
124.64	-0.0053
124.65	-0.00564
124.66	-0.00597
124.67	-0.0063
124.68	-0.00661
124.69	-0.00692
124.7	-0.00722
124.71	-0.00751
124.72	-0.00778
124.73	-0.00805
124.74	-0.0083
124.75	-0.00853
124.76	-0.00875
124.77	-0.00895
124.78	-0.00914
124.79	-0.00932
124.8	-0.00948
124.81	-0.00962
124.82	-0.00974
124.83	-0.00985
124.84	-0.00995
124.85	-0.01003
124.86	-0.01009
124.87	-0.01014
124.88	-0.01018
124.89	-0.0102
124.9	-0.0102
124.91	-0.0102
124.92	-0.01017
124.93	-0.01014
124.94	-0.01009
124.95	-0.01002
124.96	-0.00994
124.97	-0.00985
124.98	-0.00975
124.99	-0.00963
125	-0.0095
125.01	-0.00936
125.02	-0.0092
125.03	-0.00903
125.04	-0.00885
125.05	-0.00866
125.06	-0.00845
125.07	-0.00823
125.08	-0.00801
125.09	-0.00777
125.1	-0.00752
125.11	-0.00726
125.12	-0.00699
125.13	-0.00672
125.14	-0.00643
125.15	-0.00614
125.16	-0.00584
125.17	-0.00554
125.18	-0.00523
125.19	-0.00492
125.2	-0.0046
125.21	-0.00428
125.22	-0.00396
125.23	-0.00365
125.24	-0.00333
125.25	-0.00301
125.26	-0.0027
125.27	-0.00239
125.28	-0.00209
125.29	-0.00179
125.3	-0.0015
125.31	-0.00122
125.32	-9.43229E-4
125.33	-6.75925E-4
125.34	-4.17731E-4
125.35	-1.6913E-4
125.36	6.94656E-5
125.37	2.97717E-4
125.38	5.15355E-4
125.39	7.22177E-4
125.4	9.18044E-4
125.41	0.0011
125.42	0.00128
125.43	0.00144
125.44	0.00159
125.45	0.00173
125.46	0.00186
125.47	0.00198
125.48	0.00209
125.49	0.00219
125.5	0.00228
125.51	0.00235
125.52	0.00242
125.53	0.00248
125.54	0.00252
125.55	0.00256
125.56	0.00258
125.57	0.0026
125.58	0.0026
125.59	0.00259
125.6	0.00258
125.61	0.00255
125.62	0.0025
125.63	0.00245
125.64	0.00238
125.65	0.0023
125.66	0.0022
125.67	0.0021
125.68	0.00197
125.69	0.00184
125.7	0.00169
125.71	0.00152
125.72	0.00134
125.73	0.00115
125.74	9.35699E-4
125.75	7.10948E-4
125.76	4.71711E-4
125.77	2.1827E-4
125.78	-4.90096E-5
125.79	-3.29673E-4
125.8	-6.2318E-4
125.81	-9.28905E-4
125.82	-0.00125
125.83	-0.00157
125.84	-0.00191
125.85	-0.00226
125.86	-0.00261
125.87	-0.00298
125.88	-0.00334
125.89	-0.00371
125.9	-0.00409
125.91	-0.00447
125.92	-0.00485
125.93	-0.00523
125.94	-0.0056
125.95	-0.00598
125.96	-0.00635
125.97	-0.00672
125.98	-0.00708
125.99	-0.00743
126	-0.00777
126.01	-0.00811
126.02	-0.00843
126.03	-0.00875
126.04	-0.00905
126.05	-0.00934
126.06	-0.00961
126.07	-0.00987
126.08	-0.01012
126.09	-0.01035
126.1	-0.01057
126.11	-0.01076
126.12	-0.01095
126.13	-0.01111
126.14	-0.01126
126.15	-0.01139
126.16	-0.0115
126.17	-0.0116
126.18	-0.01168
126.19	-0.01174
126.2	-0.01178
126.21	-0.01181
126.22	-0.01182
126.23	-0.01181
126.24	-0.01179
126.25	-0.01175
126.26	-0.01169
126.27	-0.01162
126.28	-0.01153
126.29	-0.01142
126.3	-0.0113
126.31	-0.01117
126.32	-0.01102
126.33	-0.01085
126.34	-0.01067
126.35	-0.01047
126.36	-0.01027
126.37	-0.01004
126.38	-0.00981
126.39	-0.00956
126.4	-0.00929
126.41	-0.00902
126.42	-0.00873
126.43	-0.00843
126.44	-0.00811
126.45	-0.00779
126.46	-0.00745
126.47	-0.0071
126.48	-0.00674
126.49	-0.00638
126.5	-0.006
126.51	-0.00561
126.52	-0.00522
126.53	-0.00481
126.54	-0.0044
126.55	-0.00399
126.56	-0.00357
126.57	-0.00314
126.58	-0.00272
126.59	-0.00229
126.6	-0.00186
126.61	-0.00143
126.62	-0.00101
126.63	-5.89517E-4
126.64	-1.74089E-4
126.65	2.34571E-4
126.66	6.34986E-4
126.67	0.00103
126.68	0.00141
126.69	0.00177
126.7	0.00212
126.71	0.00246
126.72	0.00278
126.73	0.00309
126.74	0.00337
126.75	0.00364
126.76	0.00388
126.77	0.0041
126.78	0.0043
126.79	0.00448
126.8	0.00463
126.81	0.00477
126.82	0.00487
126.83	0.00496
126.84	0.00502
126.85	0.00506
126.86	0.00508
126.87	0.00508
126.88	0.00506
126.89	0.00502
126.9	0.00497
126.91	0.00489
126.92	0.0048
126.93	0.00469
126.94	0.00458
126.95	0.00445
126.96	0.00431
126.97	0.00416
126.98	0.004
126.99	0.00383
127	0.00366
127.01	0.00349
127.02	0.00331
127.03	0.00313
127.04	0.00295
127.05	0.00277
127.06	0.00259
127.07	0.00241
127.08	0.00223
127.09	0.00206
127.1	0.00188
127.11	0.00171
127.12	0.00155
127.13	0.00138
127.14	0.00122
127.15	0.00107
127.16	9.20955E-4
127.17	7.75616E-4
127.18	6.34818E-4
127.19	4.98605E-4
127.2	3.66999E-4
127.21	2.40006E-4
127.22	1.17618E-4
127.23	-1.80929E-7
127.24	-1.13415E-4
127.25	-2.22115E-4
127.26	-3.26318E-4
127.27	-4.26065E-4
127.28	-5.21402E-4
127.29	-6.12384E-4
127.3	-6.99072E-4
127.31	-7.81537E-4
127.32	-8.59861E-4
127.33	-9.34137E-4
127.34	-0.001
127.35	-0.00107
127.36	-0.00113
127.37	-0.00119
127.38	-0.00125
127.39	-0.0013
127.4	-0.00135
127.41	-0.0014
127.42	-0.00144
127.43	-0.00149
127.44	-0.00153
127.45	-0.00157
127.46	-0.0016
127.47	-0.00164
127.48	-0.00168
127.49	-0.00171
127.5	-0.00175
127.51	-0.00179
127.52	-0.00182
127.53	-0.00186
127.54	-0.0019
127.55	-0.00193
127.56	-0.00197
127.57	-0.00202
127.58	-0.00206
127.59	-0.0021
127.6	-0.00215
127.61	-0.00219
127.62	-0.00224
127.63	-0.00229
127.64	-0.00234
127.65	-0.00238
127.66	-0.00243
127.67	-0.00248
127.68	-0.00252
127.69	-0.00257
127.7	-0.00261
127.71	-0.00265
127.72	-0.00268
127.73	-0.00271
127.74	-0.00274
127.75	-0.00276
127.76	-0.00277
127.77	-0.00278
127.78	-0.00277
127.79	-0.00276
127.8	-0.00274
127.81	-0.0027
127.82	-0.00266
127.83	-0.0026
127.84	-0.00254
127.85	-0.00246
127.86	-0.00236
127.87	-0.00226
127.88	-0.00214
127.89	-0.002
127.9	-0.00186
127.91	-0.00169
127.92	-0.00152
127.93	-0.00133
127.94	-0.00113
127.95	-9.14913E-4
127.96	-6.88665E-4
127.97	-4.50856E-4
127.98	-2.02161E-4
127.99	5.6668E-5
128	3.24807E-4
128.01	6.01364E-4
128.02	8.8539E-4
128.03	0.00118
128.04	0.00147
128.05	0.00177
128.06	0.00208
128.07	0.00238
128.08	0.00269
128.09	0.00299
128.1	0.0033
128.11	0.0036
128.12	0.0039
128.13	0.0042
128.14	0.00449
128.15	0.00477
128.16	0.00504
128.17	0.00531
128.18	0.00557
128.19	0.00582
128.2	0.00606
128.21	0.00629
128.22	0.00651
128.23	0.00671
128.24	0.00691
128.25	0.00709
128.26	0.00726
128.27	0.00742
128.28	0.00757
128.29	0.00771
128.3	0.00783
128.31	0.00795
128.32	0.00805
128.33	0.00814
128.34	0.00823
128.35	0.0083
128.36	0.00837
128.37	0.00842
128.38	0.00847
128.39	0.00852
128.4	0.00855
128.41	0.00859
128.42	0.00861
128.43	0.00863
128.44	0.00865
128.45	0.00866
128.46	0.00867
128.47	0.00868
128.48	0.00869
128.49	0.00869
128.5	0.00869
128.51	0.00869
128.52	0.00869
128.53	0.00869
128.54	0.00868
128.55	0.00867
128.56	0.00866
128.57	0.00865
128.58	0.00863
128.59	0.00862
128.6	0.00859
128.61	0.00857
128.62	0.00853
128.63	0.0085
128.64	0.00845
128.65	0.0084
128.66	0.00834
128.67	0.00828
128.68	0.0082
128.69	0.00812
128.7	0.00802
128.71	0.00791
128.72	0.0078
128.73	0.00767
128.74	0.00753
128.75	0.00738
128.76	0.00721
128.77	0.00704
128.78	0.00685
128.79	0.00665
128.8	0.00643
128.81	0.00621
128.82	0.00598
128.83	0.00573
128.84	0.00548
128.85	0.00522
128.86	0.00495
128.87	0.00468
128.88	0.0044
128.89	0.00412
128.9	0.00383
128.91	0.00355
128.92	0.00327
128.93	0.00298
128.94	0.0027
128.95	0.00243
128.96	0.00216
128.97	0.0019
128.98	0.00165
128.99	0.00141
129	0.00119
129.01	9.71131E-4
129.02	7.69889E-4
129.03	5.83393E-4
129.04	4.12421E-4
129.05	2.57626E-4
129.06	1.1953E-4
129.07	-1.4769E-6
129.08	-1.05139E-4
129.09	-1.91333E-4
129.1	-2.60063E-4
129.11	-3.11458E-4
129.12	-3.45763E-4
129.13	-3.63333E-4
129.14	-3.64621E-4
129.15	-3.50171E-4
129.16	-3.20603E-4
129.17	-2.76606E-4
129.18	-2.1892E-4
129.19	-1.48327E-4
129.2	-6.56423E-5
129.21	2.8305E-5
129.22	1.32676E-4
129.23	2.46636E-4
129.24	3.69361E-4
129.25	5.00048E-4
129.26	6.37922E-4
129.27	7.82239E-4
129.28	9.32292E-4
129.29	0.00109
129.3	0.00125
129.31	0.00141
129.32	0.00158
129.33	0.00175
129.34	0.00192
129.35	0.00209
129.36	0.00227
129.37	0.00244
129.38	0.00262
129.39	0.0028
129.4	0.00298
129.41	0.00316
129.42	0.00333
129.43	0.00351
129.44	0.00369
129.45	0.00386
129.46	0.00403
129.47	0.00421
129.48	0.00437
129.49	0.00454
129.5	0.00471
129.51	0.00487
129.52	0.00503
129.53	0.00518
129.54	0.00533
129.55	0.00548
129.56	0.00562
129.57	0.00576
129.58	0.00589
129.59	0.00602
129.6	0.00615
129.61	0.00627
129.62	0.00638
129.63	0.00649
129.64	0.00659
129.65	0.00668
129.66	0.00677
129.67	0.00685
129.68	0.00693
129.69	0.00699
129.7	0.00706
129.71	0.00711
129.72	0.00716
129.73	0.00719
129.74	0.00722
129.75	0.00724
129.76	0.00726
129.77	0.00726
129.78	0.00726
129.79	0.00724
129.8	0.00722
129.81	0.00719
129.82	0.00714
129.83	0.00709
129.84	0.00702
129.85	0.00695
129.86	0.00686
129.87	0.00676
129.88	0.00665
129.89	0.00653
129.9	0.0064
129.91	0.00625
129.92	0.0061
129.93	0.00593
129.94	0.00575
129.95	0.00556
129.96	0.00536
129.97	0.00515
129.98	0.00493
129.99	0.0047
130	0.00446
130.01	0.00422
130.02	0.00396
130.03	0.0037
130.04	0.00343
130.05	0.00316
130.06	0.00288
130.07	0.0026
130.08	0.00232
130.09	0.00203
130.1	0.00175
130.11	0.00146
130.12	0.00118
130.13	8.93859E-4
130.14	6.1329E-4
130.15	3.3627E-4
130.16	6.36194E-5
130.17	-2.03876E-4
130.18	-4.65474E-4
130.19	-7.20475E-4
130.2	-9.6823E-4
130.21	-0.00121
130.22	-0.00144
130.23	-0.00166
130.24	-0.00188
130.25	-0.00208
130.26	-0.00227
130.27	-0.00246
130.28	-0.00263
130.29	-0.00279
130.3	-0.00294
130.31	-0.00308
130.32	-0.00321
130.33	-0.00333
130.34	-0.00344
130.35	-0.00354
130.36	-0.00362
130.37	-0.0037
130.38	-0.00376
130.39	-0.00382
130.4	-0.00386
130.41	-0.0039
130.42	-0.00393
130.43	-0.00394
130.44	-0.00395
130.45	-0.00395
130.46	-0.00394
130.47	-0.00392
130.48	-0.00389
130.49	-0.00386
130.5	-0.00381
130.51	-0.00377
130.52	-0.00371
130.53	-0.00365
130.54	-0.00358
130.55	-0.0035
130.56	-0.00342
130.57	-0.00334
130.58	-0.00325
130.59	-0.00315
130.6	-0.00306
130.61	-0.00295
130.62	-0.00285
130.63	-0.00274
130.64	-0.00263
130.65	-0.00252
130.66	-0.00241
130.67	-0.00229
130.68	-0.00218
130.69	-0.00206
130.7	-0.00195
130.71	-0.00183
130.72	-0.00172
130.73	-0.00161
130.74	-0.0015
130.75	-0.00139
130.76	-0.00128
130.77	-0.00118
130.78	-0.00108
130.79	-9.78144E-4
130.8	-8.83558E-4
130.81	-7.92745E-4
130.82	-7.05992E-4
130.83	-6.23576E-4
130.84	-5.45771E-4
130.85	-4.72844E-4
130.86	-4.05057E-4
130.87	-3.42665E-4
130.88	-2.85917E-4
130.89	-2.35054E-4
130.9	-1.90307E-4
130.91	-1.51898E-4
130.92	-1.20035E-4
130.93	-9.49103E-5
130.94	-7.67007E-5
130.95	-6.55614E-5
130.96	-6.16246E-5
130.97	-6.49964E-5
130.98	-7.57531E-5
130.99	-9.39388E-5
131	-1.19562E-4
131.01	-1.52591E-4
131.02	-1.92956E-4
131.03	-2.40541E-4
131.04	-2.95186E-4
131.05	-3.56681E-4
131.06	-4.24772E-4
131.07	-4.99154E-4
131.08	-5.79473E-4
131.09	-6.65331E-4
131.1	-7.56279E-4
131.11	-8.5183E-4
131.12	-9.51453E-4
131.13	-0.00105
131.14	-0.00116
131.15	-0.00127
131.16	-0.00138
131.17	-0.00149
131.18	-0.0016
131.19	-0.00171
131.2	-0.00182
131.21	-0.00193
131.22	-0.00204
131.23	-0.00214
131.24	-0.00224
131.25	-0.00233
131.26	-0.00242
131.27	-0.00251
131.28	-0.00259
131.29	-0.00267
131.3	-0.00274
131.31	-0.0028
131.32	-0.00286
131.33	-0.00291
131.34	-0.00296
131.35	-0.003
131.36	-0.00303
131.37	-0.00306
131.38	-0.00309
131.39	-0.00311
131.4	-0.00312
131.41	-0.00314
131.42	-0.00315
131.43	-0.00316
131.44	-0.00317
131.45	-0.00317
131.46	-0.00318
131.47	-0.00319
131.48	-0.00319
131.49	-0.0032
131.5	-0.00322
131.51	-0.00323
131.52	-0.00325
131.53	-0.00328
131.54	-0.0033
131.55	-0.00334
131.56	-0.00338
131.57	-0.00342
131.58	-0.00347
131.59	-0.00353
131.6	-0.00359
131.61	-0.00366
131.62	-0.00374
131.63	-0.00383
131.64	-0.00392
131.65	-0.00401
131.66	-0.00412
131.67	-0.00423
131.68	-0.00435
131.69	-0.00447
131.7	-0.00459
131.71	-0.00473
131.72	-0.00486
131.73	-0.005
131.74	-0.00515
131.75	-0.0053
131.76	-0.00545
131.77	-0.0056
131.78	-0.00575
131.79	-0.00591
131.8	-0.00606
131.81	-0.00622
131.82	-0.00637
131.83	-0.00653
131.84	-0.00668
131.85	-0.00682
131.86	-0.00697
131.87	-0.0071
131.88	-0.00724
131.89	-0.00737
131.9	-0.00749
131.91	-0.00761
131.92	-0.00771
131.93	-0.00781
131.94	-0.00791
131.95	-0.00799
131.96	-0.00807
131.97	-0.00813
131.98	-0.00819
131.99	-0.00824
132	-0.00827
132.01	-0.0083
132.02	-0.00831
132.03	-0.00832
132.04	-0.00831
132.05	-0.0083
132.06	-0.00827
132.07	-0.00824
132.08	-0.00819
132.09	-0.00814
132.1	-0.00807
132.11	-0.00799
132.12	-0.00791
132.13	-0.00782
132.14	-0.00771
132.15	-0.0076
132.16	-0.00749
132.17	-0.00736
132.18	-0.00723
132.19	-0.00709
132.2	-0.00694
132.21	-0.00679
132.22	-0.00663
132.23	-0.00646
132.24	-0.00629
132.25	-0.00612
132.26	-0.00594
132.27	-0.00576
132.28	-0.00558
132.29	-0.00539
132.3	-0.0052
132.31	-0.00501
132.32	-0.00481
132.33	-0.00462
132.34	-0.00443
132.35	-0.00423
132.36	-0.00404
132.37	-0.00384
132.38	-0.00365
132.39	-0.00346
132.4	-0.00327
132.41	-0.00309
132.42	-0.00291
132.43	-0.00273
132.44	-0.00255
132.45	-0.00238
132.46	-0.00222
132.47	-0.00206
132.48	-0.00191
132.49	-0.00176
132.5	-0.00162
132.51	-0.00148
132.52	-0.00135
132.53	-0.00123
132.54	-0.00111
132.55	-0.001
132.56	-9.0254E-4
132.57	-8.08508E-4
132.58	-7.21731E-4
132.59	-6.42201E-4
132.6	-5.69877E-4
132.61	-5.04683E-4
132.62	-4.46511E-4
132.63	-3.95224E-4
132.64	-3.50654E-4
132.65	-3.12608E-4
132.66	-2.80868E-4
132.67	-2.55194E-4
132.68	-2.35328E-4
132.69	-2.20995E-4
132.7	-2.11912E-4
132.71	-2.07786E-4
132.72	-2.0832E-4
132.73	-2.1322E-4
132.74	-2.22195E-4
132.75	-2.34963E-4
132.76	-2.51254E-4
132.77	-2.70817E-4
132.78	-2.93418E-4
132.79	-3.18847E-4
132.8	-3.4692E-4
132.81	-3.77478E-4
132.82	-4.10393E-4
132.83	-4.45565E-4
132.84	-4.82923E-4
132.85	-5.22424E-4
132.86	-5.64055E-4
132.87	-6.07825E-4
132.88	-6.53765E-4
132.89	-7.01928E-4
132.9	-7.5238E-4
132.91	-8.05197E-4
132.92	-8.60463E-4
132.93	-9.18264E-4
132.94	-9.78682E-4
132.95	-0.00104
132.96	-0.00111
132.97	-0.00118
132.98	-0.00125
132.99	-0.00132
133	-0.0014
133.01	-0.00148
133.02	-0.00156
133.03	-0.00165
133.04	-0.00173
133.05	-0.00182
133.06	-0.00191
133.07	-0.00201
133.08	-0.0021
133.09	-0.0022
133.1	-0.00229
133.11	-0.00239
133.12	-0.00248
133.13	-0.00258
133.14	-0.00268
133.15	-0.00277
133.16	-0.00286
133.17	-0.00295
133.18	-0.00304
133.19	-0.00313
133.2	-0.00321
133.21	-0.00329
133.22	-0.00336
133.23	-0.00344
133.24	-0.00351
133.25	-0.00357
133.26	-0.00363
133.27	-0.00368
133.28	-0.00373
133.29	-0.00378
133.3	-0.00382
133.31	-0.00386
133.32	-0.00389
133.33	-0.00392
133.34	-0.00394
133.35	-0.00395
133.36	-0.00396
133.37	-0.00397
133.38	-0.00397
133.39	-0.00397
133.4	-0.00396
133.41	-0.00394
133.42	-0.00392
133.43	-0.00389
133.44	-0.00386
133.45	-0.00382
133.46	-0.00378
133.47	-0.00373
133.48	-0.00368
133.49	-0.00361
133.5	-0.00355
133.51	-0.00347
133.52	-0.00339
133.53	-0.0033
133.54	-0.00321
133.55	-0.00311
133.56	-0.003
133.57	-0.00288
133.58	-0.00276
133.59	-0.00263
133.6	-0.0025
133.61	-0.00236
133.62	-0.00221
133.63	-0.00206
133.64	-0.0019
133.65	-0.00173
133.66	-0.00156
133.67	-0.00138
133.68	-0.0012
133.69	-0.00102
133.7	-8.30883E-4
133.71	-6.39045E-4
133.72	-4.44366E-4
133.73	-2.47354E-4
133.74	-4.85323E-5
133.75	1.51563E-4
133.76	3.52386E-4
133.77	5.53386E-4
133.78	7.54009E-4
133.79	9.53704E-4
133.8	0.00115
133.81	0.00135
133.82	0.00154
133.83	0.00173
133.84	0.00192
133.85	0.0021
133.86	0.00228
133.87	0.00245
133.88	0.00262
133.89	0.00279
133.9	0.00294
133.91	0.00309
133.92	0.00324
133.93	0.00337
133.94	0.0035
133.95	0.00363
133.96	0.00374
133.97	0.00385
133.98	0.00395
133.99	0.00404
134	0.00413
134.01	0.0042
134.02	0.00427
134.03	0.00433
134.04	0.00438
134.05	0.00443
134.06	0.00447
134.07	0.0045
134.08	0.00452
134.09	0.00454
134.1	0.00454
134.11	0.00455
134.12	0.00454
134.13	0.00453
134.14	0.00451
134.15	0.00449
134.16	0.00446
134.17	0.00442
134.18	0.00438
134.19	0.00433
134.2	0.00428
134.21	0.00422
134.22	0.00416
134.23	0.00409
134.24	0.00403
134.25	0.00395
134.26	0.00388
134.27	0.0038
134.28	0.00371
134.29	0.00363
134.3	0.00354
134.31	0.00345
134.32	0.00336
134.33	0.00327
134.34	0.00318
134.35	0.00309
134.36	0.003
134.37	0.00291
134.38	0.00282
134.39	0.00274
134.4	0.00265
134.41	0.00257
134.42	0.00249
134.43	0.00241
134.44	0.00234
134.45	0.00227
134.46	0.0022
134.47	0.00214
134.48	0.00209
134.49	0.00204
134.5	0.00199
134.51	0.00196
134.52	0.00192
134.53	0.0019
134.54	0.00188
134.55	0.00187
134.56	0.00186
134.57	0.00186
134.58	0.00187
134.59	0.00189
134.6	0.00191
134.61	0.00193
134.62	0.00197
134.63	0.00201
134.64	0.00205
134.65	0.0021
134.66	0.00216
134.67	0.00222
134.68	0.00229
134.69	0.00236
134.7	0.00243
134.71	0.00251
134.72	0.00259
134.73	0.00267
134.74	0.00275
134.75	0.00284
134.76	0.00292
134.77	0.00301
134.78	0.0031
134.79	0.00319
134.8	0.00328
134.81	0.00337
134.82	0.00345
134.83	0.00354
134.84	0.00363
134.85	0.00371
134.86	0.00379
134.87	0.00388
134.88	0.00395
134.89	0.00403
134.9	0.00411
134.91	0.00418
134.92	0.00425
134.93	0.00432
134.94	0.00439
134.95	0.00446
134.96	0.00452
134.97	0.00458
134.98	0.00464
134.99	0.0047
135	0.00475
135.01	0.00481
135.02	0.00486
135.03	0.00491
135.04	0.00495
135.05	0.005
135.06	0.00504
135.07	0.00508
135.08	0.00512
135.09	0.00515
135.1	0.00518
135.11	0.00521
135.12	0.00524
135.13	0.00526
135.14	0.00529
135.15	0.0053
135.16	0.00532
135.17	0.00533
135.18	0.00534
135.19	0.00535
135.2	0.00535
135.21	0.00536
135.22	0.00536
135.23	0.00535
135.24	0.00535
135.25	0.00534
135.26	0.00533
135.27	0.00532
135.28	0.00531
135.29	0.00529
135.3	0.00528
135.31	0.00526
135.32	0.00525
135.33	0.00523
135.34	0.00522
135.35	0.0052
135.36	0.00519
135.37	0.00518
135.38	0.00516
135.39	0.00515
135.4	0.00514
135.41	0.00513
135.42	0.00513
135.43	0.00512
135.44	0.00512
135.45	0.00511
135.46	0.00511
135.47	0.00511
135.48	0.00512
135.49	0.00512
135.5	0.00513
135.51	0.00513
135.52	0.00514
135.53	0.00515
135.54	0.00516
135.55	0.00517
135.56	0.00518
135.57	0.00519
135.58	0.0052
135.59	0.00521
135.6	0.00522
135.61	0.00523
135.62	0.00524
135.63	0.00525
135.64	0.00526
135.65	0.00527
135.66	0.00527
135.67	0.00528
135.68	0.00528
135.69	0.00528
135.7	0.00528
135.71	0.00528
135.72	0.00528
135.73	0.00527
135.74	0.00526
135.75	0.00526
135.76	0.00525
135.77	0.00523
135.78	0.00522
135.79	0.00521
135.8	0.00519
135.81	0.00517
135.82	0.00515
135.83	0.00513
135.84	0.0051
135.85	0.00508
135.86	0.00505
135.87	0.00502
135.88	0.00498
135.89	0.00494
135.9	0.00491
135.91	0.00486
135.92	0.00482
135.93	0.00477
135.94	0.00472
135.95	0.00466
135.96	0.0046
135.97	0.00454
135.98	0.00447
135.99	0.0044
136	0.00433
136.01	0.00425
136.02	0.00417
136.03	0.00408
136.04	0.00399
136.05	0.00389
136.06	0.00379
136.07	0.00369
136.08	0.00358
136.09	0.00347
136.1	0.00335
136.11	0.00323
136.12	0.00311
136.13	0.00299
136.14	0.00286
136.15	0.00274
136.16	0.00261
136.17	0.00248
136.18	0.00235
136.19	0.00222
136.2	0.00209
136.21	0.00197
136.22	0.00184
136.23	0.00172
136.24	0.0016
136.25	0.00148
136.26	0.00137
136.27	0.00126
136.28	0.00116
136.29	0.00106
136.3	9.63991E-4
136.31	8.76099E-4
136.32	7.94222E-4
136.33	7.18591E-4
136.34	6.49394E-4
136.35	5.86766E-4
136.36	5.30792E-4
136.37	4.81506E-4
136.38	4.38893E-4
136.39	4.02885E-4
136.4	3.73367E-4
136.41	3.50176E-4
136.42	3.33106E-4
136.43	3.21908E-4
136.44	3.16294E-4
136.45	3.15945E-4
136.46	3.20508E-4
136.47	3.29605E-4
136.48	3.42837E-4
136.49	3.59787E-4
136.5	3.80026E-4
136.51	4.03116E-4
136.52	4.28615E-4
136.53	4.56082E-4
136.54	4.85081E-4
136.55	5.15181E-4
136.56	5.45965E-4
136.57	5.77028E-4
136.58	6.07984E-4
136.59	6.38462E-4
136.6	6.68115E-4
136.61	6.96616E-4
136.62	7.2366E-4
136.63	7.48966E-4
136.64	7.72279E-4
136.65	7.93362E-4
136.66	8.12007E-4
136.67	8.28023E-4
136.68	8.41246E-4
136.69	8.51528E-4
136.7	8.58743E-4
136.71	8.62785E-4
136.72	8.63562E-4
136.73	8.61E-4
136.74	8.5504E-4
136.75	8.45637E-4
136.76	8.32757E-4
136.77	8.16379E-4
136.78	7.96493E-4
136.79	7.73098E-4
136.8	7.46203E-4
136.81	7.15825E-4
136.82	6.81989E-4
136.83	6.44727E-4
136.84	6.04082E-4
136.85	5.60099E-4
136.86	5.12832E-4
136.87	4.62344E-4
136.88	4.087E-4
136.89	3.51976E-4
136.9	2.9225E-4
136.91	2.29611E-4
136.92	1.6415E-4
136.93	9.59669E-5
136.94	2.51663E-5
136.95	-4.8141E-5
136.96	-1.23839E-4
136.97	-2.01805E-4
136.98	-2.81912E-4
136.99	-3.64029E-4
137	-4.48018E-4
137.01	-5.33739E-4
137.02	-6.21047E-4
137.03	-7.09792E-4
137.04	-7.99821E-4
137.05	-8.90981E-4
137.06	-9.83111E-4
137.07	-0.00108
137.08	-0.00117
137.09	-0.00126
137.1	-0.00136
137.11	-0.00145
137.12	-0.00155
137.13	-0.00164
137.14	-0.00174
137.15	-0.00183
137.16	-0.00192
137.17	-0.00201
137.18	-0.0021
137.19	-0.00219
137.2	-0.00228
137.21	-0.00237
137.22	-0.00245
137.23	-0.00254
137.24	-0.00262
137.25	-0.0027
137.26	-0.00278
137.27	-0.00285
137.28	-0.00293
137.29	-0.003
137.3	-0.00306
137.31	-0.00313
137.32	-0.00319
137.33	-0.00325
137.34	-0.00331
137.35	-0.00337
137.36	-0.00342
137.37	-0.00347
137.38	-0.00352
137.39	-0.00356
137.4	-0.00361
137.41	-0.00365
137.42	-0.00369
137.43	-0.00372
137.44	-0.00376
137.45	-0.00379
137.46	-0.00382
137.47	-0.00385
137.48	-0.00387
137.49	-0.0039
137.5	-0.00392
137.51	-0.00395
137.52	-0.00397
137.53	-0.00399
137.54	-0.00401
137.55	-0.00403
137.56	-0.00405
137.57	-0.00407
137.58	-0.00409
137.59	-0.0041
137.6	-0.00412
137.61	-0.00414
137.62	-0.00416
137.63	-0.00418
137.64	-0.0042
137.65	-0.00422
137.66	-0.00424
137.67	-0.00426
137.68	-0.00429
137.69	-0.00431
137.7	-0.00434
137.71	-0.00437
137.72	-0.00439
137.73	-0.00442
137.74	-0.00446
137.75	-0.00449
137.76	-0.00452
137.77	-0.00456
137.78	-0.00459
137.79	-0.00463
137.8	-0.00467
137.81	-0.00471
137.82	-0.00475
137.83	-0.00479
137.84	-0.00483
137.85	-0.00487
137.86	-0.00491
137.87	-0.00496
137.88	-0.005
137.89	-0.00504
137.9	-0.00508
137.91	-0.00512
137.92	-0.00516
137.93	-0.0052
137.94	-0.00524
137.95	-0.00527
137.96	-0.00531
137.97	-0.00534
137.98	-0.00537
137.99	-0.00539
138	-0.00542
138.01	-0.00544
138.02	-0.00546
138.03	-0.00548
138.04	-0.00549
138.05	-0.0055
138.06	-0.00551
138.07	-0.00552
138.08	-0.00552
138.09	-0.00552
138.1	-0.00551
138.11	-0.0055
138.12	-0.00549
138.13	-0.00548
138.14	-0.00546
138.15	-0.00544
138.16	-0.00542
138.17	-0.0054
138.18	-0.00537
138.19	-0.00535
138.2	-0.00532
138.21	-0.00529
138.22	-0.00526
138.23	-0.00523
138.24	-0.00519
138.25	-0.00516
138.26	-0.00513
138.27	-0.0051
138.28	-0.00506
138.29	-0.00503
138.3	-0.005
138.31	-0.00498
138.32	-0.00495
138.33	-0.00493
138.34	-0.0049
138.35	-0.00488
138.36	-0.00486
138.37	-0.00485
138.38	-0.00484
138.39	-0.00483
138.4	-0.00482
138.41	-0.00481
138.42	-0.00481
138.43	-0.00481
138.44	-0.00481
138.45	-0.00482
138.46	-0.00482
138.47	-0.00483
138.48	-0.00484
138.49	-0.00485
138.5	-0.00486
138.51	-0.00488
138.52	-0.00489
138.53	-0.00491
138.54	-0.00492
138.55	-0.00494
138.56	-0.00495
138.57	-0.00496
138.58	-0.00497
138.59	-0.00498
138.6	-0.00499
138.61	-0.005
138.62	-0.005
138.63	-0.005
138.64	-0.005
138.65	-0.00499
138.66	-0.00499
138.67	-0.00497
138.68	-0.00496
138.69	-0.00494
138.7	-0.00492
138.71	-0.00489
138.72	-0.00486
138.73	-0.00483
138.74	-0.0048
138.75	-0.00476
138.76	-0.00472
138.77	-0.00467
138.78	-0.00463
138.79	-0.00458
138.8	-0.00453
138.81	-0.00447
138.82	-0.00442
138.83	-0.00436
138.84	-0.0043
138.85	-0.00425
138.86	-0.00419
138.87	-0.00413
138.88	-0.00407
138.89	-0.00401
138.9	-0.00395
138.91	-0.00389
138.92	-0.00383
138.93	-0.00378
138.94	-0.00372
138.95	-0.00366
138.96	-0.00361
138.97	-0.00356
138.98	-0.0035
138.99	-0.00345
139	-0.0034
139.01	-0.00336
139.02	-0.00331
139.03	-0.00327
139.04	-0.00322
139.05	-0.00318
139.06	-0.00314
139.07	-0.0031
139.08	-0.00307
139.09	-0.00303
139.1	-0.003
139.11	-0.00296
139.12	-0.00293
139.13	-0.0029
139.14	-0.00287
139.15	-0.00285
139.16	-0.00282
139.17	-0.0028
139.18	-0.00277
139.19	-0.00275
139.2	-0.00273
139.21	-0.00271
139.22	-0.00269
139.23	-0.00267
139.24	-0.00265
139.25	-0.00263
139.26	-0.00261
139.27	-0.0026
139.28	-0.00258
139.29	-0.00256
139.3	-0.00254
139.31	-0.00252
139.32	-0.00251
139.33	-0.00249
139.34	-0.00247
139.35	-0.00245
139.36	-0.00243
139.37	-0.00241
139.38	-0.00238
139.39	-0.00236
139.4	-0.00234
139.41	-0.00231
139.42	-0.00228
139.43	-0.00225
139.44	-0.00222
139.45	-0.00219
139.46	-0.00216
139.47	-0.00213
139.48	-0.00209
139.49	-0.00205
139.5	-0.00201
139.51	-0.00197
139.52	-0.00193
139.53	-0.00189
139.54	-0.00184
139.55	-0.0018
139.56	-0.00175
139.57	-0.0017
139.58	-0.00165
139.59	-0.0016
139.6	-0.00154
139.61	-0.00149
139.62	-0.00143
139.63	-0.00137
139.64	-0.00132
139.65	-0.00126
139.66	-0.00119
139.67	-0.00113
139.68	-0.00107
139.69	-0.001
139.7	-9.36898E-4
139.71	-8.70092E-4
139.72	-8.02319E-4
139.73	-7.33618E-4
139.74	-6.6403E-4
139.75	-5.93596E-4
139.76	-5.22361E-4
139.77	-4.50368E-4
139.78	-3.77665E-4
139.79	-3.04301E-4
139.8	-2.30327E-4
139.81	-1.55796E-4
139.82	-8.07641E-5
139.83	-5.29108E-6
139.84	7.05617E-5
139.85	1.4673E-4
139.86	2.23145E-4
139.87	2.99739E-4
139.88	3.76438E-4
139.89	4.53166E-4
139.9	5.29848E-4
139.91	6.06403E-4
139.92	6.82752E-4
139.93	7.58813E-4
139.94	8.34503E-4
139.95	9.0974E-4
139.96	9.84441E-4
139.97	0.00106
139.98	0.00113
139.99	0.0012
140	0.00128
140.01	0.00135
140.02	0.00142
140.03	0.00149
140.04	0.00155
140.05	0.00162
140.06	0.00168
140.07	0.00175
140.08	0.00181
140.09	0.00187
140.1	0.00193
140.11	0.00199
140.12	0.00205
140.13	0.0021
140.14	0.00216
140.15	0.00221
140.16	0.00226
140.17	0.00231
140.18	0.00236
140.19	0.0024
140.2	0.00245
140.21	0.00249
140.22	0.00253
140.23	0.00257
140.24	0.00261
140.25	0.00265
140.26	0.00269
140.27	0.00272
140.28	0.00275
140.29	0.00279
140.3	0.00282
140.31	0.00285
140.32	0.00288
140.33	0.0029
140.34	0.00293
140.35	0.00295
140.36	0.00298
140.37	0.003
140.38	0.00303
140.39	0.00305
140.4	0.00307
140.41	0.00309
140.42	0.00311
140.43	0.00313
140.44	0.00314
140.45	0.00316
140.46	0.00318
140.47	0.0032
140.48	0.00321
140.49	0.00323
140.5	0.00325
140.51	0.00326
140.52	0.00328
140.53	0.00329
140.54	0.00331
140.55	0.00333
140.56	0.00334
140.57	0.00336
140.58	0.00338
140.59	0.0034
140.6	0.00341
140.61	0.00343
140.62	0.00345
140.63	0.00347
140.64	0.0035
140.65	0.00352
140.66	0.00354
140.67	0.00357
140.68	0.00359
140.69	0.00362
140.7	0.00365
140.71	0.00368
140.72	0.00371
140.73	0.00374
140.74	0.00378
140.75	0.00381
140.76	0.00384
140.77	0.00388
140.78	0.00392
140.79	0.00396
140.8	0.004
140.81	0.00404
140.82	0.00408
140.83	0.00412
140.84	0.00416
140.85	0.0042
140.86	0.00424
140.87	0.00429
140.88	0.00433
140.89	0.00437
140.9	0.00441
140.91	0.00445
140.92	0.00449
140.93	0.00454
140.94	0.00458
140.95	0.00461
140.96	0.00465
140.97	0.00469
140.98	0.00472
140.99	0.00476
141	0.00479
141.01	0.00482
141.02	0.00485
141.03	0.00488
141.04	0.0049
141.05	0.00493
141.06	0.00495
141.07	0.00497
141.08	0.00498
141.09	0.005
141.1	0.00501
141.11	0.00503
141.12	0.00503
141.13	0.00504
141.14	0.00505
141.15	0.00505
141.16	0.00505
141.17	0.00505
141.18	0.00505
141.19	0.00505
141.2	0.00504
141.21	0.00503
141.22	0.00503
141.23	0.00502
141.24	0.00501
141.25	0.005
141.26	0.00498
141.27	0.00497
141.28	0.00495
141.29	0.00494
141.3	0.00492
141.31	0.00491
141.32	0.00489
141.33	0.00487
141.34	0.00486
141.35	0.00484
141.36	0.00482
141.37	0.00481
141.38	0.00479
141.39	0.00477
141.4	0.00475
141.41	0.00474
141.42	0.00472
141.43	0.0047
141.44	0.00469
141.45	0.00467
141.46	0.00466
141.47	0.00464
141.48	0.00462
141.49	0.00461
141.5	0.00459
141.51	0.00458
141.52	0.00456
141.53	0.00455
141.54	0.00453
141.55	0.00452
141.56	0.00451
141.57	0.00449
141.58	0.00448
141.59	0.00446
141.6	0.00445
141.61	0.00443
141.62	0.00442
141.63	0.00441
141.64	0.00439
141.65	0.00438
141.66	0.00436
141.67	0.00435
141.68	0.00434
141.69	0.00432
141.7	0.00431
141.71	0.00429
141.72	0.00428
141.73	0.00426
141.74	0.00425
141.75	0.00424
141.76	0.00422
141.77	0.00421
141.78	0.00419
141.79	0.00418
141.8	0.00417
141.81	0.00415
141.82	0.00414
141.83	0.00412
141.84	0.00411
141.85	0.0041
141.86	0.00408
141.87	0.00407
141.88	0.00405
141.89	0.00404
141.9	0.00402
141.91	0.00401
141.92	0.00399
141.93	0.00398
141.94	0.00396
141.95	0.00394
141.96	0.00393
141.97	0.00391
141.98	0.00389
141.99	0.00387
142	0.00385
142.01	0.00383
142.02	0.00381
142.03	0.00379
142.04	0.00377
142.05	0.00374
142.06	0.00372
142.07	0.00369
142.08	0.00367
142.09	0.00364
142.1	0.00361
142.11	0.00358
142.12	0.00355
142.13	0.00352
142.14	0.00349
142.15	0.00345
142.16	0.00342
142.17	0.00339
142.18	0.00335
142.19	0.00331
142.2	0.00328
142.21	0.00324
142.22	0.0032
142.23	0.00316
142.24	0.00312
142.25	0.00308
142.26	0.00304
142.27	0.00299
142.28	0.00295
142.29	0.00291
142.3	0.00286
142.31	0.00282
142.32	0.00278
142.33	0.00273
142.34	0.00269
142.35	0.00264
142.36	0.0026
142.37	0.00255
142.38	0.0025
142.39	0.00246
142.4	0.00241
142.41	0.00237
142.42	0.00232
142.43	0.00227
142.44	0.00223
142.45	0.00218
142.46	0.00213
142.47	0.00209
142.48	0.00204
142.49	0.00199
142.5	0.00194
142.51	0.0019
142.52	0.00185
142.53	0.0018
142.54	0.00175
142.55	0.0017
142.56	0.00166
142.57	0.00161
142.58	0.00156
142.59	0.00151
142.6	0.00146
142.61	0.00141
142.62	0.00137
142.63	0.00132
142.64	0.00127
142.65	0.00122
142.66	0.00117
142.67	0.00112
142.68	0.00107
142.69	0.00103
142.7	9.78629E-4
142.71	9.3061E-4
142.72	8.8271E-4
142.73	8.34939E-4
142.74	7.87303E-4
142.75	7.39808E-4
142.76	6.9246E-4
142.77	6.45261E-4
142.78	5.98215E-4
142.79	5.51324E-4
142.8	5.04588E-4
142.81	4.58006E-4
142.82	4.1158E-4
142.83	3.65305E-4
142.84	3.19181E-4
142.85	2.73205E-4
142.86	2.27372E-4
142.87	1.8168E-4
142.88	1.36125E-4
142.89	9.07005E-5
142.9	4.54035E-5
142.91	2.28488E-7
142.92	-4.48296E-5
142.93	-8.97758E-5
142.94	-1.34615E-4
142.95	-1.79354E-4
142.96	-2.23996E-4
142.97	-2.68547E-4
142.98	-3.13013E-4
142.99	-3.57398E-4
143	-4.01707E-4
143.01	-4.45946E-4
143.02	-4.90119E-4
143.03	-5.34233E-4
143.04	-5.78293E-4
143.05	-6.22304E-4
143.06	-6.66273E-4
143.07	-7.10205E-4
143.08	-7.54108E-4
143.09	-7.97988E-4
143.1	-8.41853E-4
143.11	-8.8571E-4
143.12	-9.29568E-4
143.13	-9.73433E-4
143.14	-0.00102
143.15	-0.00106
143.16	-0.00111
143.17	-0.00115
143.18	-0.00119
143.19	-0.00124
143.2	-0.00128
143.21	-0.00133
143.22	-0.00137
143.23	-0.00141
143.24	-0.00146
143.25	-0.0015
143.26	-0.00155
143.27	-0.00159
143.28	-0.00164
143.29	-0.00168
143.3	-0.00173
143.31	-0.00177
143.32	-0.00181
143.33	-0.00186
143.34	-0.0019
143.35	-0.00195
143.36	-0.00199
143.37	-0.00203
143.38	-0.00208
143.39	-0.00212
143.4	-0.00217
143.41	-0.00221
143.42	-0.00225
143.43	-0.00229
143.44	-0.00234
143.45	-0.00238
143.46	-0.00242
143.47	-0.00246
143.48	-0.0025
143.49	-0.00254
143.5	-0.00258
143.51	-0.00262
143.52	-0.00266
143.53	-0.0027
143.54	-0.00274
143.55	-0.00278
143.56	-0.00282
143.57	-0.00285
143.58	-0.00289
143.59	-0.00293
143.6	-0.00296
143.61	-0.003
143.62	-0.00303
143.63	-0.00307
143.64	-0.0031
143.65	-0.00313
143.66	-0.00317
143.67	-0.0032
143.68	-0.00323
143.69	-0.00327
143.7	-0.0033
143.71	-0.00333
143.72	-0.00336
143.73	-0.00339
143.74	-0.00342
143.75	-0.00345
143.76	-0.00348
143.77	-0.00351
143.78	-0.00353
143.79	-0.00356
143.8	-0.00359
143.81	-0.00362
143.82	-0.00365
143.83	-0.00367
143.84	-0.0037
143.85	-0.00372
143.86	-0.00375
143.87	-0.00378
143.88	-0.0038
143.89	-0.00383
143.9	-0.00385
143.91	-0.00388
143.92	-0.0039
143.93	-0.00392
143.94	-0.00395
143.95	-0.00397
143.96	-0.00399
143.97	-0.00402
143.98	-0.00404
143.99	-0.00406
144	-0.00409
144.01	-0.00411
144.02	-0.00413
144.03	-0.00415
144.04	-0.00417
144.05	-0.00419
144.06	-0.00422
144.07	-0.00424
144.08	-0.00426
144.09	-0.00428
144.1	-0.0043
144.11	-0.00432
144.12	-0.00433
144.13	-0.00435
144.14	-0.00437
144.15	-0.00439
144.16	-0.0044
144.17	-0.00442
144.18	-0.00444
144.19	-0.00445
144.2	-0.00447
144.21	-0.00448
144.22	-0.00449
144.23	-0.0045
144.24	-0.00451
144.25	-0.00452
144.26	-0.00453
144.27	-0.00454
144.28	-0.00455
144.29	-0.00456
144.3	-0.00456
144.31	-0.00457
144.32	-0.00457
144.33	-0.00458
144.34	-0.00458
144.35	-0.00458
144.36	-0.00458
144.37	-0.00458
144.38	-0.00458
144.39	-0.00458
144.4	-0.00458
144.41	-0.00457
144.42	-0.00457
144.43	-0.00456
144.44	-0.00456
144.45	-0.00455
144.46	-0.00454
144.47	-0.00454
144.48	-0.00453
144.49	-0.00452
144.5	-0.00451
144.51	-0.0045
144.52	-0.00449
144.53	-0.00448
144.54	-0.00447
144.55	-0.00446
144.56	-0.00445
144.57	-0.00444
144.58	-0.00443
144.59	-0.00442
144.6	-0.00441
144.61	-0.0044
144.62	-0.00439
144.63	-0.00438
144.64	-0.00437
144.65	-0.00436
144.66	-0.00435
144.67	-0.00434
144.68	-0.00433
144.69	-0.00432
144.7	-0.00431
144.71	-0.0043
144.72	-0.0043
144.73	-0.00429
144.74	-0.00428
144.75	-0.00427
144.76	-0.00426
144.77	-0.00425
144.78	-0.00424
144.79	-0.00423
144.8	-0.00422
144.81	-0.00421
144.82	-0.0042
144.83	-0.00419
144.84	-0.00418
144.85	-0.00417
144.86	-0.00416
144.87	-0.00415
144.88	-0.00414
144.89	-0.00413
144.9	-0.00412
144.91	-0.0041
144.92	-0.00409
144.93	-0.00408
144.94	-0.00406
144.95	-0.00405
144.96	-0.00403
144.97	-0.00401
144.98	-0.004
144.99	-0.00398
145	-0.00396
145.01	-0.00394
145.02	-0.00393
145.03	-0.00391
145.04	-0.00389
145.05	-0.00387
145.06	-0.00384
145.07	-0.00382
145.08	-0.0038
145.09	-0.00378
145.1	-0.00375
145.11	-0.00373
145.12	-0.0037
145.13	-0.00368
145.14	-0.00365
145.15	-0.00363
145.16	-0.0036
145.17	-0.00357
145.18	-0.00354
145.19	-0.00351
145.2	-0.00349
145.21	-0.00346
145.22	-0.00343
145.23	-0.0034
145.24	-0.00337
145.25	-0.00334
145.26	-0.0033
145.27	-0.00327
145.28	-0.00324
145.29	-0.00321
145.3	-0.00318
145.31	-0.00314
145.32	-0.00311
145.33	-0.00308
145.34	-0.00304
145.35	-0.00301
145.36	-0.00297
145.37	-0.00294
145.38	-0.0029
145.39	-0.00287
145.4	-0.00283
145.41	-0.00279
145.42	-0.00276
145.43	-0.00272
145.44	-0.00268
145.45	-0.00265
145.46	-0.00261
145.47	-0.00257
145.48	-0.00253
145.49	-0.00249
145.5	-0.00245
145.51	-0.00241
145.52	-0.00238
145.53	-0.00234
145.54	-0.0023
145.55	-0.00226
145.56	-0.00222
145.57	-0.00217
145.58	-0.00213
145.59	-0.00209
145.6	-0.00205
145.61	-0.00201
145.62	-0.00197
145.63	-0.00193
145.64	-0.00189
145.65	-0.00184
145.66	-0.0018
145.67	-0.00176
145.68	-0.00172
145.69	-0.00168
145.7	-0.00163
145.71	-0.00159
145.72	-0.00155
145.73	-0.0015
145.74	-0.00146
145.75	-0.00142
145.76	-0.00137
145.77	-0.00133
145.78	-0.00129
145.79	-0.00124
145.8	-0.0012
145.81	-0.00116
145.82	-0.00111
145.83	-0.00107
145.84	-0.00102
145.85	-9.77627E-4
145.86	-9.3291E-4
145.87	-8.88048E-4
145.88	-8.43038E-4
145.89	-7.97881E-4
145.9	-7.52577E-4
145.91	-7.07128E-4
145.92	-6.61538E-4
145.93	-6.15809E-4
145.94	-5.69947E-4
145.95	-5.23957E-4
145.96	-4.77849E-4
145.97	-4.31628E-4
145.98	-3.85304E-4
145.99	-3.38888E-4
146	-2.92389E-4
146.01	-2.45819E-4
146.02	-1.99189E-4
146.03	-1.52511E-4
146.04	-1.05798E-4
146.05	-5.90628E-5
146.06	-1.23183E-5
146.07	3.44222E-5
146.08	8.11451E-5
146.09	1.27837E-4
146.1	1.74484E-4
146.11	2.21071E-4
146.12	2.67586E-4
146.13	3.14013E-4
146.14	3.6034E-4
146.15	4.0655E-4
146.16	4.52632E-4
146.17	4.98571E-4
146.18	5.44353E-4
146.19	5.89965E-4
146.2	6.35395E-4
146.21	6.8063E-4
146.22	7.2566E-4
146.23	7.70472E-4
146.24	8.15059E-4
146.25	8.5941E-4
146.26	9.03519E-4
146.27	9.47377E-4
146.28	9.9098E-4
146.29	0.00103
146.3	0.00108
146.31	0.00112
146.32	0.00116
146.33	0.00121
146.34	0.00125
146.35	0.00129
146.36	0.00133
146.37	0.00137
146.38	0.00141
146.39	0.00145
146.4	0.00149
146.41	0.00153
146.42	0.00157
146.43	0.00161
146.44	0.00165
146.45	0.00169
146.46	0.00173
146.47	0.00177
146.48	0.00181
146.49	0.00185
146.5	0.00188
146.51	0.00192
146.52	0.00196
146.53	0.002
146.54	0.00204
146.55	0.00207
146.56	0.00211
146.57	0.00215
146.58	0.00218
146.59	0.00222
146.6	0.00226
146.61	0.00229
146.62	0.00233
146.63	0.00236
146.64	0.0024
146.65	0.00243
146.66	0.00247
146.67	0.0025
146.68	0.00254
146.69	0.00257
146.7	0.00261
146.71	0.00264
146.72	0.00268
146.73	0.00271
146.74	0.00275
146.75	0.00278
146.76	0.00281
146.77	0.00285
146.78	0.00288
146.79	0.00291
146.8	0.00294
146.81	0.00298
146.82	0.00301
146.83	0.00304
146.84	0.00307
146.85	0.0031
146.86	0.00313
146.87	0.00316
146.88	0.00319
146.89	0.00322
146.9	0.00325
146.91	0.00328
146.92	0.00331
146.93	0.00334
146.94	0.00337
146.95	0.00339
146.96	0.00342
146.97	0.00345
146.98	0.00348
146.99	0.0035
147	0.00353
147.01	0.00355
147.02	0.00358
147.03	0.00361
147.04	0.00363
147.05	0.00366
147.06	0.00368
147.07	0.0037
147.08	0.00373
147.09	0.00375
147.1	0.00377
147.11	0.0038
147.12	0.00382
147.13	0.00384
147.14	0.00386
147.15	0.00388
147.16	0.0039
147.17	0.00392
147.18	0.00394
147.19	0.00396
147.2	0.00398
147.21	0.004
147.22	0.00402
147.23	0.00404
147.24	0.00406
147.25	0.00407
147.26	0.00409
147.27	0.00411
147.28	0.00412
147.29	0.00414
147.3	0.00415
147.31	0.00417
147.32	0.00418
147.33	0.0042
147.34	0.00421
147.35	0.00422
147.36	0.00424
147.37	0.00425
147.38	0.00426
147.39	0.00427
147.4	0.00428
147.41	0.00429
147.42	0.0043
147.43	0.00431
147.44	0.00432
147.45	0.00433
147.46	0.00434
147.47	0.00435
147.48	0.00435
147.49	0.00436
147.5	0.00437
147.51	0.00437
147.52	0.00438
147.53	0.00438
147.54	0.00439
147.55	0.00439
147.56	0.0044
147.57	0.0044
147.58	0.0044
147.59	0.00441
147.6	0.00441
147.61	0.00441
147.62	0.00441
147.63	0.00441
147.64	0.00441
147.65	0.00441
147.66	0.00441
147.67	0.00441
147.68	0.00441
147.69	0.00441
147.7	0.0044
147.71	0.0044
147.72	0.0044
147.73	0.00439
147.74	0.00439
147.75	0.00438
147.76	0.00438
147.77	0.00437
147.78	0.00437
147.79	0.00436
147.8	0.00436
147.81	0.00435
147.82	0.00434
147.83	0.00433
147.84	0.00432
147.85	0.00432
147.86	0.00431
147.87	0.0043
147.88	0.00429
147.89	0.00428
147.9	0.00426
147.91	0.00425
147.92	0.00424
147.93	0.00423
147.94	0.00422
147.95	0.0042
147.96	0.00419
147.97	0.00418
147.98	0.00416
147.99	0.00415
148	0.00413
148.01	0.00412
148.02	0.0041
148.03	0.00408
148.04	0.00407
148.05	0.00405
148.06	0.00403
148.07	0.00401
148.08	0.00399
148.09	0.00398
148.1	0.00396
148.11	0.00394
148.12	0.00392
148.13	0.0039
148.14	0.00388
148.15	0.00385
148.16	0.00383
148.17	0.00381
148.18	0.00379
148.19	0.00377
148.2	0.00374
148.21	0.00372
148.22	0.0037
148.23	0.00367
148.24	0.00365
148.25	0.00362
148.26	0.0036
148.27	0.00357
148.28	0.00354
148.29	0.00352
148.3	0.00349
148.31	0.00346
148.32	0.00344
148.33	0.00341
148.34	0.00338
148.35	0.00335
148.36	0.00332
148.37	0.00329
148.38	0.00326
148.39	0.00323
148.4	0.0032
148.41	0.00317
148.42	0.00314
148.43	0.00311
148.44	0.00308
148.45	0.00305
148.46	0.00302
148.47	0.00299
148.48	0.00295
148.49	0.00292
148.5	0.00289
148.51	0.00285
148.52	0.00282
148.53	0.00279
148.54	0.00275
148.55	0.00272
148.56	0.00268
148.57	0.00265
148.58	0.00261
148.59	0.00258
148.6	0.00254
148.61	0.0025
148.62	0.00247
148.63	0.00243
148.64	0.00239
148.65	0.00236
148.66	0.00232
148.67	0.00228
148.68	0.00224
148.69	0.00221
148.7	0.00217
148.71	0.00213
148.72	0.00209
148.73	0.00205
148.74	0.00201
148.75	0.00197
148.76	0.00193
148.77	0.00189
148.78	0.00185
148.79	0.00181
148.8	0.00177
148.81	0.00173
148.82	0.00169
148.83	0.00165
148.84	0.00161
148.85	0.00157
148.86	0.00153
148.87	0.00149
148.88	0.00145
148.89	0.0014
148.9	0.00136
148.91	0.00132
148.92	0.00128
148.93	0.00124
148.94	0.0012
148.95	0.00115
148.96	0.00111
148.97	0.00107
148.98	0.00103
148.99	9.82418E-4
149	9.39588E-4
149.01	8.96666E-4
149.02	8.53658E-4
149.03	8.10566E-4
149.04	7.67396E-4
149.05	7.24151E-4
149.06	6.80836E-4
149.07	6.37457E-4
149.08	5.94018E-4
149.09	5.50525E-4
149.1	5.06983E-4
149.11	4.63397E-4
149.12	4.19774E-4
149.13	3.76119E-4
149.14	3.32436E-4
149.15	2.88731E-4
149.16	2.45008E-4
149.17	2.01271E-4
149.18	1.57526E-4
149.19	1.13775E-4
149.2	7.00232E-5
149.21	2.62734E-5
149.22	-1.7471E-5
149.23	-6.12065E-5
149.24	-1.0493E-4
149.25	-1.48637E-4
149.26	-1.92325E-4
149.27	-2.3599E-4
149.28	-2.79629E-4
149.29	-3.23236E-4
149.3	-3.66807E-4
149.31	-4.10338E-4
149.32	-4.53823E-4
149.33	-4.97258E-4
149.34	-5.40637E-4
149.35	-5.83955E-4
149.36	-6.27207E-4
149.37	-6.70386E-4
149.38	-7.13488E-4
149.39	-7.56508E-4
149.4	-7.99441E-4
149.41	-8.42282E-4
149.42	-8.85026E-4
149.43	-9.27671E-4
149.44	-9.70211E-4
149.45	-0.00101
149.46	-0.00105
149.47	-0.0011
149.48	-0.00114
149.49	-0.00118
149.5	-0.00122
149.51	-0.00126
149.52	-0.00131
149.53	-0.00135
149.54	-0.00139
149.55	-0.00143
149.56	-0.00147
149.57	-0.00151
149.58	-0.00155
149.59	-0.00159
149.6	-0.00163
149.61	-0.00167
149.62	-0.00171
149.63	-0.00175
149.64	-0.00179
149.65	-0.00183
149.66	-0.00187
149.67	-0.00191
149.68	-0.00195
149.69	-0.00199
149.7	-0.00203
149.71	-0.00207
149.72	-0.0021
149.73	-0.00214
149.74	-0.00218
149.75	-0.00222
149.76	-0.00225
149.77	-0.00229
149.78	-0.00233
149.79	-0.00236
149.8	-0.0024
149.81	-0.00244
149.82	-0.00247
149.83	-0.00251
149.84	-0.00254
149.85	-0.00258
149.86	-0.00261
149.87	-0.00265
149.88	-0.00268
149.89	-0.00271
149.9	-0.00275
149.91	-0.00278
149.92	-0.00281
149.93	-0.00285
149.94	-0.00288
149.95	-0.00291
149.96	-0.00294
149.97	-0.00298
149.98	-0.00301
149.99	-0.00304
150	-0.00307
150.01	-0.0031
150.02	-0.00313
150.03	-0.00316
150.04	-0.00319
150.05	-0.00322
150.06	-0.00325
150.07	-0.00327
150.08	-0.0033
150.09	-0.00333
150.1	-0.00336
150.11	-0.00338
150.12	-0.00341
150.13	-0.00344
150.14	-0.00346
150.15	-0.00349
150.16	-0.00351
150.17	-0.00354
150.18	-0.00356
150.19	-0.00359
150.2	-0.00361
150.21	-0.00363
150.22	-0.00366
150.23	-0.00368
150.24	-0.0037
150.25	-0.00372
150.26	-0.00375
150.27	-0.00377
150.28	-0.00379
150.29	-0.00381
150.3	-0.00383
150.31	-0.00385
150.32	-0.00387
150.33	-0.00389
150.34	-0.00391
150.35	-0.00392
150.36	-0.00394
150.37	-0.00396
150.38	-0.00398
150.39	-0.00399
150.4	-0.00401
150.41	-0.00402
150.42	-0.00404
150.43	-0.00405
150.44	-0.00407
150.45	-0.00408
150.46	-0.0041
150.47	-0.00411
150.48	-0.00412
150.49	-0.00414
150.5	-0.00415
150.51	-0.00416
150.52	-0.00417
150.53	-0.00418
150.54	-0.00419
150.55	-0.0042
150.56	-0.00421
150.57	-0.00422
150.58	-0.00423
150.59	-0.00424
150.6	-0.00424
150.61	-0.00425
150.62	-0.00426
150.63	-0.00427
150.64	-0.00427
150.65	-0.00428
150.66	-0.00428
150.67	-0.00429
150.68	-0.00429
150.69	-0.0043
150.7	-0.0043
150.71	-0.0043
150.72	-0.0043
150.73	-0.00431
150.74	-0.00431
150.75	-0.00431
150.76	-0.00431
150.77	-0.00431
150.78	-0.00431
150.79	-0.00431
150.8	-0.00431
150.81	-0.00431
150.82	-0.00431
150.83	-0.00431
150.84	-0.0043
150.85	-0.0043
150.86	-0.0043
150.87	-0.00429
150.88	-0.00429
150.89	-0.00428
150.9	-0.00428
150.91	-0.00427
150.92	-0.00427
150.93	-0.00426
150.94	-0.00425
150.95	-0.00425
150.96	-0.00424
150.97	-0.00423
150.98	-0.00422
150.99	-0.00421
151	-0.0042
151.01	-0.00419
151.02	-0.00418
151.03	-0.00417
151.04	-0.00416
151.05	-0.00415
151.06	-0.00414
151.07	-0.00413
151.08	-0.00412
151.09	-0.0041
151.1	-0.00409
151.11	-0.00407
151.12	-0.00406
151.13	-0.00405
151.14	-0.00403
151.15	-0.00402
151.16	-0.004
151.17	-0.00398
151.18	-0.00397
151.19	-0.00395
151.2	-0.00393
151.21	-0.00391
151.22	-0.0039
151.23	-0.00388
151.24	-0.00386
151.25	-0.00384
151.26	-0.00382
151.27	-0.0038
151.28	-0.00378
151.29	-0.00376
151.3	-0.00374
151.31	-0.00371
151.32	-0.00369
151.33	-0.00367
151.34	-0.00365
151.35	-0.00362
151.36	-0.0036
151.37	-0.00358
151.38	-0.00355
151.39	-0.00353
151.4	-0.0035
151.41	-0.00348
151.42	-0.00345
151.43	-0.00343
151.44	-0.0034
151.45	-0.00337
151.46	-0.00335
151.47	-0.00332
151.48	-0.00329
151.49	-0.00326
151.5	-0.00324
151.51	-0.00321
151.52	-0.00318
151.53	-0.00315
151.54	-0.00312
151.55	-0.00309
151.56	-0.00306
151.57	-0.00303
151.58	-0.003
151.59	-0.00297
151.6	-0.00294
151.61	-0.00291
151.62	-0.00287
151.63	-0.00284
151.64	-0.00281
151.65	-0.00278
151.66	-0.00274
151.67	-0.00271
151.68	-0.00268
151.69	-0.00264
151.7	-0.00261
151.71	-0.00258
151.72	-0.00254
151.73	-0.00251
151.74	-0.00247
151.75	-0.00244
151.76	-0.0024
151.77	-0.00236
151.78	-0.00233
151.79	-0.00229
151.8	-0.00226
151.81	-0.00222
151.82	-0.00218
151.83	-0.00215
151.84	-0.00211
151.85	-0.00207
151.86	-0.00203
151.87	-0.002
151.88	-0.00196
151.89	-0.00192
151.9	-0.00188
151.91	-0.00184
151.92	-0.0018
151.93	-0.00177
151.94	-0.00173
151.95	-0.00169
151.96	-0.00165
151.97	-0.00161
151.98	-0.00157
151.99	-0.00153
152	-0.00149
152.01	-0.00145
152.02	-0.00141
152.03	-0.00137
152.04	-0.00133
152.05	-0.00129
152.06	-0.00124
152.07	-0.0012
152.08	-0.00116
152.09	-0.00112
152.1	-0.00108
152.11	-0.00104
152.12	-9.97701E-4
152.13	-9.56157E-4
152.14	-9.14522E-4
152.15	-8.728E-4
152.16	-8.30995E-4
152.17	-7.8911E-4
152.18	-7.47149E-4
152.19	-7.05116E-4
152.2	-6.63017E-4
152.21	-6.20855E-4
152.22	-5.78636E-4
152.23	-5.36365E-4
152.24	-4.94047E-4
152.25	-4.51688E-4
152.26	-4.09292E-4
152.27	-3.66865E-4
152.28	-3.24412E-4
152.29	-2.81937E-4
152.3	-2.39446E-4
152.31	-1.96942E-4
152.32	-1.54429E-4
152.33	-1.11912E-4
152.34	-6.93938E-5
152.35	-2.6878E-5
152.36	1.56323E-5
152.37	5.81336E-5
152.38	1.00623E-4
152.39	1.43097E-4
152.4	1.85552E-4
152.41	2.27985E-4
152.42	2.70392E-4
152.43	3.12768E-4
152.44	3.55111E-4
152.45	3.97414E-4
152.46	4.39674E-4
152.47	4.81885E-4
152.48	5.24042E-4
152.49	5.66141E-4
152.5	6.08176E-4
152.51	6.50141E-4
152.52	6.92031E-4
152.53	7.33843E-4
152.54	7.7557E-4
152.55	8.17209E-4
152.56	8.58755E-4
152.57	9.00204E-4
152.58	9.41552E-4
152.59	9.82797E-4
152.6	0.00102
152.61	0.00106
152.62	0.00111
152.63	0.00115
152.64	0.00119
152.65	0.00123
152.66	0.00127
152.67	0.00131
152.68	0.00135
152.69	0.00139
152.7	0.00143
152.71	0.00147
152.72	0.00151
152.73	0.00155
152.74	0.00159
152.75	0.00163
152.76	0.00166
152.77	0.0017
152.78	0.00174
152.79	0.00178
152.8	0.00182
152.81	0.00186
152.82	0.00189
152.83	0.00193
152.84	0.00197
152.85	0.00201
152.86	0.00204
152.87	0.00208
152.88	0.00212
152.89	0.00215
152.9	0.00219
152.91	0.00223
152.92	0.00226
152.93	0.0023
152.94	0.00233
152.95	0.00237
152.96	0.0024
152.97	0.00244
152.98	0.00247
152.99	0.0025
153	0.00254
153.01	0.00257
153.02	0.00261
153.03	0.00264
153.04	0.00267
153.05	0.0027
153.06	0.00274
153.07	0.00277
153.08	0.0028
153.09	0.00283
153.1	0.00286
153.11	0.00289
153.12	0.00292
153.13	0.00295
153.14	0.00298
153.15	0.00301
153.16	0.00304
153.17	0.00307
153.18	0.0031
153.19	0.00313
153.2	0.00315
153.21	0.00318
153.22	0.00321
153.23	0.00324
153.24	0.00326
153.25	0.00329
153.26	0.00332
153.27	0.00334
153.28	0.00337
153.29	0.00339
153.3	0.00342
153.31	0.00344
153.32	0.00346
153.33	0.00349
153.34	0.00351
153.35	0.00353
153.36	0.00356
153.37	0.00358
153.38	0.0036
153.39	0.00362
153.4	0.00364
153.41	0.00366
153.42	0.00368
153.43	0.0037
153.44	0.00372
153.45	0.00374
153.46	0.00376
153.47	0.00378
153.48	0.0038
153.49	0.00382
153.5	0.00383
153.51	0.00385
153.52	0.00387
153.53	0.00388
153.54	0.0039
153.55	0.00392
153.56	0.00393
153.57	0.00394
153.58	0.00396
153.59	0.00397
153.6	0.00399
153.61	0.004
153.62	0.00401
153.63	0.00402
153.64	0.00404
153.65	0.00405
153.66	0.00406
153.67	0.00407
153.68	0.00408
153.69	0.00409
153.7	0.0041
153.71	0.00411
153.72	0.00412
153.73	0.00412
153.74	0.00413
153.75	0.00414
153.76	0.00415
153.77	0.00415
153.78	0.00416
153.79	0.00416
153.8	0.00417
153.81	0.00417
153.82	0.00418
153.83	0.00418
153.84	0.00419
153.85	0.00419
153.86	0.00419
153.87	0.00419
153.88	0.0042
153.89	0.0042
153.9	0.0042
153.91	0.0042
153.92	0.0042
153.93	0.0042
153.94	0.0042
153.95	0.0042
153.96	0.0042
153.97	0.00419
153.98	0.00419
153.99	0.00419
154	0.00419
154.01	0.00418
154.02	0.00418
154.03	0.00417
154.04	0.00417
154.05	0.00416
154.06	0.00416
154.07	0.00415
154.08	0.00415
154.09	0.00414
154.1	0.00413
154.11	0.00412
154.12	0.00412
154.13	0.00411
154.14	0.0041
154.15	0.00409
154.16	0.00408
154.17	0.00407
154.18	0.00406
154.19	0.00405
154.2	0.00404
154.21	0.00402
154.22	0.00401
154.23	0.004
154.24	0.00399
154.25	0.00397
154.26	0.00396
154.27	0.00394
154.28	0.00393
154.29	0.00392
154.3	0.0039
154.31	0.00388
154.32	0.00387
154.33	0.00385
154.34	0.00383
154.35	0.00382
154.36	0.0038
154.37	0.00378
154.38	0.00376
154.39	0.00374
154.4	0.00373
154.41	0.00371
154.42	0.00369
154.43	0.00367
154.44	0.00365
154.45	0.00362
154.46	0.0036
154.47	0.00358
154.48	0.00356
154.49	0.00354
154.5	0.00351
154.51	0.00349
154.52	0.00347
154.53	0.00344
154.54	0.00342
154.55	0.0034
154.56	0.00337
154.57	0.00335
154.58	0.00332
154.59	0.00329
154.6	0.00327
154.61	0.00324
154.62	0.00322
154.63	0.00319
154.64	0.00316
154.65	0.00313
154.66	0.0031
154.67	0.00308
154.68	0.00305
154.69	0.00302
154.7	0.00299
154.71	0.00296
154.72	0.00293
154.73	0.0029
154.74	0.00287
154.75	0.00284
154.76	0.00281
154.77	0.00278
154.78	0.00275
154.79	0.00271
154.8	0.00268
154.81	0.00265
154.82	0.00262
154.83	0.00258
154.84	0.00255
154.85	0.00252
154.86	0.00249
154.87	0.00245
154.88	0.00242
154.89	0.00238
154.9	0.00235
154.91	0.00231
154.92	0.00228
154.93	0.00224
154.94	0.00221
154.95	0.00217
154.96	0.00214
154.97	0.0021
154.98	0.00206
154.99	0.00203
155	0.00199
155.01	0.00196
155.02	0.00192
155.03	0.00188
155.04	0.00184
155.05	0.00181
155.06	0.00177
155.07	0.00173
155.08	0.00169
155.09	0.00165
155.1	0.00162
155.11	0.00158
155.12	0.00154
155.13	0.0015
155.14	0.00146
155.15	0.00142
155.16	0.00138
155.17	0.00134
155.18	0.0013
155.19	0.00126
155.2	0.00122
155.21	0.00118
155.22	0.00114
155.23	0.0011
155.24	0.00106
155.25	0.00102
155.26	9.83605E-4
155.27	9.43148E-4
155.28	9.02601E-4
155.29	8.61968E-4
155.3	8.21251E-4
155.31	7.80455E-4
155.32	7.39583E-4
155.33	6.9864E-4
155.34	6.5763E-4
155.35	6.16557E-4
155.36	5.75426E-4
155.37	5.34242E-4
155.38	4.93011E-4
155.39	4.51737E-4
155.4	4.10426E-4
155.41	3.69083E-4
155.42	3.27712E-4
155.43	2.86319E-4
155.44	2.44907E-4
155.45	2.03481E-4
155.46	1.62045E-4
155.47	1.20603E-4
155.48	7.9158E-5
155.49	3.77138E-5
155.5	-3.72667E-6
155.51	-4.51601E-5
155.52	-8.65835E-5
155.53	-1.27994E-4
155.54	-1.69387E-4
155.55	-2.10761E-4
155.56	-2.52111E-4
155.57	-2.93433E-4
155.58	-3.34724E-4
155.59	-3.75978E-4
155.6	-4.17193E-4
155.61	-4.58361E-4
155.62	-4.9948E-4
155.63	-5.40543E-4
155.64	-5.81545E-4
155.65	-6.22482E-4
155.66	-6.63348E-4
155.67	-7.04139E-4
155.68	-7.44849E-4
155.69	-7.85475E-4
155.7	-8.26013E-4
155.71	-8.66457E-4
155.72	-9.06805E-4
155.73	-9.47054E-4
155.74	-9.87199E-4
155.75	-0.00103
155.76	-0.00107
155.77	-0.00111
155.78	-0.00115
155.79	-0.00119
155.8	-0.00123
155.81	-0.00127
155.82	-0.0013
155.83	-0.00134
155.84	-0.00138
155.85	-0.00142
155.86	-0.00146
155.87	-0.0015
155.88	-0.00154
155.89	-0.00157
155.9	-0.00161
155.91	-0.00165
155.92	-0.00169
155.93	-0.00173
155.94	-0.00176
155.95	-0.0018
155.96	-0.00184
155.97	-0.00187
155.98	-0.00191
155.99	-0.00195
156	-0.00198
156.01	-0.00202
156.02	-0.00205
156.03	-0.00209
156.04	-0.00213
156.05	-0.00216
156.06	-0.0022
156.07	-0.00223
156.08	-0.00226
156.09	-0.0023
156.1	-0.00233
156.11	-0.00237
156.12	-0.0024
156.13	-0.00243
156.14	-0.00247
156.15	-0.0025
156.16	-0.00253
156.17	-0.00256
156.18	-0.0026
156.19	-0.00263
156.2	-0.00266
156.21	-0.00269
156.22	-0.00272
156.23	-0.00275
156.24	-0.00278
156.25	-0.00281
156.26	-0.00284
156.27	-0.00287
156.28	-0.0029
156.29	-0.00293
156.3	-0.00296
156.31	-0.00299
156.32	-0.00301
156.33	-0.00304
156.34	-0.00307
156.35	-0.0031
156.36	-0.00312
156.37	-0.00315
156.38	-0.00318
156.39	-0.0032
156.4	-0.00323
156.41	-0.00325
156.42	-0.00328
156.43	-0.0033
156.44	-0.00333
156.45	-0.00335
156.46	-0.00337
156.47	-0.0034
156.48	-0.00342
156.49	-0.00344
156.5	-0.00346
156.51	-0.00349
156.52	-0.00351
156.53	-0.00353
156.54	-0.00355
156.55	-0.00357
156.56	-0.00359
156.57	-0.00361
156.58	-0.00363
156.59	-0.00365
156.6	-0.00367
156.61	-0.00368
156.62	-0.0037
156.63	-0.00372
156.64	-0.00374
156.65	-0.00375
156.66	-0.00377
156.67	-0.00379
156.68	-0.0038
156.69	-0.00382
156.7	-0.00383
156.71	-0.00385
156.72	-0.00386
156.73	-0.00387
156.74	-0.00389
156.75	-0.0039
156.76	-0.00391
156.77	-0.00392
156.78	-0.00394
156.79	-0.00395
156.8	-0.00396
156.81	-0.00397
156.82	-0.00398
156.83	-0.00399
156.84	-0.004
156.85	-0.00401
156.86	-0.00401
156.87	-0.00402
156.88	-0.00403
156.89	-0.00404
156.9	-0.00404
156.91	-0.00405
156.92	-0.00406
156.93	-0.00406
156.94	-0.00407
156.95	-0.00407
156.96	-0.00408
156.97	-0.00408
156.98	-0.00408
156.99	-0.00409
157	-0.00409
157.01	-0.00409
157.02	-0.00409
157.03	-0.0041
157.04	-0.0041
157.05	-0.0041
157.06	-0.0041
157.07	-0.0041
157.08	-0.0041
157.09	-0.0041
157.1	-0.0041
157.11	-0.00409
157.12	-0.00409
157.13	-0.00409
157.14	-0.00409
157.15	-0.00408
157.16	-0.00408
157.17	-0.00408
157.18	-0.00407
157.19	-0.00407
157.2	-0.00406
157.21	-0.00405
157.22	-0.00405
157.23	-0.00404
157.24	-0.00403
157.25	-0.00403
157.26	-0.00402
157.27	-0.00401
157.28	-0.004
157.29	-0.00399
157.3	-0.00398
157.31	-0.00397
157.32	-0.00396
157.33	-0.00395
157.34	-0.00394
157.35	-0.00393
157.36	-0.00392
157.37	-0.00391
157.38	-0.00389
157.39	-0.00388
157.4	-0.00387
157.41	-0.00386
157.42	-0.00384
157.43	-0.00383
157.44	-0.00381
157.45	-0.0038
157.46	-0.00378
157.47	-0.00376
157.48	-0.00375
157.49	-0.00373
157.5	-0.00371
157.51	-0.0037
157.52	-0.00368
157.53	-0.00366
157.54	-0.00364
157.55	-0.00362
157.56	-0.0036
157.57	-0.00358
157.58	-0.00356
157.59	-0.00354
157.6	-0.00352
157.61	-0.0035
157.62	-0.00348
157.63	-0.00346
157.64	-0.00344
157.65	-0.00342
157.66	-0.00339
157.67	-0.00337
157.68	-0.00335
157.69	-0.00332
157.7	-0.0033
157.71	-0.00327
157.72	-0.00325
157.73	-0.00322
157.74	-0.0032
157.75	-0.00317
157.76	-0.00315
157.77	-0.00312
157.78	-0.00309
157.79	-0.00307
157.8	-0.00304
157.81	-0.00301
157.82	-0.00298
157.83	-0.00296
157.84	-0.00293
157.85	-0.0029
157.86	-0.00287
157.87	-0.00284
157.88	-0.00281
157.89	-0.00278
157.9	-0.00275
157.91	-0.00272
157.92	-0.00269
157.93	-0.00266
157.94	-0.00263
157.95	-0.0026
157.96	-0.00257
157.97	-0.00253
157.98	-0.0025
157.99	-0.00247
158	-0.00244
158.01	-0.0024
158.02	-0.00237
158.03	-0.00234
158.04	-0.0023
158.05	-0.00227
158.06	-0.00224
158.07	-0.0022
158.08	-0.00217
158.09	-0.00213
158.1	-0.0021
158.11	-0.00206
158.12	-0.00203
158.13	-0.00199
158.14	-0.00196
158.15	-0.00192
158.16	-0.00188
158.17	-0.00185
158.18	-0.00181
158.19	-0.00177
158.2	-0.00174
158.21	-0.0017
158.22	-0.00166
158.23	-0.00163
158.24	-0.00159
158.25	-0.00155
158.26	-0.00151
158.27	-0.00148
158.28	-0.00144
158.29	-0.0014
158.3	-0.00136
158.31	-0.00132
158.32	-0.00128
158.33	-0.00125
158.34	-0.00121
158.35	-0.00117
158.36	-0.00113
158.37	-0.00109
158.38	-0.00105
158.39	-0.00101
158.4	-9.72463E-4
158.41	-9.32976E-4
158.42	-8.93399E-4
158.43	-8.53737E-4
158.44	-8.13991E-4
158.45	-7.74167E-4
158.46	-7.34266E-4
158.47	-6.94295E-4
158.48	-6.54256E-4
158.49	-6.14154E-4
158.5	-5.73994E-4
158.51	-5.3378E-4
158.52	-4.93519E-4
158.53	-4.53214E-4
158.54	-4.12871E-4
158.55	-3.72494E-4
158.56	-3.32089E-4
158.57	-2.9166E-4
158.58	-2.51212E-4
158.59	-2.10748E-4
158.6	-1.70273E-4
158.61	-1.2979E-4
158.62	-8.9303E-5
158.63	-4.88152E-5
158.64	-8.32963E-6
158.65	3.21505E-5
158.66	7.26223E-5
158.67	1.13083E-4
158.68	1.53528E-4
158.69	1.93956E-4
158.7	2.34362E-4
158.71	2.74743E-4
158.72	3.15094E-4
158.73	3.55412E-4
158.74	3.95692E-4
158.75	4.35929E-4
158.76	4.76119E-4
158.77	5.16257E-4
158.78	5.56337E-4
158.79	5.96355E-4
158.8	6.36305E-4
158.81	6.76183E-4
158.82	7.15985E-4
158.83	7.55706E-4
158.84	7.95341E-4
158.85	8.34888E-4
158.86	8.74341E-4
158.87	9.13699E-4
158.88	9.52958E-4
158.89	9.92114E-4
158.9	0.00103
158.91	0.00107
158.92	0.00111
158.93	0.00115
158.94	0.00119
158.95	0.00122
158.96	0.00126
158.97	0.0013
158.98	0.00134
158.99	0.00138
159	0.00142
159.01	0.00145
159.02	0.00149
159.03	0.00153
159.04	0.00156
159.05	0.0016
159.06	0.00164
159.07	0.00168
159.08	0.00171
159.09	0.00175
159.1	0.00178
159.11	0.00182
159.12	0.00186
159.13	0.00189
159.14	0.00193
159.15	0.00196
159.16	0.002
159.17	0.00203
159.18	0.00207
159.19	0.0021
159.2	0.00214
159.21	0.00217
159.22	0.0022
159.23	0.00224
159.24	0.00227
159.25	0.0023
159.26	0.00234
159.27	0.00237
159.28	0.0024
159.29	0.00243
159.3	0.00246
159.31	0.0025
159.32	0.00253
159.33	0.00256
159.34	0.00259
159.35	0.00262
159.36	0.00265
159.37	0.00268
159.38	0.00271
159.39	0.00274
159.4	0.00277
159.41	0.0028
159.42	0.00283
159.43	0.00286
159.44	0.00288
159.45	0.00291
159.46	0.00294
159.47	0.00297
159.48	0.00299
159.49	0.00302
159.5	0.00305
159.51	0.00307
159.52	0.0031
159.53	0.00312
159.54	0.00315
159.55	0.00317
159.56	0.0032
159.57	0.00322
159.58	0.00324
159.59	0.00327
159.6	0.00329
159.61	0.00331
159.62	0.00334
159.63	0.00336
159.64	0.00338
159.65	0.0034
159.66	0.00342
159.67	0.00344
159.68	0.00346
159.69	0.00348
159.7	0.0035
159.71	0.00352
159.72	0.00354
159.73	0.00356
159.74	0.00358
159.75	0.0036
159.76	0.00361
159.77	0.00363
159.78	0.00365
159.79	0.00366
159.8	0.00368
159.81	0.0037
159.82	0.00371
159.83	0.00373
159.84	0.00374
159.85	0.00375
159.86	0.00377
159.87	0.00378
159.88	0.00379
159.89	0.00381
159.9	0.00382
159.91	0.00383
159.92	0.00384
159.93	0.00385
159.94	0.00387
159.95	0.00388
159.96	0.00389
159.97	0.0039
159.98	0.0039
159.99	0.00391
160	0.00392
160.01	0.00393
160.02	0.00394
160.03	0.00394
160.04	0.00395
160.05	0.00396
160.06	0.00396
160.07	0.00397
160.08	0.00397
160.09	0.00398
160.1	0.00398
160.11	0.00399
160.12	0.00399
160.13	0.00399
160.14	0.004
160.15	0.004
160.16	0.004
160.17	0.004
160.18	0.00401
160.19	0.00401
160.2	0.00401
160.21	0.00401
160.22	0.00401
160.23	0.00401
160.24	0.004
160.25	0.004
160.26	0.004
160.27	0.004
160.28	0.004
160.29	0.00399
160.3	0.00399
160.31	0.00399
160.32	0.00398
160.33	0.00398
160.34	0.00397
160.35	0.00397
160.36	0.00396
160.37	0.00395
160.38	0.00395
160.39	0.00394
160.4	0.00393
160.41	0.00392
160.42	0.00392
160.43	0.00391
160.44	0.0039
160.45	0.00389
160.46	0.00388
160.47	0.00387
160.48	0.00386
160.49	0.00385
160.5	0.00384
160.51	0.00382
160.52	0.00381
160.53	0.0038
160.54	0.00379
160.55	0.00377
160.56	0.00376
160.57	0.00375
160.58	0.00373
160.59	0.00372
160.6	0.0037
160.61	0.00369
160.62	0.00367
160.63	0.00365
160.64	0.00364
160.65	0.00362
160.66	0.0036
160.67	0.00359
160.68	0.00357
160.69	0.00355
160.7	0.00353
160.71	0.00351
160.72	0.00349
160.73	0.00347
160.74	0.00345
160.75	0.00343
160.76	0.00341
160.77	0.00339
160.78	0.00337
160.79	0.00335
160.8	0.00332
160.81	0.0033
160.82	0.00328
160.83	0.00326
160.84	0.00323
160.85	0.00321
160.86	0.00318
160.87	0.00316
160.88	0.00314
160.89	0.00311
160.9	0.00308
160.91	0.00306
160.92	0.00303
160.93	0.00301
160.94	0.00298
160.95	0.00295
160.96	0.00293
160.97	0.0029
160.98	0.00287
160.99	0.00284
161	0.00282
161.01	0.00279
161.02	0.00276
161.03	0.00273
161.04	0.0027
161.05	0.00267
161.06	0.00264
161.07	0.00261
161.08	0.00258
161.09	0.00255
161.1	0.00252
161.11	0.00249
161.12	0.00246
161.13	0.00242
161.14	0.00239
161.15	0.00236
161.16	0.00233
161.17	0.0023
161.18	0.00226
161.19	0.00223
161.2	0.0022
161.21	0.00216
161.22	0.00213
161.23	0.0021
161.24	0.00206
161.25	0.00203
161.26	0.00199
161.27	0.00196
161.28	0.00192
161.29	0.00189
161.3	0.00185
161.31	0.00182
161.32	0.00178
161.33	0.00175
161.34	0.00171
161.35	0.00167
161.36	0.00164
161.37	0.0016
161.38	0.00156
161.39	0.00153
161.4	0.00149
161.41	0.00145
161.42	0.00142
161.43	0.00138
161.44	0.00134
161.45	0.0013
161.46	0.00127
161.47	0.00123
161.48	0.00119
161.49	0.00115
161.5	0.00112
161.51	0.00108
161.52	0.00104
161.53	0.001
161.54	9.61969E-4
161.55	9.23372E-4
161.56	8.84686E-4
161.57	8.45915E-4
161.58	8.07061E-4
161.59	7.68129E-4
161.6	7.29121E-4
161.61	6.90042E-4
161.62	6.50896E-4
161.63	6.11687E-4
161.64	5.72419E-4
161.65	5.33097E-4
161.66	4.93727E-4
161.67	4.54313E-4
161.68	4.1486E-4
161.69	3.75373E-4
161.7	3.35856E-4
161.71	2.96315E-4
161.72	2.56753E-4
161.73	2.17174E-4
161.74	1.77584E-4
161.75	1.37984E-4
161.76	9.83792E-5
161.77	5.87723E-5
161.78	1.91663E-5
161.79	-2.04357E-5
161.8	-6.00307E-5
161.81	-9.96156E-5
161.82	-1.39187E-4
161.83	-1.78743E-4
161.84	-2.18279E-4
161.85	-2.57791E-4
161.86	-2.97276E-4
161.87	-3.3673E-4
161.88	-3.76148E-4
161.89	-4.15526E-4
161.9	-4.54859E-4
161.91	-4.94142E-4
161.92	-5.33371E-4
161.93	-5.7254E-4
161.94	-6.11644E-4
161.95	-6.5068E-4
161.96	-6.89642E-4
161.97	-7.28526E-4
161.98	-7.67328E-4
161.99	-8.06045E-4
162	-8.44671E-4
162.01	-8.83206E-4
162.02	-9.21644E-4
162.03	-9.59983E-4
162.04	-9.98221E-4
162.05	-0.00104
162.06	-0.00107
162.07	-0.00111
162.08	-0.00115
162.09	-0.00119
162.1	-0.00123
162.11	-0.00126
162.12	-0.0013
162.13	-0.00134
162.14	-0.00137
162.15	-0.00141
162.16	-0.00145
162.17	-0.00148
162.18	-0.00152
162.19	-0.00156
162.2	-0.00159
162.21	-0.00163
162.22	-0.00167
162.23	-0.0017
162.24	-0.00174
162.25	-0.00177
162.26	-0.00181
162.27	-0.00184
162.28	-0.00188
162.29	-0.00191
162.3	-0.00195
162.31	-0.00198
162.32	-0.00201
162.33	-0.00205
162.34	-0.00208
162.35	-0.00211
162.36	-0.00215
162.37	-0.00218
162.38	-0.00221
162.39	-0.00224
162.4	-0.00228
162.41	-0.00231
162.42	-0.00234
162.43	-0.00237
162.44	-0.0024
162.45	-0.00243
162.46	-0.00247
162.47	-0.0025
162.48	-0.00253
162.49	-0.00256
162.5	-0.00259
162.51	-0.00261
162.52	-0.00264
162.53	-0.00267
162.54	-0.0027
162.55	-0.00273
162.56	-0.00276
162.57	-0.00279
162.58	-0.00281
162.59	-0.00284
162.6	-0.00287
162.61	-0.00289
162.62	-0.00292
162.63	-0.00295
162.64	-0.00297
162.65	-0.003
162.66	-0.00302
162.67	-0.00305
162.68	-0.00307
162.69	-0.0031
162.7	-0.00312
162.71	-0.00314
162.72	-0.00317
162.73	-0.00319
162.74	-0.00321
162.75	-0.00324
162.76	-0.00326
162.77	-0.00328
162.78	-0.0033
162.79	-0.00332
162.8	-0.00334
162.81	-0.00336
162.82	-0.00338
162.83	-0.0034
162.84	-0.00342
162.85	-0.00344
162.86	-0.00346
162.87	-0.00348
162.88	-0.0035
162.89	-0.00351
162.9	-0.00353
162.91	-0.00355
162.92	-0.00356
162.93	-0.00358
162.94	-0.0036
162.95	-0.00361
162.96	-0.00363
162.97	-0.00364
162.98	-0.00366
162.99	-0.00367
163	-0.00368
163.01	-0.0037
163.02	-0.00371
163.03	-0.00372
163.04	-0.00373
163.05	-0.00375
163.06	-0.00376
163.07	-0.00377
163.08	-0.00378
163.09	-0.00379
163.1	-0.0038
163.11	-0.00381
163.12	-0.00382
163.13	-0.00383
163.14	-0.00384
163.15	-0.00384
163.16	-0.00385
163.17	-0.00386
163.18	-0.00387
163.19	-0.00387
163.2	-0.00388
163.21	-0.00388
163.22	-0.00389
163.23	-0.00389
163.24	-0.0039
163.25	-0.0039
163.26	-0.00391
163.27	-0.00391
163.28	-0.00391
163.29	-0.00391
163.3	-0.00392
163.31	-0.00392
163.32	-0.00392
163.33	-0.00392
163.34	-0.00392
163.35	-0.00392
163.36	-0.00392
163.37	-0.00392
163.38	-0.00392
163.39	-0.00392
163.4	-0.00392
163.41	-0.00391
163.42	-0.00391
163.43	-0.00391
163.44	-0.00391
163.45	-0.0039
163.46	-0.0039
163.47	-0.00389
163.48	-0.00389
163.49	-0.00388
163.5	-0.00388
163.51	-0.00387
163.52	-0.00386
163.53	-0.00386
163.54	-0.00385
163.55	-0.00384
163.56	-0.00383
163.57	-0.00383
163.58	-0.00382
163.59	-0.00381
163.6	-0.0038
163.61	-0.00379
163.62	-0.00378
163.63	-0.00377
163.64	-0.00376
163.65	-0.00375
163.66	-0.00373
163.67	-0.00372
163.68	-0.00371
163.69	-0.0037
163.7	-0.00368
163.71	-0.00367
163.72	-0.00366
163.73	-0.00364
163.74	-0.00363
163.75	-0.00361
163.76	-0.0036
163.77	-0.00358
163.78	-0.00356
163.79	-0.00355
163.8	-0.00353
163.81	-0.00351
163.82	-0.0035
163.83	-0.00348
163.84	-0.00346
163.85	-0.00344
163.86	-0.00342
163.87	-0.0034
163.88	-0.00338
163.89	-0.00336
163.9	-0.00334
163.91	-0.00332
163.92	-0.0033
163.93	-0.00328
163.94	-0.00326
163.95	-0.00324
163.96	-0.00322
163.97	-0.00319
163.98	-0.00317
163.99	-0.00315
164	-0.00312
164.01	-0.0031
164.02	-0.00308
164.03	-0.00305
164.04	-0.00303
164.05	-0.003
164.06	-0.00298
164.07	-0.00295
164.08	-0.00292
164.09	-0.0029
164.1	-0.00287
164.11	-0.00285
164.12	-0.00282
164.13	-0.00279
164.14	-0.00276
164.15	-0.00274
164.16	-0.00271
164.17	-0.00268
164.18	-0.00265
164.19	-0.00262
164.2	-0.00259
164.21	-0.00256
164.22	-0.00253
164.23	-0.0025
164.24	-0.00247
164.25	-0.00244
164.26	-0.00241
164.27	-0.00238
164.28	-0.00235
164.29	-0.00232
164.3	-0.00229
164.31	-0.00226
164.32	-0.00222
164.33	-0.00219
164.34	-0.00216
164.35	-0.00213
164.36	-0.00209
164.37	-0.00206
164.38	-0.00203
164.39	-0.00199
164.4	-0.00196
164.41	-0.00193
164.42	-0.00189
164.43	-0.00186
164.44	-0.00182
164.45	-0.00179
164.46	-0.00175
164.47	-0.00172
164.48	-0.00168
164.49	-0.00165
164.5	-0.00161
164.51	-0.00158
164.52	-0.00154
164.53	-0.00151
164.54	-0.00147
164.55	-0.00143
164.56	-0.0014
164.57	-0.00136
164.58	-0.00132
164.59	-0.00129
164.6	-0.00125
164.61	-0.00121
164.62	-0.00118
164.63	-0.00114
164.64	-0.0011
164.65	-0.00106
164.66	-0.00103
164.67	-9.89311E-4
164.68	-9.51635E-4
164.69	-9.13868E-4
164.7	-8.76014E-4
164.71	-8.38075E-4
164.72	-8.00054E-4
164.73	-7.61955E-4
164.74	-7.23781E-4
164.75	-6.85535E-4
164.76	-6.47223E-4
164.77	-6.08848E-4
164.78	-5.70414E-4
164.79	-5.31926E-4
164.8	-4.93389E-4
164.81	-4.54808E-4
164.82	-4.16187E-4
164.83	-3.77532E-4
164.84	-3.38846E-4
164.85	-3.00135E-4
164.86	-2.61402E-4
164.87	-2.22653E-4
164.88	-1.83889E-4
164.89	-1.45117E-4
164.9	-1.06337E-4
164.91	-6.75549E-5
164.92	-2.87725E-5
164.93	1.00071E-5
164.94	4.87809E-5
164.95	8.75459E-5
164.96	1.26299E-4
164.97	1.65038E-4
164.98	2.03758E-4
164.99	2.42456E-4
165	2.81129E-4
165.01	3.19773E-4
165.02	3.58383E-4
165.03	3.96954E-4
165.04	4.35483E-4
165.05	4.73965E-4
165.06	5.12395E-4
165.07	5.50767E-4
165.08	5.89078E-4
165.09	6.27323E-4
165.1	6.65496E-4
165.11	7.03595E-4
165.12	7.41615E-4
165.13	7.79551E-4
165.14	8.17402E-4
165.15	8.55162E-4
165.16	8.9283E-4
165.17	9.30401E-4
165.18	9.67875E-4
165.19	0.00101
165.2	0.00104
165.21	0.00108
165.22	0.00112
165.23	0.00115
165.24	0.00119
165.25	0.00123
165.26	0.00126
165.27	0.0013
165.28	0.00134
165.29	0.00137
165.3	0.00141
165.31	0.00144
165.32	0.00148
165.33	0.00152
165.34	0.00155
165.35	0.00159
165.36	0.00162
165.37	0.00166
165.38	0.00169
165.39	0.00173
165.4	0.00176
165.41	0.00179
165.42	0.00183
165.43	0.00186
165.44	0.0019
165.45	0.00193
165.46	0.00196
165.47	0.002
165.48	0.00203
165.49	0.00206
165.5	0.00209
165.51	0.00213
165.52	0.00216
165.53	0.00219
165.54	0.00222
165.55	0.00225
165.56	0.00228
165.57	0.00232
165.58	0.00235
165.59	0.00238
165.6	0.00241
165.61	0.00244
165.62	0.00247
165.63	0.0025
165.64	0.00252
165.65	0.00255
165.66	0.00258
165.67	0.00261
165.68	0.00264
165.69	0.00267
165.7	0.00269
165.71	0.00272
165.72	0.00275
165.73	0.00278
165.74	0.0028
165.75	0.00283
165.76	0.00285
165.77	0.00288
165.78	0.00291
165.79	0.00293
165.8	0.00295
165.81	0.00298
165.82	0.003
165.83	0.00303
165.84	0.00305
165.85	0.00307
165.86	0.0031
165.87	0.00312
165.88	0.00314
165.89	0.00316
165.9	0.00319
165.91	0.00321
165.92	0.00323
165.93	0.00325
165.94	0.00327
165.95	0.00329
165.96	0.00331
165.97	0.00333
165.98	0.00335
165.99	0.00337
166	0.00338
166.01	0.0034
166.02	0.00342
166.03	0.00344
166.04	0.00345
166.05	0.00347
166.06	0.00349
166.07	0.0035
166.08	0.00352
166.09	0.00353
166.1	0.00355
166.11	0.00356
166.12	0.00358
166.13	0.00359
166.14	0.00361
166.15	0.00362
166.16	0.00363
166.17	0.00364
166.18	0.00366
166.19	0.00367
166.2	0.00368
166.21	0.00369
166.22	0.0037
166.23	0.00371
166.24	0.00372
166.25	0.00373
166.26	0.00374
166.27	0.00375
166.28	0.00375
166.29	0.00376
166.3	0.00377
166.31	0.00378
166.32	0.00378
166.33	0.00379
166.34	0.0038
166.35	0.0038
166.36	0.00381
166.37	0.00381
166.38	0.00382
166.39	0.00382
166.4	0.00382
166.41	0.00383
166.42	0.00383
166.43	0.00383
166.44	0.00384
166.45	0.00384
166.46	0.00384
166.47	0.00384
166.48	0.00384
166.49	0.00384
166.5	0.00384
166.51	0.00384
166.52	0.00384
166.53	0.00384
166.54	0.00384
166.55	0.00383
166.56	0.00383
166.57	0.00383
166.58	0.00383
166.59	0.00382
166.6	0.00382
166.61	0.00381
166.62	0.00381
166.63	0.0038
166.64	0.0038
166.65	0.00379
166.66	0.00379
166.67	0.00378
166.68	0.00377
166.69	0.00377
166.7	0.00376
166.71	0.00375
166.72	0.00374
166.73	0.00373
166.74	0.00372
166.75	0.00371
166.76	0.0037
166.77	0.00369
166.78	0.00368
166.79	0.00367
166.8	0.00366
166.81	0.00365
166.82	0.00364
166.83	0.00362
166.84	0.00361
166.85	0.0036
166.86	0.00358
166.87	0.00357
166.88	0.00356
166.89	0.00354
166.9	0.00353
166.91	0.00351
166.92	0.0035
166.93	0.00348
166.94	0.00346
166.95	0.00345
166.96	0.00343
166.97	0.00341
166.98	0.00339
166.99	0.00338
167	0.00336
167.01	0.00334
167.02	0.00332
167.03	0.0033
167.04	0.00328
167.05	0.00326
167.06	0.00324
167.07	0.00322
167.08	0.0032
167.09	0.00318
167.1	0.00316
167.11	0.00313
167.12	0.00311
167.13	0.00309
167.14	0.00307
167.15	0.00304
167.16	0.00302
167.17	0.00299
167.18	0.00297
167.19	0.00295
167.2	0.00292
167.21	0.0029
167.22	0.00287
167.23	0.00285
167.24	0.00282
167.25	0.00279
167.26	0.00277
167.27	0.00274
167.28	0.00271
167.29	0.00269
167.3	0.00266
167.31	0.00263
167.32	0.0026
167.33	0.00258
167.34	0.00255
167.35	0.00252
167.36	0.00249
167.37	0.00246
167.38	0.00243
167.39	0.0024
167.4	0.00237
167.41	0.00234
167.42	0.00231
167.43	0.00228
167.44	0.00225
167.45	0.00222
167.46	0.00219
167.47	0.00215
167.48	0.00212
167.49	0.00209
167.5	0.00206
167.51	0.00203
167.52	0.00199
167.53	0.00196
167.54	0.00193
167.55	0.00189
167.56	0.00186
167.57	0.00183
167.58	0.00179
167.59	0.00176
167.6	0.00173
167.61	0.00169
167.62	0.00166
167.63	0.00162
167.64	0.00159
167.65	0.00155
167.66	0.00152
167.67	0.00148
167.68	0.00145
167.69	0.00141
167.7	0.00138
167.71	0.00134
167.72	0.00131
167.73	0.00127
167.74	0.00123
167.75	0.0012
167.76	0.00116
167.77	0.00112
167.78	0.00109
167.79	0.00105
167.8	0.00102
167.81	9.78273E-4
167.82	9.41379E-4
167.83	9.04395E-4
167.84	8.67325E-4
167.85	8.3017E-4
167.86	7.92935E-4
167.87	7.55621E-4
167.88	7.18234E-4
167.89	6.80775E-4
167.9	6.4325E-4
167.91	6.05661E-4
167.92	5.68015E-4
167.93	5.30314E-4
167.94	4.92564E-4
167.95	4.54769E-4
167.96	4.16934E-4
167.97	3.79064E-4
167.98	3.41163E-4
167.99	3.03236E-4
168	2.65287E-4
168.01	2.2732E-4
168.02	1.89338E-4
168.03	1.51347E-4
168.04	1.13348E-4
168.05	7.53446E-5
168.06	3.73405E-5
168.07	-6.61648E-7
168.08	-3.8659E-5
168.09	-7.66488E-5
168.1	-1.14628E-4
168.11	-1.52594E-4
168.12	-1.90542E-4
168.13	-2.28471E-4
168.14	-2.66375E-4
168.15	-3.04252E-4
168.16	-3.42097E-4
168.17	-3.79906E-4
168.18	-4.17674E-4
168.19	-4.55397E-4
168.2	-4.9307E-4
168.21	-5.30688E-4
168.22	-5.68248E-4
168.23	-6.05743E-4
168.24	-6.4317E-4
168.25	-6.80525E-4
168.26	-7.17803E-4
168.27	-7.55001E-4
168.28	-7.92115E-4
168.29	-8.29143E-4
168.3	-8.6608E-4
168.31	-9.02924E-4
168.32	-9.39672E-4
168.33	-9.76322E-4
168.34	-0.00101
168.35	-0.00105
168.36	-0.00109
168.37	-0.00112
168.38	-0.00116
168.39	-0.00119
168.4	-0.00123
168.41	-0.00127
168.42	-0.0013
168.43	-0.00134
168.44	-0.00137
168.45	-0.00141
168.46	-0.00144
168.47	-0.00148
168.48	-0.00151
168.49	-0.00155
168.5	-0.00158
168.51	-0.00162
168.52	-0.00165
168.53	-0.00168
168.54	-0.00172
168.55	-0.00175
168.56	-0.00178
168.57	-0.00182
168.58	-0.00185
168.59	-0.00188
168.6	-0.00192
168.61	-0.00195
168.62	-0.00198
168.63	-0.00201
168.64	-0.00204
168.65	-0.00208
168.66	-0.00211
168.67	-0.00214
168.68	-0.00217
168.69	-0.0022
168.7	-0.00223
168.71	-0.00226
168.72	-0.00229
168.73	-0.00232
168.74	-0.00235
168.75	-0.00238
168.76	-0.00241
168.77	-0.00244
168.78	-0.00247
168.79	-0.0025
168.8	-0.00252
168.81	-0.00255
168.82	-0.00258
168.83	-0.00261
168.84	-0.00263
168.85	-0.00266
168.86	-0.00269
168.87	-0.00271
168.88	-0.00274
168.89	-0.00277
168.9	-0.00279
168.91	-0.00282
168.92	-0.00284
168.93	-0.00287
168.94	-0.00289
168.95	-0.00291
168.96	-0.00294
168.97	-0.00296
168.98	-0.00298
168.99	-0.00301
169	-0.00303
169.01	-0.00305
169.02	-0.00307
169.03	-0.0031
169.04	-0.00312
169.05	-0.00314
169.06	-0.00316
169.07	-0.00318
169.08	-0.0032
169.09	-0.00322
169.1	-0.00324
169.11	-0.00326
169.12	-0.00328
169.13	-0.00329
169.14	-0.00331
169.15	-0.00333
169.16	-0.00335
169.17	-0.00337
169.18	-0.00338
169.19	-0.0034
169.2	-0.00341
169.21	-0.00343
169.22	-0.00345
169.23	-0.00346
169.24	-0.00348
169.25	-0.00349
169.26	-0.0035
169.27	-0.00352
169.28	-0.00353
169.29	-0.00354
169.3	-0.00356
169.31	-0.00357
169.32	-0.00358
169.33	-0.00359
169.34	-0.0036
169.35	-0.00361
169.36	-0.00362
169.37	-0.00363
169.38	-0.00364
169.39	-0.00365
169.4	-0.00366
169.41	-0.00367
169.42	-0.00368
169.43	-0.00369
169.44	-0.00369
169.45	-0.0037
169.46	-0.00371
169.47	-0.00371
169.48	-0.00372
169.49	-0.00373
169.5	-0.00373
169.51	-0.00374
169.52	-0.00374
169.53	-0.00374
169.54	-0.00375
169.55	-0.00375
169.56	-0.00375
169.57	-0.00376
169.58	-0.00376
169.59	-0.00376
169.6	-0.00376
169.61	-0.00376
169.62	-0.00376
169.63	-0.00376
169.64	-0.00376
169.65	-0.00376
169.66	-0.00376
169.67	-0.00376
169.68	-0.00376
169.69	-0.00376
169.7	-0.00376
169.71	-0.00375
169.72	-0.00375
169.73	-0.00375
169.74	-0.00374
169.75	-0.00374
169.76	-0.00374
169.77	-0.00373
169.78	-0.00373
169.79	-0.00372
169.8	-0.00371
169.81	-0.00371
169.82	-0.0037
169.83	-0.00369
169.84	-0.00369
169.85	-0.00368
169.86	-0.00367
169.87	-0.00366
169.88	-0.00365
169.89	-0.00364
169.9	-0.00363
169.91	-0.00362
169.92	-0.00361
169.93	-0.0036
169.94	-0.00359
169.95	-0.00358
169.96	-0.00357
169.97	-0.00356
169.98	-0.00354
169.99	-0.00353
170	-0.00352
170.01	-0.0035
170.02	-0.00349
170.03	-0.00348
170.04	-0.00346
170.05	-0.00345
170.06	-0.00343
170.07	-0.00341
170.08	-0.0034
170.09	-0.00338
170.1	-0.00337
170.11	-0.00335
170.12	-0.00333
170.13	-0.00331
170.14	-0.0033
170.15	-0.00328
170.16	-0.00326
170.17	-0.00324
170.18	-0.00322
170.19	-0.0032
170.2	-0.00318
170.21	-0.00316
170.22	-0.00314
170.23	-0.00312
170.24	-0.0031
170.25	-0.00308
170.26	-0.00305
170.27	-0.00303
170.28	-0.00301
170.29	-0.00299
170.3	-0.00296
170.31	-0.00294
170.32	-0.00292
170.33	-0.00289
170.34	-0.00287
170.35	-0.00285
170.36	-0.00282
170.37	-0.0028
170.38	-0.00277
170.39	-0.00274
170.4	-0.00272
170.41	-0.00269
170.42	-0.00267
170.43	-0.00264
170.44	-0.00261
170.45	-0.00259
170.46	-0.00256
170.47	-0.00253
170.48	-0.0025
170.49	-0.00247
170.5	-0.00245
170.51	-0.00242
170.52	-0.00239
170.53	-0.00236
170.54	-0.00233
170.55	-0.0023
170.56	-0.00227
170.57	-0.00224
170.58	-0.00221
170.59	-0.00218
170.6	-0.00215
170.61	-0.00212
170.62	-0.00209
170.63	-0.00206
170.64	-0.00203
170.65	-0.00199
170.66	-0.00196
170.67	-0.00193
170.68	-0.0019
170.69	-0.00186
170.7	-0.00183
170.71	-0.0018
170.72	-0.00177
170.73	-0.00173
170.74	-0.0017
170.75	-0.00167
170.76	-0.00163
170.77	-0.0016
170.78	-0.00157
170.79	-0.00153
170.8	-0.0015
170.81	-0.00146
170.82	-0.00143
170.83	-0.00139
170.84	-0.00136
170.85	-0.00132
170.86	-0.00129
170.87	-0.00125
170.88	-0.00122
170.89	-0.00118
170.9	-0.00115
170.91	-0.00111
170.92	-0.00108
170.93	-0.00104
170.94	-0.001
170.95	-9.67369E-4
170.96	-9.31217E-4
170.97	-8.94976E-4
170.98	-8.5865E-4
170.99	-8.2224E-4
171	-7.8575E-4
171.01	-7.49183E-4
171.02	-7.12541E-4
171.03	-6.7583E-4
171.04	-6.39052E-4
171.05	-6.02211E-4
171.06	-5.65312E-4
171.07	-5.28358E-4
171.08	-4.91355E-4
171.09	-4.54308E-4
171.1	-4.17219E-4
171.11	-3.80096E-4
171.12	-3.4294E-4
171.13	-3.05759E-4
171.14	-2.68554E-4
171.15	-2.31331E-4
171.16	-1.94093E-4
171.17	-1.56844E-4
171.18	-1.19586E-4
171.19	-8.23242E-5
171.2	-4.50603E-5
171.21	-7.79742E-6
171.22	2.94616E-5
171.23	6.6714E-5
171.24	1.03957E-4
171.25	1.41187E-4
171.26	1.78402E-4
171.27	2.15598E-4
171.28	2.52771E-4
171.29	2.89918E-4
171.3	3.27035E-4
171.31	3.64118E-4
171.32	4.01162E-4
171.33	4.38162E-4
171.34	4.75115E-4
171.35	5.12015E-4
171.36	5.48859E-4
171.37	5.8564E-4
171.38	6.22356E-4
171.39	6.59002E-4
171.4	6.95574E-4
171.41	7.32069E-4
171.42	7.68482E-4
171.43	8.0481E-4
171.44	8.41051E-4
171.45	8.77202E-4
171.46	9.13259E-4
171.47	9.49221E-4
171.48	9.85084E-4
171.49	0.00102
171.5	0.00106
171.51	0.00109
171.52	0.00113
171.53	0.00116
171.54	0.0012
171.55	0.00123
171.56	0.00127
171.57	0.0013
171.58	0.00134
171.59	0.00137
171.6	0.00141
171.61	0.00144
171.62	0.00148
171.63	0.00151
171.64	0.00154
171.65	0.00158
171.66	0.00161
171.67	0.00164
171.68	0.00168
171.69	0.00171
171.7	0.00174
171.71	0.00177
171.72	0.00181
171.73	0.00184
171.74	0.00187
171.75	0.0019
171.76	0.00194
171.77	0.00197
171.78	0.002
171.79	0.00203
171.8	0.00206
171.81	0.00209
171.82	0.00212
171.83	0.00215
171.84	0.00218
171.85	0.00221
171.86	0.00224
171.87	0.00227
171.88	0.0023
171.89	0.00233
171.9	0.00236
171.91	0.00239
171.92	0.00241
171.93	0.00244
171.94	0.00247
171.95	0.0025
171.96	0.00252
171.97	0.00255
171.98	0.00258
171.99	0.0026
172	0.00263
172.01	0.00266
172.02	0.00268
172.03	0.00271
172.04	0.00273
172.05	0.00276
172.06	0.00278
172.07	0.00281
172.08	0.00283
172.09	0.00285
172.1	0.00288
172.11	0.0029
172.12	0.00292
172.13	0.00294
172.14	0.00297
172.15	0.00299
172.16	0.00301
172.17	0.00303
172.18	0.00305
172.19	0.00307
172.2	0.00309
172.21	0.00311
172.22	0.00313
172.23	0.00315
172.24	0.00317
172.25	0.00319
172.26	0.00321
172.27	0.00323
172.28	0.00324
172.29	0.00326
172.3	0.00328
172.31	0.0033
172.32	0.00331
172.33	0.00333
172.34	0.00334
172.35	0.00336
172.36	0.00338
172.37	0.00339
172.38	0.0034
172.39	0.00342
172.4	0.00343
172.41	0.00345
172.42	0.00346
172.43	0.00347
172.44	0.00348
172.45	0.0035
172.46	0.00351
172.47	0.00352
172.48	0.00353
172.49	0.00354
172.5	0.00355
172.51	0.00356
172.52	0.00357
172.53	0.00358
172.54	0.00359
172.55	0.0036
172.56	0.00361
172.57	0.00361
172.58	0.00362
172.59	0.00363
172.6	0.00363
172.61	0.00364
172.62	0.00365
172.63	0.00365
172.64	0.00366
172.65	0.00366
172.66	0.00367
172.67	0.00367
172.68	0.00368
172.69	0.00368
172.7	0.00368
172.71	0.00368
172.72	0.00369
172.73	0.00369
172.74	0.00369
172.75	0.00369
172.76	0.00369
172.77	0.00369
172.78	0.00369
172.79	0.00369
172.8	0.00369
172.81	0.00369
172.82	0.00369
172.83	0.00369
172.84	0.00369
172.85	0.00368
172.86	0.00368
172.87	0.00368
172.88	0.00367
172.89	0.00367
172.9	0.00366
172.91	0.00366
172.92	0.00365
172.93	0.00365
172.94	0.00364
172.95	0.00364
172.96	0.00363
172.97	0.00362
172.98	0.00362
172.99	0.00361
173	0.0036
173.01	0.00359
173.02	0.00358
173.03	0.00358
173.04	0.00357
173.05	0.00356
173.06	0.00355
173.07	0.00354
173.08	0.00352
173.09	0.00351
173.1	0.0035
173.11	0.00349
173.12	0.00348
173.13	0.00347
173.14	0.00345
173.15	0.00344
173.16	0.00343
173.17	0.00341
173.18	0.0034
173.19	0.00338
173.2	0.00337
173.21	0.00335
173.22	0.00334
173.23	0.00332
173.24	0.0033
173.25	0.00329
173.26	0.00327
173.27	0.00325
173.28	0.00324
173.29	0.00322
173.3	0.0032
173.31	0.00318
173.32	0.00316
173.33	0.00314
173.34	0.00312
173.35	0.0031
173.36	0.00308
173.37	0.00306
173.38	0.00304
173.39	0.00302
173.4	0.003
173.41	0.00298
173.42	0.00296
173.43	0.00294
173.44	0.00291
173.45	0.00289
173.46	0.00287
173.47	0.00284
173.48	0.00282
173.49	0.0028
173.5	0.00277
173.51	0.00275
173.52	0.00272
173.53	0.0027
173.54	0.00267
173.55	0.00265
173.56	0.00262
173.57	0.0026
173.58	0.00257
173.59	0.00254
173.6	0.00252
173.61	0.00249
173.62	0.00246
173.63	0.00243
173.64	0.00241
173.65	0.00238
173.66	0.00235
173.67	0.00232
173.68	0.00229
173.69	0.00226
173.7	0.00223
173.71	0.0022
173.72	0.00218
173.73	0.00215
173.74	0.00212
173.75	0.00209
173.76	0.00205
173.77	0.00202
173.78	0.00199
173.79	0.00196
173.8	0.00193
173.81	0.0019
173.82	0.00187
173.83	0.00184
173.84	0.0018
173.85	0.00177
173.86	0.00174
173.87	0.00171
173.88	0.00167
173.89	0.00164
173.9	0.00161
173.91	0.00158
173.92	0.00154
173.93	0.00151
173.94	0.00148
173.95	0.00144
173.96	0.00141
173.97	0.00137
173.98	0.00134
173.99	0.00131
174	0.00127
174.01	0.00124
174.02	0.0012
174.03	0.00117
174.04	0.00113
174.05	0.0011
174.06	0.00106
174.07	0.00103
174.08	9.91982E-4
174.09	9.56628E-4
174.1	9.21184E-4
174.11	8.85651E-4
174.12	8.50034E-4
174.13	8.14334E-4
174.14	7.78555E-4
174.15	7.42699E-4
174.16	7.06769E-4
174.17	6.7077E-4
174.18	6.34705E-4
174.19	5.98577E-4
174.2	5.62391E-4
174.21	5.2615E-4
174.22	4.8986E-4
174.23	4.53525E-4
174.24	4.1715E-4
174.25	3.80738E-4
174.26	3.44294E-4
174.27	3.07823E-4
174.28	2.7133E-4
174.29	2.34816E-4
174.3	1.98288E-4
174.31	1.61747E-4
174.32	1.25198E-4
174.33	8.86435E-5
174.34	5.20862E-5
174.35	1.55292E-5
174.36	-2.10247E-5
174.37	-5.75729E-5
174.38	-9.41126E-5
174.39	-1.30641E-4
174.4	-1.67154E-4
174.41	-2.0365E-4
174.42	-2.40125E-4
174.43	-2.76575E-4
174.44	-3.12996E-4
174.45	-3.49385E-4
174.46	-3.85737E-4
174.47	-4.22047E-4
174.48	-4.58311E-4
174.49	-4.94525E-4
174.5	-5.30684E-4
174.51	-5.66784E-4
174.52	-6.0282E-4
174.53	-6.38788E-4
174.54	-6.74685E-4
174.55	-7.10506E-4
174.56	-7.46249E-4
174.57	-7.81909E-4
174.58	-8.17485E-4
174.59	-8.52972E-4
174.6	-8.88368E-4
174.61	-9.23672E-4
174.62	-9.58879E-4
174.63	-9.93988E-4
174.64	-0.00103
174.65	-0.00106
174.66	-0.0011
174.67	-0.00113
174.68	-0.00117
174.69	-0.0012
174.7	-0.00124
174.71	-0.00127
174.72	-0.00131
174.73	-0.00134
174.74	-0.00137
174.75	-0.00141
174.76	-0.00144
174.77	-0.00147
174.78	-0.00151
174.79	-0.00154
174.8	-0.00157
174.81	-0.00161
174.82	-0.00164
174.83	-0.00167
174.84	-0.0017
174.85	-0.00173
174.86	-0.00177
174.87	-0.0018
174.88	-0.00183
174.89	-0.00186
174.9	-0.00189
174.91	-0.00192
174.92	-0.00195
174.93	-0.00198
174.94	-0.00201
174.95	-0.00204
174.96	-0.00207
174.97	-0.0021
174.98	-0.00213
174.99	-0.00216
175	-0.00219
175.01	-0.00222
175.02	-0.00225
175.03	-0.00228
175.04	-0.00231
175.05	-0.00233
175.06	-0.00236
175.07	-0.00239
175.08	-0.00242
175.09	-0.00244
175.1	-0.00247
175.11	-0.0025
175.12	-0.00252
175.13	-0.00255
175.14	-0.00257
175.15	-0.0026
175.16	-0.00263
175.17	-0.00265
175.18	-0.00267
175.19	-0.0027
175.2	-0.00272
175.21	-0.00275
175.22	-0.00277
175.23	-0.00279
175.24	-0.00282
175.25	-0.00284
175.26	-0.00286
175.27	-0.00288
175.28	-0.00291
175.29	-0.00293
175.3	-0.00295
175.31	-0.00297
175.32	-0.00299
175.33	-0.00301
175.34	-0.00303
175.35	-0.00305
175.36	-0.00307
175.37	-0.00309
175.38	-0.00311
175.39	-0.00313
175.4	-0.00314
175.41	-0.00316
175.42	-0.00318
175.43	-0.0032
175.44	-0.00321
175.45	-0.00323
175.46	-0.00325
175.47	-0.00326
175.48	-0.00328
175.49	-0.00329
175.5	-0.00331
175.51	-0.00332
175.52	-0.00334
175.53	-0.00335
175.54	-0.00337
175.55	-0.00338
175.56	-0.00339
175.57	-0.0034
175.58	-0.00342
175.59	-0.00343
175.6	-0.00344
175.61	-0.00345
175.62	-0.00346
175.63	-0.00347
175.64	-0.00348
175.65	-0.00349
175.66	-0.0035
175.67	-0.00351
175.68	-0.00352
175.69	-0.00353
175.7	-0.00354
175.71	-0.00354
175.72	-0.00355
175.73	-0.00356
175.74	-0.00357
175.75	-0.00357
175.76	-0.00358
175.77	-0.00358
175.78	-0.00359
175.79	-0.00359
175.8	-0.0036
175.81	-0.0036
175.82	-0.00361
175.83	-0.00361
175.84	-0.00361
175.85	-0.00361
175.86	-0.00362
175.87	-0.00362
175.88	-0.00362
175.89	-0.00362
175.9	-0.00362
175.91	-0.00362
175.92	-0.00362
175.93	-0.00362
175.94	-0.00362
175.95	-0.00362
175.96	-0.00362
175.97	-0.00362
175.98	-0.00362
175.99	-0.00361
176	-0.00361
176.01	-0.00361
176.02	-0.00361
176.03	-0.0036
176.04	-0.0036
176.05	-0.00359
176.06	-0.00359
176.07	-0.00358
176.08	-0.00358
176.09	-0.00357
176.1	-0.00356
176.11	-0.00356
176.12	-0.00355
176.13	-0.00354
176.14	-0.00354
176.15	-0.00353
176.16	-0.00352
176.17	-0.00351
176.18	-0.0035
176.19	-0.00349
176.2	-0.00348
176.21	-0.00347
176.22	-0.00346
176.23	-0.00345
176.24	-0.00344
176.25	-0.00343
176.26	-0.00342
176.27	-0.0034
176.28	-0.00339
176.29	-0.00338
176.3	-0.00336
176.31	-0.00335
176.32	-0.00334
176.33	-0.00332
176.34	-0.00331
176.35	-0.00329
176.36	-0.00328
176.37	-0.00326
176.38	-0.00325
176.39	-0.00323
176.4	-0.00321
176.41	-0.0032
176.42	-0.00318
176.43	-0.00316
176.44	-0.00314
176.45	-0.00313
176.46	-0.00311
176.47	-0.00309
176.48	-0.00307
176.49	-0.00305
176.5	-0.00303
176.51	-0.00301
176.52	-0.00299
176.53	-0.00297
176.54	-0.00295
176.55	-0.00293
176.56	-0.00291
176.57	-0.00289
176.58	-0.00286
176.59	-0.00284
176.6	-0.00282
176.61	-0.0028
176.62	-0.00277
176.63	-0.00275
176.64	-0.00273
176.65	-0.0027
176.66	-0.00268
176.67	-0.00265
176.68	-0.00263
176.69	-0.0026
176.7	-0.00258
176.71	-0.00255
176.72	-0.00253
176.73	-0.0025
176.74	-0.00247
176.75	-0.00245
176.76	-0.00242
176.77	-0.00239
176.78	-0.00237
176.79	-0.00234
176.8	-0.00231
176.81	-0.00228
176.82	-0.00226
176.83	-0.00223
176.84	-0.0022
176.85	-0.00217
176.86	-0.00214
176.87	-0.00211
176.88	-0.00208
176.89	-0.00205
176.9	-0.00202
176.91	-0.00199
176.92	-0.00196
176.93	-0.00193
176.94	-0.0019
176.95	-0.00187
176.96	-0.00184
176.97	-0.00181
176.98	-0.00178
176.99	-0.00175
177	-0.00171
177.01	-0.00168
177.02	-0.00165
177.03	-0.00162
177.04	-0.00159
177.05	-0.00155
177.06	-0.00152
177.07	-0.00149
177.08	-0.00146
177.09	-0.00142
177.1	-0.00139
177.11	-0.00136
177.12	-0.00132
177.13	-0.00129
177.14	-0.00125
177.15	-0.00122
177.16	-0.00119
177.17	-0.00115
177.18	-0.00112
177.19	-0.00108
177.2	-0.00105
177.21	-0.00102
177.22	-9.80758E-4
177.23	-9.46079E-4
177.24	-9.11311E-4
177.25	-8.76455E-4
177.26	-8.41516E-4
177.27	-8.06495E-4
177.28	-7.71396E-4
177.29	-7.3622E-4
177.3	-7.00972E-4
177.31	-6.65654E-4
177.32	-6.30271E-4
177.33	-5.94825E-4
177.34	-5.59321E-4
177.35	-5.23763E-4
177.36	-4.88155E-4
177.37	-4.52502E-4
177.38	-4.16809E-4
177.39	-3.81078E-4
177.4	-3.45316E-4
177.41	-3.09526E-4
177.42	-2.73712E-4
177.43	-2.37879E-4
177.44	-2.02029E-4
177.45	-1.66167E-4
177.46	-1.30296E-4
177.47	-9.4419E-5
177.48	-5.85384E-5
177.49	-2.26574E-5
177.5	1.32214E-5
177.51	4.90951E-5
177.52	8.49612E-5
177.53	1.20817E-4
177.54	1.56659E-4
177.55	1.92484E-4
177.56	2.2829E-4
177.57	2.64072E-4
177.58	2.99827E-4
177.59	3.3555E-4
177.6	3.71239E-4
177.61	4.06887E-4
177.62	4.42492E-4
177.63	4.78048E-4
177.64	5.13551E-4
177.65	5.48997E-4
177.66	5.84381E-4
177.67	6.197E-4
177.68	6.54949E-4
177.69	6.90125E-4
177.7	7.25225E-4
177.71	7.60244E-4
177.72	7.95181E-4
177.73	8.30032E-4
177.74	8.64795E-4
177.75	8.99467E-4
177.76	9.34045E-4
177.77	9.68528E-4
177.78	0.001
177.79	0.00104
177.8	0.00107
177.81	0.00111
177.82	0.00114
177.83	0.00117
177.84	0.00121
177.85	0.00124
177.86	0.00127
177.87	0.00131
177.88	0.00134
177.89	0.00137
177.9	0.00141
177.91	0.00144
177.92	0.00147
177.93	0.0015
177.94	0.00154
177.95	0.00157
177.96	0.0016
177.97	0.00163
177.98	0.00166
177.99	0.0017
178	0.00173
178.01	0.00176
178.02	0.00179
178.03	0.00182
178.04	0.00185
178.05	0.00188
178.06	0.00191
178.07	0.00194
178.08	0.00197
178.09	0.002
178.1	0.00203
178.11	0.00206
178.12	0.00209
178.13	0.00212
178.14	0.00215
178.15	0.00217
178.16	0.0022
178.17	0.00223
178.18	0.00226
178.19	0.00229
178.2	0.00231
178.21	0.00234
178.22	0.00237
178.23	0.00239
178.24	0.00242
178.25	0.00245
178.26	0.00247
178.27	0.0025
178.28	0.00252
178.29	0.00255
178.3	0.00257
178.31	0.0026
178.32	0.00262
178.33	0.00264
178.34	0.00267
178.35	0.00269
178.36	0.00272
178.37	0.00274
178.38	0.00276
178.39	0.00278
178.4	0.00281
178.41	0.00283
178.42	0.00285
178.43	0.00287
178.44	0.00289
178.45	0.00291
178.46	0.00293
178.47	0.00295
178.48	0.00297
178.49	0.00299
178.5	0.00301
178.51	0.00303
178.52	0.00305
178.53	0.00307
178.54	0.00308
178.55	0.0031
178.56	0.00312
178.57	0.00314
178.58	0.00315
178.59	0.00317
178.6	0.00318
178.61	0.0032
178.62	0.00322
178.63	0.00323
178.64	0.00325
178.65	0.00326
178.66	0.00327
178.67	0.00329
178.68	0.0033
178.69	0.00331
178.7	0.00333
178.71	0.00334
178.72	0.00335
178.73	0.00336
178.74	0.00337
178.75	0.00339
178.76	0.0034
178.77	0.00341
178.78	0.00342
178.79	0.00343
178.8	0.00344
178.81	0.00344
178.82	0.00345
178.83	0.00346
178.84	0.00347
178.85	0.00348
178.86	0.00348
178.87	0.00349
178.88	0.0035
178.89	0.0035
178.9	0.00351
178.91	0.00352
178.92	0.00352
178.93	0.00353
178.94	0.00353
178.95	0.00353
178.96	0.00354
178.97	0.00354
178.98	0.00355
178.99	0.00355
179	0.00355
179.01	0.00355
179.02	0.00355
179.03	0.00356
179.04	0.00356
179.05	0.00356
179.06	0.00356
179.07	0.00356
179.08	0.00356
179.09	0.00356
179.1	0.00355
179.11	0.00355
179.12	0.00355
179.13	0.00355
179.14	0.00355
179.15	0.00354
179.16	0.00354
179.17	0.00354
179.18	0.00353
179.19	0.00353
179.2	0.00352
179.21	0.00352
179.22	0.00351
179.23	0.00351
179.24	0.0035
179.25	0.00349
179.26	0.00349
179.27	0.00348
179.28	0.00347
179.29	0.00346
179.3	0.00346
179.31	0.00345
179.32	0.00344
179.33	0.00343
179.34	0.00342
179.35	0.00341
179.36	0.0034
179.37	0.00339
179.38	0.00338
179.39	0.00337
179.4	0.00336
179.41	0.00334
179.42	0.00333
179.43	0.00332
179.44	0.00331
179.45	0.00329
179.46	0.00328
179.47	0.00326
179.48	0.00325
179.49	0.00324
179.5	0.00322
179.51	0.00321
179.52	0.00319
179.53	0.00317
179.54	0.00316
179.55	0.00314
179.56	0.00313
179.57	0.00311
179.58	0.00309
179.59	0.00307
179.6	0.00305
179.61	0.00304
179.62	0.00302
179.63	0.003
179.64	0.00298
179.65	0.00296
179.66	0.00294
179.67	0.00292
179.68	0.0029
179.69	0.00288
179.7	0.00286
179.71	0.00284
179.72	0.00282
179.73	0.00279
179.74	0.00277
179.75	0.00275
179.76	0.00273
179.77	0.0027
179.78	0.00268
179.79	0.00266
179.8	0.00263
179.81	0.00261
179.82	0.00258
179.83	0.00256
179.84	0.00254
179.85	0.00251
179.86	0.00249
179.87	0.00246
179.88	0.00243
179.89	0.00241
179.9	0.00238
179.91	0.00236
179.92	0.00233
179.93	0.0023
179.94	0.00228
179.95	0.00225
179.96	0.00222
179.97	0.00219
179.98	0.00216
179.99	0.00214
180	0.00211
180.01	0.00208
180.02	0.00205
180.03	0.00202
180.04	0.00199
180.05	0.00196
180.06	0.00193
180.07	0.0019
180.08	0.00187
180.09	0.00184
180.1	0.00181
180.11	0.00178
180.12	0.00175
180.13	0.00172
180.14	0.00169
180.15	0.00166
180.16	0.00163
180.17	0.0016
180.18	0.00156
180.19	0.00153
180.2	0.0015
180.21	0.00147
180.22	0.00144
180.23	0.0014
180.24	0.00137
180.25	0.00134
180.26	0.0013
180.27	0.00127
180.28	0.00124
180.29	0.00121
180.3	0.00117
180.31	0.00114
180.32	0.0011
180.33	0.00107
180.34	0.00104
180.35	0.001
180.36	9.69773E-4
180.37	9.35742E-4
180.38	9.01622E-4
180.39	8.67416E-4
180.4	8.33127E-4
180.41	7.98757E-4
180.42	7.64309E-4
180.43	7.29786E-4
180.44	6.95191E-4
180.45	6.60527E-4
180.46	6.25798E-4
180.47	5.91006E-4
180.48	5.56156E-4
180.49	5.21253E-4
180.5	4.863E-4
180.51	4.51301E-4
180.52	4.16261E-4
180.53	3.81185E-4
180.54	3.46076E-4
180.55	3.10939E-4
180.56	2.75778E-4
180.57	2.40597E-4
180.58	2.054E-4
180.59	1.70189E-4
180.6	1.34968E-4
180.61	9.9741E-5
180.62	6.45098E-5
180.63	2.92776E-5
180.64	-5.9531E-6
180.65	-4.11795E-5
180.66	-7.63991E-5
180.67	-1.11609E-4
180.68	-1.46806E-4
180.69	-1.81988E-4
180.7	-2.17151E-4
180.71	-2.52292E-4
180.72	-2.87406E-4
180.73	-3.22491E-4
180.74	-3.57543E-4
180.75	-3.92556E-4
180.76	-4.27527E-4
180.77	-4.62451E-4
180.78	-4.97324E-4
180.79	-5.32142E-4
180.8	-5.669E-4
180.81	-6.01595E-4
180.82	-6.36222E-4
180.83	-6.70778E-4
180.84	-7.0526E-4
180.85	-7.39664E-4
180.86	-7.73987E-4
180.87	-8.08227E-4
180.88	-8.42381E-4
180.89	-8.76446E-4
180.9	-9.1042E-4
180.91	-9.443E-4
180.92	-9.78084E-4
180.93	-0.00101
180.94	-0.00105
180.95	-0.00108
180.96	-0.00111
180.97	-0.00115
180.98	-0.00118
180.99	-0.00121
181	-0.00124
181.01	-0.00128
181.02	-0.00131
181.03	-0.00134
181.04	-0.00137
181.05	-0.00141
181.06	-0.00144
181.07	-0.00147
181.08	-0.0015
181.09	-0.00153
181.1	-0.00157
181.11	-0.0016
181.12	-0.00163
181.13	-0.00166
181.14	-0.00169
181.15	-0.00172
181.16	-0.00175
181.17	-0.00178
181.18	-0.00181
181.19	-0.00184
181.2	-0.00187
181.21	-0.0019
181.22	-0.00193
181.23	-0.00196
181.24	-0.00199
181.25	-0.00202
181.26	-0.00205
181.27	-0.00207
181.28	-0.0021
181.29	-0.00213
181.3	-0.00216
181.31	-0.00218
181.32	-0.00221
181.33	-0.00224
181.34	-0.00227
181.35	-0.00229
181.36	-0.00232
181.37	-0.00234
181.38	-0.00237
181.39	-0.0024
181.4	-0.00242
181.41	-0.00245
181.42	-0.00247
181.43	-0.0025
181.44	-0.00252
181.45	-0.00254
181.46	-0.00257
181.47	-0.00259
181.48	-0.00262
181.49	-0.00264
181.5	-0.00266
181.51	-0.00268
181.52	-0.00271
181.53	-0.00273
181.54	-0.00275
181.55	-0.00277
181.56	-0.00279
181.57	-0.00281
181.58	-0.00283
181.59	-0.00285
181.6	-0.00287
181.61	-0.00289
181.62	-0.00291
181.63	-0.00293
181.64	-0.00295
181.65	-0.00297
181.66	-0.00299
181.67	-0.00301
181.68	-0.00302
181.69	-0.00304
181.7	-0.00306
181.71	-0.00308
181.72	-0.00309
181.73	-0.00311
181.74	-0.00312
181.75	-0.00314
181.76	-0.00315
181.77	-0.00317
181.78	-0.00318
181.79	-0.0032
181.8	-0.00321
181.81	-0.00323
181.82	-0.00324
181.83	-0.00325
181.84	-0.00326
181.85	-0.00328
181.86	-0.00329
181.87	-0.0033
181.88	-0.00331
181.89	-0.00332
181.9	-0.00333
181.91	-0.00334
181.92	-0.00335
181.93	-0.00336
181.94	-0.00337
181.95	-0.00338
181.96	-0.00339
181.97	-0.0034
181.98	-0.00341
181.99	-0.00341
182	-0.00342
182.01	-0.00343
182.02	-0.00343
182.03	-0.00344
182.04	-0.00345
182.05	-0.00345
182.06	-0.00346
182.07	-0.00346
182.08	-0.00347
182.09	-0.00347
182.1	-0.00347
182.11	-0.00348
182.12	-0.00348
182.13	-0.00348
182.14	-0.00349
182.15	-0.00349
182.16	-0.00349
182.17	-0.00349
182.18	-0.00349
182.19	-0.00349
182.2	-0.00349
182.21	-0.00349
182.22	-0.00349
182.23	-0.00349
182.24	-0.00349
182.25	-0.00349
182.26	-0.00349
182.27	-0.00349
182.28	-0.00348
182.29	-0.00348
182.3	-0.00348
182.31	-0.00347
182.32	-0.00347
182.33	-0.00347
182.34	-0.00346
182.35	-0.00346
182.36	-0.00345
182.37	-0.00345
182.38	-0.00344
182.39	-0.00343
182.4	-0.00343
182.41	-0.00342
182.42	-0.00341
182.43	-0.0034
182.44	-0.0034
182.45	-0.00339
182.46	-0.00338
182.47	-0.00337
182.48	-0.00336
182.49	-0.00335
182.5	-0.00334
182.51	-0.00333
182.52	-0.00332
182.53	-0.00331
182.54	-0.0033
182.55	-0.00329
182.56	-0.00327
182.57	-0.00326
182.58	-0.00325
182.59	-0.00324
182.6	-0.00322
182.61	-0.00321
182.62	-0.0032
182.63	-0.00318
182.64	-0.00317
182.65	-0.00315
182.66	-0.00314
182.67	-0.00312
182.68	-0.00311
182.69	-0.00309
182.7	-0.00307
182.71	-0.00306
182.72	-0.00304
182.73	-0.00302
182.74	-0.003
182.75	-0.00299
182.76	-0.00297
182.77	-0.00295
182.78	-0.00293
182.79	-0.00291
182.8	-0.00289
182.81	-0.00287
182.82	-0.00285
182.83	-0.00283
182.84	-0.00281
182.85	-0.00279
182.86	-0.00277
182.87	-0.00275
182.88	-0.00273
182.89	-0.0027
182.9	-0.00268
182.91	-0.00266
182.92	-0.00264
182.93	-0.00261
182.94	-0.00259
182.95	-0.00257
182.96	-0.00254
182.97	-0.00252
182.98	-0.0025
182.99	-0.00247
183	-0.00245
183.01	-0.00242
183.02	-0.0024
183.03	-0.00237
183.04	-0.00234
183.05	-0.00232
183.06	-0.00229
183.07	-0.00227
183.08	-0.00224
183.09	-0.00221
183.1	-0.00219
183.11	-0.00216
183.12	-0.00213
183.13	-0.0021
183.14	-0.00208
183.15	-0.00205
183.16	-0.00202
183.17	-0.00199
183.18	-0.00196
183.19	-0.00193
183.2	-0.0019
183.21	-0.00187
183.22	-0.00185
183.23	-0.00182
183.24	-0.00179
183.25	-0.00176
183.26	-0.00173
183.27	-0.0017
183.28	-0.00167
183.29	-0.00163
183.3	-0.0016
183.31	-0.00157
183.32	-0.00154
183.33	-0.00151
183.34	-0.00148
183.35	-0.00145
183.36	-0.00142
183.37	-0.00138
183.38	-0.00135
183.39	-0.00132
183.4	-0.00129
183.41	-0.00126
183.42	-0.00122
183.43	-0.00119
183.44	-0.00116
183.45	-0.00112
183.46	-0.00109
183.47	-0.00106
183.48	-0.00103
183.49	-9.92361E-4
183.5	-9.59042E-4
183.51	-9.25632E-4
183.52	-8.92135E-4
183.53	-8.58553E-4
183.54	-8.24888E-4
183.55	-7.91144E-4
183.56	-7.57322E-4
183.57	-7.23426E-4
183.58	-6.89458E-4
183.59	-6.55422E-4
183.6	-6.21321E-4
183.61	-5.87158E-4
183.62	-5.52937E-4
183.63	-5.18663E-4
183.64	-4.84339E-4
183.65	-4.49969E-4
183.66	-4.15558E-4
183.67	-3.8111E-4
183.68	-3.4663E-4
183.69	-3.1212E-4
183.7	-2.77587E-4
183.71	-2.43033E-4
183.72	-2.08462E-4
183.73	-1.73877E-4
183.74	-1.39282E-4
183.75	-1.04679E-4
183.76	-7.00727E-5
183.77	-3.54643E-5
183.78	-8.56744E-7
183.79	3.37472E-5
183.8	6.8345E-5
183.81	1.02934E-4
183.82	1.37511E-4
183.83	1.72074E-4
183.84	2.06619E-4
183.85	2.41143E-4
183.86	2.75642E-4
183.87	3.10113E-4
183.88	3.44551E-4
183.89	3.78953E-4
183.9	4.13314E-4
183.91	4.4763E-4
183.92	4.81897E-4
183.93	5.16111E-4
183.94	5.50266E-4
183.95	5.84361E-4
183.96	6.18389E-4
183.97	6.52349E-4
183.98	6.86237E-4
183.99	7.20048E-4
184	7.53781E-4
184.01	7.87433E-4
184.02	8.21001E-4
184.03	8.54482E-4
184.04	8.87874E-4
184.05	9.21175E-4
184.06	9.54381E-4
184.07	9.87491E-4
184.08	0.00102
184.09	0.00105
184.1	0.00109
184.11	0.00112
184.12	0.00115
184.13	0.00118
184.14	0.00122
184.15	0.00125
184.16	0.00128
184.17	0.00131
184.18	0.00134
184.19	0.00138
184.2	0.00141
184.21	0.00144
184.22	0.00147
184.23	0.0015
184.24	0.00153
184.25	0.00156
184.26	0.00159
184.27	0.00162
184.28	0.00165
184.29	0.00168
184.3	0.00171
184.31	0.00174
184.32	0.00177
184.33	0.0018
184.34	0.00183
184.35	0.00186
184.36	0.00189
184.37	0.00192
184.38	0.00195
184.39	0.00198
184.4	0.002
184.41	0.00203
184.42	0.00206
184.43	0.00209
184.44	0.00211
184.45	0.00214
184.46	0.00217
184.47	0.00219
184.48	0.00222
184.49	0.00225
184.5	0.00227
184.51	0.0023
184.52	0.00232
184.53	0.00235
184.54	0.00237
184.55	0.0024
184.56	0.00242
184.57	0.00245
184.58	0.00247
184.59	0.0025
184.6	0.00252
184.61	0.00254
184.62	0.00257
184.63	0.00259
184.64	0.00261
184.65	0.00263
184.66	0.00265
184.67	0.00268
184.68	0.0027
184.69	0.00272
184.7	0.00274
184.71	0.00276
184.72	0.00278
184.73	0.0028
184.74	0.00282
184.75	0.00284
184.76	0.00286
184.77	0.00288
184.78	0.0029
184.79	0.00291
184.8	0.00293
184.81	0.00295
184.82	0.00297
184.83	0.00299
184.84	0.003
184.85	0.00302
184.86	0.00303
184.87	0.00305
184.88	0.00307
184.89	0.00308
184.9	0.0031
184.91	0.00311
184.92	0.00313
184.93	0.00314
184.94	0.00315
184.95	0.00317
184.96	0.00318
184.97	0.00319
184.98	0.0032
184.99	0.00322
185	0.00323
185.01	0.00324
185.02	0.00325
185.03	0.00326
185.04	0.00327
185.05	0.00328
185.06	0.00329
185.07	0.0033
185.08	0.00331
185.09	0.00332
185.1	0.00333
185.11	0.00334
185.12	0.00334
185.13	0.00335
185.14	0.00336
185.15	0.00337
185.16	0.00337
185.17	0.00338
185.18	0.00339
185.19	0.00339
185.2	0.0034
185.21	0.0034
185.22	0.00341
185.23	0.00341
185.24	0.00341
185.25	0.00342
185.26	0.00342
185.27	0.00342
185.28	0.00342
185.29	0.00343
185.3	0.00343
185.31	0.00343
185.32	0.00343
185.33	0.00343
185.34	0.00343
185.35	0.00343
185.36	0.00343
185.37	0.00343
185.38	0.00343
185.39	0.00343
185.4	0.00343
185.41	0.00342
185.42	0.00342
185.43	0.00342
185.44	0.00342
185.45	0.00341
185.46	0.00341
185.47	0.00341
185.48	0.0034
185.49	0.0034
185.5	0.00339
185.51	0.00339
185.52	0.00338
185.53	0.00337
185.54	0.00337
185.55	0.00336
185.56	0.00335
185.57	0.00335
185.58	0.00334
185.59	0.00333
185.6	0.00332
185.61	0.00331
185.62	0.0033
185.63	0.00329
185.64	0.00328
185.65	0.00327
185.66	0.00326
185.67	0.00325
185.68	0.00324
185.69	0.00323
185.7	0.00322
185.71	0.00321
185.72	0.00319
185.73	0.00318
185.74	0.00317
185.75	0.00316
185.76	0.00314
185.77	0.00313
185.78	0.00311
185.79	0.0031
185.8	0.00308
185.81	0.00307
185.82	0.00305
185.83	0.00304
185.84	0.00302
185.85	0.00301
185.86	0.00299
185.87	0.00297
185.88	0.00295
185.89	0.00294
185.9	0.00292
185.91	0.0029
185.92	0.00288
185.93	0.00286
185.94	0.00284
185.95	0.00283
185.96	0.00281
185.97	0.00279
185.98	0.00277
185.99	0.00275
186	0.00272
186.01	0.0027
186.02	0.00268
186.03	0.00266
186.04	0.00264
186.05	0.00262
186.06	0.0026
186.07	0.00257
186.08	0.00255
186.09	0.00253
186.1	0.0025
186.11	0.00248
186.12	0.00246
186.13	0.00243
186.14	0.00241
186.15	0.00238
186.16	0.00236
186.17	0.00233
186.18	0.00231
186.19	0.00228
186.2	0.00226
186.21	0.00223
186.22	0.00221
186.23	0.00218
186.24	0.00215
186.25	0.00213
186.26	0.0021
186.27	0.00207
186.28	0.00204
186.29	0.00202
186.3	0.00199
186.31	0.00196
186.32	0.00193
186.33	0.0019
186.34	0.00188
186.35	0.00185
186.36	0.00182
186.37	0.00179
186.38	0.00176
186.39	0.00173
186.4	0.0017
186.41	0.00167
186.42	0.00164
186.43	0.00161
186.44	0.00158
186.45	0.00155
186.46	0.00152
186.47	0.00149
186.48	0.00146
186.49	0.00143
186.5	0.0014
186.51	0.00137
186.52	0.00133
186.53	0.0013
186.54	0.00127
186.55	0.00124
186.56	0.00121
186.57	0.00118
186.58	0.00114
186.59	0.00111
186.6	0.00108
186.61	0.00105
186.62	0.00101
186.63	9.81292E-4
186.64	9.4857E-4
186.65	9.15758E-4
186.66	8.8286E-4
186.67	8.49878E-4
186.68	8.16815E-4
186.69	7.83672E-4
186.7	7.50453E-4
186.71	7.1716E-4
186.72	6.83796E-4
186.73	6.50364E-4
186.74	6.16868E-4
186.75	5.8331E-4
186.76	5.49695E-4
186.77	5.16025E-4
186.78	4.82307E-4
186.79	4.48542E-4
186.8	4.14737E-4
186.81	3.80894E-4
186.82	3.47018E-4
186.83	3.13113E-4
186.84	2.79184E-4
186.85	2.45233E-4
186.86	2.11265E-4
186.87	1.77283E-4
186.88	1.4329E-4
186.89	1.0929E-4
186.9	7.52842E-5
186.91	4.12763E-5
186.92	7.26883E-6
186.93	-2.67358E-5
186.94	-6.07349E-5
186.95	-9.47259E-5
186.96	-1.28706E-4
186.97	-1.62673E-4
186.98	-1.96622E-4
186.99	-2.30552E-4
187	-2.64458E-4
187.01	-2.98337E-4
187.02	-3.32185E-4
187.03	-3.65998E-4
187.04	-3.99772E-4
187.05	-4.33502E-4
187.06	-4.67185E-4
187.07	-5.00816E-4
187.08	-5.34392E-4
187.09	-5.67908E-4
187.1	-6.0136E-4
187.11	-6.34745E-4
187.12	-6.68059E-4
187.13	-7.013E-4
187.14	-7.34464E-4
187.15	-7.67549E-4
187.16	-8.00552E-4
187.17	-8.3347E-4
187.18	-8.66302E-4
187.19	-8.99044E-4
187.2	-9.31694E-4
187.21	-9.6425E-4
187.22	-9.96708E-4
187.23	-0.00103
187.24	-0.00106
187.25	-0.00109
187.26	-0.00113
187.27	-0.00116
187.28	-0.00119
187.29	-0.00122
187.3	-0.00125
187.31	-0.00128
187.32	-0.00132
187.33	-0.00135
187.34	-0.00138
187.35	-0.00141
187.36	-0.00144
187.37	-0.00147
187.38	-0.0015
187.39	-0.00153
187.4	-0.00156
187.41	-0.00159
187.42	-0.00162
187.43	-0.00165
187.44	-0.00168
187.45	-0.00171
187.46	-0.00174
187.47	-0.00177
187.48	-0.0018
187.49	-0.00182
187.5	-0.00185
187.51	-0.00188
187.52	-0.00191
187.53	-0.00194
187.54	-0.00196
187.55	-0.00199
187.56	-0.00202
187.57	-0.00205
187.58	-0.00207
187.59	-0.0021
187.6	-0.00213
187.61	-0.00215
187.62	-0.00218
187.63	-0.0022
187.64	-0.00223
187.65	-0.00225
187.66	-0.00228
187.67	-0.0023
187.68	-0.00233
187.69	-0.00235
187.7	-0.00238
187.71	-0.0024
187.72	-0.00242
187.73	-0.00245
187.74	-0.00247
187.75	-0.00249
187.76	-0.00252
187.77	-0.00254
187.78	-0.00256
187.79	-0.00258
187.8	-0.0026
187.81	-0.00263
187.82	-0.00265
187.83	-0.00267
187.84	-0.00269
187.85	-0.00271
187.86	-0.00273
187.87	-0.00275
187.88	-0.00277
187.89	-0.00279
187.9	-0.00281
187.91	-0.00282
187.92	-0.00284
187.93	-0.00286
187.94	-0.00288
187.95	-0.0029
187.96	-0.00291
187.97	-0.00293
187.98	-0.00295
187.99	-0.00296
188	-0.00298
188.01	-0.00299
188.02	-0.00301
188.03	-0.00303
188.04	-0.00304
188.05	-0.00305
188.06	-0.00307
188.07	-0.00308
188.08	-0.0031
188.09	-0.00311
188.1	-0.00312
188.11	-0.00314
188.12	-0.00315
188.13	-0.00316
188.14	-0.00317
188.15	-0.00318
188.16	-0.00319
188.17	-0.0032
188.18	-0.00321
188.19	-0.00322
188.2	-0.00323
188.21	-0.00324
188.22	-0.00325
188.23	-0.00326
188.24	-0.00327
188.25	-0.00328
188.26	-0.00329
188.27	-0.00329
188.28	-0.0033
188.29	-0.00331
188.3	-0.00331
188.31	-0.00332
188.32	-0.00333
188.33	-0.00333
188.34	-0.00334
188.35	-0.00334
188.36	-0.00335
188.37	-0.00335
188.38	-0.00335
188.39	-0.00336
188.4	-0.00336
188.41	-0.00336
188.42	-0.00337
188.43	-0.00337
188.44	-0.00337
188.45	-0.00337
188.46	-0.00337
188.47	-0.00337
188.48	-0.00337
188.49	-0.00337
188.5	-0.00337
188.51	-0.00337
188.52	-0.00337
188.53	-0.00337
188.54	-0.00337
188.55	-0.00337
188.56	-0.00336
188.57	-0.00336
188.58	-0.00336
188.59	-0.00336
188.6	-0.00335
188.61	-0.00335
188.62	-0.00334
188.63	-0.00334
188.64	-0.00333
188.65	-0.00333
188.66	-0.00332
188.67	-0.00332
188.68	-0.00331
188.69	-0.0033
188.7	-0.0033
188.71	-0.00329
188.72	-0.00328
188.73	-0.00327
188.74	-0.00327
188.75	-0.00326
188.76	-0.00325
188.77	-0.00324
188.78	-0.00323
188.79	-0.00322
188.8	-0.00321
188.81	-0.0032
188.82	-0.00319
188.83	-0.00318
188.84	-0.00317
188.85	-0.00315
188.86	-0.00314
188.87	-0.00313
188.88	-0.00312
188.89	-0.0031
188.9	-0.00309
188.91	-0.00308
188.92	-0.00306
188.93	-0.00305
188.94	-0.00303
188.95	-0.00302
188.96	-0.003
188.97	-0.00299
188.98	-0.00297
188.99	-0.00296
189	-0.00294
189.01	-0.00292
189.02	-0.00291
189.03	-0.00289
189.04	-0.00287
189.05	-0.00285
189.06	-0.00284
189.07	-0.00282
189.08	-0.0028
189.09	-0.00278
189.1	-0.00276
189.11	-0.00274
189.12	-0.00272
189.13	-0.0027
189.14	-0.00268
189.15	-0.00266
189.16	-0.00264
189.17	-0.00262
189.18	-0.0026
189.19	-0.00258
189.2	-0.00255
189.21	-0.00253
189.22	-0.00251
189.23	-0.00249
189.24	-0.00247
189.25	-0.00244
189.26	-0.00242
189.27	-0.0024
189.28	-0.00237
189.29	-0.00235
189.3	-0.00232
189.31	-0.0023
189.32	-0.00227
189.33	-0.00225
189.34	-0.00222
189.35	-0.0022
189.36	-0.00217
189.37	-0.00215
189.38	-0.00212
189.39	-0.00209
189.4	-0.00207
189.41	-0.00204
189.42	-0.00201
189.43	-0.00199
189.44	-0.00196
189.45	-0.00193
189.46	-0.00191
189.47	-0.00188
189.48	-0.00185
189.49	-0.00182
189.5	-0.00179
189.51	-0.00176
189.52	-0.00174
189.53	-0.00171
189.54	-0.00168
189.55	-0.00165
189.56	-0.00162
189.57	-0.00159
189.58	-0.00156
189.59	-0.00153
189.6	-0.0015
189.61	-0.00147
189.62	-0.00144
189.63	-0.00141
189.64	-0.00138
189.65	-0.00135
189.66	-0.00132
189.67	-0.00129
189.68	-0.00126
189.69	-0.00122
189.7	-0.00119
189.71	-0.00116
189.72	-0.00113
189.73	-0.0011
189.74	-0.00107
189.75	-0.00103
189.76	-0.001
189.77	-9.70507E-4
189.78	-9.3836E-4
189.79	-9.06125E-4
189.8	-8.73804E-4
189.81	-8.414E-4
189.82	-8.08916E-4
189.83	-7.76353E-4
189.84	-7.43714E-4
189.85	-7.11003E-4
189.86	-6.78221E-4
189.87	-6.45371E-4
189.88	-6.12457E-4
189.89	-5.79483E-4
189.9	-5.46451E-4
189.91	-5.13365E-4
189.92	-4.8023E-4
189.93	-4.47049E-4
189.94	-4.13826E-4
189.95	-3.80567E-4
189.96	-3.47274E-4
189.97	-3.13952E-4
189.98	-2.80604E-4
189.99	-2.47236E-4
190	-2.13849E-4
190.01	-1.80448E-4
190.02	-1.47036E-4
190.03	-1.13616E-4
190.04	-8.01895E-5
190.05	-4.67608E-5
190.06	-1.33318E-5
190.07	2.00949E-5
190.08	5.35168E-5
190.09	8.69313E-5
190.1	1.20336E-4
190.11	1.53727E-4
190.12	1.87103E-4
190.13	2.2046E-4
190.14	2.53794E-4
190.15	2.87102E-4
190.16	3.20381E-4
190.17	3.53626E-4
190.18	3.86833E-4
190.19	4.19999E-4
190.2	4.53118E-4
190.21	4.86188E-4
190.22	5.19204E-4
190.23	5.52161E-4
190.24	5.85057E-4
190.25	6.17888E-4
190.26	6.5065E-4
190.27	6.8334E-4
190.28	7.15955E-4
190.29	7.48493E-4
190.3	7.80951E-4
190.31	8.13326E-4
190.32	8.45617E-4
190.33	8.7782E-4
190.34	9.09933E-4
190.35	9.41954E-4
190.36	9.7388E-4
190.37	0.00101
190.38	0.00104
190.39	0.00107
190.4	0.0011
190.41	0.00113
190.42	0.00116
190.43	0.00119
190.44	0.00123
190.45	0.00126
190.46	0.00129
190.47	0.00132
190.48	0.00135
190.49	0.00138
190.5	0.00141
190.51	0.00144
190.52	0.00147
190.53	0.0015
190.54	0.00153
190.55	0.00156
190.56	0.00159
190.57	0.00162
190.58	0.00165
190.59	0.00167
190.6	0.0017
190.61	0.00173
190.62	0.00176
190.63	0.00179
190.64	0.00182
190.65	0.00184
190.66	0.00187
190.67	0.0019
190.68	0.00193
190.69	0.00195
190.7	0.00198
190.71	0.00201
190.72	0.00203
190.73	0.00206
190.74	0.00208
190.75	0.00211
190.76	0.00214
190.77	0.00216
190.78	0.00219
190.79	0.00221
190.8	0.00224
190.81	0.00226
190.82	0.00228
190.83	0.00231
190.84	0.00233
190.85	0.00236
190.86	0.00238
190.87	0.0024
190.88	0.00243
190.89	0.00245
190.9	0.00247
190.91	0.00249
190.92	0.00251
190.93	0.00254
190.94	0.00256
190.95	0.00258
190.96	0.0026
190.97	0.00262
190.98	0.00264
190.99	0.00266
191	0.00268
191.01	0.0027
191.02	0.00272
191.03	0.00274
191.04	0.00276
191.05	0.00277
191.06	0.00279
191.07	0.00281
191.08	0.00283
191.09	0.00284
191.1	0.00286
191.11	0.00288
191.12	0.00289
191.13	0.00291
191.14	0.00293
191.15	0.00294
191.16	0.00296
191.17	0.00297
191.18	0.00299
191.19	0.003
191.2	0.00301
191.21	0.00303
191.22	0.00304
191.23	0.00305
191.24	0.00307
191.25	0.00308
191.26	0.00309
191.27	0.0031
191.28	0.00312
191.29	0.00313
191.3	0.00314
191.31	0.00315
191.32	0.00316
191.33	0.00317
191.34	0.00318
191.35	0.00319
191.36	0.0032
191.37	0.0032
191.38	0.00321
191.39	0.00322
191.4	0.00323
191.41	0.00324
191.42	0.00324
191.43	0.00325
191.44	0.00326
191.45	0.00326
191.46	0.00327
191.47	0.00327
191.48	0.00328
191.49	0.00328
191.5	0.00329
191.51	0.00329
191.52	0.0033
191.53	0.0033
191.54	0.0033
191.55	0.00331
191.56	0.00331
191.57	0.00331
191.58	0.00331
191.59	0.00331
191.6	0.00331
191.61	0.00332
191.62	0.00332
191.63	0.00332
191.64	0.00332
191.65	0.00332
191.66	0.00331
191.67	0.00331
191.68	0.00331
191.69	0.00331
191.7	0.00331
191.71	0.00331
191.72	0.0033
191.73	0.0033
191.74	0.0033
191.75	0.00329
191.76	0.00329
191.77	0.00328
191.78	0.00328
191.79	0.00327
191.8	0.00327
191.81	0.00326
191.82	0.00326
191.83	0.00325
191.84	0.00324
191.85	0.00324
191.86	0.00323
191.87	0.00322
191.88	0.00321
191.89	0.0032
191.9	0.0032
191.91	0.00319
191.92	0.00318
191.93	0.00317
191.94	0.00316
191.95	0.00315
191.96	0.00314
191.97	0.00313
191.98	0.00311
191.99	0.0031
192	0.00309
192.01	0.00308
192.02	0.00307
192.03	0.00305
192.04	0.00304
192.05	0.00303
192.06	0.00301
192.07	0.003
192.08	0.00299
192.09	0.00297
192.1	0.00296
192.11	0.00294
192.12	0.00293
192.13	0.00291
192.14	0.00289
192.15	0.00288
192.16	0.00286
192.17	0.00284
192.18	0.00283
192.19	0.00281
192.2	0.00279
192.21	0.00277
192.22	0.00276
192.23	0.00274
192.24	0.00272
192.25	0.0027
192.26	0.00268
192.27	0.00266
192.28	0.00264
192.29	0.00262
192.3	0.0026
192.31	0.00258
192.32	0.00256
192.33	0.00254
192.34	0.00252
192.35	0.00249
192.36	0.00247
192.37	0.00245
192.38	0.00243
192.39	0.00241
192.4	0.00238
192.41	0.00236
192.42	0.00234
192.43	0.00231
192.44	0.00229
192.45	0.00226
192.46	0.00224
192.47	0.00222
192.48	0.00219
192.49	0.00217
192.5	0.00214
192.51	0.00212
192.52	0.00209
192.53	0.00206
192.54	0.00204
192.55	0.00201
192.56	0.00199
192.57	0.00196
192.58	0.00193
192.59	0.00191
192.6	0.00188
192.61	0.00185
192.62	0.00182
192.63	0.0018
192.64	0.00177
192.65	0.00174
192.66	0.00171
192.67	0.00168
192.68	0.00165
192.69	0.00163
192.7	0.0016
192.71	0.00157
192.72	0.00154
192.73	0.00151
192.74	0.00148
192.75	0.00145
192.76	0.00142
192.77	0.00139
192.78	0.00136
192.79	0.00133
192.8	0.0013
192.81	0.00127
192.82	0.00124
192.83	0.00121
192.84	0.00118
192.85	0.00115
192.86	0.00112
192.87	0.00109
192.88	0.00105
192.89	0.00102
192.9	9.91507E-4
192.91	9.60005E-4
192.92	9.28413E-4
192.93	8.96734E-4
192.94	8.6497E-4
192.95	8.33123E-4
192.96	8.01197E-4
192.97	7.69194E-4
192.98	7.37115E-4
192.99	7.04964E-4
193	6.72743E-4
193.01	6.40456E-4
193.02	6.08104E-4
193.03	5.75692E-4
193.04	5.43223E-4
193.05	5.107E-4
193.06	4.78128E-4
193.07	4.4551E-4
193.08	4.1285E-4
193.09	3.80153E-4
193.1	3.47423E-4
193.11	3.14663E-4
193.12	2.81878E-4
193.13	2.49071E-4
193.14	2.16245E-4
193.15	1.83405E-4
193.16	1.50553E-4
193.17	1.17692E-4
193.18	8.48256E-5
193.19	5.19557E-5
193.2	1.9085E-5
193.21	-1.37839E-5
193.22	-4.66487E-5
193.23	-7.95066E-5
193.24	-1.12355E-4
193.25	-1.45192E-4
193.26	-1.78014E-4
193.27	-2.10817E-4
193.28	-2.43599E-4
193.29	-2.76357E-4
193.3	-3.09086E-4
193.31	-3.41782E-4
193.32	-3.74443E-4
193.33	-4.07063E-4
193.34	-4.39639E-4
193.35	-4.72166E-4
193.36	-5.04641E-4
193.37	-5.3706E-4
193.38	-5.69418E-4
193.39	-6.01713E-4
193.4	-6.33942E-4
193.41	-6.661E-4
193.42	-6.98186E-4
193.43	-7.30196E-4
193.44	-7.62127E-4
193.45	-7.93978E-4
193.46	-8.25746E-4
193.47	-8.57429E-4
193.48	-8.89024E-4
193.49	-9.20528E-4
193.5	-9.5194E-4
193.51	-9.83257E-4
193.52	-0.00101
193.53	-0.00105
193.54	-0.00108
193.55	-0.00111
193.56	-0.00114
193.57	-0.00117
193.58	-0.0012
193.59	-0.00123
193.6	-0.00126
193.61	-0.00129
193.62	-0.00132
193.63	-0.00135
193.64	-0.00138
193.65	-0.00141
193.66	-0.00144
193.67	-0.00147
193.68	-0.0015
193.69	-0.00153
193.7	-0.00156
193.71	-0.00158
193.72	-0.00161
193.73	-0.00164
193.74	-0.00167
193.75	-0.0017
193.76	-0.00173
193.77	-0.00175
193.78	-0.00178
193.79	-0.00181
193.8	-0.00184
193.81	-0.00186
193.82	-0.00189
193.83	-0.00192
193.84	-0.00194
193.85	-0.00197
193.86	-0.00199
193.87	-0.00202
193.88	-0.00205
193.89	-0.00207
193.9	-0.0021
193.91	-0.00212
193.92	-0.00215
193.93	-0.00217
193.94	-0.00219
193.95	-0.00222
193.96	-0.00224
193.97	-0.00227
193.98	-0.00229
193.99	-0.00231
194	-0.00234
194.01	-0.00236
194.02	-0.00238
194.03	-0.0024
194.04	-0.00242
194.05	-0.00245
194.06	-0.00247
194.07	-0.00249
194.08	-0.00251
194.09	-0.00253
194.1	-0.00255
194.11	-0.00257
194.12	-0.00259
194.13	-0.00261
194.14	-0.00263
194.15	-0.00265
194.16	-0.00267
194.17	-0.00269
194.18	-0.00271
194.19	-0.00272
194.2	-0.00274
194.21	-0.00276
194.22	-0.00278
194.23	-0.00279
194.24	-0.00281
194.25	-0.00283
194.26	-0.00284
194.27	-0.00286
194.28	-0.00287
194.29	-0.00289
194.3	-0.0029
194.31	-0.00292
194.32	-0.00293
194.33	-0.00295
194.34	-0.00296
194.35	-0.00298
194.36	-0.00299
194.37	-0.003
194.38	-0.00301
194.39	-0.00303
194.4	-0.00304
194.41	-0.00305
194.42	-0.00306
194.43	-0.00307
194.44	-0.00308
194.45	-0.00309
194.46	-0.0031
194.47	-0.00311
194.48	-0.00312
194.49	-0.00313
194.5	-0.00314
194.51	-0.00315
194.52	-0.00316
194.53	-0.00317
194.54	-0.00317
194.55	-0.00318
194.56	-0.00319
194.57	-0.0032
194.58	-0.0032
194.59	-0.00321
194.6	-0.00321
194.61	-0.00322
194.62	-0.00322
194.63	-0.00323
194.64	-0.00323
194.65	-0.00324
194.66	-0.00324
194.67	-0.00324
194.68	-0.00325
194.69	-0.00325
194.7	-0.00325
194.71	-0.00326
194.72	-0.00326
194.73	-0.00326
194.74	-0.00326
194.75	-0.00326
194.76	-0.00326
194.77	-0.00326
194.78	-0.00326
194.79	-0.00326
194.8	-0.00326
194.81	-0.00326
194.82	-0.00326
194.83	-0.00326
194.84	-0.00325
194.85	-0.00325
194.86	-0.00325
194.87	-0.00325
194.88	-0.00324
194.89	-0.00324
194.9	-0.00323
194.91	-0.00323
194.92	-0.00323
194.93	-0.00322
194.94	-0.00322
194.95	-0.00321
194.96	-0.0032
194.97	-0.0032
194.98	-0.00319
194.99	-0.00318
195	-0.00318
195.01	-0.00317
195.02	-0.00316
195.03	-0.00315
195.04	-0.00314
195.05	-0.00314
195.06	-0.00313
195.07	-0.00312
195.08	-0.00311
195.09	-0.0031
195.1	-0.00309
195.11	-0.00308
195.12	-0.00307
195.13	-0.00305
195.14	-0.00304
195.15	-0.00303
195.16	-0.00302
195.17	-0.00301
195.18	-0.00299
195.19	-0.00298
195.2	-0.00297
195.21	-0.00295
195.22	-0.00294
195.23	-0.00292
195.24	-0.00291
195.25	-0.0029
195.26	-0.00288
195.27	-0.00286
195.28	-0.00285
195.29	-0.00283
195.3	-0.00282
195.31	-0.0028
195.32	-0.00278
195.33	-0.00277
195.34	-0.00275
195.35	-0.00273
195.36	-0.00271
195.37	-0.0027
195.38	-0.00268
195.39	-0.00266
195.4	-0.00264
195.41	-0.00262
195.42	-0.0026
195.43	-0.00258
195.44	-0.00256
195.45	-0.00254
195.46	-0.00252
195.47	-0.0025
195.48	-0.00248
195.49	-0.00246
195.5	-0.00244
195.51	-0.00241
195.52	-0.00239
195.53	-0.00237
195.54	-0.00235
195.55	-0.00232
195.56	-0.0023
195.57	-0.00228
195.58	-0.00225
195.59	-0.00223
195.6	-0.00221
195.61	-0.00218
195.62	-0.00216
195.63	-0.00213
195.64	-0.00211
195.65	-0.00209
195.66	-0.00206
195.67	-0.00203
195.68	-0.00201
195.69	-0.00198
195.7	-0.00196
195.71	-0.00193
195.72	-0.00191
195.73	-0.00188
195.74	-0.00185
195.75	-0.00183
195.76	-0.0018
195.77	-0.00177
195.78	-0.00174
195.79	-0.00172
195.8	-0.00169
195.81	-0.00166
195.82	-0.00163
195.83	-0.0016
195.84	-0.00158
195.85	-0.00155
195.86	-0.00152
195.87	-0.00149
195.88	-0.00146
195.89	-0.00143
195.9	-0.0014
195.91	-0.00137
195.92	-0.00134
195.93	-0.00131
195.94	-0.00128
195.95	-0.00125
195.96	-0.00122
195.97	-0.00119
195.98	-0.00116
195.99	-0.00113
196	-0.0011
196.01	-0.00107
196.02	-0.00104
196.03	-0.00101
196.04	-9.80749E-4
196.05	-9.49782E-4
196.06	-9.18725E-4
196.07	-8.87583E-4
196.08	-8.56356E-4
196.09	-8.25049E-4
196.1	-7.93662E-4
196.11	-7.62198E-4
196.12	-7.3066E-4
196.13	-6.99051E-4
196.14	-6.67372E-4
196.15	-6.35627E-4
196.16	-6.03818E-4
196.17	-5.71949E-4
196.18	-5.40024E-4
196.19	-5.08045E-4
196.2	-4.76016E-4
196.21	-4.43942E-4
196.22	-4.11826E-4
196.23	-3.79673E-4
196.24	-3.47486E-4
196.25	-3.15269E-4
196.26	-2.83026E-4
196.27	-2.50762E-4
196.28	-2.18478E-4
196.29	-1.86179E-4
196.3	-1.53869E-4
196.31	-1.21549E-4
196.32	-8.92225E-5
196.33	-5.68924E-5
196.34	-2.4561E-5
196.35	7.76907E-6
196.36	4.00956E-5
196.37	7.24159E-5
196.38	1.04728E-4
196.39	1.37028E-4
196.4	1.69314E-4
196.41	2.01584E-4
196.42	2.33832E-4
196.43	2.66057E-4
196.44	2.98255E-4
196.45	3.30422E-4
196.46	3.62554E-4
196.47	3.94647E-4
196.48	4.26697E-4
196.49	4.587E-4
196.5	4.90653E-4
196.51	5.22551E-4
196.52	5.5439E-4
196.53	5.86168E-4
196.54	6.17881E-4
196.55	6.49525E-4
196.56	6.81098E-4
196.57	7.12598E-4
196.58	7.44021E-4
196.59	7.75365E-4
196.6	8.06628E-4
196.61	8.37807E-4
196.62	8.68901E-4
196.63	8.99907E-4
196.64	9.30821E-4
196.65	9.61643E-4
196.66	9.92368E-4
196.67	0.00102
196.68	0.00105
196.69	0.00108
196.7	0.00111
196.71	0.00114
196.72	0.00117
196.73	0.0012
196.74	0.00123
196.75	0.00126
196.76	0.00129
196.77	0.00132
196.78	0.00135
196.79	0.00138
196.8	0.00141
196.81	0.00144
196.82	0.00147
196.83	0.0015
196.84	0.00153
196.85	0.00155
196.86	0.00158
196.87	0.00161
196.88	0.00164
196.89	0.00166
196.9	0.00169
196.91	0.00172
196.92	0.00175
196.93	0.00177
196.94	0.0018
196.95	0.00183
196.96	0.00185
196.97	0.00188
196.98	0.00191
196.99	0.00193
197	0.00196
197.01	0.00198
197.02	0.00201
197.03	0.00203
197.04	0.00206
197.05	0.00208
197.06	0.00211
197.07	0.00213
197.08	0.00215
197.09	0.00218
197.1	0.0022
197.11	0.00222
197.12	0.00225
197.13	0.00227
197.14	0.00229
197.15	0.00232
197.16	0.00234
197.17	0.00236
197.18	0.00238
197.19	0.0024
197.2	0.00242
197.21	0.00245
197.22	0.00247
197.23	0.00249
197.24	0.00251
197.25	0.00253
197.26	0.00255
197.27	0.00257
197.28	0.00258
197.29	0.0026
197.3	0.00262
197.31	0.00264
197.32	0.00266
197.33	0.00268
197.34	0.00269
197.35	0.00271
197.36	0.00273
197.37	0.00275
197.38	0.00276
197.39	0.00278
197.4	0.00279
197.41	0.00281
197.42	0.00283
197.43	0.00284
197.44	0.00285
197.45	0.00287
197.46	0.00288
197.47	0.0029
197.48	0.00291
197.49	0.00292
197.5	0.00294
197.51	0.00295
197.52	0.00296
197.53	0.00298
197.54	0.00299
197.55	0.003
197.56	0.00301
197.57	0.00302
197.58	0.00303
197.59	0.00304
197.6	0.00305
197.61	0.00306
197.62	0.00307
197.63	0.00308
197.64	0.00309
197.65	0.0031
197.66	0.00311
197.67	0.00311
197.68	0.00312
197.69	0.00313
197.7	0.00314
197.71	0.00314
197.72	0.00315
197.73	0.00315
197.74	0.00316
197.75	0.00317
197.76	0.00317
197.77	0.00318
197.78	0.00318
197.79	0.00318
197.8	0.00319
197.81	0.00319
197.82	0.00319
197.83	0.0032
197.84	0.0032
197.85	0.0032
197.86	0.0032
197.87	0.00321
197.88	0.00321
197.89	0.00321
197.9	0.00321
197.91	0.00321
197.92	0.00321
197.93	0.00321
197.94	0.00321
197.95	0.00321
197.96	0.0032
197.97	0.0032
197.98	0.0032
197.99	0.0032
198	0.0032
198.01	0.00319
198.02	0.00319
198.03	0.00319
198.04	0.00318
198.05	0.00318
198.06	0.00317
198.07	0.00317
198.08	0.00316
198.09	0.00316
198.1	0.00315
198.11	0.00315
198.12	0.00314
198.13	0.00313
198.14	0.00313
198.15	0.00312
198.16	0.00311
198.17	0.0031
198.18	0.00309
198.19	0.00309
198.2	0.00308
198.21	0.00307
198.22	0.00306
198.23	0.00305
198.24	0.00304
198.25	0.00303
198.26	0.00302
198.27	0.00301
198.28	0.003
198.29	0.00298
198.3	0.00297
198.31	0.00296
198.32	0.00295
198.33	0.00293
198.34	0.00292
198.35	0.00291
198.36	0.00289
198.37	0.00288
198.38	0.00287
198.39	0.00285
198.4	0.00284
198.41	0.00282
198.42	0.00281
198.43	0.00279
198.44	0.00277
198.45	0.00276
198.46	0.00274
198.47	0.00272
198.48	0.00271
198.49	0.00269
198.5	0.00267
198.51	0.00266
198.52	0.00264
198.53	0.00262
198.54	0.0026
198.55	0.00258
198.56	0.00256
198.57	0.00254
198.58	0.00252
198.59	0.0025
198.6	0.00248
198.61	0.00246
198.62	0.00244
198.63	0.00242
198.64	0.0024
198.65	0.00238
198.66	0.00236
198.67	0.00233
198.68	0.00231
198.69	0.00229
198.7	0.00227
198.71	0.00225
198.72	0.00222
198.73	0.0022
198.74	0.00218
198.75	0.00215
198.76	0.00213
198.77	0.0021
198.78	0.00208
198.79	0.00206
198.8	0.00203
198.81	0.00201
198.82	0.00198
198.83	0.00196
198.84	0.00193
198.85	0.0019
198.86	0.00188
198.87	0.00185
198.88	0.00183
198.89	0.0018
198.9	0.00177
198.91	0.00175
198.92	0.00172
198.93	0.00169
198.94	0.00167
198.95	0.00164
198.96	0.00161
198.97	0.00158
198.98	0.00156
198.99	0.00153
199	0.0015
199.01	0.00147
199.02	0.00144
199.03	0.00141
199.04	0.00139
199.05	0.00136
199.06	0.00133
199.07	0.0013
199.08	0.00127
199.09	0.00124
199.1	0.00121
199.11	0.00118
199.12	0.00115
199.13	0.00112
199.14	0.00109
199.15	0.00106
199.16	0.00103
199.17	0.001
199.18	9.70283E-4
199.19	9.39832E-4
199.2	9.09294E-4
199.21	8.7867E-4
199.22	8.47963E-4
199.23	8.17175E-4
199.24	7.8631E-4
199.25	7.55368E-4
199.26	7.24353E-4
199.27	6.93266E-4
199.28	6.62111E-4
199.29	6.30891E-4
199.3	5.99607E-4
199.31	5.68263E-4
199.32	5.36863E-4
199.33	5.05409E-4
199.34	4.73906E-4
199.35	4.42358E-4
199.36	4.10768E-4
199.37	3.7914E-4
199.38	3.47478E-4
199.39	3.15786E-4
199.4	2.84068E-4
199.41	2.52328E-4
199.42	2.20568E-4
199.43	1.88793E-4
199.44	1.57006E-4
199.45	1.25209E-4
199.46	9.3405E-5
199.47	6.15968E-5
199.48	2.9787E-5
199.49	-2.02218E-6
199.5	-3.38282E-5
199.51	-6.56288E-5
199.52	-9.74213E-5
199.53	-1.29203E-4
199.54	-1.60972E-4
199.55	-1.92724E-4
199.56	-2.24457E-4
199.57	-2.56168E-4
199.58	-2.87852E-4
199.59	-3.19506E-4
199.6	-3.51127E-4
199.61	-3.8271E-4
199.62	-4.14252E-4
199.63	-4.45748E-4
199.64	-4.77195E-4
199.65	-5.08589E-4
199.66	-5.39927E-4
199.67	-5.71204E-4
199.68	-6.02418E-4
199.69	-6.33565E-4
199.7	-6.64643E-4
199.71	-6.95649E-4
199.72	-7.2658E-4
199.73	-7.57434E-4
199.74	-7.88208E-4
199.75	-8.18901E-4
199.76	-8.4951E-4
199.77	-8.80032E-4
199.78	-9.10466E-4
199.79	-9.40808E-4
199.8	-9.71057E-4
199.81	-0.001
199.82	-0.00103
199.83	-0.00106
199.84	-0.00109
199.85	-0.00112
199.86	-0.00115
199.87	-0.00118
199.88	-0.00121
199.89	-0.00124
199.9	-0.00127
199.91	-0.0013
199.92	-0.00133
199.93	-0.00135
199.94	-0.00138
199.95	-0.00141
199.96	-0.00144
199.97	-0.00147
199.98	-0.0015
199.99	-0.00152
200	-0.00155