0.005000 -0.004268
0.015000 -0.012802
0.025000 -0.021334
0.035000 -0.029863
0.045000 -0.038389
0.055000 -0.046913
0.065000 -0.055434
0.075000 -0.063953
0.085000 -0.072469
0.095000 -0.080983
0.105000 -0.089494
0.115000 -0.098002
0.125000 -0.106508
0.135000 -0.115011
0.145000 -0.123512
0.155000 -0.132010
0.165000 -0.140506
0.175000 -0.148999
0.185000 -0.157490
0.195000 -0.165978
0.205000 -0.174463
0.215000 -0.182946
0.225000 -0.191426
0.235000 -0.199904
0.245000 -0.208379
0.255000 -0.216852
0.265000 -0.225322
0.275000 -0.233789
0.285000 -0.242254
0.295000 -0.250717
0.305000 -0.259176
0.315000 -0.267634
0.325000 -0.276088
0.335000 -0.284540
0.345000 -0.292990
0.355000 -0.301437
0.365000 -0.309882
0.375000 -0.318323
0.385000 -0.326763
0.395000 -0.335199
0.405000 -0.343634
0.415000 -0.352065
0.425000 -0.360494
0.435000 -0.368921
0.445000 -0.377345
0.455000 -0.385766
0.465000 -0.394185
0.475000 -0.402601
0.485000 -0.411015
0.495000 -0.419426
0.505000 -0.427835
0.515000 -0.436241
0.525000 -0.444644
0.535000 -0.453045
0.545000 -0.461444
0.555000 -0.469839
0.565000 -0.478233
0.575000 -0.486623
0.585000 -0.495011
0.595000 -0.503397
0.605000 -0.511780
0.615000 -0.520160
0.625000 -0.528538
0.635000 -0.536914
0.645000 -0.545286
0.655000 -0.553657
0.665000 -0.562024
0.675000 -0.570389
0.685000 -0.578752
0.695000 -0.587112
0.705000 -0.595469
0.715000 -0.603824
0.725000 -0.612176
0.735000 -0.620526
0.745000 -0.628873
0.755000 -0.637217
0.765000 -0.645559
0.775000 -0.653899
0.785000 -0.662236
0.795000 -0.670570
0.805000 -0.678902
0.815000 -0.687231
0.825000 -0.695558
0.835000 -0.703882
0.845000 -0.712203
0.855000 -0.720522
0.865000 -0.728839
0.875000 -0.737153
0.885000 -0.745464
0.895000 -0.753773
0.905000 -0.762079
0.915000 -0.770382
0.925000 -0.778683
0.935000 -0.786982
0.945000 -0.795278
0.955000 -0.803571
0.965000 -0.811862
0.975000 -0.820150
0.985000 -0.828436
0.995000 -0.836719
1.005000 -0.845000
1.015000 -0.853278
1.025000 -0.861553
1.035000 -0.869826
1.045000 -0.878096
1.055000 -0.886364
1.065000 -0.894629
1.075000 -0.902892
1.085000 -0.911152
1.095000 -0.919409
1.105000 -0.927664
1.115000 -0.935917
1.125000 -0.944167
1.135000 -0.952414
1.145000 -0.960659
1.155000 -0.968901
1.165000 -0.977140
1.175000 -0.985377
1.185000 -0.993612
1.195000 -1.001844
1.205000 -1.010073
1.215000 -1.018300
1.225000 -1.026524
1.235000 -1.034746
1.245000 -1.042965
1.255000 -1.051182
1.265000 -1.059396
1.275000 -1.067607
1.285000 -1.075816
1.295000 -1.084022
1.305000 -1.092226
1.315000 -1.100427
1.325000 -1.108626
1.335000 -1.116822
1.345000 -1.125015
1.355000 -1.133206
1.365000 -1.141395
1.375000 -1.149580
1.385000 -1.157764
1.395000 -1.165944
1.405000 -1.174123
1.415000 -1.182298
1.425000 -1.190471
1.435000 -1.198642
1.445000 -1.206810
1.455000 -1.214975
1.465000 -1.223138
1.475000 -1.231298
1.485000 -1.239456
1.495000 -1.247611
1.505000 -1.255763
1.515000 -1.263913
1.525000 -1.272061
1.535000 -1.280206
1.545000 -1.288348
1.555000 -1.296488
1.565000 -1.304625
1.575000 -1.312759
1.585000 -1.320892
1.595000 -1.329021
1.605000 -1.337148
1.615000 -1.345272
1.625000 -1.353394
1.635000 -1.361514
1.645000 -1.369630
1.655000 -1.377744
1.665000 -1.385856
1.675000 -1.393965
1.685000 -1.402072
1.695000 -1.410175
1.705000 -1.418277
1.715000 -1.426376
1.725000 -1.434472
1.735000 -1.442565
1.745000 -1.450657
1.755000 -1.458745
1.765000 -1.466831
1.775000 -1.474915
1.785000 -1.482995
1.795000 -1.491074
1.805000 -1.499150
1.815000 -1.507223
1.825000 -1.515293
1.835000 -1.523362
1.845000 -1.531427
1.855000 -1.539490
1.865000 -1.547550
1.875000 -1.555608
1.885000 -1.563664
1.895000 -1.571716
1.905000 -1.579766
1.915000 -1.587814
1.925000 -1.595859
1.935000 -1.603902
1.945000 -1.611942
1.955000 -1.619979
1.965000 -1.628014
1.975000 -1.636046
1.985000 -1.644076
1.995000 -1.652103
2.005000 -1.660127
2.015000 -1.668149
2.025000 -1.676169
2.035000 -1.684186
2.045000 -1.692200
2.055000 -1.700212
2.065000 -1.708221
2.075000 -1.716228
2.085000 -1.724232
2.095000 -1.732233
2.105000 -1.740232
2.115000 -1.748229
2.125000 -1.756223
2.135000 -1.764214
2.145000 -1.772203
2.155000 -1.780189
2.165000 -1.788173
2.175000 -1.796154
2.185000 -1.804132
2.195000 -1.812108
2.205000 -1.820082
2.215000 -1.828053
2.225000 -1.836021
2.235000 -1.843977
2.245000 -1.851950
2.255000 -1.859910
2.265000 -1.867868
2.275000 -1.875816
2.285000 -1.883751
2.295000 -1.891712
2.305000 -1.899610
2.315000 -1.907545
2.325000 -1.915345
2.335000 -1.923061
2.345000 -1.930980
2.355000 -1.938608
2.365000 -1.945838
2.375000 -1.952572
2.385000 -1.959338
2.395000 -1.965323
2.405000 -1.969788
2.415000 -1.972862
2.425000 -1.973751
2.435000 -1.970555
2.445000 -1.962816
2.455000 -1.948952
2.465000 -1.925520
2.475000 -1.887321
2.485000 -1.836115
2.495000 -1.764830
2.505000 -1.664211
2.515000 -1.524762
2.525000 -1.350116
2.535000 -1.113134
2.545000 -0.830559
2.555000 -0.457109
2.565000 -0.026257
2.575000 0.518001
2.585000 1.125791
2.595000 1.879094
2.605000 2.718962
2.615000 3.666826
2.625000 4.746274
2.635000 5.885386
2.645000 7.070153
2.655000 8.356766
2.665000 9.629806
2.675000 10.929423
2.685000 12.157055
2.695000 13.298746
2.705000 14.339754
2.715000 15.256433
2.725000 15.900882
2.735000 16.426633
2.745000 16.694925
2.755000 16.689291
2.765000 16.507122
2.775000 16.031939
2.785000 15.349237
2.795000 14.473518
2.805000 13.465177
2.815000 12.309252
2.825000 11.075462
2.835000 9.791832
2.845000 8.499770
2.855000 7.189601
2.865000 5.945607
2.875000 4.757216
2.885000 3.684226
2.895000 2.691388
2.905000 1.818323
2.915000 1.045280
2.925000 0.368883
2.935000 -0.204072
2.945000 -0.676930
2.955000 -1.074994
2.965000 -1.394097
2.975000 -1.651541
2.985000 -1.859780
2.995000 -2.013483
3.005000 -2.143259
3.015000 -2.234887
3.025000 -2.308299
3.035000 -2.365351
3.045000 -2.405037
3.055000 -2.436470
3.065000 -2.461165
3.075000 -2.480656
3.085000 -2.496595
3.095000 -2.509568
3.105000 -2.520704
3.115000 -2.531038
3.125000 -2.540129
3.135000 -2.548780
3.145000 -2.557227
3.155000 -2.565299
3.165000 -2.573209
3.175000 -2.581082
3.185000 -2.588948
3.195000 -2.596742
3.205000 -2.604503
3.215000 -2.612213
3.225000 -2.619920
3.235000 -2.627644
3.245000 -2.635348
3.255000 -2.643056
3.265000 -2.650758
3.275000 -2.658458
3.285000 -2.666155
3.295000 -2.673850
3.305000 -2.681542
3.315000 -2.689232
3.325000 -2.696919
3.335000 -2.704603
3.345000 -2.712285
3.355000 -2.719965
3.365000 -2.727641
3.375000 -2.735316
3.385000 -2.742987
3.395000 -2.750656
3.405000 -2.758317
3.415000 -2.765987
3.425000 -2.773634
3.435000 -2.781296
3.445000 -2.788926
3.455000 -2.796579
3.465000 -2.804210
3.475000 -2.811766
3.485000 -2.819332
3.495000 -2.826778
3.505000 -2.834169
3.515000 -2.841449
3.525000 -2.848462
3.535000 -2.855212
3.545000 -2.861247
3.555000 -2.867040
3.565000 -2.871806
3.575000 -2.874647
3.585000 -2.875964
3.595000 -2.874636
3.605000 -2.869575
3.615000 -2.860751
3.625000 -2.845398
3.635000 -2.821711
3.645000 -2.789307
3.655000 -2.740959
3.665000 -2.681524
3.675000 -2.600770
3.685000 -2.500568
3.695000 -2.371761
3.705000 -2.220406
3.715000 -2.033274
3.725000 -1.819875
3.735000 -1.563810
3.745000 -1.267773
3.755000 -0.953057
3.765000 -0.601199
3.775000 -0.203789
3.785000 0.205941
3.795000 0.628427
3.805000 1.053744
3.815000 1.486893
3.825000 1.887931
3.835000 2.276782
3.845000 2.624636
3.855000 2.907737
3.865000 3.127764
3.875000 3.284164
3.885000 3.350452
3.895000 3.358058
3.905000 3.268335
3.915000 3.123228
3.925000 2.902645
3.935000 2.584909
3.945000 2.235076
3.955000 1.845903
3.965000 1.411459
3.975000 0.988017
3.985000 0.538290
3.995000 0.105491
4.005000 -0.328993
4.015000 -0.733406
4.025000 -1.100717
4.035000 -1.456025
4.045000 -1.763146
4.055000 -2.038442
4.065000 -2.269231
4.075000 -2.479127
4.085000 -2.647744
4.095000 -2.792760
4.105000 -2.913975
4.115000 -3.009854
4.125000 -3.089040
4.135000 -3.152242
4.145000 -3.202558
4.155000 -3.241438
4.165000 -3.272330
4.175000 -3.298973
4.185000 -3.317930
4.195000 -3.336065
4.205000 -3.349345
4.215000 -3.361633
4.225000 -3.372026
4.235000 -3.381367
4.245000 -3.390516
4.255000 -3.399031
4.265000 -3.407002
4.275000 -3.414896
4.285000 -3.422530
4.295000 -3.430178
4.305000 -3.437669
4.315000 -3.445132
4.325000 -3.452471
4.335000 -3.459818
4.345000 -3.467100
4.355000 -3.474199
4.365000 -3.481034
4.375000 -3.487729
4.385000 -3.493867
4.395000 -3.499390
4.405000 -3.504289
4.415000 -3.506825
4.425000 -3.507437
4.435000 -3.505014
4.445000 -3.499963
4.455000 -3.487020
4.465000 -3.467432
4.475000 -3.435569
4.485000 -3.388907
4.495000 -3.325468
4.505000 -3.235188
4.515000 -3.117958
4.525000 -2.965195
4.535000 -2.760287
4.545000 -2.502658
4.555000 -2.186378
4.565000 -1.784448
4.575000 -1.301227
4.585000 -0.725713
4.595000 -0.047654
4.605000 0.736725
4.615000 1.641093
4.625000 2.643975
4.635000 3.757090
4.645000 4.961207
4.655000 6.236344
4.665000 7.572061
4.675000 8.947749
4.685000 10.300133
4.695000 11.614766
4.705000 12.870304
4.715000 13.992775
4.725000 14.962658
4.735000 15.801256
4.745000 16.374382
4.755000 16.742683
4.765000 16.846071
4.775000 16.731903
4.785000 16.371580
4.795000 15.740203
4.805000 14.936720
4.815000 13.949915
4.825000 12.791118
4.835000 11.520603
4.845000 10.194971
4.855000 8.827090
4.865000 7.436908
4.875000 6.087325
4.885000 4.764570
4.895000 3.563752
4.905000 2.453696
4.915000 1.421753
4.925000 0.514796
4.935000 -0.293230
4.945000 -0.987355
4.955000 -1.580060
4.965000 -2.081292
4.975000 -2.486596
4.985000 -2.826463
4.995000 -3.095290
5.005000 -3.313242
5.015000 -3.484096
5.025000 -3.616750
5.035000 -3.721067
5.045000 -3.799451
5.055000 -3.859060
5.065000 -3.906363
5.075000 -3.940573
5.085000 -3.967596
5.095000 -3.987352
5.105000 -4.004097
5.115000 -4.017998
5.125000 -4.028751
5.135000 -4.038153
5.145000 -4.044815
5.155000 -4.051503
5.165000 -4.055634
5.175000 -4.058293
5.185000 -4.058705
5.195000 -4.055115
5.205000 -4.048487
5.215000 -4.034666
5.225000 -4.015165
5.235000 -3.987480
5.245000 -3.946616
5.255000 -3.892954
5.265000 -3.820343
5.275000 -3.726601
5.285000 -3.609675
5.295000 -3.461298
5.305000 -3.280735
5.315000 -3.061439
5.325000 -2.803006
5.335000 -2.506116
5.345000 -2.155426
5.355000 -1.769870
5.365000 -1.326924
5.375000 -0.850178
5.385000 -0.335277
5.395000 0.200476
5.405000 0.763105
5.415000 1.326285
5.425000 1.881540
5.435000 2.412917
5.445000 2.917622
5.455000 3.359962
5.465000 3.747617
5.475000 4.054587
5.485000 4.261688
5.495000 4.382591
5.505000 4.394432
5.515000 4.318479
5.525000 4.118909
5.535000 3.844315
5.545000 3.472890
5.555000 3.048468
5.565000 2.547521
5.575000 2.022614
5.585000 1.451621
5.595000 0.873187
5.605000 0.294183
5.615000 -0.261680
5.625000 -0.806564
5.635000 -1.311653
5.645000 -1.779676
5.655000 -2.206253
5.665000 -2.593106
5.675000 -2.928500
5.685000 -3.217796
5.695000 -3.469345
5.705000 -3.675500
5.715000 -3.851162
5.725000 -4.000654
5.735000 -4.113457
5.745000 -4.208282
5.755000 -4.285666
5.765000 -4.341685
5.775000 -4.388786
5.785000 -4.423762
5.795000 -4.451090
5.805000 -4.468085
5.815000 -4.480068
5.825000 -4.486567
5.835000 -4.483517
5.845000 -4.474309
5.855000 -4.455331
5.865000 -4.424021
5.875000 -4.381599
5.885000 -4.319168
5.895000 -4.235314
5.905000 -4.127181
5.915000 -3.984235
5.925000 -3.800061
5.935000 -3.578677
5.945000 -3.300046
5.955000 -2.967664
5.965000 -2.558637
5.975000 -2.089635
5.985000 -1.549820
5.995000 -0.921761
6.005000 -0.222240
6.015000 0.559780
6.025000 1.403993
6.035000 2.310220
6.045000 3.245002
6.055000 4.240322
6.065000 5.206206
6.075000 6.165289
6.085000 7.086060
6.095000 7.943625
6.105000 8.700280
6.115000 9.354618
6.125000 9.852166
6.135000 10.217545
6.145000 10.413062
6.155000 10.440781
6.165000 10.287778
6.175000 9.966077
6.185000 9.481271
6.195000 8.880990
6.205000 8.116279
6.215000 7.276233
6.225000 6.357233
6.235000 5.410860
6.245000 4.411135
6.255000 3.425252
6.265000 2.448152
6.275000 1.511006
6.285000 0.627812
6.295000 -0.166710
6.305000 -0.918533
6.315000 -1.582916
6.325000 -2.153802
6.335000 -2.678884
6.345000 -3.112140
6.355000 -3.482061
6.365000 -3.789993
6.375000 -4.045858
6.385000 -4.252415
6.395000 -4.418694
6.405000 -4.548631
6.415000 -4.649144
6.425000 -4.726951
6.435000 -4.783911
6.445000 -4.823485
6.455000 -4.847548
6.465000 -4.858450
6.475000 -4.859562
6.485000 -4.847135
6.495000 -4.822355
6.505000 -4.785603
6.515000 -4.735128
6.525000 -4.665827
6.535000 -4.582952
6.545000 -4.483777
6.555000 -4.358549
6.565000 -4.213017
6.575000 -4.045238
6.585000 -3.855073
6.595000 -3.644945
6.605000 -3.409037
6.615000 -3.157083
6.625000 -2.896887
6.635000 -2.617086
6.645000 -2.336661
6.655000 -2.053193
6.665000 -1.775582
6.675000 -1.515255
6.685000 -1.286297
6.695000 -1.076594
6.705000 -0.897905
6.715000 -0.772265
6.725000 -0.685182
6.735000 -0.645464
6.745000 -0.658483
6.755000 -0.721938
6.765000 -0.829364
6.775000 -0.983847
6.785000 -1.176616
6.795000 -1.413536
6.805000 -1.678858
6.815000 -1.947432
6.825000 -2.252565
6.835000 -2.536016
6.845000 -2.838196
6.855000 -3.119965
6.865000 -3.395863
6.875000 -3.657850
6.885000 -3.891109
6.895000 -4.108067
6.905000 -4.304152
6.915000 -4.471668
6.925000 -4.616518
6.935000 -4.735838
6.945000 -4.831536
6.955000 -4.903569
6.965000 -4.949420
6.975000 -4.967600
6.985000 -4.962389
6.995000 -4.921542
7.005000 -4.847494
7.015000 -4.733703
7.025000 -4.577392
7.035000 -4.365635
7.045000 -4.094909
7.055000 -3.750217
7.065000 -3.332399
7.075000 -2.815968
7.085000 -2.201481
7.095000 -1.481708
7.105000 -0.658668
7.115000 0.302615
7.125000 1.380349
7.135000 2.558068
7.145000 3.865695
7.155000 5.264249
7.165000 6.718864
7.175000 8.250071
7.185000 9.795547
7.195000 11.313754
7.205000 12.823572
7.215000 14.235004
7.225000 15.533847
7.235000 16.703151
7.245000 17.618656
7.255000 18.360554
7.265000 18.841967
7.275000 19.036125
7.285000 19.027821
7.295000 18.717178
7.305000 18.156819
7.315000 17.365813
7.325000 16.349302
7.335000 15.139648
7.345000 13.789720
7.355000 12.349984
7.365000 10.808410
7.375000 9.259632
7.385000 7.694301
7.395000 6.185446
7.405000 4.712180
7.415000 3.335989
7.425000 2.063506
7.435000 0.872848
7.445000 -0.168144
7.455000 -1.115603
7.465000 -1.926196
7.475000 -2.625723
7.485000 -3.221826
7.495000 -3.713757
7.505000 -4.122432
7.515000 -4.451197
7.525000 -4.706331
7.535000 -4.906983
7.545000 -5.048122
7.555000 -5.147213
7.565000 -5.208672
7.575000 -5.229595
7.585000 -5.226203
7.595000 -5.192991
7.605000 -5.136179
7.615000 -5.056733
7.625000 -4.958620
7.635000 -4.843561
7.645000 -4.709197
7.655000 -4.567376
7.665000 -4.406428
7.675000 -4.247901
7.685000 -4.075116
7.695000 -3.909107
7.705000 -3.744520
7.715000 -3.594298
7.725000 -3.449583
7.735000 -3.315515
7.745000 -3.216692
7.755000 -3.128268
7.765000 -3.076766
7.775000 -3.059681
7.785000 -3.047387
7.795000 -3.086016
7.805000 -3.148028
7.815000 -3.236327
7.825000 -3.350372
7.835000 -3.485085
7.845000 -3.634904
7.855000 -3.798693
7.865000 -3.978021
7.875000 -4.152131
7.885000 -4.332635
7.895000 -4.505429
7.905000 -4.672006
7.915000 -4.823044
7.925000 -4.966479
7.935000 -5.085746
7.945000 -5.184660
7.955000 -5.258680
7.965000 -5.306631
7.975000 -5.328883
7.985000 -5.315354
7.995000 -5.268789
8.005000 -5.178034
8.015000 -5.046161
8.025000 -4.856083
8.035000 -4.621836
8.045000 -4.321431
8.055000 -3.961487
8.065000 -3.528704
8.075000 -3.025750
8.085000 -2.448083
8.095000 -1.785023
8.105000 -1.064343
8.115000 -0.278784
8.125000 0.582396
8.135000 1.473919
8.145000 2.415017
8.155000 3.358687
8.165000 4.332147
8.175000 5.260100
8.185000 6.156492
8.195000 6.970229
8.205000 7.713879
8.215000 8.327739
8.225000 8.851954
8.235000 9.202016
8.245000 9.422021
8.255000 9.470995
8.265000 9.341187
8.275000 9.052860
8.285000 8.646353
8.295000 8.082012
8.305000 7.407956
8.315000 6.613130
8.325000 5.770710
8.335000 4.845446
8.345000 3.883757
8.355000 2.920756
8.365000 1.962808
8.375000 1.047023
8.385000 0.158322
8.395000 -0.658666
8.405000 -1.416813
8.415000 -2.091637
8.425000 -2.690781
8.435000 -3.196718
8.445000 -3.612081
8.455000 -3.946621
8.465000 -4.191483
8.475000 -4.346955
8.485000 -4.421483
8.495000 -4.420596
8.505000 -4.331851
8.515000 -4.174164
8.525000 -3.945532
8.535000 -3.652694
8.545000 -3.288147
8.555000 -2.874069
8.565000 -2.397523
8.575000 -1.885297
8.585000 -1.346213
8.595000 -0.786651
8.605000 -0.213385
8.615000 0.356142
8.625000 0.908754
8.635000 1.430375
8.645000 1.924781
8.655000 2.347462
8.665000 2.693830
8.675000 2.972439
8.685000 3.137269
8.695000 3.247981
8.705000 3.216863
8.715000 3.122458
8.725000 2.925936
8.735000 2.633538
8.745000 2.270439
8.755000 1.823730
8.765000 1.327299
8.775000 0.798389
8.785000 0.227016
8.795000 -0.360099
8.805000 -0.941318
8.815000 -1.504329
8.825000 -2.054452
8.835000 -2.569608
8.845000 -3.035599
8.855000 -3.453715
8.865000 -3.810682
8.875000 -4.108752
8.885000 -4.347055
8.895000 -4.508653
8.905000 -4.604900
8.915000 -4.634358
8.925000 -4.597905
8.935000 -4.482894
8.945000 -4.308245
8.955000 -4.068720
8.965000 -3.768794
8.975000 -3.416879
8.985000 -3.006583
8.995000 -2.557870
9.005000 -2.074251
9.015000 -1.571204
9.025000 -1.049548
9.035000 -0.520200
9.045000 -0.011845
9.055000 0.486412
9.065000 0.956239
9.075000 1.364133
9.085000 1.713029
9.095000 2.009761
9.105000 2.209144
9.115000 2.327127
9.125000 2.363236
9.135000 2.301278
9.145000 2.166576
9.155000 1.927974
9.165000 1.632271
9.175000 1.250820
9.185000 0.822437
9.195000 0.359577
9.205000 -0.142363
9.215000 -0.673297
9.225000 -1.209455
9.235000 -1.717352
9.245000 -2.231397
9.255000 -2.687050
9.265000 -3.124400
9.275000 -3.510613
9.285000 -3.835517
9.295000 -4.102792
9.305000 -4.301487
9.315000 -4.435259
9.325000 -4.503411
9.335000 -4.496035
9.345000 -4.423161
9.355000 -4.282703
9.365000 -4.079480
9.375000 -3.815383
9.385000 -3.493381
9.395000 -3.123118
9.405000 -2.723772
9.415000 -2.273869
9.425000 -1.803862
9.435000 -1.323292
9.445000 -0.865445
9.455000 -0.380079
9.465000 0.051663
9.475000 0.446416
9.485000 0.802845
9.495000 1.102078
9.505000 1.331087
9.515000 1.501183
9.525000 1.572572
9.535000 1.558787
9.545000 1.500408
9.555000 1.339673
9.565000 1.113326
9.575000 0.826408
9.585000 0.488714
9.595000 0.099702
9.605000 -0.293163
9.615000 -0.710363
9.625000 -1.122843
9.635000 -1.515238
9.645000 -1.864329
9.655000 -2.162586
9.665000 -2.399536
9.675000 -2.554140
9.685000 -2.613550
9.695000 -2.562274
9.705000 -2.401842
9.715000 -2.113928
9.725000 -1.694322
9.735000 -1.152375
9.745000 -0.459071
9.755000 0.352110
9.765000 1.295973
9.775000 2.358634
9.785000 3.521623
9.795000 4.789549
9.805000 6.104251
9.815000 7.468696
9.825000 8.855250
9.835000 10.204143
9.845000 11.538094
9.855000 12.777440
9.865000 13.903138
9.875000 14.888246
9.885000 15.714290
9.895000 16.336703
9.905000 16.757647
9.915000 16.948557
9.925000 16.945380
9.935000 16.693708
9.945000 16.207399
9.955000 15.517166
9.965000 14.663843
9.975000 13.612626
9.985000 12.436068
9.995000 11.153509
10.005000 9.793121
10.015000 8.366692
10.025000 6.923531
10.035000 5.521686
10.045000 4.116741
10.055000 2.782807
10.065000 1.514150
10.075000 0.340670
10.085000 -0.750325
10.095000 -1.734772
10.105000 -2.626192
10.115000 -3.416687
10.125000 -4.093517
10.135000 -4.690911
10.145000 -5.197389
10.155000 -5.626837
10.165000 -5.986902
10.175000 -6.279218
10.185000 -6.523730
10.195000 -6.721486
10.205000 -6.879344
10.215000 -7.004353
10.225000 -7.104473
10.235000 -7.183063
10.245000 -7.241782
10.255000 -7.287401
10.265000 -7.321423
10.275000 -7.344612
10.285000 -7.359264
10.295000 -7.366661
10.305000 -7.365949
10.315000 -7.357463
10.325000 -7.342099
10.335000 -7.314984
10.345000 -7.276993
10.355000 -7.227167
10.365000 -7.158747
10.375000 -7.069581
10.385000 -6.961878
10.395000 -6.821859
10.405000 -6.653835
10.415000 -6.447582
10.425000 -6.199468
10.435000 -5.911572
10.445000 -5.564755
10.455000 -5.174914
10.465000 -4.722701
10.475000 -4.203855
10.485000 -3.644832
10.495000 -3.014818
10.505000 -2.334336
10.515000 -1.606299
10.525000 -0.838139
10.535000 -0.033227
10.545000 0.794927
10.555000 1.630635
10.565000 2.448724
10.575000 3.249220
10.585000 4.019419
10.595000 4.724616
10.605000 5.335583
10.615000 5.879214
10.625000 6.310455
10.635000 6.611955
10.645000 6.814777
10.655000 6.877621
10.665000 6.805208
10.675000 6.617478
10.685000 6.289335
10.695000 5.864345
10.705000 5.332032
10.715000 4.716235
10.725000 4.020926
10.735000 3.269759
10.745000 2.503380
10.755000 1.701783
10.765000 0.918742
10.775000 0.140995
10.785000 -0.602226
10.795000 -1.298842
10.805000 -1.944282
10.815000 -2.522300
10.825000 -3.033785
10.835000 -3.467490
10.845000 -3.845544
10.855000 -4.134006
10.865000 -4.366989
10.875000 -4.532486
10.885000 -4.642201
10.895000 -4.699570
10.905000 -4.723952
10.915000 -4.704233
10.925000 -4.664549
10.935000 -4.606544
10.945000 -4.533074
10.955000 -4.460556
10.965000 -4.393768
10.975000 -4.341794
10.985000 -4.290824
10.995000 -4.260450
11.005000 -4.252749
11.015000 -4.257928
11.025000 -4.286987
11.035000 -4.322168
11.045000 -4.373915
11.055000 -4.433497
11.065000 -4.499309
11.075000 -4.552792
11.085000 -4.589813
11.095000 -4.613795
11.105000 -4.596157
11.115000 -4.546543
11.125000 -4.458501
11.135000 -4.311635
11.145000 -4.124159
11.155000 -3.863291
11.165000 -3.540358
11.175000 -3.158210
11.185000 -2.709814
11.195000 -2.203825
11.205000 -1.647982
11.215000 -1.035424
11.225000 -0.400708
11.235000 0.272353
11.245000 0.958967
11.255000 1.636165
11.265000 2.286986
11.275000 2.923135
11.285000 3.494217
11.295000 4.005223
11.305000 4.464031
11.315000 4.814080
11.325000 5.057873
11.335000 5.210493
11.345000 5.252436
11.355000 5.175361
11.365000 5.007914
11.375000 4.746867
11.385000 4.392829
11.395000 3.951869
11.405000 3.462246
11.415000 2.916350
11.425000 2.316826
11.435000 1.734366
11.445000 1.145158
11.455000 0.572862
11.465000 0.045163
11.475000 -0.453100
11.485000 -0.877885
11.495000 -1.258426
11.505000 -1.550687
11.515000 -1.763732
11.525000 -1.905452
11.535000 -1.978772
11.545000 -1.975747
11.555000 -1.913835
11.565000 -1.782418
11.575000 -1.620149
11.585000 -1.434030
11.595000 -1.208381
11.605000 -0.974712
11.615000 -0.754054
11.625000 -0.552525
11.635000 -0.362706
11.645000 -0.203516
11.655000 -0.074856
11.665000 -0.003561
11.675000 0.033242
11.685000 0.023933
11.695000 -0.015972
11.705000 -0.106674
11.715000 -0.207253
11.725000 -0.325099
11.735000 -0.462480
11.745000 -0.574286
11.755000 -0.677071
11.765000 -0.739234
11.775000 -0.767224
11.785000 -0.714818
11.795000 -0.596350
11.805000 -0.409142
11.815000 -0.136279
11.825000 0.228503
11.835000 0.673384
11.845000 1.211093
11.855000 1.820611
11.865000 2.511558
11.875000 3.251027
11.885000 4.023921
11.895000 4.834748
11.905000 5.665439
11.915000 6.456437
11.925000 7.210894
11.935000 7.908982
11.945000 8.529071
11.955000 9.078451
11.965000 9.472647
11.975000 9.757054
11.985000 9.921553
11.995000 9.924259
12.005000 9.827692
12.015000 9.576554
12.025000 9.172155
12.035000 8.674112
12.045000 8.062545
12.055000 7.379940
12.065000 6.596813
12.075000 5.783751
12.085000 4.953994
12.095000 4.100677
12.105000 3.269482
12.115000 2.459392
12.125000 1.678805
12.135000 0.978081
12.145000 0.338759
12.155000 -0.227686
12.165000 -0.722162
12.175000 -1.129201
12.185000 -1.467038
12.195000 -1.723852
12.205000 -1.923770
12.215000 -2.055943
12.225000 -2.145030
12.235000 -2.193475
12.245000 -2.213845
12.255000 -2.212318
12.265000 -2.200274
12.275000 -2.179573
12.285000 -2.181299
12.295000 -2.174376
12.305000 -2.199467
12.315000 -2.224701
12.325000 -2.272721
12.335000 -2.330777
12.345000 -2.407355
12.355000 -2.482811
12.365000 -2.547956
12.375000 -2.622152
12.385000 -2.667706
12.395000 -2.699099
12.405000 -2.685491
12.415000 -2.642743
12.425000 -2.566799
12.435000 -2.426825
12.445000 -2.246241
12.455000 -2.022664
12.465000 -1.747361
12.475000 -1.434852
12.485000 -1.067474
12.495000 -0.682812
12.505000 -0.266949
12.515000 0.167796
12.525000 0.591538
12.535000 1.015797
12.545000 1.406804
12.555000 1.772507
12.565000 2.073662
12.575000 2.350184
12.585000 2.540960
12.595000 2.682191
12.605000 2.723721
12.615000 2.707430
12.625000 2.604459
12.635000 2.429282
12.645000 2.205744
12.655000 1.902901
12.665000 1.569596
12.675000 1.171750
12.685000 0.774476
12.695000 0.341201
12.705000 -0.093745
12.715000 -0.514722
12.725000 -0.928442
12.735000 -1.305175
12.745000 -1.656202
12.755000 -1.971791
12.765000 -2.236897
12.775000 -2.457551
12.785000 -2.649833
12.795000 -2.789371
12.805000 -2.882209
12.815000 -2.938003
12.825000 -2.963741
12.835000 -2.970243
12.845000 -2.956027
12.855000 -2.927354
12.865000 -2.898424
12.875000 -2.866567
12.885000 -2.839980
12.895000 -2.818016
12.905000 -2.812528
12.915000 -2.816279
12.925000 -2.822448
12.935000 -2.830921
12.945000 -2.852122
12.955000 -2.880563
12.965000 -2.886201
12.975000 -2.891834
12.985000 -2.877397
12.995000 -2.837309
13.005000 -2.773220
13.015000 -2.671542
13.025000 -2.537838
13.035000 -2.361519
13.045000 -2.160861
13.055000 -1.913431
13.065000 -1.628624
13.075000 -1.326648
13.085000 -0.984845
13.095000 -0.644138
13.105000 -0.283702
13.115000 0.060693
13.125000 0.396841
13.135000 0.709842
13.145000 0.997116
13.155000 1.228026
13.165000 1.402363
13.175000 1.535596
13.185000 1.585458
13.195000 1.585504
13.205000 1.515186
13.215000 1.374375
13.225000 1.147503
13.235000 0.884832
13.245000 0.552746
13.255000 0.170981
13.265000 -0.242059
13.275000 -0.710334
13.285000 -1.179086
13.295000 -1.662719
13.305000 -2.175110
13.315000 -2.641644
13.325000 -3.119512
13.335000 -3.571627
13.345000 -3.999012
13.355000 -4.399604
13.365000 -4.758988
13.375000 -5.082277
13.385000 -5.366486
13.395000 -5.614202
13.405000 -5.815113
13.415000 -5.976270
13.425000 -6.108058
13.435000 -6.197762
13.445000 -6.249028
13.455000 -6.262298
13.465000 -6.237213
13.475000 -6.182727
13.485000 -6.080311
13.495000 -5.943453
13.505000 -5.765781
13.515000 -5.539082
13.525000 -5.255387
13.535000 -4.929659
13.545000 -4.555319
13.555000 -4.119278
13.565000 -3.626692
13.575000 -3.086593
13.585000 -2.482200
13.595000 -1.832999
13.605000 -1.133561
13.615000 -0.386103
13.625000 0.402547
13.635000 1.191971
13.645000 2.003869
13.655000 2.821897
13.665000 3.634811
13.675000 4.397476
13.685000 5.130832
13.695000 5.805281
13.705000 6.396180
13.715000 6.933587
13.725000 7.347083
13.735000 7.680143
13.745000 7.891309
13.755000 7.994453
13.765000 7.975227
13.775000 7.838348
13.785000 7.604954
13.795000 7.274130
13.805000 6.853724
13.815000 6.345101
13.825000 5.781516
13.835000 5.162652
13.845000 4.509687
13.855000 3.822715
13.865000 3.151815
13.875000 2.478344
13.885000 1.818430
13.895000 1.194940
13.905000 0.605971
13.915000 0.060176
13.925000 -0.414843
13.935000 -0.857224
13.945000 -1.231206
13.955000 -1.554808
13.965000 -1.825071
13.975000 -2.051340
13.985000 -2.212676
13.995000 -2.339462
14.005000 -2.412675
14.015000 -2.444894
14.025000 -2.426775
14.035000 -2.376075
14.045000 -2.286010
14.055000 -2.147198
14.065000 -1.954707
14.075000 -1.719515
14.085000 -1.438717
14.095000 -1.109473
14.105000 -0.724781
14.115000 -0.286405
14.125000 0.205624
14.135000 0.747027
14.145000 1.333800
14.155000 1.977664
14.165000 2.636862
14.175000 3.342052
14.185000 4.058031
14.195000 4.788284
14.205000 5.509692
14.215000 6.205317
14.225000 6.864610
14.235000 7.494846
14.245000 8.057837
14.255000 8.530672
14.265000 8.947672
14.275000 9.261386
14.285000 9.487205
14.295000 9.599280
14.305000 9.618267
14.315000 9.546427
14.325000 9.378297
14.335000 9.120101
14.345000 8.770697
14.355000 8.384634
14.365000 7.925698
14.375000 7.439229
14.385000 6.915406
14.395000 6.386916
14.405000 5.854832
14.415000 5.351795
14.425000 4.836380
14.435000 4.373948
14.445000 3.920057
14.455000 3.521926
14.465000 3.160556
14.475000 2.830614
14.485000 2.543330
14.495000 2.253556
14.505000 2.024301
14.515000 1.806201
14.525000 1.600509
14.535000 1.395077
14.545000 1.191286
14.555000 0.983933
14.565000 0.774342
14.575000 0.540412
14.585000 0.308612
14.595000 0.049457
14.605000 -0.218855
14.615000 -0.484977
14.625000 -0.776108
14.635000 -1.068000
14.645000 -1.374379
14.655000 -1.654616
14.665000 -1.941193
14.675000 -2.217223
14.685000 -2.484113
14.695000 -2.730916
14.705000 -2.963366
14.715000 -3.187412
14.725000 -3.380699
14.735000 -3.572346
14.745000 -3.744500
14.755000 -3.900523
14.765000 -4.054473
14.775000 -4.208564
14.785000 -4.339347
14.795000 -4.480874
14.805000 -4.626582
14.815000 -4.788874
14.825000 -4.936713
14.835000 -5.107770
14.845000 -5.285884
14.855000 -5.471398
14.865000 -5.673451
14.875000 -5.874564
14.885000 -6.088485
14.895000 -6.317030
14.905000 -6.540571
14.915000 -6.760854
14.925000 -6.981682
14.935000 -7.189782
14.945000 -7.393651
14.955000 -7.581879
14.965000 -7.754575
14.975000 -7.901622
14.985000 -8.026049
14.995000 -8.121859
15.005000 -8.180541
15.015000 -8.206827
15.025000 -8.197124
15.035000 -8.140233
15.045000 -8.040863
15.055000 -7.888353
15.065000 -7.689425
15.075000 -7.435714
15.085000 -7.129517
15.095000 -6.764406
15.105000 -6.346259
15.115000 -5.859967
15.125000 -5.328183
15.135000 -4.739164
15.145000 -4.106866
15.155000 -3.419328
15.165000 -2.697336
15.175000 -1.934386
15.185000 -1.163506
15.195000 -0.369908
15.205000 0.428149
15.215000 1.224671
15.225000 1.994830
15.235000 2.735072
15.245000 3.419841
15.255000 4.064094
15.265000 4.620369
15.275000 5.111831
15.285000 5.521520
15.295000 5.817128
15.305000 6.018747
15.315000 6.116556
15.325000 6.103156
15.335000 5.993071
15.345000 5.757684
15.355000 5.448016
15.365000 5.054204
15.375000 4.546055
15.385000 4.000452
15.395000 3.392368
15.405000 2.728797
15.415000 2.029082
15.425000 1.317804
15.435000 0.587471
15.445000 -0.124626
15.455000 -0.832077
15.465000 -1.499280
15.475000 -2.129723
15.485000 -2.717832
15.495000 -3.248775
15.505000 -3.709734
15.515000 -4.108506
15.525000 -4.431398
15.535000 -4.680981
15.545000 -4.860841
15.555000 -4.955825
15.565000 -4.961146
15.575000 -4.909709
15.585000 -4.761786
15.595000 -4.544335
15.605000 -4.249084
15.615000 -3.892320
15.625000 -3.469203
15.635000 -2.968809
15.645000 -2.423312
15.655000 -1.843517
15.665000 -1.210399
15.675000 -0.551756
15.685000 0.122203
15.695000 0.818820
15.705000 1.504527
15.715000 2.182802
15.725000 2.838085
15.735000 3.461049
15.745000 4.045984
15.755000 4.570034
15.765000 5.042987
15.775000 5.454172
15.785000 5.787234
15.795000 6.046000
15.805000 6.221951
15.815000 6.313079
15.825000 6.346132
15.835000 6.318825
15.845000 6.222129
15.855000 6.048427
15.865000 5.830107
15.875000 5.569576
15.885000 5.272127
15.895000 4.939861
15.905000 4.582162
15.915000 4.220463
15.925000 3.864887
15.935000 3.489911
15.945000 3.133259
15.955000 2.794108
15.965000 2.467423
15.975000 2.134461
15.985000 1.838103
15.995000 1.579877
16.005000 1.315984
16.015000 1.081455
16.025000 0.876755
16.035000 0.659191
16.045000 0.472626
16.055000 0.300903
16.065000 0.146356
16.075000 -0.008754
16.085000 -0.140234
16.095000 -0.259237
16.105000 -0.378676
16.115000 -0.478427
16.125000 -0.558520
16.135000 -0.640406
16.145000 -0.711189
16.155000 -0.750849
16.165000 -0.796686
16.175000 -0.839168
16.185000 -0.858573
16.195000 -0.889545
16.205000 -0.905587
16.215000 -0.928320
16.225000 -0.944197
16.235000 -0.964057
16.245000 -0.966980
16.255000 -1.009092
16.265000 -1.043203
16.275000 -1.090123
16.285000 -1.138267
16.295000 -1.202787
16.305000 -1.263404
16.315000 -1.343886
16.325000 -1.413540
16.335000 -1.490683
16.345000 -1.571017
16.355000 -1.656991
16.365000 -1.733960
16.375000 -1.788265
16.385000 -1.851112
16.395000 -1.889289
16.405000 -1.905160
16.415000 -1.923306
16.425000 -1.905044
16.435000 -1.860748
16.445000 -1.788698
16.455000 -1.685543
16.465000 -1.568558
16.475000 -1.412879
16.485000 -1.216777
16.495000 -0.988683
16.505000 -0.729990
16.515000 -0.429295
16.525000 -0.090626
16.535000 0.275244
16.545000 0.674380
16.555000 1.102108
16.565000 1.579067
16.575000 2.071572
16.585000 2.571763
16.595000 3.101540
16.605000 3.651671
16.615000 4.190648
16.625000 4.734387
16.635000 5.264419
16.645000 5.777793
16.655000 6.260543
16.665000 6.700792
16.675000 7.107927
16.685000 7.444357
16.695000 7.727513
16.705000 7.951935
16.715000 8.088724
16.725000 8.151998
16.735000 8.136026
16.745000 8.032174
16.755000 7.860567
16.765000 7.592074
16.775000 7.251282
16.785000 6.858151
16.795000 6.390680
16.805000 5.877329
16.815000 5.323744
16.825000 4.716641
16.835000 4.097201
16.845000 3.468091
16.855000 2.812994
16.865000 2.174552
16.875000 1.545349
16.885000 0.924911
16.895000 0.342563
16.905000 -0.210862
16.915000 -0.723702
16.925000 -1.205508
16.935000 -1.641490
16.945000 -2.026359
16.955000 -2.377364
16.965000 -2.667680
16.975000 -2.924327
16.985000 -3.132179
16.995000 -3.284056
17.005000 -3.414580
17.015000 -3.507898
17.025000 -3.555310
17.035000 -3.588102
17.045000 -3.577685
17.055000 -3.543799
17.065000 -3.500052
17.075000 -3.447753
17.085000 -3.368307
17.095000 -3.295726
17.105000 -3.213144
17.115000 -3.132216
17.125000 -3.059773
17.135000 -2.993108
17.145000 -2.928779
17.155000 -2.881200
17.165000 -2.861609
17.175000 -2.860511
17.185000 -2.861405
17.195000 -2.887488
17.205000 -2.932853
17.215000 -2.991849
17.225000 -3.066924
17.235000 -3.158828
17.245000 -3.265778
17.255000 -3.381777
17.265000 -3.510790
17.275000 -3.635128
17.285000 -3.774702
17.295000 -3.901192
17.305000 -4.029540
17.315000 -4.149963
17.325000 -4.273835
17.335000 -4.369287
17.345000 -4.469717
17.355000 -4.548986
17.365000 -4.613920
17.375000 -4.665457
17.385000 -4.697090
17.395000 -4.715927
17.405000 -4.719047
17.415000 -4.703020
17.425000 -4.670802
17.435000 -4.617186
17.445000 -4.554942
17.455000 -4.478484
17.465000 -4.375799
17.475000 -4.276096
17.485000 -4.155484
17.495000 -4.032312
17.505000 -3.891991
17.515000 -3.762991
17.525000 -3.613494
17.535000 -3.474033
17.545000 -3.319493
17.555000 -3.171459
17.565000 -3.029086
17.575000 -2.902303
17.585000 -2.760137
17.595000 -2.637244
17.605000 -2.514690
17.615000 -2.394161
17.625000 -2.298409
17.635000 -2.196285
17.645000 -2.092250
17.655000 -2.017170
17.665000 -1.920272
17.675000 -1.841868
17.685000 -1.754935
17.695000 -1.675818
17.705000 -1.579939
17.715000 -1.485827
17.725000 -1.385691
17.735000 -1.261656
17.745000 -1.128528
17.755000 -0.987550
17.765000 -0.824301
17.775000 -0.655133
17.785000 -0.461952
17.795000 -0.243929
17.805000 -0.008136
17.815000 0.256696
17.825000 0.531275
17.835000 0.817427
17.845000 1.143325
17.855000 1.474085
17.865000 1.819900
17.875000 2.194376
17.885000 2.557377
17.895000 2.946248
17.905000 3.322132
17.915000 3.710393
17.925000 4.087793
17.935000 4.446535
17.945000 4.782312
17.955000 5.108483
17.965000 5.418941
17.975000 5.675208
17.985000 5.897104
17.995000 6.073665
18.005000 6.199958
18.015000 6.270393
18.025000 6.297757
18.035000 6.258976
18.045000 6.173195
18.055000 6.020947
18.065000 5.831161
18.075000 5.585150
18.085000 5.285878
18.095000 4.946449
18.105000 4.591650
18.115000 4.177321
18.125000 3.774368
18.135000 3.355827
18.145000 2.918978
18.155000 2.494417
18.165000 2.085047
18.175000 1.692726
18.185000 1.340366
18.195000 1.011164
18.205000 0.744105
18.215000 0.501942
18.225000 0.328994
18.235000 0.200051
18.245000 0.135555
18.255000 0.106098
18.265000 0.155163
18.275000 0.241176
18.285000 0.393639
18.295000 0.579346
18.305000 0.809354
18.315000 1.090504
18.325000 1.373665
18.335000 1.677686
18.345000 1.995396
18.355000 2.321505
18.365000 2.645099
18.375000 2.936198
18.385000 3.205247
18.395000 3.452304
18.405000 3.654613
18.415000 3.801915
18.425000 3.914913
18.435000 3.966672
18.445000 3.955297
18.455000 3.881598
18.465000 3.733920
18.475000 3.542614
18.485000 3.284854
18.495000 2.963801
18.505000 2.603760
18.515000 2.203734
18.525000 1.756070
18.535000 1.285769
18.545000 0.798859
18.555000 0.291671
18.565000 -0.210026
18.575000 -0.707221
18.585000 -1.186294
18.595000 -1.635230
18.605000 -2.059839
18.615000 -2.438837
18.625000 -2.764023
18.635000 -3.048323
18.645000 -3.270900
18.655000 -3.431813
18.665000 -3.538468
18.675000 -3.580669
18.685000 -3.569958
18.695000 -3.501524
18.705000 -3.379059
18.715000 -3.204859
18.725000 -2.982228
18.735000 -2.744403
18.745000 -2.456413
18.755000 -2.156811
18.765000 -1.838643
18.775000 -1.522763
18.785000 -1.186885
18.795000 -0.884166
18.805000 -0.593501
18.815000 -0.296327
18.825000 -0.065962
18.835000 0.144774
18.845000 0.332118
18.855000 0.476959
18.865000 0.577295
18.875000 0.628738
18.885000 0.655537
18.895000 0.640877
18.905000 0.573929
18.915000 0.492264
18.925000 0.375552
18.935000 0.235553
18.945000 0.080559
18.955000 -0.097786
18.965000 -0.261959
18.975000 -0.436689
18.985000 -0.594132
18.995000 -0.755713
19.005000 -0.895497
19.015000 -1.003239
19.025000 -1.082964
19.035000 -1.146589
19.045000 -1.179714
19.055000 -1.164188
19.065000 -1.124379
19.075000 -1.043021
19.085000 -0.932528
19.095000 -0.770506
19.105000 -0.599083
19.115000 -0.383324
19.125000 -0.166147
19.135000 0.083682
19.145000 0.331598
19.155000 0.604382
19.165000 0.865950
19.175000 1.128952
19.185000 1.370741
19.195000 1.609455
19.205000 1.814135
19.215000 1.993095
19.225000 2.140696
19.235000 2.256923
19.245000 2.321765
19.255000 2.375578
19.265000 2.360800
19.275000 2.309823
19.285000 2.224071
19.295000 2.092225
19.305000 1.943084
19.315000 1.742113
19.325000 1.512129
19.335000 1.245543
19.345000 0.957874
19.355000 0.660637
19.365000 0.344842
19.375000 0.022980
19.385000 -0.302209
19.395000 -0.627832
19.405000 -0.946636
19.415000 -1.255840
19.425000 -1.562344
19.435000 -1.842650
19.445000 -2.099092
19.455000 -2.337163
19.465000 -2.554042
19.475000 -2.742681
19.485000 -2.906246
19.495000 -3.046511
19.505000 -3.145875
19.515000 -3.244923
19.525000 -3.296135
19.535000 -3.328436
19.545000 -3.344418
19.555000 -3.323705
19.565000 -3.288422
19.575000 -3.239499
19.585000 -3.161083
19.595000 -3.077449
19.605000 -2.973478
19.615000 -2.852973
19.625000 -2.739329
19.635000 -2.591006
19.645000 -2.449389
19.655000 -2.303651
19.665000 -2.135116
19.675000 -1.971919
19.685000 -1.804689
19.695000 -1.642551
19.705000 -1.471315
19.715000 -1.300073
19.725000 -1.131772
19.735000 -0.967983
19.745000 -0.805022
19.755000 -0.645151
19.765000 -0.481051
19.775000 -0.328314
19.785000 -0.194627
19.795000 -0.063373
19.805000 0.055537
19.815000 0.177408
19.825000 0.282292
19.835000 0.390042
19.845000 0.472641
19.855000 0.544357
19.865000 0.610412
19.875000 0.660535
19.885000 0.699062
19.895000 0.730512
19.905000 0.736318
19.915000 0.733816
19.925000 0.722193
19.935000 0.699225
19.945000 0.666852
19.955000 0.620647
19.965000 0.558035
19.975000 0.480847
19.985000 0.405374
19.995000 0.315538
20.005000 0.218337
20.015000 0.117877
20.025000 0.015983
20.035000 -0.104467
20.045000 -0.210697
20.055000 -0.312720
20.065000 -0.429866
20.075000 -0.528518
20.085000 -0.614288
20.095000 -0.695306
20.105000 -0.760392
20.115000 -0.811238
20.125000 -0.845882
20.135000 -0.855723
20.145000 -0.836717
20.155000 -0.786532
20.165000 -0.725487
20.175000 -0.627231
20.185000 -0.493399
20.195000 -0.342349
20.205000 -0.158430
20.215000 0.056647
20.225000 0.292863
20.235000 0.540938
20.245000 0.829059
20.255000 1.113211
20.265000 1.413229
20.275000 1.720241
20.285000 2.030361
20.295000 2.313325
20.305000 2.607297
20.315000 2.866733
20.325000 3.105673
20.335000 3.326132
20.345000 3.505541
20.355000 3.639529
20.365000 3.738877
20.375000 3.796264
20.385000 3.795495
20.395000 3.738871
20.405000 3.655713
20.415000 3.504364
20.425000 3.331925
20.435000 3.098834
20.445000 2.827430
20.455000 2.500511
20.465000 2.163767
20.475000 1.796227
20.485000 1.429796
20.495000 1.030393
20.505000 0.634224
20.515000 0.239716
20.525000 -0.138093
20.535000 -0.515954
20.545000 -0.856669
20.555000 -1.157042
20.565000 -1.428740
20.575000 -1.676533
20.585000 -1.880547
20.595000 -2.035144
20.605000 -2.152143
20.615000 -2.211163
20.625000 -2.239497
20.635000 -2.214695
20.645000 -2.151977
20.655000 -2.052927
20.665000 -1.919486
20.675000 -1.756988
20.685000 -1.562176
20.695000 -1.348237
20.705000 -1.118147
20.715000 -0.875863
20.725000 -0.625241
20.735000 -0.369687
20.745000 -0.109830
20.755000 0.112024
20.765000 0.351535
20.775000 0.584697
20.785000 0.780147
20.795000 0.964105
20.805000 1.140228
20.815000 1.283009
20.825000 1.413161
20.835000 1.526541
20.845000 1.609049
20.855000 1.685083
20.865000 1.735862
20.875000 1.757587
20.885000 1.771595
20.895000 1.777392
20.905000 1.750358
20.915000 1.715816
20.925000 1.676345
20.935000 1.620519
20.945000 1.572327
20.955000 1.511656
20.965000 1.439812
20.975000 1.353199
20.985000 1.282732
20.995000 1.203899
21.005000 1.125169
21.015000 1.031349
21.025000 0.940543
21.035000 0.860946
21.045000 0.764636
21.055000 0.688958
21.065000 0.604918
21.075000 0.513889
21.085000 0.427507
21.095000 0.337928
21.105000 0.262118
21.115000 0.180486
21.125000 0.109308
21.135000 0.026046
21.145000 -0.029857
21.155000 -0.097950
21.165000 -0.149574
21.175000 -0.201935
21.185000 -0.237906
21.195000 -0.268971
21.205000 -0.288589
21.215000 -0.302086
21.225000 -0.306826
21.235000 -0.293915
21.245000 -0.266954
21.255000 -0.216542
21.265000 -0.174489
21.275000 -0.105135
21.285000 -0.030828
21.295000 0.063182
21.305000 0.163337
21.315000 0.265059
21.325000 0.380602
21.335000 0.493540
21.345000 0.614382
21.355000 0.729376
21.365000 0.836890
21.375000 0.952825
21.385000 1.055414
21.395000 1.142774
21.405000 1.221061
21.415000 1.276733
21.425000 1.306577
21.435000 1.324261
21.445000 1.325998
21.455000 1.299621
21.465000 1.240108
21.475000 1.173792
21.485000 1.062698
21.495000 0.955116
21.505000 0.819822
21.515000 0.661737
21.525000 0.497276
21.535000 0.325823
21.545000 0.148141
21.555000 -0.034804
21.565000 -0.225281
21.575000 -0.396192
21.585000 -0.562563
21.595000 -0.705048
21.605000 -0.834405
21.615000 -0.945817
21.625000 -1.027850
21.635000 -1.085099
21.645000 -1.117789
21.655000 -1.110191
21.665000 -1.079670
21.675000 -1.027213
21.685000 -0.934630
21.695000 -0.840164
21.705000 -0.691248
21.715000 -0.546865
21.725000 -0.377312
21.735000 -0.214209
21.745000 -0.041525
21.755000 0.142794
21.765000 0.308684
21.775000 0.472403
21.785000 0.612728
21.795000 0.718799
21.805000 0.823608
21.815000 0.886071
21.825000 0.924799
21.835000 0.916347
21.845000 0.884540
21.855000 0.819867
21.865000 0.711401
21.875000 0.570604
21.885000 0.400964
21.895000 0.187748
21.905000 -0.034282
21.915000 -0.300536
21.925000 -0.582979
21.935000 -0.869931
21.945000 -1.183971
21.955000 -1.502270
21.965000 -1.829202
21.975000 -2.156882
21.985000 -2.471066
21.995000 -2.775357
22.005000 -3.071922
22.015000 -3.358326
22.025000 -3.615111
22.035000 -3.853413
22.045000 -4.076159
22.055000 -4.263559
22.065000 -4.427809
22.075000 -4.570572
22.085000 -4.677113
22.095000 -4.756231
22.105000 -4.812943
22.115000 -4.832193
22.125000 -4.839692
22.135000 -4.820080
22.145000 -4.756175
22.155000 -4.681543
22.165000 -4.584136
22.175000 -4.459532
22.185000 -4.307428
22.195000 -4.143647
22.205000 -3.956230
22.215000 -3.748011
22.225000 -3.524822
22.235000 -3.277325
22.245000 -3.020945
22.255000 -2.733594
22.265000 -2.434257
22.275000 -2.113942
22.285000 -1.785671
22.295000 -1.437027
22.305000 -1.068456
22.315000 -0.701803
22.325000 -0.318259
22.335000 0.076592
22.345000 0.468820
22.355000 0.874453
22.365000 1.282243
22.375000 1.684515
22.385000 2.093241
22.395000 2.479982
22.405000 2.861732
22.415000 3.239134
22.425000 3.588845
22.435000 3.910292
22.445000 4.225528
22.455000 4.496495
22.465000 4.742425
22.475000 4.964896
22.485000 5.144837
22.495000 5.292117
22.505000 5.405117
22.515000 5.469243
22.525000 5.509176
22.535000 5.534425
22.545000 5.497338
22.555000 5.423652
22.565000 5.321851
22.575000 5.212230
22.585000 5.040177
22.595000 4.871268
22.605000 4.668882
22.615000 4.464770
22.625000 4.228800
22.635000 4.005566
22.645000 3.739990
22.655000 3.504659
22.665000 3.247505
22.675000 3.006402
22.685000 2.772541
22.695000 2.545932
22.705000 2.311640
22.715000 2.096899
22.725000 1.888604
22.735000 1.698173
22.745000 1.516118
22.755000 1.350782
22.765000 1.176749
22.775000 1.024552
22.785000 0.891379
22.795000 0.745810
22.805000 0.614422
22.815000 0.485275
22.825000 0.350695
22.835000 0.232975
22.845000 0.106767
22.855000 -0.024840
22.865000 -0.142450
22.875000 -0.285275
22.885000 -0.412792
22.895000 -0.552538
22.905000 -0.700931
22.915000 -0.855225
22.925000 -1.005112
22.935000 -1.161572
22.945000 -1.329195
22.955000 -1.484012
22.965000 -1.650117
22.975000 -1.823350
22.985000 -1.987432
22.995000 -2.166653
23.005000 -2.334286
23.015000 -2.500866
23.025000 -2.665309
23.035000 -2.822855
23.045000 -2.967179
23.055000 -3.115760
23.065000 -3.249584
23.075000 -3.378381
23.085000 -3.487858
23.095000 -3.592165
23.105000 -3.681610
23.115000 -3.767639
23.125000 -3.825215
23.135000 -3.879720
23.145000 -3.917159
23.155000 -3.918378
23.165000 -3.916235
23.175000 -3.888132
23.185000 -3.840034
23.195000 -3.774844
23.205000 -3.682934
23.215000 -3.567776
23.225000 -3.432651
23.235000 -3.277892
23.245000 -3.086307
23.255000 -2.877802
23.265000 -2.646435
23.275000 -2.388026
23.285000 -2.107588
23.295000 -1.817443
23.305000 -1.487776
23.315000 -1.152312
23.325000 -0.798660
23.335000 -0.433768
23.345000 -0.060432
23.355000 0.324907
23.365000 0.709021
23.375000 1.100846
23.385000 1.471905
23.395000 1.837988
23.405000 2.204583
23.415000 2.565575
23.425000 2.882500
23.435000 3.186270
23.445000 3.466883
23.455000 3.716157
23.465000 3.939402
23.475000 4.118027
23.485000 4.278017
23.495000 4.396323
23.505000 4.478049
23.515000 4.521662
23.525000 4.534443
23.535000 4.527846
23.545000 4.472319
23.555000 4.394665
23.565000 4.291334
23.575000 4.165837
23.585000 4.021326
23.595000 3.866801
23.605000 3.707529
23.615000 3.512882
23.625000 3.335958
23.635000 3.150106
23.645000 2.977901
23.655000 2.804177
23.665000 2.623759
23.675000 2.482456
23.685000 2.334907
23.695000 2.209057
23.705000 2.097792
23.715000 2.002506
23.725000 1.908131
23.735000 1.851160
23.745000 1.799634
23.755000 1.756499
23.765000 1.745280
23.775000 1.726865
23.785000 1.703785
23.795000 1.705365
23.805000 1.724158
23.815000 1.730442
23.825000 1.744277
23.835000 1.747888
23.845000 1.760315
23.855000 1.770858
23.865000 1.771161
23.875000 1.764045
23.885000 1.758350
23.895000 1.742675
23.905000 1.707436
23.915000 1.661448
23.925000 1.620201
23.935000 1.558710
23.945000 1.495941
23.955000 1.407537
23.965000 1.329349
23.975000 1.224017
23.985000 1.112434
23.995000 0.988958
24.005000 0.866670
24.015000 0.728864
24.025000 0.574719
24.035000 0.407211
24.045000 0.250258
24.055000 0.072229
24.065000 -0.105641
24.075000 -0.300511
24.085000 -0.508702
24.095000 -0.697731
24.105000 -0.903152
24.115000 -1.136000
24.125000 -1.343504
24.135000 -1.554393
24.145000 -1.777040
24.155000 -2.003460
24.165000 -2.216204
24.175000 -2.423737
24.185000 -2.633940
24.195000 -2.837809
24.205000 -3.045648
24.215000 -3.222817
24.225000 -3.399386
24.235000 -3.562673
24.245000 -3.718622
24.255000 -3.856851
24.265000 -3.978393
24.275000 -4.084575
24.285000 -4.171688
24.295000 -4.242342
24.305000 -4.312907
24.315000 -4.358164
24.325000 -4.381031
24.335000 -4.397039
24.345000 -4.397887
24.355000 -4.391957
24.365000 -4.362414
24.375000 -4.330306
24.385000 -4.293341
24.395000 -4.232167
24.405000 -4.176170
24.415000 -4.103619
24.425000 -4.042871
24.435000 -3.960546
24.445000 -3.887438
24.455000 -3.805397
24.465000 -3.723998
24.475000 -3.639314
24.485000 -3.553869
24.495000 -3.468207
24.505000 -3.378563
24.515000 -3.283800
24.525000 -3.193021
24.535000 -3.091444
24.545000 -2.987666
24.555000 -2.882399
24.565000 -2.770313
24.575000 -2.655261
24.585000 -2.531405
24.595000 -2.394473
24.605000 -2.249299
24.615000 -2.104133
24.625000 -1.952395
24.635000 -1.782090
24.645000 -1.604871
24.655000 -1.424015
24.665000 -1.248001
24.675000 -1.047495
24.685000 -0.854685
24.695000 -0.641271
24.705000 -0.426671
24.715000 -0.217109
24.725000 -0.004697
24.735000 0.203453
24.745000 0.407124
24.755000 0.632472
24.765000 0.839440
24.775000 1.040547
24.785000 1.234771
24.795000 1.427584
24.805000 1.613565
24.815000 1.788107
24.825000 1.959356
24.835000 2.108482
24.845000 2.253146
24.855000 2.385619
24.865000 2.529150
24.875000 2.627014
24.885000 2.732985
24.895000 2.813836
24.905000 2.888946
24.915000 2.954162
24.925000 3.012812
24.935000 3.046369
24.945000 3.073180
24.955000 3.084822
24.965000 3.100052
24.975000 3.083889
24.985000 3.074004
24.995000 3.046464
25.005000 3.020181
25.015000 2.975020
25.025000 2.922388
25.035000 2.862446
25.045000 2.805833
25.055000 2.745260
25.065000 2.665017
25.075000 2.596460
25.085000 2.513949
25.095000 2.440862
25.105000 2.363194
25.115000 2.286728
25.125000 2.210865
25.135000 2.143395
25.145000 2.078467
25.155000 2.011340
25.165000 1.952773
25.175000 1.890419
25.185000 1.838012
25.195000 1.796532
25.205000 1.749789
25.215000 1.719670
25.225000 1.673483
25.235000 1.644169
25.245000 1.619573
25.255000 1.593878
25.265000 1.571549
25.275000 1.539211
25.285000 1.524439
25.295000 1.494474
25.305000 1.467402
25.315000 1.440912
25.325000 1.409645
25.335000 1.373681
25.345000 1.346147
25.355000 1.299825
25.365000 1.267974
25.375000 1.215648
25.385000 1.173574
25.395000 1.120736
25.405000 1.073147
25.415000 1.019596
25.425000 0.951527
25.435000 0.892675
25.445000 0.835926
25.455000 0.785739
25.465000 0.723229
25.475000 0.668085
25.485000 0.615509
25.495000 0.562499
25.505000 0.517764
25.515000 0.471905
25.525000 0.428625
25.535000 0.389081
25.545000 0.338624
25.555000 0.307391
25.565000 0.266246
25.575000 0.229414
25.585000 0.193230
25.595000 0.148736
25.605000 0.108754
25.615000 0.073639
25.625000 0.024474
25.635000 -0.002781
25.645000 -0.068871
25.655000 -0.122005
25.665000 -0.175618
25.675000 -0.243453
25.685000 -0.304063
25.695000 -0.373164
25.705000 -0.439796
25.715000 -0.505338
25.725000 -0.591179
25.735000 -0.657468
25.745000 -0.729611
25.755000 -0.804910
25.765000 -0.879387
25.775000 -0.943691
25.785000 -0.997809
25.795000 -1.058641
25.805000 -1.104387
25.815000 -1.149793
25.825000 -1.177641
25.835000 -1.213803
25.845000 -1.226783
25.855000 -1.228671
25.865000 -1.224598
25.875000 -1.201902
25.885000 -1.171210
25.895000 -1.137157
25.905000 -1.088902
25.915000 -1.022270
25.925000 -0.953374
25.935000 -0.871560
25.945000 -0.786074
25.955000 -0.676725
25.965000 -0.576712
25.975000 -0.459858
25.985000 -0.339853
25.995000 -0.220755
26.005000 -0.088511
26.015000 0.047543
26.025000 0.187722
26.035000 0.314163
26.045000 0.445214
26.055000 0.593647
26.065000 0.717407
26.075000 0.861050
26.085000 0.985875
26.095000 1.115340
26.105000 1.231065
26.115000 1.360165
26.125000 1.460459
26.135000 1.568126
26.145000 1.652729
26.155000 1.744698
26.165000 1.823602
26.175000 1.894187
26.185000 1.952419
26.195000 2.011903
26.205000 2.058143
26.215000 2.089312
26.225000 2.109892
26.235000 2.105225
26.245000 2.114377
26.255000 2.116520
26.265000 2.079202
26.275000 2.059821
26.285000 2.023528
26.295000 1.979239
26.305000 1.913447
26.315000 1.862161
26.325000 1.789374
26.335000 1.718824
26.345000 1.622874
26.355000 1.538437
26.365000 1.420265
26.375000 1.318800
26.385000 1.212414
26.395000 1.083977
26.405000 0.949402
26.415000 0.818242
26.425000 0.671034
26.435000 0.517396
26.445000 0.367546
26.455000 0.195067
26.465000 0.012607
26.475000 -0.179077
26.485000 -0.367062
26.495000 -0.570117
26.505000 -0.795251
26.515000 -1.012609
26.525000 -1.234343
26.535000 -1.479508
26.545000 -1.718490
26.555000 -1.965835
26.565000 -2.216268
26.575000 -2.471155
26.585000 -2.737036
26.595000 -2.997668
26.605000 -3.246935
26.615000 -3.505249
26.625000 -3.762643
26.635000 -4.007452
26.645000 -4.246665
26.655000 -4.482553
26.665000 -4.695126
26.675000 -4.894923
26.685000 -5.082636
26.695000 -5.259003
26.705000 -5.417012
26.715000 -5.544989
26.725000 -5.658574
26.735000 -5.748826
26.745000 -5.811929
26.755000 -5.848242
26.765000 -5.857733
26.775000 -5.845219
26.785000 -5.801323
26.795000 -5.724706
26.805000 -5.632264
26.815000 -5.499921
26.825000 -5.341693
26.835000 -5.151596
26.845000 -4.947880
26.855000 -4.717923
26.865000 -4.451374
26.875000 -4.166800
26.885000 -3.852338
26.895000 -3.531396
26.905000 -3.188165
26.915000 -2.819427
26.925000 -2.439451
26.935000 -2.058870
26.945000 -1.648701
26.955000 -1.245108
26.965000 -0.847131
26.975000 -0.434765
26.985000 -0.035179
26.995000 0.369797
27.005000 0.762578
27.015000 1.135055
27.025000 1.506054
27.035000 1.849332
27.045000 2.174441
27.055000 2.482536
27.065000 2.775910
27.075000 3.044376
27.085000 3.280484
27.095000 3.488339
27.105000 3.679130
27.115000 3.846730
27.125000 3.985739
27.135000 4.078034
27.145000 4.153897
27.155000 4.202113
27.165000 4.247047
27.175000 4.246010
27.185000 4.219166
27.195000 4.176513
27.205000 4.136569
27.215000 4.070248
27.225000 3.973083
27.235000 3.863081
27.245000 3.748695
27.255000 3.622799
27.265000 3.483287
27.275000 3.353124
27.285000 3.211685
27.295000 3.054063
27.305000 2.910031
27.315000 2.745862
27.325000 2.581222
27.335000 2.435969
27.345000 2.281645
27.355000 2.119594
27.365000 1.977163
27.375000 1.817335
27.385000 1.673800
27.395000 1.529224
27.405000 1.386250
27.415000 1.251409
27.425000 1.125295
27.435000 0.986278
27.445000 0.856905
27.455000 0.747195
27.465000 0.617992
27.475000 0.511914
27.485000 0.400831
27.495000 0.305886
27.505000 0.191313
27.515000 0.114285
27.525000 0.028882
27.535000 -0.033100
27.545000 -0.102888
27.555000 -0.150968
27.565000 -0.192400
27.575000 -0.227624
27.585000 -0.247756
27.595000 -0.265146
27.605000 -0.260963
27.615000 -0.247372
27.625000 -0.211532
27.635000 -0.164885
27.645000 -0.114052
27.655000 -0.036126
27.665000 0.047240
27.675000 0.145266
27.685000 0.262577
27.695000 0.382810
27.705000 0.525006
27.715000 0.664371
27.725000 0.823599
27.735000 0.990352
27.745000 1.162886
27.755000 1.330023
27.765000 1.513089
27.775000 1.672457
27.785000 1.860900
27.795000 2.031612
27.805000 2.200238
27.815000 2.365827
27.825000 2.514194
27.835000 2.660766
27.845000 2.783910
27.855000 2.903385
27.865000 3.001179
27.875000 3.076412
27.885000 3.147961
27.895000 3.185103
27.905000 3.206549
27.915000 3.210303
27.925000 3.184451
27.935000 3.150353
27.945000 3.094878
27.955000 3.015450
27.965000 2.919660
27.975000 2.808898
27.985000 2.671587
27.995000 2.530472
28.005000 2.380457
28.015000 2.207017
28.025000 2.027687
28.035000 1.844399
28.045000 1.639193
28.055000 1.440259
28.065000 1.238163
28.075000 1.043353
28.085000 0.840251
28.095000 0.642617
28.105000 0.448704
28.115000 0.250237
28.125000 0.070115
28.135000 -0.105235
28.145000 -0.278043
28.155000 -0.439269
28.165000 -0.587458
28.175000 -0.745710
28.185000 -0.873566
28.195000 -0.993376
28.205000 -1.107831
28.215000 -1.203483
28.225000 -1.305347
28.235000 -1.387421
28.245000 -1.457788
28.255000 -1.520437
28.265000 -1.579149
28.275000 -1.628803
28.285000 -1.659972
28.295000 -1.683771
28.305000 -1.710656
28.315000 -1.724217
28.325000 -1.727244
28.335000 -1.731604
28.345000 -1.732749
28.355000 -1.716563
28.365000 -1.708186
28.375000 -1.689412
28.385000 -1.655625
28.395000 -1.631995
28.405000 -1.606190
28.415000 -1.572629
28.425000 -1.542174
28.435000 -1.500361
28.445000 -1.461628
28.455000 -1.419660
28.465000 -1.377735
28.475000 -1.343608
28.485000 -1.303476
28.495000 -1.265090
28.505000 -1.223733
28.515000 -1.186486
28.525000 -1.159001
28.535000 -1.141435
28.545000 -1.108261
28.555000 -1.076868
28.565000 -1.076251
28.575000 -1.060534
28.585000 -1.059496
28.595000 -1.062266
28.605000 -1.066770
28.615000 -1.074088
28.625000 -1.098246
28.635000 -1.122837
28.645000 -1.150527
28.655000 -1.190319
28.665000 -1.238337
28.675000 -1.281615
28.685000 -1.320222
28.695000 -1.375708
28.705000 -1.440104
28.715000 -1.499936
28.725000 -1.555151
28.735000 -1.616806
28.745000 -1.681056
28.755000 -1.747584
28.765000 -1.807552
28.775000 -1.866777
28.785000 -1.910880
28.795000 -1.964527
28.805000 -2.010859
28.815000 -2.061257
28.825000 -2.100813
28.835000 -2.127203
28.845000 -2.169124
28.855000 -2.190037
28.865000 -2.203375
28.875000 -2.213517
28.885000 -2.221004
28.895000 -2.233255
28.905000 -2.228983
28.915000 -2.219869
28.925000 -2.206650
28.935000 -2.198262
28.945000 -2.175142
28.955000 -2.155862
28.965000 -2.135801
28.975000 -2.102245
28.985000 -2.080395
28.995000 -2.051945
29.005000 -2.028551
29.015000 -1.990924
29.025000 -1.961322
29.035000 -1.927041
29.045000 -1.897496
29.055000 -1.865599
29.065000 -1.830926
29.075000 -1.787566
29.085000 -1.757336
29.095000 -1.710095
29.105000 -1.664065
29.115000 -1.616636
29.125000 -1.566190
29.135000 -1.511506
29.145000 -1.450590
29.155000 -1.392717
29.165000 -1.313916
29.175000 -1.234339
29.185000 -1.153636
29.195000 -1.058970
29.205000 -0.968902
29.215000 -0.857224
29.225000 -0.739807
29.235000 -0.615820
29.245000 -0.487280
29.255000 -0.354780
29.265000 -0.198707
29.275000 -0.039379
29.285000 0.118309
29.295000 0.295585
29.305000 0.469704
29.315000 0.649073
29.325000 0.843834
29.335000 1.031640
29.345000 1.216042
29.355000 1.424200
29.365000 1.622623
29.375000 1.814610
29.385000 2.013751
29.395000 2.210367
29.405000 2.400690
29.415000 2.591217
29.425000 2.771926
29.435000 2.951903
29.445000 3.109152
29.455000 3.286572
29.465000 3.438406
29.475000 3.588454
29.485000 3.716730
29.495000 3.850481
29.505000 3.968755
29.515000 4.073452
29.525000 4.168213
29.535000 4.253708
29.545000 4.323042
29.555000 4.400319
29.565000 4.449632
29.575000 4.498826
29.585000 4.531787
29.595000 4.553906
29.605000 4.558803
29.615000 4.560364
29.625000 4.548142
29.635000 4.532470
29.645000 4.510131
29.655000 4.470282
29.665000 4.430304
29.675000 4.374338
29.685000 4.304573
29.695000 4.228296
29.705000 4.135432
29.715000 4.044839
29.725000 3.938400
29.735000 3.829426
29.745000 3.697398
29.755000 3.560759
29.765000 3.414981
29.775000 3.257590
29.785000 3.104414
29.795000 2.929337
29.805000 2.746763
29.815000 2.557880
29.825000 2.357362
29.835000 2.164248
29.845000 1.939258
29.855000 1.718883
29.865000 1.508251
29.875000 1.283604
29.885000 1.051229
29.895000 0.824669
29.905000 0.589201
29.915000 0.355312
29.925000 0.115084
29.935000 -0.118584
29.945000 -0.343052
29.955000 -0.569998
29.965000 -0.781338
29.975000 -1.002466
29.985000 -1.205311
29.995000 -1.396949
30.005000 -1.588842
30.015000 -1.761621
30.025000 -1.922698
30.035000 -2.074755
30.045000 -2.216192
30.055000 -2.332400
30.065000 -2.439548
30.075000 -2.537164
30.085000 -2.613349
30.095000 -2.683265
30.105000 -2.727244
30.115000 -2.763205
30.125000 -2.784840
30.135000 -2.780250
30.145000 -2.777225
30.155000 -2.738237
30.165000 -2.703316
30.175000 -2.650264
30.185000 -2.588543
30.195000 -2.510078
30.205000 -2.421221
30.215000 -2.321885
30.225000 -2.210200
30.235000 -2.096764
30.245000 -1.974242
30.255000 -1.839318
30.265000 -1.705752
30.275000 -1.569358
30.285000 -1.417957
30.295000 -1.276386
30.305000 -1.117388
30.315000 -0.975961
30.325000 -0.821316
30.335000 -0.676383
30.345000 -0.515994
30.355000 -0.373430
30.365000 -0.221649
30.375000 -0.090926
30.385000 0.053214
30.395000 0.188109
30.405000 0.315643
30.415000 0.440378
30.425000 0.546365
30.435000 0.659929
30.445000 0.764238
30.455000 0.858683
30.465000 0.952176
30.475000 1.030199
30.485000 1.107934
30.495000 1.162264
30.505000 1.230978
30.515000 1.276995
30.525000 1.315042
30.535000 1.346180
30.545000 1.370428
30.555000 1.380788
30.565000 1.388441
30.575000 1.386833
30.585000 1.377365
30.595000 1.355222
30.605000 1.329668
30.615000 1.301483
30.625000 1.254535
30.635000 1.200834
30.645000 1.150865
30.655000 1.087961
30.665000 1.019178
30.675000 0.943751
30.685000 0.870711
30.695000 0.790757
30.705000 0.705036
30.715000 0.621908
30.725000 0.524981
30.735000 0.430876
30.745000 0.334480
30.755000 0.239227
30.765000 0.138976
30.775000 0.053344
30.785000 -0.049609
30.795000 -0.139512
30.805000 -0.248302
30.815000 -0.333172
30.825000 -0.423886
30.835000 -0.517687
30.845000 -0.604755
30.855000 -0.690352
30.865000 -0.775478
30.875000 -0.859657
30.885000 -0.939093
30.895000 -1.021639
30.905000 -1.095058
30.915000 -1.171717
30.925000 -1.255845
30.935000 -1.320432
30.945000 -1.387596
30.955000 -1.463551
30.965000 -1.534453
30.975000 -1.598473
30.985000 -1.656028
30.995000 -1.720075
31.005000 -1.780115
31.015000 -1.852504
31.025000 -1.905553
31.035000 -1.960941
31.045000 -2.012310
31.055000 -2.074501
31.065000 -2.117665
31.075000 -2.180620
31.085000 -2.219812
31.095000 -2.260224
31.105000 -2.307379
31.115000 -2.343116
31.125000 -2.384802
31.135000 -2.405702
31.145000 -2.443845
31.155000 -2.457038
31.165000 -2.483435
31.175000 -2.494999
31.185000 -2.501858
31.195000 -2.504274
31.205000 -2.505066
31.215000 -2.496905
31.225000 -2.473811
31.235000 -2.463128
31.245000 -2.445262
31.255000 -2.402278
31.265000 -2.360948
31.275000 -2.318149
31.285000 -2.265895
31.295000 -2.204444
31.305000 -2.148700
31.315000 -2.075142
31.325000 -1.999986
31.335000 -1.906807
31.345000 -1.824832
31.355000 -1.728566
31.365000 -1.614058
31.375000 -1.513002
31.385000 -1.402183
31.395000 -1.289578
31.405000 -1.160682
31.415000 -1.028754
31.425000 -0.890866
31.435000 -0.750476
31.445000 -0.608601
31.455000 -0.461910
31.465000 -0.304435
31.475000 -0.151562
31.485000 0.001381
31.495000 0.172246
31.505000 0.335931
31.515000 0.496734
31.525000 0.658553
31.535000 0.823597
31.545000 0.998036
31.555000 1.155211
31.565000 1.325311
31.575000 1.486677
31.585000 1.640568
31.595000 1.791077
31.605000 1.931348
31.615000 2.073865
31.625000 2.211073
31.635000 2.340318
31.645000 2.460028
31.655000 2.562438
31.665000 2.672588
31.675000 2.758714
31.685000 2.846030
31.695000 2.930072
31.705000 2.991134
31.715000 3.040511
31.725000 3.090784
31.735000 3.127109
31.745000 3.149446
31.755000 3.177652
31.765000 3.179272
31.775000 3.169989
31.785000 3.173180
31.795000 3.149529
31.805000 3.126487
31.815000 3.095417
31.825000 3.058513
31.835000 3.019112
31.845000 2.962776
31.855000 2.909748
31.865000 2.847982
31.875000 2.802802
31.885000 2.722643
31.895000 2.662038
31.905000 2.598806
31.915000 2.533081
31.925000 2.456741
31.935000 2.395127
31.945000 2.320603
31.955000 2.251078
31.965000 2.176351
31.975000 2.124287
31.985000 2.062279
31.995000 2.003699
32.005000 1.942405
32.015000 1.895038
32.025000 1.845590
32.035000 1.793102
32.045000 1.757377
32.055000 1.707263
32.065000 1.670092
32.075000 1.630323
32.085000 1.610935
32.095000 1.591341
32.105000 1.557237
32.115000 1.531692
32.125000 1.515976
32.135000 1.496574
32.145000 1.476664
32.155000 1.467640
32.165000 1.459405
32.175000 1.438641
32.185000 1.435309
32.195000 1.417106
32.205000 1.402713
32.215000 1.390620
32.225000 1.376071
32.235000 1.357247
32.245000 1.339539
32.255000 1.309732
32.265000 1.286654
32.275000 1.260283
32.285000 1.225985
32.295000 1.178680
32.305000 1.140694
32.315000 1.080891
32.325000 1.034986
32.335000 0.957944
32.345000 0.894382
32.355000 0.820507
32.365000 0.741557
32.375000 0.639590
32.385000 0.545108
32.395000 0.440363
32.405000 0.324626
32.415000 0.205413
32.425000 0.087483
32.435000 -0.038633
32.445000 -0.166960
32.455000 -0.313791
32.465000 -0.457830
32.475000 -0.608029
32.485000 -0.754383
32.495000 -0.915252
32.505000 -1.069671
32.515000 -1.227738
32.525000 -1.381905
32.535000 -1.543471
32.545000 -1.702747
32.555000 -1.859758
32.565000 -2.016088
32.575000 -2.164922
32.585000 -2.302609
32.595000 -2.445473
32.605000 -2.583581
32.615000 -2.717458
32.625000 -2.828997
32.635000 -2.949296
32.645000 -3.055289
32.655000 -3.147241
32.665000 -3.234035
32.675000 -3.309752
32.685000 -3.370196
32.695000 -3.423616
32.705000 -3.462802
32.715000 -3.496175
32.725000 -3.515236
32.735000 -3.519218
32.745000 -3.510763
32.755000 -3.487343
32.765000 -3.454315
32.775000 -3.409319
32.785000 -3.350414
32.795000 -3.297043
32.805000 -3.215075
32.815000 -3.121375
32.825000 -3.021257
32.835000 -2.911716
32.845000 -2.791201
32.855000 -2.661356
32.865000 -2.523464
32.875000 -2.382486
32.885000 -2.225700
32.895000 -2.079602
32.905000 -1.899568
32.915000 -1.731814
32.925000 -1.562442
32.935000 -1.384419
32.945000 -1.213150
32.955000 -1.025320
32.965000 -0.843004
32.975000 -0.662323
32.985000 -0.491697
32.995000 -0.311673
33.005000 -0.125398
33.015000 0.042698
33.025000 0.212475
33.035000 0.377983
33.045000 0.525283
33.055000 0.684665
33.065000 0.822210
33.075000 0.970935
33.085000 1.098426
33.095000 1.233818
33.105000 1.347730
33.115000 1.459533
33.125000 1.552033
33.135000 1.648661
33.145000 1.730408
33.155000 1.800316
33.165000 1.862394
33.175000 1.926662
33.185000 1.964906
33.195000 2.008103
33.205000 2.029215
33.215000 2.043960
33.225000 2.059960
33.235000 2.054294
33.245000 2.048709
33.255000 2.036250
33.265000 2.008108
33.275000 1.980828
33.285000 1.935148
33.295000 1.890008
33.305000 1.833837
33.315000 1.772228
33.325000 1.695021
33.335000 1.627242
33.345000 1.545873
33.355000 1.463942
33.365000 1.368204
33.375000 1.264146
33.385000 1.168490
33.395000 1.051109
33.405000 0.954132
33.415000 0.839355
33.425000 0.721055
33.435000 0.607451
33.445000 0.495349
33.455000 0.382980
33.465000 0.251288
33.475000 0.141321
33.485000 0.014194
33.495000 -0.105346
33.505000 -0.218408
33.515000 -0.324786
33.525000 -0.441930
33.535000 -0.551130
33.545000 -0.649799
33.555000 -0.753053
33.565000 -0.837142
33.575000 -0.925352
33.585000 -1.018402
33.595000 -1.084263
33.605000 -1.151368
33.615000 -1.213348
33.625000 -1.272839
33.635000 -1.308734
33.645000 -1.349850
33.655000 -1.373781
33.665000 -1.397467
33.675000 -1.409237
33.685000 -1.414257
33.695000 -1.410651
33.705000 -1.400856
33.715000 -1.380090
33.725000 -1.350531
33.735000 -1.310644
33.745000 -1.264771
33.755000 -1.214606
33.765000 -1.154294
33.775000 -1.089016
33.785000 -1.010779
33.795000 -0.932611
33.805000 -0.847673
33.815000 -0.762367
33.825000 -0.670399
33.835000 -0.563298
33.845000 -0.466392
33.855000 -0.361972
33.865000 -0.256768
33.875000 -0.153440
33.885000 -0.042269
33.895000 0.053486
33.905000 0.165970
33.915000 0.261032
33.925000 0.374598
33.935000 0.473920
33.945000 0.562404
33.955000 0.655665
33.965000 0.747618
33.975000 0.837797
33.985000 0.917323
33.995000 0.992630
34.005000 1.070158
34.015000 1.137917
34.025000 1.193312
34.035000 1.247577
34.045000 1.308965
34.055000 1.347102
34.065000 1.391833
34.075000 1.427397
34.085000 1.456406
34.095000 1.487469
34.105000 1.509466
34.115000 1.528418
34.125000 1.551866
34.135000 1.564429
34.145000 1.573968
34.155000 1.577097
34.165000 1.592039
34.175000 1.598062
34.185000 1.596647
34.195000 1.604309
34.205000 1.603828
34.215000 1.615263
34.225000 1.605989
34.235000 1.611468
34.245000 1.614582
34.255000 1.621440
34.265000 1.634006
34.275000 1.630602
34.285000 1.630825
34.295000 1.644984
34.305000 1.641608
34.315000 1.644762
34.325000 1.643318
34.335000 1.642369
34.345000 1.632742
34.355000 1.624076
34.365000 1.622709
34.375000 1.614503
34.385000 1.584454
34.395000 1.571386
34.405000 1.536371
34.415000 1.501335
34.425000 1.473184
34.435000 1.417619
34.445000 1.370402
34.455000 1.313715
34.465000 1.256759
34.475000 1.185555
34.485000 1.104624
34.495000 1.028946
34.505000 0.940027
34.515000 0.850673
34.525000 0.744998
34.535000 0.638466
34.545000 0.540128
34.555000 0.425804
34.565000 0.308876
34.575000 0.192559
34.585000 0.067405
34.595000 -0.051265
34.605000 -0.173224
34.615000 -0.303942
34.625000 -0.417887
34.635000 -0.538757
34.645000 -0.651387
34.655000 -0.764970
34.665000 -0.871487
34.675000 -0.960778
34.685000 -1.068598
34.695000 -1.153289
34.705000 -1.232785
34.715000 -1.310667
34.725000 -1.367755
34.735000 -1.423720
34.745000 -1.468119
34.755000 -1.509815
34.765000 -1.519750
34.775000 -1.539398
34.785000 -1.545012
34.795000 -1.540619
34.805000 -1.508740
34.815000 -1.488107
34.825000 -1.450576
34.835000 -1.398096
34.845000 -1.344395
34.855000 -1.286201
34.865000 -1.211455
34.875000 -1.132528
34.885000 -1.037356
34.895000 -0.951214
34.905000 -0.851585
34.915000 -0.750617
34.925000 -0.649651
34.935000 -0.533687
34.945000 -0.419177
34.955000 -0.325401
34.965000 -0.211006
34.975000 -0.104726
34.985000 0.000539
34.995000 0.105774
35.005000 0.194843
35.015000 0.293080
35.025000 0.380668
35.035000 0.456252
35.045000 0.526614
35.055000 0.578672
35.065000 0.638721
35.075000 0.689492
35.085000 0.729720
35.095000 0.751784
35.105000 0.774250
35.115000 0.780541
35.125000 0.788184
35.135000 0.772347
35.145000 0.750739
35.155000 0.726899
35.165000 0.691336
35.175000 0.646054
35.185000 0.599094
35.195000 0.544716
35.205000 0.469179
35.215000 0.403700
35.225000 0.328651
35.235000 0.246760
35.245000 0.168855
35.255000 0.070891
35.265000 -0.012407
35.275000 -0.094338
35.285000 -0.191497
35.295000 -0.286059
35.305000 -0.366601
35.315000 -0.458856
35.325000 -0.547333
35.335000 -0.632211
35.345000 -0.714361
35.355000 -0.781498
35.365000 -0.864583
35.375000 -0.935062
35.385000 -0.996428
35.395000 -1.053538
35.405000 -1.103276
35.415000 -1.147086
35.425000 -1.192645
35.435000 -1.229730
35.445000 -1.259423
35.455000 -1.291977
35.465000 -1.300270
35.475000 -1.316198
35.485000 -1.319504
35.495000 -1.314994
35.505000 -1.306754
35.515000 -1.298509
35.525000 -1.278341
35.535000 -1.261105
35.545000 -1.227383
35.555000 -1.192579
35.565000 -1.153627
35.575000 -1.110371
35.585000 -1.066301
35.595000 -1.016463
35.605000 -0.957905
35.615000 -0.899223
35.625000 -0.842180
35.635000 -0.781760
35.645000 -0.709500
35.655000 -0.648278
35.665000 -0.572043
35.675000 -0.509622
35.685000 -0.424105
35.695000 -0.349329
35.705000 -0.270761
35.715000 -0.196936
35.725000 -0.126334
35.735000 -0.048218
35.745000 0.027744
35.755000 0.113271
35.765000 0.194999
35.775000 0.260709
35.785000 0.332045
35.795000 0.397675
35.805000 0.474774
35.815000 0.542835
35.825000 0.602217
35.835000 0.664722
35.845000 0.718663
35.855000 0.772144
35.865000 0.826633
35.875000 0.874691
35.885000 0.915760
35.895000 0.947935
35.905000 0.981905
35.915000 1.007707
35.925000 1.030855
35.935000 1.045334
35.945000 1.057243
35.955000 1.072780
35.965000 1.067171
35.975000 1.060238
35.985000 1.047956
35.995000 1.040276
36.005000 1.012919
36.015000 0.990067
36.025000 0.964956
36.035000 0.931587
36.045000 0.893121
36.055000 0.844846
36.065000 0.811230
36.075000 0.762381
36.085000 0.714398
36.095000 0.660503
36.105000 0.609382
36.115000 0.556135
36.125000 0.509089
36.135000 0.450047
36.145000 0.405196
36.155000 0.342358
36.165000 0.294673
36.175000 0.244677
36.185000 0.198020
36.195000 0.153684
36.205000 0.111766
36.215000 0.079160
36.225000 0.041712
36.235000 0.006965
36.245000 -0.012640
36.255000 -0.042192
36.265000 -0.065692
36.275000 -0.069201
36.285000 -0.079868
36.295000 -0.084003
36.305000 -0.080362
36.315000 -0.080222
36.325000 -0.071772
36.335000 -0.068808
36.345000 -0.040680
36.355000 -0.032213
36.365000 -0.001173
36.375000 0.019637
36.385000 0.049527
36.395000 0.086735
36.405000 0.124086
36.415000 0.161334
36.425000 0.196115
36.435000 0.243106
36.445000 0.276030
36.455000 0.328607
36.465000 0.371626
36.475000 0.408160
36.485000 0.456674
36.495000 0.504809
36.505000 0.548670
36.515000 0.587161
36.525000 0.624364
36.535000 0.664705
36.545000 0.699952
36.555000 0.736903
36.565000 0.770627
36.575000 0.807928
36.585000 0.834069
36.595000 0.857349
36.605000 0.892798
36.615000 0.914012
36.625000 0.930578
36.635000 0.942400
36.645000 0.962736
36.655000 0.981425
36.665000 0.996617
36.675000 0.994003
36.685000 1.019854
36.695000 1.006531
36.705000 1.021369
36.715000 1.012802
36.725000 1.013197
36.735000 1.004590
36.745000 0.997453
36.755000 0.987394
36.765000 0.986367
36.775000 0.964588
36.785000 0.957964
36.795000 0.935348
36.805000 0.918784
36.815000 0.896898
36.825000 0.881004
36.835000 0.852775
36.845000 0.825474
36.855000 0.791770
36.865000 0.766734
36.875000 0.720341
36.885000 0.688690
36.895000 0.648643
36.905000 0.603124
36.915000 0.553641
36.925000 0.507440
36.935000 0.450872
36.945000 0.398562
36.955000 0.342028
36.965000 0.287640
36.975000 0.215072
36.985000 0.152821
36.995000 0.090157
37.005000 0.010906
37.015000 -0.057235
37.025000 -0.132492
37.035000 -0.210604
37.045000 -0.279430
37.055000 -0.365913
37.065000 -0.445893
37.075000 -0.525631
37.085000 -0.602025
37.095000 -0.682198
37.105000 -0.756712
37.115000 -0.836368
37.125000 -0.909000
37.135000 -0.976948
37.145000 -1.048896
37.155000 -1.110289
37.165000 -1.162515
37.175000 -1.222417
37.185000 -1.271242
37.195000 -1.307074
37.205000 -1.346071
37.215000 -1.373397
37.225000 -1.398482
37.235000 -1.411915
37.245000 -1.420332
37.255000 -1.419436
37.265000 -1.406991
37.275000 -1.379934
37.285000 -1.361393
37.295000 -1.320429
37.305000 -1.284188
37.315000 -1.216582
37.325000 -1.150311
37.335000 -1.085471
37.345000 -1.004528
37.355000 -0.924914
37.365000 -0.830935
37.375000 -0.725229
37.385000 -0.614041
37.395000 -0.508476
37.405000 -0.377342
37.415000 -0.252430
37.425000 -0.127643
37.435000 0.006158
37.445000 0.137409
37.455000 0.269529
37.465000 0.411314
37.475000 0.543673
37.485000 0.671590
37.495000 0.803064
37.505000 0.932526
37.515000 1.046365
37.525000 1.168464
37.535000 1.279478
37.545000 1.378274
37.555000 1.474975
37.565000 1.557489
37.575000 1.643157
37.585000 1.711223
37.595000 1.766649
37.605000 1.810803
37.615000 1.854851
37.625000 1.881546
37.635000 1.891484
37.645000 1.895257
37.655000 1.875147
37.665000 1.861038
37.675000 1.828525
37.685000 1.781904
37.695000 1.714791
37.705000 1.654691
37.715000 1.572344
37.725000 1.484123
37.735000 1.393277
37.745000 1.279087
37.755000 1.163128
37.765000 1.045333
37.775000 0.916834
37.785000 0.772171
37.795000 0.647274
37.805000 0.498782
37.815000 0.349922
37.825000 0.205341
37.835000 0.057001
37.845000 -0.090771
37.855000 -0.240431
37.865000 -0.384288
37.875000 -0.535043
37.885000 -0.668447
37.895000 -0.807388
37.905000 -0.945982
37.915000 -1.064874
37.925000 -1.183569
37.935000 -1.297858
37.945000 -1.410005
37.955000 -1.498754
37.965000 -1.588780
37.975000 -1.666471
37.985000 -1.735966
37.995000 -1.806017
38.005000 -1.853460
38.015000 -1.889894
38.025000 -1.928197
38.035000 -1.949215
38.045000 -1.963845
38.055000 -1.968056
38.065000 -1.965932
38.075000 -1.954414
38.085000 -1.930665
38.095000 -1.909376
38.105000 -1.868330
38.115000 -1.835918
38.125000 -1.786533
38.135000 -1.730839
38.145000 -1.673650
38.155000 -1.612328
38.165000 -1.547488
38.175000 -1.473488
38.185000 -1.397723
38.195000 -1.324429
38.205000 -1.241312
38.215000 -1.159163
38.225000 -1.086794
38.235000 -1.003093
38.245000 -0.923300
38.255000 -0.846861
38.265000 -0.763882
38.275000 -0.688081
38.285000 -0.610083
38.295000 -0.549470
38.305000 -0.481762
38.315000 -0.402930
38.325000 -0.337963
38.335000 -0.276823
38.345000 -0.219024
38.355000 -0.161260
38.365000 -0.112375
38.375000 -0.058845
38.385000 -0.010662
38.395000 0.027680
38.405000 0.070992
38.415000 0.111342
38.425000 0.130622
38.435000 0.172156
38.445000 0.194020
38.455000 0.230503
38.465000 0.251966
38.475000 0.273703
38.485000 0.290095
38.495000 0.318227
38.505000 0.327013
38.515000 0.345239
38.525000 0.358409
38.535000 0.384054
38.545000 0.389211
38.555000 0.403422
38.565000 0.421789
38.575000 0.447738
38.585000 0.460524
38.595000 0.467354
38.605000 0.492971
38.615000 0.503701
38.625000 0.528549
38.635000 0.547440
38.645000 0.586067
38.655000 0.608678
38.665000 0.624764
38.675000 0.662912
38.685000 0.681727
38.695000 0.716539
38.705000 0.737294
38.715000 0.779673
38.725000 0.814834
38.735000 0.848293
38.745000 0.877006
38.755000 0.922672
38.765000 0.969387
38.775000 1.011789
38.785000 1.042890
38.795000 1.100400
38.805000 1.138065
38.815000 1.181712
38.825000 1.220343
38.835000 1.274476
38.845000 1.319119
38.855000 1.368727
38.865000 1.412122
38.875000 1.451192
38.885000 1.494264
38.895000 1.537856
38.905000 1.575293
38.915000 1.611253
38.925000 1.649059
38.935000 1.677610
38.945000 1.719973
38.955000 1.748656
38.965000 1.771631
38.975000 1.801339
38.985000 1.819513
38.995000 1.834966
39.005000 1.848063
39.015000 1.859999
39.025000 1.870443
39.035000 1.865629
39.045000 1.870078
39.055000 1.866693
39.065000 1.855136
39.075000 1.844106
39.085000 1.817756
39.095000 1.802237
39.105000 1.778799
39.115000 1.737483
39.125000 1.707168
39.135000 1.670054
39.145000 1.626673
39.155000 1.582165
39.165000 1.532585
39.175000 1.481007
39.185000 1.417192
39.195000 1.360002
39.205000 1.292274
39.215000 1.228896
39.225000 1.175028
39.235000 1.090921
39.245000 1.028614
39.255000 0.950960
39.265000 0.880574
39.275000 0.809514
39.285000 0.722320
39.295000 0.648029
39.305000 0.569170
39.315000 0.496681
39.325000 0.416803
39.335000 0.342156
39.345000 0.266093
39.355000 0.183473
39.365000 0.108339
39.375000 0.040997
39.385000 -0.033843
39.395000 -0.104685
39.405000 -0.173008
39.415000 -0.239683
39.425000 -0.318711
39.435000 -0.368895
39.445000 -0.438871
39.455000 -0.504841
39.465000 -0.562557
39.475000 -0.625997
39.485000 -0.677942
39.495000 -0.738410
39.505000 -0.791490
39.515000 -0.839301
39.525000 -0.894054
39.535000 -0.943873
39.545000 -0.980923
39.555000 -1.025894
39.565000 -1.065889
39.575000 -1.109148
39.585000 -1.144184
39.595000 -1.185186
39.605000 -1.221003
39.615000 -1.245678
39.625000 -1.275575
39.635000 -1.302138
39.645000 -1.331422
39.655000 -1.358792
39.665000 -1.374663
39.675000 -1.399145
39.685000 -1.418490
39.695000 -1.428695
39.705000 -1.432026
39.715000 -1.450106
39.725000 -1.454529
39.735000 -1.447456
39.745000 -1.451203
39.755000 -1.447112
39.765000 -1.434125
39.775000 -1.424121
39.785000 -1.414247
39.795000 -1.404878
39.805000 -1.378956
39.815000 -1.358596
39.825000 -1.328298
39.835000 -1.302746
39.845000 -1.273032
39.855000 -1.230307
39.865000 -1.189704
39.875000 -1.148094
39.885000 -1.102446
39.895000 -1.059159
39.905000 -1.009174
39.915000 -0.953848
39.925000 -0.904358
39.935000 -0.841854
39.945000 -0.780717
39.955000 -0.725928
39.965000 -0.663709
39.975000 -0.611389
39.985000 -0.536822
39.995000 -0.485060
40.005000 -0.417870
40.015000 -0.362192
40.025000 -0.296135
40.035000 -0.244057
40.045000 -0.177869
40.055000 -0.121359
40.065000 -0.061436
40.075000 -0.013969
40.085000 0.047344
40.095000 0.090411
40.105000 0.135484
40.115000 0.179244
40.125000 0.225457
40.135000 0.272892
40.145000 0.306608
40.155000 0.333655
40.165000 0.367985
40.175000 0.401474
40.185000 0.424756
40.195000 0.430825
40.205000 0.466790
40.215000 0.484028
40.225000 0.493788
40.235000 0.503622
40.245000 0.506829
40.255000 0.516807
40.265000 0.520912
40.275000 0.520652
40.285000 0.517296
40.295000 0.511634
40.305000 0.506415
40.315000 0.494138
40.325000 0.481993
40.335000 0.467155
40.345000 0.454961
40.355000 0.435595
40.365000 0.421044
40.375000 0.397213
40.385000 0.381506
40.395000 0.362238
40.405000 0.330717
40.415000 0.307217
40.425000 0.274216
40.435000 0.251795
40.445000 0.226427
40.455000 0.192585
40.465000 0.168261
40.475000 0.136737
40.485000 0.098837
40.495000 0.065102
40.505000 0.025091
40.515000 -0.003458
40.525000 -0.042019
40.535000 -0.072676
40.545000 -0.120134
40.555000 -0.137428
40.565000 -0.174122
40.575000 -0.214092
40.585000 -0.250027
40.595000 -0.287748
40.605000 -0.322438
40.615000 -0.348997
40.625000 -0.380287
40.635000 -0.408470
40.645000 -0.441698
40.655000 -0.462276
40.665000 -0.508587
40.675000 -0.516831
40.685000 -0.538138
40.695000 -0.563416
40.705000 -0.582661
40.715000 -0.594373
40.725000 -0.603380
40.735000 -0.621224
40.745000 -0.620817
40.755000 -0.618322
40.765000 -0.628493
40.775000 -0.616740
40.785000 -0.612189
40.795000 -0.598721
40.805000 -0.588939
40.815000 -0.566958
40.825000 -0.538136
40.835000 -0.516167
40.845000 -0.481880
40.855000 -0.443948
40.865000 -0.405999
40.875000 -0.361995
40.885000 -0.314689
40.895000 -0.261565
40.905000 -0.207193
40.915000 -0.146368
40.925000 -0.083803
40.935000 -0.029104
40.945000 0.038344
40.955000 0.100964
40.965000 0.173721
40.975000 0.252075
40.985000 0.316052
40.995000 0.391049
41.005000 0.462056
41.015000 0.545841
41.025000 0.607149
41.035000 0.691115
41.045000 0.758969
41.055000 0.848900
41.065000 0.915913
41.075000 0.984466
41.085000 1.050982
41.095000 1.132685
41.105000 1.203971
41.115000 1.267428
41.125000 1.330004
41.135000 1.393592
41.145000 1.449694
41.155000 1.505893
41.165000 1.557726
41.175000 1.605436
41.185000 1.659040
41.195000 1.704124
41.205000 1.740506
41.215000 1.782041
41.225000 1.815889
41.235000 1.847395
41.245000 1.879760
41.255000 1.908266
41.265000 1.930761
41.275000 1.950201
41.285000 1.963976
41.295000 1.973773
41.305000 1.985796
41.315000 1.990559
41.325000 1.985974
41.335000 1.988797
41.345000 1.986785
41.355000 1.982194
41.365000 1.963547
41.375000 1.949093
41.385000 1.931557
41.395000 1.910620
41.405000 1.882214
41.415000 1.864648
41.425000 1.835685
41.435000 1.801120
41.445000 1.759213
41.455000 1.721780
41.465000 1.683938
41.475000 1.638855
41.485000 1.584223
41.495000 1.523578
41.505000 1.471938
41.515000 1.410987
41.525000 1.352417
41.535000 1.279493
41.545000 1.216818
41.555000 1.144322
41.565000 1.072855
41.575000 0.991167
41.585000 0.913131
41.595000 0.835803
41.605000 0.757300
41.615000 0.672507
41.625000 0.581703
41.635000 0.498602
41.645000 0.405756
41.655000 0.324316
41.665000 0.230742
41.675000 0.143028
41.685000 0.050540
41.695000 -0.034448
41.705000 -0.125387
41.715000 -0.206078
41.725000 -0.294075
41.735000 -0.378338
41.745000 -0.456869
41.755000 -0.533335
41.765000 -0.616469
41.775000 -0.692154
41.785000 -0.767056
41.795000 -0.829364
41.805000 -0.894521
41.815000 -0.959138
41.825000 -1.006113
41.835000 -1.058968
41.845000 -1.100667
41.855000 -1.151069
41.865000 -1.187951
41.875000 -1.222491
41.885000 -1.249861
41.895000 -1.270699
41.905000 -1.298095
41.915000 -1.314769
41.925000 -1.329948
41.935000 -1.328310
41.945000 -1.334728
41.955000 -1.338033
41.965000 -1.331309
41.975000 -1.330280
41.985000 -1.310971
41.995000 -1.304667
42.005000 -1.293161
42.015000 -1.272145
42.025000 -1.254707
42.035000 -1.236185
42.045000 -1.215357
42.055000 -1.191396
42.065000 -1.181643
42.075000 -1.147642
42.085000 -1.132559
42.095000 -1.112150
42.105000 -1.095829
42.115000 -1.080939
42.125000 -1.054643
42.135000 -1.036284
42.145000 -1.021586
42.155000 -1.008753
42.165000 -1.001349
42.175000 -0.999811
42.185000 -0.990025
42.195000 -0.988196
42.205000 -0.989789
42.215000 -0.990374
42.225000 -0.997520
42.235000 -1.001208
42.245000 -1.013951
42.255000 -1.028972
42.265000 -1.045300
42.275000 -1.056294
42.285000 -1.082022
42.295000 -1.096461
42.305000 -1.119719
42.315000 -1.132802
42.325000 -1.153479
42.335000 -1.175576
42.345000 -1.201515
42.355000 -1.216511
42.365000 -1.235565
42.375000 -1.247683
42.385000 -1.260277
42.395000 -1.274471
42.405000 -1.290951
42.415000 -1.291182
42.425000 -1.306082
42.435000 -1.302912
42.445000 -1.299995
42.455000 -1.295192
42.465000 -1.282702
42.475000 -1.270352
42.485000 -1.248820
42.495000 -1.228947
42.505000 -1.203332
42.515000 -1.163588
42.525000 -1.122917
42.535000 -1.086185
42.545000 -1.034328
42.555000 -0.981902
42.565000 -0.926980
42.575000 -0.864256
42.585000 -0.802338
42.595000 -0.723011
42.605000 -0.647393
42.615000 -0.569666
42.625000 -0.489210
42.635000 -0.406170
42.645000 -0.314208
42.655000 -0.221075
42.665000 -0.140063
42.675000 -0.034168
42.685000 0.057200
42.695000 0.153786
42.705000 0.246808
42.715000 0.351031
42.725000 0.441954
42.735000 0.538572
42.745000 0.624764
42.755000 0.725484
42.765000 0.818074
42.775000 0.901139
42.785000 0.988662
42.795000 1.065266
42.805000 1.148227
42.815000 1.229105
42.825000 1.291413
42.835000 1.354262
42.845000 1.423795
42.855000 1.479569
42.865000 1.538990
42.875000 1.579041
42.885000 1.629726
42.895000 1.658060
42.905000 1.697761
42.915000 1.723669
42.925000 1.749734
42.935000 1.767785
42.945000 1.769492
42.955000 1.784254
42.965000 1.776722
42.975000 1.778797
42.985000 1.769755
42.995000 1.761221
43.005000 1.741559
43.015000 1.720271
43.025000 1.692399
43.035000 1.665284
43.045000 1.635841
43.055000 1.592785
43.065000 1.558384
43.075000 1.525180
43.085000 1.471399
43.095000 1.432640
43.105000 1.379658
43.115000 1.329853
43.125000 1.285694
43.135000 1.235549
43.145000 1.175766
43.155000 1.123287
43.165000 1.069308
43.175000 1.015636
43.185000 0.972887
43.195000 0.912456
43.205000 0.858929
43.215000 0.812018
43.225000 0.771283
43.235000 0.715729
43.245000 0.666055
43.255000 0.634747
43.265000 0.598659
43.275000 0.567098
43.285000 0.528833
43.295000 0.500271
43.305000 0.469809
43.315000 0.444806
43.325000 0.428667
43.335000 0.409486
43.345000 0.392294
43.355000 0.376759
43.365000 0.371915
43.375000 0.364217
43.385000 0.356441
43.395000 0.356699
43.405000 0.366221
43.415000 0.369890
43.425000 0.379084
43.435000 0.396922
43.445000 0.403084
43.455000 0.423864
43.465000 0.436009
43.475000 0.452129
43.485000 0.477054
43.495000 0.493005
43.505000 0.522963
43.515000 0.545766
43.525000 0.567315
43.535000 0.592924
43.545000 0.609883
43.555000 0.627482
43.565000 0.653307
43.575000 0.678102
43.585000 0.696954
43.595000 0.716708
43.605000 0.730924
43.615000 0.739896
43.625000 0.758703
43.635000 0.764221
43.645000 0.769181
43.655000 0.780553
43.665000 0.772882
43.675000 0.772887
43.685000 0.767484
43.695000 0.763869
43.705000 0.758722
43.715000 0.739204
43.725000 0.729233
43.735000 0.705704
43.745000 0.679885
43.755000 0.652150
43.765000 0.628398
43.775000 0.598245
43.785000 0.556603
43.795000 0.526643
43.805000 0.490648
43.815000 0.448502
43.825000 0.403980
43.835000 0.361457
43.845000 0.315022
43.855000 0.270512
43.865000 0.220139
43.875000 0.167383
43.885000 0.125917
43.895000 0.070716
43.905000 0.015527
43.915000 -0.026791
43.925000 -0.087277
43.935000 -0.138116
43.945000 -0.179636
43.955000 -0.235398
43.965000 -0.283979
43.975000 -0.338288
43.985000 -0.384963
43.995000 -0.437369
44.005000 -0.482248
44.015000 -0.525833
44.025000 -0.574849
44.035000 -0.613927
44.045000 -0.657573
44.055000 -0.699058
44.065000 -0.739283
44.075000 -0.772603
44.085000 -0.814633
44.095000 -0.854574
44.105000 -0.880716
44.115000 -0.916322
44.125000 -0.950100
44.135000 -0.977337
44.145000 -1.008242
44.155000 -1.030493
44.165000 -1.064969
44.175000 -1.090939
44.185000 -1.114771
44.195000 -1.128729
44.205000 -1.154544
44.215000 -1.168216
44.225000 -1.193825
44.235000 -1.214575
44.245000 -1.229858
44.255000 -1.240653
44.265000 -1.251112
44.275000 -1.266150
44.285000 -1.276357
44.295000 -1.285169
44.305000 -1.286572
44.315000 -1.287939
44.325000 -1.296118
44.335000 -1.293022
44.345000 -1.297231
44.355000 -1.291371
44.365000 -1.289144
44.375000 -1.279795
44.385000 -1.274080
44.395000 -1.264155
44.405000 -1.249867
44.415000 -1.232237
44.425000 -1.220098
44.435000 -1.198698
44.445000 -1.168980
44.455000 -1.144638
44.465000 -1.118046
44.475000 -1.094062
44.485000 -1.059510
44.495000 -1.025324
44.505000 -0.989146
44.515000 -0.947747
44.525000 -0.908914
44.535000 -0.860977
44.545000 -0.813780
44.555000 -0.767780
44.565000 -0.723015
44.575000 -0.666700
44.585000 -0.623872
44.595000 -0.563208
44.605000 -0.516531
44.615000 -0.462026
44.625000 -0.407763
44.635000 -0.350923
44.645000 -0.290171
44.655000 -0.237245
44.665000 -0.182771
44.675000 -0.123696
44.685000 -0.069936
44.695000 -0.021188
44.705000 0.034183
44.715000 0.089960
44.725000 0.130985
44.735000 0.182416
44.745000 0.230126
44.755000 0.278048
44.765000 0.327404
44.775000 0.366921
44.785000 0.401905
44.795000 0.440231
44.805000 0.470083
44.815000 0.507331
44.825000 0.543944
44.835000 0.565685
44.845000 0.586286
44.855000 0.607623
44.865000 0.629353
44.875000 0.644196
44.885000 0.660616
44.895000 0.666694
44.905000 0.675152
44.915000 0.680124
44.925000 0.683678
44.935000 0.683858
44.945000 0.680469
44.955000 0.671015
44.965000 0.673301
44.975000 0.663878
44.985000 0.666163
44.995000 0.652469
45.005000 0.638039
45.015000 0.628597
45.025000 0.613539
45.035000 0.602933
45.045000 0.598667
45.055000 0.576514
45.065000 0.562582
45.075000 0.557648
45.085000 0.536470
45.095000 0.517091
45.105000 0.511333
45.115000 0.497985
45.125000 0.492605
45.135000 0.481249
45.145000 0.464878
45.155000 0.464111
45.165000 0.460567
45.175000 0.449076
45.185000 0.454320
45.195000 0.445986
45.205000 0.442123
45.215000 0.439494
45.225000 0.450838
45.235000 0.453421
45.245000 0.458979
45.255000 0.463380
45.265000 0.472960
45.275000 0.485558
45.285000 0.493639
45.295000 0.507174
45.305000 0.515416
45.315000 0.534145
45.325000 0.546303
45.335000 0.565975
45.345000 0.585345
45.355000 0.596592
45.365000 0.619616
45.375000 0.632307
45.385000 0.654341
45.395000 0.676500
45.405000 0.688087
45.415000 0.703438
45.425000 0.729770
45.435000 0.748589
45.445000 0.767182
45.455000 0.788189
45.465000 0.805983
45.475000 0.819359
45.485000 0.838875
45.495000 0.859602
45.505000 0.868530
45.515000 0.881656
45.525000 0.900268
45.535000 0.913057
45.545000 0.918230
45.555000 0.935576
45.565000 0.941572
45.575000 0.951499
45.585000 0.955399
45.595000 0.961557
45.605000 0.963629
45.615000 0.968583
45.625000 0.972136
45.635000 0.970626
45.645000 0.971959
45.655000 0.974345
45.665000 0.966556
45.675000 0.960713
45.685000 0.955296
45.695000 0.945935
45.705000 0.941370
45.715000 0.933913
45.725000 0.921925
45.735000 0.909111
45.745000 0.901954
45.755000 0.886824
45.765000 0.867741
45.775000 0.853495
45.785000 0.829080
45.795000 0.820565
45.805000 0.791829
45.815000 0.780407
45.825000 0.757086
45.835000 0.726086
45.845000 0.710883
45.855000 0.682011
45.865000 0.661465
45.875000 0.637973
45.885000 0.607654
45.895000 0.579398
45.905000 0.553989
45.915000 0.530568
45.925000 0.501099
45.935000 0.474479
45.945000 0.449455
45.955000 0.417004
45.965000 0.389836
45.975000 0.358967
45.985000 0.333148
45.995000 0.309397
46.005000 0.272126
46.015000 0.247291
46.025000 0.219654
46.035000 0.187447
46.045000 0.158408
46.055000 0.128413
46.065000 0.102258
46.075000 0.062994
46.085000 0.038425
46.095000 0.011327
46.105000 -0.024482
46.115000 -0.057039
46.125000 -0.086068
46.135000 -0.114361
46.145000 -0.152436
46.155000 -0.175634
46.165000 -0.217760
46.175000 -0.249459
46.185000 -0.278018
46.195000 -0.312308
46.205000 -0.345351
46.215000 -0.387167
46.225000 -0.415073
46.235000 -0.456449
46.245000 -0.490897
46.255000 -0.524174
46.265000 -0.560627
46.275000 -0.595397
46.285000 -0.636307
46.295000 -0.671979
46.305000 -0.720790
46.315000 -0.755113
46.325000 -0.789846
46.335000 -0.829579
46.345000 -0.864543
46.355000 -0.907515
46.365000 -0.943461
46.375000 -0.982551
46.385000 -1.015956
46.395000 -1.056267
46.405000 -1.088475
46.415000 -1.126601
46.425000 -1.156421
46.435000 -1.190536
46.445000 -1.221812
46.455000 -1.248104
46.465000 -1.275836
46.475000 -1.299613
46.485000 -1.321417
46.495000 -1.342993
46.505000 -1.361243
46.515000 -1.384664
46.525000 -1.393797
46.535000 -1.408456
46.545000 -1.419864
46.555000 -1.421222
46.565000 -1.425364
46.575000 -1.426208
46.585000 -1.429598
46.595000 -1.417796
46.605000 -1.411757
46.615000 -1.393699
46.625000 -1.379096
46.635000 -1.370061
46.645000 -1.347882
46.655000 -1.321711
46.665000 -1.290789
46.675000 -1.269536
46.685000 -1.241619
46.695000 -1.197427
46.705000 -1.163782
46.715000 -1.123863
46.725000 -1.076427
46.735000 -1.034637
46.745000 -0.986445
46.755000 -0.936836
46.765000 -0.881697
46.775000 -0.826176
46.785000 -0.779098
46.795000 -0.723412
46.805000 -0.657793
46.815000 -0.599381
46.825000 -0.538386
46.835000 -0.480604
46.845000 -0.421158
46.855000 -0.359607
46.865000 -0.296030
46.875000 -0.220742
46.885000 -0.168396
46.895000 -0.097534
46.905000 -0.037613
46.915000 0.021252
46.925000 0.083266
46.935000 0.138374
46.945000 0.202081
46.955000 0.261926
46.965000 0.319030
46.975000 0.374594
46.985000 0.436598
46.995000 0.491728
47.005000 0.544072
47.015000 0.602538
47.025000 0.646176
47.035000 0.701515
47.045000 0.752741
47.055000 0.791134
47.065000 0.840511
47.075000 0.886090
47.085000 0.926463
47.095000 0.963074
47.105000 1.011843
47.115000 1.052186
47.125000 1.086431
47.135000 1.115378
47.145000 1.151420
47.155000 1.172100
47.165000 1.213966
47.175000 1.236116
47.185000 1.264115
47.195000 1.286163
47.205000 1.308220
47.215000 1.322707
47.225000 1.343207
47.235000 1.362183
47.245000 1.370922
47.255000 1.379664
47.265000 1.388651
47.275000 1.404542
47.285000 1.406674
47.295000 1.404608
47.305000 1.404519
47.315000 1.395866
47.325000 1.388502
47.335000 1.386104
47.345000 1.382734
47.355000 1.364648
47.365000 1.345461
47.375000 1.322869
47.385000 1.311956
47.395000 1.288618
47.405000 1.260655
47.415000 1.237618
47.425000 1.216069
47.435000 1.175842
47.445000 1.147667
47.455000 1.115631
47.465000 1.079853
47.475000 1.031010
47.485000 0.996576
47.495000 0.948626
47.505000 0.911604
47.515000 0.853189
47.525000 0.816333
47.535000 0.769195
47.545000 0.712376
47.555000 0.660444
47.565000 0.613038
47.575000 0.565002
47.585000 0.502200
47.595000 0.454810
47.605000 0.400653
47.615000 0.347083
47.625000 0.291945
47.635000 0.236417
47.645000 0.184282
47.655000 0.130781
47.665000 0.086861
47.675000 0.035392
47.685000 -0.007876
47.695000 -0.062482
47.705000 -0.105627
47.715000 -0.142111
47.725000 -0.182399
47.735000 -0.230203
47.745000 -0.257200
47.755000 -0.298600
47.765000 -0.328111
47.775000 -0.355432
47.785000 -0.385785
47.795000 -0.412437
47.805000 -0.429634
47.815000 -0.449206
47.825000 -0.460376
47.835000 -0.469836
47.845000 -0.484774
47.855000 -0.486238
47.865000 -0.485619
47.875000 -0.487493
47.885000 -0.485812
47.895000 -0.479592
47.905000 -0.464905
47.915000 -0.452585
47.925000 -0.443738
47.935000 -0.424535
47.945000 -0.402051
47.955000 -0.385657
47.965000 -0.356195
47.975000 -0.338024
47.985000 -0.308869
47.995000 -0.282734
48.005000 -0.256260
48.015000 -0.222030
48.025000 -0.188687
48.035000 -0.155168
48.045000 -0.128525
48.055000 -0.097154
48.065000 -0.066674
48.075000 -0.033513
48.085000 -0.001366
48.095000 0.028864
48.105000 0.050154
48.115000 0.091004
48.125000 0.114163
48.135000 0.137496
48.145000 0.164701
48.155000 0.195041
48.165000 0.214580
48.175000 0.237128
48.185000 0.258245
48.195000 0.277560
48.205000 0.301121
48.215000 0.310903
48.225000 0.328428
48.235000 0.339906
48.245000 0.348135
48.255000 0.353936
48.265000 0.360687
48.275000 0.372097
48.285000 0.373824
48.295000 0.381035
48.305000 0.375506
48.315000 0.378347
48.325000 0.368235
48.335000 0.370414
48.345000 0.359469
48.355000 0.362389
48.365000 0.357299
48.375000 0.350679
48.385000 0.346700
48.395000 0.338503
48.405000 0.331089
48.415000 0.324496
48.425000 0.315379
48.435000 0.299063
48.445000 0.292914
48.455000 0.285189
48.465000 0.275557
48.475000 0.264473
48.485000 0.253879
48.495000 0.242495
48.505000 0.226550
48.515000 0.214449
48.525000 0.199112
48.535000 0.193671
48.545000 0.182010
48.555000 0.171960
48.565000 0.161243
48.575000 0.148696
48.585000 0.136143
48.595000 0.117112
48.605000 0.100397
48.615000 0.085625
48.625000 0.070680
48.635000 0.058635
48.645000 0.045504
48.655000 0.030997
48.665000 0.008881
48.675000 -0.016029
48.685000 -0.029729
48.695000 -0.049794
48.705000 -0.068164
48.715000 -0.095483
48.725000 -0.120443
48.735000 -0.140380
48.745000 -0.166318
48.755000 -0.194847
48.765000 -0.220767
48.775000 -0.242450
48.785000 -0.268932
48.795000 -0.301257
48.805000 -0.331930
48.815000 -0.363949
48.825000 -0.386895
48.835000 -0.415480
48.845000 -0.448705
48.855000 -0.483363
48.865000 -0.501307
48.875000 -0.533654
48.885000 -0.561174
48.895000 -0.584031
48.905000 -0.615540
48.915000 -0.646645
48.925000 -0.668031
48.935000 -0.704090
48.945000 -0.719189
48.955000 -0.743948
48.965000 -0.761989
48.975000 -0.783340
48.985000 -0.797633
48.995000 -0.819294
49.005000 -0.834188
49.015000 -0.836367
49.025000 -0.853238
49.035000 -0.851866
49.045000 -0.856690
49.055000 -0.859591
49.065000 -0.862200
49.075000 -0.852535
49.085000 -0.852505
49.095000 -0.842878
49.105000 -0.824738
49.115000 -0.813257
49.125000 -0.796824
49.135000 -0.778833
49.145000 -0.751018
49.155000 -0.727010
49.165000 -0.696237
49.175000 -0.666122
49.185000 -0.639230
49.195000 -0.597964
49.205000 -0.565839
49.215000 -0.522190
49.225000 -0.484995
49.235000 -0.440262
49.245000 -0.391224
49.255000 -0.351081
49.265000 -0.298010
49.275000 -0.252532
49.285000 -0.202661
49.295000 -0.154369
49.305000 -0.096083
49.315000 -0.043079
49.325000 0.005905
49.335000 0.063583
49.345000 0.113533
49.355000 0.161565
49.365000 0.213282
49.375000 0.269487
49.385000 0.319011
49.395000 0.366235
49.405000 0.420817
49.415000 0.465422
49.425000 0.517850
49.435000 0.552616
49.445000 0.598919
49.455000 0.647351
49.465000 0.688708
49.475000 0.725097
49.485000 0.756347
49.495000 0.785538
49.505000 0.820741
49.515000 0.852915
49.525000 0.878801
49.535000 0.911970
49.545000 0.932421
49.555000 0.944462
49.565000 0.965688
49.575000 0.983960
49.585000 0.995762
49.595000 1.009092
49.605000 1.018743
49.615000 1.013699
49.625000 1.024116
49.635000 1.022545
49.645000 1.023897
49.655000 1.023553
49.665000 1.019138
49.675000 1.009378
49.685000 1.004448
49.695000 0.994255
49.705000 0.981469
49.715000 0.969271
49.725000 0.949088
49.735000 0.937811
49.745000 0.916720
49.755000 0.902245
49.765000 0.879182
49.775000 0.859297
49.785000 0.839360
49.795000 0.816396
49.805000 0.792827
49.815000 0.766058
49.825000 0.747062
49.835000 0.721761
49.845000 0.698109
49.855000 0.675000
49.865000 0.647028
49.875000 0.623941
49.885000 0.595648
49.895000 0.570027
49.905000 0.543883
49.915000 0.518538
49.925000 0.493225
49.935000 0.466749
49.945000 0.441713
49.955000 0.418158
49.965000 0.403422
49.975000 0.377716
49.985000 0.342440
49.995000 0.323880
50.005000 0.305354
50.015000 0.271194
50.025000 0.251282
50.035000 0.232729
50.045000 0.202419
50.055000 0.182138
50.065000 0.161977
50.075000 0.134240
50.085000 0.112734
50.095000 0.096608
50.105000 0.066273
50.115000 0.053081
50.125000 0.041210
50.135000 0.011615
50.145000 -0.005194
50.155000 -0.028860
50.165000 -0.047783
50.175000 -0.060932
50.185000 -0.080598
50.195000 -0.099887
50.205000 -0.115413
50.215000 -0.132875
50.225000 -0.151502
50.235000 -0.161861
50.245000 -0.176127
50.255000 -0.188040
50.265000 -0.199187
50.275000 -0.216947
50.285000 -0.225014
50.295000 -0.235189
50.305000 -0.245841
50.315000 -0.249024
50.325000 -0.255860
50.335000 -0.259091
50.345000 -0.274357
50.355000 -0.272736
50.365000 -0.272878
50.375000 -0.276332
50.385000 -0.276046
50.395000 -0.278642
50.405000 -0.277067
50.415000 -0.272909
50.425000 -0.274519
50.435000 -0.268595
50.445000 -0.259569
50.455000 -0.246707
50.465000 -0.243619
50.475000 -0.234197
50.485000 -0.221798
50.495000 -0.216205
50.505000 -0.201686
50.515000 -0.189017
50.525000 -0.180785
50.535000 -0.167417
50.545000 -0.147011
50.555000 -0.131734
50.565000 -0.114811
50.575000 -0.096759
50.585000 -0.087640
50.595000 -0.065776
50.605000 -0.050082
50.615000 -0.024315
50.625000 -0.009169
50.635000 0.013200
50.645000 0.028531
50.655000 0.048580
50.665000 0.061846
50.675000 0.086278
50.685000 0.100421
50.695000 0.116992
50.705000 0.136815
50.715000 0.156170
50.725000 0.161545
50.735000 0.184548
50.745000 0.203185
50.755000 0.216586
50.765000 0.228605
50.775000 0.240281
50.785000 0.252437
50.795000 0.257530
50.805000 0.267395
50.815000 0.276786
50.825000 0.284662
50.835000 0.289285
50.845000 0.294430
50.855000 0.296451
50.865000 0.301989
50.875000 0.296671
50.885000 0.303426
50.895000 0.302276
50.905000 0.293694
50.915000 0.293366
50.925000 0.284820
50.935000 0.283663
50.945000 0.274806
50.955000 0.270165
50.965000 0.259430
50.975000 0.246080
50.985000 0.243213
50.995000 0.219274
51.005000 0.206428
51.015000 0.195841
51.025000 0.178062
51.035000 0.167987
51.045000 0.144007
51.055000 0.129953
51.065000 0.104996
51.075000 0.086699
51.085000 0.072885
51.095000 0.057757
51.105000 0.034552
51.115000 0.011992
51.125000 -0.008658
51.135000 -0.028837
51.145000 -0.052604
51.155000 -0.074022
51.165000 -0.091214
51.175000 -0.112431
51.185000 -0.137547
51.195000 -0.155025
51.205000 -0.177493
51.215000 -0.191621
51.225000 -0.217823
51.235000 -0.237433
51.245000 -0.253244
51.255000 -0.269982
51.265000 -0.291934
51.275000 -0.310875
51.285000 -0.317172
51.295000 -0.337660
51.305000 -0.348039
51.315000 -0.369418
51.325000 -0.372710
51.335000 -0.383498
51.345000 -0.391837
51.355000 -0.409430
51.365000 -0.409315
51.375000 -0.414552
51.385000 -0.421107
51.395000 -0.419505
51.405000 -0.420535
51.415000 -0.421655
51.425000 -0.422776
51.435000 -0.418804
51.445000 -0.418301
51.455000 -0.403259
51.465000 -0.400777
51.475000 -0.385991
51.485000 -0.382407
51.495000 -0.368184
51.505000 -0.358573
51.515000 -0.345309
51.525000 -0.330017
51.535000 -0.308077
51.545000 -0.292333
51.555000 -0.270687
51.565000 -0.255767
51.575000 -0.228779
51.585000 -0.206009
51.595000 -0.186313
51.605000 -0.165641
51.615000 -0.139058
51.625000 -0.115815
51.635000 -0.087317
51.645000 -0.064805
51.655000 -0.042947
51.665000 -0.015656
51.675000 0.006131
51.685000 0.035955
51.695000 0.065085
51.705000 0.078158
51.715000 0.114105
51.725000 0.135404
51.735000 0.155210
51.745000 0.181383
51.755000 0.198332
51.765000 0.222181
51.775000 0.247629
51.785000 0.264156
51.795000 0.282989
51.805000 0.300545
51.815000 0.319390
51.825000 0.333685
51.835000 0.342542
51.845000 0.356624
51.855000 0.371375
51.865000 0.382013
51.875000 0.386588
51.885000 0.394840
51.895000 0.396184
51.905000 0.399787
51.915000 0.402549
51.925000 0.410276
51.935000 0.402354
51.945000 0.401968
51.955000 0.405261
51.965000 0.402301
51.975000 0.394901
51.985000 0.387765
51.995000 0.382045
52.005000 0.378764
52.015000 0.369176
52.025000 0.361315
52.035000 0.350652
52.045000 0.342739
52.055000 0.330423
52.065000 0.322946
52.075000 0.312621
52.085000 0.295354
52.095000 0.284395
52.105000 0.275922
52.115000 0.261439
52.125000 0.248952
52.135000 0.239842
52.145000 0.229705
52.155000 0.221387
52.165000 0.207455
52.175000 0.195522
52.185000 0.184919
52.195000 0.176941
52.205000 0.168468
52.215000 0.152281
52.225000 0.152760
52.235000 0.146818
52.245000 0.139534
52.255000 0.136128
52.265000 0.135040
52.275000 0.130694
52.285000 0.126746
52.295000 0.126904
52.305000 0.123042
52.315000 0.122573
52.325000 0.121298
52.335000 0.128779
52.345000 0.128531
52.355000 0.131590
52.365000 0.141355
52.375000 0.139408
52.385000 0.148103
52.395000 0.161990
52.405000 0.164115
52.415000 0.173354
52.425000 0.190205
52.435000 0.193767
52.445000 0.204403
52.455000 0.219073
52.465000 0.227209
52.475000 0.241842
52.485000 0.253658
52.495000 0.265881
52.505000 0.282814
52.515000 0.292580
52.525000 0.308223
52.535000 0.320193
52.545000 0.330373
52.555000 0.347914
52.565000 0.356756
52.575000 0.371300
52.585000 0.384772
52.595000 0.399056
52.605000 0.408001
52.615000 0.422159
52.625000 0.433626
52.635000 0.446444
52.645000 0.450144
52.655000 0.463913
52.665000 0.475079
52.675000 0.479818
52.685000 0.485953
52.695000 0.496722
52.705000 0.505470
52.715000 0.510981
52.725000 0.510687
52.735000 0.515659
52.745000 0.527971
52.755000 0.522769
52.765000 0.521708
52.775000 0.524295
52.785000 0.519718
52.795000 0.523791
52.805000 0.521555
52.815000 0.520083
52.825000 0.518159
52.835000 0.512354
52.845000 0.506412
52.855000 0.509129
52.865000 0.493118
52.875000 0.486986
52.885000 0.484507
52.895000 0.469880
52.905000 0.459899
52.915000 0.450545
52.925000 0.436624
52.935000 0.427352
52.945000 0.411928
52.955000 0.405358
52.965000 0.380428
52.975000 0.372446
52.985000 0.356771
52.995000 0.342220
53.005000 0.325492
53.015000 0.304547
53.025000 0.288437
53.035000 0.271641
53.045000 0.249495
53.055000 0.231008
53.065000 0.212695
53.075000 0.195552
53.085000 0.175592
53.095000 0.148418
53.105000 0.134197
53.115000 0.107729
53.125000 0.087462
53.135000 0.063967
53.145000 0.044999
53.155000 0.023754
53.165000 0.001276
53.175000 -0.018580
53.185000 -0.045707
53.195000 -0.064763
53.205000 -0.085825
53.215000 -0.108803
53.225000 -0.131655
53.235000 -0.157197
53.245000 -0.179613
53.255000 -0.203447
53.265000 -0.220380
53.275000 -0.248872
53.285000 -0.268413
53.295000 -0.291603
53.305000 -0.314529
53.315000 -0.335871
53.325000 -0.359498
53.335000 -0.381177
53.345000 -0.405961
53.355000 -0.421100
53.365000 -0.447998
53.375000 -0.470715
53.385000 -0.492894
53.395000 -0.512302
53.405000 -0.532675
53.415000 -0.554059
53.425000 -0.567608
53.435000 -0.586181
53.445000 -0.608593
53.455000 -0.626999
53.465000 -0.644317
53.475000 -0.660455
53.485000 -0.666784
53.495000 -0.687090
53.505000 -0.697355
53.515000 -0.708356
53.525000 -0.726535
53.535000 -0.729138
53.545000 -0.732839
53.555000 -0.744589
53.565000 -0.748433
53.575000 -0.752554
53.585000 -0.749861
53.595000 -0.759750
53.605000 -0.753993
53.615000 -0.750798
53.625000 -0.749295
53.635000 -0.742619
53.645000 -0.732965
53.655000 -0.725048
53.665000 -0.706501
53.675000 -0.701968
53.685000 -0.681211
53.695000 -0.670898
53.705000 -0.649625
53.715000 -0.631646
53.725000 -0.609487
53.735000 -0.594202
53.745000 -0.568037
53.755000 -0.544480
53.765000 -0.514351
53.775000 -0.487012
53.785000 -0.459572
53.795000 -0.427759
53.805000 -0.399151
53.815000 -0.364882
53.825000 -0.330601
53.835000 -0.295710
53.845000 -0.258003
53.855000 -0.221709
53.865000 -0.188758
53.875000 -0.145586
53.885000 -0.108194
53.895000 -0.072538
53.905000 -0.034292
53.915000 0.011009
53.925000 0.048087
53.935000 0.078593
53.945000 0.115649
53.955000 0.155067
53.965000 0.195420
53.975000 0.224913
53.985000 0.261560
53.995000 0.300985
54.005000 0.331204
54.015000 0.364568
54.025000 0.387245
54.035000 0.423213
54.045000 0.456242
54.055000 0.472808
54.065000 0.496165
54.075000 0.524514
54.085000 0.548903
54.095000 0.578426
54.105000 0.591885
54.115000 0.612694
54.125000 0.628659
54.135000 0.640053
54.145000 0.656905
54.155000 0.661743
54.165000 0.671899
54.175000 0.679237
54.185000 0.692266
54.195000 0.693455
54.205000 0.696172
54.215000 0.700462
54.225000 0.696420
54.235000 0.696081
54.245000 0.695832
54.255000 0.687200
54.265000 0.684123
54.275000 0.673955
54.285000 0.670687
54.295000 0.662922
54.305000 0.648384
54.315000 0.642418
54.325000 0.627220
54.335000 0.608955
54.345000 0.601770
54.355000 0.589013
54.365000 0.575926
54.375000 0.559352
54.385000 0.545325
54.395000 0.534124
54.405000 0.519528
54.415000 0.499166
54.425000 0.487948
54.435000 0.478677
54.445000 0.458014
54.455000 0.443526
54.465000 0.423406
54.475000 0.414578
54.485000 0.406165
54.495000 0.390677
54.505000 0.374903
54.515000 0.365312
54.525000 0.351015
54.535000 0.333640
54.545000 0.326968
54.555000 0.315588
54.565000 0.310352
54.575000 0.296541
54.585000 0.289108
54.595000 0.274074
54.605000 0.267705
54.615000 0.260726
54.625000 0.255749
54.635000 0.247972
54.645000 0.239817
54.655000 0.230306
54.665000 0.224243
54.675000 0.217664
54.685000 0.213323
54.695000 0.211547
54.705000 0.206828
54.715000 0.202574
54.725000 0.198784
54.735000 0.189245
54.745000 0.191852
54.755000 0.189458
54.765000 0.186081
54.775000 0.181673
54.785000 0.177917
54.795000 0.182018
54.805000 0.177183
54.815000 0.176745
54.825000 0.172046
54.835000 0.172869
54.845000 0.169946
54.855000 0.167864
54.865000 0.171775
54.875000 0.175734
54.885000 0.173930
54.895000 0.171469
54.905000 0.172100
54.915000 0.179668
54.925000 0.179033
54.935000 0.181117
54.945000 0.181606
54.955000 0.183924
54.965000 0.182957
54.975000 0.188138
54.985000 0.196370
54.995000 0.192586
55.005000 0.198051
55.015000 0.204925
55.025000 0.205131
55.035000 0.215155
55.045000 0.209723
55.055000 0.214721
55.065000 0.215208
55.075000 0.220161
55.085000 0.226713
55.095000 0.229270
55.105000 0.235495
55.115000 0.237770
55.125000 0.245410
55.135000 0.251686
55.145000 0.247561
55.155000 0.256664
55.165000 0.253807
55.175000 0.254341
55.185000 0.260668
55.195000 0.267986
55.205000 0.261074
55.215000 0.267309
55.225000 0.267746
55.235000 0.264317
55.245000 0.266781
55.255000 0.261037
55.265000 0.269444
55.275000 0.270021
55.285000 0.264131
55.295000 0.263100
55.305000 0.257016
55.315000 0.249890
55.325000 0.251545
55.335000 0.246304
55.345000 0.242666
55.355000 0.232363
55.365000 0.227491
55.375000 0.222806
55.385000 0.205494
55.395000 0.200943
55.405000 0.192653
55.415000 0.185684
55.425000 0.171142
55.435000 0.155457
55.445000 0.143080
55.455000 0.129276
55.465000 0.115089
55.475000 0.098906
55.485000 0.077175
55.495000 0.067611
55.505000 0.047002
55.515000 0.029418
55.525000 0.012158
55.535000 -0.011651
55.545000 -0.025085
55.555000 -0.052135
55.565000 -0.074548
55.575000 -0.096447
55.585000 -0.118640
55.595000 -0.140794
55.605000 -0.163764
55.615000 -0.189165
55.625000 -0.210301
55.635000 -0.235388
55.645000 -0.264095
55.655000 -0.283643
55.665000 -0.309662
55.675000 -0.340587
55.685000 -0.363489
55.695000 -0.391155
55.705000 -0.413125
55.715000 -0.440717
55.725000 -0.460232
55.735000 -0.484037
55.745000 -0.512514
55.755000 -0.536672
55.765000 -0.556840
55.775000 -0.584253
55.785000 -0.597391
55.795000 -0.623965
55.805000 -0.646787
55.815000 -0.667330
55.825000 -0.683211
55.835000 -0.704342
55.845000 -0.725052
55.855000 -0.735948
55.865000 -0.755337
55.875000 -0.764860
55.885000 -0.777011
55.895000 -0.788452
55.905000 -0.800327
55.915000 -0.807243
55.925000 -0.809006
55.935000 -0.815737
55.945000 -0.820035
55.955000 -0.822950
55.965000 -0.827300
55.975000 -0.827495
55.985000 -0.827308
55.995000 -0.823346
56.005000 -0.808340
56.015000 -0.800692
56.025000 -0.795626
56.035000 -0.782617
56.045000 -0.770658
56.055000 -0.754866
56.065000 -0.741798
56.075000 -0.725758
56.085000 -0.702675
56.095000 -0.686529
56.105000 -0.661181
56.115000 -0.632424
56.125000 -0.606963
56.135000 -0.581254
56.145000 -0.551655
56.155000 -0.520992
56.165000 -0.485236
56.175000 -0.448748
56.185000 -0.418052
56.195000 -0.381494
56.205000 -0.343435
56.215000 -0.299798
56.225000 -0.266512
56.235000 -0.222799
56.245000 -0.179503
56.255000 -0.141859
56.265000 -0.094596
56.275000 -0.051401
56.285000 -0.007614
56.295000 0.041137
56.305000 0.082502
56.315000 0.130227
56.325000 0.178353
56.335000 0.218609
56.345000 0.265323
56.355000 0.310321
56.365000 0.355430
56.375000 0.390063
56.385000 0.439196
56.395000 0.483147
56.405000 0.528363
56.415000 0.569550
56.425000 0.607668
56.435000 0.649749
56.445000 0.679412
56.455000 0.719398
56.465000 0.753179
56.475000 0.789141
56.485000 0.821209
56.495000 0.851118
56.505000 0.880939
56.515000 0.908841
56.525000 0.934580
56.535000 0.965346
56.545000 0.985938
56.555000 1.007405
56.565000 1.026078
56.575000 1.048813
56.585000 1.057306
56.595000 1.072855
56.605000 1.084687
56.615000 1.092028
56.625000 1.101643
56.635000 1.111405
56.645000 1.113530
56.655000 1.114784
56.665000 1.115312
56.675000 1.106066
56.685000 1.101848
56.695000 1.097677
56.705000 1.088614
56.715000 1.077223
56.725000 1.072364
56.735000 1.055201
56.745000 1.042100
56.755000 1.022307
56.765000 1.005996
56.775000 0.988079
56.785000 0.966906
56.795000 0.944852
56.805000 0.927058
56.815000 0.896888
56.825000 0.875826
56.835000 0.850972
56.845000 0.820916
56.855000 0.801671
56.865000 0.773439
56.875000 0.738981
56.885000 0.707569
56.895000 0.685325
56.905000 0.655397
56.915000 0.628664
56.925000 0.598714
56.935000 0.575314
56.945000 0.539606
56.955000 0.508503
56.965000 0.485121
56.975000 0.454434
56.985000 0.420671
56.995000 0.395555
57.005000 0.372961
57.015000 0.344565
57.025000 0.316208
57.035000 0.288472
57.045000 0.255126
57.055000 0.239399
57.065000 0.216748
57.075000 0.193649
57.085000 0.168739
57.095000 0.150984
57.105000 0.124983
57.115000 0.100582
57.125000 0.084168
57.135000 0.069114
57.145000 0.046004
57.155000 0.025959
57.165000 0.010884
57.175000 -0.005710
57.185000 -0.021725
57.195000 -0.037844
57.205000 -0.048744
57.215000 -0.065559
57.225000 -0.082576
57.235000 -0.091538
57.245000 -0.102948
57.255000 -0.114655
57.265000 -0.130034
57.275000 -0.135982
57.285000 -0.142814
57.295000 -0.151752
57.305000 -0.163678
57.315000 -0.170667
57.325000 -0.180009
57.335000 -0.184754
57.345000 -0.186026
57.355000 -0.201253
57.365000 -0.205565
57.375000 -0.210370
57.385000 -0.214198
57.395000 -0.220233
57.405000 -0.219949
57.415000 -0.225547
57.425000 -0.231050
57.435000 -0.235526
57.445000 -0.239220
57.455000 -0.248066
57.465000 -0.253433
57.475000 -0.251639
57.485000 -0.249649
57.495000 -0.252470
57.505000 -0.258286
57.515000 -0.260816
57.525000 -0.258732
57.535000 -0.267796
57.545000 -0.266893
57.555000 -0.272721
57.565000 -0.274130
57.575000 -0.268609
57.585000 -0.272379
57.595000 -0.275856
57.605000 -0.273777
57.615000 -0.271552
57.625000 -0.278329
57.635000 -0.283091
57.645000 -0.286577
57.655000 -0.285980
57.665000 -0.288041
57.675000 -0.286461
57.685000 -0.286407
57.695000 -0.287881
57.705000 -0.286647
57.715000 -0.292607
57.725000 -0.288074
57.735000 -0.292510
57.745000 -0.291476
57.755000 -0.294930
57.765000 -0.298386
57.775000 -0.298095
57.785000 -0.299137
57.795000 -0.300723
57.805000 -0.297327
57.815000 -0.299013
57.825000 -0.302478
57.835000 -0.304069
57.845000 -0.301020
57.855000 -0.299551
57.865000 -0.303515
57.875000 -0.302344
57.885000 -0.305028
57.895000 -0.301931
57.905000 -0.301701
57.915000 -0.305327
57.925000 -0.306434
57.935000 -0.307641
57.945000 -0.307465
57.955000 -0.306201
57.965000 -0.306075
57.975000 -0.306544
57.985000 -0.306469
57.995000 -0.308326
58.005000 -0.304292
58.015000 -0.309915
58.025000 -0.306129
58.035000 -0.301154
58.045000 -0.300043
58.055000 -0.297396
58.065000 -0.287909
58.075000 -0.294928
58.085000 -0.286976
58.095000 -0.283336
58.105000 -0.280093
58.115000 -0.279826
58.125000 -0.274598
58.135000 -0.265498
58.145000 -0.255751
58.155000 -0.258561
58.165000 -0.247173
58.175000 -0.241542
58.185000 -0.237847
58.195000 -0.227941
58.205000 -0.221561
58.215000 -0.218857
58.225000 -0.202485
58.235000 -0.192570
58.245000 -0.180117
58.255000 -0.174374
58.265000 -0.165844
58.275000 -0.151841
58.285000 -0.140022
58.295000 -0.123622
58.305000 -0.114783
58.315000 -0.110372
58.325000 -0.093364
58.335000 -0.075554
58.345000 -0.068646
58.355000 -0.051475
58.365000 -0.038734
58.375000 -0.020407
58.385000 -0.011944
58.395000 0.007937
58.405000 0.018900
58.415000 0.033156
58.425000 0.048863
58.435000 0.067318
58.445000 0.079491
58.455000 0.094014
58.465000 0.111585
58.475000 0.120376
58.485000 0.149888
58.495000 0.159585
58.505000 0.176227
58.515000 0.190376
58.525000 0.208526
58.535000 0.223533
58.545000 0.237095
58.555000 0.257159
58.565000 0.269280
58.575000 0.285554
58.585000 0.298432
58.595000 0.314865
58.605000 0.326650
58.615000 0.344193
58.625000 0.359838
58.635000 0.376440
58.645000 0.385486
58.655000 0.398040
58.665000 0.410196
58.675000 0.422757
58.685000 0.434269
58.695000 0.449141
58.705000 0.458504
58.715000 0.469674
58.725000 0.481048
58.735000 0.497990
58.745000 0.503703
58.755000 0.513581
58.765000 0.519900
58.775000 0.532090
58.785000 0.539867
58.795000 0.543781
58.805000 0.556531
58.815000 0.564163
58.825000 0.571696
58.835000 0.574761
58.845000 0.582095
58.855000 0.588879
58.865000 0.591142
58.875000 0.593957
58.885000 0.604111
58.895000 0.609090
58.905000 0.615879
58.915000 0.616886
58.925000 0.617088
58.935000 0.619351
58.945000 0.617589
58.955000 0.622569
58.965000 0.622617
58.975000 0.622110
58.985000 0.624674
58.995000 0.622907
59.005000 0.621742
59.015000 0.619921
59.025000 0.618553
59.035000 0.613050
59.045000 0.613341
59.055000 0.606977
59.065000 0.601214
59.075000 0.601501
59.085000 0.595128
59.095000 0.582044
59.105000 0.584443
59.115000 0.569281
59.125000 0.563602
59.135000 0.552165
59.145000 0.545116
59.155000 0.534983
59.165000 0.527977
59.175000 0.520261
59.185000 0.511278
59.195000 0.496986
59.205000 0.486781
59.215000 0.475662
59.225000 0.462617
59.235000 0.445926
59.245000 0.433426
59.255000 0.412980
59.265000 0.403453
59.275000 0.386535
59.285000 0.373051
59.295000 0.349084
59.305000 0.340094
59.315000 0.318137
59.325000 0.306047
59.335000 0.286608
59.345000 0.261791
59.355000 0.248922
59.365000 0.232552
59.375000 0.214249
59.385000 0.191833
59.395000 0.174986
59.405000 0.153720
59.415000 0.138431
59.425000 0.117810
59.435000 0.099159
59.445000 0.083394
59.455000 0.057421
59.465000 0.043266
59.475000 0.027075
59.485000 0.007729
59.495000 -0.011676
59.505000 -0.027481
59.515000 -0.043089
59.525000 -0.064598
59.535000 -0.080982
59.545000 -0.095440
59.555000 -0.109447
59.565000 -0.127222
59.575000 -0.138597
59.585000 -0.155215
59.595000 -0.172653
59.605000 -0.181550
59.615000 -0.198186
59.625000 -0.204954
59.635000 -0.217326
59.645000 -0.229244
59.655000 -0.236685
59.665000 -0.247135
59.675000 -0.258660
59.685000 -0.262138
59.695000 -0.270511
59.705000 -0.277512
59.715000 -0.281457
59.725000 -0.290554
59.735000 -0.296799
59.745000 -0.300395
59.755000 -0.302769
59.765000 -0.308103
59.775000 -0.307266
59.785000 -0.314392
59.795000 -0.317437
59.805000 -0.325487
59.815000 -0.321745
59.825000 -0.328319
59.835000 -0.324477
59.845000 -0.324823
59.855000 -0.325783
59.865000 -0.330833
59.875000 -0.326531
59.885000 -0.328058
59.895000 -0.330505
59.905000 -0.325693
59.915000 -0.328706
59.925000 -0.328293
59.935000 -0.329723
59.945000 -0.327879
59.955000 -0.324909
59.965000 -0.326342
59.975000 -0.325830
59.985000 -0.322298
59.995000 -0.321378
60.005000 -0.323378
60.015000 -0.322408
60.025000 -0.317340
60.035000 -0.317139
60.045000 -0.313095
60.055000 -0.313408
60.065000 -0.316952
60.075000 -0.312960
60.085000 -0.308660
60.095000 -0.310925
60.105000 -0.310063
60.115000 -0.308534
60.125000 -0.303053
60.135000 -0.308865
60.145000 -0.301279
60.155000 -0.297235
60.165000 -0.301202
60.175000 -0.291765
60.185000 -0.294861
60.195000 -0.292359
60.205000 -0.291244
60.215000 -0.292340
60.225000 -0.282692
60.235000 -0.284303
60.245000 -0.280052
60.255000 -0.280687
60.265000 -0.277208
60.275000 -0.265908
60.285000 -0.262221
60.295000 -0.266307
60.305000 -0.260561
60.315000 -0.254918
60.325000 -0.243146
60.335000 -0.243062
60.345000 -0.234995
60.355000 -0.225947
60.365000 -0.224163
60.375000 -0.214287
60.385000 -0.205285
60.395000 -0.193188
60.405000 -0.185626
60.415000 -0.172543
60.425000 -0.170032
60.435000 -0.157718
60.445000 -0.143544
60.455000 -0.138139
60.465000 -0.125094
60.475000 -0.112149
60.485000 -0.093676
60.495000 -0.085990
60.505000 -0.071641
60.515000 -0.057029
60.525000 -0.044273
60.535000 -0.027380
60.545000 -0.014100
60.555000 0.001716
60.565000 0.020328
60.575000 0.027363
60.585000 0.047070
60.595000 0.070403
60.605000 0.084224
60.615000 0.097427
60.625000 0.117155
60.635000 0.134145
60.645000 0.147257
60.655000 0.170107
60.665000 0.179447
60.675000 0.203550
60.685000 0.222843
60.695000 0.236908
60.705000 0.253724
60.715000 0.265361
60.725000 0.288509
60.735000 0.303835
60.745000 0.325854
60.755000 0.338648
60.765000 0.357514
60.775000 0.370522
60.785000 0.388516
60.795000 0.401428
60.805000 0.417614
60.815000 0.433960
60.825000 0.446727
60.835000 0.460277
60.845000 0.475804
60.855000 0.493673
60.865000 0.506767
60.875000 0.519448
60.885000 0.525947
60.895000 0.542688
60.905000 0.556003
60.915000 0.561468
60.925000 0.569327
60.935000 0.578072
60.945000 0.590200
60.955000 0.598325
60.965000 0.603432
60.975000 0.607552
60.985000 0.613858
60.995000 0.622197
61.005000 0.625589
61.015000 0.624294
61.025000 0.633156
61.035000 0.631912
61.045000 0.632959
61.055000 0.628273
61.065000 0.628797
61.075000 0.632187
61.085000 0.629216
61.095000 0.628068
61.105000 0.618104
61.115000 0.610952
61.125000 0.612459
61.135000 0.603371
61.145000 0.601013
61.155000 0.592493
61.165000 0.582715
61.175000 0.572882
61.185000 0.564768
61.195000 0.553724
61.205000 0.544766
61.215000 0.530997
61.225000 0.516072
61.235000 0.508303
61.245000 0.497184
61.255000 0.481354
61.265000 0.461387
61.275000 0.449624
61.285000 0.432782
61.295000 0.419073
61.305000 0.404102
61.315000 0.390330
61.325000 0.372730
61.335000 0.352034
61.345000 0.338924
61.355000 0.319419
61.365000 0.299383
61.375000 0.281802
61.385000 0.261174
61.395000 0.244313
61.405000 0.228126
61.415000 0.207634
61.425000 0.192273
61.435000 0.166418
61.445000 0.153299
61.455000 0.136397
61.465000 0.117915
61.475000 0.099584
61.485000 0.083135
61.495000 0.061535
61.505000 0.044862
61.515000 0.026818
61.525000 0.010553
61.535000 -0.004826
61.545000 -0.023941
61.555000 -0.037493
61.565000 -0.050314
61.575000 -0.069764
61.585000 -0.082019
61.595000 -0.093963
61.605000 -0.103966
61.615000 -0.123861
61.625000 -0.131718
61.635000 -0.145996
61.645000 -0.156966
61.655000 -0.166360
61.665000 -0.173179
61.675000 -0.191532
61.685000 -0.198939
61.695000 -0.203347
61.705000 -0.212024
61.715000 -0.215700
61.725000 -0.233342
61.735000 -0.231174
61.745000 -0.238864
61.755000 -0.245766
61.765000 -0.246556
61.775000 -0.250036
61.785000 -0.253043
61.795000 -0.253731
61.805000 -0.261332
61.815000 -0.266932
61.825000 -0.265356
61.835000 -0.264256
61.845000 -0.267538
61.855000 -0.267337
61.865000 -0.264444
61.875000 -0.265249
61.885000 -0.264205
61.895000 -0.261630
61.905000 -0.259055
61.915000 -0.252199
61.925000 -0.251580
61.935000 -0.247842
61.945000 -0.245795
61.955000 -0.239941
61.965000 -0.237366
61.975000 -0.225427
61.985000 -0.223327
61.995000 -0.219586
62.005000 -0.217645
62.015000 -0.203317
62.025000 -0.201692
62.035000 -0.192389
62.045000 -0.190605
62.055000 -0.185060
62.065000 -0.178614
62.075000 -0.168034
62.085000 -0.163546
62.095000 -0.156301
62.105000 -0.148683
62.115000 -0.142390
62.125000 -0.134823
62.135000 -0.121101
62.145000 -0.117244
62.155000 -0.110468
62.165000 -0.097694
62.175000 -0.096116
62.185000 -0.093584
62.195000 -0.083087
62.205000 -0.081721
62.215000 -0.070690
62.225000 -0.065818
62.235000 -0.056164
62.245000 -0.049484
62.255000 -0.041208
62.265000 -0.037608
62.275000 -0.027841
62.285000 -0.020783
62.295000 -0.011703
62.305000 -0.010281
62.315000 -0.004071
62.325000 0.001714
62.335000 0.008723
62.345000 0.010945
62.355000 0.014230
62.365000 0.015865
62.375000 0.021227
62.385000 0.024353
62.395000 0.034083
62.405000 0.032309
62.415000 0.036288
62.425000 0.039840
62.435000 0.046911
62.445000 0.045507
62.455000 0.051139
62.465000 0.053519
62.475000 0.051152
62.485000 0.059612
62.495000 0.055856
62.505000 0.056847
62.515000 0.059972
62.525000 0.062724
62.535000 0.059549
62.545000 0.057281
62.555000 0.063822
62.565000 0.066945
62.575000 0.069268
62.585000 0.067155
62.595000 0.069530
62.605000 0.067522
62.615000 0.065886
62.625000 0.071413
62.635000 0.063466
62.645000 0.069848
62.655000 0.067566
62.665000 0.064533
62.675000 0.067169
62.685000 0.063117
62.695000 0.059276
62.705000 0.059662
62.715000 0.062670
62.725000 0.059253
62.735000 0.057868
62.745000 0.058572
62.755000 0.056381
62.765000 0.055636
62.775000 0.052531
62.785000 0.050282
62.795000 0.049425
62.805000 0.052695
62.815000 0.049476
62.825000 0.046524
62.835000 0.047378
62.845000 0.045549
62.855000 0.041357
62.865000 0.044462
62.875000 0.039891
62.885000 0.042995
62.895000 0.036487
62.905000 0.035293
62.915000 0.042691
62.925000 0.037252
62.935000 0.040621
62.945000 0.041572
62.955000 0.043812
62.965000 0.047127
62.975000 0.043453
62.985000 0.050261
62.995000 0.049758
63.005000 0.053717
63.015000 0.059505
63.025000 0.055610
63.035000 0.058116
63.045000 0.068910
63.055000 0.070233
63.065000 0.073170
63.075000 0.080253
63.085000 0.080929
63.095000 0.089145
63.105000 0.093160
63.115000 0.102779
63.125000 0.106904
63.135000 0.113939
63.145000 0.117849
63.155000 0.124563
63.165000 0.134675
63.175000 0.143171
63.185000 0.147623
63.195000 0.153479
63.205000 0.162248
63.215000 0.172477
63.225000 0.181682
63.235000 0.186031
63.245000 0.197021
63.255000 0.204719
63.265000 0.216524
63.275000 0.220499
63.285000 0.231119
63.295000 0.240336
63.305000 0.250853
63.315000 0.259047
63.325000 0.270541
63.335000 0.276306
63.345000 0.284938
63.355000 0.295248
63.365000 0.303667
63.375000 0.314090
63.385000 0.318346
63.395000 0.323793
63.405000 0.335520
63.415000 0.342702
63.425000 0.348856
63.435000 0.356582
63.445000 0.360517
63.455000 0.368028
63.465000 0.375487
63.475000 0.381483
63.485000 0.385855
63.495000 0.391202
63.505000 0.392756
63.515000 0.396694
63.525000 0.397650
63.535000 0.402511
63.545000 0.404605
63.555000 0.403172
63.565000 0.404017
63.575000 0.406381
63.585000 0.402828
63.595000 0.406276
63.605000 0.400602
63.615000 0.396826
63.625000 0.385443
63.635000 0.391331
63.645000 0.380866
63.655000 0.372842
63.665000 0.372314
63.675000 0.358957
63.685000 0.356032
63.695000 0.346962
63.705000 0.333591
63.715000 0.325545
63.725000 0.313525
63.735000 0.301500
63.745000 0.293605
63.755000 0.278088
63.765000 0.264578
63.775000 0.255201
63.785000 0.242227
63.795000 0.223529
63.805000 0.212068
63.815000 0.196898
63.825000 0.176982
63.835000 0.167140
63.845000 0.152552
63.855000 0.133435
63.865000 0.119762
63.875000 0.106357
63.885000 0.084765
63.895000 0.070966
63.905000 0.054434
63.915000 0.040187
63.925000 0.021733
63.935000 0.006329
63.945000 -0.011429
63.955000 -0.022096
63.965000 -0.041504
63.975000 -0.055949
63.985000 -0.069854
63.995000 -0.084528
64.005000 -0.102596
64.015000 -0.109031
64.025000 -0.122411
64.035000 -0.138146
64.045000 -0.151372
64.055000 -0.161486
64.065000 -0.167175
64.075000 -0.180688
64.085000 -0.193878
64.095000 -0.199906
64.105000 -0.201668
64.115000 -0.212737
64.125000 -0.222660
64.135000 -0.228262
64.145000 -0.236441
64.155000 -0.240242
64.165000 -0.241306
64.175000 -0.247905
64.185000 -0.246233
64.195000 -0.253056
64.205000 -0.251661
64.215000 -0.252733
64.225000 -0.255726
64.235000 -0.254004
64.245000 -0.252997
64.255000 -0.252538
64.265000 -0.247801
64.275000 -0.248496
64.285000 -0.242991
64.295000 -0.238363
64.305000 -0.233845
64.315000 -0.227844
64.325000 -0.218547
64.335000 -0.218475
64.345000 -0.207474
64.355000 -0.200096
64.365000 -0.192167
64.375000 -0.183138
64.385000 -0.178998
64.395000 -0.170461
64.405000 -0.159008
64.415000 -0.152832
64.425000 -0.142805
64.435000 -0.134261
64.445000 -0.123735
64.455000 -0.115903
64.465000 -0.103336
64.475000 -0.092088
64.485000 -0.086948
64.495000 -0.075476
64.505000 -0.069893
64.515000 -0.066788
64.525000 -0.051014
64.535000 -0.044161
64.545000 -0.036039
64.555000 -0.020312
64.565000 -0.014611
64.575000 -0.009186
64.585000 -0.000893
64.595000 0.007567
64.605000 0.017793
64.615000 0.025871
64.625000 0.026833
64.635000 0.033532
64.645000 0.040674
64.655000 0.050025
64.665000 0.048834
64.675000 0.057800
64.685000 0.060805
64.695000 0.074523
64.705000 0.072171
64.715000 0.075231
64.725000 0.078899
64.735000 0.089751
64.745000 0.091320
64.755000 0.091506
64.765000 0.091912
64.775000 0.097073
64.785000 0.103229
64.795000 0.104519
64.805000 0.105422
64.815000 0.113294
64.825000 0.106559
64.835000 0.108953
64.845000 0.112399
64.855000 0.115013
64.865000 0.114859
64.875000 0.116753
64.885000 0.112665
64.895000 0.112008
64.905000 0.115839
64.915000 0.116067
64.925000 0.114798
64.935000 0.119736
64.945000 0.116081
64.955000 0.116583
64.965000 0.117028
64.975000 0.117916
64.985000 0.114587
64.995000 0.118912
65.005000 0.115358
65.015000 0.115687
65.025000 0.118069
65.035000 0.116897
65.045000 0.116335
65.055000 0.121435
65.065000 0.120927
65.075000 0.118528
65.085000 0.118962
65.095000 0.117838
65.105000 0.117880
65.115000 0.118365
65.125000 0.117405
65.135000 0.115942
65.145000 0.113810
65.155000 0.120577
65.165000 0.117219
65.175000 0.119089
65.185000 0.116062
65.195000 0.112755
65.205000 0.113119
65.215000 0.119662
65.225000 0.112342
65.235000 0.113594
65.245000 0.116460
65.255000 0.107239
65.265000 0.109880
65.275000 0.106225
65.285000 0.105187
65.295000 0.107380
65.305000 0.104945
65.315000 0.104963
65.325000 0.099291
65.335000 0.100364
65.345000 0.093739
65.355000 0.094699
65.365000 0.092533
65.375000 0.090253
65.385000 0.093833
65.395000 0.087922
65.405000 0.088652
65.415000 0.083965
65.425000 0.084191
65.435000 0.081063
65.445000 0.081342
65.455000 0.079217
65.465000 0.077313
65.475000 0.077644
65.485000 0.073445
65.495000 0.068238
65.505000 0.070130
65.515000 0.068834
65.525000 0.068766
65.535000 0.065285
65.545000 0.064655
65.555000 0.061954
65.565000 0.063784
65.575000 0.059680
65.585000 0.059044
65.595000 0.056504
65.605000 0.058162
65.615000 0.057018
65.625000 0.056266
65.635000 0.053158
65.645000 0.053916
65.655000 0.057979
65.665000 0.060809
65.675000 0.056183
65.685000 0.059460
65.695000 0.060045
65.705000 0.067528
65.715000 0.069010
65.725000 0.071053
65.735000 0.069615
65.745000 0.073620
65.755000 0.076222
65.765000 0.079722
65.775000 0.085075
65.785000 0.092338
65.795000 0.091345
65.805000 0.094845
65.815000 0.101659
65.825000 0.106958
65.835000 0.113381
65.845000 0.121378
65.855000 0.124318
65.865000 0.128944
65.875000 0.131827
65.885000 0.137521
65.895000 0.140517
65.905000 0.145931
65.915000 0.154103
65.925000 0.155917
65.935000 0.162459
65.945000 0.164441
65.955000 0.168901
65.965000 0.177302
65.975000 0.181087
65.985000 0.186843
65.995000 0.189106
66.005000 0.197850
66.015000 0.202875
66.025000 0.203899
66.035000 0.208473
66.045000 0.212653
66.055000 0.215537
66.065000 0.223270
66.075000 0.223277
66.085000 0.222718
66.095000 0.222102
66.105000 0.230344
66.115000 0.233395
66.125000 0.234414
66.135000 0.234246
66.145000 0.234812
66.155000 0.240120
66.165000 0.236956
66.175000 0.237405
66.185000 0.233277
66.195000 0.230786
66.205000 0.233887
66.215000 0.231845
66.225000 0.227992
66.235000 0.223175
66.245000 0.226273
66.255000 0.222640
66.265000 0.216120
66.275000 0.208748
66.285000 0.204938
66.295000 0.209557
66.305000 0.202234
66.315000 0.196776
66.325000 0.187465
66.335000 0.178490
66.345000 0.173758
66.355000 0.168798
66.365000 0.165874
66.375000 0.156772
66.385000 0.147610
66.395000 0.142751
66.405000 0.136813
66.415000 0.122764
66.425000 0.120278
66.435000 0.108205
66.445000 0.106167
66.455000 0.089378
66.465000 0.084611
66.475000 0.075926
66.485000 0.062356
66.495000 0.055081
66.505000 0.049791
66.515000 0.040920
66.525000 0.032046
66.535000 0.019476
66.545000 0.013377
66.555000 0.002730
66.565000 -0.003319
66.575000 -0.013178
66.585000 -0.018040
66.595000 -0.025235
66.605000 -0.029533
66.615000 -0.037474
66.625000 -0.045816
66.635000 -0.052739
66.645000 -0.060064
66.655000 -0.066653
66.665000 -0.072106
66.675000 -0.082344
66.685000 -0.086267
66.695000 -0.085979
66.705000 -0.096682
66.715000 -0.099245
66.725000 -0.101355
66.735000 -0.107055
66.745000 -0.111106
66.755000 -0.108663
66.765000 -0.113743
66.775000 -0.116033
66.785000 -0.122544
66.795000 -0.126492
66.805000 -0.122857
66.815000 -0.127436
66.825000 -0.127510
66.835000 -0.128841
66.845000 -0.131600
66.855000 -0.128540
66.865000 -0.130046
66.875000 -0.132411
66.885000 -0.132322
66.895000 -0.131549
66.905000 -0.128720
66.915000 -0.130747
66.925000 -0.130491
66.935000 -0.125836
66.945000 -0.126896
66.955000 -0.121041
66.965000 -0.119702
66.975000 -0.117620
66.985000 -0.121200
66.995000 -0.117461
67.005000 -0.113265
67.015000 -0.111472
67.025000 -0.110881
67.035000 -0.112350
67.045000 -0.111017
67.055000 -0.099782
67.065000 -0.102628
67.075000 -0.099522
67.085000 -0.089486
67.095000 -0.089242
67.105000 -0.086766
67.115000 -0.086295
67.125000 -0.084220
67.135000 -0.077906
67.145000 -0.075946
67.155000 -0.076052
67.165000 -0.066697
67.175000 -0.068180
67.185000 -0.059914
67.195000 -0.053998
67.205000 -0.050778
67.215000 -0.048362
67.225000 -0.044167
67.235000 -0.046401
67.245000 -0.041575
67.255000 -0.039677
67.265000 -0.036460
67.275000 -0.031749
67.285000 -0.030771
67.295000 -0.022556
67.305000 -0.022786
67.315000 -0.018879
67.325000 -0.017272
67.335000 -0.014113
67.345000 -0.005953
67.355000 -0.007853
67.365000 -0.001417
67.375000 -0.001422
67.385000 0.005648
67.395000 0.003858
67.405000 0.006555
67.415000 0.012532
67.425000 0.017703
67.435000 0.020227
67.445000 0.021887
67.455000 0.023719
67.465000 0.024053
67.475000 0.027900
67.485000 0.038314
67.495000 0.036226
67.505000 0.039727
67.515000 0.044726
67.525000 0.045806
67.535000 0.053111
67.545000 0.056381
67.555000 0.055384
67.565000 0.062229
67.575000 0.061229
67.585000 0.062709
67.595000 0.071286
67.605000 0.074843
67.615000 0.076842
67.625000 0.084151
67.635000 0.089209
67.645000 0.094094
67.655000 0.093262
67.665000 0.094913
67.675000 0.104477
67.685000 0.109941
67.695000 0.111302
67.705000 0.117632
67.715000 0.118877
67.725000 0.124399
67.735000 0.131194
67.745000 0.138047
67.755000 0.140910
67.765000 0.144004
67.775000 0.149875
67.785000 0.155573
67.795000 0.161735
67.805000 0.166740
67.815000 0.166997
67.825000 0.172812
67.835000 0.177759
67.845000 0.181606
67.855000 0.186669
67.865000 0.193007
67.875000 0.192335
67.885000 0.200759
67.895000 0.202751
67.905000 0.203526
67.915000 0.205807
67.925000 0.211334
67.935000 0.213904
67.945000 0.219142
67.955000 0.224787
67.965000 0.227995
67.975000 0.227663
67.985000 0.233307
67.995000 0.236108
68.005000 0.237863
68.015000 0.240721
68.025000 0.245205
68.035000 0.244403
68.045000 0.246563
68.055000 0.250232
68.065000 0.250822
68.075000 0.254375
68.085000 0.255776
68.095000 0.256596
68.105000 0.259857
68.115000 0.257768
68.125000 0.255968
68.135000 0.258819
68.145000 0.253176
68.155000 0.256026
68.165000 0.256722
68.175000 0.254739
68.185000 0.256306
68.195000 0.252982
68.205000 0.247967
68.215000 0.251276
68.225000 0.248587
68.235000 0.243740
68.245000 0.242969
68.255000 0.241148
68.265000 0.232914
68.275000 0.234586
68.285000 0.233575
68.295000 0.228364
68.305000 0.225834
68.315000 0.219336
68.325000 0.215051
68.335000 0.209947
68.345000 0.203031
68.355000 0.204107
68.365000 0.191875
68.375000 0.189679
68.385000 0.182868
68.395000 0.178331
68.405000 0.177646
68.415000 0.170419
68.425000 0.163129
68.435000 0.162613
68.445000 0.152105
68.455000 0.147669
68.465000 0.139608
68.475000 0.136979
68.485000 0.130255
68.495000 0.127563
68.505000 0.119022
68.515000 0.114980
68.525000 0.110175
68.535000 0.099926
68.545000 0.095818
68.555000 0.090243
68.565000 0.085661
68.575000 0.079555
68.585000 0.076607
68.595000 0.063761
68.605000 0.064673
68.615000 0.058672
68.625000 0.055245
68.635000 0.048712
68.645000 0.037721
68.655000 0.037159
68.665000 0.029854
68.675000 0.025829
68.685000 0.017990
68.695000 0.018534
68.705000 0.007874
68.715000 0.004249
68.725000 0.000446
68.735000 -0.001306
68.745000 -0.010043
68.755000 -0.012034
68.765000 -0.016023
68.775000 -0.019662
68.785000 -0.020132
68.795000 -0.029648
68.805000 -0.030181
68.815000 -0.032595
68.825000 -0.038772
68.835000 -0.043247
68.845000 -0.044963
68.855000 -0.050324
68.865000 -0.050574
68.875000 -0.054353
68.885000 -0.055782
68.895000 -0.056566
68.905000 -0.061056
68.915000 -0.065138
68.925000 -0.063515
68.935000 -0.070601
68.945000 -0.070099
68.955000 -0.073601
68.965000 -0.075750
68.975000 -0.076371
68.985000 -0.079878
68.995000 -0.082446
69.005000 -0.078536
69.015000 -0.080458
69.025000 -0.084150
69.035000 -0.086488
69.045000 -0.085941
69.055000 -0.092292
69.065000 -0.088151
69.075000 -0.093150
69.085000 -0.093551
69.095000 -0.091418
69.105000 -0.090052
69.115000 -0.091047
69.125000 -0.093047
69.135000 -0.098707
69.145000 -0.097937
69.155000 -0.096695
69.165000 -0.098465
69.175000 -0.099529
69.185000 -0.102247
69.195000 -0.101247
69.205000 -0.101192
69.215000 -0.102675
69.225000 -0.102091
69.235000 -0.106887
69.245000 -0.099508
69.255000 -0.105608
69.265000 -0.104143
69.275000 -0.104570
69.285000 -0.105117
69.295000 -0.102590
69.305000 -0.106689
69.315000 -0.102625
69.325000 -0.099804
69.335000 -0.105921
69.345000 -0.099194
69.355000 -0.097441
69.365000 -0.096280
69.375000 -0.092396
69.385000 -0.096035
69.395000 -0.089486
69.405000 -0.092002
69.415000 -0.090609
69.425000 -0.087261
69.435000 -0.088122
69.445000 -0.084123
69.455000 -0.077100
69.465000 -0.078615
69.475000 -0.075981
69.485000 -0.069254
69.495000 -0.070061
69.505000 -0.065707
69.515000 -0.066101
69.525000 -0.065428
69.535000 -0.061788
69.545000 -0.059632
69.555000 -0.062345
69.565000 -0.050690
69.575000 -0.051386
69.585000 -0.046797
69.595000 -0.047317
69.605000 -0.040114
69.615000 -0.039328
69.625000 -0.035869
69.635000 -0.034134
69.645000 -0.025563
69.655000 -0.024660
69.665000 -0.019656
69.675000 -0.015960
69.685000 -0.008337
69.695000 -0.003689
69.705000 -0.002492
69.715000 0.001859
69.725000 0.005852
69.735000 0.009429
69.745000 0.011755
69.755000 0.014676
69.765000 0.019919
69.775000 0.024507
69.785000 0.029334
69.795000 0.033803
69.805000 0.037855
69.815000 0.042265
69.825000 0.043217
69.835000 0.051442
69.845000 0.055554
69.855000 0.063243
69.865000 0.064373
69.875000 0.067828
69.885000 0.071164
69.895000 0.077662
69.905000 0.077775
69.915000 0.084751
69.925000 0.091130
69.935000 0.094406
69.945000 0.099353
69.955000 0.104658
69.965000 0.110920
69.975000 0.112104
69.985000 0.115140
69.995000 0.121521
70.005000 0.128441
70.015000 0.130639
70.025000 0.139891
70.035000 0.135394
70.045000 0.143390
70.055000 0.150073
70.065000 0.152150
70.075000 0.159132
70.085000 0.164559
70.095000 0.168132
70.105000 0.171943
70.115000 0.180902
70.125000 0.182559
70.135000 0.189125
70.145000 0.192997
70.155000 0.202438
70.165000 0.206190
70.175000 0.212578
70.185000 0.215192
70.195000 0.219783
70.205000 0.225752
70.215000 0.228185
70.225000 0.231937
70.235000 0.237727
70.245000 0.241598
70.255000 0.243730
70.265000 0.253659
70.275000 0.256031
70.285000 0.256722
70.295000 0.265393
70.305000 0.268003
70.315000 0.272114
70.325000 0.274304
70.335000 0.276913
70.345000 0.281143
70.355000 0.285613
70.365000 0.287620
70.375000 0.285422
70.385000 0.292654
70.395000 0.295020
70.405000 0.299669
70.415000 0.301073
70.425000 0.298507
70.435000 0.301171
70.445000 0.305939
70.455000 0.305233
70.465000 0.306933
70.475000 0.307428
70.485000 0.302687
70.495000 0.309378
70.505000 0.306199
70.515000 0.307111
70.525000 0.303386
70.535000 0.303693
70.545000 0.301650
70.555000 0.299725
70.565000 0.295028
70.575000 0.295510
70.585000 0.288940
70.595000 0.289539
70.605000 0.284953
70.615000 0.275421
70.625000 0.272759
70.635000 0.269130
70.645000 0.263568
70.655000 0.254988
70.665000 0.252256
70.675000 0.244393
70.685000 0.238699
70.695000 0.233546
70.705000 0.228087
70.715000 0.217012
70.725000 0.211246
70.735000 0.203242
70.745000 0.193302
70.755000 0.183237
70.765000 0.174739
70.775000 0.164546
70.785000 0.156825
70.795000 0.149223
70.805000 0.137808
70.815000 0.126631
70.825000 0.115571
70.835000 0.106381
70.845000 0.095493
70.855000 0.080669
70.865000 0.073221
70.875000 0.060323
70.885000 0.054259
70.895000 0.041776
70.905000 0.032618
70.915000 0.018431
70.925000 0.008296
70.935000 -0.004630
70.945000 -0.017802
70.955000 -0.026376
70.965000 -0.044162
70.975000 -0.047534
70.985000 -0.061512
70.995000 -0.071860
71.005000 -0.080151
71.015000 -0.092265
71.025000 -0.100685
71.035000 -0.108927
71.045000 -0.119841
71.055000 -0.125603
71.065000 -0.136525
71.075000 -0.145510
71.085000 -0.151039
71.095000 -0.161063
71.105000 -0.169512
71.115000 -0.175962
71.125000 -0.184722
71.135000 -0.191543
71.145000 -0.198913
71.155000 -0.202035
71.165000 -0.206131
71.175000 -0.215820
71.185000 -0.220225
71.195000 -0.221655
71.205000 -0.225093
71.215000 -0.232423
71.225000 -0.231488
71.235000 -0.236210
71.245000 -0.239900
71.255000 -0.242923
71.265000 -0.241933
71.275000 -0.242892
71.285000 -0.245555
71.295000 -0.249316
71.305000 -0.248454
71.315000 -0.247714
71.325000 -0.241374
71.335000 -0.244107
71.345000 -0.242030
71.355000 -0.240929
71.365000 -0.240864
71.375000 -0.237937
71.385000 -0.233121
71.395000 -0.228854
71.405000 -0.225135
71.415000 -0.220136
71.425000 -0.217699
71.435000 -0.211664
71.445000 -0.208251
71.455000 -0.201971
71.465000 -0.195081
71.475000 -0.192949
71.485000 -0.185693
71.495000 -0.176116
71.505000 -0.173130
71.515000 -0.165872
71.525000 -0.161115
71.535000 -0.151413
71.545000 -0.141465
71.555000 -0.136891
71.565000 -0.129567
71.575000 -0.116133
71.585000 -0.109418
71.595000 -0.101114
71.605000 -0.098065
71.615000 -0.087314
71.625000 -0.081392
71.635000 -0.072167
71.645000 -0.062268
71.655000 -0.055855
71.665000 -0.046626
71.675000 -0.039538
71.685000 -0.028288
71.695000 -0.021076
71.705000 -0.013250
71.715000 -0.010138
71.725000 0.000811
71.735000 0.009128
71.745000 0.014875
71.755000 0.024541
71.765000 0.032372
71.775000 0.039406
71.785000 0.046380
71.795000 0.052129
71.805000 0.060759
71.815000 0.062463
71.825000 0.075938
71.835000 0.079603
71.845000 0.083760
71.855000 0.094418
71.865000 0.102501
71.875000 0.100399
71.885000 0.108115
71.895000 0.112824
71.905000 0.119067
71.915000 0.124144
71.925000 0.132599
71.935000 0.138536
71.945000 0.139684
71.955000 0.146236
71.965000 0.153279
71.975000 0.154180
71.985000 0.161347
71.995000 0.161385
72.005000 0.165910
72.015000 0.173692
72.025000 0.174036
72.035000 0.176899
72.045000 0.179332
72.055000 0.182810
72.065000 0.184503
72.075000 0.187672
72.085000 0.191025
72.095000 0.194993
72.105000 0.198776
72.115000 0.196649
72.125000 0.199446
72.135000 0.198732
72.145000 0.203190
72.155000 0.203583
72.165000 0.202311
72.175000 0.205288
72.185000 0.201672
72.195000 0.208284
72.205000 0.203000
72.215000 0.203755
72.225000 0.206296
72.235000 0.206617
72.245000 0.209157
72.255000 0.209229
72.265000 0.205352
72.275000 0.205050
72.285000 0.203822
72.295000 0.203703
72.305000 0.205928
72.315000 0.206300
72.325000 0.204325
72.335000 0.202780
72.345000 0.201295
72.355000 0.199315
72.365000 0.199309
72.375000 0.193309
72.385000 0.197254
72.395000 0.196255
72.405000 0.196738
72.415000 0.194685
72.425000 0.190652
72.435000 0.190636
72.445000 0.188515
72.455000 0.185403
72.465000 0.185567
72.475000 0.184122
72.485000 0.180633
72.495000 0.179369
72.505000 0.178227
72.515000 0.177951
72.525000 0.172905
72.535000 0.174421
72.545000 0.167699
72.555000 0.169583
72.565000 0.168431
72.575000 0.166782
72.585000 0.164697
72.595000 0.162238
72.605000 0.159654
72.615000 0.158679
72.625000 0.157268
72.635000 0.156600
72.645000 0.154752
72.655000 0.149429
72.665000 0.147452
72.675000 0.146963
72.685000 0.144673
72.695000 0.148214
72.705000 0.144617
72.715000 0.142135
72.725000 0.138658
72.735000 0.135986
72.745000 0.134926
72.755000 0.135417
72.765000 0.132677
72.775000 0.130991
72.785000 0.125762
72.795000 0.124258
72.805000 0.123871
72.815000 0.125348
72.825000 0.121166
72.835000 0.118972
72.845000 0.117957
72.855000 0.114763
72.865000 0.114616
72.875000 0.113347
72.885000 0.109214
72.895000 0.109186
72.905000 0.107351
72.915000 0.103150
72.925000 0.098261
72.935000 0.096544
72.945000 0.096632
72.955000 0.096345
72.965000 0.090575
72.975000 0.087169
72.985000 0.084633
72.995000 0.082469
73.005000 0.078683
73.015000 0.079943
73.025000 0.074283
73.035000 0.071674
73.045000 0.067629
73.055000 0.067386
73.065000 0.060031
73.075000 0.053297
73.085000 0.055606
73.095000 0.048679
73.105000 0.042935
73.115000 0.041681
73.125000 0.039302
73.135000 0.034174
73.145000 0.028232
73.155000 0.023661
73.165000 0.020898
73.175000 0.019257
73.185000 0.012305
73.195000 0.010722
73.205000 0.002951
73.215000 -0.003323
73.225000 -0.006538
73.235000 -0.008879
73.245000 -0.016725
73.255000 -0.019009
73.265000 -0.026548
73.275000 -0.032590
73.285000 -0.034380
73.295000 -0.042930
73.305000 -0.043349
73.315000 -0.053532
73.325000 -0.059964
73.335000 -0.064208
73.345000 -0.069519
73.355000 -0.072390
73.365000 -0.077393
73.375000 -0.082900
73.385000 -0.089099
73.395000 -0.090727
73.405000 -0.099563
73.415000 -0.101823
73.425000 -0.109788
73.435000 -0.114372
73.445000 -0.121717
73.455000 -0.124299
73.465000 -0.126006
73.475000 -0.130976
73.485000 -0.138082
73.495000 -0.137161
73.505000 -0.142892
73.515000 -0.147621
73.525000 -0.148964
73.535000 -0.151690
73.545000 -0.154293
73.555000 -0.161795
73.565000 -0.157306
73.575000 -0.164813
73.585000 -0.162524
73.595000 -0.166079
73.605000 -0.163039
73.615000 -0.166786
73.625000 -0.166953
73.635000 -0.169385
73.645000 -0.171315
73.655000 -0.170733
73.665000 -0.169900
73.675000 -0.167810
73.685000 -0.171509
73.695000 -0.167849
73.705000 -0.164881
73.715000 -0.163299
73.725000 -0.159892
73.735000 -0.158626
73.745000 -0.154528
73.755000 -0.151627
73.765000 -0.150300
73.775000 -0.146582
73.785000 -0.139021
73.795000 -0.137696
73.805000 -0.133223
73.815000 -0.127300
73.825000 -0.121818
73.835000 -0.116462
73.845000 -0.113753
73.855000 -0.105434
73.865000 -0.100330
73.875000 -0.090686
73.885000 -0.090185
73.895000 -0.080729
73.905000 -0.070703
73.915000 -0.065409
73.925000 -0.058537
73.935000 -0.052484
73.945000 -0.048515
73.955000 -0.041768
73.965000 -0.034326
73.975000 -0.027452
73.985000 -0.018873
73.995000 -0.009787
74.005000 -0.003606
74.015000 0.004850
74.025000 0.010337
74.035000 0.022776
74.045000 0.031804
74.055000 0.037166
74.065000 0.045752
74.075000 0.052759
74.085000 0.061790
74.095000 0.068228
74.105000 0.075426
74.115000 0.084523
74.125000 0.094949
74.135000 0.100061
74.145000 0.105300
74.155000 0.113197
74.165000 0.124007
74.175000 0.126714
74.185000 0.137336
74.195000 0.140612
74.205000 0.146422
74.215000 0.151789
74.225000 0.160703
74.235000 0.161634
74.245000 0.169346
74.255000 0.174015
74.265000 0.179319
74.275000 0.179359
74.285000 0.193920
74.295000 0.191360
74.305000 0.198883
74.315000 0.201394
74.325000 0.200035
74.335000 0.208700
74.345000 0.210131
74.355000 0.212767
74.365000 0.216164
74.375000 0.220766
74.385000 0.220416
74.395000 0.221715
74.405000 0.221934
74.415000 0.226471
74.425000 0.227513
74.435000 0.225567
74.445000 0.227306
74.455000 0.229806
74.465000 0.227856
74.475000 0.234042
74.485000 0.228591
74.495000 0.228862
74.505000 0.228240
74.515000 0.228762
74.525000 0.225720
74.535000 0.225348
74.545000 0.225230
74.555000 0.223136
74.565000 0.219895
74.575000 0.219835
74.585000 0.217354
74.595000 0.212387
74.605000 0.212066
74.615000 0.212190
74.625000 0.205943
74.635000 0.202877
74.645000 0.200893
74.655000 0.200181
74.665000 0.195962
74.675000 0.192059
74.685000 0.189684
74.695000 0.186606
74.705000 0.182696
74.715000 0.179613
74.725000 0.175570
74.735000 0.173248
74.745000 0.168435
74.755000 0.164896
74.765000 0.164354
74.775000 0.158896
74.785000 0.151072
74.795000 0.150204
74.805000 0.148697
74.815000 0.147442
74.825000 0.142226
74.835000 0.138732
74.845000 0.134022
74.855000 0.130970
74.865000 0.125168
74.875000 0.125754
74.885000 0.121098
74.895000 0.116183
74.905000 0.114270
74.915000 0.108583
74.925000 0.106090
74.935000 0.101869
74.945000 0.098732
74.955000 0.092202
74.965000 0.090276
74.975000 0.084444
74.985000 0.081682
74.995000 0.074884
75.005000 0.070772
75.015000 0.069347
75.025000 0.064654
75.035000 0.060919
75.045000 0.058848
75.055000 0.051904
75.065000 0.049764
75.075000 0.045955
75.085000 0.043746
75.095000 0.039292
75.105000 0.033552
75.115000 0.032876
75.125000 0.028285
75.135000 0.023115
75.145000 0.020251
75.155000 0.020593
75.165000 0.015416
75.175000 0.008887
75.185000 0.005950
75.195000 0.001727
75.205000 0.001289
75.215000 -0.001462
75.225000 -0.007362
75.235000 -0.006778
75.245000 -0.011912
75.255000 -0.016792
75.265000 -0.018205
75.275000 -0.019171
75.285000 -0.024058
75.295000 -0.024513
75.305000 -0.024905
75.315000 -0.033400
75.325000 -0.032510
75.335000 -0.037217
75.345000 -0.039032
75.355000 -0.041235
75.365000 -0.040094
75.375000 -0.045647
75.385000 -0.045024
75.395000 -0.052577
75.405000 -0.052666
75.415000 -0.053723
75.425000 -0.061413
75.435000 -0.059769
75.445000 -0.062634
75.455000 -0.065115
75.465000 -0.067856
75.475000 -0.066605
75.485000 -0.069801
75.495000 -0.073772
75.505000 -0.073363
75.515000 -0.070699
75.525000 -0.075257
75.535000 -0.078528
75.545000 -0.077223
75.555000 -0.077660
75.565000 -0.081001
75.575000 -0.079700
75.585000 -0.078916
75.595000 -0.079682
75.605000 -0.083547
75.615000 -0.079734
75.625000 -0.080182
75.635000 -0.080760
75.645000 -0.078370
75.655000 -0.078694
75.665000 -0.080698
75.675000 -0.080895
75.685000 -0.077993
75.695000 -0.077223
75.705000 -0.079751
75.715000 -0.077821
75.725000 -0.077250
75.735000 -0.073900
75.745000 -0.072167
75.755000 -0.071276
75.765000 -0.074913
75.775000 -0.070079
75.785000 -0.072103
75.795000 -0.065911
75.805000 -0.065997
75.815000 -0.062330
75.825000 -0.062159
75.835000 -0.059594
75.845000 -0.060396
75.855000 -0.057510
75.865000 -0.053782
75.875000 -0.053552
75.885000 -0.050862
75.895000 -0.050700
75.905000 -0.045355
75.915000 -0.041695
75.925000 -0.040693
75.935000 -0.035868
75.945000 -0.035646
75.955000 -0.035166
75.965000 -0.030407
75.975000 -0.025584
75.985000 -0.025626
75.995000 -0.022815
76.005000 -0.018967
76.015000 -0.016027
76.025000 -0.011985
76.035000 -0.007424
76.045000 -0.005590
76.055000 -0.001744
76.065000 0.000543
76.075000 0.002959
76.085000 0.009790
76.095000 0.012400
76.105000 0.016698
76.115000 0.021971
76.125000 0.021654
76.135000 0.024391
76.145000 0.028232
76.155000 0.031097
76.165000 0.035717
76.175000 0.036045
76.185000 0.041705
76.195000 0.045348
76.205000 0.050097
76.215000 0.050811
76.225000 0.051720
76.235000 0.059981
76.245000 0.060888
76.255000 0.063876
76.265000 0.066408
76.275000 0.070828
76.285000 0.073880
76.295000 0.076671
76.305000 0.079004
76.315000 0.080490
76.325000 0.084386
76.335000 0.085414
76.345000 0.091003
76.355000 0.093463
76.365000 0.093054
76.375000 0.095512
76.385000 0.099339
76.395000 0.102056
76.405000 0.098707
76.415000 0.104488
76.425000 0.106811
76.435000 0.107176
76.445000 0.108714
76.455000 0.110381
76.465000 0.111134
76.475000 0.111820
76.485000 0.114268
76.495000 0.117824
76.505000 0.117397
76.515000 0.120887
76.525000 0.120979
76.535000 0.120874
76.545000 0.123707
76.555000 0.122162
76.565000 0.124797
76.575000 0.126190
76.585000 0.130262
76.595000 0.125572
76.605000 0.124672
76.615000 0.126713
76.625000 0.129277
76.635000 0.128634
76.645000 0.129429
76.655000 0.127475
76.665000 0.126630
76.675000 0.125196
76.685000 0.126181
76.695000 0.123630
76.705000 0.122517
76.715000 0.126706
76.725000 0.121857
76.735000 0.121918
76.745000 0.123353
76.755000 0.123673
76.765000 0.120191
76.775000 0.118804
76.785000 0.123249
76.795000 0.117598
76.805000 0.115418
76.815000 0.116843
76.825000 0.115119
76.835000 0.114836
76.845000 0.113764
76.855000 0.110132
76.865000 0.110238
76.875000 0.108963
76.885000 0.102305
76.895000 0.103193
76.905000 0.100797
76.915000 0.100696
76.925000 0.096851
76.935000 0.096354
76.945000 0.097496
76.955000 0.091083
76.965000 0.089002
76.975000 0.089680
76.985000 0.088582
76.995000 0.084392
77.005000 0.085196
77.015000 0.082909
77.025000 0.079962
77.035000 0.076947
77.045000 0.077482
77.055000 0.071897
77.065000 0.073086
77.075000 0.071049
77.085000 0.070656
77.095000 0.065588
77.105000 0.067494
77.115000 0.064594
77.125000 0.065708
77.135000 0.059445
77.145000 0.063124
77.155000 0.059491
77.165000 0.058886
77.175000 0.056236
77.185000 0.057802
77.195000 0.055742
77.205000 0.054471
77.215000 0.053527
77.225000 0.053175
77.235000 0.050514
77.245000 0.047850
77.255000 0.046174
77.265000 0.045881
77.275000 0.046839
77.285000 0.044696
77.295000 0.045387
77.305000 0.040732
77.315000 0.039968
77.325000 0.038345
77.335000 0.039822
77.345000 0.039977
77.355000 0.036830
77.365000 0.035661
77.375000 0.033962
77.385000 0.033186
77.395000 0.032408
77.405000 0.032752
77.415000 0.033226
77.425000 0.026892
77.435000 0.029015
77.445000 0.027369
77.455000 0.028432
77.465000 0.025989
77.475000 0.029165
77.485000 0.024072
77.495000 0.027511
77.505000 0.020230
77.515000 0.022541
77.525000 0.018829
77.535000 0.020740
77.545000 0.020068
77.555000 0.019660
77.565000 0.015939
77.575000 0.016453
77.585000 0.015973
77.595000 0.014034
77.605000 0.013418
77.615000 0.013397
77.625000 0.011784
77.635000 0.013084
77.645000 0.007159
77.655000 0.006667
77.665000 0.008824
77.675000 0.005146
77.685000 0.003190
77.695000 0.000170
77.705000 0.000464
77.715000 -0.000636
77.725000 -0.001339
77.735000 -0.003837
77.745000 -0.004411
77.755000 -0.005121
77.765000 -0.005964
77.775000 -0.009598
77.785000 -0.010446
77.795000 -0.012026
77.805000 -0.010752
77.815000 -0.014461
77.825000 -0.014917
77.835000 -0.017169
77.845000 -0.020021
77.855000 -0.020283
77.865000 -0.022475
77.875000 -0.025267
77.885000 -0.022809
77.895000 -0.023544
77.905000 -0.026408
77.915000 -0.025949
77.925000 -0.028618
77.935000 -0.027830
77.945000 -0.030570
77.955000 -0.032047
77.965000 -0.032462
77.975000 -0.035873
77.985000 -0.034294
77.995000 -0.035979
78.005000 -0.035801
78.015000 -0.035158
78.025000 -0.038514
78.035000 -0.034810
78.045000 -0.038769
78.055000 -0.040465
78.065000 -0.037898
78.075000 -0.039864
78.085000 -0.041898
78.095000 -0.038735
78.105000 -0.035773
78.115000 -0.036945
78.125000 -0.039654
78.135000 -0.039296
78.145000 -0.040275
78.155000 -0.039186
78.165000 -0.037833
78.175000 -0.034945
78.185000 -0.036130
78.195000 -0.035514
78.205000 -0.032963
78.215000 -0.032751
78.225000 -0.029134
78.235000 -0.025451
78.245000 -0.027646
78.255000 -0.025569
78.265000 -0.022423
78.275000 -0.021550
78.285000 -0.019810
78.295000 -0.016466
78.305000 -0.013324
78.315000 -0.013526
78.325000 -0.006708
78.335000 -0.008517
78.345000 -0.005846
78.355000 -0.004113
78.365000 -0.003519
78.375000 0.001289
78.385000 0.006164
78.395000 0.008562
78.405000 0.006877
78.415000 0.013758
78.425000 0.016488
78.435000 0.016137
78.445000 0.019736
78.455000 0.025678
78.465000 0.025190
78.475000 0.027446
78.485000 0.031645
78.495000 0.033766
78.505000 0.038834
78.515000 0.041422
78.525000 0.047630
78.535000 0.048205
78.545000 0.051059
78.555000 0.053845
78.565000 0.056362
78.575000 0.058274
78.585000 0.062869
78.595000 0.062632
78.605000 0.065481
78.615000 0.072758
78.625000 0.074531
78.635000 0.075565
78.645000 0.077470
78.655000 0.080381
78.665000 0.082016
78.675000 0.085664
78.685000 0.086894
78.695000 0.087249
78.705000 0.090962
78.715000 0.090373
78.725000 0.096772
78.735000 0.101894
78.745000 0.099891
78.755000 0.104608
78.765000 0.101996
78.775000 0.100659
78.785000 0.102414
78.795000 0.106993
78.805000 0.109217
78.815000 0.105452
78.825000 0.107337
78.835000 0.109557
78.845000 0.107603
78.855000 0.107532
78.865000 0.107728
78.875000 0.108125
78.885000 0.106905
78.895000 0.108915
78.905000 0.108297
78.915000 0.106869
78.925000 0.104294
78.935000 0.107444
78.945000 0.103786
78.955000 0.099250
78.965000 0.104553
78.975000 0.102776
78.985000 0.098436
78.995000 0.097330
79.005000 0.094131
79.015000 0.093897
79.025000 0.090626
79.035000 0.091603
79.045000 0.090555
79.055000 0.089572
79.065000 0.084605
79.075000 0.082200
79.085000 0.082021
79.095000 0.080490
79.105000 0.074838
79.115000 0.077355
79.125000 0.074129
79.135000 0.072050
79.145000 0.070441
79.155000 0.067749
79.165000 0.065798
79.175000 0.064521
79.185000 0.063782
79.195000 0.057702
79.205000 0.058041
79.215000 0.057026
79.225000 0.053237
79.235000 0.055735
79.245000 0.050588
79.255000 0.049025
79.265000 0.048541
79.275000 0.044740
79.285000 0.041478
79.295000 0.039365
79.305000 0.036639
79.315000 0.039870
79.325000 0.033485
79.335000 0.032514
79.345000 0.029915
79.355000 0.029889
79.365000 0.027896
79.375000 0.028069
79.385000 0.027970
79.395000 0.023802
79.405000 0.021733
79.415000 0.021154
79.425000 0.020030
79.435000 0.018498
79.445000 0.018726
79.455000 0.018072
79.465000 0.018094
79.475000 0.019132
79.485000 0.017183
79.495000 0.015640
79.505000 0.014501
79.515000 0.014039
79.525000 0.014187
79.535000 0.013722
79.545000 0.013052
79.555000 0.016047
79.565000 0.014083
79.575000 0.013067
79.585000 0.015515
79.595000 0.015516
79.605000 0.019456
79.615000 0.014561
79.625000 0.017411
79.635000 0.014551
79.645000 0.020322
79.655000 0.017050
79.665000 0.018059
79.675000 0.021108
79.685000 0.019870
79.695000 0.018155
79.705000 0.023037
79.715000 0.021658
79.725000 0.020821
79.735000 0.023591
79.745000 0.024725
79.755000 0.022999
79.765000 0.025492
79.775000 0.026759
79.785000 0.025913
79.795000 0.027381
79.805000 0.027894
79.815000 0.030449
79.825000 0.030414
79.835000 0.027584
79.845000 0.031498
79.855000 0.033504
79.865000 0.032031
79.875000 0.036216
79.885000 0.034808
79.895000 0.033330
79.905000 0.036556
79.915000 0.036985
79.925000 0.036798
79.935000 0.038724
79.945000 0.039217
79.955000 0.039230
79.965000 0.038627
79.975000 0.038432
79.985000 0.039874
79.995000 0.042544
80.005000 0.042412
80.015000 0.041733
80.025000 0.041872
80.035000 0.040301
80.045000 0.039957
80.055000 0.038041
80.065000 0.038514
80.075000 0.038507
80.085000 0.039456
80.095000 0.034045
80.105000 0.036973
80.115000 0.034976
80.125000 0.034414
80.135000 0.034670
80.145000 0.033352
80.155000 0.032989
80.165000 0.028929
80.175000 0.029247
80.185000 0.029221
80.195000 0.028509
80.205000 0.028890
80.215000 0.028517
80.225000 0.027183
80.235000 0.022491
80.245000 0.024715
80.255000 0.019401
80.265000 0.020731
80.275000 0.019113
80.285000 0.018658
80.295000 0.014500
80.305000 0.015412
80.315000 0.014540
80.325000 0.013667
80.335000 0.007785
80.345000 0.008004
80.355000 0.006507
80.365000 0.006928
80.375000 0.003163
80.385000 0.004473
80.395000 0.002693
80.405000 0.000843
80.415000 0.000158
80.425000 -0.000186
80.435000 -0.005270
80.445000 -0.006099
80.455000 -0.006105
80.465000 -0.008998
80.475000 -0.011001
80.485000 -0.010532
80.495000 -0.010614
80.505000 -0.010836
80.515000 -0.016351
80.525000 -0.012865
80.535000 -0.014673
80.545000 -0.016414
80.555000 -0.016920
80.565000 -0.015639
80.575000 -0.017937
80.585000 -0.017760
80.595000 -0.022607
80.605000 -0.017755
80.615000 -0.020130
80.625000 -0.018170
80.635000 -0.020961
80.645000 -0.020175
80.655000 -0.021112
80.665000 -0.017987
80.675000 -0.018307
80.685000 -0.017252
80.695000 -0.018815
80.705000 -0.017418
80.715000 -0.018640
80.725000 -0.015592
80.735000 -0.018059
80.745000 -0.014876
80.755000 -0.014037
80.765000 -0.014234
80.775000 -0.012571
80.785000 -0.011875
80.795000 -0.010835
80.805000 -0.009038
80.815000 -0.006345
80.825000 -0.009243
80.835000 -0.003723
80.845000 -0.003381
80.855000 -0.002349
80.865000 -0.000629
80.875000 0.001712
80.885000 0.003015
80.895000 0.002177
80.905000 0.007000
80.915000 0.009128
80.925000 0.010565
80.935000 0.013313
80.945000 0.015922
80.955000 0.014798
80.965000 0.019408
80.975000 0.020217
80.985000 0.023166
80.995000 0.025562
81.005000 0.023739
81.015000 0.028345
81.025000 0.029769
81.035000 0.034097
81.045000 0.032544
81.055000 0.034586
81.065000 0.038981
81.075000 0.039291
81.085000 0.038146
81.095000 0.043784
81.105000 0.044852
81.115000 0.045571
81.125000 0.046982
81.135000 0.049085
81.145000 0.050493
81.155000 0.052316
81.165000 0.053167
81.175000 0.056443
81.185000 0.055143
81.195000 0.060703
81.205000 0.060995
81.215000 0.063850
81.225000 0.063029
81.235000 0.064287
81.245000 0.064434
81.255000 0.069365
81.265000 0.068677
81.275000 0.069513
81.285000 0.070278
81.295000 0.071388
81.305000 0.072567
81.315000 0.073258
81.325000 0.072351
81.335000 0.077691
81.345000 0.076087
81.355000 0.075800
81.365000 0.080443
81.375000 0.078624
81.385000 0.078819
81.395000 0.078108
81.405000 0.079620
81.415000 0.079114
81.425000 0.079511
81.435000 0.080809
81.445000 0.081063
81.455000 0.078326
81.465000 0.079411
81.475000 0.079103
81.485000 0.077472
81.495000 0.081196
81.505000 0.076570
81.515000 0.076116
81.525000 0.076983
81.535000 0.078405
81.545000 0.075091
81.555000 0.075535
81.565000 0.074376
81.575000 0.072658
81.585000 0.071286
81.595000 0.072071
81.605000 0.071043
81.615000 0.069038
81.625000 0.069121
81.635000 0.068994
81.645000 0.069004
81.655000 0.067688
81.665000 0.065464
81.675000 0.063307
81.685000 0.061706
81.695000 0.062194
81.705000 0.061356
81.715000 0.060028
81.725000 0.057233
81.735000 0.055133
81.745000 0.056311
81.755000 0.057417
81.765000 0.054892
81.775000 0.054529
81.785000 0.054374
81.795000 0.052262
81.805000 0.050148
81.815000 0.051872
81.825000 0.050662
81.835000 0.049520
81.845000 0.046628
81.855000 0.046530
81.865000 0.045801
81.875000 0.047236
81.885000 0.042519
81.895000 0.044371
81.905000 0.041047
81.915000 0.040658
81.925000 0.040266
81.935000 0.038545
81.945000 0.037030
81.955000 0.036634
81.965000 0.037914
81.975000 0.035555
81.985000 0.036342
81.995000 0.033908
82.005000 0.031332
82.015000 0.031064
82.025000 0.031284
82.035000 0.031012
82.045000 0.030879
82.055000 0.027662
82.065000 0.028785
82.075000 0.027245
82.085000 0.026263
82.095000 0.026191
82.105000 0.026397
82.115000 0.021274
82.125000 0.023299
82.135000 0.020344
82.145000 0.021594
82.155000 0.018916
82.165000 0.020233
82.175000 0.021829
82.185000 0.020407
82.195000 0.018071
82.205000 0.016716
82.215000 0.017954
82.225000 0.016454
82.235000 0.016988
82.245000 0.014712
82.255000 0.014961
82.265000 0.015279
82.275000 0.012083
82.285000 0.014434
82.295000 0.013061
82.305000 0.011264
82.315000 0.010870
82.325000 0.009772
82.335000 0.010077
82.345000 0.008061
82.355000 0.007659
82.365000 0.007959
82.375000 0.005937
82.385000 0.004053
82.395000 0.006669
82.405000 0.003937
82.415000 0.005213
82.425000 0.002406
82.435000 0.003538
82.445000 0.003120
82.455000 0.002489
82.465000 0.000730
82.475000 -0.000046
82.485000 -0.000190
82.495000 -0.000688
82.505000 -0.001399
82.515000 -0.002323
82.525000 -0.003461
82.535000 -0.002628
82.545000 -0.005671
82.555000 -0.003573
82.565000 -0.003309
82.575000 -0.007205
82.585000 -0.006240
82.595000 -0.007038
82.605000 -0.008614
82.615000 -0.008923
82.625000 -0.008670
82.635000 -0.009194
82.645000 -0.009861
82.655000 -0.010601
82.665000 -0.010707
82.675000 -0.009404
82.685000 -0.011984
82.695000 -0.011531
82.705000 -0.011080
82.715000 -0.010348
82.725000 -0.013008
82.735000 -0.012773
82.745000 -0.012753
82.755000 -0.010686
82.765000 -0.013283
82.775000 -0.013338
82.785000 -0.011417
82.795000 -0.013384
82.805000 -0.013586
82.815000 -0.012871
82.825000 -0.012016
82.835000 -0.011516
82.845000 -0.012645
82.855000 -0.011724
82.865000 -0.011229
82.875000 -0.009746
82.885000 -0.012014
82.895000 -0.009755
82.905000 -0.009621
82.915000 -0.008285
82.925000 -0.009712
82.935000 -0.008237
82.945000 -0.008322
82.955000 -0.009330
82.965000 -0.007648
82.975000 -0.007809
82.985000 -0.006271
82.995000 -0.007357
83.005000 -0.006744
83.015000 -0.005282
83.025000 -0.004388
83.035000 -0.004631
83.045000 -0.002606
83.055000 -0.000086
83.065000 -0.003099
83.075000 -0.001433
83.085000 0.001011
83.095000 -0.000305
83.105000 0.001994
83.115000 0.002590
83.125000 0.003042
83.135000 0.002641
83.145000 0.004438
83.155000 0.004033
83.165000 0.005756
83.175000 0.008827
83.185000 0.009980
83.195000 0.010137
83.205000 0.011357
83.215000 0.014565
83.225000 0.012302
83.235000 0.017426
83.245000 0.019280
83.255000 0.016585
83.265000 0.019218
83.275000 0.021921
83.285000 0.023272
83.295000 0.023129
83.305000 0.023766
83.315000 0.024543
83.325000 0.028947
83.335000 0.031998
83.345000 0.030139
83.355000 0.032476
83.365000 0.032321
83.375000 0.034584
83.385000 0.037344
83.395000 0.036187
83.405000 0.038090
83.415000 0.039422
83.425000 0.040326
83.435000 0.042652
83.445000 0.043481
83.455000 0.044237
83.465000 0.045277
83.475000 0.046956
83.485000 0.047921
83.495000 0.048814
83.505000 0.051701
83.515000 0.050808
83.525000 0.050056
83.535000 0.054864
83.545000 0.054893
83.555000 0.053993
83.565000 0.054090
83.575000 0.055255
83.585000 0.057132
83.595000 0.056725
83.605000 0.057457
83.615000 0.059187
83.625000 0.058631
83.635000 0.061429
83.645000 0.061513
83.655000 0.061666
83.665000 0.062317
83.675000 0.063752
83.685000 0.064972
83.695000 0.063975
83.705000 0.063048
83.715000 0.063619
83.725000 0.062330
83.735000 0.063756
83.745000 0.067611
83.755000 0.065244
83.765000 0.064806
83.775000 0.064867
83.785000 0.067214
83.795000 0.065483
83.805000 0.066826
83.815000 0.065592
83.825000 0.065357
83.835000 0.067053
83.845000 0.067030
83.855000 0.068866
83.865000 0.068553
83.875000 0.067737
83.885000 0.066919
83.895000 0.069465
83.905000 0.066208
83.915000 0.065957
83.925000 0.066492
83.935000 0.064661
83.945000 0.065049
83.955000 0.063788
83.965000 0.065104
83.975000 0.061688
83.985000 0.062857
83.995000 0.063954
84.005000 0.061032
84.015000 0.062125
84.025000 0.060491
84.035000 0.059500
84.045000 0.060300
84.055000 0.059592
84.065000 0.056442
84.075000 0.058099
84.085000 0.056021
84.095000 0.056741
84.105000 0.054156
84.115000 0.052862
84.125000 0.053576
84.135000 0.052277
84.145000 0.051551
84.155000 0.051254
84.165000 0.048010
84.175000 0.047852
84.185000 0.047981
84.195000 0.045879
84.205000 0.044494
84.215000 0.043322
84.225000 0.041646
84.235000 0.043490
84.245000 0.041953
84.255000 0.038975
84.265000 0.039160
84.275000 0.036033
84.285000 0.036502
84.295000 0.034018
84.305000 0.033692
84.315000 0.034083
84.325000 0.030729
84.335000 0.029676
84.345000 0.029989
84.355000 0.026196
84.365000 0.027730
84.375000 0.024292
84.385000 0.024453
84.395000 0.022091
84.405000 0.021600
84.415000 0.019954
84.425000 0.020468
84.435000 0.019755
84.445000 0.017310
84.455000 0.014646
84.465000 0.012917
84.475000 0.011186
84.485000 0.010462
84.495000 0.010602
84.505000 0.009081
84.515000 0.005177
84.525000 0.007403
84.535000 0.004144
84.545000 0.002541
84.555000 0.002742
84.565000 -0.000092
84.575000 0.000177
84.585000 -0.000062
84.595000 -0.002180
84.605000 -0.003290
84.615000 -0.003607
84.625000 -0.004937
84.635000 -0.004391
84.645000 -0.006665
84.655000 -0.008146
84.665000 -0.008689
84.675000 -0.010536
84.685000 -0.009277
84.695000 -0.011055
84.705000 -0.014355
84.715000 -0.015126
84.725000 -0.014597
84.735000 -0.016095
84.745000 -0.015715
84.755000 -0.018085
84.765000 -0.017708
84.775000 -0.020228
84.785000 -0.021303
84.795000 -0.022162
84.805000 -0.022734
84.815000 -0.021643
84.825000 -0.023957
84.835000 -0.023376
84.845000 -0.023449
84.855000 -0.024755
84.865000 -0.026208
84.875000 -0.027156
84.885000 -0.027454
84.895000 -0.025435
84.905000 -0.028346
84.915000 -0.026765
84.925000 -0.028158
84.935000 -0.029118
84.945000 -0.029428
84.955000 -0.027491
84.965000 -0.026209
84.975000 -0.027902
84.985000 -0.027348
84.995000 -0.027957
85.005000 -0.029367
85.015000 -0.028165
85.025000 -0.028272
85.035000 -0.027437
85.045000 -0.026459
85.055000 -0.025845
85.065000 -0.026685
85.075000 -0.024840
85.085000 -0.023432
85.095000 -0.024351
85.105000 -0.023382
85.115000 -0.022633
85.125000 -0.020869
85.135000 -0.021359
85.145000 -0.018289
85.155000 -0.018928
85.165000 -0.019641
85.175000 -0.014904
85.185000 -0.015984
85.195000 -0.015248
85.205000 -0.015024
85.215000 -0.013200
85.225000 -0.011961
85.235000 -0.007957
85.245000 -0.009777
85.255000 -0.007595
85.265000 -0.006726
85.275000 -0.004547
85.285000 -0.004991
85.295000 -0.001359
85.305000 -0.000787
85.315000 0.000293
85.325000 0.002245
85.335000 0.004051
85.345000 0.003378
85.355000 0.007512
85.365000 0.008220
85.375000 0.010894
85.385000 0.012620
85.395000 0.011647
85.405000 0.013369
85.415000 0.015381
85.425000 0.016517
85.435000 0.019475
85.445000 0.021191
85.455000 0.020863
85.465000 0.023744
85.475000 0.026258
85.485000 0.026145
85.495000 0.027926
85.505000 0.028758
85.515000 0.031194
85.525000 0.032387
85.535000 0.034820
85.545000 0.034623
85.555000 0.037783
85.565000 0.038970
85.575000 0.039498
85.585000 0.041267
85.595000 0.042084
85.605000 0.042315
85.615000 0.046344
85.625000 0.047302
85.635000 0.047090
85.645000 0.049726
85.655000 0.051191
85.665000 0.051046
85.675000 0.053825
85.685000 0.053457
85.695000 0.055867
85.705000 0.057837
85.715000 0.056073
85.725000 0.057381
85.735000 0.058395
85.745000 0.058967
85.755000 0.062100
85.765000 0.060693
85.775000 0.062651
85.785000 0.061387
85.795000 0.063855
85.805000 0.062659
85.815000 0.064172
85.825000 0.064364
85.835000 0.066240
85.845000 0.065183
85.855000 0.065443
85.865000 0.065848
85.875000 0.066031
85.885000 0.067459
85.895000 0.066686
85.905000 0.067597
85.915000 0.067039
85.925000 0.065893
85.935000 0.064671
85.945000 0.066162
85.955000 0.066550
85.965000 0.065469
85.975000 0.063946
85.985000 0.063521
85.995000 0.062507
86.005000 0.063914
86.015000 0.063923
86.025000 0.062096
86.035000 0.060853
86.045000 0.062032
86.055000 0.061079
86.065000 0.059904
86.075000 0.057918
86.085000 0.057326
86.095000 0.057761
86.105000 0.055622
86.115000 0.055244
86.125000 0.052659
86.135000 0.053012
86.145000 0.051084
86.155000 0.049742
86.165000 0.049649
86.175000 0.045213
86.185000 0.046071
86.195000 0.043837
86.205000 0.044692
86.215000 0.041717
86.225000 0.041170
86.235000 0.041282
86.245000 0.041098
86.255000 0.037526
86.265000 0.037043
86.275000 0.035822
86.285000 0.034378
86.295000 0.034699
86.305000 0.032661
86.315000 0.031358
86.325000 0.028136
86.335000 0.028081
86.345000 0.028245
86.355000 0.027744
86.365000 0.027167
86.375000 0.026440
86.385000 0.024753
86.395000 0.021441
86.405000 0.023805
86.415000 0.022185
86.425000 0.020194
86.435000 0.019233
86.445000 0.018639
86.455000 0.017158
86.465000 0.015452
86.475000 0.014852
86.485000 0.014250
86.495000 0.013424
86.505000 0.011783
86.515000 0.010806
86.525000 0.012189
86.535000 0.011576
86.545000 0.010592
86.555000 0.007537
86.565000 0.008987
86.575000 0.008366
86.585000 0.004713
86.595000 0.005049
86.605000 0.004273
86.615000 0.004753
86.625000 0.002347
86.635000 0.002009
86.645000 0.000708
86.655000 -0.000300
86.665000 0.000836
86.675000 0.000342
86.685000 -0.001116
86.695000 -0.002354
86.705000 -0.001892
86.715000 -0.002394
86.725000 -0.003713
86.735000 -0.003849
86.745000 -0.004949
86.755000 -0.004126
86.765000 -0.004787
86.775000 -0.005820
86.785000 -0.004558
86.795000 -0.006484
86.805000 -0.007079
86.815000 -0.006341
86.825000 -0.007903
86.835000 -0.007985
86.845000 -0.009478
86.855000 -0.008896
86.865000 -0.009800
86.875000 -0.008777
86.885000 -0.009462
86.895000 -0.009704
86.905000 -0.009800
86.915000 -0.010639
86.925000 -0.010145
86.935000 -0.009653
86.945000 -0.011241
86.955000 -0.010307
86.965000 -0.008782
86.975000 -0.012752
86.985000 -0.010116
86.995000 -0.010303
87.005000 -0.011607
87.015000 -0.011055
87.025000 -0.011620
87.035000 -0.011147
87.045000 -0.008892
87.055000 -0.011618
87.065000 -0.011597
87.075000 -0.010759
87.085000 -0.012154
87.095000 -0.011692
87.105000 -0.010117
87.115000 -0.010105
87.125000 -0.010913
87.135000 -0.010533
87.145000 -0.009188
87.155000 -0.011192
87.165000 -0.009999
87.175000 -0.009925
87.185000 -0.008661
87.195000 -0.009409
87.205000 -0.008893
87.215000 -0.009049
87.225000 -0.007941
87.235000 -0.009814
87.245000 -0.008338
87.255000 -0.007906
87.265000 -0.005837
87.275000 -0.006898
87.285000 -0.004907
87.295000 -0.006346
87.305000 -0.006221
87.315000 -0.007142
87.325000 -0.005381
87.335000 -0.006455
87.345000 -0.004325
87.355000 -0.003241
87.365000 -0.003575
87.375000 -0.002643
87.385000 -0.001415
87.395000 -0.002650
87.405000 -0.002097
87.415000 -0.001023
87.425000 -0.000250
87.435000 0.001044
87.445000 0.001441
87.455000 0.002433
87.465000 0.001109
87.475000 0.003292
87.485000 0.002562
87.495000 0.004144
87.505000 0.005277
87.515000 0.004390
87.525000 0.004847
87.535000 0.005974
87.545000 0.007174
87.555000 0.007327
87.565000 0.007701
87.575000 0.008821
87.585000 0.009566
87.595000 0.009636
87.605000 0.010078
87.615000 0.011864
87.625000 0.012751
87.635000 0.012888
87.645000 0.016091
87.655000 0.015177
87.665000 0.016806
87.675000 0.017983
87.685000 0.017587
87.695000 0.018387
87.705000 0.020832
87.715000 0.020730
87.725000 0.023023
87.735000 0.022992
87.745000 0.024607
87.755000 0.024872
87.765000 0.026408
87.775000 0.027419
87.785000 0.027303
87.795000 0.028310
87.805000 0.029016
87.815000 0.029270
87.825000 0.031021
87.835000 0.031496
87.845000 0.032119
87.855000 0.033190
87.865000 0.034185
87.875000 0.034653
87.885000 0.035043
87.895000 0.035582
87.905000 0.036120
87.915000 0.037330
87.925000 0.039590
87.935000 0.037420
87.945000 0.039150
87.955000 0.040805
87.965000 0.041406
87.975000 0.041029
87.985000 0.042303
87.995000 0.042448
88.005000 0.042891
88.015000 0.044460
88.025000 0.042871
88.035000 0.044586
88.045000 0.045323
88.055000 0.045081
88.065000 0.047092
88.075000 0.045492
88.085000 0.045620
88.095000 0.046798
88.105000 0.047825
88.115000 0.047871
88.125000 0.046487
88.135000 0.049012
88.145000 0.046420
88.155000 0.045630
88.165000 0.046043
88.175000 0.045325
88.185000 0.046939
88.195000 0.046066
88.205000 0.044965
88.215000 0.045971
88.225000 0.045318
88.235000 0.046771
88.245000 0.046717
88.255000 0.044551
88.265000 0.043286
88.275000 0.043527
88.285000 0.043087
88.295000 0.043700
88.305000 0.043106
88.315000 0.042132
88.325000 0.042137
88.335000 0.041913
88.345000 0.041310
88.355000 0.039648
88.365000 0.038815
88.375000 0.039487
88.385000 0.039857
88.395000 0.036753
88.405000 0.037344
88.415000 0.035971
88.425000 0.034823
88.435000 0.033672
88.445000 0.033576
88.455000 0.033402
88.465000 0.034737
88.475000 0.032142
88.485000 0.029696
88.495000 0.030269
88.505000 0.029858
88.515000 0.026045
88.525000 0.026914
88.535000 0.026875
88.545000 0.024641
88.555000 0.024068
88.565000 0.021452
88.575000 0.022991
88.585000 0.020143
88.595000 0.018276
88.605000 0.019507
88.615000 0.017559
88.625000 0.017576
88.635000 0.015094
88.645000 0.015258
88.655000 0.013831
88.665000 0.014142
88.675000 0.012029
88.685000 0.011125
88.695000 0.011127
88.705000 0.009915
88.715000 0.008323
88.725000 0.007637
88.735000 0.006873
88.745000 0.005880
88.755000 0.004202
88.765000 0.002750
88.775000 0.002280
88.785000 0.001202
88.795000 -0.000333
88.805000 -0.000203
88.815000 -0.000302
88.825000 0.000279
88.835000 0.000176
88.845000 -0.002053
88.855000 -0.003450
88.865000 -0.005077
88.875000 -0.003672
88.885000 -0.005607
88.895000 -0.005495
88.905000 -0.008042
88.915000 -0.006417
88.925000 -0.006994
88.935000 -0.008334
88.945000 -0.009827
88.955000 -0.009424
88.965000 -0.009023
88.975000 -0.010447
88.985000 -0.009747
88.995000 -0.009884
89.005000 -0.010403
89.015000 -0.010696
89.025000 -0.010231
89.035000 -0.010604
89.045000 -0.010903
89.055000 -0.010064
89.065000 -0.011736
89.075000 -0.011738
89.085000 -0.010525
89.095000 -0.012355
89.105000 -0.011754
89.115000 -0.010319
89.125000 -0.009950
89.135000 -0.012550
89.145000 -0.011348
89.155000 -0.012964
89.165000 -0.012452
89.175000 -0.011484
89.185000 -0.010442
89.195000 -0.011914
89.205000 -0.010952
89.215000 -0.010906
89.225000 -0.009948
89.235000 -0.009372
89.245000 -0.009408
89.255000 -0.009141
89.265000 -0.008648
89.275000 -0.007927
89.285000 -0.008581
89.295000 -0.006721
89.305000 -0.006312
89.315000 -0.006743
89.325000 -0.007405
89.335000 -0.005781
89.345000 -0.004922
89.355000 -0.005132
89.365000 -0.004200
89.375000 -0.003575
89.385000 -0.003945
89.395000 -0.005003
89.405000 -0.002399
89.415000 -0.001630
89.425000 -0.001931
89.435000 -0.000478
89.445000 0.000057
89.455000 -0.000402
89.465000 0.001045
89.475000 0.001040
89.485000 0.001491
89.495000 0.002321
89.505000 0.002616
89.515000 0.003137
89.525000 0.003809
89.535000 0.004709
89.545000 0.005378
89.555000 0.007038
89.565000 0.007397
89.575000 0.006913
89.585000 0.007421
89.595000 0.008156
89.605000 0.009043
89.615000 0.008321
89.625000 0.008362
89.635000 0.011538
89.645000 0.010427
89.655000 0.010156
89.665000 0.011797
89.675000 0.012670
89.685000 0.012393
89.695000 0.013492
89.705000 0.014283
89.715000 0.014229
89.725000 0.014863
89.735000 0.015189
89.745000 0.015053
89.755000 0.015604
89.765000 0.017303
89.775000 0.017237
89.785000 0.018703
89.795000 0.019017
89.805000 0.018025
89.815000 0.019485
89.825000 0.018642
89.835000 0.018718
89.845000 0.020249
89.855000 0.021471
89.865000 0.019700
89.875000 0.020764
89.885000 0.021751
89.895000 0.022121
89.905000 0.021799
89.915000 0.021705
89.925000 0.021686
89.935000 0.022202
89.945000 0.023023
89.955000 0.022153
89.965000 0.023354
89.975000 0.022940
89.985000 0.023216
89.995000 0.023950
90.005000 0.025144
90.015000 0.022954
90.025000 0.023145
90.035000 0.024025
90.045000 0.024519
90.055000 0.023935
90.065000 0.024040
90.075000 0.024451
90.085000 0.023861
90.095000 0.025114
90.105000 0.025134
90.115000 0.024460
90.125000 0.024630
90.135000 0.025183
90.145000 0.024580
90.155000 0.025744
90.165000 0.025060
90.175000 0.024296
90.185000 0.024222
90.195000 0.024455
90.205000 0.025456
90.215000 0.024914
90.225000 0.025526
90.235000 0.025442
90.245000 0.025279
90.255000 0.025038
90.265000 0.025102
90.275000 0.023700
90.285000 0.024607
90.295000 0.024511
90.305000 0.024567
90.315000 0.024775
90.325000 0.024749
90.335000 0.023565
90.345000 0.022841
90.355000 0.024429
90.365000 0.024241
90.375000 0.023048
90.385000 0.023781
90.395000 0.021735
90.405000 0.022541
90.415000 0.023500
90.425000 0.022604
90.435000 0.023173
90.445000 0.022582
90.455000 0.022452
90.465000 0.022088
90.475000 0.022417
90.485000 0.022048
90.495000 0.020828
90.505000 0.019760
90.515000 0.020467
90.525000 0.020476
90.535000 0.019479
90.545000 0.019097
90.555000 0.019564
90.565000 0.018715
90.575000 0.019641
90.585000 0.018632
90.595000 0.017776
90.605000 0.018310
90.615000 0.017294
90.625000 0.018056
90.635000 0.016263
90.645000 0.017097
90.655000 0.015918
90.665000 0.015511
90.675000 0.015952
90.685000 0.015076
90.695000 0.014584
90.705000 0.014246
90.715000 0.013827
90.725000 0.014413
90.735000 0.014378
90.745000 0.014495
90.755000 0.014300
90.765000 0.012089
90.775000 0.011657
90.785000 0.011766
90.795000 0.011717
90.805000 0.011667
90.815000 0.011924
90.825000 0.010396
90.835000 0.009796
90.845000 0.008806
90.855000 0.009753
90.865000 0.008293
90.875000 0.008538
90.885000 0.008935
90.895000 0.008400
90.905000 0.008095
90.915000 0.007865
90.925000 0.007401
90.935000 0.006235
90.945000 0.007707
90.955000 0.006226
90.965000 0.006064
90.975000 0.005821
90.985000 0.006197
90.995000 0.005018
91.005000 0.004925
91.015000 0.004595
91.025000 0.005274
91.035000 0.005174
91.045000 0.004916
91.055000 0.004579
91.065000 0.003617
91.075000 0.003430
91.085000 0.003397
91.095000 0.003361
91.105000 0.004335
91.115000 0.003906
91.125000 0.002309
91.135000 0.002109
91.145000 0.001596
91.155000 0.002559
91.165000 0.002275
91.175000 0.001522
91.185000 0.002790
91.195000 0.002111
91.205000 0.001273
91.215000 0.001056
91.225000 0.001460
91.235000 0.000693
91.245000 -0.000075
91.255000 -0.000223
91.265000 -0.000295
91.275000 0.000020
91.285000 0.000801
91.295000 0.000021
91.305000 -0.000138
91.315000 0.000403
91.325000 0.000474
91.335000 -0.000627
91.345000 0.001155
91.355000 -0.001042
91.365000 -0.000121
91.375000 -0.000295
91.385000 -0.000237
91.395000 0.000365
91.405000 0.000419
91.415000 -0.000544
91.425000 0.000364
91.435000 -0.000681
91.445000 -0.000636
91.455000 -0.000514
91.465000 -0.000395
91.475000 -0.000356
91.485000 -0.000242
91.495000 -0.000754
91.505000 -0.000956
91.515000 -0.000066
91.525000 -0.000038
91.535000 0.001160
91.545000 0.000012
91.555000 0.000503
91.565000 0.000366
91.575000 0.000384
91.585000 0.001885
91.595000 0.000960
91.605000 0.001206
91.615000 0.001528
91.625000 0.000987
91.635000 0.001383
91.645000 0.002559
91.655000 0.002168
91.665000 0.003028
91.675000 0.002398
91.685000 0.003331
91.695000 0.002541
91.705000 0.003940
91.715000 0.003927
91.725000 0.005244
91.735000 0.004210
91.745000 0.006071
91.755000 0.004562
91.765000 0.004618
91.775000 0.006473
91.785000 0.005741
91.795000 0.007200
91.805000 0.007718
91.815000 0.006744
91.825000 0.008433
91.835000 0.007846
91.845000 0.008042
91.855000 0.009803
91.865000 0.008348
91.875000 0.008145
91.885000 0.008645
91.895000 0.008046
91.905000 0.009405
91.915000 0.009036
91.925000 0.008508
91.935000 0.008842
91.945000 0.009565
91.955000 0.009894
91.965000 0.009593
91.975000 0.009682
91.985000 0.010162
91.995000 0.010796
92.005000 0.009387
92.015000 0.010724
92.025000 0.011274
92.035000 0.010015
92.045000 0.011032
92.055000 0.010240
92.065000 0.009366
92.075000 0.011085
92.085000 0.011936
92.095000 0.012472
92.105000 0.012297
92.115000 0.011413
92.125000 0.011312
92.135000 0.011839
92.145000 0.011577
92.155000 0.011470
92.165000 0.011125
92.175000 0.011879
92.185000 0.012002
92.195000 0.012595
92.205000 0.012241
92.215000 0.011964
92.225000 0.012314
92.235000 0.012111
92.245000 0.011748
92.255000 0.012801
92.265000 0.012355
92.275000 0.013876
92.285000 0.013032
92.295000 0.013919
92.305000 0.014252
92.315000 0.012771
92.325000 0.013966
92.335000 0.013426
92.345000 0.013436
92.355000 0.013285
92.365000 0.013605
92.375000 0.013608
92.385000 0.014397
92.395000 0.014159
92.405000 0.014471
92.415000 0.014781
92.425000 0.013195
92.435000 0.014842
92.445000 0.014592
92.455000 0.014104
92.465000 0.013851
92.475000 0.014779
92.485000 0.014758
92.495000 0.014182
92.505000 0.014156
92.515000 0.014365
92.525000 0.015204
92.535000 0.014540
92.545000 0.014190
92.555000 0.014706
92.565000 0.014035
92.575000 0.014073
92.585000 0.013635
92.595000 0.013352
92.605000 0.013542
92.615000 0.013887
92.625000 0.013203
92.635000 0.012753
92.645000 0.013962
92.655000 0.013903
92.665000 0.014080
92.675000 0.013146
92.685000 0.013318
92.695000 0.013172
92.705000 0.012310
92.715000 0.012555
92.725000 0.012322
92.735000 0.011692
92.745000 0.011851
92.755000 0.012561
92.765000 0.012162
92.775000 0.011997
92.785000 0.012306
92.795000 0.011582
92.805000 0.009906
92.815000 0.009890
92.825000 0.010190
92.835000 0.010487
92.845000 0.010148
92.855000 0.010045
92.865000 0.008909
92.875000 0.010387
92.885000 0.009405
92.895000 0.009451
92.905000 0.009337
92.915000 0.008903
92.925000 0.009577
92.935000 0.007948
92.945000 0.007825
92.955000 0.008017
92.965000 0.007016
92.975000 0.008076
92.985000 0.007388
92.995000 0.008126
93.005000 0.006640
93.015000 0.007453
93.025000 0.006835
93.035000 0.006771
93.045000 0.007181
93.055000 0.006636
93.065000 0.007757
93.075000 0.007286
93.085000 0.006734
93.095000 0.006100
93.105000 0.005305
93.115000 0.005541
93.125000 0.005218
93.135000 0.006085
93.145000 0.004962
93.155000 0.004235
93.165000 0.004460
93.175000 0.003887
93.185000 0.005459
93.195000 0.004404
93.205000 0.004222
93.215000 0.004595
93.225000 0.004806
93.235000 0.004458
93.245000 0.003949
93.255000 0.003358
93.265000 0.004118
93.275000 0.003920
93.285000 0.003720
93.295000 0.003836
93.305000 0.003631
93.315000 0.004142
93.325000 0.003295
93.335000 0.004120
93.345000 0.004065
93.355000 0.003451
93.365000 0.002994
93.375000 0.003013
93.385000 0.002949
93.395000 0.003522
93.405000 0.003613
93.415000 0.003065
93.425000 0.002913
93.435000 0.002998
93.445000 0.003959
93.455000 0.003800
93.465000 0.002921
93.475000 0.002917
93.485000 0.003470
93.495000 0.003542
93.505000 0.002414
93.515000 0.003679
93.525000 0.003344
93.535000 0.002848
93.545000 0.003069
93.555000 0.003047
93.565000 0.003423
93.575000 0.003077
93.585000 0.003129
93.595000 0.002699
93.605000 0.002985
93.615000 0.002870
93.625000 0.003792
93.635000 0.003593
93.645000 0.002992
93.655000 0.003667
93.665000 0.002821
93.675000 0.002613
93.685000 0.003202
93.695000 0.003549
93.705000 0.003493
93.715000 0.003516
93.725000 0.004016
93.735000 0.003154
93.745000 0.004370
93.755000 0.003263
93.765000 0.003755
93.775000 0.003844
93.785000 0.003050
93.795000 0.003775
93.805000 0.003697
93.815000 0.004098
93.825000 0.004897
93.835000 0.003530
93.845000 0.004405
93.855000 0.004556
93.865000 0.004144
93.875000 0.004612
93.885000 0.004596
93.895000 0.004658
93.905000 0.004157
93.915000 0.004776
93.925000 0.004270
93.935000 0.004644
93.945000 0.004855
93.955000 0.004824
93.965000 0.004710
93.975000 0.004433
93.985000 0.004315
93.995000 0.005718
94.005000 0.005194
94.015000 0.005390
94.025000 0.004941
94.035000 0.005052
94.045000 0.005643
94.055000 0.004866
94.065000 0.004809
94.075000 0.005072
94.085000 0.005573
94.095000 0.005189
94.105000 0.005123
94.115000 0.005136
94.125000 0.005468
94.135000 0.005395
94.145000 0.005964
94.155000 0.005646
94.165000 0.005647
94.175000 0.006048
94.185000 0.005000
94.195000 0.005074
94.205000 0.005951
94.215000 0.005700
94.225000 0.005768
94.235000 0.005592
94.245000 0.005736
94.255000 0.004912
94.265000 0.005454
94.275000 0.005269
94.285000 0.005404
94.295000 0.005457
94.305000 0.005828
94.315000 0.006198
94.325000 0.006566
94.335000 0.005804
94.345000 0.005764
94.355000 0.005400
94.365000 0.006242
94.375000 0.006437
94.385000 0.005824
94.395000 0.006659
94.405000 0.006042
94.415000 0.006147
94.425000 0.006412
94.435000 0.006432
94.445000 0.006289
94.455000 0.006305
94.465000 0.005835
94.475000 0.005604
94.485000 0.005371
94.495000 0.006587
94.505000 0.006672
94.515000 0.006513
94.525000 0.006190
94.535000 0.006591
94.545000 0.006264
94.555000 0.006257
94.565000 0.006086
94.575000 0.005994
94.585000 0.006222
94.595000 0.006044
94.605000 0.006268
94.615000 0.006328
94.625000 0.006062
94.635000 0.006360
94.645000 0.006171
94.655000 0.006464
94.665000 0.006109
94.675000 0.005751
94.685000 0.006764
94.695000 0.005917
94.705000 0.006441
94.715000 0.005912
94.725000 0.005705
94.735000 0.006303
94.745000 0.006657
94.755000 0.006038
94.765000 0.005982
94.775000 0.006006
94.785000 0.006027
94.795000 0.006288
94.805000 0.006628
94.815000 0.005428
94.825000 0.006006
94.835000 0.006987
94.845000 0.005375
94.855000 0.005947
94.865000 0.005302
94.875000 0.005950
94.885000 0.005948
94.895000 0.006753
94.905000 0.005856
94.915000 0.006171
94.925000 0.006241
94.935000 0.005903
94.945000 0.006535
94.955000 0.006598
94.965000 0.006902
94.975000 0.006798
94.985000 0.006449
94.995000 0.006178
95.005000 0.006554
95.015000 0.007171
95.025000 0.006001
95.035000 0.006451
95.045000 0.006331
95.055000 0.006452
95.065000 0.006246
95.075000 0.006768
95.085000 0.006476
95.095000 0.006425
95.105000 0.006372
95.115000 0.006155
95.125000 0.005935
95.135000 0.006525
95.145000 0.007193
95.155000 0.006804
95.165000 0.005925
95.175000 0.006749
95.185000 0.006190
95.195000 0.005791
95.205000 0.006040
95.215000 0.006937
95.225000 0.005637
95.235000 0.006204
95.245000 0.006769
95.255000 0.006193
95.265000 0.005859
95.275000 0.005848
95.285000 0.005753
95.295000 0.005818
95.305000 0.005231
95.315000 0.005698
95.325000 0.005594
95.335000 0.005081
95.345000 0.005378
95.355000 0.004942
95.365000 0.005235
95.375000 0.005363
95.385000 0.004919
95.395000 0.004961
95.405000 0.005164
95.415000 0.005039
95.425000 0.004422
95.435000 0.004455
95.445000 0.004893
95.455000 0.004513
95.465000 0.004539
95.475000 0.004237
95.485000 0.004502
95.495000 0.004929
95.505000 0.003641
95.515000 0.003981
95.525000 0.004564
95.535000 0.004165
95.545000 0.004172
95.555000 0.003688
95.565000 0.003527
95.575000 0.003609
95.585000 0.004177
95.595000 0.003438
95.605000 0.003268
95.615000 0.003504
95.625000 0.003492
95.635000 0.003151
95.645000 0.003217
95.655000 0.003198
95.665000 0.002850
95.675000 0.003480
95.685000 0.003372
95.695000 0.003344
95.705000 0.003069
95.715000 0.003118
95.725000 0.002674
95.735000 0.003127
95.745000 0.003250
95.755000 0.002554
95.765000 0.002673
95.775000 0.003198
95.785000 0.003067
95.795000 0.003179
95.805000 0.003207
95.815000 0.003068
95.825000 0.002846
95.835000 0.003030
95.845000 0.002394
95.855000 0.002656
95.865000 0.002506
95.875000 0.002681
95.885000 0.002853
95.895000 0.002205
95.905000 0.002700
95.915000 0.002293
95.925000 0.002128
95.935000 0.002453
95.945000 0.002284
95.955000 0.001949
95.965000 0.002184
95.975000 0.001517
95.985000 0.001748
95.995000 0.002222
96.005000 0.002039
96.015000 0.001689
96.025000 0.001665
96.035000 0.001966
96.045000 0.001363
96.055000 0.002152
96.065000 0.001872
96.075000 0.002328
96.085000 0.002208
96.095000 0.002003
96.105000 0.001632
96.115000 0.002243
96.125000 0.002523
96.135000 0.001817
96.145000 0.002174
96.155000 0.002366
96.165000 0.001980
96.175000 0.001838
96.185000 0.002104
96.195000 0.002450
96.205000 0.002219
96.215000 0.002068
96.225000 0.001996
96.235000 0.002498
96.245000 0.002010
96.255000 0.002507
96.265000 0.002179
96.275000 0.002671
96.285000 0.002339
96.295000 0.002497
96.305000 0.002324
96.315000 0.002396
96.325000 0.002300
96.335000 0.002285
96.345000 0.002349
96.355000 0.002658
96.365000 0.002224
96.375000 0.002199
96.385000 0.002418
96.395000 0.002388
96.405000 0.002191
96.415000 0.002321
96.425000 0.002531
96.435000 0.002245
96.445000 0.002615
96.455000 0.002735
96.465000 0.002277
96.475000 0.002558
96.485000 0.002836
96.495000 0.002535
96.505000 0.002726
96.515000 0.002997
96.525000 0.002937
96.535000 0.002791
96.545000 0.002808
96.555000 0.003069
96.565000 0.002917
96.575000 0.002514
96.585000 0.002934
96.595000 0.002691
96.605000 0.002941
96.615000 0.002776
96.625000 0.002856
96.635000 0.003099
96.645000 0.002845
96.655000 0.003000
96.665000 0.002741
96.675000 0.003304
96.685000 0.003122
96.695000 0.002773
96.705000 0.002587
96.715000 0.003058
96.725000 0.002619
96.735000 0.003168
96.745000 0.002972
96.755000 0.003269
96.765000 0.002903
96.775000 0.003195
96.785000 0.003237
96.795000 0.002946
96.805000 0.003397
96.815000 0.003184
96.825000 0.003299
96.835000 0.003329
96.845000 0.003108
96.855000 0.003216
96.865000 0.003239
96.875000 0.003425
96.885000 0.003857
96.895000 0.003459
96.905000 0.003720
96.915000 0.003483
96.925000 0.003657
96.935000 0.003249
96.945000 0.003501
96.955000 0.003502
96.965000 0.003666
96.975000 0.003415
96.985000 0.003574
96.995000 0.003897
97.005000 0.003721
97.015000 0.003210
97.025000 0.003278
97.035000 0.003177
97.045000 0.003488
97.055000 0.003630
97.065000 0.003439
97.075000 0.003577
97.085000 0.002884
97.095000 0.003266
97.105000 0.003646
97.115000 0.003442
97.125000 0.003237
97.135000 0.003609
97.145000 0.003150
97.155000 0.003434
97.165000 0.003219
97.175000 0.003001
97.185000 0.003030
97.195000 0.002724
97.205000 0.003412
97.215000 0.002769
97.225000 0.003037
97.235000 0.002887
97.245000 0.002984
97.255000 0.002581
97.265000 0.002590
97.275000 0.002846
97.285000 0.002684
97.295000 0.002769
97.305000 0.002603
97.315000 0.002600
97.325000 0.002844
97.335000 0.002753
97.345000 0.002244
97.355000 0.002481
97.365000 0.002382
97.375000 0.002781
97.385000 0.002678
97.395000 0.002489
97.405000 0.002630
97.415000 0.002686
97.425000 0.002490
97.435000 0.002209
97.445000 0.002340
97.455000 0.002387
97.465000 0.002430
97.475000 0.002056
97.485000 0.002344
97.495000 0.002381
97.505000 0.002248
97.515000 0.002280
97.525000 0.002059
97.535000 0.002086
97.545000 0.001944
97.555000 0.002132
97.565000 0.002235
97.575000 0.002585
97.585000 0.001933
97.595000 0.002279
97.605000 0.002205
97.615000 0.001796
97.625000 0.002467
97.635000 0.001886
97.645000 0.002386
97.655000 0.002217
97.665000 0.001962
97.675000 0.002121
97.685000 0.002028
97.695000 0.002266
97.705000 0.001918
97.715000 0.001984
97.725000 0.002131
97.735000 0.001859
97.745000 0.001917
97.755000 0.002057
97.765000 0.002111
97.775000 0.001662
97.785000 0.002129
97.795000 0.001507
97.805000 0.001886
97.815000 0.001593
97.825000 0.001633
97.835000 0.001670
97.845000 0.001620
97.855000 0.001652
97.865000 0.001765
97.875000 0.001542
97.885000 0.001650
97.895000 0.001589
97.905000 0.001525
97.915000 0.001542
97.925000 0.001975
97.935000 0.001318
97.945000 0.001579
97.955000 0.001419
97.965000 0.001591
97.975000 0.001343
97.985000 0.001594
97.995000 0.001424
98.005000 0.001503
98.015000 0.001663
98.025000 0.001653
98.035000 0.001390
98.045000 0.001543
98.055000 0.001191
98.065000 0.001422
98.075000 0.001484
98.085000 0.001376
98.095000 0.001181
98.105000 0.001319
98.115000 0.001287
98.125000 0.001420
98.135000 0.001216
98.145000 0.001427
98.155000 0.001218
98.165000 0.001341
98.175000 0.001211
98.185000 0.001078
98.195000 0.000858
98.205000 0.001139
98.215000 0.001082
98.225000 0.001107
98.235000 0.001045
98.245000 0.001149
98.255000 0.001250
98.265000 0.001181
98.275000 0.001025
98.285000 0.001035
98.295000 0.000959
98.305000 0.001215
98.315000 0.000882
98.325000 0.001050
98.335000 0.000879
98.345000 0.000958
98.355000 0.001035
98.365000 0.001109
98.375000 0.000928
98.385000 0.000913
98.395000 0.001064
98.405000 0.001380
98.415000 0.001105
98.425000 0.000912
98.435000 0.000969
98.445000 0.000939
98.455000 0.000991
98.465000 0.000956
98.475000 0.001003
98.485000 0.001215
98.495000 0.001089
98.505000 0.000876
98.515000 0.001249
98.525000 0.000863
98.535000 0.000895
98.545000 0.001008
98.555000 0.001035
98.565000 0.000976
98.575000 0.000913
98.585000 0.000933
98.595000 0.000950
98.605000 0.000964
98.615000 0.001060
98.625000 0.001070
98.635000 0.000993
98.645000 0.000997
98.655000 0.000831
98.665000 0.001083
98.675000 0.000911
98.685000 0.001074
98.695000 0.001151
98.705000 0.001056
98.715000 0.001127
98.725000 0.001028
98.735000 0.000925
98.745000 0.001158
98.755000 0.001219
98.765000 0.001194
98.775000 0.001081
98.785000 0.001135
98.795000 0.001102
98.805000 0.001151
98.815000 0.001113
98.825000 0.001242
98.835000 0.001199
98.845000 0.001069
98.855000 0.001190
98.865000 0.001139
98.875000 0.001086
98.885000 0.001115
98.895000 0.001141
98.905000 0.001165
98.915000 0.001271
98.925000 0.001206
98.935000 0.001222
98.945000 0.001236
98.955000 0.001332
98.965000 0.001256
98.975000 0.001178
98.985000 0.001267
98.995000 0.001183
99.005000 0.001098
99.015000 0.001263
99.025000 0.001257
99.035000 0.001333
99.045000 0.001237
99.055000 0.001139
99.065000 0.001207
99.075000 0.001104
99.085000 0.001252
99.095000 0.001143
99.105000 0.001202
99.115000 0.001173
99.125000 0.000972
99.135000 0.001108
99.145000 0.000902
99.155000 0.001117
99.165000 0.001076
99.175000 0.001116
99.185000 0.001070
99.195000 0.000936
99.205000 0.001054
99.215000 0.001000
99.225000 0.001113
99.235000 0.001054
99.245000 0.000992
99.255000 0.001013
99.265000 0.000861
99.275000 0.000877
99.285000 0.000890
99.295000 0.000900
99.305000 0.000823
99.315000 0.000829
99.325000 0.000747
99.335000 0.000832
99.345000 0.000745
99.355000 0.000825
99.365000 0.000733
99.375000 0.000808
99.385000 0.000796
99.395000 0.000781
99.405000 0.000679
99.415000 0.000659
99.425000 0.000637
99.435000 0.000697
99.445000 0.000584
99.455000 0.000639
99.465000 0.000691
99.475000 0.000571
99.485000 0.000619
99.495000 0.000578
99.505000 0.000621
99.515000 0.000575
99.525000 0.000528
99.535000 0.000647
99.545000 0.000594
99.555000 0.000624
99.565000 0.000566
99.575000 0.000590
99.585000 0.000527
99.595000 0.000547
99.605000 0.000478
99.615000 0.000578
99.625000 0.000505
99.635000 0.000429
99.645000 0.000435
99.655000 0.000440
99.665000 0.000441
99.675000 0.000440
99.685000 0.000522
99.695000 0.000431
99.705000 0.000422
99.715000 0.000411
99.725000 0.000397
99.735000 0.000381
99.745000 0.000447
99.755000 0.000426
99.765000 0.000402
99.775000 0.000376
99.785000 0.000432
99.795000 0.000400
99.805000 0.000452
99.815000 0.000415
99.825000 0.000376
99.835000 0.000419
99.845000 0.000375
99.855000 0.000413
99.865000 0.000364
99.875000 0.000397
99.885000 0.000428
99.895000 0.000371
99.905000 0.000396
99.915000 0.000334
99.925000 0.000355
99.935000 0.000287
99.945000 0.000303
99.955000 0.000315
99.965000 0.000240
99.975000 0.000248
99.985000 0.000253
99.995000 0.000170
